timestamp,open,high,low,close,volume,ticker
2024-12-18 09:15:00+05:30,472.7,473.8,472.1,472.75,439140,ITC
2024-12-18 09:16:00+05:30,472.5,473.0,471.5,472.05,133855,ITC
2024-12-18 09:17:00+05:30,472.2,472.3,471.55,472.1,65002,ITC
2024-12-18 09:18:00+05:30,472.1,472.1,471.0,471.55,49940,ITC
2024-12-18 09:19:00+05:30,471.55,471.85,471.05,471.85,49372,ITC
2024-12-18 09:20:00+05:30,471.6,472.45,471.05,472.15,62526,ITC
2024-12-18 09:21:00+05:30,472.4,472.8,471.9,472.6,83978,ITC
2024-12-18 09:22:00+05:30,472.8,472.8,471.85,472.45,53194,ITC
2024-12-18 09:23:00+05:30,472.25,472.5,472.0,472.45,32478,ITC
2024-12-18 09:24:00+05:30,472.45,472.5,472.0,472.35,50381,ITC
2024-12-18 09:25:00+05:30,472.05,472.35,470.8,470.9,158908,ITC
2024-12-18 09:26:00+05:30,470.9,471.35,470.7,471.2,32488,ITC
2024-12-18 09:27:00+05:30,471.2,471.65,471.05,471.35,32462,ITC
2024-12-18 09:28:00+05:30,471.1,471.35,470.8,470.95,54028,ITC
2024-12-18 09:29:00+05:30,471.0,471.15,470.8,470.95,27296,ITC
2024-12-18 09:30:00+05:30,471.0,471.1,470.6,470.75,28927,ITC
2024-12-18 09:31:00+05:30,470.75,471.0,470.75,470.9,16938,ITC
2024-12-18 09:32:00+05:30,470.9,471.0,470.75,471.0,29567,ITC
2024-12-18 09:33:00+05:30,471.0,471.0,470.55,470.7,41492,ITC
2024-12-18 09:34:00+05:30,470.85,471.0,470.5,470.85,17391,ITC
2024-12-18 09:35:00+05:30,470.85,471.0,470.65,470.75,22416,ITC
2024-12-18 09:36:00+05:30,470.6,471.0,470.6,470.85,30053,ITC
2024-12-18 09:37:00+05:30,470.85,471.15,470.75,471.0,80737,ITC
2024-12-18 09:38:00+05:30,471.0,471.0,470.3,470.8,32036,ITC
2024-12-18 09:39:00+05:30,470.55,471.0,470.5,471.0,10796,ITC
2024-12-18 09:40:00+05:30,471.0,471.15,470.85,471.0,120227,ITC
2024-12-18 09:41:00+05:30,471.0,471.0,470.85,471.0,14492,ITC
2024-12-18 09:42:00+05:30,471.0,471.0,470.8,470.95,20785,ITC
2024-12-18 09:43:00+05:30,470.95,471.0,470.6,471.0,30659,ITC
2024-12-18 09:44:00+05:30,470.8,471.0,470.75,471.0,178217,ITC
2024-12-18 09:45:00+05:30,471.0,471.3,470.8,470.85,153591,ITC
2024-12-18 09:46:00+05:30,470.95,471.0,470.6,470.85,53757,ITC
2024-12-18 09:47:00+05:30,470.95,471.0,470.65,471.0,23931,ITC
2024-12-18 09:48:00+05:30,471.0,471.0,470.7,471.0,15985,ITC
2024-12-18 09:49:00+05:30,470.95,471.0,470.8,471.0,45005,ITC
2024-12-18 09:50:00+05:30,471.0,471.0,470.9,471.0,59400,ITC
2024-12-18 09:51:00+05:30,470.9,471.0,470.7,471.0,40134,ITC
2024-12-18 09:52:00+05:30,470.85,471.0,470.35,470.7,42432,ITC
2024-12-18 09:53:00+05:30,470.7,470.75,470.2,470.2,25819,ITC
2024-12-18 09:54:00+05:30,470.25,470.5,470.15,470.2,10858,ITC
2024-12-18 09:55:00+05:30,470.25,470.4,469.6,469.65,67731,ITC
2024-12-18 09:56:00+05:30,469.75,469.8,469.55,469.65,26566,ITC
2024-12-18 09:57:00+05:30,469.65,469.65,469.15,469.2,35521,ITC
2024-12-18 09:58:00+05:30,469.2,469.3,469.0,469.2,15966,ITC
2024-12-18 09:59:00+05:30,469.2,469.35,469.1,469.2,30536,ITC
2024-12-18 10:00:00+05:30,469.25,469.5,468.45,468.55,70026,ITC
2024-12-18 10:01:00+05:30,468.55,469.15,468.4,468.9,27060,ITC
2024-12-18 10:02:00+05:30,468.9,469.45,468.6,469.25,18797,ITC
2024-12-18 10:03:00+05:30,469.2,469.2,468.8,468.95,14657,ITC
2024-12-18 10:04:00+05:30,468.9,469.0,468.4,468.65,49557,ITC
2024-12-18 10:05:00+05:30,468.65,468.9,468.4,468.8,23772,ITC
2024-12-18 10:06:00+05:30,468.8,469.0,468.6,468.85,16842,ITC
2024-12-18 10:07:00+05:30,468.85,469.45,468.65,469.3,92758,ITC
2024-12-18 10:08:00+05:30,469.3,469.3,468.55,468.85,29676,ITC
2024-12-18 10:09:00+05:30,468.85,468.95,468.3,468.95,61193,ITC
2024-12-18 10:10:00+05:30,468.95,468.95,468.2,468.5,43996,ITC
2024-12-18 10:11:00+05:30,468.5,468.65,468.15,468.6,14815,ITC
2024-12-18 10:12:00+05:30,468.55,468.8,468.35,468.65,7749,ITC
2024-12-18 10:13:00+05:30,468.75,469.1,468.55,469.0,14596,ITC
2024-12-18 10:14:00+05:30,469.1,469.1,468.65,468.8,12989,ITC
2024-12-18 10:15:00+05:30,468.8,468.85,468.5,468.7,16811,ITC
2024-12-18 10:16:00+05:30,468.7,469.05,468.55,468.95,8457,ITC
2024-12-18 10:17:00+05:30,468.9,469.0,468.6,468.95,10784,ITC
2024-12-18 10:18:00+05:30,468.9,468.95,468.65,468.8,6812,ITC
2024-12-18 10:19:00+05:30,468.75,468.85,468.6,468.85,9752,ITC
2024-12-18 10:20:00+05:30,468.85,469.1,468.7,468.95,11361,ITC
2024-12-18 10:21:00+05:30,468.95,469.0,468.55,468.85,12617,ITC
2024-12-18 10:22:00+05:30,468.85,469.45,468.7,469.45,30347,ITC
2024-12-18 10:23:00+05:30,469.45,470.0,469.3,469.8,43477,ITC
2024-12-18 10:24:00+05:30,469.8,469.95,469.65,469.95,10004,ITC
2024-12-18 10:25:00+05:30,469.95,469.95,469.45,469.55,15166,ITC
2024-12-18 10:26:00+05:30,469.55,469.55,469.0,469.45,37066,ITC
2024-12-18 10:27:00+05:30,469.4,469.45,469.15,469.35,3916,ITC
2024-12-18 10:28:00+05:30,469.45,469.7,469.35,469.7,9010,ITC
2024-12-18 10:29:00+05:30,469.7,469.75,469.5,469.55,8889,ITC
2024-12-18 10:30:00+05:30,469.55,469.75,469.5,469.75,9378,ITC
2024-12-18 10:31:00+05:30,469.75,470.0,469.7,470.0,25547,ITC
2024-12-18 10:32:00+05:30,470.0,470.0,469.8,470.0,24945,ITC
2024-12-18 10:33:00+05:30,470.0,470.0,469.8,470.0,17669,ITC
2024-12-18 10:34:00+05:30,470.0,470.15,469.75,470.0,33713,ITC
2024-12-18 10:35:00+05:30,469.8,470.0,469.75,469.75,9747,ITC
2024-12-18 10:36:00+05:30,469.75,470.0,469.75,469.9,12435,ITC
2024-12-18 10:37:00+05:30,469.95,470.0,469.8,469.95,8955,ITC
2024-12-18 10:38:00+05:30,470.0,470.0,469.8,470.0,17889,ITC
2024-12-18 10:39:00+05:30,470.0,470.5,469.9,470.4,23022,ITC
2024-12-18 10:40:00+05:30,470.5,470.8,470.3,470.8,19478,ITC
2024-12-18 10:41:00+05:30,470.7,471.0,470.4,470.5,73709,ITC
2024-12-18 10:42:00+05:30,470.6,470.9,470.55,470.75,24703,ITC
2024-12-18 10:43:00+05:30,470.7,470.9,470.5,470.85,20608,ITC
2024-12-18 10:44:00+05:30,470.9,471.15,470.75,471.0,36551,ITC
2024-12-18 10:45:00+05:30,471.0,471.1,470.8,471.05,30375,ITC
2024-12-18 10:46:00+05:30,471.1,471.2,470.55,470.55,50028,ITC
2024-12-18 10:47:00+05:30,470.6,470.8,470.55,470.7,9532,ITC
2024-12-18 10:48:00+05:30,470.65,470.75,470.35,470.5,23097,ITC
2024-12-18 10:49:00+05:30,470.6,470.6,470.05,470.25,9574,ITC
2024-12-18 10:50:00+05:30,470.3,470.3,470.0,470.15,10601,ITC
2024-12-18 10:51:00+05:30,470.2,470.2,469.7,469.9,18995,ITC
2024-12-18 10:52:00+05:30,469.95,470.25,469.8,470.25,9738,ITC
2024-12-18 10:53:00+05:30,470.25,470.45,470.1,470.45,9636,ITC
2024-12-18 10:54:00+05:30,470.4,470.6,470.25,470.55,4400,ITC
2024-12-18 10:55:00+05:30,470.55,470.6,470.3,470.3,14114,ITC
2024-12-18 10:56:00+05:30,470.3,470.5,470.15,470.15,8356,ITC
2024-12-18 10:57:00+05:30,470.15,470.25,469.85,470.1,10861,ITC
2024-12-18 10:58:00+05:30,470.1,470.1,469.55,469.7,15625,ITC
2024-12-18 10:59:00+05:30,469.7,469.8,469.45,469.6,9271,ITC
2024-12-18 11:00:00+05:30,469.75,470.0,469.65,469.75,3884,ITC
2024-12-18 11:01:00+05:30,469.95,470.0,469.6,469.95,13920,ITC
2024-12-18 11:02:00+05:30,469.95,470.0,469.7,469.75,5716,ITC
2024-12-18 11:03:00+05:30,469.85,469.95,469.5,469.95,6445,ITC
2024-12-18 11:04:00+05:30,469.8,470.0,469.8,469.95,6045,ITC
2024-12-18 11:05:00+05:30,469.95,470.0,469.7,469.95,5211,ITC
2024-12-18 11:06:00+05:30,469.95,470.0,469.55,469.7,7584,ITC
2024-12-18 11:07:00+05:30,469.7,469.75,469.4,469.6,8538,ITC
2024-12-18 11:08:00+05:30,469.45,469.7,469.2,469.6,17013,ITC
2024-12-18 11:09:00+05:30,469.55,469.75,469.2,469.2,44835,ITC
2024-12-18 11:10:00+05:30,469.4,469.5,469.2,469.45,9916,ITC
2024-12-18 11:11:00+05:30,469.45,469.5,469.25,469.5,3850,ITC
2024-12-18 11:12:00+05:30,469.5,469.95,469.4,469.65,10427,ITC
2024-12-18 11:13:00+05:30,469.75,469.95,469.5,469.9,7439,ITC
2024-12-18 11:14:00+05:30,469.95,469.95,469.15,469.45,66697,ITC
2024-12-18 11:15:00+05:30,469.45,469.7,469.3,469.5,7446,ITC
2024-12-18 11:16:00+05:30,469.55,469.65,469.2,469.5,19142,ITC
2024-12-18 11:17:00+05:30,469.45,469.8,469.1,469.15,38347,ITC
2024-12-18 11:18:00+05:30,469.2,469.5,469.1,469.5,15185,ITC
2024-12-18 11:19:00+05:30,469.5,469.7,469.3,469.55,14246,ITC
2024-12-18 11:20:00+05:30,469.55,469.8,469.35,469.7,2502,ITC
2024-12-18 11:21:00+05:30,469.65,470.0,469.65,469.95,6677,ITC
2024-12-18 11:22:00+05:30,470.0,470.0,469.6,469.6,7761,ITC
2024-12-18 11:23:00+05:30,469.8,469.95,469.6,469.9,5505,ITC
2024-12-18 11:24:00+05:30,469.9,470.0,469.75,469.9,5757,ITC
2024-12-18 11:25:00+05:30,469.95,470.0,469.75,469.95,3870,ITC
2024-12-18 11:26:00+05:30,469.95,470.25,469.75,470.0,15803,ITC
2024-12-18 11:27:00+05:30,470.0,470.15,469.7,469.8,13908,ITC
2024-12-18 11:28:00+05:30,469.8,470.05,469.65,470.0,5177,ITC
2024-12-18 11:29:00+05:30,470.0,470.15,469.8,469.8,5811,ITC
2024-12-18 11:30:00+05:30,469.8,470.0,469.65,470.0,9211,ITC
2024-12-18 11:31:00+05:30,470.0,470.0,469.8,470.0,2922,ITC
2024-12-18 11:32:00+05:30,469.9,470.0,469.8,470.0,3395,ITC
2024-12-18 11:33:00+05:30,469.9,470.2,469.85,470.1,3415,ITC
2024-12-18 11:34:00+05:30,470.1,470.2,469.85,470.0,8725,ITC
2024-12-18 11:35:00+05:30,469.95,470.0,469.9,469.95,3042,ITC
2024-12-18 11:36:00+05:30,469.95,470.0,469.9,470.0,3037,ITC
2024-12-18 11:37:00+05:30,469.95,470.0,469.9,469.9,3533,ITC
2024-12-18 11:38:00+05:30,470.0,470.0,469.9,469.95,5049,ITC
2024-12-18 11:39:00+05:30,469.95,470.05,469.85,470.0,16414,ITC
2024-12-18 11:40:00+05:30,470.0,470.0,469.7,469.95,4498,ITC
2024-12-18 11:41:00+05:30,469.95,469.95,469.7,469.7,4485,ITC
2024-12-18 11:42:00+05:30,469.9,470.0,469.65,469.9,7376,ITC
2024-12-18 11:43:00+05:30,469.9,469.9,469.5,469.5,7137,ITC
2024-12-18 11:44:00+05:30,469.7,469.8,469.45,469.8,5779,ITC
2024-12-18 11:45:00+05:30,469.8,469.85,469.55,469.65,7724,ITC
2024-12-18 11:46:00+05:30,469.8,469.9,469.55,469.7,6804,ITC
2024-12-18 11:47:00+05:30,469.8,469.9,469.55,469.8,15697,ITC
2024-12-18 11:48:00+05:30,469.8,469.9,469.55,469.8,6196,ITC
2024-12-18 11:49:00+05:30,469.8,469.95,469.55,469.55,7614,ITC
2024-12-18 11:50:00+05:30,469.7,469.8,469.5,469.6,5874,ITC
2024-12-18 11:51:00+05:30,469.7,469.8,469.55,469.6,5937,ITC
2024-12-18 11:52:00+05:30,469.7,469.8,469.5,469.8,6784,ITC
2024-12-18 11:53:00+05:30,469.8,469.8,469.6,469.8,5460,ITC
2024-12-18 11:54:00+05:30,469.8,469.8,469.5,469.75,5655,ITC
2024-12-18 11:55:00+05:30,469.75,469.8,469.45,469.75,8368,ITC
2024-12-18 11:56:00+05:30,469.75,469.8,469.45,469.6,8874,ITC
2024-12-18 11:57:00+05:30,469.7,469.85,469.5,469.65,13837,ITC
2024-12-18 11:58:00+05:30,469.85,470.2,469.65,470.05,65945,ITC
2024-12-18 11:59:00+05:30,470.2,470.7,470.0,470.3,47204,ITC
2024-12-18 12:00:00+05:30,470.35,470.7,469.8,469.95,143088,ITC
2024-12-18 12:01:00+05:30,469.95,470.0,469.75,469.85,11866,ITC
2024-12-18 12:02:00+05:30,469.85,470.0,469.8,469.9,5551,ITC
2024-12-18 12:03:00+05:30,469.9,469.95,469.6,469.9,23552,ITC
2024-12-18 12:04:00+05:30,469.75,469.85,469.35,469.65,18994,ITC
2024-12-18 12:05:00+05:30,469.55,469.8,469.5,469.75,8817,ITC
2024-12-18 12:06:00+05:30,469.8,469.85,469.55,469.6,6376,ITC
2024-12-18 12:07:00+05:30,469.7,469.8,469.4,469.7,20987,ITC
2024-12-18 12:08:00+05:30,469.7,469.75,469.45,469.7,7458,ITC
2024-12-18 12:09:00+05:30,469.65,470.0,469.65,470.0,14395,ITC
2024-12-18 12:10:00+05:30,470.0,470.0,469.7,470.0,15907,ITC
2024-12-18 12:11:00+05:30,470.0,470.0,469.6,469.65,9351,ITC
2024-12-18 12:12:00+05:30,469.65,469.9,469.5,469.75,17682,ITC
2024-12-18 12:13:00+05:30,469.95,469.95,469.75,469.9,5962,ITC
2024-12-18 12:14:00+05:30,469.9,470.0,469.7,469.85,5821,ITC
2024-12-18 12:15:00+05:30,469.85,470.2,469.75,470.0,8743,ITC
2024-12-18 12:16:00+05:30,470.0,470.0,469.7,469.9,14181,ITC
2024-12-18 12:17:00+05:30,469.95,470.0,469.7,469.8,9627,ITC
2024-12-18 12:18:00+05:30,469.9,470.0,469.7,469.8,7699,ITC
2024-12-18 12:19:00+05:30,469.8,469.95,469.5,469.6,11837,ITC
2024-12-18 12:20:00+05:30,469.6,469.8,469.5,469.5,7993,ITC
2024-12-18 12:21:00+05:30,469.75,469.8,469.45,469.7,11340,ITC
2024-12-18 12:22:00+05:30,469.7,469.75,469.4,469.5,9504,ITC
2024-12-18 12:23:00+05:30,469.65,469.7,469.4,469.7,7199,ITC
2024-12-18 12:24:00+05:30,469.7,469.75,469.35,469.55,16421,ITC
2024-12-18 12:25:00+05:30,469.65,469.95,469.45,469.9,7483,ITC
2024-12-18 12:26:00+05:30,469.9,469.9,469.6,469.9,9652,ITC
2024-12-18 12:27:00+05:30,469.9,469.9,469.65,469.75,6480,ITC
2024-12-18 12:28:00+05:30,469.85,469.95,469.55,469.65,18551,ITC
2024-12-18 12:29:00+05:30,469.85,469.85,469.65,469.85,6344,ITC
2024-12-18 12:30:00+05:30,469.85,469.95,469.55,469.7,18215,ITC
2024-12-18 12:31:00+05:30,469.75,469.9,469.5,469.7,6363,ITC
2024-12-18 12:32:00+05:30,469.8,469.9,469.5,469.5,9553,ITC
2024-12-18 12:33:00+05:30,469.55,469.7,469.35,469.45,13977,ITC
2024-12-18 12:34:00+05:30,469.5,469.6,469.15,469.45,17327,ITC
2024-12-18 12:35:00+05:30,469.45,470.25,469.05,470.1,98700,ITC
2024-12-18 12:36:00+05:30,470.2,470.2,469.45,469.8,51201,ITC
2024-12-18 12:37:00+05:30,469.8,469.8,469.0,469.1,28047,ITC
2024-12-18 12:38:00+05:30,469.1,469.2,468.8,468.8,29521,ITC
2024-12-18 12:39:00+05:30,469.0,469.0,468.1,468.4,59048,ITC
2024-12-18 12:40:00+05:30,468.4,468.45,468.0,468.1,37660,ITC
2024-12-18 12:41:00+05:30,468.1,468.5,468.0,468.45,13032,ITC
2024-12-18 12:42:00+05:30,468.45,468.45,468.0,468.2,19489,ITC
2024-12-18 12:43:00+05:30,468.2,468.35,468.05,468.1,9440,ITC
2024-12-18 12:44:00+05:30,468.2,468.3,467.7,468.0,48350,ITC
2024-12-18 12:45:00+05:30,468.05,468.25,467.7,468.0,37804,ITC
2024-12-18 12:46:00+05:30,468.0,468.1,467.55,467.75,12363,ITC
2024-12-18 12:47:00+05:30,467.75,467.95,467.55,467.8,35599,ITC
2024-12-18 12:48:00+05:30,467.8,467.8,467.3,467.55,20952,ITC
2024-12-18 12:49:00+05:30,467.55,467.9,467.35,467.7,32315,ITC
2024-12-18 12:50:00+05:30,467.8,467.8,467.3,467.55,22252,ITC
2024-12-18 12:51:00+05:30,467.55,467.55,466.9,467.25,77553,ITC
2024-12-18 12:52:00+05:30,467.3,467.5,467.0,467.35,42444,ITC
2024-12-18 12:53:00+05:30,467.35,467.5,466.9,467.1,30380,ITC
2024-12-18 12:54:00+05:30,467.1,467.9,466.9,467.75,29296,ITC
2024-12-18 12:55:00+05:30,467.9,468.7,467.65,468.55,31305,ITC
2024-12-18 12:56:00+05:30,468.75,468.9,468.55,468.8,36892,ITC
2024-12-18 12:57:00+05:30,468.85,469.65,468.7,469.45,183451,ITC
2024-12-18 12:58:00+05:30,469.45,469.9,469.1,469.65,56978,ITC
2024-12-18 12:59:00+05:30,469.7,470.0,469.4,470.0,56151,ITC
2024-12-18 13:00:00+05:30,470.0,470.0,469.15,469.35,126605,ITC
2024-12-18 13:01:00+05:30,469.35,469.6,469.25,469.5,12352,ITC
2024-12-18 13:02:00+05:30,469.5,469.8,469.35,469.6,14236,ITC
2024-12-18 13:03:00+05:30,469.8,469.95,469.55,469.9,17020,ITC
2024-12-18 13:04:00+05:30,469.9,470.0,469.6,469.85,12814,ITC
2024-12-18 13:05:00+05:30,469.85,469.9,469.45,469.5,25719,ITC
2024-12-18 13:06:00+05:30,469.5,469.65,469.05,469.2,28358,ITC
2024-12-18 13:07:00+05:30,469.25,470.4,469.05,470.2,72801,ITC
2024-12-18 13:08:00+05:30,470.35,470.7,470.15,470.65,68688,ITC
2024-12-18 13:09:00+05:30,470.6,470.75,470.35,470.65,24480,ITC
2024-12-18 13:10:00+05:30,470.65,470.8,470.5,470.8,36037,ITC
2024-12-18 13:11:00+05:30,470.75,471.0,470.65,471.0,32684,ITC
2024-12-18 13:12:00+05:30,471.0,472.0,470.9,471.95,85699,ITC
2024-12-18 13:13:00+05:30,471.95,472.95,471.9,472.8,125451,ITC
2024-12-18 13:14:00+05:30,472.8,472.8,471.25,471.7,71245,ITC
2024-12-18 13:15:00+05:30,471.7,471.7,471.0,471.05,33129,ITC
2024-12-18 13:16:00+05:30,471.05,471.4,471.0,471.3,38698,ITC
2024-12-18 13:17:00+05:30,471.3,471.6,471.25,471.5,29205,ITC
2024-12-18 13:18:00+05:30,471.5,471.75,471.35,471.5,21009,ITC
2024-12-18 13:19:00+05:30,471.5,471.5,471.0,471.1,18797,ITC
2024-12-18 13:20:00+05:30,471.15,471.25,471.0,471.1,18561,ITC
2024-12-18 13:21:00+05:30,471.15,471.7,471.1,471.45,58120,ITC
2024-12-18 13:22:00+05:30,471.5,471.55,471.05,471.25,28495,ITC
2024-12-18 13:23:00+05:30,471.25,471.35,470.75,470.8,47369,ITC
2024-12-18 13:24:00+05:30,471.0,471.2,470.8,471.0,26856,ITC
2024-12-18 13:25:00+05:30,471.0,471.0,470.7,470.7,15899,ITC
2024-12-18 13:26:00+05:30,470.85,471.15,470.8,470.9,18074,ITC
2024-12-18 13:27:00+05:30,470.9,471.15,470.2,470.35,24415,ITC
2024-12-18 13:28:00+05:30,470.35,471.1,470.25,470.65,52039,ITC
2024-12-18 13:29:00+05:30,470.65,470.75,470.1,470.4,23168,ITC
2024-12-18 13:30:00+05:30,470.4,470.7,470.1,470.45,25402,ITC
2024-12-18 13:31:00+05:30,470.55,470.55,470.05,470.45,27054,ITC
2024-12-18 13:32:00+05:30,470.45,470.8,470.15,470.65,34659,ITC
2024-12-18 13:33:00+05:30,470.8,470.95,470.5,470.9,26666,ITC
2024-12-18 13:34:00+05:30,470.9,470.9,470.55,470.8,16483,ITC
2024-12-18 13:35:00+05:30,470.8,470.85,470.35,470.7,44622,ITC
2024-12-18 13:36:00+05:30,470.7,471.0,470.25,470.4,53776,ITC
2024-12-18 13:37:00+05:30,470.4,470.7,470.1,470.6,20432,ITC
2024-12-18 13:38:00+05:30,470.65,470.95,470.5,470.95,21311,ITC
2024-12-18 13:39:00+05:30,470.95,471.0,470.6,470.95,28245,ITC
2024-12-18 13:40:00+05:30,471.0,471.15,470.6,470.85,36032,ITC
2024-12-18 13:41:00+05:30,470.85,470.9,470.55,470.85,40654,ITC
2024-12-18 13:42:00+05:30,470.85,470.9,470.5,470.7,18668,ITC
2024-12-18 13:43:00+05:30,470.7,470.7,470.2,470.3,31844,ITC
2024-12-18 13:44:00+05:30,470.45,470.45,470.15,470.25,22969,ITC
2024-12-18 13:45:00+05:30,470.25,470.45,470.1,470.3,22922,ITC
2024-12-18 13:46:00+05:30,470.45,470.65,470.15,470.65,39451,ITC
2024-12-18 13:47:00+05:30,470.65,470.75,470.35,470.5,25915,ITC
2024-12-18 13:48:00+05:30,470.5,470.7,470.25,470.4,38948,ITC
2024-12-18 13:49:00+05:30,470.5,470.55,470.15,470.35,23854,ITC
2024-12-18 13:50:00+05:30,470.4,470.55,470.15,470.35,24066,ITC
2024-12-18 13:51:00+05:30,470.5,470.55,470.15,470.55,32426,ITC
2024-12-18 13:52:00+05:30,470.55,470.55,470.2,470.2,25719,ITC
2024-12-18 13:53:00+05:30,470.3,470.75,470.15,470.6,28779,ITC
2024-12-18 13:54:00+05:30,470.6,470.6,470.2,470.6,29692,ITC
2024-12-18 13:55:00+05:30,470.65,471.0,470.45,470.8,33199,ITC
2024-12-18 13:56:00+05:30,470.85,470.95,470.6,470.65,20284,ITC
2024-12-18 13:57:00+05:30,470.7,470.9,470.55,470.7,17994,ITC
2024-12-18 13:58:00+05:30,470.7,471.0,470.55,470.65,20549,ITC
2024-12-18 13:59:00+05:30,470.7,471.0,470.55,470.55,23042,ITC
2024-12-18 14:00:00+05:30,470.65,470.9,470.55,470.8,28750,ITC
2024-12-18 14:01:00+05:30,470.8,471.05,470.65,471.05,23839,ITC
2024-12-18 14:02:00+05:30,471.05,471.35,470.9,471.2,29672,ITC
2024-12-18 14:03:00+05:30,471.2,471.5,471.1,471.45,28166,ITC
2024-12-18 14:04:00+05:30,471.45,471.8,471.4,471.65,24758,ITC
2024-12-18 14:05:00+05:30,471.65,471.75,471.4,471.5,19607,ITC
2024-12-18 14:06:00+05:30,471.5,471.65,471.3,471.4,13527,ITC
2024-12-18 14:07:00+05:30,471.45,471.55,471.05,471.55,40672,ITC
2024-12-18 14:08:00+05:30,471.55,472.0,471.4,472.0,32487,ITC
2024-12-18 14:09:00+05:30,472.0,472.25,471.9,472.05,35523,ITC
2024-12-18 14:10:00+05:30,472.05,472.2,472.0,472.15,26823,ITC
2024-12-18 14:11:00+05:30,472.1,472.25,471.65,471.8,106281,ITC
2024-12-18 14:12:00+05:30,471.8,472.25,471.6,471.65,115250,ITC
2024-12-18 14:13:00+05:30,471.65,471.85,471.35,471.35,39641,ITC
2024-12-18 14:14:00+05:30,471.4,471.7,471.3,471.65,17413,ITC
2024-12-18 14:15:00+05:30,471.65,472.05,471.55,471.9,26051,ITC
2024-12-18 14:16:00+05:30,472.0,472.0,471.7,471.7,16183,ITC
2024-12-18 14:17:00+05:30,471.75,471.75,471.5,471.55,21415,ITC
2024-12-18 14:18:00+05:30,471.55,471.7,471.3,471.6,25703,ITC
2024-12-18 14:19:00+05:30,471.7,471.7,471.3,471.35,13599,ITC
2024-12-18 14:20:00+05:30,471.35,471.55,470.8,470.9,47087,ITC
2024-12-18 14:21:00+05:30,470.9,471.0,470.75,471.0,18309,ITC
2024-12-18 14:22:00+05:30,471.0,471.0,470.7,470.75,19859,ITC
2024-12-18 14:23:00+05:30,470.8,470.95,470.7,470.75,17881,ITC
2024-12-18 14:24:00+05:30,470.8,471.0,470.1,470.4,139894,ITC
2024-12-18 14:25:00+05:30,470.45,470.75,470.4,470.7,15497,ITC
2024-12-18 14:26:00+05:30,470.7,470.7,470.4,470.7,22076,ITC
2024-12-18 14:27:00+05:30,470.65,470.95,470.45,470.85,24947,ITC
2024-12-18 14:28:00+05:30,470.85,470.9,470.6,470.6,22926,ITC
2024-12-18 14:29:00+05:30,470.6,470.8,470.6,470.8,13586,ITC
2024-12-18 14:30:00+05:30,470.8,470.95,470.6,470.8,18649,ITC
2024-12-18 14:31:00+05:30,470.95,470.95,470.5,470.8,36061,ITC
2024-12-18 14:32:00+05:30,470.75,470.8,470.2,470.25,42522,ITC
2024-12-18 14:33:00+05:30,470.2,470.4,470.05,470.2,31606,ITC
2024-12-18 14:34:00+05:30,470.15,470.3,470.0,470.25,36573,ITC
2024-12-18 14:35:00+05:30,470.05,470.3,469.75,470.05,44805,ITC
2024-12-18 14:36:00+05:30,470.0,470.1,469.55,469.7,38585,ITC
2024-12-18 14:37:00+05:30,469.7,469.7,469.25,469.45,34294,ITC
2024-12-18 14:38:00+05:30,469.5,469.6,469.1,469.35,38472,ITC
2024-12-18 14:39:00+05:30,469.35,469.55,469.2,469.45,27504,ITC
2024-12-18 14:40:00+05:30,469.45,469.9,469.35,469.8,26480,ITC
2024-12-18 14:41:00+05:30,469.9,470.0,469.55,469.6,26777,ITC
2024-12-18 14:42:00+05:30,469.7,469.85,469.45,469.55,28651,ITC
2024-12-18 14:43:00+05:30,469.55,469.75,469.35,469.55,22464,ITC
2024-12-18 14:44:00+05:30,469.6,470.35,469.5,470.25,68400,ITC
2024-12-18 14:45:00+05:30,470.25,470.55,470.05,470.25,39456,ITC
2024-12-18 14:46:00+05:30,470.25,470.35,470.0,470.35,25158,ITC
2024-12-18 14:47:00+05:30,470.3,470.7,470.2,470.65,49640,ITC
2024-12-18 14:48:00+05:30,470.65,470.7,470.5,470.6,31451,ITC
2024-12-18 14:49:00+05:30,470.6,470.9,470.5,470.75,32125,ITC
2024-12-18 14:50:00+05:30,470.75,470.8,470.5,470.65,24405,ITC
2024-12-18 14:51:00+05:30,470.65,470.75,470.55,470.65,28625,ITC
2024-12-18 14:52:00+05:30,470.6,471.0,470.55,470.65,95375,ITC
2024-12-18 14:53:00+05:30,470.65,471.0,470.6,470.9,60010,ITC
2024-12-18 14:54:00+05:30,470.95,471.3,470.7,471.1,44283,ITC
2024-12-18 14:55:00+05:30,471.1,471.35,471.05,471.3,55790,ITC
2024-12-18 14:56:00+05:30,471.35,471.65,471.3,471.35,60793,ITC
2024-12-18 14:57:00+05:30,471.4,471.5,471.3,471.4,33510,ITC
2024-12-18 14:58:00+05:30,471.3,471.4,471.25,471.35,24085,ITC
2024-12-18 14:59:00+05:30,471.3,471.4,471.0,471.2,28603,ITC
2024-12-18 15:00:00+05:30,471.15,471.15,470.55,470.65,38429,ITC
2024-12-18 15:01:00+05:30,470.7,470.7,470.1,470.5,56814,ITC
2024-12-18 15:02:00+05:30,470.35,470.75,470.15,470.35,42081,ITC
2024-12-18 15:03:00+05:30,470.35,470.4,470.05,470.1,35846,ITC
2024-12-18 15:04:00+05:30,470.1,470.3,470.0,470.05,44776,ITC
2024-12-18 15:05:00+05:30,470.1,470.1,469.75,469.85,40327,ITC
2024-12-18 15:06:00+05:30,469.9,469.9,469.55,469.8,45701,ITC
2024-12-18 15:07:00+05:30,469.7,469.8,469.5,469.6,39935,ITC
2024-12-18 15:08:00+05:30,469.6,469.7,469.3,469.7,44298,ITC
2024-12-18 15:09:00+05:30,469.7,469.9,469.45,469.75,44310,ITC
2024-12-18 15:10:00+05:30,469.8,470.0,469.7,469.9,46797,ITC
2024-12-18 15:11:00+05:30,469.9,469.95,469.65,469.7,39270,ITC
2024-12-18 15:12:00+05:30,469.75,469.85,469.55,469.65,47622,ITC
2024-12-18 15:13:00+05:30,469.65,469.95,469.55,469.95,50885,ITC
2024-12-18 15:14:00+05:30,469.9,470.0,469.75,470.0,60865,ITC
2024-12-18 15:15:00+05:30,470.0,470.6,469.8,470.5,102539,ITC
2024-12-18 15:16:00+05:30,470.5,470.6,470.25,470.4,71843,ITC
2024-12-18 15:17:00+05:30,470.35,470.6,470.3,470.5,48036,ITC
2024-12-18 15:18:00+05:30,470.5,471.05,470.05,470.8,196205,ITC
2024-12-18 15:19:00+05:30,470.85,470.9,470.5,470.6,46505,ITC
2024-12-18 15:20:00+05:30,470.6,470.75,470.5,470.65,57068,ITC
2024-12-18 15:21:00+05:30,470.7,471.05,470.6,470.95,48492,ITC
2024-12-18 15:22:00+05:30,470.95,471.25,470.8,471.15,47130,ITC
2024-12-18 15:23:00+05:30,471.15,471.25,471.05,471.25,36493,ITC
2024-12-18 15:24:00+05:30,471.15,471.25,471.0,471.1,57160,ITC
2024-12-18 15:25:00+05:30,471.15,471.3,471.05,471.15,56224,ITC
2024-12-18 15:26:00+05:30,471.15,471.2,471.0,471.1,96432,ITC
2024-12-18 15:27:00+05:30,471.1,471.5,471.0,471.25,122747,ITC
2024-12-18 15:28:00+05:30,471.25,471.45,471.15,471.3,47896,ITC
2024-12-18 15:29:00+05:30,471.35,471.4,471.0,471.25,33024,ITC
2024-12-19 09:15:00+05:30,469.0,474.35,468.25,472.1,540244,ITC
2024-12-19 09:16:00+05:30,472.2,473.85,471.65,473.45,230400,ITC
2024-12-19 09:17:00+05:30,473.45,473.95,472.1,472.3,137776,ITC
2024-12-19 09:18:00+05:30,472.3,472.7,471.5,471.7,125141,ITC
2024-12-19 09:19:00+05:30,471.65,472.85,471.3,472.65,114222,ITC
2024-12-19 09:20:00+05:30,472.7,473.25,471.7,472.5,117383,ITC
2024-12-19 09:21:00+05:30,472.5,472.55,472.05,472.1,72925,ITC
2024-12-19 09:22:00+05:30,472.1,472.15,470.8,471.0,162785,ITC
2024-12-19 09:23:00+05:30,471.0,471.2,470.6,470.75,123055,ITC
2024-12-19 09:24:00+05:30,470.75,471.0,470.1,470.9,56987,ITC
2024-12-19 09:25:00+05:30,470.85,471.15,470.55,470.65,77409,ITC
2024-12-19 09:26:00+05:30,470.65,470.9,469.25,469.45,150633,ITC
2024-12-19 09:27:00+05:30,469.4,470.0,468.65,469.0,80901,ITC
2024-12-19 09:28:00+05:30,469.0,469.4,468.55,468.7,85834,ITC
2024-12-19 09:29:00+05:30,468.7,469.7,468.45,469.1,49902,ITC
2024-12-19 09:30:00+05:30,469.3,469.75,468.85,469.35,56811,ITC
2024-12-19 09:31:00+05:30,469.35,469.4,468.65,469.0,75882,ITC
2024-12-19 09:32:00+05:30,469.0,469.5,468.65,469.4,35841,ITC
2024-12-19 09:33:00+05:30,469.4,470.25,469.35,470.15,36737,ITC
2024-12-19 09:34:00+05:30,470.15,470.2,468.9,469.0,65307,ITC
2024-12-19 09:35:00+05:30,469.0,470.0,468.95,470.0,18842,ITC
2024-12-19 09:36:00+05:30,470.0,470.95,470.0,470.95,43982,ITC
2024-12-19 09:37:00+05:30,470.85,471.0,470.6,470.9,72381,ITC
2024-12-19 09:38:00+05:30,470.95,470.95,470.55,470.95,41958,ITC
2024-12-19 09:39:00+05:30,470.95,471.15,470.3,470.5,58405,ITC
2024-12-19 09:40:00+05:30,470.5,470.65,470.15,470.5,24551,ITC
2024-12-19 09:41:00+05:30,470.5,471.0,470.5,470.9,34376,ITC
2024-12-19 09:42:00+05:30,470.9,471.0,470.05,470.25,49601,ITC
2024-12-19 09:43:00+05:30,470.1,470.7,469.75,470.5,53286,ITC
2024-12-19 09:44:00+05:30,470.65,470.95,470.4,470.7,60661,ITC
2024-12-19 09:45:00+05:30,470.6,470.8,469.9,469.9,39065,ITC
2024-12-19 09:46:00+05:30,470.0,470.8,469.9,470.6,56674,ITC
2024-12-19 09:47:00+05:30,470.8,471.2,470.55,470.6,390194,ITC
2024-12-19 09:48:00+05:30,470.55,471.0,470.25,470.8,40905,ITC
2024-12-19 09:49:00+05:30,470.7,471.05,470.65,471.0,207591,ITC
2024-12-19 09:50:00+05:30,471.0,471.0,470.65,470.9,21607,ITC
2024-12-19 09:51:00+05:30,470.9,471.0,470.5,470.5,35599,ITC
2024-12-19 09:52:00+05:30,470.65,470.7,469.85,470.0,41475,ITC
2024-12-19 09:53:00+05:30,470.1,470.55,469.8,470.15,71176,ITC
2024-12-19 09:54:00+05:30,470.25,470.25,469.65,469.85,44266,ITC
2024-12-19 09:55:00+05:30,470.05,470.7,469.85,470.65,19182,ITC
2024-12-19 09:56:00+05:30,470.65,470.8,470.3,470.4,27286,ITC
2024-12-19 09:57:00+05:30,470.6,470.85,470.4,470.8,12645,ITC
2024-12-19 09:58:00+05:30,470.7,470.8,470.4,470.6,40240,ITC
2024-12-19 09:59:00+05:30,470.6,470.75,470.4,470.65,19653,ITC
2024-12-19 10:00:00+05:30,470.6,470.65,470.1,470.3,32990,ITC
2024-12-19 10:01:00+05:30,470.3,470.8,470.2,470.8,72194,ITC
2024-12-19 10:02:00+05:30,470.8,471.0,469.8,470.0,188680,ITC
2024-12-19 10:03:00+05:30,470.0,470.0,469.5,469.5,28584,ITC
2024-12-19 10:04:00+05:30,469.7,469.85,469.3,469.85,28312,ITC
2024-12-19 10:05:00+05:30,469.85,469.9,469.6,469.85,14835,ITC
2024-12-19 10:06:00+05:30,469.85,470.0,469.65,470.0,14243,ITC
2024-12-19 10:07:00+05:30,469.95,470.0,469.8,470.0,13512,ITC
2024-12-19 10:08:00+05:30,470.0,470.0,469.65,470.0,16918,ITC
2024-12-19 10:09:00+05:30,469.95,470.0,469.7,469.85,18832,ITC
2024-12-19 10:10:00+05:30,469.85,470.0,469.6,470.0,19177,ITC
2024-12-19 10:11:00+05:30,469.95,470.0,469.75,469.8,22468,ITC
2024-12-19 10:12:00+05:30,470.0,470.0,469.7,469.8,39596,ITC
2024-12-19 10:13:00+05:30,469.95,470.0,469.65,469.9,27602,ITC
2024-12-19 10:14:00+05:30,469.9,470.05,469.8,469.85,118343,ITC
2024-12-19 10:15:00+05:30,469.85,470.0,469.6,469.85,15269,ITC
2024-12-19 10:16:00+05:30,469.85,470.0,469.55,469.65,20606,ITC
2024-12-19 10:17:00+05:30,469.65,469.9,468.95,469.0,162529,ITC
2024-12-19 10:18:00+05:30,469.0,469.0,468.75,468.95,35558,ITC
2024-12-19 10:19:00+05:30,468.95,469.0,468.8,468.9,11585,ITC
2024-12-19 10:20:00+05:30,468.9,469.0,468.85,469.0,28581,ITC
2024-12-19 10:21:00+05:30,468.95,469.0,468.65,468.65,37780,ITC
2024-12-19 10:22:00+05:30,468.8,469.0,468.75,469.0,23830,ITC
2024-12-19 10:23:00+05:30,469.0,469.0,468.7,468.85,27971,ITC
2024-12-19 10:24:00+05:30,468.85,469.0,468.65,468.95,21251,ITC
2024-12-19 10:25:00+05:30,468.95,469.0,468.75,468.75,37120,ITC
2024-12-19 10:26:00+05:30,468.8,468.9,468.7,468.9,12265,ITC
2024-12-19 10:27:00+05:30,468.9,469.0,468.75,469.0,6946,ITC
2024-12-19 10:28:00+05:30,468.95,469.0,468.75,468.8,14992,ITC
2024-12-19 10:29:00+05:30,468.85,468.9,468.3,468.75,41820,ITC
2024-12-19 10:30:00+05:30,468.75,468.8,468.65,468.8,4515,ITC
2024-12-19 10:31:00+05:30,468.8,468.85,468.65,468.8,16203,ITC
2024-12-19 10:32:00+05:30,468.8,468.85,468.1,468.5,45879,ITC
2024-12-19 10:33:00+05:30,468.4,468.55,468.3,468.55,25664,ITC
2024-12-19 10:34:00+05:30,468.55,468.6,468.35,468.6,12959,ITC
2024-12-19 10:35:00+05:30,468.55,468.8,468.5,468.8,9395,ITC
2024-12-19 10:36:00+05:30,468.75,469.0,468.5,468.8,107021,ITC
2024-12-19 10:37:00+05:30,468.65,468.85,468.6,468.75,16785,ITC
2024-12-19 10:38:00+05:30,468.75,468.8,468.65,468.65,9856,ITC
2024-12-19 10:39:00+05:30,468.65,469.1,468.3,469.1,115467,ITC
2024-12-19 10:40:00+05:30,469.1,469.7,468.9,469.5,18574,ITC
2024-12-19 10:41:00+05:30,469.45,469.6,469.4,469.45,13695,ITC
2024-12-19 10:42:00+05:30,469.5,469.5,469.05,469.25,15189,ITC
2024-12-19 10:43:00+05:30,469.3,469.5,469.05,469.35,13356,ITC
2024-12-19 10:44:00+05:30,469.35,469.5,469.05,469.35,31089,ITC
2024-12-19 10:45:00+05:30,469.35,469.55,469.15,469.5,50132,ITC
2024-12-19 10:46:00+05:30,469.5,469.85,469.45,469.55,49225,ITC
2024-12-19 10:47:00+05:30,469.45,469.65,469.1,469.35,62654,ITC
2024-12-19 10:48:00+05:30,469.35,469.35,468.8,468.8,38248,ITC
2024-12-19 10:49:00+05:30,468.8,469.0,468.65,468.8,18052,ITC
2024-12-19 10:50:00+05:30,468.8,468.8,468.6,468.65,6785,ITC
2024-12-19 10:51:00+05:30,468.65,469.1,468.5,468.85,76423,ITC
2024-12-19 10:52:00+05:30,468.75,469.25,468.7,469.15,55938,ITC
2024-12-19 10:53:00+05:30,469.0,469.2,468.5,468.75,79165,ITC
2024-12-19 10:54:00+05:30,468.7,469.0,468.55,468.9,33311,ITC
2024-12-19 10:55:00+05:30,469.0,469.2,468.6,468.75,165978,ITC
2024-12-19 10:56:00+05:30,468.7,469.1,468.7,468.95,52370,ITC
2024-12-19 10:57:00+05:30,469.0,469.1,468.8,468.95,101180,ITC
2024-12-19 10:58:00+05:30,468.95,469.0,468.8,469.0,9960,ITC
2024-12-19 10:59:00+05:30,468.9,469.25,468.7,468.8,158687,ITC
2024-12-19 11:00:00+05:30,468.8,469.0,468.55,468.75,158565,ITC
2024-12-19 11:01:00+05:30,468.8,468.9,468.6,468.6,135823,ITC
2024-12-19 11:02:00+05:30,468.65,468.7,468.25,468.5,32565,ITC
2024-12-19 11:03:00+05:30,468.4,468.65,468.1,468.5,27903,ITC
2024-12-19 11:04:00+05:30,468.5,468.6,468.25,468.4,34403,ITC
2024-12-19 11:05:00+05:30,468.35,468.6,468.3,468.4,17982,ITC
2024-12-19 11:06:00+05:30,468.4,468.5,467.45,467.5,138412,ITC
2024-12-19 11:07:00+05:30,467.4,467.8,467.4,467.7,37448,ITC
2024-12-19 11:08:00+05:30,467.7,467.7,467.0,467.0,60486,ITC
2024-12-19 11:09:00+05:30,467.1,467.7,467.05,467.5,57274,ITC
2024-12-19 11:10:00+05:30,467.65,467.7,467.1,467.2,40408,ITC
2024-12-19 11:11:00+05:30,467.25,467.3,466.65,466.7,67244,ITC
2024-12-19 11:12:00+05:30,466.75,467.0,466.45,466.8,49703,ITC
2024-12-19 11:13:00+05:30,466.8,466.85,466.35,466.7,57866,ITC
2024-12-19 11:14:00+05:30,466.7,466.8,466.4,466.8,30934,ITC
2024-12-19 11:15:00+05:30,466.65,466.9,466.55,466.9,15071,ITC
2024-12-19 11:16:00+05:30,466.9,467.05,466.65,466.9,24775,ITC
2024-12-19 11:17:00+05:30,466.85,467.05,466.65,466.95,28113,ITC
2024-12-19 11:18:00+05:30,467.0,467.2,466.75,467.2,19765,ITC
2024-12-19 11:19:00+05:30,467.15,467.55,467.15,467.35,22119,ITC
2024-12-19 11:20:00+05:30,467.35,467.4,466.95,466.95,27906,ITC
2024-12-19 11:21:00+05:30,466.95,467.15,466.65,466.8,25045,ITC
2024-12-19 11:22:00+05:30,466.8,467.0,466.6,466.9,11937,ITC
2024-12-19 11:23:00+05:30,466.95,467.1,466.9,467.1,8150,ITC
2024-12-19 11:24:00+05:30,467.1,467.3,467.0,467.05,13390,ITC
2024-12-19 11:25:00+05:30,467.05,467.1,466.25,466.4,78916,ITC
2024-12-19 11:26:00+05:30,466.4,466.65,466.25,466.6,19261,ITC
2024-12-19 11:27:00+05:30,466.5,467.0,466.4,466.75,17139,ITC
2024-12-19 11:28:00+05:30,466.75,466.75,466.05,466.2,40363,ITC
2024-12-19 11:29:00+05:30,466.2,466.45,466.05,466.45,25990,ITC
2024-12-19 11:30:00+05:30,466.45,466.45,466.1,466.15,40912,ITC
2024-12-19 11:31:00+05:30,466.1,466.4,466.1,466.2,12855,ITC
2024-12-19 11:32:00+05:30,466.3,466.3,466.05,466.1,16447,ITC
2024-12-19 11:33:00+05:30,466.1,466.45,466.1,466.3,19871,ITC
2024-12-19 11:34:00+05:30,466.4,466.45,466.2,466.45,14339,ITC
2024-12-19 11:35:00+05:30,466.45,466.6,466.25,466.6,13116,ITC
2024-12-19 11:36:00+05:30,466.45,466.9,466.45,466.9,20004,ITC
2024-12-19 11:37:00+05:30,466.9,466.95,466.75,466.85,9163,ITC
2024-12-19 11:38:00+05:30,466.75,467.2,466.7,467.2,16495,ITC
2024-12-19 11:39:00+05:30,467.2,467.5,466.85,467.15,21560,ITC
2024-12-19 11:40:00+05:30,467.0,467.3,466.85,467.05,15243,ITC
2024-12-19 11:41:00+05:30,467.05,467.25,466.9,467.05,12054,ITC
2024-12-19 11:42:00+05:30,467.0,467.1,466.9,467.05,10614,ITC
2024-12-19 11:43:00+05:30,467.05,467.15,466.9,467.1,7998,ITC
2024-12-19 11:44:00+05:30,467.1,467.1,466.9,466.95,31767,ITC
2024-12-19 11:45:00+05:30,466.95,467.0,466.95,466.95,5014,ITC
2024-12-19 11:46:00+05:30,466.95,467.55,466.95,467.55,22988,ITC
2024-12-19 11:47:00+05:30,467.55,467.9,467.55,467.8,33865,ITC
2024-12-19 11:48:00+05:30,467.7,468.0,467.7,467.85,19456,ITC
2024-12-19 11:49:00+05:30,467.9,467.9,467.5,467.8,23443,ITC
2024-12-19 11:50:00+05:30,467.7,467.95,467.6,467.7,23765,ITC
2024-12-19 11:51:00+05:30,467.7,467.9,467.6,467.65,9431,ITC
2024-12-19 11:52:00+05:30,467.65,467.8,467.55,467.65,26226,ITC
2024-12-19 11:53:00+05:30,467.55,467.8,467.45,467.6,15639,ITC
2024-12-19 11:54:00+05:30,467.65,467.8,467.45,467.6,6548,ITC
2024-12-19 11:55:00+05:30,467.65,467.65,467.15,467.45,23843,ITC
2024-12-19 11:56:00+05:30,467.5,467.85,467.45,467.7,9649,ITC
2024-12-19 11:57:00+05:30,467.75,467.9,467.7,467.9,9435,ITC
2024-12-19 11:58:00+05:30,467.9,468.0,467.8,467.95,12872,ITC
2024-12-19 11:59:00+05:30,467.95,468.0,467.75,467.95,21076,ITC
2024-12-19 12:00:00+05:30,467.9,468.4,467.85,468.4,36266,ITC
2024-12-19 12:01:00+05:30,468.4,468.4,468.15,468.25,14312,ITC
2024-12-19 12:02:00+05:30,468.25,468.35,468.0,468.0,13024,ITC
2024-12-19 12:03:00+05:30,468.0,468.2,468.0,468.05,12508,ITC
2024-12-19 12:04:00+05:30,468.05,468.35,468.05,468.3,21027,ITC
2024-12-19 12:05:00+05:30,468.3,468.5,468.1,468.5,29560,ITC
2024-12-19 12:06:00+05:30,468.3,468.5,468.2,468.4,15764,ITC
2024-12-19 12:07:00+05:30,468.4,468.6,468.4,468.55,8612,ITC
2024-12-19 12:08:00+05:30,468.45,468.6,468.45,468.55,9007,ITC
2024-12-19 12:09:00+05:30,468.55,468.65,468.45,468.6,18495,ITC
2024-12-19 12:10:00+05:30,468.6,468.7,468.45,468.55,15472,ITC
2024-12-19 12:11:00+05:30,468.45,468.7,468.45,468.55,16268,ITC
2024-12-19 12:12:00+05:30,468.55,468.65,468.45,468.55,15000,ITC
2024-12-19 12:13:00+05:30,468.6,468.7,468.15,468.55,26354,ITC
2024-12-19 12:14:00+05:30,468.5,468.65,468.4,468.45,17620,ITC
2024-12-19 12:15:00+05:30,468.45,468.6,468.25,468.45,26171,ITC
2024-12-19 12:16:00+05:30,468.4,468.45,468.2,468.2,8829,ITC
2024-12-19 12:17:00+05:30,468.25,468.3,467.75,467.95,43310,ITC
2024-12-19 12:18:00+05:30,468.0,468.25,467.95,468.2,10867,ITC
2024-12-19 12:19:00+05:30,468.1,468.25,468.1,468.2,19943,ITC
2024-12-19 12:20:00+05:30,468.15,468.4,468.15,468.25,16233,ITC
2024-12-19 12:21:00+05:30,468.2,468.4,468.1,468.1,7246,ITC
2024-12-19 12:22:00+05:30,468.1,468.3,468.0,468.2,11492,ITC
2024-12-19 12:23:00+05:30,468.0,468.4,468.0,468.4,13447,ITC
2024-12-19 12:24:00+05:30,468.35,468.4,468.1,468.3,10115,ITC
2024-12-19 12:25:00+05:30,468.25,468.4,468.1,468.15,16234,ITC
2024-12-19 12:26:00+05:30,468.15,468.35,468.0,468.3,23775,ITC
2024-12-19 12:27:00+05:30,468.25,468.3,467.85,468.0,19206,ITC
2024-12-19 12:28:00+05:30,468.0,468.1,467.85,467.9,14220,ITC
2024-12-19 12:29:00+05:30,467.85,468.0,467.8,467.8,8781,ITC
2024-12-19 12:30:00+05:30,467.85,468.0,467.75,468.0,13946,ITC
2024-12-19 12:31:00+05:30,467.85,468.0,467.7,467.7,17611,ITC
2024-12-19 12:32:00+05:30,467.7,468.0,467.7,467.75,36680,ITC
2024-12-19 12:33:00+05:30,467.75,468.0,467.75,468.0,8000,ITC
2024-12-19 12:34:00+05:30,467.9,468.05,467.9,467.95,27232,ITC
2024-12-19 12:35:00+05:30,467.95,468.05,467.9,468.0,23881,ITC
2024-12-19 12:36:00+05:30,467.95,468.0,467.35,467.45,22002,ITC
2024-12-19 12:37:00+05:30,467.45,467.95,467.35,467.75,36040,ITC
2024-12-19 12:38:00+05:30,467.6,467.9,467.6,467.6,11892,ITC
2024-12-19 12:39:00+05:30,467.65,467.85,467.45,467.6,16690,ITC
2024-12-19 12:40:00+05:30,467.6,467.7,467.3,467.45,28063,ITC
2024-12-19 12:41:00+05:30,467.35,467.7,467.25,467.7,22539,ITC
2024-12-19 12:42:00+05:30,467.6,467.7,467.4,467.65,16209,ITC
2024-12-19 12:43:00+05:30,467.65,467.65,467.35,467.4,19197,ITC
2024-12-19 12:44:00+05:30,467.55,467.6,467.2,467.3,17894,ITC
2024-12-19 12:45:00+05:30,467.3,467.35,466.8,467.15,57382,ITC
2024-12-19 12:46:00+05:30,467.1,467.3,466.9,467.0,17313,ITC
2024-12-19 12:47:00+05:30,467.05,467.25,466.95,467.0,17417,ITC
2024-12-19 12:48:00+05:30,467.0,467.2,466.65,466.9,49186,ITC
2024-12-19 12:49:00+05:30,466.7,467.0,466.55,466.9,40599,ITC
2024-12-19 12:50:00+05:30,466.85,467.15,466.65,467.1,22360,ITC
2024-12-19 12:51:00+05:30,467.1,467.15,466.6,466.85,63077,ITC
2024-12-19 12:52:00+05:30,466.95,467.15,466.7,467.05,19954,ITC
2024-12-19 12:53:00+05:30,467.05,467.35,466.85,467.2,40905,ITC
2024-12-19 12:54:00+05:30,467.05,467.25,467.05,467.05,14805,ITC
2024-12-19 12:55:00+05:30,467.05,467.45,466.95,467.4,15921,ITC
2024-12-19 12:56:00+05:30,467.25,467.4,466.75,466.85,34643,ITC
2024-12-19 12:57:00+05:30,466.9,467.25,466.8,467.15,13520,ITC
2024-12-19 12:58:00+05:30,467.15,467.35,466.9,467.1,18108,ITC
2024-12-19 12:59:00+05:30,467.05,467.25,466.8,467.0,17625,ITC
2024-12-19 13:00:00+05:30,467.0,467.1,466.7,467.05,12984,ITC
2024-12-19 13:01:00+05:30,467.05,467.25,467.05,467.15,7220,ITC
2024-12-19 13:02:00+05:30,467.1,467.4,467.1,467.4,17974,ITC
2024-12-19 13:03:00+05:30,467.35,467.5,467.25,467.5,10773,ITC
2024-12-19 13:04:00+05:30,467.3,467.5,467.3,467.45,7463,ITC
2024-12-19 13:05:00+05:30,467.3,467.5,467.25,467.4,17689,ITC
2024-12-19 13:06:00+05:30,467.35,467.45,467.0,467.05,9823,ITC
2024-12-19 13:07:00+05:30,467.05,467.3,467.0,467.1,26435,ITC
2024-12-19 13:08:00+05:30,467.1,467.3,467.0,467.1,17535,ITC
2024-12-19 13:09:00+05:30,467.05,467.3,467.0,467.1,18007,ITC
2024-12-19 13:10:00+05:30,467.0,467.15,466.85,466.9,19968,ITC
2024-12-19 13:11:00+05:30,466.85,467.15,466.65,466.9,14297,ITC
2024-12-19 13:12:00+05:30,466.9,467.15,466.9,467.0,5803,ITC
2024-12-19 13:13:00+05:30,467.0,467.25,467.0,467.0,19813,ITC
2024-12-19 13:14:00+05:30,467.0,467.35,467.0,467.2,6715,ITC
2024-12-19 13:15:00+05:30,467.15,467.25,467.0,467.05,7992,ITC
2024-12-19 13:16:00+05:30,467.0,467.2,466.9,466.95,12614,ITC
2024-12-19 13:17:00+05:30,466.9,467.2,466.9,467.1,19594,ITC
2024-12-19 13:18:00+05:30,467.1,467.4,467.0,467.25,24791,ITC
2024-12-19 13:19:00+05:30,467.25,467.35,466.6,466.7,44930,ITC
2024-12-19 13:20:00+05:30,466.7,466.9,466.3,466.4,54790,ITC
2024-12-19 13:21:00+05:30,466.4,466.65,466.3,466.6,9363,ITC
2024-12-19 13:22:00+05:30,466.65,466.9,466.55,466.55,11544,ITC
2024-12-19 13:23:00+05:30,466.8,466.8,466.55,466.65,7646,ITC
2024-12-19 13:24:00+05:30,466.6,466.75,466.55,466.65,8842,ITC
2024-12-19 13:25:00+05:30,466.6,466.8,466.5,466.6,15681,ITC
2024-12-19 13:26:00+05:30,466.6,466.85,466.6,466.85,6327,ITC
2024-12-19 13:27:00+05:30,466.7,466.9,466.7,466.8,6294,ITC
2024-12-19 13:28:00+05:30,466.8,467.0,466.8,466.9,6513,ITC
2024-12-19 13:29:00+05:30,466.85,467.0,466.7,466.8,7404,ITC
2024-12-19 13:30:00+05:30,466.8,467.05,466.7,466.9,9544,ITC
2024-12-19 13:31:00+05:30,466.9,467.05,466.8,467.05,8627,ITC
2024-12-19 13:32:00+05:30,466.85,467.05,466.8,466.85,8901,ITC
2024-12-19 13:33:00+05:30,466.9,466.95,466.7,466.7,13948,ITC
2024-12-19 13:34:00+05:30,466.75,466.8,466.55,466.6,10114,ITC
2024-12-19 13:35:00+05:30,466.6,466.9,466.55,466.65,15185,ITC
2024-12-19 13:36:00+05:30,466.65,467.05,466.65,466.8,16372,ITC
2024-12-19 13:37:00+05:30,466.9,467.05,466.75,466.95,8190,ITC
2024-12-19 13:38:00+05:30,466.9,467.05,466.75,466.75,9542,ITC
2024-12-19 13:39:00+05:30,466.8,467.0,466.65,466.7,17191,ITC
2024-12-19 13:40:00+05:30,466.7,466.85,466.65,466.8,8669,ITC
2024-12-19 13:41:00+05:30,466.7,466.8,466.6,466.8,11996,ITC
2024-12-19 13:42:00+05:30,466.7,467.0,466.65,466.85,19488,ITC
2024-12-19 13:43:00+05:30,466.9,466.95,466.65,466.85,20833,ITC
2024-12-19 13:44:00+05:30,466.85,467.3,466.85,467.2,15349,ITC
2024-12-19 13:45:00+05:30,467.2,467.35,467.05,467.3,19653,ITC
2024-12-19 13:46:00+05:30,467.2,467.4,467.2,467.25,8928,ITC
2024-12-19 13:47:00+05:30,467.25,467.4,467.2,467.25,5456,ITC
2024-12-19 13:48:00+05:30,467.25,467.4,467.1,467.1,7279,ITC
2024-12-19 13:49:00+05:30,467.1,467.3,467.05,467.1,6920,ITC
2024-12-19 13:50:00+05:30,467.05,467.25,467.05,467.15,5344,ITC
2024-12-19 13:51:00+05:30,467.15,467.3,466.85,466.9,21411,ITC
2024-12-19 13:52:00+05:30,467.0,467.3,466.9,467.3,14185,ITC
2024-12-19 13:53:00+05:30,467.1,467.3,467.1,467.2,24458,ITC
2024-12-19 13:54:00+05:30,467.2,467.95,467.05,467.9,72384,ITC
2024-12-19 13:55:00+05:30,467.75,467.9,467.4,467.5,20286,ITC
2024-12-19 13:56:00+05:30,467.5,467.7,467.4,467.55,9700,ITC
2024-12-19 13:57:00+05:30,467.4,467.7,467.4,467.55,5851,ITC
2024-12-19 13:58:00+05:30,467.55,467.7,467.4,467.55,7893,ITC
2024-12-19 13:59:00+05:30,467.4,467.6,467.4,467.6,9679,ITC
2024-12-19 14:00:00+05:30,467.55,467.9,467.5,467.8,29359,ITC
2024-12-19 14:01:00+05:30,467.8,468.15,467.75,468.1,32313,ITC
2024-12-19 14:02:00+05:30,468.15,468.2,467.75,468.0,13656,ITC
2024-12-19 14:03:00+05:30,468.0,468.1,467.65,467.8,15265,ITC
2024-12-19 14:04:00+05:30,467.8,467.85,467.6,467.75,9112,ITC
2024-12-19 14:05:00+05:30,467.75,467.8,467.35,467.6,13434,ITC
2024-12-19 14:06:00+05:30,467.6,467.85,467.55,467.6,13059,ITC
2024-12-19 14:07:00+05:30,467.65,467.8,467.6,467.7,7671,ITC
2024-12-19 14:08:00+05:30,467.7,467.75,467.55,467.75,9090,ITC
2024-12-19 14:09:00+05:30,467.75,467.8,467.6,467.65,6920,ITC
2024-12-19 14:10:00+05:30,467.7,467.85,467.6,467.85,9179,ITC
2024-12-19 14:11:00+05:30,467.85,467.85,467.65,467.75,8200,ITC
2024-12-19 14:12:00+05:30,467.65,467.75,467.55,467.65,8639,ITC
2024-12-19 14:13:00+05:30,467.7,467.8,467.5,467.8,22147,ITC
2024-12-19 14:14:00+05:30,467.7,467.7,467.25,467.25,36757,ITC
2024-12-19 14:15:00+05:30,467.4,467.6,467.1,467.25,41164,ITC
2024-12-19 14:16:00+05:30,467.15,467.25,466.95,467.05,28414,ITC
2024-12-19 14:17:00+05:30,467.05,467.4,467.0,467.15,25769,ITC
2024-12-19 14:18:00+05:30,467.2,467.3,467.1,467.2,12436,ITC
2024-12-19 14:19:00+05:30,467.25,467.4,467.15,467.4,11498,ITC
2024-12-19 14:20:00+05:30,467.4,467.5,467.25,467.5,9871,ITC
2024-12-19 14:21:00+05:30,467.5,467.5,467.25,467.4,20501,ITC
2024-12-19 14:22:00+05:30,467.35,467.5,467.2,467.3,9324,ITC
2024-12-19 14:23:00+05:30,467.4,467.4,467.1,467.2,21640,ITC
2024-12-19 14:24:00+05:30,467.3,467.3,466.8,467.05,45408,ITC
2024-12-19 14:25:00+05:30,467.05,467.35,467.05,467.35,14151,ITC
2024-12-19 14:26:00+05:30,467.3,467.5,467.2,467.45,21523,ITC
2024-12-19 14:27:00+05:30,467.45,467.5,467.35,467.4,12123,ITC
2024-12-19 14:28:00+05:30,467.4,467.5,467.1,467.25,24114,ITC
2024-12-19 14:29:00+05:30,467.15,467.5,467.05,467.5,31365,ITC
2024-12-19 14:30:00+05:30,467.5,467.9,467.45,467.65,23686,ITC
2024-12-19 14:31:00+05:30,467.85,467.85,467.45,467.65,15546,ITC
2024-12-19 14:32:00+05:30,467.65,467.85,467.5,467.65,17427,ITC
2024-12-19 14:33:00+05:30,467.65,467.8,467.5,467.65,28440,ITC
2024-12-19 14:34:00+05:30,467.65,467.65,467.3,467.55,14392,ITC
2024-12-19 14:35:00+05:30,467.55,468.0,467.55,467.9,78704,ITC
2024-12-19 14:36:00+05:30,467.9,467.95,467.7,467.8,28247,ITC
2024-12-19 14:37:00+05:30,467.8,468.0,467.7,468.0,46359,ITC
2024-12-19 14:38:00+05:30,468.0,468.1,467.8,468.0,48232,ITC
2024-12-19 14:39:00+05:30,468.0,468.15,467.85,468.1,32571,ITC
2024-12-19 14:40:00+05:30,468.15,468.3,468.0,468.25,31802,ITC
2024-12-19 14:41:00+05:30,468.3,468.4,468.1,468.35,28220,ITC
2024-12-19 14:42:00+05:30,468.4,468.45,468.15,468.35,32044,ITC
2024-12-19 14:43:00+05:30,468.35,468.4,468.0,468.2,51361,ITC
2024-12-19 14:44:00+05:30,468.1,468.3,468.0,468.2,33206,ITC
2024-12-19 14:45:00+05:30,468.2,468.25,467.3,467.5,17440,ITC
2024-12-19 14:46:00+05:30,467.45,468.0,467.45,468.0,84799,ITC
2024-12-19 14:47:00+05:30,468.0,468.1,467.7,467.95,19612,ITC
2024-12-19 14:48:00+05:30,467.8,468.0,467.75,468.0,20285,ITC
2024-12-19 14:49:00+05:30,468.0,468.0,467.7,467.9,22964,ITC
2024-12-19 14:50:00+05:30,467.9,467.9,467.7,467.85,21340,ITC
2024-12-19 14:51:00+05:30,467.85,467.9,467.7,467.85,15946,ITC
2024-12-19 14:52:00+05:30,467.85,467.9,467.6,467.8,45427,ITC
2024-12-19 14:53:00+05:30,467.8,468.0,467.6,467.65,66752,ITC
2024-12-19 14:54:00+05:30,467.65,467.75,467.4,467.6,41869,ITC
2024-12-19 14:55:00+05:30,467.6,467.7,467.25,467.4,62309,ITC
2024-12-19 14:56:00+05:30,467.6,467.85,467.35,467.75,45553,ITC
2024-12-19 14:57:00+05:30,467.75,467.85,467.5,467.7,55370,ITC
2024-12-19 14:58:00+05:30,467.7,467.85,467.4,467.75,64662,ITC
2024-12-19 14:59:00+05:30,467.75,467.8,467.35,467.65,48934,ITC
2024-12-19 15:00:00+05:30,467.6,467.65,467.1,467.35,66014,ITC
2024-12-19 15:01:00+05:30,467.35,467.55,467.25,467.45,43936,ITC
2024-12-19 15:02:00+05:30,467.45,467.5,467.3,467.45,42702,ITC
2024-12-19 15:03:00+05:30,467.4,467.6,467.4,467.45,44184,ITC
2024-12-19 15:04:00+05:30,467.45,467.55,467.2,467.35,57696,ITC
2024-12-19 15:05:00+05:30,467.4,467.4,467.1,467.15,59088,ITC
2024-12-19 15:06:00+05:30,467.15,467.2,466.85,466.95,78655,ITC
2024-12-19 15:07:00+05:30,466.95,467.15,466.8,466.9,55180,ITC
2024-12-19 15:08:00+05:30,466.9,467.0,466.8,466.95,27199,ITC
2024-12-19 15:09:00+05:30,466.95,467.95,466.9,467.0,277497,ITC
2024-12-19 15:10:00+05:30,467.0,467.2,466.8,466.95,86086,ITC
2024-12-19 15:11:00+05:30,466.95,467.05,466.5,466.6,59462,ITC
2024-12-19 15:12:00+05:30,466.65,467.0,466.45,466.95,93188,ITC
2024-12-19 15:13:00+05:30,466.95,466.95,466.6,466.6,60464,ITC
2024-12-19 15:14:00+05:30,466.75,466.8,466.55,466.6,58332,ITC
2024-12-19 15:15:00+05:30,466.6,466.65,466.3,466.55,109441,ITC
2024-12-19 15:16:00+05:30,466.55,466.6,466.3,466.55,73782,ITC
2024-12-19 15:17:00+05:30,466.55,466.55,466.1,466.25,100141,ITC
2024-12-19 15:18:00+05:30,466.3,466.3,465.8,466.25,179851,ITC
2024-12-19 15:19:00+05:30,466.25,466.25,465.9,465.95,81178,ITC
2024-12-19 15:20:00+05:30,465.95,466.05,465.75,466.05,89219,ITC
2024-12-19 15:21:00+05:30,466.1,466.1,465.8,465.95,58144,ITC
2024-12-19 15:22:00+05:30,466.05,466.05,465.75,465.8,57624,ITC
2024-12-19 15:23:00+05:30,465.8,465.95,465.75,465.9,63281,ITC
2024-12-19 15:24:00+05:30,465.9,466.0,465.75,465.9,58959,ITC
2024-12-19 15:25:00+05:30,465.9,465.9,465.6,465.65,50764,ITC
2024-12-19 15:26:00+05:30,465.65,465.7,465.5,465.55,59932,ITC
2024-12-19 15:27:00+05:30,465.55,465.65,465.3,465.45,81182,ITC
2024-12-19 15:28:00+05:30,465.45,465.6,465.3,465.6,41639,ITC
2024-12-19 15:29:00+05:30,465.6,466.0,465.45,466.0,45553,ITC
2024-12-20 09:15:00+05:30,466.5,467.45,461.0,461.35,267520,ITC
2024-12-20 09:16:00+05:30,461.25,461.6,460.6,461.0,138151,ITC
2024-12-20 09:17:00+05:30,461.0,462.2,461.0,461.75,62508,ITC
2024-12-20 09:18:00+05:30,461.75,462.15,461.25,461.6,83935,ITC
2024-12-20 09:19:00+05:30,461.75,463.3,461.5,462.95,58766,ITC
2024-12-20 09:20:00+05:30,462.95,463.0,461.45,462.0,95893,ITC
2024-12-20 09:21:00+05:30,462.0,462.4,461.5,462.1,43941,ITC
2024-12-20 09:22:00+05:30,462.05,462.25,461.65,461.65,55510,ITC
2024-12-20 09:23:00+05:30,461.8,462.35,461.4,461.9,61917,ITC
2024-12-20 09:24:00+05:30,461.7,462.15,461.45,461.45,84708,ITC
2024-12-20 09:25:00+05:30,461.45,462.2,461.25,461.7,54823,ITC
2024-12-20 09:26:00+05:30,461.7,461.8,461.05,461.8,46186,ITC
2024-12-20 09:27:00+05:30,461.8,462.2,461.65,461.7,35763,ITC
2024-12-20 09:28:00+05:30,461.7,461.75,461.15,461.65,51938,ITC
2024-12-20 09:29:00+05:30,461.65,461.8,461.2,461.4,23823,ITC
2024-12-20 09:30:00+05:30,461.6,462.25,461.4,461.9,62704,ITC
2024-12-20 09:31:00+05:30,461.9,462.7,461.7,462.4,25595,ITC
2024-12-20 09:32:00+05:30,462.4,462.6,462.0,462.05,18553,ITC
2024-12-20 09:33:00+05:30,462.05,462.05,461.7,461.9,80592,ITC
2024-12-20 09:34:00+05:30,461.9,462.25,461.6,461.95,66285,ITC
2024-12-20 09:35:00+05:30,461.85,462.3,461.75,462.1,23946,ITC
2024-12-20 09:36:00+05:30,462.15,463.3,462.15,463.3,73903,ITC
2024-12-20 09:37:00+05:30,463.3,463.85,463.2,463.65,50231,ITC
2024-12-20 09:38:00+05:30,463.65,463.95,463.65,463.75,22684,ITC
2024-12-20 09:39:00+05:30,463.7,464.85,463.65,464.8,57488,ITC
2024-12-20 09:40:00+05:30,464.75,465.45,464.25,465.4,131870,ITC
2024-12-20 09:41:00+05:30,465.4,465.8,464.75,464.9,95056,ITC
2024-12-20 09:42:00+05:30,464.9,465.5,464.5,465.25,35338,ITC
2024-12-20 09:43:00+05:30,465.4,465.7,465.2,465.3,33360,ITC
2024-12-20 09:44:00+05:30,465.3,465.45,464.85,465.05,14864,ITC
2024-12-20 09:45:00+05:30,465.2,465.35,464.9,465.2,36841,ITC
2024-12-20 09:46:00+05:30,465.3,465.55,464.55,465.4,87550,ITC
2024-12-20 09:47:00+05:30,465.6,465.7,463.35,464.2,165185,ITC
2024-12-20 09:48:00+05:30,464.0,464.65,463.9,464.3,144448,ITC
2024-12-20 09:49:00+05:30,464.25,464.4,462.85,463.05,228219,ITC
2024-12-20 09:50:00+05:30,463.05,463.2,461.0,462.25,294225,ITC
2024-12-20 09:51:00+05:30,462.2,462.2,461.05,461.35,135968,ITC
2024-12-20 09:52:00+05:30,461.35,461.8,461.0,461.15,65143,ITC
2024-12-20 09:53:00+05:30,461.1,461.5,460.8,461.4,126187,ITC
2024-12-20 09:54:00+05:30,461.5,461.8,461.1,461.15,41807,ITC
2024-12-20 09:55:00+05:30,461.1,461.8,461.0,461.8,45920,ITC
2024-12-20 09:56:00+05:30,461.65,462.0,461.25,461.7,22007,ITC
2024-12-20 09:57:00+05:30,461.6,461.7,460.6,460.85,89556,ITC
2024-12-20 09:58:00+05:30,460.85,461.55,460.6,461.35,27102,ITC
2024-12-20 09:59:00+05:30,461.55,461.55,460.9,460.9,31483,ITC
2024-12-20 10:00:00+05:30,460.85,461.2,460.25,461.0,48755,ITC
2024-12-20 10:01:00+05:30,461.0,461.3,460.5,461.0,32898,ITC
2024-12-20 10:02:00+05:30,461.0,461.0,460.25,460.5,40164,ITC
2024-12-20 10:03:00+05:30,460.5,461.2,460.4,460.95,12239,ITC
2024-12-20 10:04:00+05:30,460.95,461.15,460.4,460.85,23297,ITC
2024-12-20 10:05:00+05:30,460.65,460.8,459.8,460.25,188415,ITC
2024-12-20 10:06:00+05:30,460.3,460.4,459.65,460.1,46118,ITC
2024-12-20 10:07:00+05:30,460.1,460.5,459.7,460.1,32630,ITC
2024-12-20 10:08:00+05:30,460.0,460.5,459.75,460.0,29723,ITC
2024-12-20 10:09:00+05:30,460.0,460.0,459.3,459.5,51131,ITC
2024-12-20 10:10:00+05:30,459.45,460.0,459.4,459.65,38466,ITC
2024-12-20 10:11:00+05:30,459.6,460.0,459.55,460.0,16388,ITC
2024-12-20 10:12:00+05:30,459.95,460.0,459.55,460.0,19308,ITC
2024-12-20 10:13:00+05:30,460.0,461.1,460.0,460.75,29038,ITC
2024-12-20 10:14:00+05:30,460.75,461.0,460.45,460.9,15505,ITC
2024-12-20 10:15:00+05:30,460.9,461.0,460.5,460.95,44815,ITC
2024-12-20 10:16:00+05:30,460.95,461.5,460.85,461.3,43320,ITC
2024-12-20 10:17:00+05:30,461.35,461.85,461.3,461.8,70185,ITC
2024-12-20 10:18:00+05:30,461.8,463.05,461.65,462.75,74778,ITC
2024-12-20 10:19:00+05:30,462.9,464.0,462.7,463.9,60596,ITC
2024-12-20 10:20:00+05:30,463.9,464.3,462.7,463.1,57824,ITC
2024-12-20 10:21:00+05:30,463.1,463.4,462.65,463.2,50399,ITC
2024-12-20 10:22:00+05:30,463.2,464.1,463.05,463.6,26642,ITC
2024-12-20 10:23:00+05:30,463.55,463.75,463.2,463.45,10859,ITC
2024-12-20 10:24:00+05:30,463.35,463.5,462.6,462.6,37607,ITC
2024-12-20 10:25:00+05:30,462.7,462.7,462.15,462.55,34633,ITC
2024-12-20 10:26:00+05:30,462.65,462.75,461.75,462.0,90228,ITC
2024-12-20 10:27:00+05:30,461.85,462.1,461.6,462.1,24220,ITC
2024-12-20 10:28:00+05:30,462.15,463.2,462.15,463.15,16515,ITC
2024-12-20 10:29:00+05:30,463.1,463.1,462.15,462.4,26047,ITC
2024-12-20 10:30:00+05:30,462.5,463.75,462.15,463.5,27694,ITC
2024-12-20 10:31:00+05:30,463.6,463.9,463.25,463.85,23943,ITC
2024-12-20 10:32:00+05:30,463.8,463.85,463.45,463.6,22581,ITC
2024-12-20 10:33:00+05:30,463.6,463.65,463.1,463.4,14805,ITC
2024-12-20 10:34:00+05:30,463.4,464.35,463.2,464.35,100205,ITC
2024-12-20 10:35:00+05:30,464.4,464.4,464.0,464.15,19424,ITC
2024-12-20 10:36:00+05:30,464.05,464.4,464.0,464.3,16446,ITC
2024-12-20 10:37:00+05:30,464.35,464.4,463.45,463.6,41741,ITC
2024-12-20 10:38:00+05:30,463.7,464.2,463.35,464.2,30715,ITC
2024-12-20 10:39:00+05:30,464.1,464.3,464.0,464.25,21834,ITC
2024-12-20 10:40:00+05:30,464.25,464.3,464.0,464.1,22851,ITC
2024-12-20 10:41:00+05:30,464.0,464.0,463.5,464.0,19980,ITC
2024-12-20 10:42:00+05:30,463.85,464.25,463.85,464.2,11277,ITC
2024-12-20 10:43:00+05:30,464.25,464.4,464.05,464.1,17910,ITC
2024-12-20 10:44:00+05:30,464.1,464.2,463.4,463.6,8951,ITC
2024-12-20 10:45:00+05:30,463.5,463.65,463.15,463.55,13903,ITC
2024-12-20 10:46:00+05:30,463.6,463.6,463.25,463.45,11718,ITC
2024-12-20 10:47:00+05:30,463.3,463.95,463.15,463.75,132089,ITC
2024-12-20 10:48:00+05:30,463.75,463.8,463.0,463.25,67068,ITC
2024-12-20 10:49:00+05:30,463.25,463.7,463.15,463.7,27865,ITC
2024-12-20 10:50:00+05:30,463.7,463.75,463.55,463.75,5990,ITC
2024-12-20 10:51:00+05:30,463.65,464.15,463.65,464.15,6661,ITC
2024-12-20 10:52:00+05:30,464.05,464.7,464.0,464.65,56010,ITC
2024-12-20 10:53:00+05:30,464.7,465.35,464.55,464.7,50040,ITC
2024-12-20 10:54:00+05:30,464.65,465.5,464.35,465.45,63867,ITC
2024-12-20 10:55:00+05:30,465.35,465.5,465.0,465.0,47380,ITC
2024-12-20 10:56:00+05:30,465.0,465.25,464.8,464.85,43857,ITC
2024-12-20 10:57:00+05:30,464.8,465.0,464.75,464.95,9189,ITC
2024-12-20 10:58:00+05:30,464.9,465.25,464.8,465.0,32073,ITC
2024-12-20 10:59:00+05:30,464.95,464.95,464.25,464.5,43949,ITC
2024-12-20 11:00:00+05:30,464.4,464.7,464.3,464.6,12466,ITC
2024-12-20 11:01:00+05:30,464.35,464.75,464.35,464.5,26172,ITC
2024-12-20 11:02:00+05:30,464.5,465.0,464.5,464.95,29595,ITC
2024-12-20 11:03:00+05:30,464.95,465.0,464.65,464.9,5192,ITC
2024-12-20 11:04:00+05:30,464.8,465.4,464.8,465.3,53195,ITC
2024-12-20 11:05:00+05:30,465.25,465.3,465.2,465.3,12240,ITC
2024-12-20 11:06:00+05:30,465.2,465.3,464.85,464.85,87625,ITC
2024-12-20 11:07:00+05:30,464.95,465.2,464.75,465.2,6279,ITC
2024-12-20 11:08:00+05:30,465.2,465.25,464.95,465.25,29557,ITC
2024-12-20 11:09:00+05:30,465.25,465.4,465.15,465.25,9760,ITC
2024-12-20 11:10:00+05:30,465.25,465.3,465.15,465.25,8288,ITC
2024-12-20 11:11:00+05:30,465.15,465.3,465.1,465.3,16575,ITC
2024-12-20 11:12:00+05:30,465.3,465.35,465.2,465.35,34817,ITC
2024-12-20 11:13:00+05:30,465.3,465.4,465.25,465.35,10643,ITC
2024-12-20 11:14:00+05:30,465.3,465.4,465.0,465.05,12888,ITC
2024-12-20 11:15:00+05:30,465.0,465.05,464.5,464.85,16921,ITC
2024-12-20 11:16:00+05:30,464.85,465.0,463.6,464.05,72616,ITC
2024-12-20 11:17:00+05:30,464.0,464.55,463.5,464.35,77013,ITC
2024-12-20 11:18:00+05:30,464.55,464.55,464.2,464.55,9856,ITC
2024-12-20 11:19:00+05:30,464.45,464.65,464.1,464.6,8589,ITC
2024-12-20 11:20:00+05:30,464.6,464.85,464.35,464.7,7835,ITC
2024-12-20 11:21:00+05:30,464.55,465.05,464.55,465.05,42916,ITC
2024-12-20 11:22:00+05:30,464.95,465.25,464.85,465.2,12606,ITC
2024-12-20 11:23:00+05:30,465.15,465.5,465.15,465.4,25281,ITC
2024-12-20 11:24:00+05:30,465.4,465.8,465.15,465.35,40044,ITC
2024-12-20 11:25:00+05:30,465.3,465.6,465.25,465.45,7745,ITC
2024-12-20 11:26:00+05:30,465.45,465.55,465.1,465.55,11554,ITC
2024-12-20 11:27:00+05:30,465.5,465.7,465.3,465.7,8516,ITC
2024-12-20 11:28:00+05:30,465.65,465.75,465.5,465.75,15182,ITC
2024-12-20 11:29:00+05:30,465.7,465.9,465.45,465.85,45890,ITC
2024-12-20 11:30:00+05:30,465.85,465.85,464.65,464.9,35603,ITC
2024-12-20 11:31:00+05:30,464.85,465.0,464.7,464.9,13248,ITC
2024-12-20 11:32:00+05:30,464.9,465.0,464.7,464.9,9458,ITC
2024-12-20 11:33:00+05:30,464.65,465.0,464.65,465.0,10163,ITC
2024-12-20 11:34:00+05:30,465.0,465.35,464.95,465.3,7977,ITC
2024-12-20 11:35:00+05:30,465.3,465.3,464.9,465.0,12685,ITC
2024-12-20 11:36:00+05:30,465.0,465.0,464.2,464.4,93981,ITC
2024-12-20 11:37:00+05:30,464.4,464.45,463.9,464.25,57992,ITC
2024-12-20 11:38:00+05:30,464.15,464.25,463.3,463.75,64118,ITC
2024-12-20 11:39:00+05:30,463.8,464.35,463.7,464.3,39238,ITC
2024-12-20 11:40:00+05:30,464.3,464.5,464.2,464.2,44575,ITC
2024-12-20 11:41:00+05:30,464.4,464.45,464.0,464.4,102320,ITC
2024-12-20 11:42:00+05:30,464.4,464.5,464.2,464.45,18501,ITC
2024-12-20 11:43:00+05:30,464.45,464.5,464.2,464.5,22985,ITC
2024-12-20 11:44:00+05:30,464.5,464.5,464.3,464.5,18350,ITC
2024-12-20 11:45:00+05:30,464.5,464.9,464.3,464.9,6678,ITC
2024-12-20 11:46:00+05:30,464.9,465.0,464.85,464.9,9577,ITC
2024-12-20 11:47:00+05:30,464.95,464.95,464.75,464.9,5724,ITC
2024-12-20 11:48:00+05:30,464.9,465.0,464.75,465.0,13264,ITC
2024-12-20 11:49:00+05:30,465.0,465.0,464.9,465.0,14824,ITC
2024-12-20 11:50:00+05:30,464.9,465.05,464.9,464.95,5241,ITC
2024-12-20 11:51:00+05:30,465.0,465.35,464.9,465.3,7030,ITC
2024-12-20 11:52:00+05:30,465.25,465.5,465.15,465.4,6352,ITC
2024-12-20 11:53:00+05:30,465.4,465.5,465.0,465.1,13529,ITC
2024-12-20 11:54:00+05:30,465.1,465.2,464.55,465.1,15592,ITC
2024-12-20 11:55:00+05:30,465.05,465.4,464.9,465.4,8553,ITC
2024-12-20 11:56:00+05:30,465.45,465.45,464.75,464.9,51606,ITC
2024-12-20 11:57:00+05:30,464.9,464.9,464.55,464.65,14322,ITC
2024-12-20 11:58:00+05:30,464.85,465.0,464.55,464.95,5951,ITC
2024-12-20 11:59:00+05:30,464.95,465.35,464.95,465.35,36329,ITC
2024-12-20 12:00:00+05:30,465.35,465.45,464.85,465.0,27182,ITC
2024-12-20 12:01:00+05:30,465.0,465.4,464.85,465.0,41323,ITC
2024-12-20 12:02:00+05:30,465.2,465.25,464.85,465.0,19529,ITC
2024-12-20 12:03:00+05:30,465.0,465.0,464.5,464.75,10914,ITC
2024-12-20 12:04:00+05:30,464.65,464.9,464.55,464.8,25103,ITC
2024-12-20 12:05:00+05:30,464.8,464.8,464.45,464.6,23001,ITC
2024-12-20 12:06:00+05:30,464.6,464.75,464.4,464.55,23228,ITC
2024-12-20 12:07:00+05:30,464.55,464.55,464.4,464.55,5428,ITC
2024-12-20 12:08:00+05:30,464.55,464.8,464.5,464.8,10180,ITC
2024-12-20 12:09:00+05:30,464.8,465.05,464.65,465.05,16732,ITC
2024-12-20 12:10:00+05:30,465.05,465.2,464.9,465.15,10009,ITC
2024-12-20 12:11:00+05:30,465.15,465.25,464.9,465.1,16257,ITC
2024-12-20 12:12:00+05:30,465.1,465.15,464.9,465.15,11958,ITC
2024-12-20 12:13:00+05:30,465.15,465.25,465.0,465.05,8029,ITC
2024-12-20 12:14:00+05:30,465.0,465.1,464.65,464.8,14530,ITC
2024-12-20 12:15:00+05:30,464.65,464.65,463.55,464.4,240644,ITC
2024-12-20 12:16:00+05:30,464.3,464.55,464.05,464.55,17446,ITC
2024-12-20 12:17:00+05:30,464.55,464.95,464.45,464.9,10666,ITC
2024-12-20 12:18:00+05:30,464.9,464.9,464.4,464.6,10964,ITC
2024-12-20 12:19:00+05:30,464.55,464.75,464.4,464.65,26212,ITC
2024-12-20 12:20:00+05:30,464.65,464.85,464.45,464.8,24986,ITC
2024-12-20 12:21:00+05:30,464.8,464.85,464.55,464.7,16303,ITC
2024-12-20 12:22:00+05:30,464.7,464.7,464.3,464.35,53909,ITC
2024-12-20 12:23:00+05:30,464.35,464.6,464.3,464.3,19820,ITC
2024-12-20 12:24:00+05:30,464.35,464.65,464.3,464.6,17537,ITC
2024-12-20 12:25:00+05:30,464.65,464.8,464.45,464.75,12320,ITC
2024-12-20 12:26:00+05:30,464.75,464.8,464.4,464.55,11091,ITC
2024-12-20 12:27:00+05:30,464.45,464.6,464.3,464.5,14441,ITC
2024-12-20 12:28:00+05:30,464.5,464.55,464.0,464.15,61954,ITC
2024-12-20 12:29:00+05:30,464.25,464.4,463.9,464.0,18448,ITC
2024-12-20 12:30:00+05:30,463.9,464.35,463.55,464.35,24556,ITC
2024-12-20 12:31:00+05:30,464.1,464.35,463.7,463.8,24107,ITC
2024-12-20 12:32:00+05:30,463.8,464.0,463.6,463.75,16773,ITC
2024-12-20 12:33:00+05:30,463.8,463.95,463.65,463.9,15909,ITC
2024-12-20 12:34:00+05:30,463.85,463.85,463.2,463.7,34835,ITC
2024-12-20 12:35:00+05:30,463.65,464.0,463.4,463.75,10374,ITC
2024-12-20 12:36:00+05:30,463.95,464.0,463.4,463.6,16568,ITC
2024-12-20 12:37:00+05:30,463.6,463.85,463.5,463.65,19310,ITC
2024-12-20 12:38:00+05:30,463.75,463.85,463.5,463.65,20095,ITC
2024-12-20 12:39:00+05:30,463.55,463.8,463.5,463.55,32776,ITC
2024-12-20 12:40:00+05:30,463.7,463.7,463.15,463.4,60289,ITC
2024-12-20 12:41:00+05:30,463.4,463.65,463.15,463.4,11659,ITC
2024-12-20 12:42:00+05:30,463.45,463.55,463.1,463.35,28889,ITC
2024-12-20 12:43:00+05:30,463.35,464.6,463.2,464.6,64038,ITC
2024-12-20 12:44:00+05:30,464.6,464.6,463.55,463.85,66075,ITC
2024-12-20 12:45:00+05:30,463.9,464.45,463.3,463.3,60954,ITC
2024-12-20 12:46:00+05:30,463.5,464.1,463.3,463.85,58938,ITC
2024-12-20 12:47:00+05:30,463.65,463.95,463.4,463.75,41880,ITC
2024-12-20 12:48:00+05:30,463.75,463.8,463.2,463.55,79854,ITC
2024-12-20 12:49:00+05:30,463.55,463.6,463.25,463.5,42200,ITC
2024-12-20 12:50:00+05:30,463.5,463.6,463.1,463.1,38230,ITC
2024-12-20 12:51:00+05:30,463.1,463.35,463.0,463.05,27855,ITC
2024-12-20 12:52:00+05:30,463.1,463.3,463.0,463.3,13552,ITC
2024-12-20 12:53:00+05:30,463.3,463.4,463.0,463.0,28759,ITC
2024-12-20 12:54:00+05:30,463.1,463.3,462.8,463.0,30962,ITC
2024-12-20 12:55:00+05:30,463.0,463.1,462.75,463.1,14641,ITC
2024-12-20 12:56:00+05:30,462.9,463.15,462.75,462.95,16053,ITC
2024-12-20 12:57:00+05:30,462.95,463.0,462.5,462.8,25401,ITC
2024-12-20 12:58:00+05:30,462.8,463.25,462.55,463.1,63189,ITC
2024-12-20 12:59:00+05:30,463.1,463.2,462.8,463.0,36040,ITC
2024-12-20 13:00:00+05:30,463.0,463.3,463.0,463.2,12209,ITC
2024-12-20 13:01:00+05:30,463.25,463.45,463.0,463.2,14930,ITC
2024-12-20 13:02:00+05:30,463.2,463.2,462.65,462.85,20174,ITC
2024-12-20 13:03:00+05:30,463.0,463.0,462.45,462.45,23300,ITC
2024-12-20 13:04:00+05:30,462.5,462.65,462.05,462.1,29506,ITC
2024-12-20 13:05:00+05:30,462.1,462.35,462.0,462.05,42195,ITC
2024-12-20 13:06:00+05:30,462.05,462.05,461.5,461.75,37729,ITC
2024-12-20 13:07:00+05:30,461.8,462.4,461.6,462.2,24443,ITC
2024-12-20 13:08:00+05:30,462.15,462.5,462.0,462.45,28558,ITC
2024-12-20 13:09:00+05:30,462.45,462.6,462.15,462.45,34972,ITC
2024-12-20 13:10:00+05:30,462.45,462.6,462.15,462.6,27980,ITC
2024-12-20 13:11:00+05:30,462.5,462.85,462.4,462.65,14408,ITC
2024-12-20 13:12:00+05:30,462.7,462.7,462.2,462.3,20853,ITC
2024-12-20 13:13:00+05:30,462.3,462.4,462.0,462.25,17172,ITC
2024-12-20 13:14:00+05:30,462.25,462.4,462.0,462.3,8830,ITC
2024-12-20 13:15:00+05:30,462.3,462.6,462.1,462.2,9379,ITC
2024-12-20 13:16:00+05:30,462.2,462.4,462.1,462.15,30237,ITC
2024-12-20 13:17:00+05:30,462.2,462.6,462.1,462.6,9679,ITC
2024-12-20 13:18:00+05:30,462.6,462.7,462.2,462.4,16945,ITC
2024-12-20 13:19:00+05:30,462.6,462.6,462.2,462.3,18520,ITC
2024-12-20 13:20:00+05:30,462.3,462.5,462.1,462.4,17827,ITC
2024-12-20 13:21:00+05:30,462.4,462.4,462.05,462.15,14252,ITC
2024-12-20 13:22:00+05:30,462.15,462.4,461.8,461.9,33340,ITC
2024-12-20 13:23:00+05:30,461.9,462.0,461.85,461.95,18545,ITC
2024-12-20 13:24:00+05:30,461.95,462.2,461.9,462.1,23566,ITC
2024-12-20 13:25:00+05:30,462.1,463.0,462.05,463.0,46292,ITC
2024-12-20 13:26:00+05:30,463.0,463.5,462.95,463.1,23354,ITC
2024-12-20 13:27:00+05:30,463.1,463.5,463.0,463.3,53283,ITC
2024-12-20 13:28:00+05:30,463.3,463.4,462.8,463.0,17437,ITC
2024-12-20 13:29:00+05:30,463.0,463.0,462.6,462.95,10956,ITC
2024-12-20 13:30:00+05:30,462.95,463.4,462.75,463.2,12985,ITC
2024-12-20 13:31:00+05:30,463.15,463.25,462.9,463.25,7666,ITC
2024-12-20 13:32:00+05:30,463.25,463.4,463.05,463.1,11404,ITC
2024-12-20 13:33:00+05:30,463.1,463.5,462.9,463.45,20998,ITC
2024-12-20 13:34:00+05:30,463.45,463.6,463.4,463.4,16017,ITC
2024-12-20 13:35:00+05:30,463.6,463.8,463.45,463.8,11812,ITC
2024-12-20 13:36:00+05:30,463.7,464.05,463.0,463.35,58814,ITC
2024-12-20 13:37:00+05:30,463.4,463.65,463.15,463.4,9497,ITC
2024-12-20 13:38:00+05:30,463.2,463.8,463.1,463.55,67910,ITC
2024-12-20 13:39:00+05:30,463.55,463.6,463.3,463.55,11719,ITC
2024-12-20 13:40:00+05:30,463.55,463.9,463.4,463.85,25276,ITC
2024-12-20 13:41:00+05:30,463.9,464.35,463.85,464.3,25737,ITC
2024-12-20 13:42:00+05:30,464.3,464.3,464.1,464.2,10923,ITC
2024-12-20 13:43:00+05:30,464.2,464.25,464.0,464.25,18449,ITC
2024-12-20 13:44:00+05:30,464.1,464.3,464.05,464.2,11338,ITC
2024-12-20 13:45:00+05:30,464.2,464.25,463.55,463.8,37892,ITC
2024-12-20 13:46:00+05:30,463.85,463.85,463.35,463.5,13400,ITC
2024-12-20 13:47:00+05:30,463.55,463.7,463.4,463.65,5160,ITC
2024-12-20 13:48:00+05:30,463.65,463.8,463.45,463.75,11413,ITC
2024-12-20 13:49:00+05:30,463.75,464.0,463.7,463.9,10127,ITC
2024-12-20 13:50:00+05:30,463.85,464.05,463.75,463.85,11681,ITC
2024-12-20 13:51:00+05:30,463.85,463.95,463.55,463.55,9907,ITC
2024-12-20 13:52:00+05:30,463.6,463.7,463.15,463.4,31060,ITC
2024-12-20 13:53:00+05:30,463.4,463.65,463.1,463.6,15741,ITC
2024-12-20 13:54:00+05:30,463.6,463.9,463.4,463.9,12456,ITC
2024-12-20 13:55:00+05:30,463.85,464.05,463.7,463.85,17420,ITC
2024-12-20 13:56:00+05:30,463.95,464.55,463.65,464.35,80918,ITC
2024-12-20 13:57:00+05:30,464.35,464.6,464.1,464.55,29579,ITC
2024-12-20 13:58:00+05:30,464.55,464.6,464.1,464.3,57449,ITC
2024-12-20 13:59:00+05:30,464.2,464.6,464.2,464.5,10575,ITC
2024-12-20 14:00:00+05:30,464.5,464.75,464.45,464.6,33708,ITC
2024-12-20 14:01:00+05:30,464.6,464.6,464.05,464.2,23601,ITC
2024-12-20 14:02:00+05:30,464.2,464.4,464.15,464.2,8256,ITC
2024-12-20 14:03:00+05:30,464.2,464.4,464.1,464.15,10033,ITC
2024-12-20 14:04:00+05:30,464.3,464.4,464.1,464.3,8308,ITC
2024-12-20 14:05:00+05:30,464.3,464.7,464.15,464.6,34533,ITC
2024-12-20 14:06:00+05:30,464.6,464.8,464.55,464.75,10739,ITC
2024-12-20 14:07:00+05:30,464.75,464.8,464.5,464.65,24418,ITC
2024-12-20 14:08:00+05:30,464.65,464.7,464.5,464.6,8775,ITC
2024-12-20 14:09:00+05:30,464.6,464.85,464.5,464.7,13135,ITC
2024-12-20 14:10:00+05:30,464.7,464.85,464.55,464.8,12892,ITC
2024-12-20 14:11:00+05:30,464.8,465.0,464.75,465.0,19675,ITC
2024-12-20 14:12:00+05:30,465.0,465.0,464.15,464.2,128227,ITC
2024-12-20 14:13:00+05:30,464.25,464.55,464.05,464.5,34069,ITC
2024-12-20 14:14:00+05:30,464.5,464.55,464.05,464.3,31106,ITC
2024-12-20 14:15:00+05:30,464.15,464.65,464.0,464.4,29509,ITC
2024-12-20 14:16:00+05:30,464.4,464.5,464.05,464.15,21245,ITC
2024-12-20 14:17:00+05:30,464.15,464.45,463.95,464.45,19257,ITC
2024-12-20 14:18:00+05:30,464.45,464.65,463.95,464.45,56522,ITC
2024-12-20 14:19:00+05:30,464.45,465.5,464.3,465.45,104947,ITC
2024-12-20 14:20:00+05:30,465.45,465.45,465.15,465.3,12841,ITC
2024-12-20 14:21:00+05:30,465.25,465.5,465.1,465.4,23749,ITC
2024-12-20 14:22:00+05:30,465.35,465.75,465.15,465.45,24492,ITC
2024-12-20 14:23:00+05:30,465.4,465.65,465.3,465.6,12771,ITC
2024-12-20 14:24:00+05:30,465.55,465.75,465.45,465.65,15806,ITC
2024-12-20 14:25:00+05:30,465.6,465.75,465.05,465.3,57155,ITC
2024-12-20 14:26:00+05:30,465.25,465.3,464.65,464.65,43359,ITC
2024-12-20 14:27:00+05:30,464.7,465.2,464.55,464.85,19854,ITC
2024-12-20 14:28:00+05:30,464.85,465.0,464.7,464.85,15710,ITC
2024-12-20 14:29:00+05:30,464.8,465.1,464.7,465.0,10197,ITC
2024-12-20 14:30:00+05:30,465.05,465.1,464.95,465.0,13355,ITC
2024-12-20 14:31:00+05:30,464.95,465.0,464.8,465.0,13791,ITC
2024-12-20 14:32:00+05:30,465.0,465.1,464.75,464.85,43336,ITC
2024-12-20 14:33:00+05:30,464.75,465.0,464.75,464.8,15239,ITC
2024-12-20 14:34:00+05:30,464.75,465.2,464.65,465.05,21497,ITC
2024-12-20 14:35:00+05:30,465.0,465.6,464.95,465.5,39051,ITC
2024-12-20 14:36:00+05:30,465.3,465.5,464.95,465.2,20449,ITC
2024-12-20 14:37:00+05:30,465.05,465.6,465.0,465.45,18078,ITC
2024-12-20 14:38:00+05:30,465.45,465.8,465.4,465.65,36427,ITC
2024-12-20 14:39:00+05:30,465.6,466.0,465.5,466.0,45735,ITC
2024-12-20 14:40:00+05:30,465.95,466.3,465.95,466.1,49742,ITC
2024-12-20 14:41:00+05:30,466.1,466.75,466.0,466.55,41627,ITC
2024-12-20 14:42:00+05:30,466.55,467.0,466.3,467.0,44043,ITC
2024-12-20 14:43:00+05:30,466.95,467.35,466.1,466.45,59002,ITC
2024-12-20 14:44:00+05:30,466.15,466.35,465.75,466.2,48925,ITC
2024-12-20 14:45:00+05:30,466.15,466.2,465.95,466.1,38434,ITC
2024-12-20 14:46:00+05:30,466.1,466.45,466.1,466.25,31896,ITC
2024-12-20 14:47:00+05:30,466.25,466.5,466.1,466.45,37578,ITC
2024-12-20 14:48:00+05:30,466.3,466.55,466.0,466.15,28809,ITC
2024-12-20 14:49:00+05:30,466.15,466.3,465.8,465.85,47129,ITC
2024-12-20 14:50:00+05:30,465.85,466.0,465.25,465.7,112312,ITC
2024-12-20 14:51:00+05:30,465.7,465.8,465.0,465.05,86155,ITC
2024-12-20 14:52:00+05:30,465.05,465.4,465.0,465.2,59772,ITC
2024-12-20 14:53:00+05:30,465.2,465.6,465.05,465.5,62968,ITC
2024-12-20 14:54:00+05:30,465.5,465.8,465.2,465.5,76416,ITC
2024-12-20 14:55:00+05:30,465.5,465.55,465.0,465.0,88397,ITC
2024-12-20 14:56:00+05:30,465.0,465.15,464.5,464.95,99590,ITC
2024-12-20 14:57:00+05:30,464.95,465.5,464.75,465.45,58822,ITC
2024-12-20 14:58:00+05:30,465.45,465.65,465.0,465.15,75491,ITC
2024-12-20 14:59:00+05:30,465.15,465.35,464.6,464.7,120188,ITC
2024-12-20 15:00:00+05:30,464.75,464.8,463.4,463.55,334226,ITC
2024-12-20 15:01:00+05:30,463.45,464.55,463.2,464.5,269614,ITC
2024-12-20 15:02:00+05:30,464.5,466.3,464.35,465.8,420229,ITC
2024-12-20 15:03:00+05:30,465.75,466.6,465.35,466.0,289877,ITC
2024-12-20 15:04:00+05:30,465.95,465.95,465.1,465.4,282336,ITC
2024-12-20 15:05:00+05:30,465.35,466.0,465.0,465.7,267759,ITC
2024-12-20 15:06:00+05:30,465.5,465.8,465.15,465.5,234244,ITC
2024-12-20 15:07:00+05:30,465.45,466.15,465.2,465.6,244836,ITC
2024-12-20 15:08:00+05:30,465.65,465.85,465.2,465.5,205388,ITC
2024-12-20 15:09:00+05:30,465.5,465.5,464.8,465.0,155573,ITC
2024-12-20 15:10:00+05:30,465.0,465.4,464.15,464.25,211821,ITC
2024-12-20 15:11:00+05:30,464.2,464.75,464.1,464.25,274939,ITC
2024-12-20 15:12:00+05:30,464.25,464.3,463.45,463.55,224437,ITC
2024-12-20 15:13:00+05:30,463.65,464.15,463.15,463.4,173287,ITC
2024-12-20 15:14:00+05:30,463.45,463.9,463.15,463.55,193493,ITC
2024-12-20 15:15:00+05:30,463.6,464.4,463.35,463.95,182050,ITC
2024-12-20 15:16:00+05:30,464.0,464.05,463.5,463.9,179438,ITC
2024-12-20 15:17:00+05:30,463.9,464.05,463.6,463.85,150223,ITC
2024-12-20 15:18:00+05:30,463.75,464.65,463.7,464.6,250760,ITC
2024-12-20 15:19:00+05:30,464.4,464.65,464.3,464.4,147114,ITC
2024-12-20 15:20:00+05:30,464.3,465.25,464.1,465.2,228430,ITC
2024-12-20 15:21:00+05:30,465.2,465.35,464.85,464.85,148410,ITC
2024-12-20 15:22:00+05:30,464.9,465.45,464.8,465.35,190639,ITC
2024-12-20 15:23:00+05:30,465.35,465.35,464.75,464.8,159009,ITC
2024-12-20 15:24:00+05:30,464.75,465.35,464.4,465.05,261675,ITC
2024-12-20 15:25:00+05:30,465.1,465.4,464.8,464.95,171605,ITC
2024-12-20 15:26:00+05:30,465.05,465.15,464.4,464.5,144101,ITC
2024-12-20 15:27:00+05:30,464.5,465.4,464.25,464.95,259738,ITC
2024-12-20 15:28:00+05:30,464.85,465.8,464.1,464.85,80654,ITC
2024-12-20 15:29:00+05:30,464.85,465.9,462.0,465.65,159030,ITC
2024-12-23 09:15:00+05:30,471.2,471.4,468.35,468.45,179325,ITC
2024-12-23 09:16:00+05:30,468.65,468.95,468.3,468.9,134203,ITC
2024-12-23 09:17:00+05:30,468.9,469.0,468.1,468.4,140305,ITC
2024-12-23 09:18:00+05:30,468.5,468.85,467.8,468.8,66495,ITC
2024-12-23 09:19:00+05:30,468.8,468.9,468.5,468.8,78553,ITC
2024-12-23 09:20:00+05:30,468.9,469.05,468.65,468.65,146036,ITC
2024-12-23 09:21:00+05:30,468.8,468.95,468.3,468.7,56451,ITC
2024-12-23 09:22:00+05:30,468.7,469.75,468.5,469.75,252354,ITC
2024-12-23 09:23:00+05:30,469.6,470.0,469.35,469.55,65209,ITC
2024-12-23 09:24:00+05:30,469.55,470.0,469.4,469.9,32578,ITC
2024-12-23 09:25:00+05:30,470.0,470.0,469.5,469.85,43730,ITC
2024-12-23 09:26:00+05:30,469.85,470.0,469.55,469.75,28523,ITC
2024-12-23 09:27:00+05:30,469.7,469.85,469.45,469.6,27484,ITC
2024-12-23 09:28:00+05:30,469.65,470.25,469.35,470.1,68457,ITC
2024-12-23 09:29:00+05:30,470.25,471.45,469.85,471.45,100312,ITC
2024-12-23 09:30:00+05:30,471.45,471.95,470.7,471.0,74108,ITC
2024-12-23 09:31:00+05:30,471.0,471.75,470.75,471.6,69480,ITC
2024-12-23 09:32:00+05:30,471.65,471.8,470.5,470.5,36469,ITC
2024-12-23 09:33:00+05:30,470.75,471.0,470.5,470.75,25538,ITC
2024-12-23 09:34:00+05:30,470.75,470.75,469.65,470.0,56925,ITC
2024-12-23 09:35:00+05:30,470.05,470.45,469.85,470.15,54428,ITC
2024-12-23 09:36:00+05:30,470.1,470.25,469.05,469.25,143935,ITC
2024-12-23 09:37:00+05:30,469.25,469.4,468.05,468.2,58995,ITC
2024-12-23 09:38:00+05:30,468.2,468.35,467.6,468.15,61452,ITC
2024-12-23 09:39:00+05:30,468.35,468.4,467.9,468.1,44262,ITC
2024-12-23 09:40:00+05:30,468.15,468.5,467.8,468.0,110277,ITC
2024-12-23 09:41:00+05:30,468.0,468.6,468.0,468.6,61026,ITC
2024-12-23 09:42:00+05:30,468.6,469.4,468.5,469.35,21425,ITC
2024-12-23 09:43:00+05:30,469.1,469.45,468.5,468.55,54310,ITC
2024-12-23 09:44:00+05:30,468.75,468.95,468.3,468.95,75943,ITC
2024-12-23 09:45:00+05:30,468.85,469.15,468.6,468.85,17045,ITC
2024-12-23 09:46:00+05:30,468.85,469.0,468.55,468.65,16926,ITC
2024-12-23 09:47:00+05:30,468.65,468.95,468.5,468.6,14514,ITC
2024-12-23 09:48:00+05:30,468.6,468.95,468.55,468.9,20597,ITC
2024-12-23 09:49:00+05:30,468.7,468.95,468.5,468.8,58889,ITC
2024-12-23 09:50:00+05:30,468.8,468.8,468.5,468.65,24584,ITC
2024-12-23 09:51:00+05:30,468.65,469.85,468.65,469.8,29065,ITC
2024-12-23 09:52:00+05:30,469.8,470.45,469.55,470.4,28918,ITC
2024-12-23 09:53:00+05:30,470.4,470.95,470.4,470.6,54140,ITC
2024-12-23 09:54:00+05:30,470.6,471.5,470.0,471.05,56134,ITC
2024-12-23 09:55:00+05:30,471.05,471.05,470.0,470.15,56206,ITC
2024-12-23 09:56:00+05:30,470.15,470.3,469.5,470.0,39443,ITC
2024-12-23 09:57:00+05:30,469.8,469.95,469.3,469.45,17193,ITC
2024-12-23 09:58:00+05:30,469.45,469.65,469.05,469.15,13348,ITC
2024-12-23 09:59:00+05:30,469.25,469.95,469.15,469.95,24176,ITC
2024-12-23 10:00:00+05:30,469.95,470.0,469.35,469.7,26343,ITC
2024-12-23 10:01:00+05:30,469.7,470.55,469.7,470.4,39154,ITC
2024-12-23 10:02:00+05:30,470.5,470.5,470.25,470.4,12757,ITC
2024-12-23 10:03:00+05:30,470.4,471.0,470.3,470.9,35260,ITC
2024-12-23 10:04:00+05:30,470.9,471.1,470.6,470.8,68152,ITC
2024-12-23 10:05:00+05:30,470.8,471.1,470.7,471.0,30950,ITC
2024-12-23 10:06:00+05:30,471.0,471.25,470.8,471.0,55747,ITC
2024-12-23 10:07:00+05:30,471.0,471.0,470.25,470.45,26778,ITC
2024-12-23 10:08:00+05:30,470.35,471.0,470.2,470.65,75598,ITC
2024-12-23 10:09:00+05:30,470.65,470.9,470.3,470.85,30971,ITC
2024-12-23 10:10:00+05:30,470.65,471.05,470.6,471.05,24552,ITC
2024-12-23 10:11:00+05:30,471.05,471.15,470.7,471.0,34450,ITC
2024-12-23 10:12:00+05:30,470.85,471.0,470.65,470.95,16962,ITC
2024-12-23 10:13:00+05:30,471.0,471.25,470.7,470.85,37121,ITC
2024-12-23 10:14:00+05:30,470.85,470.85,470.05,470.5,46589,ITC
2024-12-23 10:15:00+05:30,470.5,470.7,470.05,470.35,23096,ITC
2024-12-23 10:16:00+05:30,470.45,470.55,470.05,470.4,24976,ITC
2024-12-23 10:17:00+05:30,470.4,470.55,470.2,470.5,21822,ITC
2024-12-23 10:18:00+05:30,470.5,470.6,470.1,470.3,25724,ITC
2024-12-23 10:19:00+05:30,470.4,470.6,470.05,470.55,21045,ITC
2024-12-23 10:20:00+05:30,470.4,470.65,470.2,470.45,25485,ITC
2024-12-23 10:21:00+05:30,470.55,471.1,470.45,470.85,39893,ITC
2024-12-23 10:22:00+05:30,470.85,470.95,470.7,470.75,39984,ITC
2024-12-23 10:23:00+05:30,470.8,471.2,470.7,470.95,43767,ITC
2024-12-23 10:24:00+05:30,471.0,471.35,470.95,471.2,55388,ITC
2024-12-23 10:25:00+05:30,471.2,471.2,470.75,471.0,85600,ITC
2024-12-23 10:26:00+05:30,471.0,471.2,470.85,471.15,65946,ITC
2024-12-23 10:27:00+05:30,471.15,471.35,471.0,471.15,36973,ITC
2024-12-23 10:28:00+05:30,471.15,471.2,471.1,471.15,34263,ITC
2024-12-23 10:29:00+05:30,471.2,471.75,471.1,471.7,63975,ITC
2024-12-23 10:30:00+05:30,471.75,471.85,471.55,471.6,52985,ITC
2024-12-23 10:31:00+05:30,471.7,471.75,471.15,471.2,21521,ITC
2024-12-23 10:32:00+05:30,471.15,471.5,471.1,471.35,21486,ITC
2024-12-23 10:33:00+05:30,471.35,471.5,471.25,471.5,23456,ITC
2024-12-23 10:34:00+05:30,471.5,471.5,471.15,471.35,20424,ITC
2024-12-23 10:35:00+05:30,471.35,471.45,471.05,471.2,14478,ITC
2024-12-23 10:36:00+05:30,471.25,471.45,471.05,471.25,12096,ITC
2024-12-23 10:37:00+05:30,471.25,471.8,471.25,471.7,31521,ITC
2024-12-23 10:38:00+05:30,471.8,471.85,471.6,471.8,18704,ITC
2024-12-23 10:39:00+05:30,471.85,472.45,471.8,472.45,98287,ITC
2024-12-23 10:40:00+05:30,472.3,473.25,472.3,473.2,118400,ITC
2024-12-23 10:41:00+05:30,473.2,473.75,472.85,473.25,86107,ITC
2024-12-23 10:42:00+05:30,473.2,473.8,473.2,473.65,52345,ITC
2024-12-23 10:43:00+05:30,473.6,473.8,473.3,473.45,45769,ITC
2024-12-23 10:44:00+05:30,473.45,473.45,472.8,473.1,41733,ITC
2024-12-23 10:45:00+05:30,473.0,473.25,472.85,472.9,37402,ITC
2024-12-23 10:46:00+05:30,473.0,473.3,472.85,472.85,31219,ITC
2024-12-23 10:47:00+05:30,473.0,473.0,472.45,472.5,42680,ITC
2024-12-23 10:48:00+05:30,472.5,472.75,472.3,472.4,24203,ITC
2024-12-23 10:49:00+05:30,472.6,473.0,472.4,472.95,21889,ITC
2024-12-23 10:50:00+05:30,472.95,473.15,472.8,472.95,27254,ITC
2024-12-23 10:51:00+05:30,473.15,473.15,472.8,473.0,36229,ITC
2024-12-23 10:52:00+05:30,473.0,473.1,472.8,472.95,18160,ITC
2024-12-23 10:53:00+05:30,472.8,473.0,472.7,472.9,23388,ITC
2024-12-23 10:54:00+05:30,472.95,473.0,472.85,473.0,15359,ITC
2024-12-23 10:55:00+05:30,473.0,473.0,472.65,472.7,21441,ITC
2024-12-23 10:56:00+05:30,472.8,472.95,472.6,472.95,31202,ITC
2024-12-23 10:57:00+05:30,472.95,473.1,472.8,473.1,27646,ITC
2024-12-23 10:58:00+05:30,473.05,473.7,473.05,473.7,31439,ITC
2024-12-23 10:59:00+05:30,473.7,473.8,473.5,473.5,31986,ITC
2024-12-23 11:00:00+05:30,473.55,474.0,473.5,473.95,37090,ITC
2024-12-23 11:01:00+05:30,474.0,474.0,473.75,473.9,34512,ITC
2024-12-23 11:02:00+05:30,473.8,473.95,473.6,473.9,23332,ITC
2024-12-23 11:03:00+05:30,473.85,473.95,473.75,473.9,23946,ITC
2024-12-23 11:04:00+05:30,473.9,473.9,473.75,473.8,14696,ITC
2024-12-23 11:05:00+05:30,473.8,474.55,473.8,474.4,147541,ITC
2024-12-23 11:06:00+05:30,474.4,474.6,474.0,474.2,43655,ITC
2024-12-23 11:07:00+05:30,474.2,474.4,474.0,474.4,20755,ITC
2024-12-23 11:08:00+05:30,474.3,474.45,474.15,474.2,29266,ITC
2024-12-23 11:09:00+05:30,474.25,474.55,474.1,474.35,29408,ITC
2024-12-23 11:10:00+05:30,474.35,474.45,474.0,474.25,35775,ITC
2024-12-23 11:11:00+05:30,474.3,474.55,474.25,474.3,28487,ITC
2024-12-23 11:12:00+05:30,474.3,474.5,474.3,474.4,28503,ITC
2024-12-23 11:13:00+05:30,474.3,474.5,474.0,474.2,31847,ITC
2024-12-23 11:14:00+05:30,474.2,474.35,474.05,474.25,12935,ITC
2024-12-23 11:15:00+05:30,474.25,474.5,474.2,474.5,24132,ITC
2024-12-23 11:16:00+05:30,474.4,474.5,474.05,474.25,20089,ITC
2024-12-23 11:17:00+05:30,474.3,474.5,474.1,474.5,12098,ITC
2024-12-23 11:18:00+05:30,474.45,474.6,474.2,474.35,43299,ITC
2024-12-23 11:19:00+05:30,474.35,474.45,474.1,474.3,20123,ITC
2024-12-23 11:20:00+05:30,474.4,474.4,474.2,474.25,20094,ITC
2024-12-23 11:21:00+05:30,474.35,474.35,474.05,474.1,25745,ITC
2024-12-23 11:22:00+05:30,474.05,474.3,473.9,474.2,48911,ITC
2024-12-23 11:23:00+05:30,474.1,474.35,474.1,474.3,23279,ITC
2024-12-23 11:24:00+05:30,474.3,474.3,473.85,473.9,24277,ITC
2024-12-23 11:25:00+05:30,473.9,474.35,473.85,474.15,28090,ITC
2024-12-23 11:26:00+05:30,474.35,474.65,474.15,474.65,29937,ITC
2024-12-23 11:27:00+05:30,474.65,474.7,474.5,474.65,26037,ITC
2024-12-23 11:28:00+05:30,474.55,474.8,474.2,474.75,42879,ITC
2024-12-23 11:29:00+05:30,474.8,474.9,474.75,474.9,29511,ITC
2024-12-23 11:30:00+05:30,474.9,474.95,474.8,474.9,30487,ITC
2024-12-23 11:31:00+05:30,474.95,475.2,474.8,474.9,172476,ITC
2024-12-23 11:32:00+05:30,474.95,475.1,474.9,475.0,37597,ITC
2024-12-23 11:33:00+05:30,475.0,475.1,474.8,474.8,29606,ITC
2024-12-23 11:34:00+05:30,474.85,475.2,474.8,474.95,117465,ITC
2024-12-23 11:35:00+05:30,474.9,475.0,474.8,474.95,20115,ITC
2024-12-23 11:36:00+05:30,475.0,475.0,474.85,474.95,31205,ITC
2024-12-23 11:37:00+05:30,474.85,475.0,474.6,474.6,35311,ITC
2024-12-23 11:38:00+05:30,474.6,474.85,474.5,474.65,33291,ITC
2024-12-23 11:39:00+05:30,474.65,475.0,474.5,474.75,44542,ITC
2024-12-23 11:40:00+05:30,474.55,474.9,474.55,474.75,37659,ITC
2024-12-23 11:41:00+05:30,474.85,474.85,474.3,474.6,46603,ITC
2024-12-23 11:42:00+05:30,474.6,474.9,474.4,474.75,28032,ITC
2024-12-23 11:43:00+05:30,474.8,474.85,474.55,474.75,39528,ITC
2024-12-23 11:44:00+05:30,474.75,474.95,474.45,474.95,82177,ITC
2024-12-23 11:45:00+05:30,474.9,475.6,474.9,475.55,121607,ITC
2024-12-23 11:46:00+05:30,475.6,475.9,475.4,475.85,95727,ITC
2024-12-23 11:47:00+05:30,475.85,475.9,475.35,475.45,53119,ITC
2024-12-23 11:48:00+05:30,475.5,475.5,475.2,475.5,37112,ITC
2024-12-23 11:49:00+05:30,475.5,475.85,475.45,475.7,43281,ITC
2024-12-23 11:50:00+05:30,475.65,475.7,475.35,475.45,37082,ITC
2024-12-23 11:51:00+05:30,475.5,475.7,475.4,475.7,39209,ITC
2024-12-23 11:52:00+05:30,475.7,475.7,475.25,475.3,43404,ITC
2024-12-23 11:53:00+05:30,475.4,475.6,475.4,475.45,27416,ITC
2024-12-23 11:54:00+05:30,475.5,475.55,475.2,475.4,26571,ITC
2024-12-23 11:55:00+05:30,475.4,475.4,474.8,475.1,108577,ITC
2024-12-23 11:56:00+05:30,475.1,475.15,474.8,474.95,153282,ITC
2024-12-23 11:57:00+05:30,475.0,475.15,474.8,475.0,58998,ITC
2024-12-23 11:58:00+05:30,475.0,475.15,474.85,475.05,22572,ITC
2024-12-23 11:59:00+05:30,475.05,475.1,474.7,474.9,39378,ITC
2024-12-23 12:00:00+05:30,474.85,474.9,474.4,474.8,36194,ITC
2024-12-23 12:01:00+05:30,474.8,474.9,474.3,474.3,40866,ITC
2024-12-23 12:02:00+05:30,474.45,474.6,474.3,474.55,14367,ITC
2024-12-23 12:03:00+05:30,474.6,475.0,474.35,474.45,72275,ITC
2024-12-23 12:04:00+05:30,474.5,474.55,474.0,474.35,52320,ITC
2024-12-23 12:05:00+05:30,474.3,474.45,474.15,474.2,42186,ITC
2024-12-23 12:06:00+05:30,474.25,474.45,474.05,474.3,28920,ITC
2024-12-23 12:07:00+05:30,474.3,474.6,474.05,474.1,28721,ITC
2024-12-23 12:08:00+05:30,474.15,474.45,474.0,474.2,26742,ITC
2024-12-23 12:09:00+05:30,474.35,474.5,474.15,474.2,25617,ITC
2024-12-23 12:10:00+05:30,474.2,474.6,474.15,474.55,31880,ITC
2024-12-23 12:11:00+05:30,474.5,474.8,474.2,474.65,38646,ITC
2024-12-23 12:12:00+05:30,474.7,474.95,474.45,474.75,23743,ITC
2024-12-23 12:13:00+05:30,474.8,475.3,474.7,475.25,27802,ITC
2024-12-23 12:14:00+05:30,475.25,475.25,474.8,475.0,35322,ITC
2024-12-23 12:15:00+05:30,475.0,475.2,474.95,475.1,21957,ITC
2024-12-23 12:16:00+05:30,475.1,475.85,475.05,475.65,46032,ITC
2024-12-23 12:17:00+05:30,475.85,476.4,475.7,476.3,156138,ITC
2024-12-23 12:18:00+05:30,476.4,476.7,476.35,476.45,116722,ITC
2024-12-23 12:19:00+05:30,476.55,476.75,476.4,476.65,34291,ITC
2024-12-23 12:20:00+05:30,476.65,476.75,476.5,476.6,42053,ITC
2024-12-23 12:21:00+05:30,476.6,477.0,476.5,476.85,71808,ITC
2024-12-23 12:22:00+05:30,476.85,476.95,476.3,476.3,40503,ITC
2024-12-23 12:23:00+05:30,476.25,476.55,476.05,476.05,43668,ITC
2024-12-23 12:24:00+05:30,476.15,476.15,475.8,475.8,44956,ITC
2024-12-23 12:25:00+05:30,475.85,476.0,475.25,475.95,55134,ITC
2024-12-23 12:26:00+05:30,475.95,476.15,475.8,475.95,38391,ITC
2024-12-23 12:27:00+05:30,476.0,476.0,475.5,475.95,29634,ITC
2024-12-23 12:28:00+05:30,475.95,476.25,475.8,476.25,40970,ITC
2024-12-23 12:29:00+05:30,476.2,476.95,476.2,476.85,48607,ITC
2024-12-23 12:30:00+05:30,476.8,477.0,476.35,476.55,132512,ITC
2024-12-23 12:31:00+05:30,476.5,477.0,476.3,476.85,24418,ITC
2024-12-23 12:32:00+05:30,476.9,477.65,476.8,477.3,127860,ITC
2024-12-23 12:33:00+05:30,477.35,477.7,476.9,477.1,80356,ITC
2024-12-23 12:34:00+05:30,477.15,477.3,476.7,476.85,58359,ITC
2024-12-23 12:35:00+05:30,476.8,476.95,476.25,476.45,33908,ITC
2024-12-23 12:36:00+05:30,476.45,476.6,475.85,475.9,47321,ITC
2024-12-23 12:37:00+05:30,475.85,476.05,475.75,475.75,18723,ITC
2024-12-23 12:38:00+05:30,475.8,475.9,475.05,475.2,84332,ITC
2024-12-23 12:39:00+05:30,475.3,475.35,475.05,475.1,82771,ITC
2024-12-23 12:40:00+05:30,475.15,475.65,475.05,475.3,40485,ITC
2024-12-23 12:41:00+05:30,475.3,475.5,475.1,475.25,44893,ITC
2024-12-23 12:42:00+05:30,475.3,475.35,475.0,475.1,109853,ITC
2024-12-23 12:43:00+05:30,475.1,475.25,475.05,475.2,28263,ITC
2024-12-23 12:44:00+05:30,475.2,475.2,475.0,475.15,25211,ITC
2024-12-23 12:45:00+05:30,475.05,475.25,475.05,475.2,37337,ITC
2024-12-23 12:46:00+05:30,475.2,475.35,475.05,475.1,31613,ITC
2024-12-23 12:47:00+05:30,475.25,475.3,475.05,475.1,24242,ITC
2024-12-23 12:48:00+05:30,475.1,475.15,474.6,474.65,147170,ITC
2024-12-23 12:49:00+05:30,474.8,474.85,474.05,474.25,78196,ITC
2024-12-23 12:50:00+05:30,474.2,474.4,473.5,474.25,88802,ITC
2024-12-23 12:51:00+05:30,474.25,474.3,473.5,473.5,50491,ITC
2024-12-23 12:52:00+05:30,473.6,473.7,473.2,473.45,43720,ITC
2024-12-23 12:53:00+05:30,473.45,473.5,472.45,472.85,86943,ITC
2024-12-23 12:54:00+05:30,472.85,473.05,472.5,472.95,54268,ITC
2024-12-23 12:55:00+05:30,472.95,473.3,472.8,473.3,36428,ITC
2024-12-23 12:56:00+05:30,473.3,473.35,472.55,472.7,49857,ITC
2024-12-23 12:57:00+05:30,472.7,473.2,472.55,473.15,29988,ITC
2024-12-23 12:58:00+05:30,473.15,473.3,472.75,472.8,27262,ITC
2024-12-23 12:59:00+05:30,472.85,472.95,472.5,472.55,46842,ITC
2024-12-23 13:00:00+05:30,472.65,473.1,472.55,472.9,27743,ITC
2024-12-23 13:01:00+05:30,472.95,473.45,472.6,472.75,44271,ITC
2024-12-23 13:02:00+05:30,472.75,473.8,472.65,473.65,52390,ITC
2024-12-23 13:03:00+05:30,473.7,473.9,473.65,473.8,34976,ITC
2024-12-23 13:04:00+05:30,473.75,473.95,473.15,473.2,40201,ITC
2024-12-23 13:05:00+05:30,473.2,473.3,472.8,473.0,48139,ITC
2024-12-23 13:06:00+05:30,473.0,473.3,472.9,473.15,27804,ITC
2024-12-23 13:07:00+05:30,473.15,473.3,473.1,473.15,56885,ITC
2024-12-23 13:08:00+05:30,473.15,473.35,473.1,473.15,31341,ITC
2024-12-23 13:09:00+05:30,473.15,473.2,473.1,473.15,75736,ITC
2024-12-23 13:10:00+05:30,473.1,473.35,473.05,473.2,40000,ITC
2024-12-23 13:11:00+05:30,473.2,473.35,473.1,473.15,25207,ITC
2024-12-23 13:12:00+05:30,473.1,473.6,473.1,473.6,47250,ITC
2024-12-23 13:13:00+05:30,473.6,473.6,472.7,473.0,80841,ITC
2024-12-23 13:14:00+05:30,473.05,473.2,472.65,472.65,25375,ITC
2024-12-23 13:15:00+05:30,472.65,473.7,472.65,473.1,89032,ITC
2024-12-23 13:16:00+05:30,473.2,473.65,473.05,473.5,56322,ITC
2024-12-23 13:17:00+05:30,473.55,473.65,473.4,473.65,54607,ITC
2024-12-23 13:18:00+05:30,473.65,473.7,473.35,473.5,49242,ITC
2024-12-23 13:19:00+05:30,473.5,473.65,472.7,473.05,78375,ITC
2024-12-23 13:20:00+05:30,473.2,473.4,472.95,473.15,24852,ITC
2024-12-23 13:21:00+05:30,473.15,473.4,473.05,473.05,21291,ITC
2024-12-23 13:22:00+05:30,473.15,473.15,472.85,472.9,22508,ITC
2024-12-23 13:23:00+05:30,472.9,473.0,472.6,472.85,55690,ITC
2024-12-23 13:24:00+05:30,472.85,473.35,472.8,473.1,36842,ITC
2024-12-23 13:25:00+05:30,473.1,473.3,472.6,472.6,37798,ITC
2024-12-23 13:26:00+05:30,472.6,472.8,472.2,472.3,60492,ITC
2024-12-23 13:27:00+05:30,472.25,472.55,472.1,472.3,42329,ITC
2024-12-23 13:28:00+05:30,472.3,472.5,472.05,472.05,46903,ITC
2024-12-23 13:29:00+05:30,472.1,472.25,472.0,472.05,94115,ITC
2024-12-23 13:30:00+05:30,472.25,472.3,471.55,471.9,232023,ITC
2024-12-23 13:31:00+05:30,471.9,472.0,471.7,471.85,41471,ITC
2024-12-23 13:32:00+05:30,471.85,471.95,471.55,471.85,30433,ITC
2024-12-23 13:33:00+05:30,471.9,472.3,471.7,472.0,39491,ITC
2024-12-23 13:34:00+05:30,472.0,472.25,471.55,471.6,44134,ITC
2024-12-23 13:35:00+05:30,471.7,471.95,471.6,471.75,30662,ITC
2024-12-23 13:36:00+05:30,471.75,471.85,471.55,471.55,44496,ITC
2024-12-23 13:37:00+05:30,471.55,471.95,471.5,471.8,33007,ITC
2024-12-23 13:38:00+05:30,471.8,472.25,471.7,472.15,48420,ITC
2024-12-23 13:39:00+05:30,472.15,472.35,472.05,472.15,52278,ITC
2024-12-23 13:40:00+05:30,472.1,472.45,472.05,472.45,37810,ITC
2024-12-23 13:41:00+05:30,472.4,472.5,472.0,472.0,40070,ITC
2024-12-23 13:42:00+05:30,472.05,472.55,472.0,472.45,45848,ITC
2024-12-23 13:43:00+05:30,472.45,472.8,472.45,472.5,41589,ITC
2024-12-23 13:44:00+05:30,472.5,472.8,472.35,472.65,58492,ITC
2024-12-23 13:45:00+05:30,472.65,472.9,472.2,472.4,42858,ITC
2024-12-23 13:46:00+05:30,472.5,472.95,472.4,472.75,30471,ITC
2024-12-23 13:47:00+05:30,472.75,473.05,472.65,472.8,40842,ITC
2024-12-23 13:48:00+05:30,472.8,472.9,472.5,472.55,32653,ITC
2024-12-23 13:49:00+05:30,472.6,473.0,472.6,472.85,27813,ITC
2024-12-23 13:50:00+05:30,472.9,472.9,472.4,472.7,48935,ITC
2024-12-23 13:51:00+05:30,472.7,472.9,472.55,472.8,29024,ITC
2024-12-23 13:52:00+05:30,472.8,473.0,472.7,472.9,23904,ITC
2024-12-23 13:53:00+05:30,472.9,473.1,472.75,473.05,33623,ITC
2024-12-23 13:54:00+05:30,472.95,473.1,472.65,472.7,30983,ITC
2024-12-23 13:55:00+05:30,472.7,472.9,472.6,472.7,33678,ITC
2024-12-23 13:56:00+05:30,472.6,473.1,472.6,472.85,25272,ITC
2024-12-23 13:57:00+05:30,472.85,473.1,472.75,473.0,27025,ITC
2024-12-23 13:58:00+05:30,473.0,473.15,472.7,473.1,25994,ITC
2024-12-23 13:59:00+05:30,472.9,473.1,472.7,472.7,42026,ITC
2024-12-23 14:00:00+05:30,472.7,472.85,472.4,472.45,36198,ITC
2024-12-23 14:01:00+05:30,472.45,472.8,472.3,472.35,33393,ITC
2024-12-23 14:02:00+05:30,472.35,472.55,472.15,472.2,31963,ITC
2024-12-23 14:03:00+05:30,472.2,472.45,472.0,472.0,33676,ITC
2024-12-23 14:04:00+05:30,472.05,472.2,471.85,471.9,31185,ITC
2024-12-23 14:05:00+05:30,471.9,472.05,471.35,471.7,66509,ITC
2024-12-23 14:06:00+05:30,471.75,471.9,471.5,471.8,21451,ITC
2024-12-23 14:07:00+05:30,471.8,472.0,471.7,471.8,24299,ITC
2024-12-23 14:08:00+05:30,471.75,472.0,471.75,471.75,61270,ITC
2024-12-23 14:09:00+05:30,471.85,471.9,471.65,471.9,28414,ITC
2024-12-23 14:10:00+05:30,471.9,471.9,471.5,471.5,40517,ITC
2024-12-23 14:11:00+05:30,471.6,471.75,471.5,471.55,38872,ITC
2024-12-23 14:12:00+05:30,471.55,471.9,471.4,471.75,30220,ITC
2024-12-23 14:13:00+05:30,471.75,472.0,471.5,471.85,25415,ITC
2024-12-23 14:14:00+05:30,471.9,472.05,471.7,471.85,17913,ITC
2024-12-23 14:15:00+05:30,471.85,472.0,471.45,471.55,28344,ITC
2024-12-23 14:16:00+05:30,471.65,471.9,471.55,471.8,28708,ITC
2024-12-23 14:17:00+05:30,471.8,472.1,471.65,471.8,30081,ITC
2024-12-23 14:18:00+05:30,471.75,472.3,471.6,472.3,51371,ITC
2024-12-23 14:19:00+05:30,472.2,472.7,472.0,472.1,40154,ITC
2024-12-23 14:20:00+05:30,472.1,472.65,472.05,472.55,33120,ITC
2024-12-23 14:21:00+05:30,472.65,472.8,472.25,472.65,39080,ITC
2024-12-23 14:22:00+05:30,472.65,472.75,472.5,472.65,26732,ITC
2024-12-23 14:23:00+05:30,472.5,472.7,472.15,472.5,29035,ITC
2024-12-23 14:24:00+05:30,472.45,472.5,472.0,472.25,33946,ITC
2024-12-23 14:25:00+05:30,472.25,472.4,472.05,472.25,33463,ITC
2024-12-23 14:26:00+05:30,472.25,472.6,472.1,472.55,18242,ITC
2024-12-23 14:27:00+05:30,472.55,472.7,472.15,472.3,20568,ITC
2024-12-23 14:28:00+05:30,472.4,472.65,472.25,472.65,19653,ITC
2024-12-23 14:29:00+05:30,472.55,472.9,472.5,472.75,19015,ITC
2024-12-23 14:30:00+05:30,472.75,472.95,472.65,472.85,34812,ITC
2024-12-23 14:31:00+05:30,472.85,472.95,472.6,472.8,54378,ITC
2024-12-23 14:32:00+05:30,472.9,472.95,472.55,472.95,84463,ITC
2024-12-23 14:33:00+05:30,472.95,472.95,472.65,472.8,39025,ITC
2024-12-23 14:34:00+05:30,472.65,473.95,472.65,473.8,157220,ITC
2024-12-23 14:35:00+05:30,473.9,473.95,473.6,473.6,55521,ITC
2024-12-23 14:36:00+05:30,473.6,474.8,473.6,474.6,73866,ITC
2024-12-23 14:37:00+05:30,474.55,474.8,474.2,474.45,71290,ITC
2024-12-23 14:38:00+05:30,474.5,474.85,474.3,474.85,46799,ITC
2024-12-23 14:39:00+05:30,474.8,474.9,474.5,474.7,50429,ITC
2024-12-23 14:40:00+05:30,474.7,474.9,474.35,474.7,55965,ITC
2024-12-23 14:41:00+05:30,474.7,474.75,474.35,474.5,43493,ITC
2024-12-23 14:42:00+05:30,474.45,474.7,474.1,474.25,48144,ITC
2024-12-23 14:43:00+05:30,474.4,474.6,474.2,474.3,43367,ITC
2024-12-23 14:44:00+05:30,474.35,474.4,473.55,473.8,59607,ITC
2024-12-23 14:45:00+05:30,473.85,474.0,473.55,473.95,46183,ITC
2024-12-23 14:46:00+05:30,473.95,474.1,473.65,473.95,47445,ITC
2024-12-23 14:47:00+05:30,473.95,474.1,473.8,474.05,38931,ITC
2024-12-23 14:48:00+05:30,474.05,474.4,473.8,474.4,46286,ITC
2024-12-23 14:49:00+05:30,474.15,474.4,473.75,474.2,63265,ITC
2024-12-23 14:50:00+05:30,474.2,474.4,473.65,474.1,79845,ITC
2024-12-23 14:51:00+05:30,474.1,474.55,474.1,474.55,51717,ITC
2024-12-23 14:52:00+05:30,474.55,474.9,474.4,474.7,44595,ITC
2024-12-23 14:53:00+05:30,474.75,474.9,474.5,474.8,45437,ITC
2024-12-23 14:54:00+05:30,474.8,474.8,474.5,474.5,52370,ITC
2024-12-23 14:55:00+05:30,474.7,474.85,474.45,474.45,52899,ITC
2024-12-23 14:56:00+05:30,474.6,474.85,474.45,474.6,41669,ITC
2024-12-23 14:57:00+05:30,474.8,474.85,474.3,474.4,48991,ITC
2024-12-23 14:58:00+05:30,474.45,474.5,474.1,474.2,42923,ITC
2024-12-23 14:59:00+05:30,474.4,474.45,474.0,474.25,43816,ITC
2024-12-23 15:00:00+05:30,474.1,474.35,474.0,474.05,59281,ITC
2024-12-23 15:01:00+05:30,474.05,474.15,473.8,473.9,59558,ITC
2024-12-23 15:02:00+05:30,474.0,474.1,473.75,473.85,82046,ITC
2024-12-23 15:03:00+05:30,473.85,474.1,473.75,474.0,52493,ITC
2024-12-23 15:04:00+05:30,474.0,474.25,473.85,474.0,53482,ITC
2024-12-23 15:05:00+05:30,474.0,474.2,473.85,474.1,57321,ITC
2024-12-23 15:06:00+05:30,474.2,474.3,474.05,474.1,50656,ITC
2024-12-23 15:07:00+05:30,474.1,474.25,473.8,474.0,55241,ITC
2024-12-23 15:08:00+05:30,474.05,474.35,473.9,474.2,58893,ITC
2024-12-23 15:09:00+05:30,474.2,474.25,473.85,474.2,72390,ITC
2024-12-23 15:10:00+05:30,474.2,474.4,474.1,474.25,110053,ITC
2024-12-23 15:11:00+05:30,474.35,474.45,474.0,474.3,112110,ITC
2024-12-23 15:12:00+05:30,474.3,474.45,474.05,474.45,91716,ITC
2024-12-23 15:13:00+05:30,474.45,474.5,473.9,474.25,99318,ITC
2024-12-23 15:14:00+05:30,474.25,474.5,474.05,474.45,96749,ITC
2024-12-23 15:15:00+05:30,474.45,474.5,473.85,474.3,114866,ITC
2024-12-23 15:16:00+05:30,474.3,474.45,474.1,474.35,109166,ITC
2024-12-23 15:17:00+05:30,474.35,474.5,474.1,474.45,109828,ITC
2024-12-23 15:18:00+05:30,474.45,474.7,474.2,474.55,108444,ITC
2024-12-23 15:19:00+05:30,474.6,474.7,474.3,474.45,108601,ITC
2024-12-23 15:20:00+05:30,474.45,474.75,474.2,474.4,135983,ITC
2024-12-23 15:21:00+05:30,474.4,474.5,473.95,474.3,107248,ITC
2024-12-23 15:22:00+05:30,474.3,474.5,473.95,474.45,86362,ITC
2024-12-23 15:23:00+05:30,474.45,474.5,474.2,474.4,86929,ITC
2024-12-23 15:24:00+05:30,474.45,474.5,474.2,474.25,96270,ITC
2024-12-23 15:25:00+05:30,474.2,474.45,474.0,474.35,96770,ITC
2024-12-23 15:26:00+05:30,474.35,474.5,474.25,474.4,81932,ITC
2024-12-23 15:27:00+05:30,474.35,474.5,473.8,473.8,98171,ITC
2024-12-23 15:28:00+05:30,474.05,474.45,473.8,474.1,37247,ITC
2024-12-23 15:29:00+05:30,474.25,474.5,473.9,474.5,29119,ITC
2024-12-24 09:15:00+05:30,474.9,475.9,472.7,473.35,241577,ITC
2024-12-24 09:16:00+05:30,473.45,473.7,473.0,473.25,78897,ITC
2024-12-24 09:17:00+05:30,473.25,473.7,473.0,473.55,72483,ITC
2024-12-24 09:18:00+05:30,473.55,474.5,473.45,474.05,58593,ITC
2024-12-24 09:19:00+05:30,474.2,474.25,473.8,474.0,26952,ITC
2024-12-24 09:20:00+05:30,474.1,474.1,473.65,474.05,30768,ITC
2024-12-24 09:21:00+05:30,474.05,474.9,474.05,474.9,18591,ITC
2024-12-24 09:22:00+05:30,474.7,475.0,474.5,474.75,38446,ITC
2024-12-24 09:23:00+05:30,474.9,475.0,474.65,474.8,24071,ITC
2024-12-24 09:24:00+05:30,474.8,474.8,474.25,474.65,28483,ITC
2024-12-24 09:25:00+05:30,474.65,474.8,474.25,474.5,26823,ITC
2024-12-24 09:26:00+05:30,474.4,474.8,474.05,474.8,11469,ITC
2024-12-24 09:27:00+05:30,474.8,476.2,474.8,476.1,49124,ITC
2024-12-24 09:28:00+05:30,476.25,476.35,475.5,476.0,40091,ITC
2024-12-24 09:29:00+05:30,475.9,476.0,475.15,475.3,30554,ITC
2024-12-24 09:30:00+05:30,475.3,475.45,474.3,474.75,22332,ITC
2024-12-24 09:31:00+05:30,474.75,474.75,474.25,474.45,21620,ITC
2024-12-24 09:32:00+05:30,474.45,474.45,473.4,473.6,41829,ITC
2024-12-24 09:33:00+05:30,473.6,473.7,473.3,473.55,15737,ITC
2024-12-24 09:34:00+05:30,473.55,473.6,473.2,473.3,10384,ITC
2024-12-24 09:35:00+05:30,473.35,473.75,473.2,473.7,15663,ITC
2024-12-24 09:36:00+05:30,473.7,473.8,473.1,473.1,9274,ITC
2024-12-24 09:37:00+05:30,473.15,473.3,473.1,473.15,4592,ITC
2024-12-24 09:38:00+05:30,473.2,473.2,472.65,472.95,64341,ITC
2024-12-24 09:39:00+05:30,472.95,473.45,472.8,473.0,19876,ITC
2024-12-24 09:40:00+05:30,473.2,473.35,473.0,473.2,9139,ITC
2024-12-24 09:41:00+05:30,473.2,473.2,472.65,473.15,21314,ITC
2024-12-24 09:42:00+05:30,473.15,473.2,472.8,473.0,4904,ITC
2024-12-24 09:43:00+05:30,473.0,473.0,472.8,472.8,13883,ITC
2024-12-24 09:44:00+05:30,472.8,473.1,472.7,473.1,22120,ITC
2024-12-24 09:45:00+05:30,473.1,473.2,472.8,472.85,9153,ITC
2024-12-24 09:46:00+05:30,473.0,473.0,472.75,472.95,20390,ITC
2024-12-24 09:47:00+05:30,472.95,473.25,472.8,473.25,10583,ITC
2024-12-24 09:48:00+05:30,473.25,473.3,473.1,473.25,5492,ITC
2024-12-24 09:49:00+05:30,473.2,473.4,473.1,473.4,23834,ITC
2024-12-24 09:50:00+05:30,473.4,473.7,473.2,473.55,10162,ITC
2024-12-24 09:51:00+05:30,473.55,473.6,473.2,473.35,10873,ITC
2024-12-24 09:52:00+05:30,473.45,473.85,473.3,473.8,5429,ITC
2024-12-24 09:53:00+05:30,473.9,473.95,473.5,473.65,7199,ITC
2024-12-24 09:54:00+05:30,473.65,473.95,473.65,473.85,4894,ITC
2024-12-24 09:55:00+05:30,473.85,473.95,473.65,473.9,27560,ITC
2024-12-24 09:56:00+05:30,473.9,474.05,473.7,473.7,14146,ITC
2024-12-24 09:57:00+05:30,473.9,474.0,473.8,473.9,8488,ITC
2024-12-24 09:58:00+05:30,473.9,474.1,473.7,473.8,7450,ITC
2024-12-24 09:59:00+05:30,473.8,474.0,473.7,474.0,4319,ITC
2024-12-24 10:00:00+05:30,473.95,474.25,473.85,474.25,4372,ITC
2024-12-24 10:01:00+05:30,474.15,474.45,474.0,474.35,6323,ITC
2024-12-24 10:02:00+05:30,474.35,474.4,474.1,474.35,7121,ITC
2024-12-24 10:03:00+05:30,474.35,474.8,474.1,474.8,64812,ITC
2024-12-24 10:04:00+05:30,474.8,474.85,474.2,474.55,5065,ITC
2024-12-24 10:05:00+05:30,474.55,474.55,474.25,474.25,6452,ITC
2024-12-24 10:06:00+05:30,474.25,474.3,474.05,474.15,4207,ITC
2024-12-24 10:07:00+05:30,474.1,474.5,474.05,474.2,9738,ITC
2024-12-24 10:08:00+05:30,474.45,474.6,474.15,474.5,4147,ITC
2024-12-24 10:09:00+05:30,474.4,474.8,474.4,474.6,3248,ITC
2024-12-24 10:10:00+05:30,474.8,474.95,474.55,474.8,8683,ITC
2024-12-24 10:11:00+05:30,474.8,474.8,474.5,474.7,3503,ITC
2024-12-24 10:12:00+05:30,474.75,474.75,474.3,474.5,10020,ITC
2024-12-24 10:13:00+05:30,474.5,474.7,474.35,474.7,7352,ITC
2024-12-24 10:14:00+05:30,474.65,474.7,474.45,474.5,9125,ITC
2024-12-24 10:15:00+05:30,474.55,474.9,474.5,474.6,24345,ITC
2024-12-24 10:16:00+05:30,474.6,474.7,474.4,474.45,3713,ITC
2024-12-24 10:17:00+05:30,474.5,475.3,474.5,475.2,37815,ITC
2024-12-24 10:18:00+05:30,475.05,475.5,474.95,475.45,18419,ITC
2024-12-24 10:19:00+05:30,475.45,475.5,475.2,475.35,10417,ITC
2024-12-24 10:20:00+05:30,475.35,475.65,475.2,475.5,18255,ITC
2024-12-24 10:21:00+05:30,475.5,475.9,475.4,475.8,26184,ITC
2024-12-24 10:22:00+05:30,475.7,475.9,475.5,475.85,11697,ITC
2024-12-24 10:23:00+05:30,475.85,475.9,475.55,475.9,13796,ITC
2024-12-24 10:24:00+05:30,475.85,475.9,475.55,475.7,7182,ITC
2024-12-24 10:25:00+05:30,475.85,475.9,475.65,475.7,9336,ITC
2024-12-24 10:26:00+05:30,475.7,476.25,475.6,476.15,67115,ITC
2024-12-24 10:27:00+05:30,476.25,476.95,476.2,476.6,50585,ITC
2024-12-24 10:28:00+05:30,476.55,476.9,476.4,476.75,26172,ITC
2024-12-24 10:29:00+05:30,476.9,477.0,476.75,476.95,21654,ITC
2024-12-24 10:30:00+05:30,477.0,477.2,476.3,476.45,93114,ITC
2024-12-24 10:31:00+05:30,476.45,476.7,476.2,476.25,38687,ITC
2024-12-24 10:32:00+05:30,476.25,476.45,476.05,476.4,31590,ITC
2024-12-24 10:33:00+05:30,476.25,476.5,476.15,476.4,9758,ITC
2024-12-24 10:34:00+05:30,476.4,476.7,476.35,476.6,13796,ITC
2024-12-24 10:35:00+05:30,476.6,476.85,476.5,476.75,21033,ITC
2024-12-24 10:36:00+05:30,476.75,476.9,476.4,476.85,33124,ITC
2024-12-24 10:37:00+05:30,476.85,476.95,476.6,476.9,9289,ITC
2024-12-24 10:38:00+05:30,476.9,477.0,476.75,477.0,12264,ITC
2024-12-24 10:39:00+05:30,477.0,477.0,476.65,476.8,26923,ITC
2024-12-24 10:40:00+05:30,476.85,476.9,476.5,476.55,42310,ITC
2024-12-24 10:41:00+05:30,476.7,476.75,476.4,476.55,7297,ITC
2024-12-24 10:42:00+05:30,476.6,476.65,476.25,476.6,27769,ITC
2024-12-24 10:43:00+05:30,476.6,477.0,476.35,476.9,24862,ITC
2024-12-24 10:44:00+05:30,476.9,477.5,476.6,477.45,36823,ITC
2024-12-24 10:45:00+05:30,477.4,477.5,477.0,477.0,15429,ITC
2024-12-24 10:46:00+05:30,477.2,477.2,476.55,477.0,10807,ITC
2024-12-24 10:47:00+05:30,477.0,477.3,476.85,477.2,26279,ITC
2024-12-24 10:48:00+05:30,477.3,477.4,477.0,477.2,8994,ITC
2024-12-24 10:49:00+05:30,477.4,477.4,477.1,477.15,14317,ITC
2024-12-24 10:50:00+05:30,477.35,477.4,477.1,477.35,11956,ITC
2024-12-24 10:51:00+05:30,477.25,477.4,477.1,477.35,10810,ITC
2024-12-24 10:52:00+05:30,477.25,477.5,477.2,477.5,16107,ITC
2024-12-24 10:53:00+05:30,477.5,477.8,477.45,477.7,29190,ITC
2024-12-24 10:54:00+05:30,477.7,477.9,477.5,477.65,17934,ITC
2024-12-24 10:55:00+05:30,477.7,477.95,477.7,477.95,18796,ITC
2024-12-24 10:56:00+05:30,477.95,478.0,477.7,477.95,12879,ITC
2024-12-24 10:57:00+05:30,477.85,477.95,477.65,477.75,11740,ITC
2024-12-24 10:58:00+05:30,477.75,477.95,477.55,477.75,21236,ITC
2024-12-24 10:59:00+05:30,477.75,478.2,477.65,478.2,82379,ITC
2024-12-24 11:00:00+05:30,478.2,478.25,477.8,477.85,13770,ITC
2024-12-24 11:01:00+05:30,477.85,478.1,477.85,478.1,12275,ITC
2024-12-24 11:02:00+05:30,478.1,478.1,477.65,477.9,15785,ITC
2024-12-24 11:03:00+05:30,477.65,478.0,477.65,477.9,8873,ITC
2024-12-24 11:04:00+05:30,477.85,478.1,477.65,478.0,24249,ITC
2024-12-24 11:05:00+05:30,478.0,478.15,477.8,478.15,12089,ITC
2024-12-24 11:06:00+05:30,478.15,478.15,478.0,478.15,12351,ITC
2024-12-24 11:07:00+05:30,478.15,478.15,478.0,478.1,15963,ITC
2024-12-24 11:08:00+05:30,478.1,478.1,477.9,478.1,37172,ITC
2024-12-24 11:09:00+05:30,478.1,478.15,478.05,478.15,29543,ITC
2024-12-24 11:10:00+05:30,478.15,478.35,478.1,478.3,33830,ITC
2024-12-24 11:11:00+05:30,478.3,478.4,478.05,478.35,19706,ITC
2024-12-24 11:12:00+05:30,478.35,478.4,478.05,478.25,53410,ITC
2024-12-24 11:13:00+05:30,478.05,478.75,478.05,478.4,33035,ITC
2024-12-24 11:14:00+05:30,478.7,478.8,478.45,478.7,26733,ITC
2024-12-24 11:15:00+05:30,478.8,479.15,478.65,479.05,85583,ITC
2024-12-24 11:16:00+05:30,479.05,479.2,478.95,479.05,49806,ITC
2024-12-24 11:17:00+05:30,479.05,479.6,479.0,479.55,109503,ITC
2024-12-24 11:18:00+05:30,479.5,479.9,479.15,479.25,136727,ITC
2024-12-24 11:19:00+05:30,479.25,479.65,479.15,479.45,65474,ITC
2024-12-24 11:20:00+05:30,479.45,479.5,479.0,479.15,34763,ITC
2024-12-24 11:21:00+05:30,479.15,479.15,478.9,479.05,54631,ITC
2024-12-24 11:22:00+05:30,479.05,479.1,479.0,479.0,44627,ITC
2024-12-24 11:23:00+05:30,479.0,479.1,478.9,479.05,51453,ITC
2024-12-24 11:24:00+05:30,479.05,479.05,478.8,479.0,121859,ITC
2024-12-24 11:25:00+05:30,479.0,479.4,478.8,479.05,82121,ITC
2024-12-24 11:26:00+05:30,479.2,479.2,479.0,479.1,22835,ITC
2024-12-24 11:27:00+05:30,479.1,479.15,478.95,479.0,41651,ITC
2024-12-24 11:28:00+05:30,479.0,479.15,479.0,479.1,36818,ITC
2024-12-24 11:29:00+05:30,479.1,479.1,479.0,479.05,24331,ITC
2024-12-24 11:30:00+05:30,479.05,479.1,479.0,479.05,21652,ITC
2024-12-24 11:31:00+05:30,479.05,479.1,478.9,479.0,53408,ITC
2024-12-24 11:32:00+05:30,479.0,479.0,478.45,478.5,47103,ITC
2024-12-24 11:33:00+05:30,478.6,479.0,478.35,479.0,90010,ITC
2024-12-24 11:34:00+05:30,479.05,479.15,478.95,479.1,31142,ITC
2024-12-24 11:35:00+05:30,479.1,479.3,479.0,479.3,65884,ITC
2024-12-24 11:36:00+05:30,479.3,479.4,479.0,479.1,40614,ITC
2024-12-24 11:37:00+05:30,479.15,479.15,478.8,478.9,30419,ITC
2024-12-24 11:38:00+05:30,478.95,479.1,478.7,479.1,65789,ITC
2024-12-24 11:39:00+05:30,479.05,479.15,478.85,479.05,47271,ITC
2024-12-24 11:40:00+05:30,479.1,479.3,478.8,479.25,49728,ITC
2024-12-24 11:41:00+05:30,479.2,479.35,478.75,478.85,28206,ITC
2024-12-24 11:42:00+05:30,478.85,479.0,478.6,478.75,19835,ITC
2024-12-24 11:43:00+05:30,478.9,478.9,478.5,478.6,15148,ITC
2024-12-24 11:44:00+05:30,478.7,478.7,478.35,478.6,15643,ITC
2024-12-24 11:45:00+05:30,478.65,478.75,478.5,478.6,20783,ITC
2024-12-24 11:46:00+05:30,478.6,478.7,478.5,478.7,11229,ITC
2024-12-24 11:47:00+05:30,478.7,478.8,478.5,478.75,13487,ITC
2024-12-24 11:48:00+05:30,478.75,478.75,478.5,478.65,18956,ITC
2024-12-24 11:49:00+05:30,478.65,478.8,478.5,478.7,33097,ITC
2024-12-24 11:50:00+05:30,478.65,478.8,478.35,478.4,22580,ITC
2024-12-24 11:51:00+05:30,478.6,478.6,478.3,478.5,13713,ITC
2024-12-24 11:52:00+05:30,478.5,478.5,478.25,478.45,12175,ITC
2024-12-24 11:53:00+05:30,478.5,478.8,478.25,478.7,26493,ITC
2024-12-24 11:54:00+05:30,478.7,478.7,478.45,478.6,10306,ITC
2024-12-24 11:55:00+05:30,478.6,478.75,478.45,478.7,12148,ITC
2024-12-24 11:56:00+05:30,478.7,478.9,478.6,478.9,20854,ITC
2024-12-24 11:57:00+05:30,478.8,478.9,478.65,478.75,21316,ITC
2024-12-24 11:58:00+05:30,478.75,478.9,478.6,478.8,14584,ITC
2024-12-24 11:59:00+05:30,478.9,478.95,478.6,478.8,10200,ITC
2024-12-24 12:00:00+05:30,478.75,478.85,478.55,478.7,15293,ITC
2024-12-24 12:01:00+05:30,478.7,478.9,478.55,478.9,9617,ITC
2024-12-24 12:02:00+05:30,478.9,478.9,478.65,478.9,11546,ITC
2024-12-24 12:03:00+05:30,478.9,478.9,478.65,478.9,11119,ITC
2024-12-24 12:04:00+05:30,478.9,478.9,478.65,478.8,11176,ITC
2024-12-24 12:05:00+05:30,478.8,478.9,478.65,478.8,17485,ITC
2024-12-24 12:06:00+05:30,478.8,478.9,478.65,478.9,17585,ITC
2024-12-24 12:07:00+05:30,478.9,479.3,478.85,479.3,26029,ITC
2024-12-24 12:08:00+05:30,479.3,479.3,478.8,479.05,12874,ITC
2024-12-24 12:09:00+05:30,479.05,479.05,478.8,478.9,11541,ITC
2024-12-24 12:10:00+05:30,478.95,479.0,478.8,478.9,14260,ITC
2024-12-24 12:11:00+05:30,478.9,478.95,478.75,478.85,11921,ITC
2024-12-24 12:12:00+05:30,478.8,479.0,478.7,479.0,26716,ITC
2024-12-24 12:13:00+05:30,479.0,479.1,478.85,479.1,40351,ITC
2024-12-24 12:14:00+05:30,479.1,479.4,479.05,479.25,63846,ITC
2024-12-24 12:15:00+05:30,479.3,479.6,479.1,479.6,119901,ITC
2024-12-24 12:16:00+05:30,479.6,479.65,479.3,479.6,44042,ITC
2024-12-24 12:17:00+05:30,479.6,479.6,479.3,479.5,39816,ITC
2024-12-24 12:18:00+05:30,479.55,479.6,479.45,479.6,23299,ITC
2024-12-24 12:19:00+05:30,479.55,479.6,479.4,479.55,36566,ITC
2024-12-24 12:20:00+05:30,479.55,479.7,479.5,479.55,75449,ITC
2024-12-24 12:21:00+05:30,479.55,479.7,479.5,479.6,57882,ITC
2024-12-24 12:22:00+05:30,479.6,479.65,479.5,479.55,55161,ITC
2024-12-24 12:23:00+05:30,479.55,479.7,479.5,479.65,31665,ITC
2024-12-24 12:24:00+05:30,479.65,479.7,479.5,479.5,37451,ITC
2024-12-24 12:25:00+05:30,479.6,480.25,479.5,480.05,227547,ITC
2024-12-24 12:26:00+05:30,480.0,480.15,479.9,480.0,54464,ITC
2024-12-24 12:27:00+05:30,480.05,480.05,479.85,480.0,32492,ITC
2024-12-24 12:28:00+05:30,480.05,480.15,480.0,480.0,31065,ITC
2024-12-24 12:29:00+05:30,480.0,480.0,479.55,479.6,30225,ITC
2024-12-24 12:30:00+05:30,479.7,479.75,478.5,478.55,62188,ITC
2024-12-24 12:31:00+05:30,478.55,479.0,478.45,478.9,36765,ITC
2024-12-24 12:32:00+05:30,478.9,478.9,478.45,478.45,31792,ITC
2024-12-24 12:33:00+05:30,478.6,478.65,478.35,478.4,18428,ITC
2024-12-24 12:34:00+05:30,478.45,478.7,478.2,478.35,33230,ITC
2024-12-24 12:35:00+05:30,478.4,478.9,478.25,478.8,17741,ITC
2024-12-24 12:36:00+05:30,478.8,479.0,478.75,478.95,12630,ITC
2024-12-24 12:37:00+05:30,478.9,479.0,478.8,478.9,16705,ITC
2024-12-24 12:38:00+05:30,478.95,478.95,478.75,478.75,10486,ITC
2024-12-24 12:39:00+05:30,478.9,478.9,478.55,478.8,10151,ITC
2024-12-24 12:40:00+05:30,478.75,478.85,478.6,478.8,8819,ITC
2024-12-24 12:41:00+05:30,478.85,479.0,478.65,479.0,14371,ITC
2024-12-24 12:42:00+05:30,479.0,479.0,478.75,478.95,14482,ITC
2024-12-24 12:43:00+05:30,478.9,479.0,478.7,478.95,10140,ITC
2024-12-24 12:44:00+05:30,478.95,478.95,478.7,478.85,11339,ITC
2024-12-24 12:45:00+05:30,478.9,478.9,478.7,478.9,9553,ITC
2024-12-24 12:46:00+05:30,478.9,478.9,478.65,478.8,10003,ITC
2024-12-24 12:47:00+05:30,478.85,478.95,478.65,478.9,13406,ITC
2024-12-24 12:48:00+05:30,478.95,478.95,478.55,478.55,25468,ITC
2024-12-24 12:49:00+05:30,478.55,478.85,478.5,478.7,20665,ITC
2024-12-24 12:50:00+05:30,478.7,478.8,478.55,478.55,10095,ITC
2024-12-24 12:51:00+05:30,478.65,478.75,478.45,478.55,9205,ITC
2024-12-24 12:52:00+05:30,478.5,478.65,478.4,478.55,14727,ITC
2024-12-24 12:53:00+05:30,478.6,478.85,478.4,478.7,11078,ITC
2024-12-24 12:54:00+05:30,478.7,478.75,478.5,478.5,18228,ITC
2024-12-24 12:55:00+05:30,478.55,478.75,478.45,478.55,13291,ITC
2024-12-24 12:56:00+05:30,478.55,478.75,478.4,478.7,9564,ITC
2024-12-24 12:57:00+05:30,478.7,478.7,478.5,478.65,7736,ITC
2024-12-24 12:58:00+05:30,478.6,478.65,478.45,478.55,10094,ITC
2024-12-24 12:59:00+05:30,478.6,478.65,478.45,478.65,10359,ITC
2024-12-24 13:00:00+05:30,478.65,478.8,478.6,478.75,12258,ITC
2024-12-24 13:01:00+05:30,478.8,478.95,478.65,478.9,16324,ITC
2024-12-24 13:02:00+05:30,478.9,478.95,478.3,478.55,34251,ITC
2024-12-24 13:03:00+05:30,478.65,478.75,478.3,478.6,13625,ITC
2024-12-24 13:04:00+05:30,478.6,478.75,478.4,478.65,12532,ITC
2024-12-24 13:05:00+05:30,478.6,478.65,478.4,478.6,9189,ITC
2024-12-24 13:06:00+05:30,478.6,478.6,478.35,478.55,14799,ITC
2024-12-24 13:07:00+05:30,478.6,478.6,478.35,478.55,9430,ITC
2024-12-24 13:08:00+05:30,478.55,478.7,478.5,478.7,11525,ITC
2024-12-24 13:09:00+05:30,478.7,478.7,478.35,478.6,34427,ITC
2024-12-24 13:10:00+05:30,478.6,478.7,478.5,478.7,11308,ITC
2024-12-24 13:11:00+05:30,478.7,478.7,478.45,478.65,10733,ITC
2024-12-24 13:12:00+05:30,478.65,478.65,478.35,478.5,10790,ITC
2024-12-24 13:13:00+05:30,478.5,478.65,478.3,478.55,18545,ITC
2024-12-24 13:14:00+05:30,478.6,478.65,478.35,478.55,11863,ITC
2024-12-24 13:15:00+05:30,478.6,478.75,478.35,478.7,13213,ITC
2024-12-24 13:16:00+05:30,478.75,478.95,478.55,478.7,17890,ITC
2024-12-24 13:17:00+05:30,478.8,478.8,478.4,478.6,13294,ITC
2024-12-24 13:18:00+05:30,478.6,478.65,478.35,478.35,16138,ITC
2024-12-24 13:19:00+05:30,478.6,478.65,478.4,478.6,10118,ITC
2024-12-24 13:20:00+05:30,478.6,478.85,478.45,478.75,11435,ITC
2024-12-24 13:21:00+05:30,478.8,478.9,478.6,478.9,9982,ITC
2024-12-24 13:22:00+05:30,478.9,479.0,478.65,478.9,10378,ITC
2024-12-24 13:23:00+05:30,478.95,479.0,478.7,479.0,10656,ITC
2024-12-24 13:24:00+05:30,479.0,479.25,478.7,479.15,27928,ITC
2024-12-24 13:25:00+05:30,479.15,479.2,478.8,479.05,15794,ITC
2024-12-24 13:26:00+05:30,479.2,479.3,478.9,479.05,20119,ITC
2024-12-24 13:27:00+05:30,479.1,479.15,478.8,478.9,14663,ITC
2024-12-24 13:28:00+05:30,478.95,479.0,478.75,478.9,13251,ITC
2024-12-24 13:29:00+05:30,478.9,479.05,478.6,478.9,18191,ITC
2024-12-24 13:30:00+05:30,478.9,478.95,478.6,478.8,17546,ITC
2024-12-24 13:31:00+05:30,478.9,478.95,478.7,478.85,12887,ITC
2024-12-24 13:32:00+05:30,478.9,479.15,478.65,479.0,24591,ITC
2024-12-24 13:33:00+05:30,479.05,479.15,478.8,479.1,15646,ITC
2024-12-24 13:34:00+05:30,479.1,479.1,478.8,478.9,14374,ITC
2024-12-24 13:35:00+05:30,479.0,479.1,478.65,478.85,13254,ITC
2024-12-24 13:36:00+05:30,478.9,478.95,478.6,478.7,31205,ITC
2024-12-24 13:37:00+05:30,478.7,478.75,478.5,478.6,10834,ITC
2024-12-24 13:38:00+05:30,478.65,478.7,478.5,478.6,13006,ITC
2024-12-24 13:39:00+05:30,478.65,478.7,478.45,478.45,16079,ITC
2024-12-24 13:40:00+05:30,478.7,478.7,478.3,478.5,13136,ITC
2024-12-24 13:41:00+05:30,478.55,478.6,478.5,478.6,18380,ITC
2024-12-24 13:42:00+05:30,478.6,478.6,478.3,478.55,20710,ITC
2024-12-24 13:43:00+05:30,478.55,478.6,478.0,478.1,40217,ITC
2024-12-24 13:44:00+05:30,478.1,478.3,478.0,478.3,30561,ITC
2024-12-24 13:45:00+05:30,478.3,478.5,478.1,478.3,31771,ITC
2024-12-24 13:46:00+05:30,478.3,478.45,478.15,478.3,17135,ITC
2024-12-24 13:47:00+05:30,478.3,478.4,478.25,478.3,18695,ITC
2024-12-24 13:48:00+05:30,478.35,478.4,478.2,478.35,15863,ITC
2024-12-24 13:49:00+05:30,478.3,478.5,478.15,478.35,15384,ITC
2024-12-24 13:50:00+05:30,478.35,478.4,478.25,478.4,16628,ITC
2024-12-24 13:51:00+05:30,478.4,478.55,478.3,478.55,14175,ITC
2024-12-24 13:52:00+05:30,478.5,478.75,478.35,478.75,20954,ITC
2024-12-24 13:53:00+05:30,478.7,478.75,478.45,478.6,25727,ITC
2024-12-24 13:54:00+05:30,478.6,478.85,478.45,478.7,35554,ITC
2024-12-24 13:55:00+05:30,478.7,478.8,478.5,478.8,26523,ITC
2024-12-24 13:56:00+05:30,478.8,478.8,478.6,478.8,19177,ITC
2024-12-24 13:57:00+05:30,478.75,478.85,478.6,478.75,22388,ITC
2024-12-24 13:58:00+05:30,478.7,478.8,478.45,478.5,21953,ITC
2024-12-24 13:59:00+05:30,478.45,478.55,478.4,478.5,15043,ITC
2024-12-24 14:00:00+05:30,478.5,478.55,478.45,478.55,18642,ITC
2024-12-24 14:01:00+05:30,478.55,478.55,478.3,478.4,38834,ITC
2024-12-24 14:02:00+05:30,478.4,478.4,478.1,478.15,22783,ITC
2024-12-24 14:03:00+05:30,478.2,478.7,478.05,478.6,22600,ITC
2024-12-24 14:04:00+05:30,478.55,478.65,478.5,478.65,13117,ITC
2024-12-24 14:05:00+05:30,478.65,478.7,478.5,478.55,21266,ITC
2024-12-24 14:06:00+05:30,478.6,478.6,478.5,478.55,20727,ITC
2024-12-24 14:07:00+05:30,478.55,478.7,478.3,478.7,35434,ITC
2024-12-24 14:08:00+05:30,478.7,478.95,478.5,478.9,32249,ITC
2024-12-24 14:09:00+05:30,478.9,479.0,478.75,478.95,33216,ITC
2024-12-24 14:10:00+05:30,478.95,479.15,478.7,479.1,43229,ITC
2024-12-24 14:11:00+05:30,479.1,479.6,478.95,479.55,101063,ITC
2024-12-24 14:12:00+05:30,479.55,479.8,479.35,479.75,98404,ITC
2024-12-24 14:13:00+05:30,479.75,480.0,479.5,480.0,76174,ITC
2024-12-24 14:14:00+05:30,479.95,480.0,479.7,479.75,34183,ITC
2024-12-24 14:15:00+05:30,479.7,479.75,479.3,479.5,36829,ITC
2024-12-24 14:16:00+05:30,479.5,479.6,478.95,479.2,133056,ITC
2024-12-24 14:17:00+05:30,479.25,479.4,478.85,479.0,44967,ITC
2024-12-24 14:18:00+05:30,479.0,479.15,478.55,478.9,79655,ITC
2024-12-24 14:19:00+05:30,478.8,478.95,478.55,478.7,33626,ITC
2024-12-24 14:20:00+05:30,478.65,478.8,478.55,478.7,31187,ITC
2024-12-24 14:21:00+05:30,478.8,479.4,478.6,478.8,90918,ITC
2024-12-24 14:22:00+05:30,478.9,478.9,478.45,478.7,34855,ITC
2024-12-24 14:23:00+05:30,478.65,478.85,478.4,478.85,32151,ITC
2024-12-24 14:24:00+05:30,478.75,479.0,478.55,478.7,30391,ITC
2024-12-24 14:25:00+05:30,478.85,479.0,478.5,478.8,25489,ITC
2024-12-24 14:26:00+05:30,478.6,478.85,478.55,478.8,35280,ITC
2024-12-24 14:27:00+05:30,478.8,478.85,478.55,478.7,36883,ITC
2024-12-24 14:28:00+05:30,478.75,478.85,478.6,478.8,21838,ITC
2024-12-24 14:29:00+05:30,478.85,478.9,478.7,478.8,20245,ITC
2024-12-24 14:30:00+05:30,478.9,479.0,478.7,479.0,25454,ITC
2024-12-24 14:31:00+05:30,479.0,479.3,478.9,479.15,25112,ITC
2024-12-24 14:32:00+05:30,479.25,479.3,478.75,479.0,33839,ITC
2024-12-24 14:33:00+05:30,478.8,479.1,478.75,478.95,72082,ITC
2024-12-24 14:34:00+05:30,479.0,479.0,478.8,479.0,24289,ITC
2024-12-24 14:35:00+05:30,478.95,479.0,478.8,479.0,31960,ITC
2024-12-24 14:36:00+05:30,479.0,479.05,478.8,479.0,33344,ITC
2024-12-24 14:37:00+05:30,479.0,479.15,478.85,479.1,19842,ITC
2024-12-24 14:38:00+05:30,479.1,479.2,479.0,479.1,26643,ITC
2024-12-24 14:39:00+05:30,479.1,479.15,479.0,479.05,36477,ITC
2024-12-24 14:40:00+05:30,479.05,479.25,479.0,479.2,25900,ITC
2024-12-24 14:41:00+05:30,479.2,479.35,479.0,479.25,29628,ITC
2024-12-24 14:42:00+05:30,479.3,479.35,478.85,479.35,84701,ITC
2024-12-24 14:43:00+05:30,479.35,479.4,479.1,479.4,26599,ITC
2024-12-24 14:44:00+05:30,479.4,479.5,479.25,479.5,28387,ITC
2024-12-24 14:45:00+05:30,479.5,479.65,479.4,479.6,31814,ITC
2024-12-24 14:46:00+05:30,479.6,479.65,479.4,479.55,37924,ITC
2024-12-24 14:47:00+05:30,479.6,479.6,479.1,479.35,33062,ITC
2024-12-24 14:48:00+05:30,479.35,479.35,479.0,479.2,43551,ITC
2024-12-24 14:49:00+05:30,479.2,479.2,478.7,478.95,83610,ITC
2024-12-24 14:50:00+05:30,478.95,479.15,478.6,479.1,36897,ITC
2024-12-24 14:51:00+05:30,479.1,479.25,479.0,479.1,27453,ITC
2024-12-24 14:52:00+05:30,479.15,479.2,478.8,478.9,31219,ITC
2024-12-24 14:53:00+05:30,479.0,479.25,478.8,479.2,38203,ITC
2024-12-24 14:54:00+05:30,479.25,479.35,479.0,479.1,36122,ITC
2024-12-24 14:55:00+05:30,479.15,479.15,478.85,479.05,35778,ITC
2024-12-24 14:56:00+05:30,479.05,479.1,478.9,479.05,41743,ITC
2024-12-24 14:57:00+05:30,479.05,479.3,479.0,479.25,34711,ITC
2024-12-24 14:58:00+05:30,479.3,479.55,479.25,479.5,32922,ITC
2024-12-24 14:59:00+05:30,479.5,479.65,479.45,479.65,31433,ITC
2024-12-24 15:00:00+05:30,479.65,479.8,478.6,478.85,126067,ITC
2024-12-24 15:01:00+05:30,478.8,478.95,478.75,478.9,33563,ITC
2024-12-24 15:02:00+05:30,478.9,479.1,478.8,479.1,47530,ITC
2024-12-24 15:03:00+05:30,479.1,479.25,478.75,478.85,102563,ITC
2024-12-24 15:04:00+05:30,478.85,479.1,478.75,479.0,38302,ITC
2024-12-24 15:05:00+05:30,479.05,479.05,478.9,479.0,52235,ITC
2024-12-24 15:06:00+05:30,479.05,479.05,478.55,478.7,72882,ITC
2024-12-24 15:07:00+05:30,478.55,478.6,478.05,478.1,59646,ITC
2024-12-24 15:08:00+05:30,478.1,478.4,478.05,478.25,53857,ITC
2024-12-24 15:09:00+05:30,478.25,478.3,478.2,478.25,44687,ITC
2024-12-24 15:10:00+05:30,478.25,478.4,478.05,478.3,53146,ITC
2024-12-24 15:11:00+05:30,478.3,478.3,478.0,478.05,47830,ITC
2024-12-24 15:12:00+05:30,478.1,478.25,478.0,478.15,62109,ITC
2024-12-24 15:13:00+05:30,478.15,478.25,478.0,478.2,55168,ITC
2024-12-24 15:14:00+05:30,478.15,478.2,478.0,478.05,50355,ITC
2024-12-24 15:15:00+05:30,478.1,478.55,477.95,478.5,76024,ITC
2024-12-24 15:16:00+05:30,478.55,478.7,478.3,478.3,53907,ITC
2024-12-24 15:17:00+05:30,478.35,478.35,478.1,478.35,50528,ITC
2024-12-24 15:18:00+05:30,478.3,478.45,478.05,478.25,54642,ITC
2024-12-24 15:19:00+05:30,478.25,478.3,478.1,478.2,38836,ITC
2024-12-24 15:20:00+05:30,478.15,478.3,478.05,478.1,61094,ITC
2024-12-24 15:21:00+05:30,478.15,478.2,478.0,478.15,41691,ITC
2024-12-24 15:22:00+05:30,478.15,478.35,478.05,478.15,47926,ITC
2024-12-24 15:23:00+05:30,478.1,478.25,478.0,478.1,51376,ITC
2024-12-24 15:24:00+05:30,478.1,478.15,478.05,478.15,49159,ITC
2024-12-24 15:25:00+05:30,478.15,478.15,478.05,478.15,49011,ITC
2024-12-24 15:26:00+05:30,478.15,478.4,478.1,478.35,54288,ITC
2024-12-24 15:27:00+05:30,478.35,478.6,478.3,478.6,51422,ITC
2024-12-24 15:28:00+05:30,478.6,478.6,478.15,478.35,71782,ITC
2024-12-24 15:29:00+05:30,478.3,478.45,478.1,478.25,41713,ITC
2024-12-26 09:15:00+05:30,480.55,481.85,479.3,480.5,198719,ITC
2024-12-26 09:16:00+05:30,480.45,480.7,479.9,480.4,119756,ITC
2024-12-26 09:17:00+05:30,480.45,481.65,480.4,481.45,151485,ITC
2024-12-26 09:18:00+05:30,481.45,481.5,480.6,481.0,79652,ITC
2024-12-26 09:19:00+05:30,481.0,481.2,480.55,480.6,56063,ITC
2024-12-26 09:20:00+05:30,480.85,481.15,480.65,480.85,51478,ITC
2024-12-26 09:21:00+05:30,480.8,481.0,480.6,480.95,37009,ITC
2024-12-26 09:22:00+05:30,480.8,481.0,480.6,481.0,32256,ITC
2024-12-26 09:23:00+05:30,481.0,481.25,480.85,481.25,41223,ITC
2024-12-26 09:24:00+05:30,481.25,481.3,480.65,480.8,42046,ITC
2024-12-26 09:25:00+05:30,480.8,480.85,480.5,480.7,18232,ITC
2024-12-26 09:26:00+05:30,480.7,480.8,480.2,480.4,37209,ITC
2024-12-26 09:27:00+05:30,480.4,480.45,479.65,480.3,73373,ITC
2024-12-26 09:28:00+05:30,480.2,480.4,479.8,479.8,26430,ITC
2024-12-26 09:29:00+05:30,479.8,480.05,479.45,479.6,17191,ITC
2024-12-26 09:30:00+05:30,479.4,479.75,479.2,479.7,21936,ITC
2024-12-26 09:31:00+05:30,479.7,479.7,479.1,479.4,34618,ITC
2024-12-26 09:32:00+05:30,479.5,479.65,479.25,479.3,18828,ITC
2024-12-26 09:33:00+05:30,479.45,479.5,479.1,479.1,18063,ITC
2024-12-26 09:34:00+05:30,479.3,479.45,479.05,479.3,11826,ITC
2024-12-26 09:35:00+05:30,479.45,479.65,479.25,479.6,12170,ITC
2024-12-26 09:36:00+05:30,479.65,479.75,479.35,479.65,15179,ITC
2024-12-26 09:37:00+05:30,479.6,480.0,479.6,480.0,23786,ITC
2024-12-26 09:38:00+05:30,480.0,480.0,479.25,479.3,22414,ITC
2024-12-26 09:39:00+05:30,479.4,479.8,479.25,479.3,10295,ITC
2024-12-26 09:40:00+05:30,479.2,479.4,479.05,479.4,21251,ITC
2024-12-26 09:41:00+05:30,479.3,480.35,479.3,480.0,31868,ITC
2024-12-26 09:42:00+05:30,480.0,480.15,479.7,480.05,10512,ITC
2024-12-26 09:43:00+05:30,480.05,480.15,479.65,479.85,36184,ITC
2024-12-26 09:44:00+05:30,479.9,480.0,479.55,480.0,10224,ITC
2024-12-26 09:45:00+05:30,480.0,480.25,479.75,479.85,18411,ITC
2024-12-26 09:46:00+05:30,479.8,480.15,479.75,480.0,8794,ITC
2024-12-26 09:47:00+05:30,480.0,480.15,479.8,480.0,14925,ITC
2024-12-26 09:48:00+05:30,479.95,480.0,479.8,479.9,6142,ITC
2024-12-26 09:49:00+05:30,479.95,480.1,479.75,480.1,9353,ITC
2024-12-26 09:50:00+05:30,480.0,480.1,479.7,479.9,8867,ITC
2024-12-26 09:51:00+05:30,479.95,480.1,479.75,480.0,5982,ITC
2024-12-26 09:52:00+05:30,480.0,480.0,479.7,479.85,6825,ITC
2024-12-26 09:53:00+05:30,479.85,480.05,479.7,480.05,16345,ITC
2024-12-26 09:54:00+05:30,480.05,480.25,480.0,480.25,13767,ITC
2024-12-26 09:55:00+05:30,480.25,480.6,480.15,480.6,30376,ITC
2024-12-26 09:56:00+05:30,480.4,480.65,480.2,480.4,24338,ITC
2024-12-26 09:57:00+05:30,480.4,480.45,480.2,480.3,23775,ITC
2024-12-26 09:58:00+05:30,480.3,480.6,480.1,480.25,51373,ITC
2024-12-26 09:59:00+05:30,480.35,480.4,479.9,480.05,20286,ITC
2024-12-26 10:00:00+05:30,480.0,480.05,479.7,479.8,11536,ITC
2024-12-26 10:01:00+05:30,479.8,479.8,479.05,479.15,43658,ITC
2024-12-26 10:02:00+05:30,479.15,479.5,479.05,479.45,14861,ITC
2024-12-26 10:03:00+05:30,479.45,479.55,479.05,479.15,26428,ITC
2024-12-26 10:04:00+05:30,479.15,479.35,478.85,479.0,50818,ITC
2024-12-26 10:05:00+05:30,479.0,479.2,478.9,478.95,9486,ITC
2024-12-26 10:06:00+05:30,479.0,479.05,478.85,479.0,9179,ITC
2024-12-26 10:07:00+05:30,479.0,479.0,478.25,478.65,59259,ITC
2024-12-26 10:08:00+05:30,478.55,478.65,478.45,478.55,14767,ITC
2024-12-26 10:09:00+05:30,478.5,478.55,478.5,478.55,16794,ITC
2024-12-26 10:10:00+05:30,478.55,478.7,478.5,478.5,23487,ITC
2024-12-26 10:11:00+05:30,478.65,478.9,478.6,478.85,19447,ITC
2024-12-26 10:12:00+05:30,478.85,478.9,478.6,478.75,17264,ITC
2024-12-26 10:13:00+05:30,478.75,478.95,478.6,478.8,54295,ITC
2024-12-26 10:14:00+05:30,478.75,478.95,478.65,478.75,17747,ITC
2024-12-26 10:15:00+05:30,478.75,478.9,478.55,478.65,17170,ITC
2024-12-26 10:16:00+05:30,478.6,478.8,478.6,478.75,20043,ITC
2024-12-26 10:17:00+05:30,478.7,479.25,478.6,479.2,15685,ITC
2024-12-26 10:18:00+05:30,479.25,479.3,479.0,479.2,13232,ITC
2024-12-26 10:19:00+05:30,479.05,479.25,479.0,479.1,11181,ITC
2024-12-26 10:20:00+05:30,479.1,479.2,479.0,479.2,22669,ITC
2024-12-26 10:21:00+05:30,479.15,479.2,478.9,479.0,29585,ITC
2024-12-26 10:22:00+05:30,479.0,479.1,478.85,479.0,5754,ITC
2024-12-26 10:23:00+05:30,479.0,479.05,478.8,478.8,9498,ITC
2024-12-26 10:24:00+05:30,478.9,478.95,478.8,478.8,7305,ITC
2024-12-26 10:25:00+05:30,478.8,478.8,478.5,478.5,10541,ITC
2024-12-26 10:26:00+05:30,478.55,478.6,478.5,478.6,6117,ITC
2024-12-26 10:27:00+05:30,478.6,478.6,478.25,478.35,7534,ITC
2024-12-26 10:28:00+05:30,478.35,478.35,478.1,478.1,25348,ITC
2024-12-26 10:29:00+05:30,478.15,478.2,478.05,478.05,8352,ITC
2024-12-26 10:30:00+05:30,478.05,478.4,478.0,478.3,29631,ITC
2024-12-26 10:31:00+05:30,478.3,478.45,478.2,478.4,5306,ITC
2024-12-26 10:32:00+05:30,478.4,478.45,478.25,478.35,17658,ITC
2024-12-26 10:33:00+05:30,478.3,478.35,478.0,478.15,49805,ITC
2024-12-26 10:34:00+05:30,478.15,478.3,478.1,478.25,11806,ITC
2024-12-26 10:35:00+05:30,478.25,478.3,478.05,478.2,19705,ITC
2024-12-26 10:36:00+05:30,478.2,478.25,478.05,478.15,9577,ITC
2024-12-26 10:37:00+05:30,478.05,478.2,478.0,478.0,34171,ITC
2024-12-26 10:38:00+05:30,478.05,478.25,477.95,478.2,34873,ITC
2024-12-26 10:39:00+05:30,478.2,478.65,477.65,478.55,67366,ITC
2024-12-26 10:40:00+05:30,478.65,479.2,478.4,478.9,79551,ITC
2024-12-26 10:41:00+05:30,478.8,478.85,478.4,478.5,9676,ITC
2024-12-26 10:42:00+05:30,478.5,478.8,478.5,478.65,7832,ITC
2024-12-26 10:43:00+05:30,478.65,478.7,478.4,478.65,5662,ITC
2024-12-26 10:44:00+05:30,478.6,478.7,478.55,478.55,5363,ITC
2024-12-26 10:45:00+05:30,478.55,478.65,478.15,478.15,14262,ITC
2024-12-26 10:46:00+05:30,478.15,479.0,478.15,478.7,141655,ITC
2024-12-26 10:47:00+05:30,478.75,479.0,478.75,478.85,14540,ITC
2024-12-26 10:48:00+05:30,478.9,479.05,478.75,478.9,22630,ITC
2024-12-26 10:49:00+05:30,478.9,479.0,478.75,478.75,19916,ITC
2024-12-26 10:50:00+05:30,478.85,479.0,478.75,479.0,9058,ITC
2024-12-26 10:51:00+05:30,478.9,479.15,478.75,479.0,9656,ITC
2024-12-26 10:52:00+05:30,479.0,479.2,478.75,479.1,16423,ITC
2024-12-26 10:53:00+05:30,479.15,479.5,479.1,479.5,18109,ITC
2024-12-26 10:54:00+05:30,479.4,479.4,478.95,479.0,18971,ITC
2024-12-26 10:55:00+05:30,478.95,479.05,478.95,478.95,8594,ITC
2024-12-26 10:56:00+05:30,479.0,479.45,478.9,479.25,9154,ITC
2024-12-26 10:57:00+05:30,479.3,479.35,479.1,479.1,8106,ITC
2024-12-26 10:58:00+05:30,479.2,479.9,479.05,479.3,158709,ITC
2024-12-26 10:59:00+05:30,479.3,479.5,479.2,479.35,19870,ITC
2024-12-26 11:00:00+05:30,479.25,480.0,479.25,479.8,175110,ITC
2024-12-26 11:01:00+05:30,479.7,480.0,479.7,479.9,32039,ITC
2024-12-26 11:02:00+05:30,479.9,480.1,479.85,479.9,30091,ITC
2024-12-26 11:03:00+05:30,479.9,480.2,479.85,480.2,137951,ITC
2024-12-26 11:04:00+05:30,480.1,480.25,480.0,480.05,48344,ITC
2024-12-26 11:05:00+05:30,480.1,480.55,480.0,480.4,59061,ITC
2024-12-26 11:06:00+05:30,480.4,480.5,480.15,480.2,25223,ITC
2024-12-26 11:07:00+05:30,480.2,480.3,479.95,479.95,34674,ITC
2024-12-26 11:08:00+05:30,480.0,480.0,479.35,479.4,38155,ITC
2024-12-26 11:09:00+05:30,479.4,479.8,479.35,479.5,23714,ITC
2024-12-26 11:10:00+05:30,479.45,479.7,479.2,479.6,21075,ITC
2024-12-26 11:11:00+05:30,479.6,479.85,479.3,479.3,23020,ITC
2024-12-26 11:12:00+05:30,479.3,479.6,479.25,479.6,13095,ITC
2024-12-26 11:13:00+05:30,479.6,479.6,479.35,479.6,8163,ITC
2024-12-26 11:14:00+05:30,479.6,479.6,479.1,479.2,13856,ITC
2024-12-26 11:15:00+05:30,479.2,479.45,479.15,479.45,6375,ITC
2024-12-26 11:16:00+05:30,479.4,479.5,479.15,479.2,7952,ITC
2024-12-26 11:17:00+05:30,479.35,479.35,479.0,479.0,9902,ITC
2024-12-26 11:18:00+05:30,479.2,479.2,478.65,478.75,13608,ITC
2024-12-26 11:19:00+05:30,478.95,479.0,478.65,478.95,8820,ITC
2024-12-26 11:20:00+05:30,478.9,479.15,478.8,479.15,10524,ITC
2024-12-26 11:21:00+05:30,479.05,479.15,478.85,479.05,4652,ITC
2024-12-26 11:22:00+05:30,478.9,479.1,478.85,479.1,7213,ITC
2024-12-26 11:23:00+05:30,478.95,479.15,478.8,478.8,3018,ITC
2024-12-26 11:24:00+05:30,478.9,479.25,478.8,479.1,3898,ITC
2024-12-26 11:25:00+05:30,479.1,479.1,478.8,479.0,4283,ITC
2024-12-26 11:26:00+05:30,479.0,479.05,478.7,478.9,3246,ITC
2024-12-26 11:27:00+05:30,478.8,478.9,478.6,478.7,3387,ITC
2024-12-26 11:28:00+05:30,478.7,478.75,478.5,478.6,6473,ITC
2024-12-26 11:29:00+05:30,478.6,478.75,478.5,478.7,5053,ITC
2024-12-26 11:30:00+05:30,478.5,478.7,478.5,478.6,6270,ITC
2024-12-26 11:31:00+05:30,478.6,478.7,478.5,478.65,3269,ITC
2024-12-26 11:32:00+05:30,478.5,478.75,478.5,478.75,5261,ITC
2024-12-26 11:33:00+05:30,478.75,478.85,478.65,478.85,12857,ITC
2024-12-26 11:34:00+05:30,478.8,478.85,478.5,478.7,7927,ITC
2024-12-26 11:35:00+05:30,478.7,478.7,478.25,478.5,7375,ITC
2024-12-26 11:36:00+05:30,478.35,478.5,478.15,478.25,8863,ITC
2024-12-26 11:37:00+05:30,478.4,478.5,478.2,478.5,2969,ITC
2024-12-26 11:38:00+05:30,478.3,478.5,478.25,478.5,2315,ITC
2024-12-26 11:39:00+05:30,478.5,478.5,478.3,478.35,2729,ITC
2024-12-26 11:40:00+05:30,478.4,478.45,478.2,478.45,5949,ITC
2024-12-26 11:41:00+05:30,478.45,478.45,478.15,478.35,7722,ITC
2024-12-26 11:42:00+05:30,478.25,478.45,478.15,478.4,4763,ITC
2024-12-26 11:43:00+05:30,478.2,478.45,478.15,478.25,7455,ITC
2024-12-26 11:44:00+05:30,478.45,478.45,478.2,478.4,4318,ITC
2024-12-26 11:45:00+05:30,478.4,478.65,478.2,478.6,16643,ITC
2024-12-26 11:46:00+05:30,478.6,478.6,478.3,478.6,10226,ITC
2024-12-26 11:47:00+05:30,478.6,478.65,478.3,478.55,39050,ITC
2024-12-26 11:48:00+05:30,478.55,478.6,478.3,478.6,8503,ITC
2024-12-26 11:49:00+05:30,478.6,478.6,478.25,478.5,7908,ITC
2024-12-26 11:50:00+05:30,478.5,478.5,478.2,478.45,5578,ITC
2024-12-26 11:51:00+05:30,478.45,478.5,478.2,478.4,7401,ITC
2024-12-26 11:52:00+05:30,478.4,478.5,478.25,478.5,6048,ITC
2024-12-26 11:53:00+05:30,478.5,478.5,478.25,478.5,7214,ITC
2024-12-26 11:54:00+05:30,478.5,478.55,478.3,478.35,7289,ITC
2024-12-26 11:55:00+05:30,478.55,478.65,478.35,478.65,11166,ITC
2024-12-26 11:56:00+05:30,478.5,478.65,478.35,478.65,6901,ITC
2024-12-26 11:57:00+05:30,478.6,478.65,478.3,478.6,12462,ITC
2024-12-26 11:58:00+05:30,478.6,478.6,478.25,478.35,7828,ITC
2024-12-26 11:59:00+05:30,478.35,478.45,478.15,478.4,13459,ITC
2024-12-26 12:00:00+05:30,478.4,478.4,478.1,478.3,5755,ITC
2024-12-26 12:01:00+05:30,478.3,478.5,478.0,478.3,22712,ITC
2024-12-26 12:02:00+05:30,478.25,478.35,478.05,478.05,6988,ITC
2024-12-26 12:03:00+05:30,478.25,478.3,478.0,478.1,30395,ITC
2024-12-26 12:04:00+05:30,478.1,478.3,477.7,477.8,20498,ITC
2024-12-26 12:05:00+05:30,477.7,478.0,477.65,477.7,18270,ITC
2024-12-26 12:06:00+05:30,477.7,477.95,477.55,477.7,15412,ITC
2024-12-26 12:07:00+05:30,477.7,477.8,477.55,477.7,9676,ITC
2024-12-26 12:08:00+05:30,477.7,477.75,477.55,477.75,13291,ITC
2024-12-26 12:09:00+05:30,477.75,477.75,477.35,477.6,29331,ITC
2024-12-26 12:10:00+05:30,477.6,477.65,477.3,477.65,12778,ITC
2024-12-26 12:11:00+05:30,477.65,477.65,477.25,477.5,12107,ITC
2024-12-26 12:12:00+05:30,477.5,477.6,477.3,477.4,12883,ITC
2024-12-26 12:13:00+05:30,477.55,477.55,477.1,477.25,15865,ITC
2024-12-26 12:14:00+05:30,477.35,477.45,477.1,477.25,21786,ITC
2024-12-26 12:15:00+05:30,477.35,477.55,477.2,477.3,10387,ITC
2024-12-26 12:16:00+05:30,477.4,477.6,477.2,477.35,19521,ITC
2024-12-26 12:17:00+05:30,477.5,477.65,477.3,477.65,11529,ITC
2024-12-26 12:18:00+05:30,477.45,477.65,477.35,477.4,12391,ITC
2024-12-26 12:19:00+05:30,477.45,477.65,477.35,477.65,10549,ITC
2024-12-26 12:20:00+05:30,477.65,477.75,477.35,477.65,16242,ITC
2024-12-26 12:21:00+05:30,477.65,477.8,477.6,477.6,15489,ITC
2024-12-26 12:22:00+05:30,477.65,477.7,477.25,477.6,29536,ITC
2024-12-26 12:23:00+05:30,477.6,477.75,477.4,477.5,8157,ITC
2024-12-26 12:24:00+05:30,477.7,477.7,477.25,477.45,13436,ITC
2024-12-26 12:25:00+05:30,477.45,477.6,477.25,477.45,9335,ITC
2024-12-26 12:26:00+05:30,477.45,477.75,477.4,477.7,8431,ITC
2024-12-26 12:27:00+05:30,477.75,478.2,477.45,478.2,9816,ITC
2024-12-26 12:28:00+05:30,478.2,478.25,477.75,477.95,13359,ITC
2024-12-26 12:29:00+05:30,477.95,478.1,477.6,477.8,16065,ITC
2024-12-26 12:30:00+05:30,477.8,477.9,477.3,477.4,18452,ITC
2024-12-26 12:31:00+05:30,477.4,477.5,477.3,477.35,7893,ITC
2024-12-26 12:32:00+05:30,477.4,477.5,477.2,477.3,8603,ITC
2024-12-26 12:33:00+05:30,477.45,477.5,477.1,477.3,12521,ITC
2024-12-26 12:34:00+05:30,477.3,477.45,477.0,477.45,40648,ITC
2024-12-26 12:35:00+05:30,477.45,477.55,477.2,477.3,8974,ITC
2024-12-26 12:36:00+05:30,477.25,477.4,477.0,477.2,6873,ITC
2024-12-26 12:37:00+05:30,477.15,477.35,477.05,477.2,8781,ITC
2024-12-26 12:38:00+05:30,477.15,477.35,477.05,477.1,7520,ITC
2024-12-26 12:39:00+05:30,477.3,477.3,477.0,477.3,8458,ITC
2024-12-26 12:40:00+05:30,477.3,477.3,477.0,477.15,8247,ITC
2024-12-26 12:41:00+05:30,477.15,477.35,477.05,477.3,7203,ITC
2024-12-26 12:42:00+05:30,477.4,477.65,477.15,477.6,8911,ITC
2024-12-26 12:43:00+05:30,477.65,477.8,477.4,477.75,11432,ITC
2024-12-26 12:44:00+05:30,477.75,477.9,477.4,477.8,11404,ITC
2024-12-26 12:45:00+05:30,477.9,477.95,477.55,477.85,18285,ITC
2024-12-26 12:46:00+05:30,477.85,477.9,477.55,477.7,13124,ITC
2024-12-26 12:47:00+05:30,477.8,477.8,477.55,477.65,13651,ITC
2024-12-26 12:48:00+05:30,477.8,477.8,477.5,477.5,12364,ITC
2024-12-26 12:49:00+05:30,477.6,477.8,477.4,477.4,14866,ITC
2024-12-26 12:50:00+05:30,477.5,477.6,477.3,477.45,12448,ITC
2024-12-26 12:51:00+05:30,477.65,477.7,477.35,477.4,19491,ITC
2024-12-26 12:52:00+05:30,477.55,477.7,477.35,477.45,22752,ITC
2024-12-26 12:53:00+05:30,477.6,477.7,477.4,477.65,13790,ITC
2024-12-26 12:54:00+05:30,477.65,477.75,477.45,477.5,32434,ITC
2024-12-26 12:55:00+05:30,477.5,478.25,477.4,478.1,22174,ITC
2024-12-26 12:56:00+05:30,478.25,478.25,478.05,478.15,10992,ITC
2024-12-26 12:57:00+05:30,478.25,478.25,477.9,478.0,21596,ITC
2024-12-26 12:58:00+05:30,478.0,478.15,477.7,477.8,13638,ITC
2024-12-26 12:59:00+05:30,478.0,478.05,477.75,478.0,12766,ITC
2024-12-26 13:00:00+05:30,478.0,478.05,477.8,478.05,14417,ITC
2024-12-26 13:01:00+05:30,478.05,478.05,477.85,478.05,17045,ITC
2024-12-26 13:02:00+05:30,477.95,478.05,477.8,478.0,6830,ITC
2024-12-26 13:03:00+05:30,478.0,478.15,477.85,478.0,15252,ITC
2024-12-26 13:04:00+05:30,477.9,478.05,477.7,477.9,15729,ITC
2024-12-26 13:05:00+05:30,477.85,478.0,477.6,477.7,7118,ITC
2024-12-26 13:06:00+05:30,477.8,477.9,477.7,477.75,15781,ITC
2024-12-26 13:07:00+05:30,477.9,478.05,477.65,478.0,7883,ITC
2024-12-26 13:08:00+05:30,478.05,478.25,477.85,478.1,16940,ITC
2024-12-26 13:09:00+05:30,478.25,478.35,478.1,478.25,26213,ITC
2024-12-26 13:10:00+05:30,478.25,478.4,478.1,478.25,11282,ITC
2024-12-26 13:11:00+05:30,478.45,478.45,478.05,478.1,24711,ITC
2024-12-26 13:12:00+05:30,478.2,478.35,478.05,478.25,8339,ITC
2024-12-26 13:13:00+05:30,478.3,478.45,478.15,478.4,18667,ITC
2024-12-26 13:14:00+05:30,478.45,478.45,478.15,478.3,18566,ITC
2024-12-26 13:15:00+05:30,478.45,478.45,478.05,478.3,10855,ITC
2024-12-26 13:16:00+05:30,478.3,478.4,478.05,478.35,16890,ITC
2024-12-26 13:17:00+05:30,478.25,478.4,478.25,478.3,13386,ITC
2024-12-26 13:18:00+05:30,478.4,478.4,478.2,478.2,16031,ITC
2024-12-26 13:19:00+05:30,478.4,478.4,478.05,478.25,14377,ITC
2024-12-26 13:20:00+05:30,478.2,478.25,478.0,478.1,12614,ITC
2024-12-26 13:21:00+05:30,478.15,478.3,478.0,478.2,30435,ITC
2024-12-26 13:22:00+05:30,478.2,478.25,477.85,477.85,12071,ITC
2024-12-26 13:23:00+05:30,477.85,478.15,477.75,478.0,6352,ITC
2024-12-26 13:24:00+05:30,478.1,478.3,478.0,478.3,20161,ITC
2024-12-26 13:25:00+05:30,478.15,478.3,477.95,477.95,24577,ITC
2024-12-26 13:26:00+05:30,477.95,478.15,477.8,477.85,14678,ITC
2024-12-26 13:27:00+05:30,477.85,478.05,477.7,477.95,13811,ITC
2024-12-26 13:28:00+05:30,477.85,478.05,477.7,477.75,17109,ITC
2024-12-26 13:29:00+05:30,477.7,477.95,477.65,477.7,16224,ITC
2024-12-26 13:30:00+05:30,477.65,477.95,477.6,477.9,14203,ITC
2024-12-26 13:31:00+05:30,477.75,477.95,477.6,477.8,13470,ITC
2024-12-26 13:32:00+05:30,477.8,478.0,477.6,477.8,23519,ITC
2024-12-26 13:33:00+05:30,477.6,477.85,477.55,477.85,22619,ITC
2024-12-26 13:34:00+05:30,477.65,477.85,477.05,477.1,54977,ITC
2024-12-26 13:35:00+05:30,477.05,477.15,476.25,476.9,84688,ITC
2024-12-26 13:36:00+05:30,476.9,477.5,476.9,477.35,17751,ITC
2024-12-26 13:37:00+05:30,477.5,477.75,477.0,477.15,41465,ITC
2024-12-26 13:38:00+05:30,477.15,477.3,476.7,477.0,27256,ITC
2024-12-26 13:39:00+05:30,477.0,477.35,476.8,477.0,48864,ITC
2024-12-26 13:40:00+05:30,477.15,477.65,477.0,477.55,26072,ITC
2024-12-26 13:41:00+05:30,477.45,477.55,477.1,477.25,37048,ITC
2024-12-26 13:42:00+05:30,477.25,477.8,477.2,477.5,34713,ITC
2024-12-26 13:43:00+05:30,477.55,478.25,477.5,478.05,29057,ITC
2024-12-26 13:44:00+05:30,478.1,478.3,478.0,478.2,30107,ITC
2024-12-26 13:45:00+05:30,478.2,478.35,478.05,478.2,30947,ITC
2024-12-26 13:46:00+05:30,478.15,478.35,477.95,478.05,21462,ITC
2024-12-26 13:47:00+05:30,478.05,478.2,477.95,478.0,20684,ITC
2024-12-26 13:48:00+05:30,478.0,478.2,477.75,477.9,21893,ITC
2024-12-26 13:49:00+05:30,477.9,478.05,477.6,477.65,17027,ITC
2024-12-26 13:50:00+05:30,477.7,477.8,477.5,477.75,19970,ITC
2024-12-26 13:51:00+05:30,477.75,477.75,477.2,477.5,29863,ITC
2024-12-26 13:52:00+05:30,477.35,477.6,477.3,477.35,11637,ITC
2024-12-26 13:53:00+05:30,477.35,477.7,477.35,477.65,11625,ITC
2024-12-26 13:54:00+05:30,477.6,477.75,477.55,477.7,24264,ITC
2024-12-26 13:55:00+05:30,477.65,478.0,477.65,478.0,12132,ITC
2024-12-26 13:56:00+05:30,477.95,478.0,477.75,477.75,25386,ITC
2024-12-26 13:57:00+05:30,477.75,477.9,477.7,477.75,12332,ITC
2024-12-26 13:58:00+05:30,477.8,478.0,477.7,477.9,24929,ITC
2024-12-26 13:59:00+05:30,477.85,477.95,477.55,477.8,13279,ITC
2024-12-26 14:00:00+05:30,477.6,477.95,477.6,477.9,15807,ITC
2024-12-26 14:01:00+05:30,477.75,478.0,477.65,477.9,11721,ITC
2024-12-26 14:02:00+05:30,477.85,478.2,477.75,478.0,8964,ITC
2024-12-26 14:03:00+05:30,478.05,478.4,478.0,478.25,12865,ITC
2024-12-26 14:04:00+05:30,478.2,478.4,478.05,478.4,8680,ITC
2024-12-26 14:05:00+05:30,478.4,478.4,478.1,478.25,8541,ITC
2024-12-26 14:06:00+05:30,478.25,478.4,478.05,478.1,9918,ITC
2024-12-26 14:07:00+05:30,478.2,478.35,478.05,478.3,10090,ITC
2024-12-26 14:08:00+05:30,478.2,478.35,478.1,478.35,10339,ITC
2024-12-26 14:09:00+05:30,478.25,478.35,478.1,478.35,12715,ITC
2024-12-26 14:10:00+05:30,478.2,478.35,478.1,478.35,5823,ITC
2024-12-26 14:11:00+05:30,478.25,478.35,478.0,478.2,8956,ITC
2024-12-26 14:12:00+05:30,478.1,478.3,478.0,478.3,17910,ITC
2024-12-26 14:13:00+05:30,478.3,478.3,478.0,478.25,9072,ITC
2024-12-26 14:14:00+05:30,478.1,478.3,478.0,478.2,9082,ITC
2024-12-26 14:15:00+05:30,478.05,478.2,478.0,478.2,8680,ITC
2024-12-26 14:16:00+05:30,478.2,478.2,477.95,478.1,24571,ITC
2024-12-26 14:17:00+05:30,478.15,478.2,477.95,478.15,8045,ITC
2024-12-26 14:18:00+05:30,478.15,478.3,477.95,478.3,39658,ITC
2024-12-26 14:19:00+05:30,478.25,478.3,478.2,478.2,24442,ITC
2024-12-26 14:20:00+05:30,478.2,478.4,478.2,478.35,17108,ITC
2024-12-26 14:21:00+05:30,478.35,478.45,478.05,478.15,6184,ITC
2024-12-26 14:22:00+05:30,478.15,478.25,478.0,478.25,16449,ITC
2024-12-26 14:23:00+05:30,478.15,478.3,477.9,477.95,16823,ITC
2024-12-26 14:24:00+05:30,477.95,478.1,477.8,478.0,7414,ITC
2024-12-26 14:25:00+05:30,477.9,478.0,477.75,477.8,12751,ITC
2024-12-26 14:26:00+05:30,477.8,477.95,477.75,477.75,7398,ITC
2024-12-26 14:27:00+05:30,477.75,478.0,477.75,477.9,8142,ITC
2024-12-26 14:28:00+05:30,477.9,478.05,477.75,477.95,9435,ITC
2024-12-26 14:29:00+05:30,478.0,478.05,477.75,478.0,23281,ITC
2024-12-26 14:30:00+05:30,477.95,478.2,477.75,478.1,26906,ITC
2024-12-26 14:31:00+05:30,478.1,478.1,477.45,477.55,51062,ITC
2024-12-26 14:32:00+05:30,477.6,477.85,477.4,477.6,19708,ITC
2024-12-26 14:33:00+05:30,477.65,477.8,477.45,477.65,11746,ITC
2024-12-26 14:34:00+05:30,477.6,477.8,477.4,477.7,23288,ITC
2024-12-26 14:35:00+05:30,477.7,477.85,477.45,477.8,12362,ITC
2024-12-26 14:36:00+05:30,477.75,477.9,477.5,477.65,17222,ITC
2024-12-26 14:37:00+05:30,477.75,477.9,477.5,477.75,10689,ITC
2024-12-26 14:38:00+05:30,477.75,477.9,477.5,477.9,17588,ITC
2024-12-26 14:39:00+05:30,477.8,477.95,477.65,477.9,13992,ITC
2024-12-26 14:40:00+05:30,477.75,477.9,477.5,477.75,32239,ITC
2024-12-26 14:41:00+05:30,477.75,477.8,477.45,477.7,24465,ITC
2024-12-26 14:42:00+05:30,477.7,477.9,477.45,477.55,25286,ITC
2024-12-26 14:43:00+05:30,477.45,477.7,477.3,477.6,20214,ITC
2024-12-26 14:44:00+05:30,477.55,477.7,477.35,477.6,10223,ITC
2024-12-26 14:45:00+05:30,477.6,477.75,477.4,477.6,9988,ITC
2024-12-26 14:46:00+05:30,477.6,477.75,477.5,477.7,12394,ITC
2024-12-26 14:47:00+05:30,477.6,477.75,477.5,477.55,20622,ITC
2024-12-26 14:48:00+05:30,477.55,477.7,477.35,477.7,11613,ITC
2024-12-26 14:49:00+05:30,477.65,477.7,477.3,477.35,19372,ITC
2024-12-26 14:50:00+05:30,477.35,477.55,477.25,477.55,8455,ITC
2024-12-26 14:51:00+05:30,477.55,477.65,477.35,477.6,9886,ITC
2024-12-26 14:52:00+05:30,477.55,477.75,477.35,477.55,11755,ITC
2024-12-26 14:53:00+05:30,477.5,477.7,477.4,477.6,12039,ITC
2024-12-26 14:54:00+05:30,477.5,477.7,477.3,477.45,13424,ITC
2024-12-26 14:55:00+05:30,477.45,477.85,477.25,477.75,35232,ITC
2024-12-26 14:56:00+05:30,477.75,478.2,477.6,477.9,32312,ITC
2024-12-26 14:57:00+05:30,478.0,478.25,477.8,478.05,22694,ITC
2024-12-26 14:58:00+05:30,478.05,478.25,477.85,477.9,18930,ITC
2024-12-26 14:59:00+05:30,477.9,478.2,477.8,478.0,12170,ITC
2024-12-26 15:00:00+05:30,478.0,478.15,477.7,477.95,59178,ITC
2024-12-26 15:01:00+05:30,477.95,478.1,477.6,478.05,36357,ITC
2024-12-26 15:02:00+05:30,478.05,478.15,477.75,477.9,38378,ITC
2024-12-26 15:03:00+05:30,477.9,478.1,477.55,477.85,42068,ITC
2024-12-26 15:04:00+05:30,477.85,477.9,477.45,477.8,40548,ITC
2024-12-26 15:05:00+05:30,477.8,477.8,477.35,477.65,38136,ITC
2024-12-26 15:06:00+05:30,477.65,477.7,477.25,477.35,39541,ITC
2024-12-26 15:07:00+05:30,477.5,477.5,477.05,477.4,44779,ITC
2024-12-26 15:08:00+05:30,477.25,477.6,477.05,477.35,73075,ITC
2024-12-26 15:09:00+05:30,477.3,477.35,476.65,477.05,54392,ITC
2024-12-26 15:10:00+05:30,477.1,477.3,476.7,477.05,48488,ITC
2024-12-26 15:11:00+05:30,477.05,477.1,476.55,476.8,45286,ITC
2024-12-26 15:12:00+05:30,476.8,476.85,476.3,476.5,46610,ITC
2024-12-26 15:13:00+05:30,476.6,476.8,476.15,476.2,70273,ITC
2024-12-26 15:14:00+05:30,476.4,476.65,476.0,476.65,165274,ITC
2024-12-26 15:15:00+05:30,476.65,476.85,476.25,476.5,75544,ITC
2024-12-26 15:16:00+05:30,476.7,476.75,476.25,476.5,105518,ITC
2024-12-26 15:17:00+05:30,476.4,476.85,476.25,476.85,51335,ITC
2024-12-26 15:18:00+05:30,476.8,477.2,476.6,477.05,63448,ITC
2024-12-26 15:19:00+05:30,477.05,477.35,476.95,477.1,42529,ITC
2024-12-26 15:20:00+05:30,477.3,477.45,477.05,477.3,66123,ITC
2024-12-26 15:21:00+05:30,477.3,477.3,476.7,477.1,44803,ITC
2024-12-26 15:22:00+05:30,476.9,477.65,476.7,477.55,75341,ITC
2024-12-26 15:23:00+05:30,477.5,477.7,476.85,477.1,43940,ITC
2024-12-26 15:24:00+05:30,477.1,477.2,476.4,476.65,60198,ITC
2024-12-26 15:25:00+05:30,476.75,477.0,476.2,476.95,32247,ITC
2024-12-26 15:26:00+05:30,476.9,476.95,476.65,476.9,21911,ITC
2024-12-26 15:27:00+05:30,476.9,476.95,476.7,476.85,56318,ITC
2024-12-26 15:28:00+05:30,476.85,476.95,476.7,476.9,43345,ITC
2024-12-26 15:29:00+05:30,476.85,477.0,476.55,477.0,27254,ITC
2024-12-27 09:15:00+05:30,479.75,479.75,478.3,479.2,88682,ITC
2024-12-27 09:16:00+05:30,479.0,479.65,479.0,479.25,41197,ITC
2024-12-27 09:17:00+05:30,479.5,479.5,479.0,479.25,26813,ITC
2024-12-27 09:18:00+05:30,479.25,479.45,478.7,478.85,50903,ITC
2024-12-27 09:19:00+05:30,478.65,479.0,478.05,478.25,60180,ITC
2024-12-27 09:20:00+05:30,478.25,478.35,478.05,478.25,17480,ITC
2024-12-27 09:21:00+05:30,478.3,478.3,478.0,478.3,19952,ITC
2024-12-27 09:22:00+05:30,478.3,478.35,477.5,477.6,46193,ITC
2024-12-27 09:23:00+05:30,477.6,477.65,477.2,477.4,42229,ITC
2024-12-27 09:24:00+05:30,477.6,477.95,477.25,477.7,34623,ITC
2024-12-27 09:25:00+05:30,477.85,477.95,477.2,477.25,39969,ITC
2024-12-27 09:26:00+05:30,477.4,477.4,476.65,476.7,38443,ITC
2024-12-27 09:27:00+05:30,476.9,477.0,476.4,476.9,27108,ITC
2024-12-27 09:28:00+05:30,477.0,477.3,476.8,477.3,19868,ITC
2024-12-27 09:29:00+05:30,477.1,477.3,476.95,477.25,15913,ITC
2024-12-27 09:30:00+05:30,477.25,477.25,476.7,476.8,16824,ITC
2024-12-27 09:31:00+05:30,476.8,476.9,476.6,476.7,9972,ITC
2024-12-27 09:32:00+05:30,476.8,476.9,476.65,476.75,11320,ITC
2024-12-27 09:33:00+05:30,476.8,476.8,476.45,476.8,23532,ITC
2024-12-27 09:34:00+05:30,476.8,477.25,476.75,476.9,23742,ITC
2024-12-27 09:35:00+05:30,476.9,476.95,476.5,476.95,19198,ITC
2024-12-27 09:36:00+05:30,476.95,476.95,476.6,476.85,11503,ITC
2024-12-27 09:37:00+05:30,476.85,477.25,476.75,476.8,22057,ITC
2024-12-27 09:38:00+05:30,476.95,476.95,476.5,476.75,51014,ITC
2024-12-27 09:39:00+05:30,476.7,476.8,476.5,476.7,12148,ITC
2024-12-27 09:40:00+05:30,476.6,476.75,476.25,476.35,11732,ITC
2024-12-27 09:41:00+05:30,476.4,476.6,476.3,476.45,11075,ITC
2024-12-27 09:42:00+05:30,476.55,476.75,476.3,476.7,13380,ITC
2024-12-27 09:43:00+05:30,476.5,476.85,476.45,476.75,11214,ITC
2024-12-27 09:44:00+05:30,476.75,476.95,476.5,476.75,10928,ITC
2024-12-27 09:45:00+05:30,476.75,477.45,476.65,477.25,21636,ITC
2024-12-27 09:46:00+05:30,477.25,477.85,477.0,477.1,30253,ITC
2024-12-27 09:47:00+05:30,477.1,477.25,476.55,476.7,27815,ITC
2024-12-27 09:48:00+05:30,476.65,477.0,476.6,476.8,17517,ITC
2024-12-27 09:49:00+05:30,476.8,477.0,476.5,476.55,62954,ITC
2024-12-27 09:50:00+05:30,476.5,476.75,476.3,476.6,27993,ITC
2024-12-27 09:51:00+05:30,476.7,477.0,476.6,476.95,15540,ITC
2024-12-27 09:52:00+05:30,477.0,477.4,477.0,477.3,39777,ITC
2024-12-27 09:53:00+05:30,477.3,477.4,477.0,477.25,9838,ITC
2024-12-27 09:54:00+05:30,477.25,477.35,477.0,477.2,35470,ITC
2024-12-27 09:55:00+05:30,477.3,477.4,477.05,477.35,13569,ITC
2024-12-27 09:56:00+05:30,477.2,477.8,477.2,477.8,11948,ITC
2024-12-27 09:57:00+05:30,477.65,477.9,477.55,477.55,12343,ITC
2024-12-27 09:58:00+05:30,477.65,477.7,477.1,477.1,15895,ITC
2024-12-27 09:59:00+05:30,477.25,477.3,477.0,477.1,6152,ITC
2024-12-27 10:00:00+05:30,477.15,477.25,476.55,476.8,26150,ITC
2024-12-27 10:01:00+05:30,476.8,476.85,476.5,476.7,28168,ITC
2024-12-27 10:02:00+05:30,476.55,476.95,476.55,476.95,22165,ITC
2024-12-27 10:03:00+05:30,476.95,477.05,476.75,477.0,14470,ITC
2024-12-27 10:04:00+05:30,477.05,477.05,476.8,476.9,10753,ITC
2024-12-27 10:05:00+05:30,476.85,476.9,476.7,476.85,13280,ITC
2024-12-27 10:06:00+05:30,476.8,477.1,476.75,477.05,19081,ITC
2024-12-27 10:07:00+05:30,477.1,477.25,476.95,477.15,11678,ITC
2024-12-27 10:08:00+05:30,477.15,477.15,476.85,476.85,27880,ITC
2024-12-27 10:09:00+05:30,477.0,477.0,476.85,477.0,19287,ITC
2024-12-27 10:10:00+05:30,477.0,477.0,476.7,476.8,12737,ITC
2024-12-27 10:11:00+05:30,476.7,477.0,476.55,476.8,22723,ITC
2024-12-27 10:12:00+05:30,476.85,477.0,476.65,476.65,27686,ITC
2024-12-27 10:13:00+05:30,476.85,476.9,476.6,476.65,21204,ITC
2024-12-27 10:14:00+05:30,476.7,477.05,476.55,476.75,44232,ITC
2024-12-27 10:15:00+05:30,476.65,476.8,476.5,476.75,22188,ITC
2024-12-27 10:16:00+05:30,476.7,476.8,476.5,476.8,29079,ITC
2024-12-27 10:17:00+05:30,476.8,477.05,476.7,476.9,18461,ITC
2024-12-27 10:18:00+05:30,476.9,476.9,476.7,476.9,13308,ITC
2024-12-27 10:19:00+05:30,476.7,476.9,476.5,476.65,13365,ITC
2024-12-27 10:20:00+05:30,476.5,476.65,476.0,476.2,52804,ITC
2024-12-27 10:21:00+05:30,476.2,476.45,476.0,476.1,80850,ITC
2024-12-27 10:22:00+05:30,476.3,476.35,476.05,476.2,22595,ITC
2024-12-27 10:23:00+05:30,476.35,476.75,476.2,476.6,31150,ITC
2024-12-27 10:24:00+05:30,476.6,476.6,476.35,476.6,11103,ITC
2024-12-27 10:25:00+05:30,476.6,478.35,476.5,478.25,91849,ITC
2024-12-27 10:26:00+05:30,478.05,479.15,478.05,478.35,153198,ITC
2024-12-27 10:27:00+05:30,478.4,478.8,478.25,478.4,24844,ITC
2024-12-27 10:28:00+05:30,478.5,478.5,478.25,478.5,18752,ITC
2024-12-27 10:29:00+05:30,478.45,478.5,478.2,478.45,20361,ITC
2024-12-27 10:30:00+05:30,478.45,478.45,478.0,478.4,41338,ITC
2024-12-27 10:31:00+05:30,478.4,479.0,478.2,478.95,21795,ITC
2024-12-27 10:32:00+05:30,478.95,479.35,478.9,479.2,28771,ITC
2024-12-27 10:33:00+05:30,479.0,479.65,478.8,479.25,62446,ITC
2024-12-27 10:34:00+05:30,479.05,479.35,478.65,478.8,32818,ITC
2024-12-27 10:35:00+05:30,478.85,479.15,478.65,478.75,15977,ITC
2024-12-27 10:36:00+05:30,478.75,478.85,478.0,478.1,60962,ITC
2024-12-27 10:37:00+05:30,478.1,478.25,477.75,478.1,28455,ITC
2024-12-27 10:38:00+05:30,478.1,478.25,477.9,478.0,22879,ITC
2024-12-27 10:39:00+05:30,478.05,478.1,478.0,478.05,8918,ITC
2024-12-27 10:40:00+05:30,478.0,478.25,477.9,478.05,18825,ITC
2024-12-27 10:41:00+05:30,478.05,478.15,478.0,478.1,9534,ITC
2024-12-27 10:42:00+05:30,478.1,478.2,478.0,478.1,14365,ITC
2024-12-27 10:43:00+05:30,478.15,478.35,478.1,478.3,11053,ITC
2024-12-27 10:44:00+05:30,478.3,478.3,478.0,478.1,15536,ITC
2024-12-27 10:45:00+05:30,478.1,478.25,478.0,478.15,12812,ITC
2024-12-27 10:46:00+05:30,478.15,478.15,478.0,478.1,6928,ITC
2024-12-27 10:47:00+05:30,478.05,478.1,478.0,478.05,10258,ITC
2024-12-27 10:48:00+05:30,478.0,478.05,477.65,477.8,44915,ITC
2024-12-27 10:49:00+05:30,477.8,477.9,477.65,477.85,13524,ITC
2024-12-27 10:50:00+05:30,477.9,478.0,477.85,477.95,12638,ITC
2024-12-27 10:51:00+05:30,477.95,478.0,477.75,477.9,11690,ITC
2024-12-27 10:52:00+05:30,477.9,478.05,477.75,477.9,23430,ITC
2024-12-27 10:53:00+05:30,477.9,478.0,477.65,478.0,13997,ITC
2024-12-27 10:54:00+05:30,477.9,478.0,477.75,478.0,10451,ITC
2024-12-27 10:55:00+05:30,478.0,478.1,477.9,478.1,12749,ITC
2024-12-27 10:56:00+05:30,478.05,478.15,478.05,478.05,5112,ITC
2024-12-27 10:57:00+05:30,478.05,478.15,478.05,478.05,8640,ITC
2024-12-27 10:58:00+05:30,478.1,478.1,477.9,478.05,11442,ITC
2024-12-27 10:59:00+05:30,478.0,478.1,477.85,477.95,14236,ITC
2024-12-27 11:00:00+05:30,477.95,478.0,477.75,477.95,32032,ITC
2024-12-27 11:01:00+05:30,477.95,478.1,477.8,477.95,15877,ITC
2024-12-27 11:02:00+05:30,477.95,478.0,477.7,477.9,12907,ITC
2024-12-27 11:03:00+05:30,477.9,477.9,477.7,477.8,19286,ITC
2024-12-27 11:04:00+05:30,477.85,478.0,477.7,477.9,23999,ITC
2024-12-27 11:05:00+05:30,477.9,478.0,477.75,478.0,13039,ITC
2024-12-27 11:06:00+05:30,478.0,478.0,477.8,477.9,24386,ITC
2024-12-27 11:07:00+05:30,477.9,478.0,477.8,477.95,16149,ITC
2024-12-27 11:08:00+05:30,477.95,478.0,477.65,477.9,32645,ITC
2024-12-27 11:09:00+05:30,477.9,478.0,477.75,478.0,15340,ITC
2024-12-27 11:10:00+05:30,478.0,478.15,477.95,478.05,21428,ITC
2024-12-27 11:11:00+05:30,478.05,478.1,478.0,478.1,9009,ITC
2024-12-27 11:12:00+05:30,478.1,478.1,478.05,478.1,10830,ITC
2024-12-27 11:13:00+05:30,478.1,478.15,477.95,478.0,14753,ITC
2024-12-27 11:14:00+05:30,478.0,478.15,477.95,477.95,18386,ITC
2024-12-27 11:15:00+05:30,478.0,478.1,477.95,478.0,14013,ITC
2024-12-27 11:16:00+05:30,478.1,478.1,478.0,478.0,11441,ITC
2024-12-27 11:17:00+05:30,478.1,478.1,478.0,478.05,12309,ITC
2024-12-27 11:18:00+05:30,478.05,478.1,477.95,478.05,23097,ITC
2024-12-27 11:19:00+05:30,478.05,478.05,478.0,478.05,11888,ITC
2024-12-27 11:20:00+05:30,478.05,478.05,478.0,478.05,12043,ITC
2024-12-27 11:21:00+05:30,478.05,478.1,477.85,478.0,49155,ITC
2024-12-27 11:22:00+05:30,477.9,478.25,477.8,478.2,46263,ITC
2024-12-27 11:23:00+05:30,478.2,478.2,478.0,478.1,12227,ITC
2024-12-27 11:24:00+05:30,478.1,478.1,478.0,478.05,24202,ITC
2024-12-27 11:25:00+05:30,478.05,478.3,478.0,478.3,98641,ITC
2024-12-27 11:26:00+05:30,478.3,478.3,478.2,478.3,10035,ITC
2024-12-27 11:27:00+05:30,478.3,478.35,478.25,478.3,10054,ITC
2024-12-27 11:28:00+05:30,478.3,478.95,478.1,478.85,71067,ITC
2024-12-27 11:29:00+05:30,478.95,479.4,478.7,479.25,60421,ITC
2024-12-27 11:30:00+05:30,479.25,479.45,479.0,479.3,83210,ITC
2024-12-27 11:31:00+05:30,479.25,479.4,479.05,479.25,47291,ITC
2024-12-27 11:32:00+05:30,479.25,479.35,479.0,479.3,181561,ITC
2024-12-27 11:33:00+05:30,479.35,479.6,479.15,479.4,68222,ITC
2024-12-27 11:34:00+05:30,479.3,479.5,479.3,479.45,17321,ITC
2024-12-27 11:35:00+05:30,479.4,479.4,478.75,479.0,130902,ITC
2024-12-27 11:36:00+05:30,479.0,479.25,478.9,479.05,31862,ITC
2024-12-27 11:37:00+05:30,479.15,479.15,478.9,479.0,19442,ITC
2024-12-27 11:38:00+05:30,479.05,479.15,478.8,479.15,21393,ITC
2024-12-27 11:39:00+05:30,479.1,479.5,479.1,479.3,55073,ITC
2024-12-27 11:40:00+05:30,479.5,479.75,479.35,479.6,31555,ITC
2024-12-27 11:41:00+05:30,479.55,479.75,479.55,479.7,22860,ITC
2024-12-27 11:42:00+05:30,479.75,479.8,479.5,479.55,22864,ITC
2024-12-27 11:43:00+05:30,479.55,479.75,479.3,479.55,13401,ITC
2024-12-27 11:44:00+05:30,479.55,479.55,479.3,479.45,21929,ITC
2024-12-27 11:45:00+05:30,479.45,479.45,479.15,479.35,16474,ITC
2024-12-27 11:46:00+05:30,479.35,479.35,478.85,479.15,22438,ITC
2024-12-27 11:47:00+05:30,479.05,479.15,478.85,479.1,9989,ITC
2024-12-27 11:48:00+05:30,479.1,479.15,478.85,479.05,19152,ITC
2024-12-27 11:49:00+05:30,479.05,479.3,479.0,479.3,19936,ITC
2024-12-27 11:50:00+05:30,479.3,479.3,478.8,479.15,35453,ITC
2024-12-27 11:51:00+05:30,479.15,479.55,478.95,479.55,26827,ITC
2024-12-27 11:52:00+05:30,479.5,479.7,479.3,479.55,33437,ITC
2024-12-27 11:53:00+05:30,479.55,479.75,479.4,479.75,23346,ITC
2024-12-27 11:54:00+05:30,479.65,480.3,479.65,480.3,207678,ITC
2024-12-27 11:55:00+05:30,480.3,480.3,479.8,480.05,41094,ITC
2024-12-27 11:56:00+05:30,480.05,480.2,479.95,479.95,32599,ITC
2024-12-27 11:57:00+05:30,479.95,480.0,479.65,479.85,24286,ITC
2024-12-27 11:58:00+05:30,480.0,480.1,479.65,479.95,19108,ITC
2024-12-27 11:59:00+05:30,479.7,480.05,479.65,479.9,19260,ITC
2024-12-27 12:00:00+05:30,479.85,480.0,479.6,479.85,27084,ITC
2024-12-27 12:01:00+05:30,479.9,479.95,479.65,479.95,26206,ITC
2024-12-27 12:02:00+05:30,479.95,480.0,479.8,480.0,15022,ITC
2024-12-27 12:03:00+05:30,480.0,480.1,479.8,480.0,31781,ITC
2024-12-27 12:04:00+05:30,479.95,480.0,479.75,480.0,28543,ITC
2024-12-27 12:05:00+05:30,480.0,480.0,479.95,480.0,16266,ITC
2024-12-27 12:06:00+05:30,480.0,480.25,479.95,480.15,41456,ITC
2024-12-27 12:07:00+05:30,480.2,480.5,479.95,480.5,42343,ITC
2024-12-27 12:08:00+05:30,480.3,480.5,480.2,480.5,23095,ITC
2024-12-27 12:09:00+05:30,480.5,480.5,480.25,480.35,20165,ITC
2024-12-27 12:10:00+05:30,480.35,480.4,480.05,480.25,17571,ITC
2024-12-27 12:11:00+05:30,480.25,480.25,480.0,480.05,12037,ITC
2024-12-27 12:12:00+05:30,480.15,480.2,479.8,480.1,22443,ITC
2024-12-27 12:13:00+05:30,480.1,480.15,479.8,480.1,13567,ITC
2024-12-27 12:14:00+05:30,480.1,480.1,479.85,480.05,20953,ITC
2024-12-27 12:15:00+05:30,480.1,480.2,479.85,480.15,8982,ITC
2024-12-27 12:16:00+05:30,480.15,480.2,479.7,479.75,24115,ITC
2024-12-27 12:17:00+05:30,479.75,479.9,479.5,479.65,31553,ITC
2024-12-27 12:18:00+05:30,479.85,479.85,479.4,479.5,31228,ITC
2024-12-27 12:19:00+05:30,479.5,479.65,479.15,479.15,73690,ITC
2024-12-27 12:20:00+05:30,479.35,479.55,479.2,479.5,25069,ITC
2024-12-27 12:21:00+05:30,479.4,479.65,479.35,479.6,13716,ITC
2024-12-27 12:22:00+05:30,479.6,479.7,479.3,479.5,23929,ITC
2024-12-27 12:23:00+05:30,479.55,479.7,479.3,479.65,17600,ITC
2024-12-27 12:24:00+05:30,479.65,479.7,479.35,479.6,14766,ITC
2024-12-27 12:25:00+05:30,479.6,479.65,479.35,479.6,15258,ITC
2024-12-27 12:26:00+05:30,479.6,479.65,479.45,479.65,14870,ITC
2024-12-27 12:27:00+05:30,479.65,479.65,479.35,479.6,21814,ITC
2024-12-27 12:28:00+05:30,479.6,479.7,479.3,479.7,13916,ITC
2024-12-27 12:29:00+05:30,479.7,479.8,479.5,479.8,23987,ITC
2024-12-27 12:30:00+05:30,479.8,479.8,479.55,479.8,17137,ITC
2024-12-27 12:31:00+05:30,479.8,479.9,479.55,479.85,17977,ITC
2024-12-27 12:32:00+05:30,479.85,479.9,479.65,479.85,18076,ITC
2024-12-27 12:33:00+05:30,479.85,479.95,479.65,479.95,15610,ITC
2024-12-27 12:34:00+05:30,479.75,480.0,479.75,480.0,16516,ITC
2024-12-27 12:35:00+05:30,480.0,480.2,479.9,480.2,17692,ITC
2024-12-27 12:36:00+05:30,480.15,480.2,480.0,480.2,14388,ITC
2024-12-27 12:37:00+05:30,480.15,480.35,480.0,480.3,30959,ITC
2024-12-27 12:38:00+05:30,480.2,480.35,480.05,480.35,17198,ITC
2024-12-27 12:39:00+05:30,480.35,480.35,480.1,480.25,13143,ITC
2024-12-27 12:40:00+05:30,480.25,480.3,480.0,480.1,26077,ITC
2024-12-27 12:41:00+05:30,480.1,480.1,480.0,480.05,20338,ITC
2024-12-27 12:42:00+05:30,480.1,480.25,480.0,480.1,19662,ITC
2024-12-27 12:43:00+05:30,480.1,480.25,480.1,480.25,19283,ITC
2024-12-27 12:44:00+05:30,480.2,480.25,480.2,480.25,25121,ITC
2024-12-27 12:45:00+05:30,480.2,480.3,480.2,480.3,12837,ITC
2024-12-27 12:46:00+05:30,480.3,480.35,480.1,480.35,17578,ITC
2024-12-27 12:47:00+05:30,480.25,480.4,480.2,480.4,12898,ITC
2024-12-27 12:48:00+05:30,480.35,480.4,480.15,480.3,15922,ITC
2024-12-27 12:49:00+05:30,480.3,480.45,480.2,480.4,15368,ITC
2024-12-27 12:50:00+05:30,480.4,480.5,480.2,480.45,24466,ITC
2024-12-27 12:51:00+05:30,480.45,480.5,480.2,480.5,15315,ITC
2024-12-27 12:52:00+05:30,480.5,480.7,480.35,480.7,48265,ITC
2024-12-27 12:53:00+05:30,480.65,480.85,480.55,480.85,26665,ITC
2024-12-27 12:54:00+05:30,480.8,480.9,480.6,480.8,30408,ITC
2024-12-27 12:55:00+05:30,480.8,480.8,480.5,480.8,20864,ITC
2024-12-27 12:56:00+05:30,480.8,480.8,480.5,480.75,20714,ITC
2024-12-27 12:57:00+05:30,480.75,480.8,480.55,480.8,18881,ITC
2024-12-27 12:58:00+05:30,480.75,480.8,480.5,480.75,17429,ITC
2024-12-27 12:59:00+05:30,480.75,480.8,480.5,480.7,22373,ITC
2024-12-27 13:00:00+05:30,480.7,480.8,480.3,480.55,46185,ITC
2024-12-27 13:01:00+05:30,480.6,480.6,480.05,480.25,23508,ITC
2024-12-27 13:02:00+05:30,480.05,480.25,479.85,480.0,51305,ITC
2024-12-27 13:03:00+05:30,479.9,480.4,479.85,480.35,15368,ITC
2024-12-27 13:04:00+05:30,480.35,480.5,480.15,480.4,13661,ITC
2024-12-27 13:05:00+05:30,480.4,480.95,480.3,480.55,104817,ITC
2024-12-27 13:06:00+05:30,480.55,480.7,480.3,480.65,16664,ITC
2024-12-27 13:07:00+05:30,480.5,480.95,480.5,480.9,16874,ITC
2024-12-27 13:08:00+05:30,480.75,481.0,480.7,480.9,42548,ITC
2024-12-27 13:09:00+05:30,480.9,481.3,480.85,481.25,94990,ITC
2024-12-27 13:10:00+05:30,481.25,481.55,481.1,481.5,48811,ITC
2024-12-27 13:11:00+05:30,481.5,481.75,481.4,481.45,54629,ITC
2024-12-27 13:12:00+05:30,481.5,481.75,481.4,481.7,40312,ITC
2024-12-27 13:13:00+05:30,481.55,481.7,481.25,481.25,56282,ITC
2024-12-27 13:14:00+05:30,481.4,481.45,481.05,481.15,16973,ITC
2024-12-27 13:15:00+05:30,481.15,481.3,481.0,481.05,18382,ITC
2024-12-27 13:16:00+05:30,481.0,481.1,480.7,480.8,26962,ITC
2024-12-27 13:17:00+05:30,480.75,481.05,480.7,480.95,24391,ITC
2024-12-27 13:18:00+05:30,480.95,481.05,480.65,480.9,16732,ITC
2024-12-27 13:19:00+05:30,480.9,481.0,480.7,480.85,12931,ITC
2024-12-27 13:20:00+05:30,480.85,480.95,480.4,480.6,25619,ITC
2024-12-27 13:21:00+05:30,480.6,480.6,480.3,480.45,16849,ITC
2024-12-27 13:22:00+05:30,480.4,480.6,480.35,480.55,15641,ITC
2024-12-27 13:23:00+05:30,480.55,480.8,480.35,480.7,22960,ITC
2024-12-27 13:24:00+05:30,480.7,480.95,480.5,480.9,17145,ITC
2024-12-27 13:25:00+05:30,480.95,481.0,480.65,480.95,26634,ITC
2024-12-27 13:26:00+05:30,480.95,481.15,480.85,481.1,23499,ITC
2024-12-27 13:27:00+05:30,481.1,481.1,480.7,481.0,18896,ITC
2024-12-27 13:28:00+05:30,481.0,481.0,480.65,480.8,14031,ITC
2024-12-27 13:29:00+05:30,480.8,480.95,480.65,480.95,17625,ITC
2024-12-27 13:30:00+05:30,480.9,481.0,480.8,481.0,14585,ITC
2024-12-27 13:31:00+05:30,480.85,481.05,480.75,480.9,13441,ITC
2024-12-27 13:32:00+05:30,480.9,480.9,480.6,480.85,16810,ITC
2024-12-27 13:33:00+05:30,480.65,480.95,480.6,480.95,18464,ITC
2024-12-27 13:34:00+05:30,480.95,481.05,480.8,481.0,22918,ITC
2024-12-27 13:35:00+05:30,481.0,481.15,480.8,481.1,37752,ITC
2024-12-27 13:36:00+05:30,481.0,481.4,481.0,481.25,47933,ITC
2024-12-27 13:37:00+05:30,481.25,481.4,481.15,481.4,22780,ITC
2024-12-27 13:38:00+05:30,481.3,481.5,481.3,481.5,19625,ITC
2024-12-27 13:39:00+05:30,481.5,481.75,481.4,481.55,58265,ITC
2024-12-27 13:40:00+05:30,481.6,481.6,481.3,481.4,25083,ITC
2024-12-27 13:41:00+05:30,481.4,481.55,481.25,481.45,43979,ITC
2024-12-27 13:42:00+05:30,481.25,481.5,481.25,481.3,35315,ITC
2024-12-27 13:43:00+05:30,481.3,481.4,480.85,481.0,134036,ITC
2024-12-27 13:44:00+05:30,480.95,481.0,480.3,480.4,95234,ITC
2024-12-27 13:45:00+05:30,480.4,480.7,480.3,480.6,28704,ITC
2024-12-27 13:46:00+05:30,480.6,480.8,480.3,480.35,31099,ITC
2024-12-27 13:47:00+05:30,480.35,480.5,480.1,480.45,44222,ITC
2024-12-27 13:48:00+05:30,480.3,480.65,480.25,480.6,37449,ITC
2024-12-27 13:49:00+05:30,480.55,480.7,480.3,480.6,32794,ITC
2024-12-27 13:50:00+05:30,480.5,480.65,480.3,480.5,27078,ITC
2024-12-27 13:51:00+05:30,480.5,480.6,480.3,480.4,22045,ITC
2024-12-27 13:52:00+05:30,480.4,480.65,480.3,480.6,46071,ITC
2024-12-27 13:53:00+05:30,480.6,480.75,480.3,480.6,62350,ITC
2024-12-27 13:54:00+05:30,480.6,480.7,480.3,480.65,40752,ITC
2024-12-27 13:55:00+05:30,480.55,480.65,480.15,480.3,39923,ITC
2024-12-27 13:56:00+05:30,480.3,480.45,480.05,480.4,20882,ITC
2024-12-27 13:57:00+05:30,480.35,480.6,480.35,480.6,12610,ITC
2024-12-27 13:58:00+05:30,480.6,480.65,480.4,480.6,24413,ITC
2024-12-27 13:59:00+05:30,480.6,480.7,480.45,480.6,27524,ITC
2024-12-27 14:00:00+05:30,480.55,480.6,480.4,480.6,17951,ITC
2024-12-27 14:01:00+05:30,480.6,480.65,480.4,480.45,23890,ITC
2024-12-27 14:02:00+05:30,480.4,480.55,480.35,480.5,22841,ITC
2024-12-27 14:03:00+05:30,480.45,480.6,480.35,480.5,17483,ITC
2024-12-27 14:04:00+05:30,480.45,480.65,480.4,480.5,24415,ITC
2024-12-27 14:05:00+05:30,480.6,480.6,480.5,480.5,20849,ITC
2024-12-27 14:06:00+05:30,480.55,480.65,480.3,480.3,27122,ITC
2024-12-27 14:07:00+05:30,480.35,480.5,480.25,480.5,24857,ITC
2024-12-27 14:08:00+05:30,480.5,480.75,480.4,480.65,33065,ITC
2024-12-27 14:09:00+05:30,480.65,480.7,480.5,480.6,27691,ITC
2024-12-27 14:10:00+05:30,480.6,480.6,480.5,480.6,21557,ITC
2024-12-27 14:11:00+05:30,480.6,480.65,480.05,480.4,87488,ITC
2024-12-27 14:12:00+05:30,480.4,480.5,480.25,480.4,36091,ITC
2024-12-27 14:13:00+05:30,480.4,480.5,480.25,480.4,28778,ITC
2024-12-27 14:14:00+05:30,480.5,480.5,480.3,480.4,21559,ITC
2024-12-27 14:15:00+05:30,480.4,480.6,480.25,480.45,37804,ITC
2024-12-27 14:16:00+05:30,480.6,480.75,480.35,480.65,42823,ITC
2024-12-27 14:17:00+05:30,480.65,480.9,480.5,480.85,27195,ITC
2024-12-27 14:18:00+05:30,480.85,481.3,480.6,481.3,61265,ITC
2024-12-27 14:19:00+05:30,481.3,481.5,481.1,481.4,75466,ITC
2024-12-27 14:20:00+05:30,481.4,481.6,481.0,481.6,83589,ITC
2024-12-27 14:21:00+05:30,481.6,481.7,481.5,481.7,37991,ITC
2024-12-27 14:22:00+05:30,481.7,481.75,481.45,481.5,43415,ITC
2024-12-27 14:23:00+05:30,481.6,481.75,481.35,481.65,57241,ITC
2024-12-27 14:24:00+05:30,481.65,481.9,479.8,479.95,693824,ITC
2024-12-27 14:25:00+05:30,479.95,480.4,479.9,480.25,62124,ITC
2024-12-27 14:26:00+05:30,480.25,480.4,480.1,480.3,25270,ITC
2024-12-27 14:27:00+05:30,480.3,480.3,480.1,480.25,20496,ITC
2024-12-27 14:28:00+05:30,480.25,480.3,480.0,480.05,42005,ITC
2024-12-27 14:29:00+05:30,480.05,480.1,479.9,480.05,19045,ITC
2024-12-27 14:30:00+05:30,480.05,480.1,479.8,479.95,34657,ITC
2024-12-27 14:31:00+05:30,479.95,480.0,479.8,479.95,24216,ITC
2024-12-27 14:32:00+05:30,479.95,480.0,479.8,479.95,19616,ITC
2024-12-27 14:33:00+05:30,479.95,480.0,479.8,480.0,24049,ITC
2024-12-27 14:34:00+05:30,480.0,480.05,479.8,479.95,35250,ITC
2024-12-27 14:35:00+05:30,479.95,480.0,479.65,480.0,43592,ITC
2024-12-27 14:36:00+05:30,480.0,480.0,479.75,479.95,20403,ITC
2024-12-27 14:37:00+05:30,479.95,480.0,479.75,480.0,21536,ITC
2024-12-27 14:38:00+05:30,480.0,480.15,479.85,480.1,29584,ITC
2024-12-27 14:39:00+05:30,480.1,480.25,479.9,480.0,21859,ITC
2024-12-27 14:40:00+05:30,480.15,480.25,480.0,480.05,41737,ITC
2024-12-27 14:41:00+05:30,480.2,480.25,480.0,480.15,18553,ITC
2024-12-27 14:42:00+05:30,480.15,480.25,480.0,480.15,21181,ITC
2024-12-27 14:43:00+05:30,480.15,480.2,480.0,480.15,24222,ITC
2024-12-27 14:44:00+05:30,480.15,480.2,480.0,480.1,22973,ITC
2024-12-27 14:45:00+05:30,480.1,480.25,479.85,479.85,35148,ITC
2024-12-27 14:46:00+05:30,480.05,480.1,479.25,479.5,102352,ITC
2024-12-27 14:47:00+05:30,479.35,479.8,479.35,479.7,31598,ITC
2024-12-27 14:48:00+05:30,479.7,479.75,479.3,479.5,50393,ITC
2024-12-27 14:49:00+05:30,479.5,479.65,478.35,478.5,606736,ITC
2024-12-27 14:50:00+05:30,478.5,478.85,478.2,478.6,108765,ITC
2024-12-27 14:51:00+05:30,478.6,478.85,478.35,478.85,70882,ITC
2024-12-27 14:52:00+05:30,478.85,478.9,478.55,478.85,27314,ITC
2024-12-27 14:53:00+05:30,478.85,478.95,478.6,478.95,36649,ITC
2024-12-27 14:54:00+05:30,478.95,479.05,478.75,479.0,20959,ITC
2024-12-27 14:55:00+05:30,479.0,479.4,478.85,479.25,31348,ITC
2024-12-27 14:56:00+05:30,479.25,479.75,479.15,479.7,31303,ITC
2024-12-27 14:57:00+05:30,479.7,479.8,479.55,479.75,35039,ITC
2024-12-27 14:58:00+05:30,479.75,479.75,479.5,479.6,34537,ITC
2024-12-27 14:59:00+05:30,479.6,479.7,479.35,479.5,27097,ITC
2024-12-27 15:00:00+05:30,479.5,479.6,478.25,479.3,672830,ITC
2024-12-27 15:01:00+05:30,479.1,479.5,479.0,479.3,49271,ITC
2024-12-27 15:02:00+05:30,479.25,479.6,479.2,479.4,45158,ITC
2024-12-27 15:03:00+05:30,479.4,479.75,479.4,479.4,45195,ITC
2024-12-27 15:04:00+05:30,479.45,479.75,479.45,479.7,43687,ITC
2024-12-27 15:05:00+05:30,479.65,479.75,479.25,479.55,169516,ITC
2024-12-27 15:06:00+05:30,479.65,479.95,477.8,478.1,815887,ITC
2024-12-27 15:07:00+05:30,478.1,479.1,478.1,479.0,61169,ITC
2024-12-27 15:08:00+05:30,478.95,479.35,478.85,479.2,48922,ITC
2024-12-27 15:09:00+05:30,479.2,479.4,479.05,479.3,39766,ITC
2024-12-27 15:10:00+05:30,479.25,479.4,477.8,477.95,735555,ITC
2024-12-27 15:11:00+05:30,477.95,478.45,477.75,478.2,804512,ITC
2024-12-27 15:12:00+05:30,478.2,478.35,477.8,478.25,167000,ITC
2024-12-27 15:13:00+05:30,478.25,478.75,478.15,478.65,47061,ITC
2024-12-27 15:14:00+05:30,478.6,478.8,478.55,478.75,38837,ITC
2024-12-27 15:15:00+05:30,478.75,478.95,478.7,478.9,57456,ITC
2024-12-27 15:16:00+05:30,478.85,479.1,478.7,479.0,58707,ITC
2024-12-27 15:17:00+05:30,478.95,479.3,478.85,479.2,36565,ITC
2024-12-27 15:18:00+05:30,479.2,479.35,479.05,479.1,48675,ITC
2024-12-27 15:19:00+05:30,479.1,479.3,479.05,479.15,51374,ITC
2024-12-27 15:20:00+05:30,479.15,479.4,479.05,479.3,71809,ITC
2024-12-27 15:21:00+05:30,479.25,479.4,479.15,479.4,45181,ITC
2024-12-27 15:22:00+05:30,479.35,479.4,479.15,479.2,43524,ITC
2024-12-27 15:23:00+05:30,479.15,479.4,479.1,479.25,38469,ITC
2024-12-27 15:24:00+05:30,479.2,479.85,479.1,479.75,81993,ITC
2024-12-27 15:25:00+05:30,479.75,479.95,479.25,479.3,95638,ITC
2024-12-27 15:26:00+05:30,479.25,479.9,479.25,479.8,53110,ITC
2024-12-27 15:27:00+05:30,479.6,479.9,479.35,479.6,80316,ITC
2024-12-27 15:28:00+05:30,479.6,479.9,479.4,479.5,59334,ITC
2024-12-27 15:29:00+05:30,479.85,479.95,479.4,479.7,72337,ITC
2024-12-30 09:15:00+05:30,480.75,480.75,478.6,480.5,193219,ITC
2024-12-30 09:16:00+05:30,480.5,480.65,479.7,480.5,66893,ITC
2024-12-30 09:17:00+05:30,480.5,481.15,480.1,481.0,51847,ITC
2024-12-30 09:18:00+05:30,481.0,481.45,480.65,481.25,57865,ITC
2024-12-30 09:19:00+05:30,481.25,481.4,480.8,480.9,40225,ITC
2024-12-30 09:20:00+05:30,480.8,481.4,480.8,481.3,56913,ITC
2024-12-30 09:21:00+05:30,481.3,481.3,480.4,480.55,62029,ITC
2024-12-30 09:22:00+05:30,480.55,481.0,480.2,480.45,39997,ITC
2024-12-30 09:23:00+05:30,480.45,480.45,479.55,479.9,75256,ITC
2024-12-30 09:24:00+05:30,479.95,480.3,479.7,480.0,58840,ITC
2024-12-30 09:25:00+05:30,480.0,480.5,479.55,480.5,39496,ITC
2024-12-30 09:26:00+05:30,480.3,480.35,479.75,479.85,31738,ITC
2024-12-30 09:27:00+05:30,479.95,480.25,479.7,480.0,43110,ITC
2024-12-30 09:28:00+05:30,479.95,480.35,479.85,480.25,27938,ITC
2024-12-30 09:29:00+05:30,480.2,480.4,479.9,479.95,24737,ITC
2024-12-30 09:30:00+05:30,479.95,480.3,479.25,480.2,59175,ITC
2024-12-30 09:31:00+05:30,480.2,480.35,479.9,480.3,24359,ITC
2024-12-30 09:32:00+05:30,480.35,480.7,480.1,480.6,39343,ITC
2024-12-30 09:33:00+05:30,480.6,480.65,480.05,480.1,19073,ITC
2024-12-30 09:34:00+05:30,480.25,480.7,480.1,480.6,67949,ITC
2024-12-30 09:35:00+05:30,480.7,480.7,480.3,480.5,33503,ITC
2024-12-30 09:36:00+05:30,480.5,480.5,480.05,480.25,42385,ITC
2024-12-30 09:37:00+05:30,480.25,480.4,479.8,479.8,33835,ITC
2024-12-30 09:38:00+05:30,479.8,479.85,479.5,479.7,39159,ITC
2024-12-30 09:39:00+05:30,479.8,479.85,479.3,479.5,54983,ITC
2024-12-30 09:40:00+05:30,479.45,479.5,479.15,479.2,49877,ITC
2024-12-30 09:41:00+05:30,479.25,479.5,479.0,479.2,101593,ITC
2024-12-30 09:42:00+05:30,479.05,479.3,478.9,478.9,33676,ITC
2024-12-30 09:43:00+05:30,479.0,479.05,478.8,478.8,20259,ITC
2024-12-30 09:44:00+05:30,478.9,479.45,478.8,479.35,31958,ITC
2024-12-30 09:45:00+05:30,479.15,479.7,479.15,479.7,40222,ITC
2024-12-30 09:46:00+05:30,479.7,479.8,479.25,479.7,26512,ITC
2024-12-30 09:47:00+05:30,479.65,479.65,479.0,479.1,23834,ITC
2024-12-30 09:48:00+05:30,479.15,479.5,479.0,479.25,20774,ITC
2024-12-30 09:49:00+05:30,479.25,479.55,479.0,479.35,35998,ITC
2024-12-30 09:50:00+05:30,479.3,479.6,479.25,479.25,21824,ITC
2024-12-30 09:51:00+05:30,479.35,479.75,479.3,479.7,18028,ITC
2024-12-30 09:52:00+05:30,479.7,479.7,479.25,479.25,22830,ITC
2024-12-30 09:53:00+05:30,479.45,479.65,479.25,479.45,22250,ITC
2024-12-30 09:54:00+05:30,479.5,479.65,479.3,479.5,14094,ITC
2024-12-30 09:55:00+05:30,479.5,479.55,479.25,479.3,9338,ITC
2024-12-30 09:56:00+05:30,479.3,479.65,479.25,479.6,16771,ITC
2024-12-30 09:57:00+05:30,479.6,479.75,479.3,479.3,18674,ITC
2024-12-30 09:58:00+05:30,479.35,479.45,479.0,479.2,18834,ITC
2024-12-30 09:59:00+05:30,479.2,479.3,478.8,479.2,40237,ITC
2024-12-30 10:00:00+05:30,479.15,479.25,478.8,479.15,41671,ITC
2024-12-30 10:01:00+05:30,479.2,479.5,479.1,479.1,23515,ITC
2024-12-30 10:02:00+05:30,479.1,479.3,478.95,479.3,13390,ITC
2024-12-30 10:03:00+05:30,479.3,479.55,479.2,479.5,18496,ITC
2024-12-30 10:04:00+05:30,479.5,479.6,479.25,479.35,10690,ITC
2024-12-30 10:05:00+05:30,479.35,479.6,479.1,479.4,16986,ITC
2024-12-30 10:06:00+05:30,479.4,479.5,479.05,479.1,13232,ITC
2024-12-30 10:07:00+05:30,479.1,479.1,478.75,478.8,33439,ITC
2024-12-30 10:08:00+05:30,478.8,478.95,478.65,478.85,31012,ITC
2024-12-30 10:09:00+05:30,478.85,479.4,478.7,479.25,22875,ITC
2024-12-30 10:10:00+05:30,479.4,479.45,479.0,479.3,13198,ITC
2024-12-30 10:11:00+05:30,479.3,479.7,479.2,479.7,27944,ITC
2024-12-30 10:12:00+05:30,479.7,480.0,479.45,479.65,39608,ITC
2024-12-30 10:13:00+05:30,479.65,479.65,479.4,479.55,11524,ITC
2024-12-30 10:14:00+05:30,479.55,479.55,479.3,479.5,13345,ITC
2024-12-30 10:15:00+05:30,479.5,479.55,479.35,479.4,9646,ITC
2024-12-30 10:16:00+05:30,479.55,480.0,479.55,479.85,29564,ITC
2024-12-30 10:17:00+05:30,479.65,479.85,479.65,479.7,9476,ITC
2024-12-30 10:18:00+05:30,479.7,479.7,479.2,479.25,20990,ITC
2024-12-30 10:19:00+05:30,479.2,479.7,479.2,479.6,18244,ITC
2024-12-30 10:20:00+05:30,479.6,479.75,479.2,479.35,13280,ITC
2024-12-30 10:21:00+05:30,479.35,479.7,479.25,479.45,12307,ITC
2024-12-30 10:22:00+05:30,479.45,479.65,479.3,479.6,18655,ITC
2024-12-30 10:23:00+05:30,479.6,479.75,479.35,479.6,13555,ITC
2024-12-30 10:24:00+05:30,479.5,479.6,479.15,479.45,15495,ITC
2024-12-30 10:25:00+05:30,479.45,479.6,479.3,479.55,11136,ITC
2024-12-30 10:26:00+05:30,479.45,479.7,479.3,479.35,17195,ITC
2024-12-30 10:27:00+05:30,479.35,479.45,479.0,479.05,22876,ITC
2024-12-30 10:28:00+05:30,479.05,479.4,479.0,479.2,9265,ITC
2024-12-30 10:29:00+05:30,479.2,479.35,479.0,479.05,10687,ITC
2024-12-30 10:30:00+05:30,479.2,479.2,478.9,479.15,37983,ITC
2024-12-30 10:31:00+05:30,479.2,479.6,479.15,479.45,33652,ITC
2024-12-30 10:32:00+05:30,479.45,479.6,479.1,479.3,11304,ITC
2024-12-30 10:33:00+05:30,479.3,479.5,479.15,479.4,14418,ITC
2024-12-30 10:34:00+05:30,479.4,479.55,479.2,479.5,10415,ITC
2024-12-30 10:35:00+05:30,479.45,479.95,479.2,479.8,63754,ITC
2024-12-30 10:36:00+05:30,479.8,480.25,479.75,480.2,43660,ITC
2024-12-30 10:37:00+05:30,480.1,480.7,480.1,480.5,133742,ITC
2024-12-30 10:38:00+05:30,480.5,480.8,480.3,480.4,93018,ITC
2024-12-30 10:39:00+05:30,480.4,480.5,480.2,480.4,14506,ITC
2024-12-30 10:40:00+05:30,480.4,480.4,480.15,480.15,20857,ITC
2024-12-30 10:41:00+05:30,480.3,481.0,480.15,480.8,211003,ITC
2024-12-30 10:42:00+05:30,480.8,480.8,480.4,480.5,21079,ITC
2024-12-30 10:43:00+05:30,480.55,480.8,480.4,480.75,25148,ITC
2024-12-30 10:44:00+05:30,480.6,480.8,480.3,480.45,30642,ITC
2024-12-30 10:45:00+05:30,480.45,480.95,480.3,480.7,55832,ITC
2024-12-30 10:46:00+05:30,480.55,480.85,480.5,480.7,51275,ITC
2024-12-30 10:47:00+05:30,480.7,480.8,480.35,480.5,34041,ITC
2024-12-30 10:48:00+05:30,480.5,480.85,480.3,480.55,17474,ITC
2024-12-30 10:49:00+05:30,480.55,480.95,480.4,480.9,37698,ITC
2024-12-30 10:50:00+05:30,480.75,480.95,480.65,480.95,16634,ITC
2024-12-30 10:51:00+05:30,480.95,480.95,480.65,480.95,22126,ITC
2024-12-30 10:52:00+05:30,480.85,480.95,480.5,480.5,21537,ITC
2024-12-30 10:53:00+05:30,480.65,480.65,480.3,480.4,19494,ITC
2024-12-30 10:54:00+05:30,480.3,480.5,480.15,480.2,16047,ITC
2024-12-30 10:55:00+05:30,480.4,480.85,480.2,480.4,127700,ITC
2024-12-30 10:56:00+05:30,480.5,480.9,480.25,480.4,74727,ITC
2024-12-30 10:57:00+05:30,480.4,480.5,479.95,480.15,34767,ITC
2024-12-30 10:58:00+05:30,480.15,480.2,479.9,480.15,17662,ITC
2024-12-30 10:59:00+05:30,480.1,480.2,479.7,479.8,24660,ITC
2024-12-30 11:00:00+05:30,479.8,479.95,479.45,479.5,30441,ITC
2024-12-30 11:01:00+05:30,479.6,479.7,479.3,479.55,17149,ITC
2024-12-30 11:02:00+05:30,479.4,479.8,479.3,479.35,22416,ITC
2024-12-30 11:03:00+05:30,479.35,479.35,479.05,479.3,28451,ITC
2024-12-30 11:04:00+05:30,479.1,479.45,479.05,479.15,13511,ITC
2024-12-30 11:05:00+05:30,479.3,479.45,479.05,479.05,18599,ITC
2024-12-30 11:06:00+05:30,479.15,479.45,479.05,479.2,12852,ITC
2024-12-30 11:07:00+05:30,479.25,479.55,479.0,479.05,25520,ITC
2024-12-30 11:08:00+05:30,479.05,479.3,479.0,479.05,26915,ITC
2024-12-30 11:09:00+05:30,479.05,479.2,478.8,478.85,52067,ITC
2024-12-30 11:10:00+05:30,478.85,479.15,478.85,479.0,13894,ITC
2024-12-30 11:11:00+05:30,479.0,479.15,478.8,479.0,27254,ITC
2024-12-30 11:12:00+05:30,479.0,479.05,478.9,478.9,10876,ITC
2024-12-30 11:13:00+05:30,479.0,479.05,478.6,478.65,32443,ITC
2024-12-30 11:14:00+05:30,478.7,478.95,478.65,478.8,19831,ITC
2024-12-30 11:15:00+05:30,478.9,478.9,478.45,478.45,61257,ITC
2024-12-30 11:16:00+05:30,478.45,478.65,478.25,478.25,27131,ITC
2024-12-30 11:17:00+05:30,478.3,478.65,478.0,478.45,98960,ITC
2024-12-30 11:18:00+05:30,478.35,478.9,478.1,478.35,117262,ITC
2024-12-30 11:19:00+05:30,478.45,478.55,478.15,478.25,26876,ITC
2024-12-30 11:20:00+05:30,478.4,478.55,478.25,478.3,30140,ITC
2024-12-30 11:21:00+05:30,478.4,478.8,478.4,478.8,18150,ITC
2024-12-30 11:22:00+05:30,478.85,479.05,478.75,478.95,40776,ITC
2024-12-30 11:23:00+05:30,478.95,479.0,478.5,478.8,28791,ITC
2024-12-30 11:24:00+05:30,478.95,479.0,478.6,478.7,34960,ITC
2024-12-30 11:25:00+05:30,478.7,478.85,478.5,478.75,21110,ITC
2024-12-30 11:26:00+05:30,478.6,478.9,478.55,478.6,27201,ITC
2024-12-30 11:27:00+05:30,478.6,478.95,478.5,478.7,34531,ITC
2024-12-30 11:28:00+05:30,478.7,478.8,478.4,478.4,14972,ITC
2024-12-30 11:29:00+05:30,478.55,478.55,478.25,478.35,27116,ITC
2024-12-30 11:30:00+05:30,478.35,478.6,478.2,478.45,35303,ITC
2024-12-30 11:31:00+05:30,478.35,478.45,478.2,478.35,17812,ITC
2024-12-30 11:32:00+05:30,478.35,478.9,478.35,478.75,37621,ITC
2024-12-30 11:33:00+05:30,478.75,478.8,478.3,478.45,23359,ITC
2024-12-30 11:34:00+05:30,478.35,478.45,478.25,478.45,14580,ITC
2024-12-30 11:35:00+05:30,478.45,478.75,478.3,478.55,19998,ITC
2024-12-30 11:36:00+05:30,478.4,478.7,478.2,478.35,53971,ITC
2024-12-30 11:37:00+05:30,478.35,478.35,478.0,478.1,30112,ITC
2024-12-30 11:38:00+05:30,478.1,478.1,477.8,478.05,63614,ITC
2024-12-30 11:39:00+05:30,478.0,478.25,477.9,478.2,29001,ITC
2024-12-30 11:40:00+05:30,478.2,478.2,477.7,477.9,30641,ITC
2024-12-30 11:41:00+05:30,477.9,478.25,477.7,477.95,30762,ITC
2024-12-30 11:42:00+05:30,477.95,478.45,477.9,478.35,15105,ITC
2024-12-30 11:43:00+05:30,478.35,478.4,478.2,478.25,16654,ITC
2024-12-30 11:44:00+05:30,478.25,478.4,478.1,478.35,20342,ITC
2024-12-30 11:45:00+05:30,478.35,478.5,478.15,478.35,16395,ITC
2024-12-30 11:46:00+05:30,478.35,478.35,478.1,478.15,22162,ITC
2024-12-30 11:47:00+05:30,478.15,478.5,478.1,478.2,32368,ITC
2024-12-30 11:48:00+05:30,478.2,478.5,478.1,478.35,16132,ITC
2024-12-30 11:49:00+05:30,478.35,478.45,478.15,478.45,14638,ITC
2024-12-30 11:50:00+05:30,478.45,479.2,478.35,479.05,92554,ITC
2024-12-30 11:51:00+05:30,479.2,479.3,478.85,479.0,18997,ITC
2024-12-30 11:52:00+05:30,479.0,479.05,478.8,478.9,35637,ITC
2024-12-30 11:53:00+05:30,479.0,479.05,478.6,478.65,14427,ITC
2024-12-30 11:54:00+05:30,478.75,478.8,478.5,478.8,9994,ITC
2024-12-30 11:55:00+05:30,478.7,479.0,478.7,478.85,41515,ITC
2024-12-30 11:56:00+05:30,479.0,479.0,478.6,478.7,13355,ITC
2024-12-30 11:57:00+05:30,478.7,478.85,478.45,478.45,32303,ITC
2024-12-30 11:58:00+05:30,478.45,478.7,478.4,478.6,13496,ITC
2024-12-30 11:59:00+05:30,478.6,478.6,478.4,478.6,11466,ITC
2024-12-30 12:00:00+05:30,478.45,478.65,478.4,478.6,12504,ITC
2024-12-30 12:01:00+05:30,478.6,478.6,478.0,478.2,20090,ITC
2024-12-30 12:02:00+05:30,478.0,478.3,478.0,478.05,10345,ITC
2024-12-30 12:03:00+05:30,478.1,478.65,478.1,478.65,16164,ITC
2024-12-30 12:04:00+05:30,478.45,478.65,478.35,478.6,15243,ITC
2024-12-30 12:05:00+05:30,478.6,478.6,478.05,478.3,19549,ITC
2024-12-30 12:06:00+05:30,478.3,478.4,478.0,478.3,23188,ITC
2024-12-30 12:07:00+05:30,478.3,478.75,478.05,478.5,33803,ITC
2024-12-30 12:08:00+05:30,478.6,478.8,478.45,478.5,20021,ITC
2024-12-30 12:09:00+05:30,478.5,478.75,478.3,478.55,19060,ITC
2024-12-30 12:10:00+05:30,478.55,478.65,478.35,478.5,19927,ITC
2024-12-30 12:11:00+05:30,478.5,478.75,478.15,478.2,18632,ITC
2024-12-30 12:12:00+05:30,478.25,478.6,478.15,478.45,16785,ITC
2024-12-30 12:13:00+05:30,478.45,478.55,478.15,478.5,20161,ITC
2024-12-30 12:14:00+05:30,478.5,478.5,478.1,478.3,11569,ITC
2024-12-30 12:15:00+05:30,478.3,478.35,478.0,478.0,26782,ITC
2024-12-30 12:16:00+05:30,478.1,478.25,478.0,478.15,16562,ITC
2024-12-30 12:17:00+05:30,478.2,478.2,478.0,478.15,11414,ITC
2024-12-30 12:18:00+05:30,478.15,478.2,478.0,478.05,13996,ITC
2024-12-30 12:19:00+05:30,478.05,478.2,478.0,478.15,19834,ITC
2024-12-30 12:20:00+05:30,478.15,478.3,478.0,478.0,14831,ITC
2024-12-30 12:21:00+05:30,478.2,478.25,478.0,478.0,16827,ITC
2024-12-30 12:22:00+05:30,478.2,478.25,478.0,478.0,21708,ITC
2024-12-30 12:23:00+05:30,478.0,478.2,478.0,478.15,15660,ITC
2024-12-30 12:24:00+05:30,478.15,478.3,477.8,478.3,54443,ITC
2024-12-30 12:25:00+05:30,478.2,478.5,478.1,478.45,14328,ITC
2024-12-30 12:26:00+05:30,478.2,478.45,478.0,478.15,21341,ITC
2024-12-30 12:27:00+05:30,478.15,478.2,477.9,478.0,16014,ITC
2024-12-30 12:28:00+05:30,477.9,478.3,477.6,478.25,48318,ITC
2024-12-30 12:29:00+05:30,478.25,478.3,477.75,478.25,23501,ITC
2024-12-30 12:30:00+05:30,478.05,478.3,477.8,478.2,52873,ITC
2024-12-30 12:31:00+05:30,478.1,478.5,478.1,478.3,24353,ITC
2024-12-30 12:32:00+05:30,478.15,478.5,478.05,478.5,15685,ITC
2024-12-30 12:33:00+05:30,478.5,478.75,478.2,478.5,26944,ITC
2024-12-30 12:34:00+05:30,478.5,478.55,478.1,478.4,21163,ITC
2024-12-30 12:35:00+05:30,478.6,478.6,478.1,478.35,76983,ITC
2024-12-30 12:36:00+05:30,478.35,478.65,478.35,478.6,26044,ITC
2024-12-30 12:37:00+05:30,478.6,478.75,478.4,478.6,16077,ITC
2024-12-30 12:38:00+05:30,478.6,478.75,478.4,478.6,21951,ITC
2024-12-30 12:39:00+05:30,478.6,478.75,478.2,478.45,20845,ITC
2024-12-30 12:40:00+05:30,478.45,478.7,478.4,478.7,16021,ITC
2024-12-30 12:41:00+05:30,478.7,478.7,478.45,478.65,11774,ITC
2024-12-30 12:42:00+05:30,478.65,478.7,478.35,478.5,17856,ITC
2024-12-30 12:43:00+05:30,478.55,478.9,478.5,478.9,17540,ITC
2024-12-30 12:44:00+05:30,478.9,479.0,478.65,478.75,21967,ITC
2024-12-30 12:45:00+05:30,478.8,479.0,478.65,479.0,39888,ITC
2024-12-30 12:46:00+05:30,479.0,479.45,478.95,479.25,76711,ITC
2024-12-30 12:47:00+05:30,479.2,479.25,479.05,479.1,15677,ITC
2024-12-30 12:48:00+05:30,479.1,479.2,478.7,478.7,19739,ITC
2024-12-30 12:49:00+05:30,478.7,478.8,478.6,478.7,13562,ITC
2024-12-30 12:50:00+05:30,478.7,478.85,478.6,478.85,15665,ITC
2024-12-30 12:51:00+05:30,478.85,478.9,478.6,478.6,12742,ITC
2024-12-30 12:52:00+05:30,478.7,478.85,478.55,478.7,19052,ITC
2024-12-30 12:53:00+05:30,478.8,479.0,478.6,479.0,17229,ITC
2024-12-30 12:54:00+05:30,479.0,479.0,478.7,478.9,23417,ITC
2024-12-30 12:55:00+05:30,478.9,479.0,478.3,478.65,42300,ITC
2024-12-30 12:56:00+05:30,478.55,478.65,478.5,478.55,26400,ITC
2024-12-30 12:57:00+05:30,478.55,478.7,478.45,478.55,32060,ITC
2024-12-30 12:58:00+05:30,478.55,478.95,478.5,478.85,31493,ITC
2024-12-30 12:59:00+05:30,478.9,478.95,478.6,478.7,55747,ITC
2024-12-30 13:00:00+05:30,478.65,478.75,478.4,478.65,30978,ITC
2024-12-30 13:01:00+05:30,478.65,478.75,478.45,478.55,22460,ITC
2024-12-30 13:02:00+05:30,478.55,478.75,478.45,478.5,25826,ITC
2024-12-30 13:03:00+05:30,478.45,478.7,478.4,478.6,41005,ITC
2024-12-30 13:04:00+05:30,478.6,478.6,478.25,478.4,32239,ITC
2024-12-30 13:05:00+05:30,478.4,478.5,478.2,478.5,20435,ITC
2024-12-30 13:06:00+05:30,478.5,478.55,478.25,478.3,32812,ITC
2024-12-30 13:07:00+05:30,478.4,478.6,478.3,478.6,25963,ITC
2024-12-30 13:08:00+05:30,478.6,478.65,478.3,478.5,27177,ITC
2024-12-30 13:09:00+05:30,478.5,478.6,478.25,478.55,47915,ITC
2024-12-30 13:10:00+05:30,478.55,478.65,478.35,478.55,17682,ITC
2024-12-30 13:11:00+05:30,478.55,478.65,478.3,478.5,14542,ITC
2024-12-30 13:12:00+05:30,478.65,478.65,478.3,478.4,110992,ITC
2024-12-30 13:13:00+05:30,478.6,478.65,478.3,478.65,15026,ITC
2024-12-30 13:14:00+05:30,478.65,478.75,478.3,478.75,22934,ITC
2024-12-30 13:15:00+05:30,478.75,478.75,478.4,478.7,73107,ITC
2024-12-30 13:16:00+05:30,478.45,478.8,478.4,478.5,28818,ITC
2024-12-30 13:17:00+05:30,478.7,478.7,478.35,478.5,63113,ITC
2024-12-30 13:18:00+05:30,478.5,478.6,478.25,478.55,18737,ITC
2024-12-30 13:19:00+05:30,478.55,478.65,478.4,478.65,19153,ITC
2024-12-30 13:20:00+05:30,478.65,478.65,478.3,478.5,18397,ITC
2024-12-30 13:21:00+05:30,478.5,478.6,478.15,478.2,19197,ITC
2024-12-30 13:22:00+05:30,478.2,478.65,478.2,478.65,18298,ITC
2024-12-30 13:23:00+05:30,478.65,478.65,478.55,478.6,14502,ITC
2024-12-30 13:24:00+05:30,478.6,478.6,478.25,478.25,21816,ITC
2024-12-30 13:25:00+05:30,478.3,478.5,478.1,478.1,20649,ITC
2024-12-30 13:26:00+05:30,478.15,478.5,478.05,478.35,18970,ITC
2024-12-30 13:27:00+05:30,478.5,478.65,478.3,478.65,16161,ITC
2024-12-30 13:28:00+05:30,478.65,478.75,478.5,478.6,20159,ITC
2024-12-30 13:29:00+05:30,478.65,478.8,478.25,478.25,32001,ITC
2024-12-30 13:30:00+05:30,478.45,478.45,478.1,478.3,19740,ITC
2024-12-30 13:31:00+05:30,478.3,478.3,477.8,477.95,58789,ITC
2024-12-30 13:32:00+05:30,477.95,478.25,477.95,478.15,20227,ITC
2024-12-30 13:33:00+05:30,478.15,478.2,477.85,478.05,21719,ITC
2024-12-30 13:34:00+05:30,478.1,478.25,477.95,478.0,27187,ITC
2024-12-30 13:35:00+05:30,478.15,478.25,477.95,478.1,22889,ITC
2024-12-30 13:36:00+05:30,478.1,478.1,477.8,477.95,34242,ITC
2024-12-30 13:37:00+05:30,478.0,478.1,477.75,477.95,25492,ITC
2024-12-30 13:38:00+05:30,477.95,478.0,477.65,477.95,21737,ITC
2024-12-30 13:39:00+05:30,477.95,478.05,477.75,478.05,24028,ITC
2024-12-30 13:40:00+05:30,478.05,478.15,477.75,478.1,55564,ITC
2024-12-30 13:41:00+05:30,478.1,478.15,477.9,478.1,22607,ITC
2024-12-30 13:42:00+05:30,478.15,478.2,478.0,478.2,23530,ITC
2024-12-30 13:43:00+05:30,478.2,478.25,478.0,478.15,16607,ITC
2024-12-30 13:44:00+05:30,478.15,478.2,478.0,478.0,22945,ITC
2024-12-30 13:45:00+05:30,478.05,478.05,477.5,477.6,29376,ITC
2024-12-30 13:46:00+05:30,477.6,477.65,477.2,477.35,48851,ITC
2024-12-30 13:47:00+05:30,477.35,477.35,476.8,476.95,48842,ITC
2024-12-30 13:48:00+05:30,476.95,477.0,476.65,476.85,26214,ITC
2024-12-30 13:49:00+05:30,476.7,477.0,476.65,476.8,38174,ITC
2024-12-30 13:50:00+05:30,476.85,476.95,476.7,476.7,47547,ITC
2024-12-30 13:51:00+05:30,476.7,476.75,476.25,476.4,122423,ITC
2024-12-30 13:52:00+05:30,476.4,476.8,476.35,476.75,23203,ITC
2024-12-30 13:53:00+05:30,476.75,476.85,476.4,476.4,35903,ITC
2024-12-30 13:54:00+05:30,476.4,476.55,476.15,476.35,17554,ITC
2024-12-30 13:55:00+05:30,476.35,476.45,476.1,476.25,37171,ITC
2024-12-30 13:56:00+05:30,476.25,476.9,476.25,476.75,21050,ITC
2024-12-30 13:57:00+05:30,476.8,477.15,476.75,476.9,48536,ITC
2024-12-30 13:58:00+05:30,476.9,477.15,476.6,476.95,19948,ITC
2024-12-30 13:59:00+05:30,476.95,477.15,476.7,477.05,21955,ITC
2024-12-30 14:00:00+05:30,477.05,477.05,476.3,476.5,51367,ITC
2024-12-30 14:01:00+05:30,476.6,476.8,476.4,476.6,17217,ITC
2024-12-30 14:02:00+05:30,476.6,476.95,476.55,476.8,26066,ITC
2024-12-30 14:03:00+05:30,476.8,476.95,476.55,476.75,16379,ITC
2024-12-30 14:04:00+05:30,476.8,476.85,476.6,476.7,13514,ITC
2024-12-30 14:05:00+05:30,476.7,476.75,476.25,476.45,38057,ITC
2024-12-30 14:06:00+05:30,476.5,476.95,476.4,476.75,21518,ITC
2024-12-30 14:07:00+05:30,476.8,476.95,476.75,476.8,15331,ITC
2024-12-30 14:08:00+05:30,476.85,476.95,476.75,476.8,24475,ITC
2024-12-30 14:09:00+05:30,476.8,476.85,476.5,476.6,30150,ITC
2024-12-30 14:10:00+05:30,476.6,476.8,476.45,476.8,13662,ITC
2024-12-30 14:11:00+05:30,476.8,476.85,476.45,476.85,24820,ITC
2024-12-30 14:12:00+05:30,476.85,476.95,476.55,476.85,21255,ITC
2024-12-30 14:13:00+05:30,476.9,476.95,476.6,476.7,25241,ITC
2024-12-30 14:14:00+05:30,476.75,476.85,476.35,476.55,32411,ITC
2024-12-30 14:15:00+05:30,476.75,476.8,476.4,476.65,30895,ITC
2024-12-30 14:16:00+05:30,476.65,476.85,476.55,476.85,16348,ITC
2024-12-30 14:17:00+05:30,476.85,476.95,476.75,476.8,20830,ITC
2024-12-30 14:18:00+05:30,476.85,477.3,476.8,477.05,37801,ITC
2024-12-30 14:19:00+05:30,477.1,477.2,477.05,477.1,17467,ITC
2024-12-30 14:20:00+05:30,477.1,477.2,476.85,477.05,24901,ITC
2024-12-30 14:21:00+05:30,477.1,477.2,476.95,477.2,33151,ITC
2024-12-30 14:22:00+05:30,477.2,477.4,476.9,477.05,21686,ITC
2024-12-30 14:23:00+05:30,477.05,477.35,476.9,477.2,24765,ITC
2024-12-30 14:24:00+05:30,477.2,477.4,477.15,477.2,26881,ITC
2024-12-30 14:25:00+05:30,477.2,477.35,477.15,477.35,22024,ITC
2024-12-30 14:26:00+05:30,477.35,477.6,477.2,477.35,44030,ITC
2024-12-30 14:27:00+05:30,477.35,477.6,477.2,477.55,24341,ITC
2024-12-30 14:28:00+05:30,477.55,477.6,477.25,477.55,20416,ITC
2024-12-30 14:29:00+05:30,477.55,477.75,477.35,477.7,46298,ITC
2024-12-30 14:30:00+05:30,477.7,478.15,477.6,478.0,26615,ITC
2024-12-30 14:31:00+05:30,478.0,478.2,477.9,478.05,12717,ITC
2024-12-30 14:32:00+05:30,478.05,478.2,477.8,477.85,17647,ITC
2024-12-30 14:33:00+05:30,477.85,478.3,477.7,478.1,23320,ITC
2024-12-30 14:34:00+05:30,478.0,478.2,477.8,477.85,42298,ITC
2024-12-30 14:35:00+05:30,478.0,478.15,477.8,478.0,25789,ITC
2024-12-30 14:36:00+05:30,478.1,478.15,477.8,477.95,17353,ITC
2024-12-30 14:37:00+05:30,477.95,478.15,477.75,478.0,28517,ITC
2024-12-30 14:38:00+05:30,478.0,478.15,477.8,478.1,21940,ITC
2024-12-30 14:39:00+05:30,478.15,478.3,477.9,478.25,32947,ITC
2024-12-30 14:40:00+05:30,478.25,478.25,477.85,478.0,28910,ITC
2024-12-30 14:41:00+05:30,478.0,478.15,477.8,478.0,23751,ITC
2024-12-30 14:42:00+05:30,478.0,478.0,477.75,477.9,23819,ITC
2024-12-30 14:43:00+05:30,477.9,478.05,477.7,478.0,17902,ITC
2024-12-30 14:44:00+05:30,478.0,478.2,477.9,478.0,21404,ITC
2024-12-30 14:45:00+05:30,478.0,478.35,477.95,478.35,29051,ITC
2024-12-30 14:46:00+05:30,478.35,478.35,477.95,477.95,35273,ITC
2024-12-30 14:47:00+05:30,478.0,478.3,477.85,478.3,10494,ITC
2024-12-30 14:48:00+05:30,478.3,478.3,477.95,478.25,32755,ITC
2024-12-30 14:49:00+05:30,478.25,478.3,477.9,478.15,18813,ITC
2024-12-30 14:50:00+05:30,478.15,478.3,478.0,478.1,22944,ITC
2024-12-30 14:51:00+05:30,478.1,478.35,478.0,478.3,22298,ITC
2024-12-30 14:52:00+05:30,478.3,478.3,478.0,478.25,24723,ITC
2024-12-30 14:53:00+05:30,478.25,478.3,478.0,478.15,30925,ITC
2024-12-30 14:54:00+05:30,478.15,478.2,477.9,478.15,42742,ITC
2024-12-30 14:55:00+05:30,478.15,478.25,478.0,478.2,20242,ITC
2024-12-30 14:56:00+05:30,478.2,478.3,478.0,478.25,28005,ITC
2024-12-30 14:57:00+05:30,478.3,478.3,477.75,477.8,44046,ITC
2024-12-30 14:58:00+05:30,477.85,478.05,477.75,478.05,19139,ITC
2024-12-30 14:59:00+05:30,478.05,478.1,477.95,478.0,32088,ITC
2024-12-30 15:00:00+05:30,478.0,478.2,477.3,477.3,106972,ITC
2024-12-30 15:01:00+05:30,477.4,477.55,477.05,477.25,58098,ITC
2024-12-30 15:02:00+05:30,477.2,477.5,477.2,477.35,49269,ITC
2024-12-30 15:03:00+05:30,477.3,477.75,477.25,477.75,53534,ITC
2024-12-30 15:04:00+05:30,477.65,477.75,477.35,477.65,54297,ITC
2024-12-30 15:05:00+05:30,477.5,477.75,477.5,477.65,51594,ITC
2024-12-30 15:06:00+05:30,477.65,477.75,477.5,477.65,69839,ITC
2024-12-30 15:07:00+05:30,477.6,477.75,477.6,477.7,67530,ITC
2024-12-30 15:08:00+05:30,477.65,477.65,477.4,477.6,67787,ITC
2024-12-30 15:09:00+05:30,477.55,477.75,477.4,477.45,96920,ITC
2024-12-30 15:10:00+05:30,477.55,477.7,477.25,477.3,105125,ITC
2024-12-30 15:11:00+05:30,477.3,477.55,476.75,477.0,141270,ITC
2024-12-30 15:12:00+05:30,476.8,477.1,476.4,476.75,104808,ITC
2024-12-30 15:13:00+05:30,476.6,476.8,476.0,476.25,145927,ITC
2024-12-30 15:14:00+05:30,476.25,476.45,476.2,476.4,85223,ITC
2024-12-30 15:15:00+05:30,476.3,476.65,476.25,476.3,118317,ITC
2024-12-30 15:16:00+05:30,476.3,476.6,476.25,476.6,126514,ITC
2024-12-30 15:17:00+05:30,476.45,476.85,476.35,476.5,92110,ITC
2024-12-30 15:18:00+05:30,476.5,476.8,476.45,476.65,99295,ITC
2024-12-30 15:19:00+05:30,476.65,476.9,476.5,476.7,81683,ITC
2024-12-30 15:20:00+05:30,476.65,476.95,476.65,476.75,99215,ITC
2024-12-30 15:21:00+05:30,476.75,477.2,476.75,477.0,87509,ITC
2024-12-30 15:22:00+05:30,477.0,477.25,476.7,476.95,121255,ITC
2024-12-30 15:23:00+05:30,476.9,477.2,476.85,477.1,68131,ITC
2024-12-30 15:24:00+05:30,476.9,477.35,476.7,477.1,89415,ITC
2024-12-30 15:25:00+05:30,477.1,477.5,476.8,477.1,91435,ITC
2024-12-30 15:26:00+05:30,477.05,477.3,477.0,477.1,63413,ITC
2024-12-30 15:27:00+05:30,477.05,477.3,476.95,476.95,75461,ITC
2024-12-30 15:28:00+05:30,477.1,477.15,476.55,476.95,70638,ITC
2024-12-30 15:29:00+05:30,477.0,477.05,476.4,476.8,34101,ITC
2024-12-31 09:15:00+05:30,478.45,479.7,477.6,478.65,209554,ITC
2024-12-31 09:16:00+05:30,478.55,479.05,477.6,477.9,95026,ITC
2024-12-31 09:17:00+05:30,477.85,478.0,477.5,477.95,57533,ITC
2024-12-31 09:18:00+05:30,477.95,478.35,477.7,477.85,65859,ITC
2024-12-31 09:19:00+05:30,477.8,477.95,477.0,477.05,56574,ITC
2024-12-31 09:20:00+05:30,477.3,477.7,476.9,477.25,52376,ITC
2024-12-31 09:21:00+05:30,477.25,477.25,476.55,476.9,35056,ITC
2024-12-31 09:22:00+05:30,476.9,476.95,476.6,476.9,22201,ITC
2024-12-31 09:23:00+05:30,476.9,476.9,476.05,476.35,55253,ITC
2024-12-31 09:24:00+05:30,476.35,476.75,476.1,476.75,13752,ITC
2024-12-31 09:25:00+05:30,476.75,476.85,476.4,476.7,26980,ITC
2024-12-31 09:26:00+05:30,476.7,476.75,475.7,475.9,92761,ITC
2024-12-31 09:27:00+05:30,475.7,476.15,475.55,476.0,47704,ITC
2024-12-31 09:28:00+05:30,476.0,476.1,475.7,475.75,44871,ITC
2024-12-31 09:29:00+05:30,475.9,475.9,475.2,475.6,49744,ITC
2024-12-31 09:30:00+05:30,475.5,475.95,475.3,475.95,27645,ITC
2024-12-31 09:31:00+05:30,475.95,476.0,475.6,475.7,19533,ITC
2024-12-31 09:32:00+05:30,475.7,475.75,475.2,475.3,49032,ITC
2024-12-31 09:33:00+05:30,475.5,475.65,475.1,475.2,26834,ITC
2024-12-31 09:34:00+05:30,475.2,475.35,474.55,474.8,75265,ITC
2024-12-31 09:35:00+05:30,475.0,475.3,474.95,475.3,23905,ITC
2024-12-31 09:36:00+05:30,475.25,475.75,475.1,475.6,28124,ITC
2024-12-31 09:37:00+05:30,475.65,475.8,475.5,475.65,10132,ITC
2024-12-31 09:38:00+05:30,475.75,476.5,475.65,476.3,26952,ITC
2024-12-31 09:39:00+05:30,476.4,476.5,476.25,476.5,17533,ITC
2024-12-31 09:40:00+05:30,476.5,476.5,476.05,476.3,20250,ITC
2024-12-31 09:41:00+05:30,476.3,476.35,475.8,476.0,14908,ITC
2024-12-31 09:42:00+05:30,475.95,476.05,475.1,475.35,32942,ITC
2024-12-31 09:43:00+05:30,475.35,475.45,474.8,475.2,44943,ITC
2024-12-31 09:44:00+05:30,475.2,475.2,475.0,475.15,9826,ITC
2024-12-31 09:45:00+05:30,475.2,475.45,475.15,475.4,12753,ITC
2024-12-31 09:46:00+05:30,475.3,475.6,475.2,475.55,15671,ITC
2024-12-31 09:47:00+05:30,475.6,475.65,475.2,475.4,18201,ITC
2024-12-31 09:48:00+05:30,475.45,475.6,475.05,475.1,19854,ITC
2024-12-31 09:49:00+05:30,475.1,475.4,474.85,475.3,28865,ITC
2024-12-31 09:50:00+05:30,475.4,475.4,475.05,475.2,14153,ITC
2024-12-31 09:51:00+05:30,475.2,475.2,474.9,475.15,14859,ITC
2024-12-31 09:52:00+05:30,475.15,475.2,474.9,475.05,11681,ITC
2024-12-31 09:53:00+05:30,475.15,475.45,475.05,475.45,37222,ITC
2024-12-31 09:54:00+05:30,475.45,475.55,475.15,475.4,26291,ITC
2024-12-31 09:55:00+05:30,475.4,475.4,475.0,475.25,16940,ITC
2024-12-31 09:56:00+05:30,475.25,475.35,474.9,475.15,20098,ITC
2024-12-31 09:57:00+05:30,475.2,475.4,475.05,475.4,3969,ITC
2024-12-31 09:58:00+05:30,475.45,475.65,475.3,475.65,10095,ITC
2024-12-31 09:59:00+05:30,475.65,476.45,475.6,476.2,76735,ITC
2024-12-31 10:00:00+05:30,476.2,476.85,476.0,476.75,72309,ITC
2024-12-31 10:01:00+05:30,476.65,476.75,476.0,476.3,62327,ITC
2024-12-31 10:02:00+05:30,476.35,476.5,476.05,476.1,23719,ITC
2024-12-31 10:03:00+05:30,476.1,476.4,476.0,476.35,27351,ITC
2024-12-31 10:04:00+05:30,476.4,476.8,476.2,476.8,31508,ITC
2024-12-31 10:05:00+05:30,476.75,476.8,476.4,476.65,23089,ITC
2024-12-31 10:06:00+05:30,476.65,476.65,476.0,476.05,42676,ITC
2024-12-31 10:07:00+05:30,476.15,476.5,476.05,476.35,35659,ITC
2024-12-31 10:08:00+05:30,476.3,476.45,476.05,476.4,24127,ITC
2024-12-31 10:09:00+05:30,476.35,476.45,475.9,476.25,38684,ITC
2024-12-31 10:10:00+05:30,476.25,476.35,475.5,475.9,35409,ITC
2024-12-31 10:11:00+05:30,475.85,475.85,475.4,475.65,12653,ITC
2024-12-31 10:12:00+05:30,475.55,475.65,475.25,475.35,13401,ITC
2024-12-31 10:13:00+05:30,475.35,475.5,475.1,475.5,15946,ITC
2024-12-31 10:14:00+05:30,475.5,476.35,475.2,476.35,119509,ITC
2024-12-31 10:15:00+05:30,476.35,476.5,476.25,476.5,39774,ITC
2024-12-31 10:16:00+05:30,476.5,476.7,476.15,476.5,49912,ITC
2024-12-31 10:17:00+05:30,476.5,476.6,476.05,476.5,18121,ITC
2024-12-31 10:18:00+05:30,476.45,476.65,475.9,476.15,21009,ITC
2024-12-31 10:19:00+05:30,476.05,477.0,475.8,476.8,42530,ITC
2024-12-31 10:20:00+05:30,476.95,477.05,476.2,476.55,43311,ITC
2024-12-31 10:21:00+05:30,476.55,476.9,476.25,476.6,28776,ITC
2024-12-31 10:22:00+05:30,476.6,477.2,476.55,476.95,43167,ITC
2024-12-31 10:23:00+05:30,477.0,477.35,476.9,477.35,47880,ITC
2024-12-31 10:24:00+05:30,477.2,477.5,477.2,477.4,12228,ITC
2024-12-31 10:25:00+05:30,477.5,477.65,477.0,477.05,57641,ITC
2024-12-31 10:26:00+05:30,477.15,477.75,477.05,477.6,28215,ITC
2024-12-31 10:27:00+05:30,477.7,478.0,477.35,477.6,46203,ITC
2024-12-31 10:28:00+05:30,477.5,477.65,477.15,477.45,30140,ITC
2024-12-31 10:29:00+05:30,477.5,477.6,476.65,476.7,79737,ITC
2024-12-31 10:30:00+05:30,476.9,477.3,476.65,477.3,33786,ITC
2024-12-31 10:31:00+05:30,477.3,477.35,476.8,476.8,24574,ITC
2024-12-31 10:32:00+05:30,477.05,477.1,476.7,476.9,24460,ITC
2024-12-31 10:33:00+05:30,476.9,476.9,476.5,476.9,20159,ITC
2024-12-31 10:34:00+05:30,476.9,477.0,476.55,476.75,18006,ITC
2024-12-31 10:35:00+05:30,476.8,477.05,476.45,477.0,46223,ITC
2024-12-31 10:36:00+05:30,477.0,477.15,476.75,476.9,27023,ITC
2024-12-31 10:37:00+05:30,476.9,477.1,476.7,476.85,14546,ITC
2024-12-31 10:38:00+05:30,476.85,477.0,476.5,476.85,29720,ITC
2024-12-31 10:39:00+05:30,476.85,476.9,476.5,476.7,25440,ITC
2024-12-31 10:40:00+05:30,476.7,476.75,476.35,476.55,24966,ITC
2024-12-31 10:41:00+05:30,476.55,476.7,476.2,476.3,12285,ITC
2024-12-31 10:42:00+05:30,476.35,476.4,476.05,476.05,13864,ITC
2024-12-31 10:43:00+05:30,476.1,476.2,475.95,476.0,22069,ITC
2024-12-31 10:44:00+05:30,476.0,476.2,475.95,476.1,16139,ITC
2024-12-31 10:45:00+05:30,476.1,476.1,475.7,475.85,20709,ITC
2024-12-31 10:46:00+05:30,475.85,475.9,475.7,475.9,8306,ITC
2024-12-31 10:47:00+05:30,475.9,475.95,475.5,475.7,25070,ITC
2024-12-31 10:48:00+05:30,475.75,475.85,475.5,475.7,39553,ITC
2024-12-31 10:49:00+05:30,475.7,475.95,475.6,475.8,15654,ITC
2024-12-31 10:50:00+05:30,475.85,475.85,475.6,475.85,17401,ITC
2024-12-31 10:51:00+05:30,475.85,476.0,475.55,475.7,27075,ITC
2024-12-31 10:52:00+05:30,475.7,476.5,475.5,476.3,48489,ITC
2024-12-31 10:53:00+05:30,476.3,477.3,476.25,477.0,73477,ITC
2024-12-31 10:54:00+05:30,477.1,477.75,477.0,477.7,40283,ITC
2024-12-31 10:55:00+05:30,477.6,477.7,477.15,477.65,30573,ITC
2024-12-31 10:56:00+05:30,477.55,477.6,477.05,477.15,31714,ITC
2024-12-31 10:57:00+05:30,477.1,477.15,476.7,477.0,17313,ITC
2024-12-31 10:58:00+05:30,477.0,477.1,476.7,476.95,13784,ITC
2024-12-31 10:59:00+05:30,476.95,477.05,476.65,477.0,17963,ITC
2024-12-31 11:00:00+05:30,477.0,477.15,476.8,477.0,10998,ITC
2024-12-31 11:01:00+05:30,477.05,477.1,476.85,476.95,12248,ITC
2024-12-31 11:02:00+05:30,477.0,477.05,476.4,476.5,24789,ITC
2024-12-31 11:03:00+05:30,476.5,476.6,476.25,476.25,12485,ITC
2024-12-31 11:04:00+05:30,476.25,476.55,476.2,476.55,11935,ITC
2024-12-31 11:05:00+05:30,476.5,476.65,476.5,476.6,18366,ITC
2024-12-31 11:06:00+05:30,476.6,476.7,476.3,476.7,12119,ITC
2024-12-31 11:07:00+05:30,476.7,476.95,476.65,476.9,7927,ITC
2024-12-31 11:08:00+05:30,476.9,477.05,476.7,476.8,18250,ITC
2024-12-31 11:09:00+05:30,476.9,477.45,476.8,477.45,8631,ITC
2024-12-31 11:10:00+05:30,477.45,477.5,477.0,477.3,20559,ITC
2024-12-31 11:11:00+05:30,477.35,477.8,477.15,477.75,49919,ITC
2024-12-31 11:12:00+05:30,477.75,478.0,477.5,477.5,93292,ITC
2024-12-31 11:13:00+05:30,477.65,477.65,477.5,477.65,12144,ITC
2024-12-31 11:14:00+05:30,477.65,477.85,477.55,477.8,15627,ITC
2024-12-31 11:15:00+05:30,477.8,477.85,477.5,477.75,19823,ITC
2024-12-31 11:16:00+05:30,477.75,477.85,477.5,477.85,21232,ITC
2024-12-31 11:17:00+05:30,477.85,477.9,477.55,477.65,21852,ITC
2024-12-31 11:18:00+05:30,477.8,477.85,477.55,477.55,22441,ITC
2024-12-31 11:19:00+05:30,477.7,477.75,477.5,477.6,27662,ITC
2024-12-31 11:20:00+05:30,477.65,477.7,477.35,477.6,25412,ITC
2024-12-31 11:21:00+05:30,477.6,477.7,477.55,477.65,7767,ITC
2024-12-31 11:22:00+05:30,477.65,478.25,477.65,478.1,73175,ITC
2024-12-31 11:23:00+05:30,478.1,478.1,477.7,478.1,28177,ITC
2024-12-31 11:24:00+05:30,478.1,478.3,478.0,478.25,23204,ITC
2024-12-31 11:25:00+05:30,478.25,478.3,478.0,478.2,31184,ITC
2024-12-31 11:26:00+05:30,478.2,478.25,478.0,478.2,15906,ITC
2024-12-31 11:27:00+05:30,478.2,478.25,478.05,478.15,12522,ITC
2024-12-31 11:28:00+05:30,478.15,478.15,477.65,477.8,29026,ITC
2024-12-31 11:29:00+05:30,477.9,478.0,477.7,478.0,10487,ITC
2024-12-31 11:30:00+05:30,478.0,478.0,477.7,477.85,23805,ITC
2024-12-31 11:31:00+05:30,477.85,479.45,477.7,478.85,131892,ITC
2024-12-31 11:32:00+05:30,478.9,478.9,478.3,478.55,19998,ITC
2024-12-31 11:33:00+05:30,478.55,478.7,478.1,478.5,29300,ITC
2024-12-31 11:34:00+05:30,478.5,478.65,478.35,478.6,7550,ITC
2024-12-31 11:35:00+05:30,478.55,478.65,478.45,478.6,15289,ITC
2024-12-31 11:36:00+05:30,478.6,478.7,478.45,478.6,17642,ITC
2024-12-31 11:37:00+05:30,478.6,478.6,478.3,478.35,18183,ITC
2024-12-31 11:38:00+05:30,478.3,478.85,478.25,478.75,45735,ITC
2024-12-31 11:39:00+05:30,478.75,479.25,478.45,478.8,158527,ITC
2024-12-31 11:40:00+05:30,478.9,479.3,478.8,479.25,39718,ITC
2024-12-31 11:41:00+05:30,479.25,479.9,479.05,479.5,140754,ITC
2024-12-31 11:42:00+05:30,479.55,480.0,479.25,480.0,55399,ITC
2024-12-31 11:43:00+05:30,479.95,480.05,479.8,479.95,67122,ITC
2024-12-31 11:44:00+05:30,479.95,480.05,479.75,479.95,33097,ITC
2024-12-31 11:45:00+05:30,479.95,480.35,479.9,480.25,52808,ITC
2024-12-31 11:46:00+05:30,480.2,480.25,480.0,480.2,21370,ITC
2024-12-31 11:47:00+05:30,480.2,480.3,480.0,480.05,18805,ITC
2024-12-31 11:48:00+05:30,480.05,480.05,479.5,479.7,61657,ITC
2024-12-31 11:49:00+05:30,479.7,479.75,479.5,479.65,47301,ITC
2024-12-31 11:50:00+05:30,479.65,479.65,479.5,479.55,25870,ITC
2024-12-31 11:51:00+05:30,479.55,479.6,479.25,479.35,31533,ITC
2024-12-31 11:52:00+05:30,479.3,479.35,479.05,479.2,20975,ITC
2024-12-31 11:53:00+05:30,479.2,479.2,478.8,479.15,34273,ITC
2024-12-31 11:54:00+05:30,479.05,479.2,479.05,479.15,20460,ITC
2024-12-31 11:55:00+05:30,479.2,479.2,479.05,479.1,23763,ITC
2024-12-31 11:56:00+05:30,479.1,479.2,478.95,479.2,11789,ITC
2024-12-31 11:57:00+05:30,479.2,479.25,478.95,479.1,15174,ITC
2024-12-31 11:58:00+05:30,479.1,479.15,478.9,479.0,19761,ITC
2024-12-31 11:59:00+05:30,479.0,479.2,478.9,479.15,8916,ITC
2024-12-31 12:00:00+05:30,479.15,479.4,479.0,479.05,43999,ITC
2024-12-31 12:01:00+05:30,479.05,479.25,478.85,479.2,16573,ITC
2024-12-31 12:02:00+05:30,479.25,479.35,478.95,479.35,16547,ITC
2024-12-31 12:03:00+05:30,479.35,479.45,479.2,479.25,12174,ITC
2024-12-31 12:04:00+05:30,479.2,479.2,479.0,479.05,26588,ITC
2024-12-31 12:05:00+05:30,479.05,479.1,478.65,478.8,28395,ITC
2024-12-31 12:06:00+05:30,478.8,478.85,478.3,478.35,46543,ITC
2024-12-31 12:07:00+05:30,478.45,478.75,478.35,478.75,12042,ITC
2024-12-31 12:08:00+05:30,478.75,478.9,478.7,478.85,11720,ITC
2024-12-31 12:09:00+05:30,478.8,478.9,478.8,478.9,14442,ITC
2024-12-31 12:10:00+05:30,478.9,479.0,478.85,478.9,16780,ITC
2024-12-31 12:11:00+05:30,478.95,479.0,478.75,478.9,14417,ITC
2024-12-31 12:12:00+05:30,478.85,479.3,478.85,479.3,17596,ITC
2024-12-31 12:13:00+05:30,479.3,479.55,479.05,479.2,35161,ITC
2024-12-31 12:14:00+05:30,479.35,479.45,479.05,479.45,75684,ITC
2024-12-31 12:15:00+05:30,479.45,479.45,479.05,479.4,29136,ITC
2024-12-31 12:16:00+05:30,479.4,479.4,479.25,479.4,10500,ITC
2024-12-31 12:17:00+05:30,479.4,479.45,479.15,479.15,21502,ITC
2024-12-31 12:18:00+05:30,479.35,479.35,478.85,479.0,34804,ITC
2024-12-31 12:19:00+05:30,479.0,479.4,478.9,479.4,9518,ITC
2024-12-31 12:20:00+05:30,479.4,479.5,479.1,479.4,13190,ITC
2024-12-31 12:21:00+05:30,479.45,479.55,479.3,479.35,10134,ITC
2024-12-31 12:22:00+05:30,479.4,479.5,479.2,479.4,28358,ITC
2024-12-31 12:23:00+05:30,479.4,479.4,479.25,479.4,12832,ITC
2024-12-31 12:24:00+05:30,479.4,479.5,479.25,479.35,11440,ITC
2024-12-31 12:25:00+05:30,479.4,479.4,479.1,479.25,16697,ITC
2024-12-31 12:26:00+05:30,479.3,479.4,479.0,479.25,23971,ITC
2024-12-31 12:27:00+05:30,479.25,479.3,478.5,478.65,28744,ITC
2024-12-31 12:28:00+05:30,478.7,478.95,478.55,478.8,15977,ITC
2024-12-31 12:29:00+05:30,478.8,478.9,478.65,478.85,23870,ITC
2024-12-31 12:30:00+05:30,478.85,478.85,478.2,478.45,38125,ITC
2024-12-31 12:31:00+05:30,478.35,478.65,478.1,478.55,18936,ITC
2024-12-31 12:32:00+05:30,478.55,478.8,478.35,478.6,13006,ITC
2024-12-31 12:33:00+05:30,478.6,478.8,478.45,478.55,17518,ITC
2024-12-31 12:34:00+05:30,478.7,478.8,478.4,478.4,23398,ITC
2024-12-31 12:35:00+05:30,478.45,478.95,478.4,478.9,18348,ITC
2024-12-31 12:36:00+05:30,478.9,479.2,478.65,479.15,16334,ITC
2024-12-31 12:37:00+05:30,479.15,479.35,478.95,479.15,14708,ITC
2024-12-31 12:38:00+05:30,479.1,479.25,478.95,479.15,14449,ITC
2024-12-31 12:39:00+05:30,479.15,479.15,478.7,478.7,23860,ITC
2024-12-31 12:40:00+05:30,478.75,478.75,478.35,478.7,20916,ITC
2024-12-31 12:41:00+05:30,478.7,478.8,478.5,478.7,11886,ITC
2024-12-31 12:42:00+05:30,478.7,478.8,478.5,478.55,9400,ITC
2024-12-31 12:43:00+05:30,478.6,478.8,478.5,478.65,12775,ITC
2024-12-31 12:44:00+05:30,478.75,478.8,478.5,478.65,12467,ITC
2024-12-31 12:45:00+05:30,478.7,478.8,478.5,478.8,9402,ITC
2024-12-31 12:46:00+05:30,478.8,479.15,478.55,478.85,75714,ITC
2024-12-31 12:47:00+05:30,478.8,478.9,478.4,478.6,21986,ITC
2024-12-31 12:48:00+05:30,478.6,478.9,478.55,478.8,12009,ITC
2024-12-31 12:49:00+05:30,478.8,478.9,478.6,478.9,18083,ITC
2024-12-31 12:50:00+05:30,478.9,479.0,478.5,478.95,17162,ITC
2024-12-31 12:51:00+05:30,478.95,479.1,478.55,478.9,20550,ITC
2024-12-31 12:52:00+05:30,478.9,479.05,478.6,479.05,15896,ITC
2024-12-31 12:53:00+05:30,479.05,479.1,478.85,478.95,11749,ITC
2024-12-31 12:54:00+05:30,478.95,479.5,478.85,479.1,34161,ITC
2024-12-31 12:55:00+05:30,479.15,479.2,478.8,479.05,21136,ITC
2024-12-31 12:56:00+05:30,479.05,479.15,478.75,479.15,14550,ITC
2024-12-31 12:57:00+05:30,479.05,479.2,478.85,479.05,16889,ITC
2024-12-31 12:58:00+05:30,479.1,479.15,478.75,478.9,17013,ITC
2024-12-31 12:59:00+05:30,478.85,479.0,478.7,478.95,16512,ITC
2024-12-31 13:00:00+05:30,478.95,478.95,478.7,478.85,14864,ITC
2024-12-31 13:01:00+05:30,478.85,478.95,478.7,478.9,13838,ITC
2024-12-31 13:02:00+05:30,478.9,478.95,478.7,478.85,10495,ITC
2024-12-31 13:03:00+05:30,478.85,479.0,478.75,478.95,10331,ITC
2024-12-31 13:04:00+05:30,478.95,478.95,478.75,478.85,12250,ITC
2024-12-31 13:05:00+05:30,478.85,479.1,478.8,479.0,10713,ITC
2024-12-31 13:06:00+05:30,479.0,479.2,478.9,479.2,13098,ITC
2024-12-31 13:07:00+05:30,479.15,479.3,479.0,479.05,14694,ITC
2024-12-31 13:08:00+05:30,479.05,479.35,478.95,479.3,12869,ITC
2024-12-31 13:09:00+05:30,479.3,479.4,479.2,479.25,15637,ITC
2024-12-31 13:10:00+05:30,479.25,479.35,479.0,479.25,17891,ITC
2024-12-31 13:11:00+05:30,479.25,479.5,479.1,479.45,16883,ITC
2024-12-31 13:12:00+05:30,479.4,479.5,479.2,479.4,17296,ITC
2024-12-31 13:13:00+05:30,479.4,479.85,479.3,479.75,37873,ITC
2024-12-31 13:14:00+05:30,479.7,480.0,479.6,480.0,28086,ITC
2024-12-31 13:15:00+05:30,480.0,480.0,479.55,479.95,35763,ITC
2024-12-31 13:16:00+05:30,479.95,480.0,479.9,479.95,13221,ITC
2024-12-31 13:17:00+05:30,479.95,480.0,479.55,479.75,24976,ITC
2024-12-31 13:18:00+05:30,479.75,479.8,479.5,479.75,23582,ITC
2024-12-31 13:19:00+05:30,479.75,479.75,479.5,479.65,25109,ITC
2024-12-31 13:20:00+05:30,479.7,479.75,479.55,479.75,13416,ITC
2024-12-31 13:21:00+05:30,479.75,480.0,479.7,480.0,34220,ITC
2024-12-31 13:22:00+05:30,480.0,480.1,479.9,480.05,62108,ITC
2024-12-31 13:23:00+05:30,480.05,480.05,479.9,480.05,22334,ITC
2024-12-31 13:24:00+05:30,480.05,480.15,479.85,480.1,25192,ITC
2024-12-31 13:25:00+05:30,480.1,480.35,480.05,480.35,24335,ITC
2024-12-31 13:26:00+05:30,480.3,480.35,480.0,480.2,27837,ITC
2024-12-31 13:27:00+05:30,480.2,480.4,480.15,480.35,17647,ITC
2024-12-31 13:28:00+05:30,480.35,480.6,480.25,480.55,34660,ITC
2024-12-31 13:29:00+05:30,480.55,480.6,480.15,480.6,33131,ITC
2024-12-31 13:30:00+05:30,480.65,480.95,480.4,480.6,94363,ITC
2024-12-31 13:31:00+05:30,480.55,480.85,480.35,480.65,49522,ITC
2024-12-31 13:32:00+05:30,480.65,480.7,480.2,480.35,24948,ITC
2024-12-31 13:33:00+05:30,480.45,480.5,480.3,480.4,26755,ITC
2024-12-31 13:34:00+05:30,480.35,480.45,480.15,480.35,20882,ITC
2024-12-31 13:35:00+05:30,480.35,480.4,480.1,480.3,23151,ITC
2024-12-31 13:36:00+05:30,480.3,480.3,480.1,480.15,20391,ITC
2024-12-31 13:37:00+05:30,480.15,480.35,480.05,480.3,24027,ITC
2024-12-31 13:38:00+05:30,480.3,480.35,480.2,480.25,22937,ITC
2024-12-31 13:39:00+05:30,480.25,481.0,480.2,480.95,38722,ITC
2024-12-31 13:40:00+05:30,481.0,481.5,480.6,481.25,128413,ITC
2024-12-31 13:41:00+05:30,481.15,481.4,480.85,481.15,24921,ITC
2024-12-31 13:42:00+05:30,481.15,481.35,481.0,481.3,30166,ITC
2024-12-31 13:43:00+05:30,481.25,481.3,480.9,481.1,30308,ITC
2024-12-31 13:44:00+05:30,481.15,481.2,480.95,481.1,17950,ITC
2024-12-31 13:45:00+05:30,481.05,481.2,481.05,481.1,13977,ITC
2024-12-31 13:46:00+05:30,481.1,481.8,481.05,481.3,197708,ITC
2024-12-31 13:47:00+05:30,481.3,481.3,480.9,481.15,32483,ITC
2024-12-31 13:48:00+05:30,481.1,481.3,480.9,481.1,26864,ITC
2024-12-31 13:49:00+05:30,481.05,481.1,480.65,480.8,28224,ITC
2024-12-31 13:50:00+05:30,480.8,481.1,480.65,481.1,39072,ITC
2024-12-31 13:51:00+05:30,481.05,481.15,480.85,481.0,28419,ITC
2024-12-31 13:52:00+05:30,481.0,481.4,480.95,481.3,42947,ITC
2024-12-31 13:53:00+05:30,481.25,481.3,481.05,481.2,16773,ITC
2024-12-31 13:54:00+05:30,481.1,481.2,481.0,481.1,20589,ITC
2024-12-31 13:55:00+05:30,481.1,481.3,481.0,481.2,30415,ITC
2024-12-31 13:56:00+05:30,481.15,481.25,481.0,481.1,27753,ITC
2024-12-31 13:57:00+05:30,481.05,481.3,480.8,481.15,36014,ITC
2024-12-31 13:58:00+05:30,481.1,481.15,480.9,481.0,30493,ITC
2024-12-31 13:59:00+05:30,480.9,481.25,480.9,481.1,36787,ITC
2024-12-31 14:00:00+05:30,481.1,481.3,481.05,481.3,25784,ITC
2024-12-31 14:01:00+05:30,481.3,481.35,481.05,481.3,44207,ITC
2024-12-31 14:02:00+05:30,481.3,481.65,481.25,481.55,24516,ITC
2024-12-31 14:03:00+05:30,481.55,481.9,481.5,481.9,30309,ITC
2024-12-31 14:04:00+05:30,481.9,482.35,481.8,482.3,78620,ITC
2024-12-31 14:05:00+05:30,482.2,482.3,481.95,482.1,29666,ITC
2024-12-31 14:06:00+05:30,482.1,482.4,481.95,482.25,110038,ITC
2024-12-31 14:07:00+05:30,482.25,482.4,481.9,482.2,37259,ITC
2024-12-31 14:08:00+05:30,482.2,482.35,482.0,482.25,22303,ITC
2024-12-31 14:09:00+05:30,482.25,482.45,482.05,482.1,38998,ITC
2024-12-31 14:10:00+05:30,482.1,482.2,481.85,482.05,24447,ITC
2024-12-31 14:11:00+05:30,482.05,482.15,481.85,482.05,19220,ITC
2024-12-31 14:12:00+05:30,482.05,482.1,481.8,482.05,17121,ITC
2024-12-31 14:13:00+05:30,482.05,482.1,481.9,482.05,20007,ITC
2024-12-31 14:14:00+05:30,482.05,482.1,481.7,481.95,29062,ITC
2024-12-31 14:15:00+05:30,481.9,482.1,481.75,481.85,21861,ITC
2024-12-31 14:16:00+05:30,481.85,482.0,481.7,481.95,20071,ITC
2024-12-31 14:17:00+05:30,481.9,482.0,481.6,481.7,25235,ITC
2024-12-31 14:18:00+05:30,481.65,481.7,481.0,481.3,48246,ITC
2024-12-31 14:19:00+05:30,481.15,481.65,481.1,481.6,17688,ITC
2024-12-31 14:20:00+05:30,481.5,481.65,481.25,481.45,18681,ITC
2024-12-31 14:21:00+05:30,481.45,481.5,481.25,481.3,19653,ITC
2024-12-31 14:22:00+05:30,481.35,481.6,481.2,481.5,33880,ITC
2024-12-31 14:23:00+05:30,481.5,481.85,481.4,481.85,26786,ITC
2024-12-31 14:24:00+05:30,481.85,482.1,481.7,482.05,19146,ITC
2024-12-31 14:25:00+05:30,482.05,482.1,481.85,482.1,22907,ITC
2024-12-31 14:26:00+05:30,482.1,482.25,481.85,482.2,28017,ITC
2024-12-31 14:27:00+05:30,482.25,482.35,482.0,482.35,21663,ITC
2024-12-31 14:28:00+05:30,482.3,482.3,482.1,482.15,24680,ITC
2024-12-31 14:29:00+05:30,482.15,482.3,482.0,482.3,65732,ITC
2024-12-31 14:30:00+05:30,482.3,482.3,481.85,482.1,30707,ITC
2024-12-31 14:31:00+05:30,482.1,482.2,481.9,482.1,24572,ITC
2024-12-31 14:32:00+05:30,482.1,482.15,481.85,482.05,20351,ITC
2024-12-31 14:33:00+05:30,482.05,482.1,481.75,481.95,26081,ITC
2024-12-31 14:34:00+05:30,481.95,482.15,481.75,481.95,20193,ITC
2024-12-31 14:35:00+05:30,481.95,482.25,481.8,482.15,51434,ITC
2024-12-31 14:36:00+05:30,482.15,482.3,482.05,482.2,23702,ITC
2024-12-31 14:37:00+05:30,482.2,482.35,482.0,482.2,32609,ITC
2024-12-31 14:38:00+05:30,482.25,482.25,482.0,482.2,25314,ITC
2024-12-31 14:39:00+05:30,482.2,482.35,482.05,482.3,32874,ITC
2024-12-31 14:40:00+05:30,482.35,482.55,482.25,482.5,33686,ITC
2024-12-31 14:41:00+05:30,482.5,482.5,482.05,482.15,35251,ITC
2024-12-31 14:42:00+05:30,482.2,482.3,482.0,482.2,35892,ITC
2024-12-31 14:43:00+05:30,482.2,482.25,481.9,482.15,36678,ITC
2024-12-31 14:44:00+05:30,482.15,482.25,481.95,482.2,30990,ITC
2024-12-31 14:45:00+05:30,482.15,482.25,482.05,482.2,31766,ITC
2024-12-31 14:46:00+05:30,482.2,482.25,482.1,482.1,35046,ITC
2024-12-31 14:47:00+05:30,482.15,482.2,482.0,482.05,27422,ITC
2024-12-31 14:48:00+05:30,482.0,482.2,481.95,482.15,29595,ITC
2024-12-31 14:49:00+05:30,482.1,482.2,482.05,482.2,25953,ITC
2024-12-31 14:50:00+05:30,482.2,482.5,482.1,482.5,26120,ITC
2024-12-31 14:51:00+05:30,482.4,482.5,482.1,482.25,43335,ITC
2024-12-31 14:52:00+05:30,482.2,482.35,482.0,482.2,67935,ITC
2024-12-31 14:53:00+05:30,482.15,482.4,482.05,482.25,46520,ITC
2024-12-31 14:54:00+05:30,482.2,482.4,482.1,482.35,56594,ITC
2024-12-31 14:55:00+05:30,482.35,482.55,482.2,482.55,111314,ITC
2024-12-31 14:56:00+05:30,482.5,482.6,482.4,482.55,30316,ITC
2024-12-31 14:57:00+05:30,482.5,482.6,482.4,482.55,40035,ITC
2024-12-31 14:58:00+05:30,482.55,482.6,482.4,482.6,68036,ITC
2024-12-31 14:59:00+05:30,482.6,483.45,482.4,483.45,173456,ITC
2024-12-31 15:00:00+05:30,483.4,483.45,482.75,483.35,199322,ITC
2024-12-31 15:01:00+05:30,483.35,483.35,483.0,483.1,64526,ITC
2024-12-31 15:02:00+05:30,483.1,483.1,483.0,483.05,41318,ITC
2024-12-31 15:03:00+05:30,483.1,483.25,483.05,483.1,34444,ITC
2024-12-31 15:04:00+05:30,483.05,483.15,482.95,483.05,52159,ITC
2024-12-31 15:05:00+05:30,483.0,483.1,482.65,482.95,70046,ITC
2024-12-31 15:06:00+05:30,482.9,483.0,482.8,482.95,33178,ITC
2024-12-31 15:07:00+05:30,482.95,483.2,482.85,483.15,43261,ITC
2024-12-31 15:08:00+05:30,483.15,483.2,482.95,483.1,53954,ITC
2024-12-31 15:09:00+05:30,483.1,483.35,483.0,483.25,47679,ITC
2024-12-31 15:10:00+05:30,483.25,483.35,483.0,483.2,58556,ITC
2024-12-31 15:11:00+05:30,483.2,483.5,483.0,483.35,65361,ITC
2024-12-31 15:12:00+05:30,483.3,483.45,483.15,483.3,33494,ITC
2024-12-31 15:13:00+05:30,483.3,483.4,483.1,483.35,45051,ITC
2024-12-31 15:14:00+05:30,483.35,483.45,483.0,483.15,46951,ITC
2024-12-31 15:15:00+05:30,483.1,483.3,483.0,483.2,62925,ITC
2024-12-31 15:16:00+05:30,483.2,483.55,483.05,483.5,83285,ITC
2024-12-31 15:17:00+05:30,483.5,483.75,483.35,483.75,82225,ITC
2024-12-31 15:18:00+05:30,483.7,484.0,483.6,483.95,90086,ITC
2024-12-31 15:19:00+05:30,483.9,484.0,483.75,483.9,110355,ITC
2024-12-31 15:20:00+05:30,483.9,484.35,483.85,484.25,140200,ITC
2024-12-31 15:21:00+05:30,484.25,484.35,483.9,484.3,92756,ITC
2024-12-31 15:22:00+05:30,484.3,484.35,483.85,484.0,72803,ITC
2024-12-31 15:23:00+05:30,484.0,484.5,483.8,484.5,252025,ITC
2024-12-31 15:24:00+05:30,484.3,484.65,484.0,484.4,115578,ITC
2024-12-31 15:25:00+05:30,484.3,484.45,483.95,484.15,72393,ITC
2024-12-31 15:26:00+05:30,484.1,484.4,483.75,483.85,81830,ITC
2024-12-31 15:27:00+05:30,483.9,483.9,483.6,483.9,54870,ITC
2024-12-31 15:28:00+05:30,483.85,484.25,483.7,484.1,68716,ITC
2024-12-31 15:29:00+05:30,484.1,484.5,484.05,484.45,57523,ITC
2025-01-01 09:15:00+05:30,486.0,486.85,484.15,484.75,317376,ITC
2025-01-01 09:16:00+05:30,484.75,484.9,484.05,484.15,126803,ITC
2025-01-01 09:17:00+05:30,484.15,484.4,483.5,483.95,63320,ITC
2025-01-01 09:18:00+05:30,483.95,484.4,483.75,484.4,43942,ITC
2025-01-01 09:19:00+05:30,484.4,484.45,484.0,484.15,48026,ITC
2025-01-01 09:20:00+05:30,484.15,484.5,484.0,484.05,38303,ITC
2025-01-01 09:21:00+05:30,484.1,484.1,483.5,483.6,49071,ITC
2025-01-01 09:22:00+05:30,483.65,484.1,483.6,483.95,19880,ITC
2025-01-01 09:23:00+05:30,483.95,484.0,483.3,483.65,56969,ITC
2025-01-01 09:24:00+05:30,483.45,484.0,483.3,483.5,20358,ITC
2025-01-01 09:25:00+05:30,483.65,483.7,483.05,483.4,45640,ITC
2025-01-01 09:26:00+05:30,483.4,483.45,482.8,482.9,106342,ITC
2025-01-01 09:27:00+05:30,482.8,483.3,482.8,483.1,32433,ITC
2025-01-01 09:28:00+05:30,483.1,483.3,483.0,483.25,23690,ITC
2025-01-01 09:29:00+05:30,483.05,483.35,483.0,483.25,18950,ITC
2025-01-01 09:30:00+05:30,483.3,483.95,483.15,483.7,20420,ITC
2025-01-01 09:31:00+05:30,483.7,483.8,483.45,483.65,28564,ITC
2025-01-01 09:32:00+05:30,483.65,483.65,483.0,483.2,56191,ITC
2025-01-01 09:33:00+05:30,483.2,483.45,483.05,483.3,9325,ITC
2025-01-01 09:34:00+05:30,483.4,483.4,483.05,483.3,10706,ITC
2025-01-01 09:35:00+05:30,483.3,483.3,482.9,483.1,79341,ITC
2025-01-01 09:36:00+05:30,483.15,483.35,483.0,483.15,10083,ITC
2025-01-01 09:37:00+05:30,483.3,483.3,482.8,483.05,32196,ITC
2025-01-01 09:38:00+05:30,483.05,483.1,482.6,482.75,27603,ITC
2025-01-01 09:39:00+05:30,482.75,482.8,482.55,482.7,11313,ITC
2025-01-01 09:40:00+05:30,482.75,482.9,482.6,482.75,17132,ITC
2025-01-01 09:41:00+05:30,482.75,483.0,482.6,483.0,32313,ITC
2025-01-01 09:42:00+05:30,482.85,483.25,482.7,482.9,37150,ITC
2025-01-01 09:43:00+05:30,482.7,482.95,482.15,482.8,56522,ITC
2025-01-01 09:44:00+05:30,482.8,483.05,482.45,483.05,10118,ITC
2025-01-01 09:45:00+05:30,482.9,483.0,482.6,482.85,7680,ITC
2025-01-01 09:46:00+05:30,482.85,482.95,482.45,482.45,23762,ITC
2025-01-01 09:47:00+05:30,482.65,482.85,482.4,482.8,18069,ITC
2025-01-01 09:48:00+05:30,482.85,482.95,482.55,482.8,6808,ITC
2025-01-01 09:49:00+05:30,482.85,482.9,482.5,482.7,11609,ITC
2025-01-01 09:50:00+05:30,482.8,483.15,482.7,483.15,13921,ITC
2025-01-01 09:51:00+05:30,483.15,483.25,483.0,483.05,9492,ITC
2025-01-01 09:52:00+05:30,483.2,483.25,483.0,483.15,12291,ITC
2025-01-01 09:53:00+05:30,483.15,483.45,483.05,483.4,7914,ITC
2025-01-01 09:54:00+05:30,483.4,483.4,483.0,483.0,23831,ITC
2025-01-01 09:55:00+05:30,483.0,483.25,482.85,483.2,8272,ITC
2025-01-01 09:56:00+05:30,483.0,483.4,482.9,483.1,9271,ITC
2025-01-01 09:57:00+05:30,483.0,483.2,482.85,483.2,5458,ITC
2025-01-01 09:58:00+05:30,483.2,483.5,482.8,483.35,30512,ITC
2025-01-01 09:59:00+05:30,483.3,483.45,483.15,483.4,11112,ITC
2025-01-01 10:00:00+05:30,483.2,483.5,483.0,483.5,17263,ITC
2025-01-01 10:01:00+05:30,483.5,483.5,483.05,483.3,8536,ITC
2025-01-01 10:02:00+05:30,483.3,483.4,483.0,483.35,24383,ITC
2025-01-01 10:03:00+05:30,483.3,483.45,483.2,483.25,7554,ITC
2025-01-01 10:04:00+05:30,483.25,483.3,482.8,482.95,21503,ITC
2025-01-01 10:05:00+05:30,483.1,483.1,482.8,483.0,9636,ITC
2025-01-01 10:06:00+05:30,482.9,483.45,482.8,483.4,46746,ITC
2025-01-01 10:07:00+05:30,483.4,483.6,483.2,483.6,29210,ITC
2025-01-01 10:08:00+05:30,483.6,483.75,483.3,483.45,35657,ITC
2025-01-01 10:09:00+05:30,483.45,483.6,483.3,483.45,21018,ITC
2025-01-01 10:10:00+05:30,483.3,483.45,483.25,483.45,9612,ITC
2025-01-01 10:11:00+05:30,483.45,483.45,483.2,483.4,7417,ITC
2025-01-01 10:12:00+05:30,483.35,483.7,483.05,483.65,18917,ITC
2025-01-01 10:13:00+05:30,483.65,483.8,483.4,483.4,11467,ITC
2025-01-01 10:14:00+05:30,483.6,483.75,483.25,483.4,14136,ITC
2025-01-01 10:15:00+05:30,483.45,483.5,483.05,483.05,49394,ITC
2025-01-01 10:16:00+05:30,483.05,483.5,483.0,483.2,131400,ITC
2025-01-01 10:17:00+05:30,483.25,483.5,483.0,483.3,45976,ITC
2025-01-01 10:18:00+05:30,483.3,483.9,483.15,483.8,16228,ITC
2025-01-01 10:19:00+05:30,483.8,484.0,483.35,483.4,66850,ITC
2025-01-01 10:20:00+05:30,483.65,483.8,483.25,483.7,34368,ITC
2025-01-01 10:21:00+05:30,483.7,483.9,483.4,483.5,19742,ITC
2025-01-01 10:22:00+05:30,483.65,483.75,483.4,483.6,12274,ITC
2025-01-01 10:23:00+05:30,483.6,483.75,483.2,483.75,23103,ITC
2025-01-01 10:24:00+05:30,483.5,483.8,483.5,483.65,6150,ITC
2025-01-01 10:25:00+05:30,483.75,484.0,483.65,483.85,18500,ITC
2025-01-01 10:26:00+05:30,483.85,483.95,483.6,483.75,13432,ITC
2025-01-01 10:27:00+05:30,483.8,484.0,483.55,483.8,34029,ITC
2025-01-01 10:28:00+05:30,483.8,483.85,483.5,483.85,21110,ITC
2025-01-01 10:29:00+05:30,483.85,484.2,483.8,484.2,35758,ITC
2025-01-01 10:30:00+05:30,484.1,484.2,483.95,484.1,24551,ITC
2025-01-01 10:31:00+05:30,484.15,484.2,484.1,484.2,11770,ITC
2025-01-01 10:32:00+05:30,484.15,484.2,484.05,484.2,23455,ITC
2025-01-01 10:33:00+05:30,484.2,484.2,483.9,483.9,20625,ITC
2025-01-01 10:34:00+05:30,483.9,484.1,483.9,484.05,8465,ITC
2025-01-01 10:35:00+05:30,484.05,484.3,484.0,484.2,32284,ITC
2025-01-01 10:36:00+05:30,484.25,484.3,484.15,484.2,35218,ITC
2025-01-01 10:37:00+05:30,484.15,484.25,484.05,484.15,26220,ITC
2025-01-01 10:38:00+05:30,484.15,484.35,484.1,484.3,22463,ITC
2025-01-01 10:39:00+05:30,484.25,484.5,484.2,484.3,28772,ITC
2025-01-01 10:40:00+05:30,484.4,484.5,484.2,484.4,12980,ITC
2025-01-01 10:41:00+05:30,484.35,484.4,484.2,484.4,13065,ITC
2025-01-01 10:42:00+05:30,484.4,484.45,484.2,484.35,12140,ITC
2025-01-01 10:43:00+05:30,484.2,484.45,484.2,484.3,7201,ITC
2025-01-01 10:44:00+05:30,484.25,484.4,484.1,484.2,22087,ITC
2025-01-01 10:45:00+05:30,484.2,484.4,484.15,484.4,6094,ITC
2025-01-01 10:46:00+05:30,484.25,484.4,484.1,484.4,6742,ITC
2025-01-01 10:47:00+05:30,484.4,484.5,484.25,484.45,19989,ITC
2025-01-01 10:48:00+05:30,484.45,484.5,484.25,484.5,11425,ITC
2025-01-01 10:49:00+05:30,484.5,484.9,484.4,484.9,37510,ITC
2025-01-01 10:50:00+05:30,484.9,485.15,484.7,485.0,52260,ITC
2025-01-01 10:51:00+05:30,485.0,485.0,484.6,484.75,19530,ITC
2025-01-01 10:52:00+05:30,484.7,484.75,484.6,484.7,26856,ITC
2025-01-01 10:53:00+05:30,484.65,484.85,484.5,484.75,20359,ITC
2025-01-01 10:54:00+05:30,484.75,485.0,484.5,484.5,34041,ITC
2025-01-01 10:55:00+05:30,484.7,484.75,484.5,484.7,20069,ITC
2025-01-01 10:56:00+05:30,484.65,484.65,484.3,484.35,26220,ITC
2025-01-01 10:57:00+05:30,484.35,484.45,484.25,484.35,7720,ITC
2025-01-01 10:58:00+05:30,484.35,484.6,484.3,484.6,8343,ITC
2025-01-01 10:59:00+05:30,484.6,484.6,484.25,484.4,14035,ITC
2025-01-01 11:00:00+05:30,484.35,484.5,484.25,484.4,9886,ITC
2025-01-01 11:01:00+05:30,484.25,484.4,484.0,484.1,27730,ITC
2025-01-01 11:02:00+05:30,484.25,484.25,484.0,484.05,17176,ITC
2025-01-01 11:03:00+05:30,484.0,484.15,484.0,484.1,9831,ITC
2025-01-01 11:04:00+05:30,484.1,484.15,484.0,484.0,19887,ITC
2025-01-01 11:05:00+05:30,484.15,484.15,483.75,483.8,28375,ITC
2025-01-01 11:06:00+05:30,483.8,484.0,483.75,483.95,22980,ITC
2025-01-01 11:07:00+05:30,483.95,484.0,483.75,483.95,21926,ITC
2025-01-01 11:08:00+05:30,483.8,484.0,483.75,484.0,14843,ITC
2025-01-01 11:09:00+05:30,483.95,484.0,483.75,483.85,13292,ITC
2025-01-01 11:10:00+05:30,483.85,484.05,483.75,484.0,14002,ITC
2025-01-01 11:11:00+05:30,483.8,484.05,483.8,483.95,13752,ITC
2025-01-01 11:12:00+05:30,483.8,483.95,483.55,483.85,15974,ITC
2025-01-01 11:13:00+05:30,483.7,484.6,483.6,484.5,286723,ITC
2025-01-01 11:14:00+05:30,484.5,484.8,484.3,484.8,281803,ITC
2025-01-01 11:15:00+05:30,484.6,484.9,484.4,484.7,54045,ITC
2025-01-01 11:16:00+05:30,484.85,484.85,484.4,484.75,45854,ITC
2025-01-01 11:17:00+05:30,484.55,484.9,484.35,484.65,37060,ITC
2025-01-01 11:18:00+05:30,484.6,484.8,484.6,484.8,42148,ITC
2025-01-01 11:19:00+05:30,484.7,484.8,484.6,484.75,50857,ITC
2025-01-01 11:20:00+05:30,484.7,484.75,484.55,484.6,43376,ITC
2025-01-01 11:21:00+05:30,484.6,484.8,484.5,484.75,43523,ITC
2025-01-01 11:22:00+05:30,484.75,484.75,484.5,484.7,29340,ITC
2025-01-01 11:23:00+05:30,484.7,484.85,484.55,484.8,116180,ITC
2025-01-01 11:24:00+05:30,484.75,485.0,484.6,485.0,95779,ITC
2025-01-01 11:25:00+05:30,485.0,485.05,484.65,485.0,147910,ITC
2025-01-01 11:26:00+05:30,485.0,485.05,484.75,485.05,119675,ITC
2025-01-01 11:27:00+05:30,485.0,485.1,484.65,484.9,108413,ITC
2025-01-01 11:28:00+05:30,484.8,485.0,484.45,485.0,154505,ITC
2025-01-01 11:29:00+05:30,485.0,485.05,484.6,485.0,97221,ITC
2025-01-01 11:30:00+05:30,484.85,485.05,484.7,484.75,43705,ITC
2025-01-01 11:31:00+05:30,484.8,484.95,484.5,484.7,39599,ITC
2025-01-01 11:32:00+05:30,484.7,484.95,484.7,484.95,49950,ITC
2025-01-01 11:33:00+05:30,484.95,484.95,484.55,484.95,34614,ITC
2025-01-01 11:34:00+05:30,484.8,484.9,484.5,484.55,58632,ITC
2025-01-01 11:35:00+05:30,484.55,484.85,484.5,484.85,99437,ITC
2025-01-01 11:36:00+05:30,484.8,484.95,484.7,484.95,27580,ITC
2025-01-01 11:37:00+05:30,484.95,485.0,484.8,484.95,50906,ITC
2025-01-01 11:38:00+05:30,484.95,485.0,484.75,484.9,52280,ITC
2025-01-01 11:39:00+05:30,484.9,484.9,484.55,484.8,16687,ITC
2025-01-01 11:40:00+05:30,484.7,484.8,484.4,484.6,20374,ITC
2025-01-01 11:41:00+05:30,484.45,484.75,484.45,484.75,15421,ITC
2025-01-01 11:42:00+05:30,484.75,484.75,484.55,484.7,10301,ITC
2025-01-01 11:43:00+05:30,484.7,484.8,484.5,484.8,26973,ITC
2025-01-01 11:44:00+05:30,484.75,484.8,484.6,484.7,24902,ITC
2025-01-01 11:45:00+05:30,484.65,484.75,484.5,484.75,26351,ITC
2025-01-01 11:46:00+05:30,484.75,484.9,484.6,484.75,46210,ITC
2025-01-01 11:47:00+05:30,484.7,484.9,484.6,484.6,63972,ITC
2025-01-01 11:48:00+05:30,484.6,484.85,484.6,484.85,12839,ITC
2025-01-01 11:49:00+05:30,484.85,485.0,484.7,484.95,34880,ITC
2025-01-01 11:50:00+05:30,484.9,484.95,484.6,484.95,43045,ITC
2025-01-01 11:51:00+05:30,484.9,485.0,484.75,484.9,48160,ITC
2025-01-01 11:52:00+05:30,484.9,485.1,484.9,485.1,100529,ITC
2025-01-01 11:53:00+05:30,485.0,485.1,484.75,484.75,95355,ITC
2025-01-01 11:54:00+05:30,484.85,484.95,484.65,484.8,110274,ITC
2025-01-01 11:55:00+05:30,484.75,484.85,484.6,484.85,39467,ITC
2025-01-01 11:56:00+05:30,484.8,485.1,484.7,485.0,49735,ITC
2025-01-01 11:57:00+05:30,485.0,485.0,484.75,484.9,31895,ITC
2025-01-01 11:58:00+05:30,484.9,485.05,484.9,485.05,42320,ITC
2025-01-01 11:59:00+05:30,485.0,485.05,484.65,485.0,54624,ITC
2025-01-01 12:00:00+05:30,485.0,485.1,484.85,485.1,75686,ITC
2025-01-01 12:01:00+05:30,485.0,485.1,485.0,485.1,4990,ITC
2025-01-01 12:02:00+05:30,485.05,485.1,485.0,485.1,18985,ITC
2025-01-01 12:03:00+05:30,485.05,485.1,485.0,485.1,30924,ITC
2025-01-01 12:04:00+05:30,485.1,485.3,485.0,485.1,28821,ITC
2025-01-01 12:05:00+05:30,485.05,485.15,484.9,485.05,12739,ITC
2025-01-01 12:06:00+05:30,484.9,485.1,484.85,485.05,7927,ITC
2025-01-01 12:07:00+05:30,484.9,485.15,484.8,485.1,8877,ITC
2025-01-01 12:08:00+05:30,485.1,485.2,484.8,485.15,26419,ITC
2025-01-01 12:09:00+05:30,485.2,485.2,485.0,485.2,7359,ITC
2025-01-01 12:10:00+05:30,485.2,485.25,484.95,485.1,30126,ITC
2025-01-01 12:11:00+05:30,485.1,485.25,484.9,485.05,19355,ITC
2025-01-01 12:12:00+05:30,485.05,485.2,484.9,485.1,23229,ITC
2025-01-01 12:13:00+05:30,485.1,485.2,484.95,485.2,16642,ITC
2025-01-01 12:14:00+05:30,485.2,485.2,484.9,485.2,17129,ITC
2025-01-01 12:15:00+05:30,485.2,485.35,485.05,485.35,34617,ITC
2025-01-01 12:16:00+05:30,485.35,485.4,485.05,485.25,21173,ITC
2025-01-01 12:17:00+05:30,485.25,485.35,485.0,485.25,55123,ITC
2025-01-01 12:18:00+05:30,485.05,485.35,485.0,485.25,22792,ITC
2025-01-01 12:19:00+05:30,485.2,485.35,485.2,485.35,21839,ITC
2025-01-01 12:20:00+05:30,485.25,486.0,485.25,485.85,87352,ITC
2025-01-01 12:21:00+05:30,485.8,485.85,485.6,485.8,22325,ITC
2025-01-01 12:22:00+05:30,485.75,485.8,485.55,485.75,15456,ITC
2025-01-01 12:23:00+05:30,485.75,485.8,485.5,485.75,15693,ITC
2025-01-01 12:24:00+05:30,485.75,485.8,485.5,485.8,29107,ITC
2025-01-01 12:25:00+05:30,485.7,485.8,485.45,485.65,18649,ITC
2025-01-01 12:26:00+05:30,485.65,485.65,485.35,485.6,13736,ITC
2025-01-01 12:27:00+05:30,485.6,485.7,485.55,485.65,8396,ITC
2025-01-01 12:28:00+05:30,485.6,485.7,485.6,485.7,17218,ITC
2025-01-01 12:29:00+05:30,485.65,485.75,485.5,485.65,11826,ITC
2025-01-01 12:30:00+05:30,485.65,485.8,485.5,485.7,9536,ITC
2025-01-01 12:31:00+05:30,485.7,485.8,485.5,485.8,23920,ITC
2025-01-01 12:32:00+05:30,485.65,485.8,485.5,485.7,15822,ITC
2025-01-01 12:33:00+05:30,485.7,485.8,485.5,485.75,23356,ITC
2025-01-01 12:34:00+05:30,485.75,485.8,485.6,485.8,14040,ITC
2025-01-01 12:35:00+05:30,485.8,485.8,485.65,485.75,10248,ITC
2025-01-01 12:36:00+05:30,485.7,485.8,485.6,485.7,11503,ITC
2025-01-01 12:37:00+05:30,485.65,485.75,485.5,485.75,13222,ITC
2025-01-01 12:38:00+05:30,485.7,485.75,485.5,485.65,19468,ITC
2025-01-01 12:39:00+05:30,485.6,485.7,485.5,485.6,20149,ITC
2025-01-01 12:40:00+05:30,485.6,485.6,485.2,485.4,33001,ITC
2025-01-01 12:41:00+05:30,485.4,485.5,485.2,485.4,23156,ITC
2025-01-01 12:42:00+05:30,485.4,485.65,485.3,485.55,75136,ITC
2025-01-01 12:43:00+05:30,485.55,485.75,485.5,485.75,24070,ITC
2025-01-01 12:44:00+05:30,485.75,485.75,485.5,485.55,20677,ITC
2025-01-01 12:45:00+05:30,485.55,486.0,485.4,485.85,148668,ITC
2025-01-01 12:46:00+05:30,485.8,485.85,485.6,485.8,23851,ITC
2025-01-01 12:47:00+05:30,485.8,485.8,485.55,485.7,19649,ITC
2025-01-01 12:48:00+05:30,485.7,485.7,485.5,485.7,25273,ITC
2025-01-01 12:49:00+05:30,485.7,485.7,485.4,485.5,27005,ITC
2025-01-01 12:50:00+05:30,485.65,485.75,485.4,485.6,29241,ITC
2025-01-01 12:51:00+05:30,485.6,485.75,485.45,485.45,34812,ITC
2025-01-01 12:52:00+05:30,485.4,485.65,485.3,485.45,45343,ITC
2025-01-01 12:53:00+05:30,485.5,485.75,485.4,485.7,44133,ITC
2025-01-01 12:54:00+05:30,485.7,485.7,485.5,485.55,20831,ITC
2025-01-01 12:55:00+05:30,485.55,485.6,485.2,485.4,18504,ITC
2025-01-01 12:56:00+05:30,485.4,485.4,485.05,485.2,23228,ITC
2025-01-01 12:57:00+05:30,485.2,485.3,485.0,485.3,41513,ITC
2025-01-01 12:58:00+05:30,485.3,485.3,485.0,485.1,41910,ITC
2025-01-01 12:59:00+05:30,485.1,485.1,484.9,485.1,90139,ITC
2025-01-01 13:00:00+05:30,485.1,485.3,485.0,485.25,30110,ITC
2025-01-01 13:01:00+05:30,485.25,485.3,485.0,485.2,14931,ITC
2025-01-01 13:02:00+05:30,485.25,485.3,485.0,485.25,17669,ITC
2025-01-01 13:03:00+05:30,485.25,485.25,485.0,485.2,16942,ITC
2025-01-01 13:04:00+05:30,485.2,485.4,485.15,485.3,16524,ITC
2025-01-01 13:05:00+05:30,485.3,485.4,485.0,485.15,21213,ITC
2025-01-01 13:06:00+05:30,485.15,485.25,485.0,485.25,20419,ITC
2025-01-01 13:07:00+05:30,485.25,485.4,485.05,485.4,27531,ITC
2025-01-01 13:08:00+05:30,485.4,485.55,485.15,485.5,43317,ITC
2025-01-01 13:09:00+05:30,485.5,485.55,485.05,485.3,30894,ITC
2025-01-01 13:10:00+05:30,485.35,485.4,485.0,485.1,34919,ITC
2025-01-01 13:11:00+05:30,485.2,485.3,485.0,485.0,77372,ITC
2025-01-01 13:12:00+05:30,485.1,485.1,484.8,484.85,163261,ITC
2025-01-01 13:13:00+05:30,484.85,485.2,484.8,485.2,105010,ITC
2025-01-01 13:14:00+05:30,485.2,485.25,485.1,485.2,28191,ITC
2025-01-01 13:15:00+05:30,485.2,485.25,485.0,485.05,44089,ITC
2025-01-01 13:16:00+05:30,485.15,485.2,484.85,485.2,49800,ITC
2025-01-01 13:17:00+05:30,485.1,485.2,485.0,485.15,29497,ITC
2025-01-01 13:18:00+05:30,485.15,485.2,484.95,485.1,50692,ITC
2025-01-01 13:19:00+05:30,485.1,485.2,484.95,485.0,85662,ITC
2025-01-01 13:20:00+05:30,485.0,485.15,485.0,485.15,27562,ITC
2025-01-01 13:21:00+05:30,485.15,485.15,484.8,485.1,130042,ITC
2025-01-01 13:22:00+05:30,485.05,485.2,484.65,485.0,215553,ITC
2025-01-01 13:23:00+05:30,484.8,485.2,484.7,485.15,185702,ITC
2025-01-01 13:24:00+05:30,485.15,485.25,485.0,485.2,60488,ITC
2025-01-01 13:25:00+05:30,485.15,485.2,484.95,485.1,38819,ITC
2025-01-01 13:26:00+05:30,485.15,485.2,485.0,485.2,13154,ITC
2025-01-01 13:27:00+05:30,485.15,485.3,485.0,485.25,13926,ITC
2025-01-01 13:28:00+05:30,485.25,485.4,485.1,485.35,20579,ITC
2025-01-01 13:29:00+05:30,485.35,485.4,485.15,485.4,18073,ITC
2025-01-01 13:30:00+05:30,485.2,485.4,485.15,485.4,24516,ITC
2025-01-01 13:31:00+05:30,485.3,485.4,485.05,485.3,24027,ITC
2025-01-01 13:32:00+05:30,485.3,485.4,485.15,485.35,13758,ITC
2025-01-01 13:33:00+05:30,485.3,485.4,485.1,485.4,41270,ITC
2025-01-01 13:34:00+05:30,485.35,485.5,485.05,485.45,49538,ITC
2025-01-01 13:35:00+05:30,485.45,485.45,485.15,485.4,43076,ITC
2025-01-01 13:36:00+05:30,485.25,485.4,485.1,485.25,53882,ITC
2025-01-01 13:37:00+05:30,485.2,485.4,485.05,485.35,52813,ITC
2025-01-01 13:38:00+05:30,485.35,485.5,485.15,485.45,45274,ITC
2025-01-01 13:39:00+05:30,485.45,485.55,485.1,485.35,69931,ITC
2025-01-01 13:40:00+05:30,485.15,485.55,485.1,485.5,59855,ITC
2025-01-01 13:41:00+05:30,485.5,485.65,485.2,485.6,52044,ITC
2025-01-01 13:42:00+05:30,485.5,485.75,485.4,485.7,64433,ITC
2025-01-01 13:43:00+05:30,485.65,485.95,485.55,485.9,72418,ITC
2025-01-01 13:44:00+05:30,485.9,485.95,485.5,485.75,72592,ITC
2025-01-01 13:45:00+05:30,485.75,485.8,485.4,485.7,58483,ITC
2025-01-01 13:46:00+05:30,485.5,485.75,485.3,485.7,59618,ITC
2025-01-01 13:47:00+05:30,485.65,485.7,485.3,485.55,51015,ITC
2025-01-01 13:48:00+05:30,485.6,485.75,485.3,485.7,156668,ITC
2025-01-01 13:49:00+05:30,485.6,485.9,485.55,485.75,81321,ITC
2025-01-01 13:50:00+05:30,485.75,485.95,485.7,485.75,56095,ITC
2025-01-01 13:51:00+05:30,485.75,485.95,485.6,485.9,232072,ITC
2025-01-01 13:52:00+05:30,485.9,486.0,485.55,485.9,72020,ITC
2025-01-01 13:53:00+05:30,485.9,485.95,485.6,485.9,54365,ITC
2025-01-01 13:54:00+05:30,485.8,485.9,485.55,485.85,54295,ITC
2025-01-01 13:55:00+05:30,485.8,485.9,485.55,485.85,56034,ITC
2025-01-01 13:56:00+05:30,485.85,485.9,485.45,485.8,75479,ITC
2025-01-01 13:57:00+05:30,485.75,485.9,485.5,485.8,75216,ITC
2025-01-01 13:58:00+05:30,485.75,485.95,485.6,485.85,69716,ITC
2025-01-01 13:59:00+05:30,485.9,486.1,485.65,486.0,96290,ITC
2025-01-01 14:00:00+05:30,486.05,486.3,485.9,486.25,147030,ITC
2025-01-01 14:01:00+05:30,486.2,486.35,485.9,486.35,88671,ITC
2025-01-01 14:02:00+05:30,486.3,486.4,486.05,486.2,55265,ITC
2025-01-01 14:03:00+05:30,486.2,486.3,485.8,486.25,61541,ITC
2025-01-01 14:04:00+05:30,486.2,486.25,485.95,486.25,65389,ITC
2025-01-01 14:05:00+05:30,486.3,486.3,485.85,486.15,75710,ITC
2025-01-01 14:06:00+05:30,486.15,486.35,485.95,486.3,56445,ITC
2025-01-01 14:07:00+05:30,486.2,486.4,486.1,486.4,59363,ITC
2025-01-01 14:08:00+05:30,486.4,486.65,486.1,486.65,76172,ITC
2025-01-01 14:09:00+05:30,486.55,486.65,486.3,486.45,60041,ITC
2025-01-01 14:10:00+05:30,486.65,486.65,486.4,486.4,58053,ITC
2025-01-01 14:11:00+05:30,486.6,486.6,486.2,486.35,57059,ITC
2025-01-01 14:12:00+05:30,486.55,486.55,486.2,486.45,50334,ITC
2025-01-01 14:13:00+05:30,486.3,486.45,486.05,486.3,59407,ITC
2025-01-01 14:14:00+05:30,486.1,486.35,486.0,486.25,57524,ITC
2025-01-01 14:15:00+05:30,486.15,486.3,486.0,486.3,53389,ITC
2025-01-01 14:16:00+05:30,486.1,486.3,485.65,485.95,79944,ITC
2025-01-01 14:17:00+05:30,485.8,486.15,485.65,485.95,55987,ITC
2025-01-01 14:18:00+05:30,485.85,485.95,485.6,485.9,63917,ITC
2025-01-01 14:19:00+05:30,485.9,486.0,485.65,486.0,60997,ITC
2025-01-01 14:20:00+05:30,485.85,486.1,485.75,486.0,50029,ITC
2025-01-01 14:21:00+05:30,486.05,486.2,485.75,486.1,45644,ITC
2025-01-01 14:22:00+05:30,486.15,486.35,485.9,486.3,60293,ITC
2025-01-01 14:23:00+05:30,486.35,486.45,486.05,486.4,46902,ITC
2025-01-01 14:24:00+05:30,486.2,486.55,486.2,486.55,59292,ITC
2025-01-01 14:25:00+05:30,486.5,486.55,486.25,486.5,51786,ITC
2025-01-01 14:26:00+05:30,486.4,486.55,486.2,486.5,62820,ITC
2025-01-01 14:27:00+05:30,486.35,486.5,486.2,486.45,64951,ITC
2025-01-01 14:28:00+05:30,486.45,486.55,486.2,486.5,57913,ITC
2025-01-01 14:29:00+05:30,486.5,486.5,486.15,486.45,56402,ITC
2025-01-01 14:30:00+05:30,486.45,486.55,486.1,486.5,75713,ITC
2025-01-01 14:31:00+05:30,486.5,486.5,486.2,486.5,59054,ITC
2025-01-01 14:32:00+05:30,486.45,486.55,486.25,486.55,68834,ITC
2025-01-01 14:33:00+05:30,486.5,486.55,486.25,486.5,61153,ITC
2025-01-01 14:34:00+05:30,486.55,486.65,486.2,486.55,54610,ITC
2025-01-01 14:35:00+05:30,486.55,486.6,486.3,486.5,54098,ITC
2025-01-01 14:36:00+05:30,486.5,486.6,486.2,486.5,61494,ITC
2025-01-01 14:37:00+05:30,486.45,486.55,486.25,486.45,50742,ITC
2025-01-01 14:38:00+05:30,486.45,486.55,486.25,486.5,74947,ITC
2025-01-01 14:39:00+05:30,486.35,486.5,486.3,486.5,56190,ITC
2025-01-01 14:40:00+05:30,486.45,486.6,486.3,486.5,57912,ITC
2025-01-01 14:41:00+05:30,486.5,486.6,486.35,486.6,62981,ITC
2025-01-01 14:42:00+05:30,486.5,486.55,486.25,486.45,54372,ITC
2025-01-01 14:43:00+05:30,486.45,486.6,485.0,485.3,116488,ITC
2025-01-01 14:44:00+05:30,485.1,485.5,484.95,485.3,123297,ITC
2025-01-01 14:45:00+05:30,485.35,485.5,485.0,485.05,92004,ITC
2025-01-01 14:46:00+05:30,485.1,485.4,485.0,485.25,156217,ITC
2025-01-01 14:47:00+05:30,485.3,485.4,485.0,485.25,102396,ITC
2025-01-01 14:48:00+05:30,485.3,485.3,484.8,485.0,176501,ITC
2025-01-01 14:49:00+05:30,484.9,485.2,484.85,485.2,102471,ITC
2025-01-01 14:50:00+05:30,485.1,485.35,484.9,485.2,75886,ITC
2025-01-01 14:51:00+05:30,485.2,485.35,484.9,485.25,54094,ITC
2025-01-01 14:52:00+05:30,485.2,485.3,485.0,485.25,68395,ITC
2025-01-01 14:53:00+05:30,485.15,485.25,484.95,485.05,49228,ITC
2025-01-01 14:54:00+05:30,485.05,485.1,484.8,485.0,98543,ITC
2025-01-01 14:55:00+05:30,485.0,485.0,484.6,484.8,50317,ITC
2025-01-01 14:56:00+05:30,484.8,485.0,484.7,485.0,40152,ITC
2025-01-01 14:57:00+05:30,484.85,485.05,484.7,484.8,141271,ITC
2025-01-01 14:58:00+05:30,484.8,485.15,484.8,485.15,80370,ITC
2025-01-01 14:59:00+05:30,485.15,485.15,484.8,484.95,87338,ITC
2025-01-01 15:00:00+05:30,485.0,485.05,484.65,484.7,114691,ITC
2025-01-01 15:01:00+05:30,484.8,484.95,484.6,484.7,39731,ITC
2025-01-01 15:02:00+05:30,484.7,484.85,484.4,484.8,61899,ITC
2025-01-01 15:03:00+05:30,484.8,484.8,484.05,484.25,113698,ITC
2025-01-01 15:04:00+05:30,484.4,484.65,484.2,484.55,40345,ITC
2025-01-01 15:05:00+05:30,484.55,484.6,484.25,484.5,39265,ITC
2025-01-01 15:06:00+05:30,484.55,484.55,484.0,484.15,52369,ITC
2025-01-01 15:07:00+05:30,484.15,484.45,483.95,484.2,65139,ITC
2025-01-01 15:08:00+05:30,484.3,484.5,484.1,484.25,40967,ITC
2025-01-01 15:09:00+05:30,484.4,484.8,484.15,484.55,123316,ITC
2025-01-01 15:10:00+05:30,484.55,484.6,484.0,484.25,87501,ITC
2025-01-01 15:11:00+05:30,484.3,484.3,483.7,484.1,82216,ITC
2025-01-01 15:12:00+05:30,484.1,484.2,483.75,484.1,60511,ITC
2025-01-01 15:13:00+05:30,484.15,484.15,483.6,483.95,68580,ITC
2025-01-01 15:14:00+05:30,484.0,484.3,483.6,484.3,124844,ITC
2025-01-01 15:15:00+05:30,484.3,484.45,483.4,483.6,112996,ITC
2025-01-01 15:16:00+05:30,483.65,483.9,483.35,483.9,77804,ITC
2025-01-01 15:17:00+05:30,483.9,483.95,483.55,483.9,62538,ITC
2025-01-01 15:18:00+05:30,483.9,484.0,483.1,483.45,64694,ITC
2025-01-01 15:19:00+05:30,483.5,483.6,483.05,483.4,77246,ITC
2025-01-01 15:20:00+05:30,483.35,483.5,483.0,483.45,76296,ITC
2025-01-01 15:21:00+05:30,483.45,483.5,483.0,483.5,57784,ITC
2025-01-01 15:22:00+05:30,483.5,483.5,483.0,483.4,50831,ITC
2025-01-01 15:23:00+05:30,483.45,483.5,483.0,483.5,66805,ITC
2025-01-01 15:24:00+05:30,483.5,483.5,483.0,483.5,70232,ITC
2025-01-01 15:25:00+05:30,483.5,483.8,483.4,483.7,55126,ITC
2025-01-01 15:26:00+05:30,483.7,484.1,483.4,484.05,89914,ITC
2025-01-01 15:27:00+05:30,484.05,484.25,483.65,484.2,46347,ITC
2025-01-01 15:28:00+05:30,484.2,484.3,483.9,484.0,38499,ITC
2025-01-01 15:29:00+05:30,484.15,484.7,483.9,484.7,65581,ITC
2025-01-02 09:15:00+05:30,485.35,485.6,484.1,484.55,261040,ITC
2025-01-02 09:16:00+05:30,484.55,484.65,483.5,483.8,150845,ITC
2025-01-02 09:17:00+05:30,483.8,484.15,483.45,483.65,84872,ITC
2025-01-02 09:18:00+05:30,483.65,483.8,483.4,483.4,61076,ITC
2025-01-02 09:19:00+05:30,483.45,483.55,483.15,483.4,52059,ITC
2025-01-02 09:20:00+05:30,483.35,483.5,482.75,482.8,185576,ITC
2025-01-02 09:21:00+05:30,482.95,483.05,482.5,482.6,92648,ITC
2025-01-02 09:22:00+05:30,482.65,483.0,482.45,482.7,34519,ITC
2025-01-02 09:23:00+05:30,482.7,483.15,482.5,483.1,77951,ITC
2025-01-02 09:24:00+05:30,483.0,483.25,482.75,482.95,95273,ITC
2025-01-02 09:25:00+05:30,482.9,482.95,482.7,482.85,15695,ITC
2025-01-02 09:26:00+05:30,482.85,482.95,482.5,482.7,29087,ITC
2025-01-02 09:27:00+05:30,482.75,482.8,482.45,482.75,43277,ITC
2025-01-02 09:28:00+05:30,482.75,482.9,482.5,482.65,46155,ITC
2025-01-02 09:29:00+05:30,482.65,482.65,482.35,482.55,29720,ITC
2025-01-02 09:30:00+05:30,482.4,482.8,482.3,482.7,76707,ITC
2025-01-02 09:31:00+05:30,482.7,482.7,482.35,482.7,52547,ITC
2025-01-02 09:32:00+05:30,482.75,482.8,482.45,482.75,44678,ITC
2025-01-02 09:33:00+05:30,482.75,483.0,482.55,482.7,40984,ITC
2025-01-02 09:34:00+05:30,482.7,483.0,482.55,483.0,29604,ITC
2025-01-02 09:35:00+05:30,483.0,483.45,482.8,483.25,42609,ITC
2025-01-02 09:36:00+05:30,483.4,483.4,483.0,483.05,28551,ITC
2025-01-02 09:37:00+05:30,483.1,483.85,483.1,483.65,74977,ITC
2025-01-02 09:38:00+05:30,483.65,483.8,483.45,483.5,23644,ITC
2025-01-02 09:39:00+05:30,483.4,483.6,483.1,483.25,34314,ITC
2025-01-02 09:40:00+05:30,483.3,483.55,483.25,483.5,37714,ITC
2025-01-02 09:41:00+05:30,483.5,483.5,482.7,483.45,98658,ITC
2025-01-02 09:42:00+05:30,483.45,483.8,483.25,483.7,61072,ITC
2025-01-02 09:43:00+05:30,483.75,483.75,483.45,483.65,39822,ITC
2025-01-02 09:44:00+05:30,483.65,483.8,483.5,483.65,31477,ITC
2025-01-02 09:45:00+05:30,483.5,483.65,483.25,483.5,46352,ITC
2025-01-02 09:46:00+05:30,483.5,483.8,483.25,483.55,42967,ITC
2025-01-02 09:47:00+05:30,483.6,483.8,483.3,483.65,49836,ITC
2025-01-02 09:48:00+05:30,483.65,483.8,483.3,483.65,33175,ITC
2025-01-02 09:49:00+05:30,483.65,483.95,483.4,483.95,26130,ITC
2025-01-02 09:50:00+05:30,483.95,484.0,483.5,483.6,64528,ITC
2025-01-02 09:51:00+05:30,483.6,483.9,483.5,483.7,47602,ITC
2025-01-02 09:52:00+05:30,483.65,483.7,483.35,483.6,64592,ITC
2025-01-02 09:53:00+05:30,483.55,483.7,483.35,483.55,21452,ITC
2025-01-02 09:54:00+05:30,483.5,484.0,483.3,483.8,47773,ITC
2025-01-02 09:55:00+05:30,483.8,484.45,483.7,484.25,91806,ITC
2025-01-02 09:56:00+05:30,484.25,484.35,483.95,484.1,54480,ITC
2025-01-02 09:57:00+05:30,484.1,484.35,483.95,484.25,42772,ITC
2025-01-02 09:58:00+05:30,484.25,484.3,483.9,484.15,52073,ITC
2025-01-02 09:59:00+05:30,484.15,484.3,483.85,484.05,44937,ITC
2025-01-02 10:00:00+05:30,484.05,484.15,483.85,484.0,47255,ITC
2025-01-02 10:01:00+05:30,484.0,484.05,483.6,483.75,27073,ITC
2025-01-02 10:02:00+05:30,483.75,484.0,483.6,483.75,44699,ITC
2025-01-02 10:03:00+05:30,483.75,483.9,483.5,483.85,59863,ITC
2025-01-02 10:04:00+05:30,483.85,483.95,483.55,483.85,32255,ITC
2025-01-02 10:05:00+05:30,483.85,484.1,483.7,484.0,46593,ITC
2025-01-02 10:06:00+05:30,484.1,484.1,483.75,484.0,35662,ITC
2025-01-02 10:07:00+05:30,484.0,484.0,483.6,483.8,47970,ITC
2025-01-02 10:08:00+05:30,483.8,483.9,483.6,483.75,40872,ITC
2025-01-02 10:09:00+05:30,483.7,483.8,483.5,483.6,31500,ITC
2025-01-02 10:10:00+05:30,483.65,483.75,483.5,483.7,20302,ITC
2025-01-02 10:11:00+05:30,483.7,483.8,483.35,483.5,61742,ITC
2025-01-02 10:12:00+05:30,483.5,483.7,483.25,483.6,51204,ITC
2025-01-02 10:13:00+05:30,483.55,483.65,483.25,483.3,38704,ITC
2025-01-02 10:14:00+05:30,483.25,483.3,483.0,483.15,27729,ITC
2025-01-02 10:15:00+05:30,483.1,483.4,483.05,483.4,26491,ITC
2025-01-02 10:16:00+05:30,483.45,483.7,483.3,483.55,43395,ITC
2025-01-02 10:17:00+05:30,483.5,483.75,483.3,483.55,29745,ITC
2025-01-02 10:18:00+05:30,483.6,483.7,483.35,483.7,48215,ITC
2025-01-02 10:19:00+05:30,483.6,483.75,483.4,483.7,27441,ITC
2025-01-02 10:20:00+05:30,483.7,483.75,483.25,483.4,45819,ITC
2025-01-02 10:21:00+05:30,483.4,483.55,483.2,483.3,25109,ITC
2025-01-02 10:22:00+05:30,483.25,483.35,483.0,483.05,46702,ITC
2025-01-02 10:23:00+05:30,483.05,483.35,482.9,483.3,76316,ITC
2025-01-02 10:24:00+05:30,483.25,483.55,483.05,483.35,46411,ITC
2025-01-02 10:25:00+05:30,483.35,483.65,483.1,483.3,42781,ITC
2025-01-02 10:26:00+05:30,483.3,483.5,483.2,483.4,35751,ITC
2025-01-02 10:27:00+05:30,483.4,483.5,483.1,483.15,43472,ITC
2025-01-02 10:28:00+05:30,483.15,483.35,483.05,483.25,28062,ITC
2025-01-02 10:29:00+05:30,483.25,483.45,483.15,483.4,26990,ITC
2025-01-02 10:30:00+05:30,483.4,483.5,483.1,483.5,39537,ITC
2025-01-02 10:31:00+05:30,483.5,483.5,483.0,483.05,61222,ITC
2025-01-02 10:32:00+05:30,483.05,483.1,482.85,483.0,76539,ITC
2025-01-02 10:33:00+05:30,483.05,483.25,482.9,483.15,27979,ITC
2025-01-02 10:34:00+05:30,483.15,483.2,482.9,483.05,40402,ITC
2025-01-02 10:35:00+05:30,483.05,483.15,482.95,483.1,35838,ITC
2025-01-02 10:36:00+05:30,483.05,483.45,483.0,483.15,59386,ITC
2025-01-02 10:37:00+05:30,483.25,483.25,482.9,483.05,62432,ITC
2025-01-02 10:38:00+05:30,483.05,483.2,483.0,483.15,25338,ITC
2025-01-02 10:39:00+05:30,483.15,483.3,483.05,483.2,22040,ITC
2025-01-02 10:40:00+05:30,483.2,483.35,483.1,483.25,27750,ITC
2025-01-02 10:41:00+05:30,483.25,483.45,483.05,483.3,50236,ITC
2025-01-02 10:42:00+05:30,483.3,483.4,483.0,483.25,40644,ITC
2025-01-02 10:43:00+05:30,483.25,483.25,483.1,483.2,30634,ITC
2025-01-02 10:44:00+05:30,483.2,483.2,482.9,483.0,47070,ITC
2025-01-02 10:45:00+05:30,483.1,483.2,482.9,483.1,34543,ITC
2025-01-02 10:46:00+05:30,483.05,483.3,483.0,483.3,28405,ITC
2025-01-02 10:47:00+05:30,483.3,483.4,483.2,483.3,25998,ITC
2025-01-02 10:48:00+05:30,483.35,483.5,483.25,483.3,40294,ITC
2025-01-02 10:49:00+05:30,483.3,483.75,483.3,483.65,75455,ITC
2025-01-02 10:50:00+05:30,483.75,484.0,483.65,483.85,67327,ITC
2025-01-02 10:51:00+05:30,483.85,484.1,483.6,483.9,94181,ITC
2025-01-02 10:52:00+05:30,483.9,484.15,483.8,484.0,52658,ITC
2025-01-02 10:53:00+05:30,484.0,484.0,483.6,483.8,50472,ITC
2025-01-02 10:54:00+05:30,483.7,484.0,483.7,484.0,38028,ITC
2025-01-02 10:55:00+05:30,484.0,484.0,483.7,483.9,40510,ITC
2025-01-02 10:56:00+05:30,483.85,483.95,483.5,483.9,49847,ITC
2025-01-02 10:57:00+05:30,483.9,484.0,483.6,483.85,55056,ITC
2025-01-02 10:58:00+05:30,483.85,484.1,483.8,484.1,42540,ITC
2025-01-02 10:59:00+05:30,484.1,484.2,483.85,484.0,45193,ITC
2025-01-02 11:00:00+05:30,484.0,484.15,483.7,483.9,46742,ITC
2025-01-02 11:01:00+05:30,483.9,483.95,483.35,483.55,43610,ITC
2025-01-02 11:02:00+05:30,483.45,483.9,483.45,483.75,34376,ITC
2025-01-02 11:03:00+05:30,483.75,484.0,483.7,483.9,27222,ITC
2025-01-02 11:04:00+05:30,484.0,484.0,483.55,483.65,44565,ITC
2025-01-02 11:05:00+05:30,483.65,483.75,483.35,483.55,28659,ITC
2025-01-02 11:06:00+05:30,483.6,483.65,483.3,483.35,36867,ITC
2025-01-02 11:07:00+05:30,483.45,483.55,483.2,483.3,29952,ITC
2025-01-02 11:08:00+05:30,483.3,483.8,483.25,483.65,42394,ITC
2025-01-02 11:09:00+05:30,483.75,484.0,483.6,483.7,86321,ITC
2025-01-02 11:10:00+05:30,483.7,484.0,483.65,483.8,35469,ITC
2025-01-02 11:11:00+05:30,484.0,484.0,483.4,483.7,35078,ITC
2025-01-02 11:12:00+05:30,483.7,483.85,483.0,483.1,49820,ITC
2025-01-02 11:13:00+05:30,483.15,483.5,483.05,483.15,34443,ITC
2025-01-02 11:14:00+05:30,483.1,483.5,483.05,483.35,24445,ITC
2025-01-02 11:15:00+05:30,483.35,483.45,483.1,483.25,20738,ITC
2025-01-02 11:16:00+05:30,483.25,483.35,483.0,483.25,40140,ITC
2025-01-02 11:17:00+05:30,483.25,483.35,483.0,483.1,33014,ITC
2025-01-02 11:18:00+05:30,483.1,483.35,483.05,483.35,24098,ITC
2025-01-02 11:19:00+05:30,483.3,483.35,482.8,483.2,153260,ITC
2025-01-02 11:20:00+05:30,483.2,483.2,482.75,483.0,151444,ITC
2025-01-02 11:21:00+05:30,483.0,483.2,482.75,483.2,98505,ITC
2025-01-02 11:22:00+05:30,483.2,483.35,482.8,483.25,126255,ITC
2025-01-02 11:23:00+05:30,483.25,483.7,483.05,483.55,129622,ITC
2025-01-02 11:24:00+05:30,483.55,484.0,483.55,483.85,105546,ITC
2025-01-02 11:25:00+05:30,483.95,484.35,483.85,484.1,106983,ITC
2025-01-02 11:26:00+05:30,484.1,484.25,484.0,484.2,53953,ITC
2025-01-02 11:27:00+05:30,484.2,484.2,483.8,484.05,78192,ITC
2025-01-02 11:28:00+05:30,484.05,484.15,483.75,484.1,49882,ITC
2025-01-02 11:29:00+05:30,484.1,484.3,483.95,484.3,72299,ITC
2025-01-02 11:30:00+05:30,484.25,484.6,484.1,484.6,347666,ITC
2025-01-02 11:31:00+05:30,484.55,484.65,484.15,484.3,83540,ITC
2025-01-02 11:32:00+05:30,484.3,484.6,484.2,484.5,124493,ITC
2025-01-02 11:33:00+05:30,484.5,484.65,484.3,484.65,63292,ITC
2025-01-02 11:34:00+05:30,484.65,484.7,484.35,484.7,60490,ITC
2025-01-02 11:35:00+05:30,484.7,484.7,484.35,484.4,31870,ITC
2025-01-02 11:36:00+05:30,484.35,484.7,484.3,484.65,57806,ITC
2025-01-02 11:37:00+05:30,484.65,484.7,484.4,484.55,68864,ITC
2025-01-02 11:38:00+05:30,484.5,484.65,484.3,484.6,68127,ITC
2025-01-02 11:39:00+05:30,484.6,484.7,484.45,484.65,43100,ITC
2025-01-02 11:40:00+05:30,484.55,485.0,484.25,484.95,153186,ITC
2025-01-02 11:41:00+05:30,484.85,485.0,484.25,485.0,72110,ITC
2025-01-02 11:42:00+05:30,485.0,485.2,484.7,485.2,68143,ITC
2025-01-02 11:43:00+05:30,485.2,485.3,485.0,485.15,68320,ITC
2025-01-02 11:44:00+05:30,485.3,485.3,484.9,485.0,68592,ITC
2025-01-02 11:45:00+05:30,485.0,485.1,484.5,484.7,78217,ITC
2025-01-02 11:46:00+05:30,484.6,484.8,484.35,484.6,35303,ITC
2025-01-02 11:47:00+05:30,484.65,484.8,484.25,484.5,62714,ITC
2025-01-02 11:48:00+05:30,484.5,484.9,484.45,484.55,54039,ITC
2025-01-02 11:49:00+05:30,484.6,484.6,484.25,484.45,48477,ITC
2025-01-02 11:50:00+05:30,484.45,484.6,484.25,484.6,16492,ITC
2025-01-02 11:51:00+05:30,484.5,484.65,484.3,484.6,19922,ITC
2025-01-02 11:52:00+05:30,484.6,484.65,484.2,484.35,46570,ITC
2025-01-02 11:53:00+05:30,484.4,484.5,484.25,484.3,25008,ITC
2025-01-02 11:54:00+05:30,484.35,484.4,484.0,484.25,56833,ITC
2025-01-02 11:55:00+05:30,484.05,484.4,484.0,484.35,51740,ITC
2025-01-02 11:56:00+05:30,484.35,484.6,484.3,484.4,39718,ITC
2025-01-02 11:57:00+05:30,484.5,484.6,484.2,484.55,39854,ITC
2025-01-02 11:58:00+05:30,484.55,484.9,484.35,484.8,148399,ITC
2025-01-02 11:59:00+05:30,484.85,485.0,484.7,485.0,39490,ITC
2025-01-02 12:00:00+05:30,485.0,485.65,485.0,485.5,97991,ITC
2025-01-02 12:01:00+05:30,485.5,486.0,485.4,486.0,41297,ITC
2025-01-02 12:02:00+05:30,485.9,487.0,485.9,486.85,216864,ITC
2025-01-02 12:03:00+05:30,486.8,487.25,486.55,487.0,236577,ITC
2025-01-02 12:04:00+05:30,487.0,487.1,486.35,486.4,42181,ITC
2025-01-02 12:05:00+05:30,486.4,486.65,486.25,486.3,68744,ITC
2025-01-02 12:06:00+05:30,486.35,486.6,486.3,486.5,51606,ITC
2025-01-02 12:07:00+05:30,486.5,486.55,486.05,486.2,58723,ITC
2025-01-02 12:08:00+05:30,486.2,486.3,486.0,486.3,44455,ITC
2025-01-02 12:09:00+05:30,486.3,486.45,486.0,486.45,46246,ITC
2025-01-02 12:10:00+05:30,486.45,486.65,486.3,486.6,45543,ITC
2025-01-02 12:11:00+05:30,486.6,486.6,486.35,486.5,35706,ITC
2025-01-02 12:12:00+05:30,486.5,486.6,486.3,486.5,49712,ITC
2025-01-02 12:13:00+05:30,486.6,486.65,486.15,486.3,45613,ITC
2025-01-02 12:14:00+05:30,486.2,486.3,486.0,486.2,75762,ITC
2025-01-02 12:15:00+05:30,486.05,486.4,485.95,486.3,58502,ITC
2025-01-02 12:16:00+05:30,486.25,486.35,485.9,485.9,34354,ITC
2025-01-02 12:17:00+05:30,485.95,486.4,485.95,486.35,63537,ITC
2025-01-02 12:18:00+05:30,486.4,486.7,486.35,486.7,66762,ITC
2025-01-02 12:19:00+05:30,486.7,487.0,486.5,486.8,123937,ITC
2025-01-02 12:20:00+05:30,486.85,486.9,486.4,486.65,43805,ITC
2025-01-02 12:21:00+05:30,486.7,486.7,486.35,486.5,40725,ITC
2025-01-02 12:22:00+05:30,486.5,487.1,486.5,487.05,60140,ITC
2025-01-02 12:23:00+05:30,487.1,487.2,486.7,487.0,61732,ITC
2025-01-02 12:24:00+05:30,487.0,487.15,486.6,487.1,67543,ITC
2025-01-02 12:25:00+05:30,487.15,487.7,486.85,487.35,118161,ITC
2025-01-02 12:26:00+05:30,487.35,487.6,487.25,487.4,59712,ITC
2025-01-02 12:27:00+05:30,487.4,487.75,487.35,487.35,84466,ITC
2025-01-02 12:28:00+05:30,487.5,487.5,487.15,487.4,91544,ITC
2025-01-02 12:29:00+05:30,487.4,487.55,487.1,487.35,122413,ITC
2025-01-02 12:30:00+05:30,487.5,487.75,486.8,486.8,166891,ITC
2025-01-02 12:31:00+05:30,486.8,487.1,486.55,486.9,109592,ITC
2025-01-02 12:32:00+05:30,486.9,486.9,486.15,486.2,94180,ITC
2025-01-02 12:33:00+05:30,486.3,486.65,486.1,486.55,130560,ITC
2025-01-02 12:34:00+05:30,486.5,486.8,486.45,486.7,77273,ITC
2025-01-02 12:35:00+05:30,486.65,487.0,486.55,486.8,63177,ITC
2025-01-02 12:36:00+05:30,486.8,487.0,486.75,487.0,44397,ITC
2025-01-02 12:37:00+05:30,486.8,487.2,486.8,487.2,45124,ITC
2025-01-02 12:38:00+05:30,487.2,487.4,487.1,487.25,94663,ITC
2025-01-02 12:39:00+05:30,487.2,487.3,487.05,487.3,58799,ITC
2025-01-02 12:40:00+05:30,487.3,487.3,487.0,487.25,50824,ITC
2025-01-02 12:41:00+05:30,487.25,487.6,487.15,487.45,69448,ITC
2025-01-02 12:42:00+05:30,487.35,487.45,486.85,486.9,80285,ITC
2025-01-02 12:43:00+05:30,486.9,487.1,486.75,487.05,40466,ITC
2025-01-02 12:44:00+05:30,486.85,487.25,486.75,487.2,49371,ITC
2025-01-02 12:45:00+05:30,487.2,487.3,486.85,487.15,66886,ITC
2025-01-02 12:46:00+05:30,487.2,487.3,487.0,487.2,68473,ITC
2025-01-02 12:47:00+05:30,487.2,487.35,487.0,487.05,54287,ITC
2025-01-02 12:48:00+05:30,487.1,487.4,487.1,487.3,71401,ITC
2025-01-02 12:49:00+05:30,487.3,487.5,487.15,487.45,38852,ITC
2025-01-02 12:50:00+05:30,487.45,487.45,487.0,487.15,43784,ITC
2025-01-02 12:51:00+05:30,487.05,487.4,487.0,487.4,30848,ITC
2025-01-02 12:52:00+05:30,487.4,487.55,487.2,487.55,49799,ITC
2025-01-02 12:53:00+05:30,487.55,487.7,487.35,487.55,55530,ITC
2025-01-02 12:54:00+05:30,487.65,487.75,487.3,487.55,50358,ITC
2025-01-02 12:55:00+05:30,487.4,487.55,487.1,487.3,32310,ITC
2025-01-02 12:56:00+05:30,487.25,487.35,487.0,487.15,52484,ITC
2025-01-02 12:57:00+05:30,487.15,487.35,487.0,487.0,59742,ITC
2025-01-02 12:58:00+05:30,487.1,487.25,486.9,486.9,67589,ITC
2025-01-02 12:59:00+05:30,486.95,487.35,486.9,487.25,41348,ITC
2025-01-02 13:00:00+05:30,487.25,487.3,486.75,487.25,81610,ITC
2025-01-02 13:01:00+05:30,487.25,487.25,486.85,486.85,31232,ITC
2025-01-02 13:02:00+05:30,486.95,487.5,486.85,487.15,65279,ITC
2025-01-02 13:03:00+05:30,487.3,487.3,486.85,486.9,45402,ITC
2025-01-02 13:04:00+05:30,487.05,487.1,486.9,487.1,31267,ITC
2025-01-02 13:05:00+05:30,487.05,487.15,487.0,487.05,56617,ITC
2025-01-02 13:06:00+05:30,487.05,487.3,487.0,487.25,66162,ITC
2025-01-02 13:07:00+05:30,487.25,487.45,487.05,487.2,63286,ITC
2025-01-02 13:08:00+05:30,487.3,487.45,487.1,487.25,46452,ITC
2025-01-02 13:09:00+05:30,487.25,487.3,487.05,487.3,35902,ITC
2025-01-02 13:10:00+05:30,487.3,487.3,486.95,487.1,28260,ITC
2025-01-02 13:11:00+05:30,487.0,487.35,487.0,487.25,44109,ITC
2025-01-02 13:12:00+05:30,487.1,487.3,487.0,487.2,52562,ITC
2025-01-02 13:13:00+05:30,487.2,487.2,487.0,487.05,44530,ITC
2025-01-02 13:14:00+05:30,487.1,487.2,487.0,487.2,53269,ITC
2025-01-02 13:15:00+05:30,487.15,487.25,487.0,487.1,95222,ITC
2025-01-02 13:16:00+05:30,487.1,487.2,486.95,487.1,35536,ITC
2025-01-02 13:17:00+05:30,487.1,487.25,486.9,486.95,42648,ITC
2025-01-02 13:18:00+05:30,486.95,487.05,486.8,486.8,32427,ITC
2025-01-02 13:19:00+05:30,486.8,487.1,486.75,487.1,48599,ITC
2025-01-02 13:20:00+05:30,486.9,487.2,486.9,487.15,86128,ITC
2025-01-02 13:21:00+05:30,487.15,487.3,486.8,487.0,48351,ITC
2025-01-02 13:22:00+05:30,486.95,487.15,486.8,487.1,72345,ITC
2025-01-02 13:23:00+05:30,487.05,487.15,486.8,487.05,39763,ITC
2025-01-02 13:24:00+05:30,487.05,487.1,486.8,487.05,57958,ITC
2025-01-02 13:25:00+05:30,487.1,487.25,486.8,487.0,63429,ITC
2025-01-02 13:26:00+05:30,487.0,487.25,486.95,487.2,58198,ITC
2025-01-02 13:27:00+05:30,487.05,487.25,486.95,487.05,51147,ITC
2025-01-02 13:28:00+05:30,487.1,487.15,486.75,486.95,41233,ITC
2025-01-02 13:29:00+05:30,486.85,487.0,486.55,486.7,51016,ITC
2025-01-02 13:30:00+05:30,486.7,486.7,486.25,486.4,34368,ITC
2025-01-02 13:31:00+05:30,486.4,486.5,486.05,486.15,45263,ITC
2025-01-02 13:32:00+05:30,486.2,486.35,486.1,486.25,20954,ITC
2025-01-02 13:33:00+05:30,486.25,486.7,486.1,486.7,45196,ITC
2025-01-02 13:34:00+05:30,486.55,486.8,486.45,486.55,50117,ITC
2025-01-02 13:35:00+05:30,486.75,486.8,486.45,486.75,28600,ITC
2025-01-02 13:36:00+05:30,486.75,487.05,486.55,486.85,53822,ITC
2025-01-02 13:37:00+05:30,487.0,487.0,486.65,486.9,27171,ITC
2025-01-02 13:38:00+05:30,486.9,487.0,486.6,486.65,35814,ITC
2025-01-02 13:39:00+05:30,486.85,487.15,486.65,486.85,91000,ITC
2025-01-02 13:40:00+05:30,486.85,487.1,486.55,486.9,62041,ITC
2025-01-02 13:41:00+05:30,486.9,486.95,486.6,486.8,48286,ITC
2025-01-02 13:42:00+05:30,486.8,486.85,486.4,486.8,51739,ITC
2025-01-02 13:43:00+05:30,486.75,486.85,486.4,486.45,49901,ITC
2025-01-02 13:44:00+05:30,486.6,486.95,486.4,486.95,61548,ITC
2025-01-02 13:45:00+05:30,486.95,487.05,486.65,486.9,95634,ITC
2025-01-02 13:46:00+05:30,486.9,486.95,486.6,486.85,55828,ITC
2025-01-02 13:47:00+05:30,486.8,486.9,486.5,486.8,97368,ITC
2025-01-02 13:48:00+05:30,486.9,487.1,486.75,487.05,71385,ITC
2025-01-02 13:49:00+05:30,486.9,487.05,486.7,486.7,60294,ITC
2025-01-02 13:50:00+05:30,486.75,487.1,486.7,487.0,75152,ITC
2025-01-02 13:51:00+05:30,487.0,487.15,486.65,486.9,22682,ITC
2025-01-02 13:52:00+05:30,487.0,487.0,486.65,486.9,36775,ITC
2025-01-02 13:53:00+05:30,486.9,486.9,486.6,486.8,36817,ITC
2025-01-02 13:54:00+05:30,486.8,487.0,486.6,487.0,42187,ITC
2025-01-02 13:55:00+05:30,487.0,487.25,486.8,487.2,83700,ITC
2025-01-02 13:56:00+05:30,487.25,487.25,487.0,487.15,28092,ITC
2025-01-02 13:57:00+05:30,487.15,487.3,486.95,487.0,112943,ITC
2025-01-02 13:58:00+05:30,487.2,487.2,486.6,486.75,30081,ITC
2025-01-02 13:59:00+05:30,486.65,486.75,486.0,486.0,91880,ITC
2025-01-02 14:00:00+05:30,486.15,486.65,486.0,486.6,77939,ITC
2025-01-02 14:01:00+05:30,486.6,486.7,486.1,486.3,30623,ITC
2025-01-02 14:02:00+05:30,486.4,486.4,486.0,486.25,43825,ITC
2025-01-02 14:03:00+05:30,486.2,486.3,486.0,486.2,63132,ITC
2025-01-02 14:04:00+05:30,486.25,486.45,486.15,486.3,44646,ITC
2025-01-02 14:05:00+05:30,486.3,486.35,486.05,486.1,45608,ITC
2025-01-02 14:06:00+05:30,486.1,486.15,485.8,486.0,57333,ITC
2025-01-02 14:07:00+05:30,486.0,486.05,485.85,486.05,67118,ITC
2025-01-02 14:08:00+05:30,486.1,486.35,486.0,486.35,58265,ITC
2025-01-02 14:09:00+05:30,486.35,486.4,486.1,486.2,49269,ITC
2025-01-02 14:10:00+05:30,486.3,486.35,486.05,486.2,26160,ITC
2025-01-02 14:11:00+05:30,486.2,486.25,486.05,486.15,46765,ITC
2025-01-02 14:12:00+05:30,486.15,486.25,486.0,486.2,46545,ITC
2025-01-02 14:13:00+05:30,486.2,486.25,486.0,486.1,30952,ITC
2025-01-02 14:14:00+05:30,486.1,486.2,485.85,485.85,36457,ITC
2025-01-02 14:15:00+05:30,486.0,486.25,485.85,486.25,68638,ITC
2025-01-02 14:16:00+05:30,486.2,486.3,486.0,486.2,36293,ITC
2025-01-02 14:17:00+05:30,486.3,486.3,485.9,486.3,82172,ITC
2025-01-02 14:18:00+05:30,486.3,486.35,486.0,486.2,94417,ITC
2025-01-02 14:19:00+05:30,486.2,486.35,486.0,486.15,58269,ITC
2025-01-02 14:20:00+05:30,486.3,486.5,486.1,486.4,58805,ITC
2025-01-02 14:21:00+05:30,486.4,486.5,486.15,486.5,94746,ITC
2025-01-02 14:22:00+05:30,486.4,486.6,486.15,486.35,56748,ITC
2025-01-02 14:23:00+05:30,486.45,486.55,486.25,486.5,73622,ITC
2025-01-02 14:24:00+05:30,486.4,486.45,486.1,486.45,38719,ITC
2025-01-02 14:25:00+05:30,486.45,486.55,486.0,486.3,34101,ITC
2025-01-02 14:26:00+05:30,486.3,486.4,486.05,486.1,50333,ITC
2025-01-02 14:27:00+05:30,486.25,486.45,486.1,486.2,58401,ITC
2025-01-02 14:28:00+05:30,486.3,486.4,486.05,486.25,41254,ITC
2025-01-02 14:29:00+05:30,486.25,486.4,486.1,486.15,47999,ITC
2025-01-02 14:30:00+05:30,486.25,486.3,486.1,486.3,40178,ITC
2025-01-02 14:31:00+05:30,486.3,486.5,486.15,486.4,36191,ITC
2025-01-02 14:32:00+05:30,486.45,486.7,486.45,486.5,79898,ITC
2025-01-02 14:33:00+05:30,486.6,486.95,486.5,486.95,57092,ITC
2025-01-02 14:34:00+05:30,486.95,487.3,486.8,487.15,78458,ITC
2025-01-02 14:35:00+05:30,487.2,487.4,487.1,487.3,68628,ITC
2025-01-02 14:36:00+05:30,487.3,487.4,487.0,487.15,91707,ITC
2025-01-02 14:37:00+05:30,487.05,487.2,486.7,487.0,79905,ITC
2025-01-02 14:38:00+05:30,486.95,487.1,486.8,486.95,66902,ITC
2025-01-02 14:39:00+05:30,486.95,487.2,486.7,487.05,131226,ITC
2025-01-02 14:40:00+05:30,487.15,487.2,486.7,486.95,59044,ITC
2025-01-02 14:41:00+05:30,486.9,487.2,486.8,486.95,64416,ITC
2025-01-02 14:42:00+05:30,486.95,487.0,486.8,486.9,43026,ITC
2025-01-02 14:43:00+05:30,486.9,487.05,486.8,487.0,36532,ITC
2025-01-02 14:44:00+05:30,487.0,487.15,486.9,487.15,54990,ITC
2025-01-02 14:45:00+05:30,487.1,487.2,487.05,487.2,63004,ITC
2025-01-02 14:46:00+05:30,487.15,487.25,487.0,487.15,50637,ITC
2025-01-02 14:47:00+05:30,487.2,487.4,487.1,487.2,61004,ITC
2025-01-02 14:48:00+05:30,487.3,487.6,487.15,487.6,133720,ITC
2025-01-02 14:49:00+05:30,487.45,487.65,487.2,487.35,113253,ITC
2025-01-02 14:50:00+05:30,487.55,487.7,487.3,487.7,81781,ITC
2025-01-02 14:51:00+05:30,487.7,487.95,487.6,487.9,89607,ITC
2025-01-02 14:52:00+05:30,487.95,488.4,487.9,488.1,251048,ITC
2025-01-02 14:53:00+05:30,488.15,488.25,487.75,487.95,86474,ITC
2025-01-02 14:54:00+05:30,487.95,488.05,487.75,487.95,91591,ITC
2025-01-02 14:55:00+05:30,488.0,488.15,487.8,488.15,69738,ITC
2025-01-02 14:56:00+05:30,488.05,488.2,487.85,488.15,137186,ITC
2025-01-02 14:57:00+05:30,488.15,488.25,487.8,488.0,103803,ITC
2025-01-02 14:58:00+05:30,488.05,488.2,487.8,488.1,136774,ITC
2025-01-02 14:59:00+05:30,488.1,488.1,487.4,487.75,91306,ITC
2025-01-02 15:00:00+05:30,487.75,488.3,487.7,488.2,204922,ITC
2025-01-02 15:01:00+05:30,488.2,488.7,488.0,488.5,181798,ITC
2025-01-02 15:02:00+05:30,488.6,488.7,488.4,488.45,130620,ITC
2025-01-02 15:03:00+05:30,488.5,488.7,488.0,488.55,197624,ITC
2025-01-02 15:04:00+05:30,488.55,488.7,488.35,488.6,152512,ITC
2025-01-02 15:05:00+05:30,488.6,488.85,488.5,488.75,167457,ITC
2025-01-02 15:06:00+05:30,488.75,489.4,488.6,489.15,238179,ITC
2025-01-02 15:07:00+05:30,489.15,489.35,488.85,489.2,174835,ITC
2025-01-02 15:08:00+05:30,489.25,489.25,488.95,489.25,170196,ITC
2025-01-02 15:09:00+05:30,489.25,489.25,488.8,489.05,134693,ITC
2025-01-02 15:10:00+05:30,489.1,489.4,489.0,489.3,167685,ITC
2025-01-02 15:11:00+05:30,489.3,489.35,489.0,489.15,149240,ITC
2025-01-02 15:12:00+05:30,489.2,489.3,488.95,489.2,232713,ITC
2025-01-02 15:13:00+05:30,489.25,489.35,488.95,489.1,163345,ITC
2025-01-02 15:14:00+05:30,489.1,489.3,488.9,489.1,181809,ITC
2025-01-02 15:15:00+05:30,489.1,489.55,488.95,489.3,392341,ITC
2025-01-02 15:16:00+05:30,489.25,489.45,489.0,489.1,152059,ITC
2025-01-02 15:17:00+05:30,489.2,489.5,489.1,489.2,130743,ITC
2025-01-02 15:18:00+05:30,489.25,489.4,489.1,489.3,162352,ITC
2025-01-02 15:19:00+05:30,489.35,489.7,489.15,489.45,135424,ITC
2025-01-02 15:20:00+05:30,489.45,489.55,489.2,489.25,241785,ITC
2025-01-02 15:21:00+05:30,489.25,489.5,489.05,489.25,138489,ITC
2025-01-02 15:22:00+05:30,489.15,489.4,489.05,489.2,102824,ITC
2025-01-02 15:23:00+05:30,489.05,489.4,489.05,489.25,155798,ITC
2025-01-02 15:24:00+05:30,489.3,489.6,489.05,489.35,127481,ITC
2025-01-02 15:25:00+05:30,489.35,489.5,489.2,489.4,204562,ITC
2025-01-02 15:26:00+05:30,489.3,489.6,489.3,489.55,137204,ITC
2025-01-02 15:27:00+05:30,489.55,490.0,489.3,489.5,223848,ITC
2025-01-02 15:28:00+05:30,489.5,489.6,489.05,489.5,91323,ITC
2025-01-02 15:29:00+05:30,489.5,489.85,488.0,489.5,122949,ITC
2025-01-03 09:15:00+05:30,490.25,491.0,485.6,485.9,644016,ITC
2025-01-03 09:16:00+05:30,485.95,487.75,485.75,486.65,145101,ITC
2025-01-03 09:17:00+05:30,486.6,487.45,486.15,487.15,80260,ITC
2025-01-03 09:18:00+05:30,487.25,487.4,486.35,486.4,69938,ITC
2025-01-03 09:19:00+05:30,486.65,486.85,485.95,486.1,82122,ITC
2025-01-03 09:20:00+05:30,486.0,486.35,485.3,485.35,134126,ITC
2025-01-03 09:21:00+05:30,485.6,485.85,485.25,485.25,94782,ITC
2025-01-03 09:22:00+05:30,485.25,485.65,485.05,485.4,77097,ITC
2025-01-03 09:23:00+05:30,485.55,485.7,485.3,485.65,41584,ITC
2025-01-03 09:24:00+05:30,485.65,486.05,485.55,485.6,100029,ITC
2025-01-03 09:25:00+05:30,485.65,485.7,484.65,484.8,319749,ITC
2025-01-03 09:26:00+05:30,484.7,484.85,484.4,484.55,109555,ITC
2025-01-03 09:27:00+05:30,484.55,484.95,484.25,484.35,96213,ITC
2025-01-03 09:28:00+05:30,484.3,484.9,484.3,484.65,52088,ITC
2025-01-03 09:29:00+05:30,484.6,485.0,484.6,484.9,61714,ITC
2025-01-03 09:30:00+05:30,484.9,485.4,484.45,484.45,227815,ITC
2025-01-03 09:31:00+05:30,484.5,484.8,484.4,484.8,44184,ITC
2025-01-03 09:32:00+05:30,484.65,485.1,484.55,484.65,81770,ITC
2025-01-03 09:33:00+05:30,484.6,484.8,484.3,484.3,67446,ITC
2025-01-03 09:34:00+05:30,484.3,484.55,484.25,484.5,42281,ITC
2025-01-03 09:35:00+05:30,484.5,484.7,484.25,484.45,117149,ITC
2025-01-03 09:36:00+05:30,484.35,484.55,484.3,484.5,31291,ITC
2025-01-03 09:37:00+05:30,484.5,484.6,484.25,484.55,59542,ITC
2025-01-03 09:38:00+05:30,484.55,484.55,484.2,484.5,64089,ITC
2025-01-03 09:39:00+05:30,484.55,484.7,484.4,484.45,42665,ITC
2025-01-03 09:40:00+05:30,484.55,485.05,484.45,484.95,46383,ITC
2025-01-03 09:41:00+05:30,484.9,485.1,484.75,484.95,60638,ITC
2025-01-03 09:42:00+05:30,485.1,485.1,484.8,485.1,31838,ITC
2025-01-03 09:43:00+05:30,485.1,485.25,485.0,485.2,37638,ITC
2025-01-03 09:44:00+05:30,485.2,485.25,485.0,485.05,52292,ITC
2025-01-03 09:45:00+05:30,485.05,485.2,484.65,484.95,65563,ITC
2025-01-03 09:46:00+05:30,484.95,485.4,484.9,485.2,44676,ITC
2025-01-03 09:47:00+05:30,485.25,485.4,485.1,485.25,52532,ITC
2025-01-03 09:48:00+05:30,485.25,485.5,485.2,485.2,71058,ITC
2025-01-03 09:49:00+05:30,485.25,485.55,485.05,485.2,103300,ITC
2025-01-03 09:50:00+05:30,485.15,485.85,485.05,485.8,75697,ITC
2025-01-03 09:51:00+05:30,485.8,485.85,485.25,485.4,62919,ITC
2025-01-03 09:52:00+05:30,485.5,485.8,485.4,485.65,32796,ITC
2025-01-03 09:53:00+05:30,485.7,485.8,485.45,485.5,39886,ITC
2025-01-03 09:54:00+05:30,485.55,485.65,485.45,485.55,42947,ITC
2025-01-03 09:55:00+05:30,485.5,485.6,485.3,485.55,25470,ITC
2025-01-03 09:56:00+05:30,485.5,485.6,485.3,485.35,22194,ITC
2025-01-03 09:57:00+05:30,485.35,485.45,485.25,485.35,22444,ITC
2025-01-03 09:58:00+05:30,485.3,485.4,485.0,485.25,64508,ITC
2025-01-03 09:59:00+05:30,485.25,485.4,485.05,485.15,46044,ITC
2025-01-03 10:00:00+05:30,485.2,485.25,484.7,485.05,55834,ITC
2025-01-03 10:01:00+05:30,485.0,485.2,485.0,485.2,17446,ITC
2025-01-03 10:02:00+05:30,485.15,485.3,485.05,485.3,26563,ITC
2025-01-03 10:03:00+05:30,485.25,485.5,485.1,485.4,53600,ITC
2025-01-03 10:04:00+05:30,485.35,485.45,485.15,485.25,44407,ITC
2025-01-03 10:05:00+05:30,485.2,485.45,485.15,485.4,43412,ITC
2025-01-03 10:06:00+05:30,485.4,485.4,485.1,485.1,28767,ITC
2025-01-03 10:07:00+05:30,485.05,485.2,484.75,484.8,43763,ITC
2025-01-03 10:08:00+05:30,484.75,485.0,484.75,485.0,31747,ITC
2025-01-03 10:09:00+05:30,485.0,485.0,484.65,485.0,42959,ITC
2025-01-03 10:10:00+05:30,484.95,485.0,484.75,485.0,12523,ITC
2025-01-03 10:11:00+05:30,484.95,485.2,484.8,485.0,47966,ITC
2025-01-03 10:12:00+05:30,485.0,485.4,484.65,484.8,80656,ITC
2025-01-03 10:13:00+05:30,484.8,484.9,484.3,484.5,53461,ITC
2025-01-03 10:14:00+05:30,484.35,484.7,484.35,484.5,20476,ITC
2025-01-03 10:15:00+05:30,484.45,484.6,484.3,484.6,22207,ITC
2025-01-03 10:16:00+05:30,484.55,484.75,484.4,484.7,31878,ITC
2025-01-03 10:17:00+05:30,484.7,484.8,484.4,484.7,49504,ITC
2025-01-03 10:18:00+05:30,484.65,484.9,484.5,484.9,14843,ITC
2025-01-03 10:19:00+05:30,484.75,484.9,484.5,484.6,44618,ITC
2025-01-03 10:20:00+05:30,484.55,484.9,484.45,484.45,45877,ITC
2025-01-03 10:21:00+05:30,484.45,484.6,484.25,484.45,28556,ITC
2025-01-03 10:22:00+05:30,484.4,484.5,484.3,484.45,13254,ITC
2025-01-03 10:23:00+05:30,484.45,484.55,484.25,484.35,38046,ITC
2025-01-03 10:24:00+05:30,484.3,484.4,484.2,484.25,49392,ITC
2025-01-03 10:25:00+05:30,484.25,484.3,483.6,484.0,141944,ITC
2025-01-03 10:26:00+05:30,484.0,484.0,483.6,483.75,29118,ITC
2025-01-03 10:27:00+05:30,483.75,483.8,483.55,483.6,27503,ITC
2025-01-03 10:28:00+05:30,483.7,483.9,483.6,483.8,44760,ITC
2025-01-03 10:29:00+05:30,483.7,483.9,483.6,483.7,27107,ITC
2025-01-03 10:30:00+05:30,483.7,484.2,483.65,484.05,41591,ITC
2025-01-03 10:31:00+05:30,484.05,484.25,484.0,484.25,29902,ITC
2025-01-03 10:32:00+05:30,484.25,484.75,483.9,483.9,93690,ITC
2025-01-03 10:33:00+05:30,483.95,484.0,483.7,483.9,41810,ITC
2025-01-03 10:34:00+05:30,483.95,484.1,483.8,483.95,39864,ITC
2025-01-03 10:35:00+05:30,483.9,484.15,483.9,484.1,32799,ITC
2025-01-03 10:36:00+05:30,484.05,484.1,483.85,484.05,29266,ITC
2025-01-03 10:37:00+05:30,484.0,484.15,483.85,484.05,56034,ITC
2025-01-03 10:38:00+05:30,484.1,484.2,484.05,484.1,25638,ITC
2025-01-03 10:39:00+05:30,484.15,484.9,484.05,484.75,50820,ITC
2025-01-03 10:40:00+05:30,484.7,485.2,484.6,485.1,32140,ITC
2025-01-03 10:41:00+05:30,485.05,485.4,484.9,485.05,124503,ITC
2025-01-03 10:42:00+05:30,485.0,485.05,484.7,484.75,47170,ITC
2025-01-03 10:43:00+05:30,484.75,484.95,484.55,484.85,44209,ITC
2025-01-03 10:44:00+05:30,484.8,485.0,484.65,484.9,31870,ITC
2025-01-03 10:45:00+05:30,484.85,485.1,484.7,484.8,35495,ITC
2025-01-03 10:46:00+05:30,484.8,485.2,484.7,485.15,33022,ITC
2025-01-03 10:47:00+05:30,485.15,485.2,485.0,485.1,42314,ITC
2025-01-03 10:48:00+05:30,485.05,485.25,485.0,485.2,30718,ITC
2025-01-03 10:49:00+05:30,485.2,485.45,485.1,485.3,77975,ITC
2025-01-03 10:50:00+05:30,485.25,485.45,485.15,485.3,55227,ITC
2025-01-03 10:51:00+05:30,485.2,485.6,485.2,485.25,74503,ITC
2025-01-03 10:52:00+05:30,485.25,485.45,485.2,485.3,49218,ITC
2025-01-03 10:53:00+05:30,485.3,485.45,485.05,485.2,34288,ITC
2025-01-03 10:54:00+05:30,485.3,485.45,485.05,485.1,58749,ITC
2025-01-03 10:55:00+05:30,485.1,485.25,484.85,485.0,42082,ITC
2025-01-03 10:56:00+05:30,484.95,485.1,484.75,484.95,33334,ITC
2025-01-03 10:57:00+05:30,484.9,484.95,484.55,484.55,65469,ITC
2025-01-03 10:58:00+05:30,484.55,484.6,484.0,484.15,109096,ITC
2025-01-03 10:59:00+05:30,484.1,484.25,484.0,484.25,50080,ITC
2025-01-03 11:00:00+05:30,484.2,484.25,483.8,483.8,49878,ITC
2025-01-03 11:01:00+05:30,483.85,484.2,483.8,484.15,24718,ITC
2025-01-03 11:02:00+05:30,484.1,484.15,483.8,483.9,36012,ITC
2025-01-03 11:03:00+05:30,483.9,484.2,483.8,484.2,25415,ITC
2025-01-03 11:04:00+05:30,484.0,484.15,483.7,483.85,56937,ITC
2025-01-03 11:05:00+05:30,483.85,483.9,483.7,483.75,25035,ITC
2025-01-03 11:06:00+05:30,483.7,484.2,483.65,483.9,57276,ITC
2025-01-03 11:07:00+05:30,483.95,484.0,483.9,484.0,37095,ITC
2025-01-03 11:08:00+05:30,484.0,484.0,483.8,483.8,25032,ITC
2025-01-03 11:09:00+05:30,483.75,483.9,483.75,483.9,32797,ITC
2025-01-03 11:10:00+05:30,483.85,484.0,483.8,484.0,39374,ITC
2025-01-03 11:11:00+05:30,483.95,484.55,483.9,484.55,51473,ITC
2025-01-03 11:12:00+05:30,484.5,484.65,484.3,484.5,44786,ITC
2025-01-03 11:13:00+05:30,484.45,484.6,484.4,484.4,46886,ITC
2025-01-03 11:14:00+05:30,484.5,484.75,484.3,484.55,74746,ITC
2025-01-03 11:15:00+05:30,484.55,484.85,484.4,484.75,57925,ITC
2025-01-03 11:16:00+05:30,484.85,484.9,484.5,484.65,45970,ITC
2025-01-03 11:17:00+05:30,484.6,484.75,484.5,484.6,23249,ITC
2025-01-03 11:18:00+05:30,484.6,484.8,484.45,484.5,31703,ITC
2025-01-03 11:19:00+05:30,484.5,484.75,484.4,484.65,47933,ITC
2025-01-03 11:20:00+05:30,484.6,485.0,484.5,484.7,66291,ITC
2025-01-03 11:21:00+05:30,484.65,484.9,484.3,484.4,54894,ITC
2025-01-03 11:22:00+05:30,484.35,484.45,484.2,484.3,72769,ITC
2025-01-03 11:23:00+05:30,484.3,484.4,484.15,484.4,35997,ITC
2025-01-03 11:24:00+05:30,484.35,484.75,484.1,484.5,54378,ITC
2025-01-03 11:25:00+05:30,484.45,484.9,484.25,484.35,64911,ITC
2025-01-03 11:26:00+05:30,484.3,484.55,484.1,484.35,51597,ITC
2025-01-03 11:27:00+05:30,484.35,484.75,484.3,484.45,32275,ITC
2025-01-03 11:28:00+05:30,484.45,484.5,484.2,484.25,26043,ITC
2025-01-03 11:29:00+05:30,484.2,484.55,484.1,484.35,38216,ITC
2025-01-03 11:30:00+05:30,484.3,484.55,484.05,484.1,62481,ITC
2025-01-03 11:31:00+05:30,484.05,484.3,484.05,484.2,18708,ITC
2025-01-03 11:32:00+05:30,484.25,484.55,484.05,484.4,30963,ITC
2025-01-03 11:33:00+05:30,484.35,484.7,484.35,484.6,31759,ITC
2025-01-03 11:34:00+05:30,484.5,484.75,484.2,484.55,47602,ITC
2025-01-03 11:35:00+05:30,484.5,484.7,484.35,484.55,43701,ITC
2025-01-03 11:36:00+05:30,484.55,484.75,484.4,484.6,68610,ITC
2025-01-03 11:37:00+05:30,484.6,484.85,484.45,484.7,45569,ITC
2025-01-03 11:38:00+05:30,484.65,484.75,484.5,484.7,38559,ITC
2025-01-03 11:39:00+05:30,484.65,484.8,484.5,484.75,36070,ITC
2025-01-03 11:40:00+05:30,484.75,484.8,484.5,484.6,62256,ITC
2025-01-03 11:41:00+05:30,484.6,484.85,484.5,484.85,55564,ITC
2025-01-03 11:42:00+05:30,484.8,485.0,484.65,484.95,97328,ITC
2025-01-03 11:43:00+05:30,484.85,485.0,484.5,484.95,50772,ITC
2025-01-03 11:44:00+05:30,484.95,485.0,484.65,484.9,55432,ITC
2025-01-03 11:45:00+05:30,484.85,484.95,484.6,484.85,48476,ITC
2025-01-03 11:46:00+05:30,484.8,484.95,484.5,484.8,70904,ITC
2025-01-03 11:47:00+05:30,484.75,484.8,484.55,484.8,48573,ITC
2025-01-03 11:48:00+05:30,484.75,484.95,484.6,484.9,36538,ITC
2025-01-03 11:49:00+05:30,484.95,485.1,484.7,485.1,43612,ITC
2025-01-03 11:50:00+05:30,484.95,485.15,484.8,485.0,57869,ITC
2025-01-03 11:51:00+05:30,485.0,485.1,484.8,485.0,86604,ITC
2025-01-03 11:52:00+05:30,485.0,485.05,484.75,484.9,48608,ITC
2025-01-03 11:53:00+05:30,484.9,485.0,484.75,484.9,47637,ITC
2025-01-03 11:54:00+05:30,484.9,485.0,484.7,484.8,53311,ITC
2025-01-03 11:55:00+05:30,484.8,485.05,484.75,484.9,61080,ITC
2025-01-03 11:56:00+05:30,484.85,485.1,484.65,485.05,58106,ITC
2025-01-03 11:57:00+05:30,484.95,485.2,484.8,484.9,93691,ITC
2025-01-03 11:58:00+05:30,484.9,485.2,484.85,485.1,46006,ITC
2025-01-03 11:59:00+05:30,485.05,485.2,484.9,485.1,53993,ITC
2025-01-03 12:00:00+05:30,485.05,485.3,485.0,485.15,59257,ITC
2025-01-03 12:01:00+05:30,485.1,485.15,484.9,485.05,59968,ITC
2025-01-03 12:02:00+05:30,485.05,485.2,484.9,485.0,65308,ITC
2025-01-03 12:03:00+05:30,484.95,485.3,484.95,485.3,47496,ITC
2025-01-03 12:04:00+05:30,485.25,485.35,485.0,485.15,45337,ITC
2025-01-03 12:05:00+05:30,485.1,485.35,485.05,485.35,30719,ITC
2025-01-03 12:06:00+05:30,485.3,485.35,485.05,485.15,37237,ITC
2025-01-03 12:07:00+05:30,485.15,485.2,483.8,484.0,468966,ITC
2025-01-03 12:08:00+05:30,483.95,484.5,483.85,484.0,317267,ITC
2025-01-03 12:09:00+05:30,483.95,484.15,483.8,484.15,83627,ITC
2025-01-03 12:10:00+05:30,484.1,484.6,483.8,483.95,97535,ITC
2025-01-03 12:11:00+05:30,483.95,484.0,483.8,484.0,29510,ITC
2025-01-03 12:12:00+05:30,483.95,484.05,483.9,483.95,45259,ITC
2025-01-03 12:13:00+05:30,483.95,484.05,483.9,484.0,42519,ITC
2025-01-03 12:14:00+05:30,483.95,484.0,483.8,484.0,53974,ITC
2025-01-03 12:15:00+05:30,483.95,484.0,483.25,483.8,117529,ITC
2025-01-03 12:16:00+05:30,483.8,483.9,483.3,483.35,79863,ITC
2025-01-03 12:17:00+05:30,483.35,483.75,483.25,483.75,37965,ITC
2025-01-03 12:18:00+05:30,483.55,483.8,483.4,483.65,34727,ITC
2025-01-03 12:19:00+05:30,483.6,483.7,483.4,483.4,40003,ITC
2025-01-03 12:20:00+05:30,483.4,483.9,483.25,483.65,51336,ITC
2025-01-03 12:21:00+05:30,483.65,483.9,483.3,483.3,26159,ITC
2025-01-03 12:22:00+05:30,483.4,483.6,482.9,483.0,192916,ITC
2025-01-03 12:23:00+05:30,482.95,483.0,482.7,482.95,44042,ITC
2025-01-03 12:24:00+05:30,482.85,483.0,481.95,482.0,243425,ITC
2025-01-03 12:25:00+05:30,481.95,482.0,481.5,481.8,51326,ITC
2025-01-03 12:26:00+05:30,481.8,481.85,481.55,481.7,52036,ITC
2025-01-03 12:27:00+05:30,481.65,482.0,481.65,481.8,66068,ITC
2025-01-03 12:28:00+05:30,481.8,482.15,481.8,481.85,67372,ITC
2025-01-03 12:29:00+05:30,481.85,482.05,481.5,482.05,156981,ITC
2025-01-03 12:30:00+05:30,482.0,482.3,482.0,482.1,33527,ITC
2025-01-03 12:31:00+05:30,482.1,482.45,482.0,482.15,48509,ITC
2025-01-03 12:32:00+05:30,482.2,482.25,481.95,482.1,88103,ITC
2025-01-03 12:33:00+05:30,482.1,482.25,481.85,482.0,87226,ITC
2025-01-03 12:34:00+05:30,481.95,482.5,481.95,482.5,49645,ITC
2025-01-03 12:35:00+05:30,482.35,482.5,482.1,482.25,41701,ITC
2025-01-03 12:36:00+05:30,482.25,482.75,482.25,482.75,24992,ITC
2025-01-03 12:37:00+05:30,482.7,482.7,482.35,482.35,50162,ITC
2025-01-03 12:38:00+05:30,482.45,482.75,482.3,482.5,43274,ITC
2025-01-03 12:39:00+05:30,482.65,483.2,482.35,483.05,45892,ITC
2025-01-03 12:40:00+05:30,483.0,483.35,482.85,483.2,45935,ITC
2025-01-03 12:41:00+05:30,483.2,483.5,483.1,483.25,96737,ITC
2025-01-03 12:42:00+05:30,483.3,483.5,483.1,483.35,34110,ITC
2025-01-03 12:43:00+05:30,483.35,483.5,483.2,483.3,67689,ITC
2025-01-03 12:44:00+05:30,483.3,483.6,483.0,483.3,233840,ITC
2025-01-03 12:45:00+05:30,483.25,483.6,483.25,483.6,39457,ITC
2025-01-03 12:46:00+05:30,483.55,483.7,482.9,483.0,133688,ITC
2025-01-03 12:47:00+05:30,482.95,483.05,482.9,483.0,40417,ITC
2025-01-03 12:48:00+05:30,483.0,483.0,482.75,482.95,67141,ITC
2025-01-03 12:49:00+05:30,482.9,483.15,482.75,482.95,72009,ITC
2025-01-03 12:50:00+05:30,482.95,483.0,482.8,482.85,53695,ITC
2025-01-03 12:51:00+05:30,482.85,483.0,482.8,483.0,56092,ITC
2025-01-03 12:52:00+05:30,482.95,483.05,482.85,482.95,34170,ITC
2025-01-03 12:53:00+05:30,482.95,483.15,482.8,483.0,135654,ITC
2025-01-03 12:54:00+05:30,483.0,483.0,482.9,483.0,35145,ITC
2025-01-03 12:55:00+05:30,483.0,483.1,482.85,483.0,35738,ITC
2025-01-03 12:56:00+05:30,483.0,483.0,482.8,482.9,48733,ITC
2025-01-03 12:57:00+05:30,482.95,483.15,482.9,483.0,23599,ITC
2025-01-03 12:58:00+05:30,482.95,483.05,482.8,483.0,39180,ITC
2025-01-03 12:59:00+05:30,482.95,483.05,482.6,482.75,105343,ITC
2025-01-03 13:00:00+05:30,482.7,483.0,482.6,482.8,65826,ITC
2025-01-03 13:01:00+05:30,482.7,482.8,482.35,482.65,67765,ITC
2025-01-03 13:02:00+05:30,482.65,482.7,482.35,482.5,43211,ITC
2025-01-03 13:03:00+05:30,482.45,482.5,482.35,482.5,40835,ITC
2025-01-03 13:04:00+05:30,482.5,482.6,482.4,482.5,103117,ITC
2025-01-03 13:05:00+05:30,482.45,482.55,482.35,482.45,46122,ITC
2025-01-03 13:06:00+05:30,482.45,482.6,482.35,482.5,49778,ITC
2025-01-03 13:07:00+05:30,482.45,482.5,482.3,482.5,47306,ITC
2025-01-03 13:08:00+05:30,482.45,482.6,482.35,482.5,47791,ITC
2025-01-03 13:09:00+05:30,482.45,482.5,482.35,482.45,38785,ITC
2025-01-03 13:10:00+05:30,482.4,482.5,482.15,482.15,42738,ITC
2025-01-03 13:11:00+05:30,482.15,482.45,482.1,482.2,28351,ITC
2025-01-03 13:12:00+05:30,482.15,482.5,482.1,482.45,18953,ITC
2025-01-03 13:13:00+05:30,482.4,482.45,481.75,482.4,95468,ITC
2025-01-03 13:14:00+05:30,482.35,482.5,482.3,482.5,51787,ITC
2025-01-03 13:15:00+05:30,482.45,482.5,482.1,482.35,26920,ITC
2025-01-03 13:16:00+05:30,482.3,482.5,482.0,482.45,56097,ITC
2025-01-03 13:17:00+05:30,482.45,482.55,482.3,482.5,123912,ITC
2025-01-03 13:18:00+05:30,482.45,482.6,482.4,482.45,50483,ITC
2025-01-03 13:19:00+05:30,482.45,482.6,482.35,482.5,51221,ITC
2025-01-03 13:20:00+05:30,482.45,482.7,482.4,482.5,117212,ITC
2025-01-03 13:21:00+05:30,482.45,482.5,482.3,482.45,48303,ITC
2025-01-03 13:22:00+05:30,482.4,482.5,482.35,482.5,33975,ITC
2025-01-03 13:23:00+05:30,482.5,482.5,482.25,482.5,35787,ITC
2025-01-03 13:24:00+05:30,482.5,482.5,482.3,482.5,33394,ITC
2025-01-03 13:25:00+05:30,482.45,482.65,482.3,482.5,37805,ITC
2025-01-03 13:26:00+05:30,482.45,482.6,482.3,482.5,42134,ITC
2025-01-03 13:27:00+05:30,482.35,482.55,482.3,482.4,28944,ITC
2025-01-03 13:28:00+05:30,482.4,482.6,482.25,482.25,83673,ITC
2025-01-03 13:29:00+05:30,482.3,482.5,482.25,482.45,73017,ITC
2025-01-03 13:30:00+05:30,482.4,482.55,482.3,482.4,30591,ITC
2025-01-03 13:31:00+05:30,482.4,482.5,482.3,482.35,44649,ITC
2025-01-03 13:32:00+05:30,482.3,482.45,482.1,482.3,36943,ITC
2025-01-03 13:33:00+05:30,482.15,482.3,482.0,482.2,44967,ITC
2025-01-03 13:34:00+05:30,482.2,482.25,482.0,482.15,57760,ITC
2025-01-03 13:35:00+05:30,482.05,482.35,482.0,482.25,31840,ITC
2025-01-03 13:36:00+05:30,482.25,482.35,482.0,482.15,30652,ITC
2025-01-03 13:37:00+05:30,482.05,482.25,482.0,482.25,45465,ITC
2025-01-03 13:38:00+05:30,482.2,482.4,482.1,482.35,22586,ITC
2025-01-03 13:39:00+05:30,482.3,482.45,482.15,482.45,33723,ITC
2025-01-03 13:40:00+05:30,482.4,482.5,482.25,482.4,28184,ITC
2025-01-03 13:41:00+05:30,482.35,482.6,482.25,482.45,40173,ITC
2025-01-03 13:42:00+05:30,482.4,482.6,482.3,482.55,35811,ITC
2025-01-03 13:43:00+05:30,482.55,482.75,482.45,482.55,55665,ITC
2025-01-03 13:44:00+05:30,482.55,482.7,482.3,482.5,46583,ITC
2025-01-03 13:45:00+05:30,482.4,482.5,482.25,482.45,36030,ITC
2025-01-03 13:46:00+05:30,482.45,482.5,482.2,482.45,31475,ITC
2025-01-03 13:47:00+05:30,482.4,482.5,482.2,482.45,34047,ITC
2025-01-03 13:48:00+05:30,482.4,482.5,482.2,482.4,62366,ITC
2025-01-03 13:49:00+05:30,482.35,482.45,482.15,482.3,34340,ITC
2025-01-03 13:50:00+05:30,482.25,482.4,482.05,482.1,52348,ITC
2025-01-03 13:51:00+05:30,482.1,482.25,482.0,482.05,92148,ITC
2025-01-03 13:52:00+05:30,482.0,482.2,481.85,482.0,140989,ITC
2025-01-03 13:53:00+05:30,481.95,482.0,481.85,481.9,38840,ITC
2025-01-03 13:54:00+05:30,481.9,482.0,481.85,482.0,79800,ITC
2025-01-03 13:55:00+05:30,481.9,482.0,481.8,482.0,38143,ITC
2025-01-03 13:56:00+05:30,482.0,482.0,481.65,481.85,54543,ITC
2025-01-03 13:57:00+05:30,481.8,481.95,481.5,481.75,61003,ITC
2025-01-03 13:58:00+05:30,481.75,482.0,481.6,481.9,60486,ITC
2025-01-03 13:59:00+05:30,481.9,482.0,481.85,481.85,51471,ITC
2025-01-03 14:00:00+05:30,481.8,482.0,481.55,482.0,59823,ITC
2025-01-03 14:01:00+05:30,481.95,482.0,481.65,481.95,43296,ITC
2025-01-03 14:02:00+05:30,481.9,482.0,481.5,481.7,118284,ITC
2025-01-03 14:03:00+05:30,481.65,481.75,481.5,481.65,43543,ITC
2025-01-03 14:04:00+05:30,481.6,481.8,481.5,481.65,46377,ITC
2025-01-03 14:05:00+05:30,481.6,481.7,481.5,481.65,33487,ITC
2025-01-03 14:06:00+05:30,481.6,481.95,481.55,481.9,39089,ITC
2025-01-03 14:07:00+05:30,481.85,482.0,481.65,481.65,85002,ITC
2025-01-03 14:08:00+05:30,481.7,481.95,481.6,481.95,35343,ITC
2025-01-03 14:09:00+05:30,481.9,482.0,481.7,481.85,43527,ITC
2025-01-03 14:10:00+05:30,481.8,481.95,481.6,481.8,99701,ITC
2025-01-03 14:11:00+05:30,481.8,481.9,481.65,481.8,26520,ITC
2025-01-03 14:12:00+05:30,481.8,481.9,481.6,481.75,47069,ITC
2025-01-03 14:13:00+05:30,481.7,481.75,481.2,481.4,160621,ITC
2025-01-03 14:14:00+05:30,481.4,481.5,481.1,481.25,79538,ITC
2025-01-03 14:15:00+05:30,481.2,481.45,481.2,481.3,34426,ITC
2025-01-03 14:16:00+05:30,481.3,481.7,481.3,481.5,62450,ITC
2025-01-03 14:17:00+05:30,481.45,481.55,481.35,481.35,38487,ITC
2025-01-03 14:18:00+05:30,481.4,481.45,481.2,481.45,32966,ITC
2025-01-03 14:19:00+05:30,481.4,481.5,481.3,481.5,39660,ITC
2025-01-03 14:20:00+05:30,481.45,481.5,481.4,481.5,143117,ITC
2025-01-03 14:21:00+05:30,481.45,481.6,481.45,481.5,68681,ITC
2025-01-03 14:22:00+05:30,481.45,481.5,481.35,481.5,68072,ITC
2025-01-03 14:23:00+05:30,481.4,481.5,481.35,481.45,73604,ITC
2025-01-03 14:24:00+05:30,481.4,481.5,481.3,481.5,49955,ITC
2025-01-03 14:25:00+05:30,481.5,481.5,481.4,481.5,74911,ITC
2025-01-03 14:26:00+05:30,481.4,481.5,481.4,481.45,58106,ITC
2025-01-03 14:27:00+05:30,481.45,481.5,481.45,481.5,51783,ITC
2025-01-03 14:28:00+05:30,481.45,481.5,481.4,481.45,55356,ITC
2025-01-03 14:29:00+05:30,481.45,481.55,480.65,481.35,332813,ITC
2025-01-03 14:30:00+05:30,481.35,481.45,480.9,481.05,72677,ITC
2025-01-03 14:31:00+05:30,481.05,481.25,480.8,480.9,103838,ITC
2025-01-03 14:32:00+05:30,480.85,481.05,480.6,480.8,81512,ITC
2025-01-03 14:33:00+05:30,480.8,481.25,480.65,481.2,47901,ITC
2025-01-03 14:34:00+05:30,481.2,481.5,481.0,481.45,122731,ITC
2025-01-03 14:35:00+05:30,481.45,481.5,481.05,481.4,121914,ITC
2025-01-03 14:36:00+05:30,481.3,481.5,481.1,481.35,69090,ITC
2025-01-03 14:37:00+05:30,481.15,481.45,481.1,481.4,44428,ITC
2025-01-03 14:38:00+05:30,481.4,481.45,481.05,481.2,99327,ITC
2025-01-03 14:39:00+05:30,481.25,481.45,481.0,481.45,41100,ITC
2025-01-03 14:40:00+05:30,481.45,481.45,480.65,480.8,143876,ITC
2025-01-03 14:41:00+05:30,480.8,481.05,480.65,480.85,64075,ITC
2025-01-03 14:42:00+05:30,480.8,481.2,480.7,481.05,175853,ITC
2025-01-03 14:43:00+05:30,481.05,481.2,480.85,481.15,124302,ITC
2025-01-03 14:44:00+05:30,481.0,481.2,480.7,480.9,151353,ITC
2025-01-03 14:45:00+05:30,480.8,481.1,480.7,480.95,72928,ITC
2025-01-03 14:46:00+05:30,481.0,481.15,480.8,481.05,91034,ITC
2025-01-03 14:47:00+05:30,481.0,481.15,480.55,480.55,203941,ITC
2025-01-03 14:48:00+05:30,480.6,480.8,480.1,480.2,329458,ITC
2025-01-03 14:49:00+05:30,480.25,480.75,480.1,480.7,195217,ITC
2025-01-03 14:50:00+05:30,480.65,480.8,480.05,480.1,319962,ITC
2025-01-03 14:51:00+05:30,480.3,480.7,480.05,480.6,120561,ITC
2025-01-03 14:52:00+05:30,480.55,480.85,480.05,480.05,218993,ITC
2025-01-03 14:53:00+05:30,480.15,480.45,480.05,480.3,130686,ITC
2025-01-03 14:54:00+05:30,480.3,480.4,480.0,480.05,266042,ITC
2025-01-03 14:55:00+05:30,480.05,480.3,480.0,480.2,212564,ITC
2025-01-03 14:56:00+05:30,480.2,480.3,479.85,480.0,354117,ITC
2025-01-03 14:57:00+05:30,480.0,480.3,479.9,480.3,168351,ITC
2025-01-03 14:58:00+05:30,480.2,480.9,480.2,480.8,212426,ITC
2025-01-03 14:59:00+05:30,480.8,481.0,480.75,480.95,174445,ITC
2025-01-03 15:00:00+05:30,480.95,481.0,480.4,481.0,228137,ITC
2025-01-03 15:01:00+05:30,481.0,481.05,480.55,480.9,244243,ITC
2025-01-03 15:02:00+05:30,480.95,481.45,480.9,481.4,212901,ITC
2025-01-03 15:03:00+05:30,481.4,481.7,481.25,481.45,307691,ITC
2025-01-03 15:04:00+05:30,481.45,481.6,481.25,481.4,320506,ITC
2025-01-03 15:05:00+05:30,481.4,481.5,481.2,481.35,209736,ITC
2025-01-03 15:06:00+05:30,481.3,481.45,481.15,481.35,252407,ITC
2025-01-03 15:07:00+05:30,481.3,481.5,481.2,481.3,259962,ITC
2025-01-03 15:08:00+05:30,481.3,481.45,481.1,481.2,274611,ITC
2025-01-03 15:09:00+05:30,481.2,481.25,480.65,480.95,508229,ITC
2025-01-03 15:10:00+05:30,480.95,481.0,480.55,480.85,246251,ITC
2025-01-03 15:11:00+05:30,480.85,481.0,480.7,480.9,241391,ITC
2025-01-03 15:12:00+05:30,480.9,480.9,480.3,480.5,417578,ITC
2025-01-03 15:13:00+05:30,480.5,480.5,480.3,480.4,224624,ITC
2025-01-03 15:14:00+05:30,480.45,480.5,480.25,480.5,375091,ITC
2025-01-03 15:15:00+05:30,480.4,480.65,480.0,480.5,1051127,ITC
2025-01-03 15:16:00+05:30,480.5,480.65,480.25,480.5,755141,ITC
2025-01-03 15:17:00+05:30,480.45,480.65,480.35,480.5,605974,ITC
2025-01-03 15:18:00+05:30,480.5,480.5,480.1,480.5,582543,ITC
2025-01-03 15:19:00+05:30,480.5,481.0,480.4,480.8,620551,ITC
2025-01-03 15:20:00+05:30,480.8,481.7,480.7,481.35,782268,ITC
2025-01-03 15:21:00+05:30,481.35,483.25,481.25,483.0,889001,ITC
2025-01-03 15:22:00+05:30,482.95,484.0,482.85,483.8,716705,ITC
2025-01-03 15:23:00+05:30,483.8,483.95,483.55,483.65,313235,ITC
2025-01-03 15:24:00+05:30,483.65,484.25,483.1,483.4,458292,ITC
2025-01-03 15:25:00+05:30,483.4,483.5,483.05,483.35,305920,ITC
2025-01-03 15:26:00+05:30,483.35,483.5,482.75,482.9,520558,ITC
2025-01-03 15:27:00+05:30,482.8,484.0,482.75,484.0,251437,ITC
2025-01-03 15:28:00+05:30,483.9,485.0,483.8,484.05,464991,ITC
2025-01-03 15:29:00+05:30,484.0,484.75,483.3,483.95,358772,ITC
2025-01-06 10:00:00+05:30,455.55,460.35,455.0,457.9,847686,ITC
2025-01-06 10:01:00+05:30,457.9,460.2,457.8,459.95,642406,ITC
2025-01-06 10:02:00+05:30,459.95,459.95,458.7,458.95,347909,ITC
2025-01-06 10:03:00+05:30,458.95,459.25,457.55,457.95,172660,ITC
2025-01-06 10:04:00+05:30,457.9,458.0,457.4,457.65,148162,ITC
2025-01-06 10:05:00+05:30,457.65,457.7,456.8,457.5,198115,ITC
2025-01-06 10:06:00+05:30,457.45,458.4,457.45,458.4,181626,ITC
2025-01-06 10:07:00+05:30,458.4,459.55,458.35,459.5,205440,ITC
2025-01-06 10:08:00+05:30,459.45,459.85,459.4,459.75,139914,ITC
2025-01-06 10:09:00+05:30,459.7,461.15,459.5,460.9,326821,ITC
2025-01-06 10:10:00+05:30,460.9,461.25,460.4,461.25,173667,ITC
2025-01-06 10:11:00+05:30,461.25,461.35,460.5,460.7,119618,ITC
2025-01-06 10:12:00+05:30,460.75,461.3,460.7,461.05,108106,ITC
2025-01-06 10:13:00+05:30,461.05,461.4,460.65,461.3,122254,ITC
2025-01-06 10:14:00+05:30,461.25,461.75,461.1,461.65,183138,ITC
2025-01-06 10:15:00+05:30,461.65,461.65,460.85,461.05,106406,ITC
2025-01-06 10:16:00+05:30,461.05,461.35,460.0,460.2,111940,ITC
2025-01-06 10:17:00+05:30,460.2,460.2,459.5,459.85,99499,ITC
2025-01-06 10:18:00+05:30,459.85,459.85,458.75,458.85,58499,ITC
2025-01-06 10:19:00+05:30,458.85,458.95,458.25,458.3,50934,ITC
2025-01-06 10:20:00+05:30,458.3,458.3,457.45,457.7,160758,ITC
2025-01-06 10:21:00+05:30,457.7,457.75,456.55,456.6,110041,ITC
2025-01-06 10:22:00+05:30,456.6,456.9,456.5,456.85,65892,ITC
2025-01-06 10:23:00+05:30,456.85,456.85,456.15,456.45,67504,ITC
2025-01-06 10:24:00+05:30,456.4,456.5,456.0,456.15,53631,ITC
2025-01-06 10:25:00+05:30,456.25,456.25,455.8,455.95,109264,ITC
2025-01-06 10:26:00+05:30,455.95,456.7,455.85,456.65,61960,ITC
2025-01-06 10:27:00+05:30,456.65,456.7,456.0,456.4,75018,ITC
2025-01-06 10:28:00+05:30,456.4,456.45,455.95,456.1,66504,ITC
2025-01-06 10:29:00+05:30,456.1,456.1,455.7,456.0,62365,ITC
2025-01-06 10:30:00+05:30,456.0,456.3,455.15,455.3,166206,ITC
2025-01-06 10:31:00+05:30,455.3,455.35,452.5,452.55,317086,ITC
2025-01-06 10:32:00+05:30,452.6,452.8,452.0,452.5,172780,ITC
2025-01-06 10:33:00+05:30,452.55,453.0,452.55,452.85,59194,ITC
2025-01-06 10:34:00+05:30,452.85,453.1,452.55,452.9,47620,ITC
2025-01-06 10:35:00+05:30,452.9,453.05,452.5,452.8,47521,ITC
2025-01-06 10:36:00+05:30,452.8,452.9,452.05,452.1,94634,ITC
2025-01-06 10:37:00+05:30,452.05,452.1,451.3,451.6,91644,ITC
2025-01-06 10:38:00+05:30,451.55,451.6,450.6,450.7,152614,ITC
2025-01-06 10:39:00+05:30,450.7,450.7,448.75,449.25,362115,ITC
2025-01-06 10:40:00+05:30,449.15,449.65,448.3,449.65,205364,ITC
2025-01-06 10:41:00+05:30,449.65,449.95,448.9,449.0,98165,ITC
2025-01-06 10:42:00+05:30,449.0,449.7,448.9,449.6,71256,ITC
2025-01-06 10:43:00+05:30,449.5,450.95,449.5,450.95,173995,ITC
2025-01-06 10:44:00+05:30,450.95,451.95,450.85,451.8,269249,ITC
2025-01-06 10:45:00+05:30,451.8,451.85,451.15,451.2,114986,ITC
2025-01-06 10:46:00+05:30,451.4,451.8,451.1,451.6,96836,ITC
2025-01-06 10:47:00+05:30,451.55,451.85,451.25,451.65,62437,ITC
2025-01-06 10:48:00+05:30,451.65,452.2,451.45,452.2,47879,ITC
2025-01-06 10:49:00+05:30,452.2,452.25,451.7,451.8,50356,ITC
2025-01-06 10:50:00+05:30,451.8,452.0,451.65,451.75,63014,ITC
2025-01-06 10:51:00+05:30,451.7,452.2,451.6,452.15,98116,ITC
2025-01-06 10:52:00+05:30,452.15,452.35,452.05,452.35,67790,ITC
2025-01-06 10:53:00+05:30,452.35,452.8,452.25,452.6,88088,ITC
2025-01-06 10:54:00+05:30,452.6,452.7,452.35,452.45,30503,ITC
2025-01-06 10:55:00+05:30,452.4,452.45,451.85,452.1,28843,ITC
2025-01-06 10:56:00+05:30,452.0,452.45,452.0,452.1,22555,ITC
2025-01-06 10:57:00+05:30,452.1,452.3,451.8,451.9,22512,ITC
2025-01-06 10:58:00+05:30,452.05,452.05,451.6,451.75,20356,ITC
2025-01-06 10:59:00+05:30,451.7,452.0,451.6,451.95,31826,ITC
2025-01-06 11:00:00+05:30,451.95,451.95,451.5,451.7,25114,ITC
2025-01-06 11:01:00+05:30,451.7,451.7,451.1,451.25,32679,ITC
2025-01-06 11:02:00+05:30,451.25,451.3,450.7,450.95,36732,ITC
2025-01-06 11:03:00+05:30,450.95,451.0,450.05,450.25,44579,ITC
2025-01-06 11:04:00+05:30,450.25,450.4,449.8,450.3,73546,ITC
2025-01-06 11:05:00+05:30,450.4,450.4,450.05,450.1,15108,ITC
2025-01-06 11:06:00+05:30,450.1,450.25,449.75,450.2,37141,ITC
2025-01-06 11:07:00+05:30,450.2,450.2,449.85,450.05,50286,ITC
2025-01-06 11:08:00+05:30,450.05,450.35,450.0,450.15,27950,ITC
2025-01-06 11:09:00+05:30,450.1,450.15,449.55,450.1,81829,ITC
2025-01-06 11:10:00+05:30,450.15,450.15,449.75,450.05,23378,ITC
2025-01-06 11:11:00+05:30,450.0,450.45,449.5,450.4,55980,ITC
2025-01-06 11:12:00+05:30,450.4,450.45,449.5,450.3,56999,ITC
2025-01-06 11:13:00+05:30,450.3,450.3,449.7,450.0,43863,ITC
2025-01-06 11:14:00+05:30,449.95,450.25,449.8,450.05,50720,ITC
2025-01-06 11:15:00+05:30,450.05,450.2,449.75,449.95,22258,ITC
2025-01-06 11:16:00+05:30,449.95,450.05,449.95,450.05,18272,ITC
2025-01-06 11:17:00+05:30,450.05,450.15,449.8,450.15,23275,ITC
2025-01-06 11:18:00+05:30,450.15,450.2,449.75,449.9,32775,ITC
2025-01-06 11:19:00+05:30,449.9,450.0,449.7,450.0,34524,ITC
2025-01-06 11:20:00+05:30,450.0,450.05,449.75,450.05,30760,ITC
2025-01-06 11:21:00+05:30,450.05,450.65,449.95,450.4,50434,ITC
2025-01-06 11:22:00+05:30,450.4,450.65,450.2,450.4,27800,ITC
2025-01-06 11:23:00+05:30,450.4,450.55,450.2,450.45,24133,ITC
2025-01-06 11:24:00+05:30,450.45,450.9,450.35,450.65,25368,ITC
2025-01-06 11:25:00+05:30,450.65,451.05,450.25,451.0,29456,ITC
2025-01-06 11:26:00+05:30,451.0,451.3,450.85,451.25,17379,ITC
2025-01-06 11:27:00+05:30,451.3,451.35,451.0,451.1,21147,ITC
2025-01-06 11:28:00+05:30,451.1,451.15,450.65,450.85,27591,ITC
2025-01-06 11:29:00+05:30,450.85,450.85,450.1,450.3,30430,ITC
2025-01-06 11:30:00+05:30,450.3,450.3,449.5,449.8,73969,ITC
2025-01-06 11:31:00+05:30,449.8,449.95,449.35,449.55,80188,ITC
2025-01-06 11:32:00+05:30,449.6,449.65,449.0,449.2,54703,ITC
2025-01-06 11:33:00+05:30,449.2,449.85,448.85,449.85,130625,ITC
2025-01-06 11:34:00+05:30,449.8,450.05,449.55,449.8,57784,ITC
2025-01-06 11:35:00+05:30,449.8,450.25,449.5,450.2,61061,ITC
2025-01-06 11:36:00+05:30,450.2,450.7,449.9,450.5,66418,ITC
2025-01-06 11:37:00+05:30,450.5,450.7,450.2,450.35,30331,ITC
2025-01-06 11:38:00+05:30,450.45,451.45,450.25,451.35,169708,ITC
2025-01-06 11:39:00+05:30,451.45,451.45,450.75,451.2,83510,ITC
2025-01-06 11:40:00+05:30,451.2,451.35,451.0,451.25,22149,ITC
2025-01-06 11:41:00+05:30,451.25,451.35,450.8,451.25,46104,ITC
2025-01-06 11:42:00+05:30,451.25,451.3,450.8,450.9,52807,ITC
2025-01-06 11:43:00+05:30,450.9,450.9,450.0,450.15,82251,ITC
2025-01-06 11:44:00+05:30,450.15,450.2,449.15,449.3,87070,ITC
2025-01-06 11:45:00+05:30,449.3,449.4,448.8,449.4,53946,ITC
2025-01-06 11:46:00+05:30,449.35,449.85,449.1,449.7,65776,ITC
2025-01-06 11:47:00+05:30,449.6,450.4,449.4,449.75,102354,ITC
2025-01-06 11:48:00+05:30,449.95,451.0,449.6,450.55,145647,ITC
2025-01-06 11:49:00+05:30,450.7,450.7,449.6,450.2,138375,ITC
2025-01-06 11:50:00+05:30,450.2,451.0,450.05,450.8,153807,ITC
2025-01-06 11:51:00+05:30,450.8,450.95,449.65,450.0,69403,ITC
2025-01-06 11:52:00+05:30,449.95,450.0,449.5,449.85,46350,ITC
2025-01-06 11:53:00+05:30,449.9,450.1,449.65,450.0,37737,ITC
2025-01-06 11:54:00+05:30,450.05,450.05,449.55,449.8,22510,ITC
2025-01-06 11:55:00+05:30,449.9,450.05,449.65,449.7,24907,ITC
2025-01-06 11:56:00+05:30,449.8,449.85,448.65,448.95,58895,ITC
2025-01-06 11:57:00+05:30,448.9,449.0,448.5,449.0,72368,ITC
2025-01-06 11:58:00+05:30,449.0,449.25,448.2,448.55,115968,ITC
2025-01-06 11:59:00+05:30,448.55,448.85,448.1,448.8,63643,ITC
2025-01-06 12:00:00+05:30,448.75,449.15,448.5,449.1,43663,ITC
2025-01-06 12:01:00+05:30,449.15,449.15,448.4,448.9,44497,ITC
2025-01-06 12:02:00+05:30,448.85,448.95,448.25,448.85,30207,ITC
2025-01-06 12:03:00+05:30,448.65,448.9,448.4,448.7,76503,ITC
2025-01-06 12:04:00+05:30,448.7,448.95,448.35,448.6,31931,ITC
2025-01-06 12:05:00+05:30,448.65,448.8,448.3,448.7,46318,ITC
2025-01-06 12:06:00+05:30,448.7,448.75,448.5,448.6,27328,ITC
2025-01-06 12:07:00+05:30,448.6,448.7,448.5,448.65,20020,ITC
2025-01-06 12:08:00+05:30,448.65,448.8,448.5,448.75,15619,ITC
2025-01-06 12:09:00+05:30,448.75,448.75,448.5,448.6,28766,ITC
2025-01-06 12:10:00+05:30,448.5,448.75,448.4,448.6,26369,ITC
2025-01-06 12:11:00+05:30,448.6,448.7,448.4,448.6,27368,ITC
2025-01-06 12:12:00+05:30,448.6,449.05,448.55,449.05,37180,ITC
2025-01-06 12:13:00+05:30,449.05,449.4,448.9,449.2,47391,ITC
2025-01-06 12:14:00+05:30,449.2,449.5,449.05,449.5,38965,ITC
2025-01-06 12:15:00+05:30,449.45,449.6,449.25,449.45,26522,ITC
2025-01-06 12:16:00+05:30,449.45,449.45,449.2,449.25,20994,ITC
2025-01-06 12:17:00+05:30,449.35,449.35,448.6,449.0,45703,ITC
2025-01-06 12:18:00+05:30,449.0,449.1,448.55,448.95,23274,ITC
2025-01-06 12:19:00+05:30,448.95,449.0,448.25,448.6,51488,ITC
2025-01-06 12:20:00+05:30,448.5,448.75,448.5,448.6,22553,ITC
2025-01-06 12:21:00+05:30,448.6,448.95,448.55,448.9,54788,ITC
2025-01-06 12:22:00+05:30,448.85,448.9,448.75,448.85,13152,ITC
2025-01-06 12:23:00+05:30,448.85,448.95,448.7,448.85,15911,ITC
2025-01-06 12:24:00+05:30,448.85,449.0,448.7,449.0,18537,ITC
2025-01-06 12:25:00+05:30,448.9,449.2,448.85,449.15,16959,ITC
2025-01-06 12:26:00+05:30,449.15,449.2,448.8,448.9,14109,ITC
2025-01-06 12:27:00+05:30,448.9,449.0,448.75,448.85,14002,ITC
2025-01-06 12:28:00+05:30,448.9,448.95,448.5,448.5,22280,ITC
2025-01-06 12:29:00+05:30,448.65,448.7,447.65,448.0,96734,ITC
2025-01-06 12:30:00+05:30,448.1,448.15,447.8,448.0,14376,ITC
2025-01-06 12:31:00+05:30,448.1,448.35,448.0,448.25,20273,ITC
2025-01-06 12:32:00+05:30,448.25,448.4,448.1,448.35,11446,ITC
2025-01-06 12:33:00+05:30,448.4,448.75,448.3,448.65,31229,ITC
2025-01-06 12:34:00+05:30,448.6,448.75,448.2,448.6,14802,ITC
2025-01-06 12:35:00+05:30,448.6,448.7,448.5,448.7,16921,ITC
2025-01-06 12:36:00+05:30,448.7,449.2,448.65,449.2,23370,ITC
2025-01-06 12:37:00+05:30,449.2,449.4,449.1,449.3,24620,ITC
2025-01-06 12:38:00+05:30,449.3,449.5,449.1,449.35,31952,ITC
2025-01-06 12:39:00+05:30,449.35,449.6,449.2,449.6,23875,ITC
2025-01-06 12:40:00+05:30,449.6,449.95,449.35,449.95,23413,ITC
2025-01-06 12:41:00+05:30,449.9,449.95,449.65,449.9,22396,ITC
2025-01-06 12:42:00+05:30,449.9,449.9,449.3,449.5,21351,ITC
2025-01-06 12:43:00+05:30,449.5,449.65,449.15,449.4,20610,ITC
2025-01-06 12:44:00+05:30,449.4,449.95,449.2,449.95,21498,ITC
2025-01-06 12:45:00+05:30,449.95,450.0,449.65,450.0,52792,ITC
2025-01-06 12:46:00+05:30,449.95,450.5,449.9,450.3,61624,ITC
2025-01-06 12:47:00+05:30,450.3,450.4,450.15,450.35,12996,ITC
2025-01-06 12:48:00+05:30,450.4,450.55,450.2,450.55,30580,ITC
2025-01-06 12:49:00+05:30,450.5,450.65,450.15,450.5,30575,ITC
2025-01-06 12:50:00+05:30,450.5,450.5,450.2,450.4,15489,ITC
2025-01-06 12:51:00+05:30,450.4,450.5,450.25,450.35,12734,ITC
2025-01-06 12:52:00+05:30,450.35,450.35,450.05,450.25,21668,ITC
2025-01-06 12:53:00+05:30,450.2,450.25,450.0,450.1,15998,ITC
2025-01-06 12:54:00+05:30,450.1,450.4,450.0,450.25,18546,ITC
2025-01-06 12:55:00+05:30,450.25,450.25,450.05,450.15,14563,ITC
2025-01-06 12:56:00+05:30,450.15,450.25,450.0,450.15,17940,ITC
2025-01-06 12:57:00+05:30,450.2,450.2,450.05,450.15,14208,ITC
2025-01-06 12:58:00+05:30,450.15,450.25,450.0,450.15,19974,ITC
2025-01-06 12:59:00+05:30,450.15,450.75,450.1,450.6,20341,ITC
2025-01-06 13:00:00+05:30,450.7,450.9,450.55,450.75,17497,ITC
2025-01-06 13:01:00+05:30,450.75,450.8,450.15,450.45,25432,ITC
2025-01-06 13:02:00+05:30,450.45,450.75,450.2,450.6,54691,ITC
2025-01-06 13:03:00+05:30,450.35,450.65,450.25,450.55,26691,ITC
2025-01-06 13:04:00+05:30,450.55,450.55,450.2,450.35,17301,ITC
2025-01-06 13:05:00+05:30,450.35,450.4,449.25,449.65,51314,ITC
2025-01-06 13:06:00+05:30,449.65,449.7,448.8,448.95,31706,ITC
2025-01-06 13:07:00+05:30,448.95,448.95,448.45,448.8,35259,ITC
2025-01-06 13:08:00+05:30,448.8,448.85,448.3,448.55,35065,ITC
2025-01-06 13:09:00+05:30,448.55,448.55,447.8,448.3,66317,ITC
2025-01-06 13:10:00+05:30,448.3,448.5,447.55,447.75,47540,ITC
2025-01-06 13:11:00+05:30,447.75,447.75,446.35,447.0,119111,ITC
2025-01-06 13:12:00+05:30,447.0,447.3,446.8,446.9,33092,ITC
2025-01-06 13:13:00+05:30,447.1,447.1,446.0,446.0,53640,ITC
2025-01-06 13:14:00+05:30,446.2,446.25,444.8,445.2,199113,ITC
2025-01-06 13:15:00+05:30,445.2,445.2,444.1,444.8,160370,ITC
2025-01-06 13:16:00+05:30,444.75,445.15,444.5,444.85,47784,ITC
2025-01-06 13:17:00+05:30,444.85,444.85,443.0,443.35,161704,ITC
2025-01-06 13:18:00+05:30,443.35,444.05,443.1,443.75,61376,ITC
2025-01-06 13:19:00+05:30,443.7,443.8,442.6,442.95,59970,ITC
2025-01-06 13:20:00+05:30,442.9,443.5,442.8,443.5,52987,ITC
2025-01-06 13:21:00+05:30,443.5,444.5,443.45,444.4,64287,ITC
2025-01-06 13:22:00+05:30,444.5,444.95,444.35,444.9,42354,ITC
2025-01-06 13:23:00+05:30,444.95,444.95,444.35,444.4,30620,ITC
2025-01-06 13:24:00+05:30,444.4,444.5,443.85,444.3,51290,ITC
2025-01-06 13:25:00+05:30,444.3,444.45,444.1,444.35,23198,ITC
2025-01-06 13:26:00+05:30,444.35,444.4,444.15,444.4,17025,ITC
2025-01-06 13:27:00+05:30,444.4,444.4,444.1,444.3,23183,ITC
2025-01-06 13:28:00+05:30,444.25,444.5,444.1,444.35,31763,ITC
2025-01-06 13:29:00+05:30,444.35,444.7,444.15,444.55,26277,ITC
2025-01-06 13:30:00+05:30,444.55,444.6,444.15,444.25,22397,ITC
2025-01-06 13:31:00+05:30,444.25,444.25,443.1,443.25,36000,ITC
2025-01-06 13:32:00+05:30,443.25,443.25,441.35,441.7,98937,ITC
2025-01-06 13:33:00+05:30,441.5,442.0,441.25,442.0,50261,ITC
2025-01-06 13:34:00+05:30,442.0,442.95,441.7,442.9,69817,ITC
2025-01-06 13:35:00+05:30,442.9,443.4,442.85,442.95,51155,ITC
2025-01-06 13:36:00+05:30,442.95,443.3,442.85,443.15,37909,ITC
2025-01-06 13:37:00+05:30,443.15,443.4,443.05,443.4,27927,ITC
2025-01-06 13:38:00+05:30,443.4,444.2,443.3,443.9,57010,ITC
2025-01-06 13:39:00+05:30,443.95,444.15,441.55,442.95,171053,ITC
2025-01-06 13:40:00+05:30,442.95,443.2,442.75,442.95,37911,ITC
2025-01-06 13:41:00+05:30,442.85,443.35,442.75,443.25,101079,ITC
2025-01-06 13:42:00+05:30,443.2,443.3,442.55,442.7,40717,ITC
2025-01-06 13:43:00+05:30,442.7,442.85,442.25,442.75,55791,ITC
2025-01-06 13:44:00+05:30,442.75,443.0,442.5,442.85,47939,ITC
2025-01-06 13:45:00+05:30,442.85,442.85,442.65,442.8,21950,ITC
2025-01-06 13:46:00+05:30,442.8,442.85,442.1,442.4,32712,ITC
2025-01-06 13:47:00+05:30,442.4,442.5,442.15,442.5,36340,ITC
2025-01-06 13:48:00+05:30,442.5,442.55,442.2,442.55,27517,ITC
2025-01-06 13:49:00+05:30,442.55,442.65,442.2,442.5,32798,ITC
2025-01-06 13:50:00+05:30,442.5,442.6,442.3,442.3,20952,ITC
2025-01-06 13:51:00+05:30,442.35,442.55,442.2,442.45,26907,ITC
2025-01-06 13:52:00+05:30,442.45,442.5,442.25,442.5,27696,ITC
2025-01-06 13:53:00+05:30,442.5,442.55,442.2,442.4,41674,ITC
2025-01-06 13:54:00+05:30,442.4,442.45,442.1,442.25,30219,ITC
2025-01-06 13:55:00+05:30,442.25,442.35,442.0,442.25,40992,ITC
2025-01-06 13:56:00+05:30,442.25,442.35,442.1,442.3,22851,ITC
2025-01-06 13:57:00+05:30,442.3,442.6,442.05,442.55,40660,ITC
2025-01-06 13:58:00+05:30,442.55,443.4,442.4,443.35,44999,ITC
2025-01-06 13:59:00+05:30,443.2,443.5,443.2,443.5,35070,ITC
2025-01-06 14:00:00+05:30,443.45,444.1,443.4,444.1,62537,ITC
2025-01-06 14:01:00+05:30,444.1,444.5,444.1,444.4,44090,ITC
2025-01-06 14:02:00+05:30,444.45,444.5,444.1,444.3,32313,ITC
2025-01-06 14:03:00+05:30,444.3,444.3,444.0,444.25,28088,ITC
2025-01-06 14:04:00+05:30,444.25,444.3,443.85,444.25,40102,ITC
2025-01-06 14:05:00+05:30,444.15,444.4,444.05,444.35,32678,ITC
2025-01-06 14:06:00+05:30,444.35,444.65,444.25,444.6,31655,ITC
2025-01-06 14:07:00+05:30,444.6,444.65,444.4,444.65,36471,ITC
2025-01-06 14:08:00+05:30,444.65,444.9,444.5,444.7,47697,ITC
2025-01-06 14:09:00+05:30,444.7,444.95,444.6,444.95,47497,ITC
2025-01-06 14:10:00+05:30,444.95,445.0,444.7,444.9,32647,ITC
2025-01-06 14:11:00+05:30,444.8,444.95,444.4,444.65,39241,ITC
2025-01-06 14:12:00+05:30,444.5,444.95,444.45,444.8,54015,ITC
2025-01-06 14:13:00+05:30,444.8,444.95,444.6,444.75,33766,ITC
2025-01-06 14:14:00+05:30,444.75,444.8,444.6,444.7,18964,ITC
2025-01-06 14:15:00+05:30,444.7,444.7,444.1,444.25,38039,ITC
2025-01-06 14:16:00+05:30,444.25,444.25,444.0,444.1,20089,ITC
2025-01-06 14:17:00+05:30,444.2,444.5,444.05,444.45,21986,ITC
2025-01-06 14:18:00+05:30,444.45,444.6,444.3,444.5,18757,ITC
2025-01-06 14:19:00+05:30,444.5,444.95,444.35,444.95,50642,ITC
2025-01-06 14:20:00+05:30,444.9,445.0,444.7,444.9,41318,ITC
2025-01-06 14:21:00+05:30,444.9,445.0,444.7,445.0,24837,ITC
2025-01-06 14:22:00+05:30,445.0,445.0,444.9,444.95,27861,ITC
2025-01-06 14:23:00+05:30,444.95,445.0,444.9,445.0,27166,ITC
2025-01-06 14:24:00+05:30,445.0,445.0,444.85,444.9,41899,ITC
2025-01-06 14:25:00+05:30,444.9,444.9,444.2,444.45,91724,ITC
2025-01-06 14:26:00+05:30,444.2,444.4,444.05,444.2,30462,ITC
2025-01-06 14:27:00+05:30,444.2,444.35,444.05,444.15,26953,ITC
2025-01-06 14:28:00+05:30,444.1,444.2,443.05,443.3,77368,ITC
2025-01-06 14:29:00+05:30,443.3,443.65,443.1,443.45,26633,ITC
2025-01-06 14:30:00+05:30,443.45,443.55,443.25,443.5,19122,ITC
2025-01-06 14:31:00+05:30,443.55,443.7,443.3,443.55,34845,ITC
2025-01-06 14:32:00+05:30,443.55,443.55,443.0,443.25,44053,ITC
2025-01-06 14:33:00+05:30,443.25,443.55,443.05,443.45,37809,ITC
2025-01-06 14:34:00+05:30,443.45,443.45,443.15,443.35,22364,ITC
2025-01-06 14:35:00+05:30,443.35,443.6,443.05,443.6,43025,ITC
2025-01-06 14:36:00+05:30,443.45,443.65,443.2,443.5,36243,ITC
2025-01-06 14:37:00+05:30,443.5,443.5,443.05,443.45,34259,ITC
2025-01-06 14:38:00+05:30,443.45,443.5,443.2,443.3,32299,ITC
2025-01-06 14:39:00+05:30,443.4,443.5,443.15,443.4,31591,ITC
2025-01-06 14:40:00+05:30,443.4,443.45,443.15,443.35,24166,ITC
2025-01-06 14:41:00+05:30,443.3,443.35,442.85,443.0,45414,ITC
2025-01-06 14:42:00+05:30,443.0,443.5,442.9,443.05,64694,ITC
2025-01-06 14:43:00+05:30,443.05,443.25,443.0,443.15,22897,ITC
2025-01-06 14:44:00+05:30,443.1,443.3,443.05,443.05,40564,ITC
2025-01-06 14:45:00+05:30,443.1,443.5,443.0,443.35,48562,ITC
2025-01-06 14:46:00+05:30,443.35,443.45,443.1,443.35,23089,ITC
2025-01-06 14:47:00+05:30,443.35,443.5,443.25,443.35,23012,ITC
2025-01-06 14:48:00+05:30,443.35,443.4,443.15,443.4,36493,ITC
2025-01-06 14:49:00+05:30,443.35,444.2,443.1,444.1,69390,ITC
2025-01-06 14:50:00+05:30,444.1,444.25,444.0,444.15,39049,ITC
2025-01-06 14:51:00+05:30,444.15,444.2,443.95,444.1,33457,ITC
2025-01-06 14:52:00+05:30,444.1,444.2,443.95,444.0,26303,ITC
2025-01-06 14:53:00+05:30,444.0,444.2,443.9,444.2,40623,ITC
2025-01-06 14:54:00+05:30,444.2,444.4,444.1,444.3,40373,ITC
2025-01-06 14:55:00+05:30,444.3,444.5,444.25,444.45,19671,ITC
2025-01-06 14:56:00+05:30,444.45,444.45,444.25,444.35,23033,ITC
2025-01-06 14:57:00+05:30,444.35,444.4,444.1,444.15,29197,ITC
2025-01-06 14:58:00+05:30,444.1,444.3,444.05,444.3,42344,ITC
2025-01-06 14:59:00+05:30,444.3,444.5,444.2,444.45,46299,ITC
2025-01-06 15:00:00+05:30,444.45,444.45,444.15,444.25,38344,ITC
2025-01-06 15:01:00+05:30,444.25,444.25,444.0,444.1,44582,ITC
2025-01-06 15:02:00+05:30,444.1,444.1,443.7,443.75,66252,ITC
2025-01-06 15:03:00+05:30,443.75,443.75,443.3,443.55,76423,ITC
2025-01-06 15:04:00+05:30,443.55,443.55,443.1,443.45,70622,ITC
2025-01-06 15:05:00+05:30,443.45,443.45,443.15,443.2,45010,ITC
2025-01-06 15:06:00+05:30,443.25,443.35,442.75,442.9,48581,ITC
2025-01-06 15:07:00+05:30,442.85,442.95,442.5,442.65,42604,ITC
2025-01-06 15:08:00+05:30,442.65,442.9,442.6,442.7,56931,ITC
2025-01-06 15:09:00+05:30,442.75,442.85,442.5,442.75,66259,ITC
2025-01-06 15:10:00+05:30,442.75,442.95,442.6,442.75,49760,ITC
2025-01-06 15:11:00+05:30,442.85,442.85,442.35,442.45,60737,ITC
2025-01-06 15:12:00+05:30,442.45,442.45,441.75,441.8,133891,ITC
2025-01-06 15:13:00+05:30,441.8,441.9,441.65,441.85,82535,ITC
2025-01-06 15:14:00+05:30,441.85,442.15,441.65,442.15,92971,ITC
2025-01-06 15:15:00+05:30,442.15,442.35,441.25,442.1,187237,ITC
2025-01-06 15:16:00+05:30,442.15,442.15,441.5,441.6,118808,ITC
2025-01-06 15:17:00+05:30,441.85,442.0,441.55,441.8,69828,ITC
2025-01-06 15:18:00+05:30,441.8,441.85,441.45,441.7,117087,ITC
2025-01-06 15:19:00+05:30,441.7,441.85,441.5,441.75,93014,ITC
2025-01-06 15:20:00+05:30,441.75,442.15,441.25,442.0,265930,ITC
2025-01-06 15:21:00+05:30,442.1,442.1,441.75,441.85,64952,ITC
2025-01-06 15:22:00+05:30,441.9,441.95,441.65,441.95,79508,ITC
2025-01-06 15:23:00+05:30,441.95,442.2,441.5,442.1,80829,ITC
2025-01-06 15:24:00+05:30,442.15,442.35,441.55,442.35,95454,ITC
2025-01-06 15:25:00+05:30,442.35,442.9,442.15,442.85,82215,ITC
2025-01-06 15:26:00+05:30,442.85,443.95,442.8,443.5,109645,ITC
2025-01-06 15:27:00+05:30,443.5,444.0,443.3,443.75,121643,ITC
2025-01-06 15:28:00+05:30,443.75,445.45,443.2,445.05,180442,ITC
2025-01-06 15:29:00+05:30,445.05,445.7,444.2,445.35,100691,ITC
2025-01-07 09:15:00+05:30,445.5,447.6,445.4,445.9,188078,ITC
2025-01-07 09:16:00+05:30,445.95,446.4,445.35,445.6,135272,ITC
2025-01-07 09:17:00+05:30,445.6,445.9,444.75,444.95,119849,ITC
2025-01-07 09:18:00+05:30,444.95,445.2,443.6,443.65,121055,ITC
2025-01-07 09:19:00+05:30,443.65,444.75,443.65,444.15,110005,ITC
2025-01-07 09:20:00+05:30,444.35,445.3,444.3,445.3,102962,ITC
2025-01-07 09:21:00+05:30,445.25,445.7,444.3,444.35,96177,ITC
2025-01-07 09:22:00+05:30,444.45,444.75,444.1,444.3,66216,ITC
2025-01-07 09:23:00+05:30,444.4,444.45,443.7,443.85,41517,ITC
2025-01-07 09:24:00+05:30,443.85,444.25,443.3,444.0,181562,ITC
2025-01-07 09:25:00+05:30,444.05,444.4,443.2,443.45,76904,ITC
2025-01-07 09:26:00+05:30,443.45,443.55,442.85,443.05,63407,ITC
2025-01-07 09:27:00+05:30,442.9,443.9,442.9,443.85,30312,ITC
2025-01-07 09:28:00+05:30,443.85,444.45,443.65,444.25,34253,ITC
2025-01-07 09:29:00+05:30,444.4,444.7,444.05,444.7,28036,ITC
2025-01-07 09:30:00+05:30,444.7,444.8,444.05,444.15,36514,ITC
2025-01-07 09:31:00+05:30,444.15,444.2,443.75,444.1,25003,ITC
2025-01-07 09:32:00+05:30,444.0,444.2,443.75,443.75,27635,ITC
2025-01-07 09:33:00+05:30,443.7,444.15,443.45,444.1,19567,ITC
2025-01-07 09:34:00+05:30,444.2,444.25,444.0,444.2,17546,ITC
2025-01-07 09:35:00+05:30,444.2,444.2,443.7,444.1,25771,ITC
2025-01-07 09:36:00+05:30,444.1,444.25,443.85,444.0,15676,ITC
2025-01-07 09:37:00+05:30,444.05,444.1,443.65,443.85,19967,ITC
2025-01-07 09:38:00+05:30,443.85,444.0,443.75,443.75,11067,ITC
2025-01-07 09:39:00+05:30,443.8,444.2,443.65,444.2,26084,ITC
2025-01-07 09:40:00+05:30,444.2,444.85,444.1,444.3,30921,ITC
2025-01-07 09:41:00+05:30,444.3,444.35,444.1,444.2,13882,ITC
2025-01-07 09:42:00+05:30,444.2,444.4,444.0,444.4,10423,ITC
2025-01-07 09:43:00+05:30,444.4,444.5,444.3,444.5,9188,ITC
2025-01-07 09:44:00+05:30,444.5,445.15,444.5,445.05,56959,ITC
2025-01-07 09:45:00+05:30,445.0,445.2,444.25,444.7,42206,ITC
2025-01-07 09:46:00+05:30,444.65,444.65,443.65,444.25,43782,ITC
2025-01-07 09:47:00+05:30,444.35,444.95,444.15,444.9,45115,ITC
2025-01-07 09:48:00+05:30,444.85,445.0,444.3,444.9,27150,ITC
2025-01-07 09:49:00+05:30,444.7,445.0,444.1,444.55,27952,ITC
2025-01-07 09:50:00+05:30,444.5,444.7,444.15,444.3,24689,ITC
2025-01-07 09:51:00+05:30,444.45,444.8,444.2,444.35,25397,ITC
2025-01-07 09:52:00+05:30,444.35,444.35,443.55,443.85,49926,ITC
2025-01-07 09:53:00+05:30,443.75,443.85,443.2,443.25,23891,ITC
2025-01-07 09:54:00+05:30,443.35,444.0,443.25,443.7,72348,ITC
2025-01-07 09:55:00+05:30,443.7,444.0,443.6,443.85,36255,ITC
2025-01-07 09:56:00+05:30,443.95,444.55,443.85,444.5,99677,ITC
2025-01-07 09:57:00+05:30,444.4,445.0,444.2,444.45,54598,ITC
2025-01-07 09:58:00+05:30,444.45,445.45,444.35,445.2,64957,ITC
2025-01-07 09:59:00+05:30,445.2,445.35,444.65,444.75,77538,ITC
2025-01-07 10:00:00+05:30,444.75,445.0,444.3,444.5,90950,ITC
2025-01-07 10:01:00+05:30,444.5,444.75,444.25,444.7,42571,ITC
2025-01-07 10:02:00+05:30,444.55,444.7,443.95,444.15,18315,ITC
2025-01-07 10:03:00+05:30,444.15,444.15,443.6,443.85,85533,ITC
2025-01-07 10:04:00+05:30,443.75,444.0,443.6,444.0,17451,ITC
2025-01-07 10:05:00+05:30,444.0,444.0,443.7,443.8,14744,ITC
2025-01-07 10:06:00+05:30,443.8,443.85,443.35,443.45,26620,ITC
2025-01-07 10:07:00+05:30,443.45,443.8,443.2,443.5,20185,ITC
2025-01-07 10:08:00+05:30,443.5,443.5,443.2,443.2,12834,ITC
2025-01-07 10:09:00+05:30,443.15,443.3,442.65,442.7,47429,ITC
2025-01-07 10:10:00+05:30,442.7,443.0,442.65,442.8,91173,ITC
2025-01-07 10:11:00+05:30,442.8,443.4,442.6,443.2,80163,ITC
2025-01-07 10:12:00+05:30,443.2,443.35,442.95,443.3,36249,ITC
2025-01-07 10:13:00+05:30,443.3,443.35,443.05,443.3,21617,ITC
2025-01-07 10:14:00+05:30,443.3,444.4,443.25,444.4,59994,ITC
2025-01-07 10:15:00+05:30,444.4,444.6,444.1,444.25,30342,ITC
2025-01-07 10:16:00+05:30,444.25,444.5,444.1,444.35,15807,ITC
2025-01-07 10:17:00+05:30,444.2,444.4,444.0,444.15,12014,ITC
2025-01-07 10:18:00+05:30,444.15,444.35,443.5,444.1,31365,ITC
2025-01-07 10:19:00+05:30,444.15,444.35,443.8,444.0,12469,ITC
2025-01-07 10:20:00+05:30,443.95,444.0,443.45,443.85,15780,ITC
2025-01-07 10:21:00+05:30,443.85,443.85,443.35,443.7,15193,ITC
2025-01-07 10:22:00+05:30,443.6,443.8,443.5,443.75,15400,ITC
2025-01-07 10:23:00+05:30,443.65,443.75,443.1,443.1,25386,ITC
2025-01-07 10:24:00+05:30,443.2,443.45,443.0,443.25,24928,ITC
2025-01-07 10:25:00+05:30,443.15,443.35,443.0,443.2,21629,ITC
2025-01-07 10:26:00+05:30,443.15,443.6,443.05,443.35,23891,ITC
2025-01-07 10:27:00+05:30,443.55,443.55,443.2,443.4,4808,ITC
2025-01-07 10:28:00+05:30,443.35,443.75,443.35,443.65,18592,ITC
2025-01-07 10:29:00+05:30,443.65,444.25,443.6,444.1,21393,ITC
2025-01-07 10:30:00+05:30,444.15,444.5,444.05,444.4,30073,ITC
2025-01-07 10:31:00+05:30,444.4,445.25,444.2,445.15,79003,ITC
2025-01-07 10:32:00+05:30,445.15,445.45,444.9,445.3,117652,ITC
2025-01-07 10:33:00+05:30,445.35,445.35,445.0,445.2,16761,ITC
2025-01-07 10:34:00+05:30,445.25,445.25,444.6,445.05,45393,ITC
2025-01-07 10:35:00+05:30,445.1,445.45,445.05,445.45,29440,ITC
2025-01-07 10:36:00+05:30,445.45,445.45,445.1,445.15,19470,ITC
2025-01-07 10:37:00+05:30,445.15,445.3,444.75,444.85,32730,ITC
2025-01-07 10:38:00+05:30,445.0,445.0,444.45,444.7,40002,ITC
2025-01-07 10:39:00+05:30,444.75,444.75,444.25,444.3,48048,ITC
2025-01-07 10:40:00+05:30,444.45,444.45,444.1,444.3,43652,ITC
2025-01-07 10:41:00+05:30,444.3,444.8,444.15,444.55,60733,ITC
2025-01-07 10:42:00+05:30,444.55,444.55,444.2,444.3,52306,ITC
2025-01-07 10:43:00+05:30,444.3,444.3,444.0,444.25,37673,ITC
2025-01-07 10:44:00+05:30,444.2,445.0,444.2,444.95,30539,ITC
2025-01-07 10:45:00+05:30,444.95,445.0,444.45,444.6,25795,ITC
2025-01-07 10:46:00+05:30,444.6,445.0,444.55,445.0,47263,ITC
2025-01-07 10:47:00+05:30,445.0,445.7,444.95,445.7,80068,ITC
2025-01-07 10:48:00+05:30,445.65,445.9,445.6,445.9,41948,ITC
2025-01-07 10:49:00+05:30,445.75,445.9,445.35,445.35,21701,ITC
2025-01-07 10:50:00+05:30,445.55,445.65,445.35,445.5,13691,ITC
2025-01-07 10:51:00+05:30,445.5,445.85,445.35,445.7,27355,ITC
2025-01-07 10:52:00+05:30,445.8,445.9,445.1,445.1,24041,ITC
2025-01-07 10:53:00+05:30,445.25,445.3,445.0,445.1,13686,ITC
2025-01-07 10:54:00+05:30,445.2,445.3,444.65,445.15,33079,ITC
2025-01-07 10:55:00+05:30,444.95,445.15,444.8,444.85,12531,ITC
2025-01-07 10:56:00+05:30,444.85,445.2,444.75,444.95,28544,ITC
2025-01-07 10:57:00+05:30,445.1,445.1,444.55,444.75,16043,ITC
2025-01-07 10:58:00+05:30,444.85,445.1,444.85,445.05,14054,ITC
2025-01-07 10:59:00+05:30,445.05,445.3,445.0,445.25,40921,ITC
2025-01-07 11:00:00+05:30,445.35,446.25,445.35,446.2,158051,ITC
2025-01-07 11:01:00+05:30,446.05,446.15,445.6,445.85,76811,ITC
2025-01-07 11:02:00+05:30,445.85,446.0,445.5,445.5,31037,ITC
2025-01-07 11:03:00+05:30,445.5,445.85,445.35,445.6,21688,ITC
2025-01-07 11:04:00+05:30,445.75,446.1,445.5,446.05,19592,ITC
2025-01-07 11:05:00+05:30,446.0,446.95,446.0,446.6,163337,ITC
2025-01-07 11:06:00+05:30,446.6,446.65,445.85,445.95,46632,ITC
2025-01-07 11:07:00+05:30,445.95,446.0,445.45,445.65,39871,ITC
2025-01-07 11:08:00+05:30,445.6,445.95,445.45,445.55,20380,ITC
2025-01-07 11:09:00+05:30,445.55,445.75,445.45,445.75,19121,ITC
2025-01-07 11:10:00+05:30,445.75,445.9,445.6,445.9,15436,ITC
2025-01-07 11:11:00+05:30,445.9,446.3,445.75,446.0,24879,ITC
2025-01-07 11:12:00+05:30,446.1,446.4,446.05,446.25,32048,ITC
2025-01-07 11:13:00+05:30,446.25,446.35,446.15,446.3,20931,ITC
2025-01-07 11:14:00+05:30,446.3,446.45,446.15,446.45,34005,ITC
2025-01-07 11:15:00+05:30,446.4,446.4,446.15,446.25,17212,ITC
2025-01-07 11:16:00+05:30,446.3,446.5,446.25,446.3,18355,ITC
2025-01-07 11:17:00+05:30,446.3,446.3,445.75,446.2,60102,ITC
2025-01-07 11:18:00+05:30,446.05,446.25,446.0,446.1,17004,ITC
2025-01-07 11:19:00+05:30,446.15,446.3,446.05,446.3,27791,ITC
2025-01-07 11:20:00+05:30,446.3,446.3,446.05,446.1,11316,ITC
2025-01-07 11:21:00+05:30,446.15,446.25,446.05,446.1,9630,ITC
2025-01-07 11:22:00+05:30,446.1,446.25,446.0,446.05,29423,ITC
2025-01-07 11:23:00+05:30,446.1,446.25,446.0,446.25,23575,ITC
2025-01-07 11:24:00+05:30,446.25,446.6,446.15,446.4,56102,ITC
2025-01-07 11:25:00+05:30,446.35,446.6,446.25,446.3,24060,ITC
2025-01-07 11:26:00+05:30,446.35,446.5,446.25,446.5,14479,ITC
2025-01-07 11:27:00+05:30,446.5,446.65,446.4,446.45,13766,ITC
2025-01-07 11:28:00+05:30,446.45,446.5,446.1,446.15,22303,ITC
2025-01-07 11:29:00+05:30,446.15,446.2,446.05,446.15,83066,ITC
2025-01-07 11:30:00+05:30,446.15,446.15,445.7,445.8,27724,ITC
2025-01-07 11:31:00+05:30,445.8,445.85,445.65,445.7,15856,ITC
2025-01-07 11:32:00+05:30,445.75,445.85,445.65,445.8,9236,ITC
2025-01-07 11:33:00+05:30,445.8,445.9,445.7,445.9,16781,ITC
2025-01-07 11:34:00+05:30,446.0,446.35,445.6,445.75,46215,ITC
2025-01-07 11:35:00+05:30,445.75,445.95,445.75,445.8,10585,ITC
2025-01-07 11:36:00+05:30,445.8,446.0,445.8,445.9,17528,ITC
2025-01-07 11:37:00+05:30,445.9,446.0,445.55,446.0,27834,ITC
2025-01-07 11:38:00+05:30,445.9,446.0,445.85,445.85,9712,ITC
2025-01-07 11:39:00+05:30,445.9,446.0,445.4,445.5,31107,ITC
2025-01-07 11:40:00+05:30,445.45,445.7,445.4,445.55,15374,ITC
2025-01-07 11:41:00+05:30,445.4,445.55,445.05,445.3,32987,ITC
2025-01-07 11:42:00+05:30,445.15,445.45,445.05,445.25,27818,ITC
2025-01-07 11:43:00+05:30,445.25,445.4,445.1,445.25,13179,ITC
2025-01-07 11:44:00+05:30,445.2,445.25,444.6,444.75,65464,ITC
2025-01-07 11:45:00+05:30,444.75,444.75,444.15,444.55,38791,ITC
2025-01-07 11:46:00+05:30,444.6,444.6,444.2,444.5,22867,ITC
2025-01-07 11:47:00+05:30,444.5,444.6,444.2,444.35,25167,ITC
2025-01-07 11:48:00+05:30,444.4,444.55,444.25,444.45,9988,ITC
2025-01-07 11:49:00+05:30,444.5,444.5,444.15,444.15,20333,ITC
2025-01-07 11:50:00+05:30,444.15,444.6,444.15,444.6,17308,ITC
2025-01-07 11:51:00+05:30,444.6,444.6,444.5,444.6,11064,ITC
2025-01-07 11:52:00+05:30,444.6,444.6,444.5,444.6,14682,ITC
2025-01-07 11:53:00+05:30,444.6,444.6,444.25,444.25,25925,ITC
2025-01-07 11:54:00+05:30,444.35,444.5,444.25,444.5,14231,ITC
2025-01-07 11:55:00+05:30,444.5,444.5,444.05,444.15,55712,ITC
2025-01-07 11:56:00+05:30,444.15,444.45,444.05,444.3,20888,ITC
2025-01-07 11:57:00+05:30,444.3,444.3,444.15,444.2,10388,ITC
2025-01-07 11:58:00+05:30,444.2,444.2,443.6,443.8,77469,ITC
2025-01-07 11:59:00+05:30,443.8,443.95,443.5,443.75,28161,ITC
2025-01-07 12:00:00+05:30,443.85,443.95,443.55,443.65,34813,ITC
2025-01-07 12:01:00+05:30,443.7,443.75,443.5,443.5,19709,ITC
2025-01-07 12:02:00+05:30,443.6,443.6,443.25,443.45,27147,ITC
2025-01-07 12:03:00+05:30,443.5,443.5,443.3,443.35,18419,ITC
2025-01-07 12:04:00+05:30,443.3,443.45,443.2,443.4,23667,ITC
2025-01-07 12:05:00+05:30,443.3,443.65,443.3,443.65,13628,ITC
2025-01-07 12:06:00+05:30,443.55,443.85,443.55,443.75,21832,ITC
2025-01-07 12:07:00+05:30,443.7,443.85,443.5,443.6,15548,ITC
2025-01-07 12:08:00+05:30,443.6,443.6,443.25,443.45,26994,ITC
2025-01-07 12:09:00+05:30,443.5,443.55,443.35,443.5,12681,ITC
2025-01-07 12:10:00+05:30,443.5,443.5,443.35,443.45,34507,ITC
2025-01-07 12:11:00+05:30,443.45,443.5,443.35,443.45,18189,ITC
2025-01-07 12:12:00+05:30,443.45,443.45,442.75,443.0,53440,ITC
2025-01-07 12:13:00+05:30,442.9,442.95,442.85,442.85,11792,ITC
2025-01-07 12:14:00+05:30,442.85,443.15,442.6,443.15,56265,ITC
2025-01-07 12:15:00+05:30,443.05,443.2,442.1,442.2,47608,ITC
2025-01-07 12:16:00+05:30,442.15,442.2,441.15,441.3,227687,ITC
2025-01-07 12:17:00+05:30,441.3,441.45,440.85,441.35,173761,ITC
2025-01-07 12:18:00+05:30,441.3,441.3,440.85,441.1,119137,ITC
2025-01-07 12:19:00+05:30,441.1,441.2,441.0,441.2,95200,ITC
2025-01-07 12:20:00+05:30,441.15,441.35,441.0,441.0,46997,ITC
2025-01-07 12:21:00+05:30,441.05,441.2,441.0,441.15,45899,ITC
2025-01-07 12:22:00+05:30,441.15,441.25,441.1,441.15,36752,ITC
2025-01-07 12:23:00+05:30,441.15,441.15,441.0,441.15,12737,ITC
2025-01-07 12:24:00+05:30,441.15,441.3,441.0,441.3,40611,ITC
2025-01-07 12:25:00+05:30,441.3,441.45,441.25,441.35,56579,ITC
2025-01-07 12:26:00+05:30,441.3,441.3,440.8,440.95,24698,ITC
2025-01-07 12:27:00+05:30,440.9,440.9,440.5,440.8,19868,ITC
2025-01-07 12:28:00+05:30,440.85,441.0,440.65,440.75,28607,ITC
2025-01-07 12:29:00+05:30,440.75,440.8,440.6,440.65,16230,ITC
2025-01-07 12:30:00+05:30,440.75,441.25,440.65,441.25,20948,ITC
2025-01-07 12:31:00+05:30,441.25,441.35,441.05,441.25,10652,ITC
2025-01-07 12:32:00+05:30,441.25,441.35,441.2,441.35,18168,ITC
2025-01-07 12:33:00+05:30,441.35,441.4,441.15,441.15,27537,ITC
2025-01-07 12:34:00+05:30,441.3,441.4,441.15,441.4,12591,ITC
2025-01-07 12:35:00+05:30,441.4,441.45,441.2,441.45,29325,ITC
2025-01-07 12:36:00+05:30,441.45,441.45,441.2,441.3,11465,ITC
2025-01-07 12:37:00+05:30,441.3,441.5,441.3,441.35,25684,ITC
2025-01-07 12:38:00+05:30,441.4,441.7,441.35,441.6,31171,ITC
2025-01-07 12:39:00+05:30,441.55,441.75,441.45,441.7,39659,ITC
2025-01-07 12:40:00+05:30,441.65,441.75,441.55,441.65,29332,ITC
2025-01-07 12:41:00+05:30,441.7,441.9,441.65,441.7,29691,ITC
2025-01-07 12:42:00+05:30,441.75,441.8,441.4,441.4,25344,ITC
2025-01-07 12:43:00+05:30,441.4,441.6,441.3,441.45,15043,ITC
2025-01-07 12:44:00+05:30,441.45,441.6,441.35,441.35,22144,ITC
2025-01-07 12:45:00+05:30,441.3,441.45,441.15,441.35,17324,ITC
2025-01-07 12:46:00+05:30,441.35,441.45,441.1,441.25,28037,ITC
2025-01-07 12:47:00+05:30,441.25,441.6,441.2,441.3,30263,ITC
2025-01-07 12:48:00+05:30,441.25,441.65,441.2,441.45,21572,ITC
2025-01-07 12:49:00+05:30,441.5,441.7,441.25,441.35,32572,ITC
2025-01-07 12:50:00+05:30,441.35,441.6,441.25,441.3,15598,ITC
2025-01-07 12:51:00+05:30,441.25,441.5,441.25,441.45,22728,ITC
2025-01-07 12:52:00+05:30,441.35,441.45,441.15,441.15,23381,ITC
2025-01-07 12:53:00+05:30,441.2,441.25,441.0,441.15,16944,ITC
2025-01-07 12:54:00+05:30,441.05,441.25,441.0,441.05,25056,ITC
2025-01-07 12:55:00+05:30,441.05,441.2,440.85,440.9,17214,ITC
2025-01-07 12:56:00+05:30,440.95,441.0,440.7,440.75,33373,ITC
2025-01-07 12:57:00+05:30,440.8,441.15,440.65,440.8,32898,ITC
2025-01-07 12:58:00+05:30,440.7,440.8,440.3,440.3,39716,ITC
2025-01-07 12:59:00+05:30,440.25,441.95,440.15,441.55,205397,ITC
2025-01-07 13:00:00+05:30,441.5,441.6,440.7,441.3,56745,ITC
2025-01-07 13:01:00+05:30,441.25,441.95,441.0,441.7,36808,ITC
2025-01-07 13:02:00+05:30,441.7,441.95,441.6,441.7,29565,ITC
2025-01-07 13:03:00+05:30,441.75,442.5,441.4,441.75,77157,ITC
2025-01-07 13:04:00+05:30,441.7,442.3,441.55,441.7,52059,ITC
2025-01-07 13:05:00+05:30,441.65,441.7,441.3,441.3,27009,ITC
2025-01-07 13:06:00+05:30,441.3,442.1,441.15,441.7,46969,ITC
2025-01-07 13:07:00+05:30,441.75,442.15,441.2,441.4,39414,ITC
2025-01-07 13:08:00+05:30,441.35,441.5,441.25,441.45,12281,ITC
2025-01-07 13:09:00+05:30,441.45,441.75,441.35,441.5,66153,ITC
2025-01-07 13:10:00+05:30,441.5,441.7,441.45,441.5,16044,ITC
2025-01-07 13:11:00+05:30,441.55,441.55,441.3,441.35,15002,ITC
2025-01-07 13:12:00+05:30,441.35,441.45,441.25,441.45,13797,ITC
2025-01-07 13:13:00+05:30,441.45,441.6,441.25,441.3,23859,ITC
2025-01-07 13:14:00+05:30,441.45,441.45,441.25,441.35,16704,ITC
2025-01-07 13:15:00+05:30,441.35,441.6,441.2,441.55,31909,ITC
2025-01-07 13:16:00+05:30,441.55,441.9,441.35,441.85,85528,ITC
2025-01-07 13:17:00+05:30,441.85,442.45,441.7,442.05,58478,ITC
2025-01-07 13:18:00+05:30,442.05,442.85,441.9,442.5,42705,ITC
2025-01-07 13:19:00+05:30,442.45,442.5,442.2,442.35,19398,ITC
2025-01-07 13:20:00+05:30,442.45,442.45,442.2,442.45,15570,ITC
2025-01-07 13:21:00+05:30,442.45,442.45,442.15,442.15,18662,ITC
2025-01-07 13:22:00+05:30,442.15,442.35,441.85,442.1,37553,ITC
2025-01-07 13:23:00+05:30,442.1,442.4,442.0,442.15,22884,ITC
2025-01-07 13:24:00+05:30,442.15,442.2,441.85,442.0,18805,ITC
2025-01-07 13:25:00+05:30,442.0,442.0,441.75,441.85,30838,ITC
2025-01-07 13:26:00+05:30,441.8,441.85,441.4,441.5,25169,ITC
2025-01-07 13:27:00+05:30,441.5,441.65,441.35,441.45,21132,ITC
2025-01-07 13:28:00+05:30,441.55,441.75,441.35,441.5,19830,ITC
2025-01-07 13:29:00+05:30,441.55,441.75,441.5,441.6,14755,ITC
2025-01-07 13:30:00+05:30,441.65,441.75,441.45,441.7,22991,ITC
2025-01-07 13:31:00+05:30,441.7,442.05,441.55,441.9,39159,ITC
2025-01-07 13:32:00+05:30,441.85,442.0,441.65,441.85,27262,ITC
2025-01-07 13:33:00+05:30,441.8,441.95,441.7,441.75,14743,ITC
2025-01-07 13:34:00+05:30,441.7,442.0,441.55,441.8,33559,ITC
2025-01-07 13:35:00+05:30,441.75,441.75,441.55,441.7,15937,ITC
2025-01-07 13:36:00+05:30,441.65,441.7,441.5,441.6,11747,ITC
2025-01-07 13:37:00+05:30,441.5,441.7,441.5,441.7,20557,ITC
2025-01-07 13:38:00+05:30,441.65,441.8,441.55,441.75,17822,ITC
2025-01-07 13:39:00+05:30,441.75,441.95,441.5,441.55,21458,ITC
2025-01-07 13:40:00+05:30,441.5,441.65,441.5,441.65,22972,ITC
2025-01-07 13:41:00+05:30,441.6,441.75,441.55,441.65,17066,ITC
2025-01-07 13:42:00+05:30,441.7,441.7,441.55,441.7,15208,ITC
2025-01-07 13:43:00+05:30,441.7,441.7,441.5,441.65,12836,ITC
2025-01-07 13:44:00+05:30,441.5,441.65,441.4,441.55,17017,ITC
2025-01-07 13:45:00+05:30,441.45,441.6,441.4,441.55,20457,ITC
2025-01-07 13:46:00+05:30,441.5,441.6,441.4,441.6,15429,ITC
2025-01-07 13:47:00+05:30,441.55,441.8,441.55,441.8,28655,ITC
2025-01-07 13:48:00+05:30,441.75,441.85,441.65,441.75,16025,ITC
2025-01-07 13:49:00+05:30,441.65,441.8,441.55,441.6,23247,ITC
2025-01-07 13:50:00+05:30,441.7,441.7,441.4,441.6,28872,ITC
2025-01-07 13:51:00+05:30,441.55,441.6,441.45,441.55,40947,ITC
2025-01-07 13:52:00+05:30,441.5,441.65,441.4,441.5,35643,ITC
2025-01-07 13:53:00+05:30,441.5,441.6,441.15,441.25,60791,ITC
2025-01-07 13:54:00+05:30,441.2,441.35,441.1,441.3,17789,ITC
2025-01-07 13:55:00+05:30,441.3,441.6,441.15,441.4,30560,ITC
2025-01-07 13:56:00+05:30,441.4,441.6,441.3,441.35,18441,ITC
2025-01-07 13:57:00+05:30,441.35,441.55,441.25,441.55,18562,ITC
2025-01-07 13:58:00+05:30,441.55,441.55,441.05,441.25,20707,ITC
2025-01-07 13:59:00+05:30,441.25,441.25,441.0,441.2,18319,ITC
2025-01-07 14:00:00+05:30,441.15,441.45,441.0,441.4,24429,ITC
2025-01-07 14:01:00+05:30,441.4,441.6,441.25,441.4,20240,ITC
2025-01-07 14:02:00+05:30,441.35,441.6,441.25,441.6,12844,ITC
2025-01-07 14:03:00+05:30,441.55,441.8,441.45,441.65,23157,ITC
2025-01-07 14:04:00+05:30,441.65,441.75,441.45,441.55,17024,ITC
2025-01-07 14:05:00+05:30,441.5,441.75,441.35,441.6,28000,ITC
2025-01-07 14:06:00+05:30,441.55,441.6,441.25,441.35,33994,ITC
2025-01-07 14:07:00+05:30,441.3,441.5,441.3,441.4,16492,ITC
2025-01-07 14:08:00+05:30,441.35,441.5,441.25,441.5,33666,ITC
2025-01-07 14:09:00+05:30,441.5,441.75,441.35,441.5,32762,ITC
2025-01-07 14:10:00+05:30,441.4,441.6,441.4,441.55,31509,ITC
2025-01-07 14:11:00+05:30,441.45,441.55,441.2,441.35,20154,ITC
2025-01-07 14:12:00+05:30,441.25,441.35,441.2,441.35,20566,ITC
2025-01-07 14:13:00+05:30,441.4,441.55,441.3,441.55,18872,ITC
2025-01-07 14:14:00+05:30,441.5,441.8,441.45,441.5,45147,ITC
2025-01-07 14:15:00+05:30,441.55,441.55,441.3,441.3,29281,ITC
2025-01-07 14:16:00+05:30,441.25,441.35,441.0,441.15,22964,ITC
2025-01-07 14:17:00+05:30,441.05,441.25,441.0,441.1,16484,ITC
2025-01-07 14:18:00+05:30,441.1,441.15,440.9,440.95,24363,ITC
2025-01-07 14:19:00+05:30,440.95,441.2,440.8,440.95,39724,ITC
2025-01-07 14:20:00+05:30,440.95,441.25,440.7,440.9,37091,ITC
2025-01-07 14:21:00+05:30,440.9,441.1,440.85,441.0,15551,ITC
2025-01-07 14:22:00+05:30,440.9,441.0,440.7,440.85,23031,ITC
2025-01-07 14:23:00+05:30,440.75,440.85,440.7,440.85,16647,ITC
2025-01-07 14:24:00+05:30,440.85,440.95,440.65,440.9,18425,ITC
2025-01-07 14:25:00+05:30,440.8,440.95,440.7,440.8,12937,ITC
2025-01-07 14:26:00+05:30,440.75,441.0,440.7,440.9,15956,ITC
2025-01-07 14:27:00+05:30,440.8,441.1,440.7,441.1,49002,ITC
2025-01-07 14:28:00+05:30,441.1,441.4,440.95,441.3,19740,ITC
2025-01-07 14:29:00+05:30,441.35,441.7,441.3,441.6,40965,ITC
2025-01-07 14:30:00+05:30,441.6,441.6,441.1,441.15,20044,ITC
2025-01-07 14:31:00+05:30,441.3,441.75,441.1,441.75,22986,ITC
2025-01-07 14:32:00+05:30,441.8,441.8,441.55,441.7,31037,ITC
2025-01-07 14:33:00+05:30,441.8,441.85,441.65,441.7,32787,ITC
2025-01-07 14:34:00+05:30,441.7,441.8,441.6,441.65,16064,ITC
2025-01-07 14:35:00+05:30,441.65,441.7,440.95,441.15,33727,ITC
2025-01-07 14:36:00+05:30,441.15,441.15,440.85,441.0,33816,ITC
2025-01-07 14:37:00+05:30,441.15,441.25,440.95,441.0,20495,ITC
2025-01-07 14:38:00+05:30,441.0,441.2,440.9,441.1,17949,ITC
2025-01-07 14:39:00+05:30,441.1,441.15,440.95,441.05,13309,ITC
2025-01-07 14:40:00+05:30,441.15,441.2,441.0,441.15,15283,ITC
2025-01-07 14:41:00+05:30,441.1,441.15,441.0,441.15,13494,ITC
2025-01-07 14:42:00+05:30,441.1,441.35,441.05,441.3,26722,ITC
2025-01-07 14:43:00+05:30,441.2,441.45,441.1,441.45,16136,ITC
2025-01-07 14:44:00+05:30,441.35,441.45,441.2,441.25,19584,ITC
2025-01-07 14:45:00+05:30,441.2,441.45,441.15,441.35,18327,ITC
2025-01-07 14:46:00+05:30,441.35,441.75,441.3,441.65,33188,ITC
2025-01-07 14:47:00+05:30,441.55,441.8,441.45,441.65,61613,ITC
2025-01-07 14:48:00+05:30,441.65,441.65,441.25,441.6,39907,ITC
2025-01-07 14:49:00+05:30,441.55,442.0,441.5,442.0,71068,ITC
2025-01-07 14:50:00+05:30,441.9,442.05,441.8,442.05,30658,ITC
2025-01-07 14:51:00+05:30,442.05,442.15,441.8,441.9,35916,ITC
2025-01-07 14:52:00+05:30,441.85,441.9,441.25,441.3,33705,ITC
2025-01-07 14:53:00+05:30,441.2,441.25,441.0,441.05,31569,ITC
2025-01-07 14:54:00+05:30,441.0,441.2,441.0,441.05,43511,ITC
2025-01-07 14:55:00+05:30,441.15,441.15,441.0,441.1,12789,ITC
2025-01-07 14:56:00+05:30,441.05,441.2,441.0,441.15,24915,ITC
2025-01-07 14:57:00+05:30,441.05,441.5,440.95,441.4,36738,ITC
2025-01-07 14:58:00+05:30,441.3,441.45,440.95,440.95,43720,ITC
2025-01-07 14:59:00+05:30,441.0,441.2,440.85,441.2,24314,ITC
2025-01-07 15:00:00+05:30,441.2,441.6,441.0,441.3,78497,ITC
2025-01-07 15:01:00+05:30,441.45,441.45,441.05,441.25,48131,ITC
2025-01-07 15:02:00+05:30,441.1,441.35,441.0,441.35,32396,ITC
2025-01-07 15:03:00+05:30,441.35,441.55,441.15,441.5,52527,ITC
2025-01-07 15:04:00+05:30,441.5,441.65,441.35,441.4,68050,ITC
2025-01-07 15:05:00+05:30,441.4,441.45,440.8,441.05,55332,ITC
2025-01-07 15:06:00+05:30,441.0,441.1,440.8,441.0,60255,ITC
2025-01-07 15:07:00+05:30,441.0,441.3,440.9,441.15,56372,ITC
2025-01-07 15:08:00+05:30,441.3,441.35,441.1,441.3,41529,ITC
2025-01-07 15:09:00+05:30,441.3,441.35,441.0,441.25,68262,ITC
2025-01-07 15:10:00+05:30,441.1,441.25,441.0,441.05,74316,ITC
2025-01-07 15:11:00+05:30,441.05,441.2,440.7,440.9,63034,ITC
2025-01-07 15:12:00+05:30,440.9,441.0,440.65,440.8,51755,ITC
2025-01-07 15:13:00+05:30,440.85,440.95,440.7,440.8,51590,ITC
2025-01-07 15:14:00+05:30,440.75,440.8,440.55,440.55,56986,ITC
2025-01-07 15:15:00+05:30,440.65,440.7,440.25,440.35,149240,ITC
2025-01-07 15:16:00+05:30,440.45,440.7,440.35,440.6,75190,ITC
2025-01-07 15:17:00+05:30,440.6,441.0,440.55,440.95,65685,ITC
2025-01-07 15:18:00+05:30,440.95,441.45,440.85,441.4,212852,ITC
2025-01-07 15:19:00+05:30,441.3,441.35,441.2,441.3,49054,ITC
2025-01-07 15:20:00+05:30,441.3,441.45,441.0,441.35,267881,ITC
2025-01-07 15:21:00+05:30,441.35,441.4,441.1,441.3,57006,ITC
2025-01-07 15:22:00+05:30,441.4,441.5,441.25,441.25,54094,ITC
2025-01-07 15:23:00+05:30,441.3,441.5,441.2,441.45,54201,ITC
2025-01-07 15:24:00+05:30,441.45,441.5,441.35,441.45,67087,ITC
2025-01-07 15:25:00+05:30,441.45,441.6,441.3,441.5,79765,ITC
2025-01-07 15:26:00+05:30,441.45,441.5,441.25,441.35,43336,ITC
2025-01-07 15:27:00+05:30,441.3,441.35,441.1,441.15,52375,ITC
2025-01-07 15:28:00+05:30,441.2,441.35,441.05,441.3,56213,ITC
2025-01-07 15:29:00+05:30,441.25,441.35,441.0,441.1,26793,ITC
2025-01-08 09:15:00+05:30,443.0,443.65,441.15,441.5,147768,ITC
2025-01-08 09:16:00+05:30,441.55,442.35,441.35,442.05,33131,ITC
2025-01-08 09:17:00+05:30,442.05,442.3,441.3,441.8,39816,ITC
2025-01-08 09:18:00+05:30,441.8,441.8,440.85,441.05,59175,ITC
2025-01-08 09:19:00+05:30,441.05,441.15,440.35,440.6,34204,ITC
2025-01-08 09:20:00+05:30,440.35,440.6,440.05,440.15,46472,ITC
2025-01-08 09:21:00+05:30,440.15,440.45,439.65,439.85,52674,ITC
2025-01-08 09:22:00+05:30,439.75,440.0,439.25,439.45,27569,ITC
2025-01-08 09:23:00+05:30,439.3,439.45,439.1,439.1,18937,ITC
2025-01-08 09:24:00+05:30,439.25,439.25,438.6,439.05,53536,ITC
2025-01-08 09:25:00+05:30,439.05,439.05,438.55,438.8,40971,ITC
2025-01-08 09:26:00+05:30,438.8,439.4,438.75,438.8,37241,ITC
2025-01-08 09:27:00+05:30,438.75,439.0,438.5,438.5,33577,ITC
2025-01-08 09:28:00+05:30,438.5,438.65,438.05,438.1,24954,ITC
2025-01-08 09:29:00+05:30,438.1,438.4,437.85,438.3,46754,ITC
2025-01-08 09:30:00+05:30,438.3,438.4,438.1,438.1,20996,ITC
2025-01-08 09:31:00+05:30,438.1,438.15,437.7,438.1,90843,ITC
2025-01-08 09:32:00+05:30,438.05,438.2,437.85,438.1,38890,ITC
2025-01-08 09:33:00+05:30,438.1,438.35,438.0,438.25,20286,ITC
2025-01-08 09:34:00+05:30,438.2,438.25,437.1,437.15,57608,ITC
2025-01-08 09:35:00+05:30,437.3,437.85,437.1,437.7,31711,ITC
2025-01-08 09:36:00+05:30,437.6,438.6,437.6,438.45,40826,ITC
2025-01-08 09:37:00+05:30,438.5,438.95,438.25,438.8,17055,ITC
2025-01-08 09:38:00+05:30,438.8,438.85,438.25,438.35,12514,ITC
2025-01-08 09:39:00+05:30,438.3,438.5,438.15,438.5,10297,ITC
2025-01-08 09:40:00+05:30,438.5,439.25,438.35,438.8,22147,ITC
2025-01-08 09:41:00+05:30,438.9,439.45,438.8,439.45,26601,ITC
2025-01-08 09:42:00+05:30,439.45,439.45,439.0,439.15,12986,ITC
2025-01-08 09:43:00+05:30,439.0,439.1,438.25,438.4,16302,ITC
2025-01-08 09:44:00+05:30,438.3,438.9,438.25,438.75,35949,ITC
2025-01-08 09:45:00+05:30,438.8,438.85,438.7,438.85,5300,ITC
2025-01-08 09:46:00+05:30,438.75,438.9,438.25,438.35,27556,ITC
2025-01-08 09:47:00+05:30,438.35,438.7,438.2,438.25,9972,ITC
2025-01-08 09:48:00+05:30,438.4,438.55,438.3,438.45,10986,ITC
2025-01-08 09:49:00+05:30,438.45,438.45,438.0,438.15,26665,ITC
2025-01-08 09:50:00+05:30,438.1,438.25,437.9,438.25,13217,ITC
2025-01-08 09:51:00+05:30,438.25,438.6,438.15,438.45,9361,ITC
2025-01-08 09:52:00+05:30,438.3,438.4,438.0,438.15,8162,ITC
2025-01-08 09:53:00+05:30,438.15,439.0,438.05,439.0,26326,ITC
2025-01-08 09:54:00+05:30,439.0,439.6,438.75,439.4,17174,ITC
2025-01-08 09:55:00+05:30,439.4,439.75,439.0,439.65,24522,ITC
2025-01-08 09:56:00+05:30,439.6,439.7,439.55,439.7,13008,ITC
2025-01-08 09:57:00+05:30,439.6,439.7,439.3,439.45,16567,ITC
2025-01-08 09:58:00+05:30,439.6,439.6,439.2,439.45,12393,ITC
2025-01-08 09:59:00+05:30,439.45,440.0,439.35,439.9,83476,ITC
2025-01-08 10:00:00+05:30,439.8,439.95,439.55,439.65,9831,ITC
2025-01-08 10:01:00+05:30,439.65,440.3,439.55,440.15,79916,ITC
2025-01-08 10:02:00+05:30,440.15,440.75,440.1,440.6,34025,ITC
2025-01-08 10:03:00+05:30,440.6,440.6,440.1,440.3,9986,ITC
2025-01-08 10:04:00+05:30,440.35,440.35,440.0,440.0,10525,ITC
2025-01-08 10:05:00+05:30,440.1,440.35,440.0,440.3,13830,ITC
2025-01-08 10:06:00+05:30,440.3,440.3,439.95,440.1,18084,ITC
2025-01-08 10:07:00+05:30,440.1,440.3,440.0,440.3,12467,ITC
2025-01-08 10:08:00+05:30,440.25,440.45,440.25,440.3,8801,ITC
2025-01-08 10:09:00+05:30,440.3,440.4,440.1,440.15,9847,ITC
2025-01-08 10:10:00+05:30,440.25,440.25,440.05,440.15,7381,ITC
2025-01-08 10:11:00+05:30,440.15,440.25,439.9,439.9,11261,ITC
2025-01-08 10:12:00+05:30,439.9,440.15,439.7,439.9,9178,ITC
2025-01-08 10:13:00+05:30,439.8,440.25,439.65,440.1,13783,ITC
2025-01-08 10:14:00+05:30,440.1,440.65,440.1,440.4,19426,ITC
2025-01-08 10:15:00+05:30,440.5,440.7,440.4,440.65,5981,ITC
2025-01-08 10:16:00+05:30,440.65,440.85,440.5,440.75,24995,ITC
2025-01-08 10:17:00+05:30,440.7,440.95,440.65,440.8,8815,ITC
2025-01-08 10:18:00+05:30,440.85,440.85,440.7,440.8,7613,ITC
2025-01-08 10:19:00+05:30,440.8,440.9,440.35,440.45,17716,ITC
2025-01-08 10:20:00+05:30,440.45,440.5,440.15,440.15,9516,ITC
2025-01-08 10:21:00+05:30,440.15,440.25,439.65,439.75,27144,ITC
2025-01-08 10:22:00+05:30,439.8,439.9,439.55,439.7,8891,ITC
2025-01-08 10:23:00+05:30,439.7,440.0,439.5,439.95,19064,ITC
2025-01-08 10:24:00+05:30,439.95,439.95,439.7,439.9,8180,ITC
2025-01-08 10:25:00+05:30,439.9,439.9,439.6,439.8,9593,ITC
2025-01-08 10:26:00+05:30,439.7,439.8,439.2,439.4,11152,ITC
2025-01-08 10:27:00+05:30,439.45,440.1,439.25,439.9,98085,ITC
2025-01-08 10:28:00+05:30,439.9,440.35,439.8,440.35,12969,ITC
2025-01-08 10:29:00+05:30,440.35,440.7,440.25,440.4,10564,ITC
2025-01-08 10:30:00+05:30,440.4,440.75,440.25,440.65,8807,ITC
2025-01-08 10:31:00+05:30,440.65,440.65,440.2,440.65,8350,ITC
2025-01-08 10:32:00+05:30,440.65,440.75,440.3,440.3,6324,ITC
2025-01-08 10:33:00+05:30,440.35,440.35,440.1,440.3,8135,ITC
2025-01-08 10:34:00+05:30,440.3,440.3,440.0,440.2,4511,ITC
2025-01-08 10:35:00+05:30,440.2,440.2,440.0,440.0,4362,ITC
2025-01-08 10:36:00+05:30,440.0,440.1,440.0,440.05,12678,ITC
2025-01-08 10:37:00+05:30,440.05,440.05,440.0,440.0,6110,ITC
2025-01-08 10:38:00+05:30,440.0,440.2,440.0,440.15,10890,ITC
2025-01-08 10:39:00+05:30,440.2,440.25,440.0,440.0,10418,ITC
2025-01-08 10:40:00+05:30,440.1,440.15,440.0,440.1,3761,ITC
2025-01-08 10:41:00+05:30,440.1,440.1,439.45,439.65,63035,ITC
2025-01-08 10:42:00+05:30,439.65,439.95,439.45,439.7,13372,ITC
2025-01-08 10:43:00+05:30,439.7,439.7,439.6,439.65,6189,ITC
2025-01-08 10:44:00+05:30,439.7,440.1,439.6,440.1,14388,ITC
2025-01-08 10:45:00+05:30,440.1,440.15,440.0,440.0,10780,ITC
2025-01-08 10:46:00+05:30,440.05,440.1,440.0,440.1,5025,ITC
2025-01-08 10:47:00+05:30,440.1,440.1,440.0,440.1,11732,ITC
2025-01-08 10:48:00+05:30,440.05,440.1,439.85,440.1,53907,ITC
2025-01-08 10:49:00+05:30,440.1,440.2,440.0,440.05,39377,ITC
2025-01-08 10:50:00+05:30,440.05,440.2,440.0,440.05,5476,ITC
2025-01-08 10:51:00+05:30,440.05,440.15,440.0,440.05,20808,ITC
2025-01-08 10:52:00+05:30,440.05,440.1,440.0,440.0,5251,ITC
2025-01-08 10:53:00+05:30,440.05,440.1,440.0,440.1,5643,ITC
2025-01-08 10:54:00+05:30,440.1,440.1,439.95,440.0,19473,ITC
2025-01-08 10:55:00+05:30,440.0,440.0,439.65,439.65,8179,ITC
2025-01-08 10:56:00+05:30,439.8,440.0,439.5,439.8,6966,ITC
2025-01-08 10:57:00+05:30,439.8,439.8,439.05,439.25,10489,ITC
2025-01-08 10:58:00+05:30,439.25,439.85,438.8,439.7,165687,ITC
2025-01-08 10:59:00+05:30,439.7,439.75,439.05,439.05,24596,ITC
2025-01-08 11:00:00+05:30,439.05,439.4,438.85,439.2,18884,ITC
2025-01-08 11:01:00+05:30,439.2,439.75,439.05,439.5,8803,ITC
2025-01-08 11:02:00+05:30,439.5,439.65,439.35,439.5,5667,ITC
2025-01-08 11:03:00+05:30,439.5,439.55,439.15,439.15,9190,ITC
2025-01-08 11:04:00+05:30,439.2,439.35,439.05,439.3,5952,ITC
2025-01-08 11:05:00+05:30,439.3,439.3,439.0,439.05,5917,ITC
2025-01-08 11:06:00+05:30,439.05,439.1,438.9,438.95,6766,ITC
2025-01-08 11:07:00+05:30,438.95,439.5,438.9,439.3,19227,ITC
2025-01-08 11:08:00+05:30,439.3,439.3,439.1,439.3,7629,ITC
2025-01-08 11:09:00+05:30,439.3,439.3,439.05,439.15,11742,ITC
2025-01-08 11:10:00+05:30,439.15,439.5,439.0,439.25,19927,ITC
2025-01-08 11:11:00+05:30,439.25,439.55,439.25,439.4,5390,ITC
2025-01-08 11:12:00+05:30,439.4,440.0,439.25,439.95,29832,ITC
2025-01-08 11:13:00+05:30,439.95,440.1,439.85,439.95,10871,ITC
2025-01-08 11:14:00+05:30,440.0,440.0,439.8,440.0,5032,ITC
2025-01-08 11:15:00+05:30,440.0,440.0,439.75,439.85,5436,ITC
2025-01-08 11:16:00+05:30,439.85,440.2,439.75,440.1,13339,ITC
2025-01-08 11:17:00+05:30,440.1,440.35,440.0,440.05,10529,ITC
2025-01-08 11:18:00+05:30,440.1,440.25,440.05,440.15,4559,ITC
2025-01-08 11:19:00+05:30,440.15,440.6,440.05,440.3,16927,ITC
2025-01-08 11:20:00+05:30,440.3,440.3,440.0,440.0,9578,ITC
2025-01-08 11:21:00+05:30,440.15,440.2,439.85,439.9,8170,ITC
2025-01-08 11:22:00+05:30,440.0,440.0,439.75,440.0,8698,ITC
2025-01-08 11:23:00+05:30,440.0,440.1,439.8,440.0,16935,ITC
2025-01-08 11:24:00+05:30,440.0,440.05,439.8,439.85,4660,ITC
2025-01-08 11:25:00+05:30,439.85,440.0,439.75,439.95,13304,ITC
2025-01-08 11:26:00+05:30,439.95,440.15,439.95,440.15,14741,ITC
2025-01-08 11:27:00+05:30,440.15,440.15,440.0,440.05,4374,ITC
2025-01-08 11:28:00+05:30,440.05,440.15,440.0,440.0,7498,ITC
2025-01-08 11:29:00+05:30,440.05,440.05,440.0,440.05,8349,ITC
2025-01-08 11:30:00+05:30,440.05,440.05,440.0,440.05,8984,ITC
2025-01-08 11:31:00+05:30,440.0,440.4,440.0,440.1,15029,ITC
2025-01-08 11:32:00+05:30,440.05,440.05,439.5,439.75,20831,ITC
2025-01-08 11:33:00+05:30,439.6,439.75,439.3,439.3,5874,ITC
2025-01-08 11:34:00+05:30,439.25,439.3,439.0,439.1,9002,ITC
2025-01-08 11:35:00+05:30,439.1,439.2,439.0,439.0,8529,ITC
2025-01-08 11:36:00+05:30,439.0,439.1,438.85,439.1,18564,ITC
2025-01-08 11:37:00+05:30,439.1,439.3,439.0,439.15,5976,ITC
2025-01-08 11:38:00+05:30,439.15,439.15,438.75,439.05,18934,ITC
2025-01-08 11:39:00+05:30,439.1,439.1,438.85,439.05,6394,ITC
2025-01-08 11:40:00+05:30,438.9,439.1,438.85,439.0,5916,ITC
2025-01-08 11:41:00+05:30,439.0,439.1,438.9,439.1,5935,ITC
2025-01-08 11:42:00+05:30,439.1,439.1,438.9,438.95,6341,ITC
2025-01-08 11:43:00+05:30,438.95,439.1,438.85,439.05,9424,ITC
2025-01-08 11:44:00+05:30,439.05,439.15,438.9,438.9,5037,ITC
2025-01-08 11:45:00+05:30,438.9,439.1,438.85,439.05,8002,ITC
2025-01-08 11:46:00+05:30,439.05,439.25,438.95,439.05,12141,ITC
2025-01-08 11:47:00+05:30,439.05,439.05,438.85,438.9,5379,ITC
2025-01-08 11:48:00+05:30,438.9,439.15,438.8,439.1,14072,ITC
2025-01-08 11:49:00+05:30,439.1,439.3,438.9,439.1,21937,ITC
2025-01-08 11:50:00+05:30,439.1,439.25,438.85,438.85,19603,ITC
2025-01-08 11:51:00+05:30,438.9,439.1,438.8,439.1,19195,ITC
2025-01-08 11:52:00+05:30,439.1,439.1,438.75,439.0,13873,ITC
2025-01-08 11:53:00+05:30,438.85,438.95,438.1,438.1,54163,ITC
2025-01-08 11:54:00+05:30,438.2,438.4,438.0,438.05,55553,ITC
2025-01-08 11:55:00+05:30,438.05,438.45,438.0,438.4,14019,ITC
2025-01-08 11:56:00+05:30,438.4,438.5,438.1,438.15,23820,ITC
2025-01-08 11:57:00+05:30,438.15,438.35,438.05,438.25,13797,ITC
2025-01-08 11:58:00+05:30,438.1,438.35,438.05,438.2,8129,ITC
2025-01-08 11:59:00+05:30,438.2,438.2,437.65,437.65,23411,ITC
2025-01-08 12:00:00+05:30,437.65,437.9,437.55,437.6,13947,ITC
2025-01-08 12:01:00+05:30,437.8,437.85,437.5,437.75,13817,ITC
2025-01-08 12:02:00+05:30,437.7,438.0,437.7,437.9,11463,ITC
2025-01-08 12:03:00+05:30,437.85,438.05,437.8,437.9,11193,ITC
2025-01-08 12:04:00+05:30,438.05,438.4,437.8,438.4,25837,ITC
2025-01-08 12:05:00+05:30,438.4,438.55,438.15,438.4,27464,ITC
2025-01-08 12:06:00+05:30,438.4,438.4,437.95,438.15,9699,ITC
2025-01-08 12:07:00+05:30,438.25,438.7,438.15,438.55,13831,ITC
2025-01-08 12:08:00+05:30,438.6,438.95,438.5,438.95,12830,ITC
2025-01-08 12:09:00+05:30,438.75,438.95,438.25,438.25,72435,ITC
2025-01-08 12:10:00+05:30,438.2,439.05,438.2,438.75,129587,ITC
2025-01-08 12:11:00+05:30,438.75,439.9,438.7,439.65,76939,ITC
2025-01-08 12:12:00+05:30,439.85,439.9,439.65,439.9,33887,ITC
2025-01-08 12:13:00+05:30,439.8,439.9,439.6,439.65,14174,ITC
2025-01-08 12:14:00+05:30,439.65,439.8,439.5,439.75,12258,ITC
2025-01-08 12:15:00+05:30,439.75,440.6,439.5,440.45,75559,ITC
2025-01-08 12:16:00+05:30,440.5,443.3,440.3,442.95,241347,ITC
2025-01-08 12:17:00+05:30,442.95,442.95,441.85,442.4,112262,ITC
2025-01-08 12:18:00+05:30,442.3,442.5,441.75,441.85,36489,ITC
2025-01-08 12:19:00+05:30,441.85,442.6,441.75,442.6,41622,ITC
2025-01-08 12:20:00+05:30,442.45,444.0,442.35,443.75,116039,ITC
2025-01-08 12:21:00+05:30,443.75,444.25,443.15,443.5,86243,ITC
2025-01-08 12:22:00+05:30,443.4,444.95,443.35,444.5,95422,ITC
2025-01-08 12:23:00+05:30,444.5,444.55,443.75,444.05,42059,ITC
2025-01-08 12:24:00+05:30,444.05,444.35,443.85,444.1,36174,ITC
2025-01-08 12:25:00+05:30,444.1,444.1,442.8,442.95,46591,ITC
2025-01-08 12:26:00+05:30,442.8,443.5,442.3,442.3,42310,ITC
2025-01-08 12:27:00+05:30,442.5,442.55,442.05,442.4,26424,ITC
2025-01-08 12:28:00+05:30,442.45,442.5,441.9,442.05,32958,ITC
2025-01-08 12:29:00+05:30,442.15,442.15,441.8,441.95,23550,ITC
2025-01-08 12:30:00+05:30,441.95,442.0,441.25,441.25,32295,ITC
2025-01-08 12:31:00+05:30,441.35,441.45,440.85,440.95,46367,ITC
2025-01-08 12:32:00+05:30,440.95,441.5,440.95,441.0,53805,ITC
2025-01-08 12:33:00+05:30,441.0,441.2,440.45,440.5,40405,ITC
2025-01-08 12:34:00+05:30,440.55,440.65,440.1,440.35,58226,ITC
2025-01-08 12:35:00+05:30,440.35,441.25,440.15,440.95,43318,ITC
2025-01-08 12:36:00+05:30,441.05,441.15,440.8,440.85,31765,ITC
2025-01-08 12:37:00+05:30,440.85,441.9,440.75,441.8,58397,ITC
2025-01-08 12:38:00+05:30,441.9,442.0,441.4,441.95,59214,ITC
2025-01-08 12:39:00+05:30,441.95,442.25,441.35,442.25,80651,ITC
2025-01-08 12:40:00+05:30,442.1,442.6,441.95,442.5,28375,ITC
2025-01-08 12:41:00+05:30,442.5,443.65,442.3,443.45,115708,ITC
2025-01-08 12:42:00+05:30,443.45,443.75,443.0,443.35,88538,ITC
2025-01-08 12:43:00+05:30,443.35,443.45,443.1,443.4,19074,ITC
2025-01-08 12:44:00+05:30,443.45,444.0,443.25,444.0,34723,ITC
2025-01-08 12:45:00+05:30,444.0,446.45,443.95,446.0,199802,ITC
2025-01-08 12:46:00+05:30,446.05,446.15,445.25,445.8,64994,ITC
2025-01-08 12:47:00+05:30,445.9,446.4,445.35,445.75,67351,ITC
2025-01-08 12:48:00+05:30,445.75,445.9,444.95,445.4,56107,ITC
2025-01-08 12:49:00+05:30,445.4,445.65,444.4,444.9,63575,ITC
2025-01-08 12:50:00+05:30,444.8,445.0,444.35,444.35,62691,ITC
2025-01-08 12:51:00+05:30,444.45,444.55,443.95,444.2,31676,ITC
2025-01-08 12:52:00+05:30,444.15,444.55,444.15,444.45,35079,ITC
2025-01-08 12:53:00+05:30,444.6,444.75,444.4,444.7,14083,ITC
2025-01-08 12:54:00+05:30,444.75,445.4,444.75,445.2,49223,ITC
2025-01-08 12:55:00+05:30,445.2,445.2,444.5,445.05,33820,ITC
2025-01-08 12:56:00+05:30,445.1,445.5,445.0,445.4,38975,ITC
2025-01-08 12:57:00+05:30,445.55,445.8,445.25,445.7,38497,ITC
2025-01-08 12:58:00+05:30,445.8,445.95,445.6,445.6,44078,ITC
2025-01-08 12:59:00+05:30,445.65,445.65,444.9,445.0,23394,ITC
2025-01-08 13:00:00+05:30,445.0,445.6,444.9,445.35,31292,ITC
2025-01-08 13:01:00+05:30,445.4,445.65,444.85,445.15,29913,ITC
2025-01-08 13:02:00+05:30,445.2,445.2,444.55,444.8,29119,ITC
2025-01-08 13:03:00+05:30,444.9,445.45,444.85,445.3,21237,ITC
2025-01-08 13:04:00+05:30,445.35,445.4,445.2,445.25,12015,ITC
2025-01-08 13:05:00+05:30,445.25,445.35,444.9,445.05,20908,ITC
2025-01-08 13:06:00+05:30,445.05,445.1,444.9,445.05,16349,ITC
2025-01-08 13:07:00+05:30,445.0,445.1,444.8,444.9,21971,ITC
2025-01-08 13:08:00+05:30,444.85,445.75,444.6,445.45,102102,ITC
2025-01-08 13:09:00+05:30,445.6,445.85,445.45,445.6,25996,ITC
2025-01-08 13:10:00+05:30,445.6,445.9,445.55,445.8,28638,ITC
2025-01-08 13:11:00+05:30,445.85,445.9,445.0,445.25,33175,ITC
2025-01-08 13:12:00+05:30,445.25,445.4,445.0,445.25,19698,ITC
2025-01-08 13:13:00+05:30,445.35,445.35,444.95,445.15,15244,ITC
2025-01-08 13:14:00+05:30,445.15,445.35,444.3,444.5,39635,ITC
2025-01-08 13:15:00+05:30,444.35,444.65,444.35,444.45,16698,ITC
2025-01-08 13:16:00+05:30,444.6,444.7,444.4,444.7,19548,ITC
2025-01-08 13:17:00+05:30,444.8,444.8,444.4,444.7,15983,ITC
2025-01-08 13:18:00+05:30,444.85,444.85,444.55,444.8,13268,ITC
2025-01-08 13:19:00+05:30,444.85,445.3,444.7,444.75,67593,ITC
2025-01-08 13:20:00+05:30,444.8,445.15,444.45,444.75,33539,ITC
2025-01-08 13:21:00+05:30,444.75,445.05,444.45,444.6,23976,ITC
2025-01-08 13:22:00+05:30,444.6,445.0,444.5,444.9,17505,ITC
2025-01-08 13:23:00+05:30,444.9,445.25,444.75,445.0,19602,ITC
2025-01-08 13:24:00+05:30,445.0,445.3,444.7,445.0,16331,ITC
2025-01-08 13:25:00+05:30,445.0,445.2,444.75,444.85,18608,ITC
2025-01-08 13:26:00+05:30,444.95,445.05,444.75,445.05,13261,ITC
2025-01-08 13:27:00+05:30,445.05,445.1,444.7,444.7,17037,ITC
2025-01-08 13:28:00+05:30,444.9,445.3,444.6,444.95,20556,ITC
2025-01-08 13:29:00+05:30,444.8,445.0,444.7,444.7,12075,ITC
2025-01-08 13:30:00+05:30,444.8,444.8,444.55,444.8,15176,ITC
2025-01-08 13:31:00+05:30,444.8,445.3,444.75,445.1,23469,ITC
2025-01-08 13:32:00+05:30,445.2,445.45,445.05,445.3,18710,ITC
2025-01-08 13:33:00+05:30,445.15,446.0,445.05,445.4,47195,ITC
2025-01-08 13:34:00+05:30,445.5,445.6,445.2,445.55,14153,ITC
2025-01-08 13:35:00+05:30,445.55,445.6,445.3,445.45,12736,ITC
2025-01-08 13:36:00+05:30,445.45,445.5,444.9,445.0,20775,ITC
2025-01-08 13:37:00+05:30,445.1,445.45,444.95,445.15,24020,ITC
2025-01-08 13:38:00+05:30,445.15,445.15,444.7,445.0,19170,ITC
2025-01-08 13:39:00+05:30,445.0,445.15,444.85,445.05,15614,ITC
2025-01-08 13:40:00+05:30,445.05,445.25,444.95,445.2,17361,ITC
2025-01-08 13:41:00+05:30,445.2,446.0,445.05,445.95,46851,ITC
2025-01-08 13:42:00+05:30,445.95,446.0,445.75,445.85,19257,ITC
2025-01-08 13:43:00+05:30,445.9,446.7,445.7,446.65,42605,ITC
2025-01-08 13:44:00+05:30,446.75,448.25,446.6,447.8,135881,ITC
2025-01-08 13:45:00+05:30,447.75,448.15,447.15,447.7,75749,ITC
2025-01-08 13:46:00+05:30,447.7,448.0,447.25,447.25,40932,ITC
2025-01-08 13:47:00+05:30,447.25,447.4,446.75,447.05,61771,ITC
2025-01-08 13:48:00+05:30,447.1,447.5,446.55,447.35,36455,ITC
2025-01-08 13:49:00+05:30,447.35,447.5,447.1,447.4,20867,ITC
2025-01-08 13:50:00+05:30,447.45,447.5,447.05,447.5,24927,ITC
2025-01-08 13:51:00+05:30,447.45,448.8,447.45,448.55,102080,ITC
2025-01-08 13:52:00+05:30,448.55,448.75,448.15,448.35,55050,ITC
2025-01-08 13:53:00+05:30,448.35,448.4,447.7,447.95,43324,ITC
2025-01-08 13:54:00+05:30,447.95,448.5,447.8,448.4,55541,ITC
2025-01-08 13:55:00+05:30,448.4,448.95,447.7,447.95,298778,ITC
2025-01-08 13:56:00+05:30,447.95,447.95,446.9,447.25,42802,ITC
2025-01-08 13:57:00+05:30,447.25,448.0,447.05,447.5,42094,ITC
2025-01-08 13:58:00+05:30,447.5,447.6,446.95,447.1,38936,ITC
2025-01-08 13:59:00+05:30,447.15,447.55,446.75,447.45,32581,ITC
2025-01-08 14:00:00+05:30,447.45,447.5,446.75,446.95,33077,ITC
2025-01-08 14:01:00+05:30,447.0,447.0,446.65,446.85,19184,ITC
2025-01-08 14:02:00+05:30,446.8,447.45,446.65,446.65,34772,ITC
2025-01-08 14:03:00+05:30,446.7,447.0,446.55,446.8,23164,ITC
2025-01-08 14:04:00+05:30,446.85,446.85,446.55,446.55,30280,ITC
2025-01-08 14:05:00+05:30,446.7,446.85,446.45,446.85,21853,ITC
2025-01-08 14:06:00+05:30,446.7,447.1,446.55,446.85,31100,ITC
2025-01-08 14:07:00+05:30,446.8,447.35,446.65,447.1,27188,ITC
2025-01-08 14:08:00+05:30,447.2,447.3,446.9,447.05,22707,ITC
2025-01-08 14:09:00+05:30,447.05,447.65,447.05,447.6,27929,ITC
2025-01-08 14:10:00+05:30,447.45,447.6,447.1,447.4,14225,ITC
2025-01-08 14:11:00+05:30,447.25,447.75,447.2,447.75,23504,ITC
2025-01-08 14:12:00+05:30,447.65,448.0,447.55,447.95,24756,ITC
2025-01-08 14:13:00+05:30,447.95,448.0,447.75,448.0,17684,ITC
2025-01-08 14:14:00+05:30,447.9,448.2,447.85,448.0,27984,ITC
2025-01-08 14:15:00+05:30,448.0,448.0,447.65,447.9,25990,ITC
2025-01-08 14:16:00+05:30,447.95,447.95,447.4,447.85,27309,ITC
2025-01-08 14:17:00+05:30,447.85,448.0,447.65,447.8,19776,ITC
2025-01-08 14:18:00+05:30,447.8,448.0,447.7,447.9,23015,ITC
2025-01-08 14:19:00+05:30,447.75,448.05,447.75,448.05,23630,ITC
2025-01-08 14:20:00+05:30,448.0,448.2,447.8,448.15,23952,ITC
2025-01-08 14:21:00+05:30,448.2,448.35,448.0,448.15,66438,ITC
2025-01-08 14:22:00+05:30,448.0,448.3,447.9,448.1,21077,ITC
2025-01-08 14:23:00+05:30,448.1,448.2,447.7,448.1,24431,ITC
2025-01-08 14:24:00+05:30,448.1,448.4,448.05,448.15,30936,ITC
2025-01-08 14:25:00+05:30,448.2,448.3,448.0,448.25,28192,ITC
2025-01-08 14:26:00+05:30,448.1,448.25,447.85,447.9,31155,ITC
2025-01-08 14:27:00+05:30,447.95,448.1,447.6,447.75,29192,ITC
2025-01-08 14:28:00+05:30,447.8,447.95,447.05,447.15,32281,ITC
2025-01-08 14:29:00+05:30,447.2,447.7,446.8,447.6,73333,ITC
2025-01-08 14:30:00+05:30,447.6,447.6,447.1,447.45,42157,ITC
2025-01-08 14:31:00+05:30,447.45,447.6,447.1,447.3,30518,ITC
2025-01-08 14:32:00+05:30,447.3,447.7,447.25,447.65,35007,ITC
2025-01-08 14:33:00+05:30,447.75,448.2,447.55,447.95,35317,ITC
2025-01-08 14:34:00+05:30,448.0,448.45,447.95,448.45,39359,ITC
2025-01-08 14:35:00+05:30,448.35,448.4,447.6,447.85,53862,ITC
2025-01-08 14:36:00+05:30,447.85,448.15,447.7,448.15,32346,ITC
2025-01-08 14:37:00+05:30,448.2,448.3,447.7,448.25,35090,ITC
2025-01-08 14:38:00+05:30,448.25,448.4,448.05,448.3,31470,ITC
2025-01-08 14:39:00+05:30,448.25,448.45,448.2,448.4,30792,ITC
2025-01-08 14:40:00+05:30,448.4,448.85,448.3,448.8,37808,ITC
2025-01-08 14:41:00+05:30,448.8,449.2,448.6,449.15,118404,ITC
2025-01-08 14:42:00+05:30,449.15,449.2,448.6,448.95,59768,ITC
2025-01-08 14:43:00+05:30,448.95,449.35,448.75,449.25,45336,ITC
2025-01-08 14:44:00+05:30,449.2,449.55,449.15,449.45,82976,ITC
2025-01-08 14:45:00+05:30,449.45,449.8,449.45,449.7,76308,ITC
2025-01-08 14:46:00+05:30,449.7,449.9,449.55,449.7,88500,ITC
2025-01-08 14:47:00+05:30,449.75,449.95,449.7,449.85,75303,ITC
2025-01-08 14:48:00+05:30,449.9,450.55,449.8,450.55,129566,ITC
2025-01-08 14:49:00+05:30,450.4,450.8,450.25,450.65,68154,ITC
2025-01-08 14:50:00+05:30,450.8,451.3,450.75,451.05,95904,ITC
2025-01-08 14:51:00+05:30,451.05,451.1,450.3,450.75,51738,ITC
2025-01-08 14:52:00+05:30,450.8,451.6,450.5,451.4,182364,ITC
2025-01-08 14:53:00+05:30,451.3,451.65,451.25,451.45,48548,ITC
2025-01-08 14:54:00+05:30,451.45,451.95,451.3,451.7,109923,ITC
2025-01-08 14:55:00+05:30,451.7,451.85,451.5,451.7,75141,ITC
2025-01-08 14:56:00+05:30,451.7,452.05,451.5,451.8,82671,ITC
2025-01-08 14:57:00+05:30,451.75,451.9,450.95,450.95,121913,ITC
2025-01-08 14:58:00+05:30,451.1,451.1,450.05,450.1,65537,ITC
2025-01-08 14:59:00+05:30,450.25,450.4,449.5,449.7,54147,ITC
2025-01-08 15:00:00+05:30,449.6,450.15,449.6,449.95,65232,ITC
2025-01-08 15:01:00+05:30,449.95,450.15,449.1,449.3,61200,ITC
2025-01-08 15:02:00+05:30,449.3,449.5,449.1,449.4,44540,ITC
2025-01-08 15:03:00+05:30,449.25,449.5,449.15,449.2,34994,ITC
2025-01-08 15:04:00+05:30,449.2,449.5,449.2,449.35,29594,ITC
2025-01-08 15:05:00+05:30,449.5,449.5,448.8,449.0,67522,ITC
2025-01-08 15:06:00+05:30,449.0,449.25,448.9,449.2,57874,ITC
2025-01-08 15:07:00+05:30,449.2,449.65,448.85,448.95,84882,ITC
2025-01-08 15:08:00+05:30,448.95,449.4,448.9,448.95,71382,ITC
2025-01-08 15:09:00+05:30,448.95,449.4,448.9,449.25,38630,ITC
2025-01-08 15:10:00+05:30,449.25,449.6,449.15,449.5,41451,ITC
2025-01-08 15:11:00+05:30,449.55,449.65,449.05,449.45,85500,ITC
2025-01-08 15:12:00+05:30,449.45,450.25,449.45,450.15,63081,ITC
2025-01-08 15:13:00+05:30,450.0,450.3,449.9,450.0,49093,ITC
2025-01-08 15:14:00+05:30,450.0,451.0,449.65,450.85,146725,ITC
2025-01-08 15:15:00+05:30,450.8,450.85,449.85,449.85,55920,ITC
2025-01-08 15:16:00+05:30,449.85,450.05,449.55,449.9,41841,ITC
2025-01-08 15:17:00+05:30,450.0,450.05,449.5,449.55,32246,ITC
2025-01-08 15:18:00+05:30,449.55,449.65,449.3,449.6,37923,ITC
2025-01-08 15:19:00+05:30,449.5,449.6,449.05,449.4,85271,ITC
2025-01-08 15:20:00+05:30,449.35,449.65,449.3,449.6,64965,ITC
2025-01-08 15:21:00+05:30,449.6,449.65,448.85,449.1,56196,ITC
2025-01-08 15:22:00+05:30,449.1,449.4,448.95,449.2,39733,ITC
2025-01-08 15:23:00+05:30,449.25,449.25,448.65,448.95,58875,ITC
2025-01-08 15:24:00+05:30,448.8,449.2,448.7,449.2,27118,ITC
2025-01-08 15:25:00+05:30,449.2,449.3,448.95,449.25,54243,ITC
2025-01-08 15:26:00+05:30,449.3,449.6,449.1,449.6,39301,ITC
2025-01-08 15:27:00+05:30,449.55,450.0,448.95,449.85,102543,ITC
2025-01-08 15:28:00+05:30,449.85,450.9,449.4,450.4,154089,ITC
2025-01-08 15:29:00+05:30,450.75,450.9,449.65,449.65,43923,ITC
2025-01-09 09:15:00+05:30,449.4,449.4,446.05,447.15,164089,ITC
2025-01-09 09:16:00+05:30,447.15,447.95,446.75,447.6,47532,ITC
2025-01-09 09:17:00+05:30,447.65,448.0,447.5,447.8,59547,ITC
2025-01-09 09:18:00+05:30,447.85,448.0,447.5,447.8,18663,ITC
2025-01-09 09:19:00+05:30,447.6,447.95,447.1,447.4,33712,ITC
2025-01-09 09:20:00+05:30,447.4,447.75,447.05,447.05,28686,ITC
2025-01-09 09:21:00+05:30,447.0,447.05,446.55,446.85,47756,ITC
2025-01-09 09:22:00+05:30,446.8,448.3,446.75,448.3,55597,ITC
2025-01-09 09:23:00+05:30,448.15,448.45,447.75,448.3,33815,ITC
2025-01-09 09:24:00+05:30,448.2,449.5,448.05,449.15,43239,ITC
2025-01-09 09:25:00+05:30,449.2,449.5,448.65,449.25,22766,ITC
2025-01-09 09:26:00+05:30,449.35,450.5,449.1,450.3,47998,ITC
2025-01-09 09:27:00+05:30,450.1,450.9,450.0,450.0,50222,ITC
2025-01-09 09:28:00+05:30,450.0,450.2,449.35,449.55,75652,ITC
2025-01-09 09:29:00+05:30,449.6,449.9,449.35,449.6,24959,ITC
2025-01-09 09:30:00+05:30,449.65,450.15,449.5,450.1,19771,ITC
2025-01-09 09:31:00+05:30,450.15,450.3,449.8,450.0,43901,ITC
2025-01-09 09:32:00+05:30,450.05,450.05,449.1,449.1,24129,ITC
2025-01-09 09:33:00+05:30,449.15,449.5,448.9,449.2,71154,ITC
2025-01-09 09:34:00+05:30,449.1,449.55,449.0,449.1,14228,ITC
2025-01-09 09:35:00+05:30,449.1,449.5,448.8,449.45,20865,ITC
2025-01-09 09:36:00+05:30,449.45,449.95,449.2,449.55,17504,ITC
2025-01-09 09:37:00+05:30,449.55,449.7,449.25,449.3,13046,ITC
2025-01-09 09:38:00+05:30,449.5,449.85,449.35,449.65,16384,ITC
2025-01-09 09:39:00+05:30,449.65,449.65,449.1,449.2,9759,ITC
2025-01-09 09:40:00+05:30,449.25,449.35,448.95,449.05,6111,ITC
2025-01-09 09:41:00+05:30,449.05,449.1,448.4,448.45,15531,ITC
2025-01-09 09:42:00+05:30,448.45,448.65,448.25,448.45,9999,ITC
2025-01-09 09:43:00+05:30,448.45,449.5,448.2,449.15,47724,ITC
2025-01-09 09:44:00+05:30,449.2,449.45,449.0,449.05,8089,ITC
2025-01-09 09:45:00+05:30,449.05,450.15,448.95,450.05,27674,ITC
2025-01-09 09:46:00+05:30,450.1,450.5,450.1,450.35,45560,ITC
2025-01-09 09:47:00+05:30,450.35,450.45,449.9,450.25,20149,ITC
2025-01-09 09:48:00+05:30,450.35,451.25,450.2,450.7,74406,ITC
2025-01-09 09:49:00+05:30,450.75,450.85,450.45,450.65,10814,ITC
2025-01-09 09:50:00+05:30,450.65,450.8,450.4,450.6,17416,ITC
2025-01-09 09:51:00+05:30,450.7,450.7,450.5,450.65,11433,ITC
2025-01-09 09:52:00+05:30,450.7,451.45,450.7,451.4,34032,ITC
2025-01-09 09:53:00+05:30,451.35,451.8,451.35,451.65,23086,ITC
2025-01-09 09:54:00+05:30,451.6,451.75,451.35,451.4,23185,ITC
2025-01-09 09:55:00+05:30,451.5,452.6,451.4,452.6,41829,ITC
2025-01-09 09:56:00+05:30,452.6,453.8,452.35,453.65,69657,ITC
2025-01-09 09:57:00+05:30,453.5,453.7,453.0,453.05,59022,ITC
2025-01-09 09:58:00+05:30,453.0,453.15,452.35,452.4,39848,ITC
2025-01-09 09:59:00+05:30,452.4,452.5,452.0,452.05,38048,ITC
2025-01-09 10:00:00+05:30,452.0,452.55,451.65,452.35,22468,ITC
2025-01-09 10:01:00+05:30,452.45,452.8,452.1,452.4,31602,ITC
2025-01-09 10:02:00+05:30,452.4,452.5,452.05,452.45,17070,ITC
2025-01-09 10:03:00+05:30,452.5,452.8,452.35,452.8,18252,ITC
2025-01-09 10:04:00+05:30,452.8,452.95,452.5,452.75,30116,ITC
2025-01-09 10:05:00+05:30,452.65,454.95,452.6,454.8,153056,ITC
2025-01-09 10:06:00+05:30,454.85,455.8,454.5,454.7,151822,ITC
2025-01-09 10:07:00+05:30,454.7,454.75,453.85,454.05,35780,ITC
2025-01-09 10:08:00+05:30,454.15,454.3,453.75,453.9,20883,ITC
2025-01-09 10:09:00+05:30,453.85,454.15,453.5,453.65,26822,ITC
2025-01-09 10:10:00+05:30,453.6,454.3,453.25,454.25,37609,ITC
2025-01-09 10:11:00+05:30,454.05,454.6,454.05,454.25,24342,ITC
2025-01-09 10:12:00+05:30,454.25,454.45,454.0,454.0,15113,ITC
2025-01-09 10:13:00+05:30,454.1,454.15,453.55,453.55,14382,ITC
2025-01-09 10:14:00+05:30,453.55,453.85,453.2,453.65,17511,ITC
2025-01-09 10:15:00+05:30,453.65,454.45,453.55,454.4,22510,ITC
2025-01-09 10:16:00+05:30,454.2,454.5,454.2,454.35,15926,ITC
2025-01-09 10:17:00+05:30,454.3,454.3,454.0,454.1,29226,ITC
2025-01-09 10:18:00+05:30,454.15,454.5,454.1,454.2,15270,ITC
2025-01-09 10:19:00+05:30,454.2,454.4,454.1,454.15,8479,ITC
2025-01-09 10:20:00+05:30,454.1,454.7,454.05,454.6,24089,ITC
2025-01-09 10:21:00+05:30,454.65,455.15,454.6,454.7,38936,ITC
2025-01-09 10:22:00+05:30,454.65,455.0,454.05,454.25,11542,ITC
2025-01-09 10:23:00+05:30,454.25,454.75,454.05,454.75,13684,ITC
2025-01-09 10:24:00+05:30,454.55,454.9,454.4,454.55,9174,ITC
2025-01-09 10:25:00+05:30,454.55,455.5,454.5,455.15,38403,ITC
2025-01-09 10:26:00+05:30,455.15,455.2,455.0,455.0,15304,ITC
2025-01-09 10:27:00+05:30,455.05,456.0,455.0,455.85,71747,ITC
2025-01-09 10:28:00+05:30,455.9,456.15,455.25,455.5,31978,ITC
2025-01-09 10:29:00+05:30,455.5,456.15,455.25,455.9,26568,ITC
2025-01-09 10:30:00+05:30,455.9,456.15,455.8,456.1,26802,ITC
2025-01-09 10:31:00+05:30,456.15,457.65,456.1,457.6,126903,ITC
2025-01-09 10:32:00+05:30,457.6,457.85,457.2,457.7,51295,ITC
2025-01-09 10:33:00+05:30,457.6,459.15,457.5,458.85,248785,ITC
2025-01-09 10:34:00+05:30,459.0,459.25,458.2,458.45,62098,ITC
2025-01-09 10:35:00+05:30,458.45,459.0,458.15,458.7,96103,ITC
2025-01-09 10:36:00+05:30,458.7,458.85,457.85,458.05,56998,ITC
2025-01-09 10:37:00+05:30,458.15,458.85,457.2,457.45,52610,ITC
2025-01-09 10:38:00+05:30,457.45,457.95,457.25,457.4,54703,ITC
2025-01-09 10:39:00+05:30,457.25,457.6,457.05,457.2,35529,ITC
2025-01-09 10:40:00+05:30,457.2,457.3,456.3,456.85,64373,ITC
2025-01-09 10:41:00+05:30,456.75,456.75,456.2,456.35,40821,ITC
2025-01-09 10:42:00+05:30,456.2,456.85,456.15,456.3,36285,ITC
2025-01-09 10:43:00+05:30,456.25,456.7,456.1,456.45,36146,ITC
2025-01-09 10:44:00+05:30,456.45,456.9,456.3,456.8,25825,ITC
2025-01-09 10:45:00+05:30,456.7,457.25,456.45,456.95,32179,ITC
2025-01-09 10:46:00+05:30,456.95,457.9,456.75,457.25,40370,ITC
2025-01-09 10:47:00+05:30,457.25,457.3,455.45,455.6,195880,ITC
2025-01-09 10:48:00+05:30,455.6,456.5,455.45,455.9,59682,ITC
2025-01-09 10:49:00+05:30,456.0,456.2,455.55,455.75,22147,ITC
2025-01-09 10:50:00+05:30,455.75,456.2,455.55,456.15,33011,ITC
2025-01-09 10:51:00+05:30,456.15,456.15,455.65,455.65,21920,ITC
2025-01-09 10:52:00+05:30,455.7,456.15,455.55,455.65,44303,ITC
2025-01-09 10:53:00+05:30,455.55,456.2,455.5,456.0,34039,ITC
2025-01-09 10:54:00+05:30,456.2,456.25,455.8,456.25,22979,ITC
2025-01-09 10:55:00+05:30,456.25,457.2,456.0,457.0,39854,ITC
2025-01-09 10:56:00+05:30,457.0,457.8,456.65,457.7,36009,ITC
2025-01-09 10:57:00+05:30,457.65,457.85,457.4,457.5,51182,ITC
2025-01-09 10:58:00+05:30,457.5,457.7,457.05,457.5,58016,ITC
2025-01-09 10:59:00+05:30,457.55,458.45,457.5,458.3,53948,ITC
2025-01-09 11:00:00+05:30,458.35,458.9,457.75,458.5,63834,ITC
2025-01-09 11:01:00+05:30,458.5,459.55,458.45,459.5,144662,ITC
2025-01-09 11:02:00+05:30,459.4,459.95,459.4,459.9,156502,ITC
2025-01-09 11:03:00+05:30,459.85,459.95,458.95,459.0,66388,ITC
2025-01-09 11:04:00+05:30,459.0,459.1,458.4,458.65,57722,ITC
2025-01-09 11:05:00+05:30,458.7,459.3,458.65,459.15,54860,ITC
2025-01-09 11:06:00+05:30,459.15,459.2,458.85,459.05,36354,ITC
2025-01-09 11:07:00+05:30,459.0,459.3,458.75,458.9,51594,ITC
2025-01-09 11:08:00+05:30,458.9,458.95,458.45,458.8,36917,ITC
2025-01-09 11:09:00+05:30,458.85,459.15,458.8,459.1,31834,ITC
2025-01-09 11:10:00+05:30,459.1,459.45,459.0,459.3,42100,ITC
2025-01-09 11:11:00+05:30,459.2,459.5,459.1,459.35,31881,ITC
2025-01-09 11:12:00+05:30,459.35,459.5,459.05,459.15,28544,ITC
2025-01-09 11:13:00+05:30,459.15,459.2,458.7,458.85,27446,ITC
2025-01-09 11:14:00+05:30,458.95,459.3,458.6,458.75,38036,ITC
2025-01-09 11:15:00+05:30,458.75,458.95,458.7,458.7,21978,ITC
2025-01-09 11:16:00+05:30,458.85,459.3,458.7,459.2,49371,ITC
2025-01-09 11:17:00+05:30,459.2,459.3,459.0,459.3,41335,ITC
2025-01-09 11:18:00+05:30,459.25,459.6,459.25,459.55,28642,ITC
2025-01-09 11:19:00+05:30,459.5,460.4,459.35,460.2,391138,ITC
2025-01-09 11:20:00+05:30,460.2,460.65,459.85,459.95,116045,ITC
2025-01-09 11:21:00+05:30,459.95,459.95,459.05,459.45,52913,ITC
2025-01-09 11:22:00+05:30,459.45,459.45,458.65,459.05,46942,ITC
2025-01-09 11:23:00+05:30,458.85,459.0,458.8,458.85,9605,ITC
2025-01-09 11:24:00+05:30,458.85,459.0,458.8,458.9,12452,ITC
2025-01-09 11:25:00+05:30,458.9,458.9,457.65,458.05,62233,ITC
2025-01-09 11:26:00+05:30,458.05,458.25,457.25,457.6,67379,ITC
2025-01-09 11:27:00+05:30,457.8,457.85,456.85,457.05,58134,ITC
2025-01-09 11:28:00+05:30,457.25,457.25,456.65,456.65,48823,ITC
2025-01-09 11:29:00+05:30,456.65,457.05,456.65,457.05,40497,ITC
2025-01-09 11:30:00+05:30,457.05,457.25,455.75,455.75,240563,ITC
2025-01-09 11:31:00+05:30,455.75,456.25,455.75,455.9,99040,ITC
2025-01-09 11:32:00+05:30,456.0,456.15,455.7,455.95,45069,ITC
2025-01-09 11:33:00+05:30,456.05,456.1,455.75,455.9,17805,ITC
2025-01-09 11:34:00+05:30,455.85,455.95,455.75,455.9,15295,ITC
2025-01-09 11:35:00+05:30,455.9,456.0,455.85,455.95,27816,ITC
2025-01-09 11:36:00+05:30,455.95,456.0,455.75,455.8,15866,ITC
2025-01-09 11:37:00+05:30,455.75,455.85,455.6,455.75,18206,ITC
2025-01-09 11:38:00+05:30,455.7,455.95,455.5,455.8,20922,ITC
2025-01-09 11:39:00+05:30,455.75,456.0,455.6,455.6,25606,ITC
2025-01-09 11:40:00+05:30,455.6,455.8,454.8,454.8,55584,ITC
2025-01-09 11:41:00+05:30,455.0,455.0,454.75,454.95,25763,ITC
2025-01-09 11:42:00+05:30,454.95,454.95,454.45,454.65,42964,ITC
2025-01-09 11:43:00+05:30,454.75,455.15,454.35,454.5,48016,ITC
2025-01-09 11:44:00+05:30,454.5,454.7,453.7,454.6,104987,ITC
2025-01-09 11:45:00+05:30,454.6,454.9,454.35,454.9,23569,ITC
2025-01-09 11:46:00+05:30,454.85,455.1,454.4,454.65,22523,ITC
2025-01-09 11:47:00+05:30,454.65,454.75,454.45,454.5,17377,ITC
2025-01-09 11:48:00+05:30,454.5,454.65,454.3,454.5,17216,ITC
2025-01-09 11:49:00+05:30,454.4,454.4,453.9,454.2,54131,ITC
2025-01-09 11:50:00+05:30,454.25,454.25,452.85,453.05,113656,ITC
2025-01-09 11:51:00+05:30,453.1,453.45,452.85,453.3,48693,ITC
2025-01-09 11:52:00+05:30,453.4,453.45,453.1,453.15,33936,ITC
2025-01-09 11:53:00+05:30,453.15,453.3,452.55,453.0,65454,ITC
2025-01-09 11:54:00+05:30,453.0,453.55,453.0,453.5,36546,ITC
2025-01-09 11:55:00+05:30,453.5,453.95,453.5,453.5,44769,ITC
2025-01-09 11:56:00+05:30,453.5,454.35,453.4,454.0,47062,ITC
2025-01-09 11:57:00+05:30,453.95,454.15,453.55,453.8,26355,ITC
2025-01-09 11:58:00+05:30,453.75,454.15,453.65,454.0,29300,ITC
2025-01-09 11:59:00+05:30,454.0,454.6,454.0,454.45,25336,ITC
2025-01-09 12:00:00+05:30,454.35,454.95,454.25,454.4,31147,ITC
2025-01-09 12:01:00+05:30,454.35,454.8,454.05,454.75,29618,ITC
2025-01-09 12:02:00+05:30,454.7,454.9,454.35,454.55,37848,ITC
2025-01-09 12:03:00+05:30,454.5,454.6,454.05,454.15,14188,ITC
2025-01-09 12:04:00+05:30,454.1,454.5,454.05,454.25,22840,ITC
2025-01-09 12:05:00+05:30,454.2,454.3,453.5,453.6,26933,ITC
2025-01-09 12:06:00+05:30,453.5,453.75,453.15,453.6,44723,ITC
2025-01-09 12:07:00+05:30,453.65,453.95,453.35,453.4,25429,ITC
2025-01-09 12:08:00+05:30,453.3,453.6,453.2,453.55,25870,ITC
2025-01-09 12:09:00+05:30,453.45,453.9,453.45,453.85,35449,ITC
2025-01-09 12:10:00+05:30,453.8,454.0,453.75,453.85,18180,ITC
2025-01-09 12:11:00+05:30,453.8,454.0,453.7,453.8,16696,ITC
2025-01-09 12:12:00+05:30,453.8,453.95,453.6,453.65,23029,ITC
2025-01-09 12:13:00+05:30,453.65,453.95,453.45,453.6,30545,ITC
2025-01-09 12:14:00+05:30,453.6,454.2,453.5,454.2,46129,ITC
2025-01-09 12:15:00+05:30,454.05,454.35,453.85,454.25,30259,ITC
2025-01-09 12:16:00+05:30,454.2,454.55,454.1,454.55,40225,ITC
2025-01-09 12:17:00+05:30,454.4,454.9,454.3,454.65,53123,ITC
2025-01-09 12:18:00+05:30,454.6,454.95,454.3,454.5,43878,ITC
2025-01-09 12:19:00+05:30,454.45,454.5,454.0,454.25,71550,ITC
2025-01-09 12:20:00+05:30,454.1,454.25,453.75,453.9,54156,ITC
2025-01-09 12:21:00+05:30,453.9,453.95,453.25,453.5,46865,ITC
2025-01-09 12:22:00+05:30,453.4,453.55,453.05,453.55,54085,ITC
2025-01-09 12:23:00+05:30,453.5,453.8,453.35,453.7,44244,ITC
2025-01-09 12:24:00+05:30,453.65,453.95,453.4,453.6,59661,ITC
2025-01-09 12:25:00+05:30,453.6,453.7,453.35,453.55,45596,ITC
2025-01-09 12:26:00+05:30,453.45,453.7,453.3,453.6,35980,ITC
2025-01-09 12:27:00+05:30,453.35,453.9,453.25,453.45,52788,ITC
2025-01-09 12:28:00+05:30,453.4,453.7,453.3,453.45,25567,ITC
2025-01-09 12:29:00+05:30,453.4,453.6,453.0,453.05,30658,ITC
2025-01-09 12:30:00+05:30,453.0,453.5,453.0,453.5,32708,ITC
2025-01-09 12:31:00+05:30,453.4,453.7,453.4,453.45,26941,ITC
2025-01-09 12:32:00+05:30,453.45,453.6,453.3,453.45,15852,ITC
2025-01-09 12:33:00+05:30,453.35,453.5,453.35,453.4,12365,ITC
2025-01-09 12:34:00+05:30,453.35,453.85,453.35,453.7,15878,ITC
2025-01-09 12:35:00+05:30,453.6,453.85,453.6,453.85,12691,ITC
2025-01-09 12:36:00+05:30,453.8,454.0,453.65,453.85,12556,ITC
2025-01-09 12:37:00+05:30,453.8,453.9,453.7,453.85,12725,ITC
2025-01-09 12:38:00+05:30,453.8,454.0,453.75,453.8,16514,ITC
2025-01-09 12:39:00+05:30,453.75,453.95,453.6,453.7,14603,ITC
2025-01-09 12:40:00+05:30,453.6,453.8,453.55,453.7,12667,ITC
2025-01-09 12:41:00+05:30,453.65,453.75,453.5,453.6,20414,ITC
2025-01-09 12:42:00+05:30,453.55,453.75,453.45,453.55,12820,ITC
2025-01-09 12:43:00+05:30,453.55,453.7,453.05,453.15,31510,ITC
2025-01-09 12:44:00+05:30,453.1,453.3,453.05,453.2,16422,ITC
2025-01-09 12:45:00+05:30,453.15,453.35,453.05,453.1,16504,ITC
2025-01-09 12:46:00+05:30,453.05,453.2,453.0,453.1,14022,ITC
2025-01-09 12:47:00+05:30,453.05,453.15,452.9,453.05,28938,ITC
2025-01-09 12:48:00+05:30,453.0,453.15,452.9,453.0,24251,ITC
2025-01-09 12:49:00+05:30,452.95,453.5,452.9,453.4,17564,ITC
2025-01-09 12:50:00+05:30,453.4,453.5,453.15,453.4,14910,ITC
2025-01-09 12:51:00+05:30,453.2,453.45,453.2,453.35,14434,ITC
2025-01-09 12:52:00+05:30,453.3,453.5,453.3,453.35,13132,ITC
2025-01-09 12:53:00+05:30,453.3,453.6,453.3,453.35,21108,ITC
2025-01-09 12:54:00+05:30,453.3,453.5,453.0,453.0,39638,ITC
2025-01-09 12:55:00+05:30,453.0,453.3,453.0,453.05,16687,ITC
2025-01-09 12:56:00+05:30,453.0,453.2,452.8,453.1,53209,ITC
2025-01-09 12:57:00+05:30,453.05,453.2,453.05,453.2,10978,ITC
2025-01-09 12:58:00+05:30,453.2,453.2,452.95,453.0,43961,ITC
2025-01-09 12:59:00+05:30,452.95,453.05,452.8,452.9,11972,ITC
2025-01-09 13:00:00+05:30,452.85,453.05,452.75,452.9,25678,ITC
2025-01-09 13:01:00+05:30,452.85,453.05,452.5,452.65,53590,ITC
2025-01-09 13:02:00+05:30,452.55,452.95,452.05,452.8,164473,ITC
2025-01-09 13:03:00+05:30,452.75,453.0,452.75,452.8,60876,ITC
2025-01-09 13:04:00+05:30,452.85,452.85,452.4,452.85,44491,ITC
2025-01-09 13:05:00+05:30,452.75,452.9,452.7,452.85,15449,ITC
2025-01-09 13:06:00+05:30,452.9,453.25,452.85,453.1,28401,ITC
2025-01-09 13:07:00+05:30,453.1,453.4,452.85,453.4,43692,ITC
2025-01-09 13:08:00+05:30,453.35,453.4,452.05,452.35,87065,ITC
2025-01-09 13:09:00+05:30,452.3,452.95,452.25,452.8,34647,ITC
2025-01-09 13:10:00+05:30,452.7,452.85,452.5,452.65,24549,ITC
2025-01-09 13:11:00+05:30,452.6,452.7,452.35,452.6,23007,ITC
2025-01-09 13:12:00+05:30,452.45,452.55,452.15,452.35,43190,ITC
2025-01-09 13:13:00+05:30,452.2,452.65,452.1,452.55,38533,ITC
2025-01-09 13:14:00+05:30,452.5,452.65,452.2,452.55,29965,ITC
2025-01-09 13:15:00+05:30,452.5,452.6,452.25,452.4,38301,ITC
2025-01-09 13:16:00+05:30,452.35,452.9,452.2,452.3,73211,ITC
2025-01-09 13:17:00+05:30,452.3,452.5,452.0,452.0,49645,ITC
2025-01-09 13:18:00+05:30,452.0,452.45,451.8,452.1,44488,ITC
2025-01-09 13:19:00+05:30,452.05,452.35,451.85,452.0,38487,ITC
2025-01-09 13:20:00+05:30,451.95,452.25,451.65,451.9,87718,ITC
2025-01-09 13:21:00+05:30,451.9,452.15,451.75,451.95,39835,ITC
2025-01-09 13:22:00+05:30,451.9,452.25,451.75,452.0,30911,ITC
2025-01-09 13:23:00+05:30,451.95,452.1,451.85,452.0,23008,ITC
2025-01-09 13:24:00+05:30,451.85,452.15,451.85,452.0,27801,ITC
2025-01-09 13:25:00+05:30,452.0,452.2,451.85,452.1,27176,ITC
2025-01-09 13:26:00+05:30,452.0,452.35,451.9,452.3,27863,ITC
2025-01-09 13:27:00+05:30,452.25,452.6,452.15,452.55,17652,ITC
2025-01-09 13:28:00+05:30,452.45,452.6,452.25,452.45,29127,ITC
2025-01-09 13:29:00+05:30,452.3,452.5,452.2,452.3,29177,ITC
2025-01-09 13:30:00+05:30,452.2,452.5,452.1,452.45,23895,ITC
2025-01-09 13:31:00+05:30,452.4,452.5,452.15,452.45,37896,ITC
2025-01-09 13:32:00+05:30,452.4,452.55,452.2,452.3,23281,ITC
2025-01-09 13:33:00+05:30,452.3,452.55,452.15,452.4,45916,ITC
2025-01-09 13:34:00+05:30,452.35,452.45,451.95,452.2,78572,ITC
2025-01-09 13:35:00+05:30,452.15,452.4,451.65,451.9,48364,ITC
2025-01-09 13:36:00+05:30,451.75,451.9,450.85,451.35,186539,ITC
2025-01-09 13:37:00+05:30,451.3,451.6,451.15,451.3,29009,ITC
2025-01-09 13:38:00+05:30,451.25,451.85,451.25,451.8,68853,ITC
2025-01-09 13:39:00+05:30,451.75,451.85,451.5,451.65,12961,ITC
2025-01-09 13:40:00+05:30,451.6,451.75,451.55,451.65,22330,ITC
2025-01-09 13:41:00+05:30,451.6,451.7,451.3,451.6,52857,ITC
2025-01-09 13:42:00+05:30,451.6,451.8,451.35,451.55,86454,ITC
2025-01-09 13:43:00+05:30,451.55,451.65,451.4,451.5,26688,ITC
2025-01-09 13:44:00+05:30,451.5,451.6,451.15,451.2,70846,ITC
2025-01-09 13:45:00+05:30,451.15,451.3,450.4,450.45,236720,ITC
2025-01-09 13:46:00+05:30,450.5,450.65,449.8,450.5,179935,ITC
2025-01-09 13:47:00+05:30,450.45,450.7,450.2,450.2,55113,ITC
2025-01-09 13:48:00+05:30,450.2,450.45,449.8,450.15,66629,ITC
2025-01-09 13:49:00+05:30,450.15,450.15,448.75,448.75,137576,ITC
2025-01-09 13:50:00+05:30,448.75,449.25,448.25,449.25,212676,ITC
2025-01-09 13:51:00+05:30,449.25,450.1,449.15,449.85,99433,ITC
2025-01-09 13:52:00+05:30,449.95,450.1,449.25,449.85,70692,ITC
2025-01-09 13:53:00+05:30,449.9,449.9,449.3,449.7,60265,ITC
2025-01-09 13:54:00+05:30,449.7,449.7,449.4,449.7,20745,ITC
2025-01-09 13:55:00+05:30,449.5,449.7,449.0,449.0,56758,ITC
2025-01-09 13:56:00+05:30,449.1,449.45,448.85,449.4,104500,ITC
2025-01-09 13:57:00+05:30,449.4,449.65,449.35,449.65,37348,ITC
2025-01-09 13:58:00+05:30,449.6,449.9,449.4,449.85,61203,ITC
2025-01-09 13:59:00+05:30,449.85,449.85,449.5,449.7,26273,ITC
2025-01-09 14:00:00+05:30,449.7,449.75,448.7,449.2,76685,ITC
2025-01-09 14:01:00+05:30,449.05,449.45,448.9,449.35,81617,ITC
2025-01-09 14:02:00+05:30,449.2,449.9,449.2,449.8,59769,ITC
2025-01-09 14:03:00+05:30,449.8,450.05,449.8,449.9,38129,ITC
2025-01-09 14:04:00+05:30,450.05,450.05,449.75,450.05,75017,ITC
2025-01-09 14:05:00+05:30,450.05,450.4,449.95,450.4,32101,ITC
2025-01-09 14:06:00+05:30,450.35,450.7,450.15,450.4,65381,ITC
2025-01-09 14:07:00+05:30,450.4,450.9,450.3,450.55,71039,ITC
2025-01-09 14:08:00+05:30,450.4,450.65,450.0,450.2,148747,ITC
2025-01-09 14:09:00+05:30,450.1,450.15,449.45,449.85,108388,ITC
2025-01-09 14:10:00+05:30,449.75,450.0,449.6,450.0,70775,ITC
2025-01-09 14:11:00+05:30,450.0,450.15,449.85,450.05,39879,ITC
2025-01-09 14:12:00+05:30,450.0,450.25,450.0,450.1,22481,ITC
2025-01-09 14:13:00+05:30,450.05,450.2,449.65,450.0,37298,ITC
2025-01-09 14:14:00+05:30,449.9,450.1,449.8,449.8,46773,ITC
2025-01-09 14:15:00+05:30,449.8,450.1,449.75,450.1,66540,ITC
2025-01-09 14:16:00+05:30,450.0,450.55,450.0,450.2,51746,ITC
2025-01-09 14:17:00+05:30,450.2,450.55,450.2,450.55,20307,ITC
2025-01-09 14:18:00+05:30,450.4,450.65,450.15,450.5,33772,ITC
2025-01-09 14:19:00+05:30,450.5,450.65,450.3,450.65,44074,ITC
2025-01-09 14:20:00+05:30,450.55,451.2,450.55,450.95,63723,ITC
2025-01-09 14:21:00+05:30,450.8,451.2,450.8,451.15,28727,ITC
2025-01-09 14:22:00+05:30,451.15,451.5,451.05,451.15,72719,ITC
2025-01-09 14:23:00+05:30,451.1,451.2,450.85,450.85,42016,ITC
2025-01-09 14:24:00+05:30,450.85,451.3,450.85,451.2,15681,ITC
2025-01-09 14:25:00+05:30,451.15,451.4,451.0,451.3,47029,ITC
2025-01-09 14:26:00+05:30,451.3,451.6,451.15,451.6,29426,ITC
2025-01-09 14:27:00+05:30,451.55,451.6,451.2,451.35,42159,ITC
2025-01-09 14:28:00+05:30,451.3,451.35,450.85,450.95,49925,ITC
2025-01-09 14:29:00+05:30,450.95,451.2,450.5,450.95,74082,ITC
2025-01-09 14:30:00+05:30,450.8,450.95,450.35,450.5,46396,ITC
2025-01-09 14:31:00+05:30,450.45,450.75,450.25,450.6,58040,ITC
2025-01-09 14:32:00+05:30,450.55,450.95,450.2,450.8,73843,ITC
2025-01-09 14:33:00+05:30,450.75,450.9,450.45,450.65,70733,ITC
2025-01-09 14:34:00+05:30,450.4,450.75,450.35,450.6,30163,ITC
2025-01-09 14:35:00+05:30,450.55,450.6,449.65,450.15,101175,ITC
2025-01-09 14:36:00+05:30,450.0,450.5,449.75,450.05,54743,ITC
2025-01-09 14:37:00+05:30,450.0,450.4,449.75,449.9,50462,ITC
2025-01-09 14:38:00+05:30,449.9,450.2,449.7,449.95,43530,ITC
2025-01-09 14:39:00+05:30,449.95,450.15,449.65,450.05,46244,ITC
2025-01-09 14:40:00+05:30,450.05,450.2,449.55,449.75,46918,ITC
2025-01-09 14:41:00+05:30,449.7,450.1,449.55,449.95,27478,ITC
2025-01-09 14:42:00+05:30,449.95,450.55,449.7,450.55,46805,ITC
2025-01-09 14:43:00+05:30,450.5,450.65,450.0,450.35,72440,ITC
2025-01-09 14:44:00+05:30,450.3,450.5,449.85,450.0,69621,ITC
2025-01-09 14:45:00+05:30,450.0,450.25,449.8,450.05,52881,ITC
2025-01-09 14:46:00+05:30,450.05,450.55,449.9,450.45,28228,ITC
2025-01-09 14:47:00+05:30,450.35,450.45,449.8,450.0,78671,ITC
2025-01-09 14:48:00+05:30,450.0,450.3,449.85,450.25,42121,ITC
2025-01-09 14:49:00+05:30,450.1,450.35,450.1,450.3,35462,ITC
2025-01-09 14:50:00+05:30,450.3,450.3,450.15,450.15,36829,ITC
2025-01-09 14:51:00+05:30,450.1,450.4,450.05,450.25,48497,ITC
2025-01-09 14:52:00+05:30,450.2,450.35,450.15,450.25,48372,ITC
2025-01-09 14:53:00+05:30,450.25,450.4,450.15,450.35,51466,ITC
2025-01-09 14:54:00+05:30,450.35,450.45,450.2,450.4,51392,ITC
2025-01-09 14:55:00+05:30,450.35,450.5,450.15,450.3,81114,ITC
2025-01-09 14:56:00+05:30,450.25,450.4,450.0,450.1,78610,ITC
2025-01-09 14:57:00+05:30,450.05,450.3,449.8,450.2,89784,ITC
2025-01-09 14:58:00+05:30,450.15,450.35,449.8,449.95,89505,ITC
2025-01-09 14:59:00+05:30,449.9,450.15,449.75,449.8,77354,ITC
2025-01-09 15:00:00+05:30,449.8,450.3,449.75,450.05,87409,ITC
2025-01-09 15:01:00+05:30,450.0,450.25,449.85,449.95,139621,ITC
2025-01-09 15:02:00+05:30,450.0,450.35,449.85,450.05,186258,ITC
2025-01-09 15:03:00+05:30,450.0,450.2,449.8,450.15,197934,ITC
2025-01-09 15:04:00+05:30,450.15,450.2,449.8,449.85,71329,ITC
2025-01-09 15:05:00+05:30,449.85,450.2,449.8,450.0,160870,ITC
2025-01-09 15:06:00+05:30,450.0,450.1,449.75,449.95,128203,ITC
2025-01-09 15:07:00+05:30,449.95,450.05,449.65,449.8,115094,ITC
2025-01-09 15:08:00+05:30,449.75,450.1,449.75,449.85,119411,ITC
2025-01-09 15:09:00+05:30,449.8,450.2,449.75,450.1,192607,ITC
2025-01-09 15:10:00+05:30,450.1,450.7,450.05,450.25,117483,ITC
2025-01-09 15:11:00+05:30,450.25,450.6,450.0,450.4,182809,ITC
2025-01-09 15:12:00+05:30,450.45,450.6,450.05,450.2,136324,ITC
2025-01-09 15:13:00+05:30,450.2,450.7,450.15,450.55,96101,ITC
2025-01-09 15:14:00+05:30,450.5,450.7,450.1,450.15,96038,ITC
2025-01-09 15:15:00+05:30,450.2,450.45,450.0,450.2,180394,ITC
2025-01-09 15:16:00+05:30,450.15,450.4,449.8,450.05,164703,ITC
2025-01-09 15:17:00+05:30,450.2,450.5,449.9,450.4,70836,ITC
2025-01-09 15:18:00+05:30,450.4,450.5,449.95,450.35,109357,ITC
2025-01-09 15:19:00+05:30,450.3,450.5,450.0,450.15,85684,ITC
2025-01-09 15:20:00+05:30,450.1,450.3,449.8,450.2,132741,ITC
2025-01-09 15:21:00+05:30,450.0,450.45,449.95,450.4,46117,ITC
2025-01-09 15:22:00+05:30,450.3,450.4,449.8,450.05,58581,ITC
2025-01-09 15:23:00+05:30,450.05,450.25,449.8,449.95,67155,ITC
2025-01-09 15:24:00+05:30,449.95,450.25,449.9,450.0,77857,ITC
2025-01-09 15:25:00+05:30,450.0,450.2,449.75,449.95,88504,ITC
2025-01-09 15:26:00+05:30,449.9,450.1,449.55,449.85,79631,ITC
2025-01-09 15:27:00+05:30,449.85,450.6,449.8,450.5,60733,ITC
2025-01-09 15:28:00+05:30,450.45,450.45,449.9,450.25,50293,ITC
2025-01-09 15:29:00+05:30,450.25,450.7,450.15,450.45,23293,ITC
2025-01-10 09:15:00+05:30,449.95,452.0,447.0,448.7,177786,ITC
2025-01-10 09:16:00+05:30,448.9,449.0,448.05,448.95,80352,ITC
2025-01-10 09:17:00+05:30,448.95,448.95,448.1,448.7,67528,ITC
2025-01-10 09:18:00+05:30,448.5,448.7,447.85,448.2,73702,ITC
2025-01-10 09:19:00+05:30,448.3,448.9,448.2,448.85,58225,ITC
2025-01-10 09:20:00+05:30,448.85,449.2,448.6,448.85,61064,ITC
2025-01-10 09:21:00+05:30,448.95,449.2,448.5,448.7,23584,ITC
2025-01-10 09:22:00+05:30,448.5,448.7,447.8,448.35,33143,ITC
2025-01-10 09:23:00+05:30,448.3,448.85,448.15,448.4,40104,ITC
2025-01-10 09:24:00+05:30,448.25,448.8,448.05,448.4,29949,ITC
2025-01-10 09:25:00+05:30,448.45,448.6,448.05,448.25,9583,ITC
2025-01-10 09:26:00+05:30,448.35,448.5,447.8,447.8,20747,ITC
2025-01-10 09:27:00+05:30,447.9,447.95,447.05,447.05,23408,ITC
2025-01-10 09:28:00+05:30,447.15,447.45,447.0,447.15,17695,ITC
2025-01-10 09:29:00+05:30,447.0,447.45,446.65,446.85,23409,ITC
2025-01-10 09:30:00+05:30,446.85,447.0,446.4,446.55,27068,ITC
2025-01-10 09:31:00+05:30,446.55,446.7,446.15,446.3,21460,ITC
2025-01-10 09:32:00+05:30,446.3,446.3,445.7,445.8,29656,ITC
2025-01-10 09:33:00+05:30,445.8,445.85,445.05,445.3,39766,ITC
2025-01-10 09:34:00+05:30,445.3,445.5,445.0,445.5,34450,ITC
2025-01-10 09:35:00+05:30,445.5,445.75,445.2,445.6,15241,ITC
2025-01-10 09:36:00+05:30,445.6,445.95,445.35,445.55,22091,ITC
2025-01-10 09:37:00+05:30,445.55,445.95,445.55,445.85,14104,ITC
2025-01-10 09:38:00+05:30,445.85,445.85,445.2,445.5,25701,ITC
2025-01-10 09:39:00+05:30,445.5,445.6,445.0,445.05,33824,ITC
2025-01-10 09:40:00+05:30,445.05,445.5,445.0,445.4,21571,ITC
2025-01-10 09:41:00+05:30,445.2,445.65,445.1,445.35,24049,ITC
2025-01-10 09:42:00+05:30,445.3,445.35,444.9,445.0,15812,ITC
2025-01-10 09:43:00+05:30,445.2,445.95,445.0,445.95,22440,ITC
2025-01-10 09:44:00+05:30,445.95,446.0,445.35,445.7,18483,ITC
2025-01-10 09:45:00+05:30,445.7,445.75,445.05,445.4,16852,ITC
2025-01-10 09:46:00+05:30,445.5,445.5,445.0,445.2,7637,ITC
2025-01-10 09:47:00+05:30,445.05,445.25,444.25,444.4,17917,ITC
2025-01-10 09:48:00+05:30,444.5,444.6,444.0,444.25,27243,ITC
2025-01-10 09:49:00+05:30,444.25,444.4,443.75,444.05,81127,ITC
2025-01-10 09:50:00+05:30,444.05,444.2,443.55,444.0,40913,ITC
2025-01-10 09:51:00+05:30,444.0,444.05,442.5,443.2,65464,ITC
2025-01-10 09:52:00+05:30,443.25,444.15,443.2,444.05,24600,ITC
2025-01-10 09:53:00+05:30,443.95,444.95,443.9,444.6,59160,ITC
2025-01-10 09:54:00+05:30,444.6,444.9,444.3,444.7,44962,ITC
2025-01-10 09:55:00+05:30,444.75,444.95,444.65,444.95,20427,ITC
2025-01-10 09:56:00+05:30,444.95,445.35,444.6,445.15,43691,ITC
2025-01-10 09:57:00+05:30,445.15,445.35,445.0,445.35,23681,ITC
2025-01-10 09:58:00+05:30,445.3,445.35,444.75,444.95,26610,ITC
2025-01-10 09:59:00+05:30,444.8,444.9,444.5,444.8,17049,ITC
2025-01-10 10:00:00+05:30,444.6,445.4,444.6,445.25,14571,ITC
2025-01-10 10:01:00+05:30,445.4,445.45,444.6,444.65,40472,ITC
2025-01-10 10:02:00+05:30,444.85,445.2,444.6,445.15,12346,ITC
2025-01-10 10:03:00+05:30,445.15,445.45,444.85,445.1,10236,ITC
2025-01-10 10:04:00+05:30,444.9,445.15,444.55,445.05,15311,ITC
2025-01-10 10:05:00+05:30,445.0,445.15,444.95,445.15,25197,ITC
2025-01-10 10:06:00+05:30,445.1,445.15,444.55,445.15,39204,ITC
2025-01-10 10:07:00+05:30,445.15,445.4,444.6,445.0,30205,ITC
2025-01-10 10:08:00+05:30,444.85,445.55,444.75,445.5,18783,ITC
2025-01-10 10:09:00+05:30,445.45,445.9,445.3,445.8,18075,ITC
2025-01-10 10:10:00+05:30,445.6,446.0,445.05,445.3,22793,ITC
2025-01-10 10:11:00+05:30,445.1,445.3,444.25,445.0,32311,ITC
2025-01-10 10:12:00+05:30,445.0,445.15,444.65,444.65,7561,ITC
2025-01-10 10:13:00+05:30,444.6,445.25,444.55,444.8,14960,ITC
2025-01-10 10:14:00+05:30,444.6,444.8,443.8,444.6,16295,ITC
2025-01-10 10:15:00+05:30,444.6,444.9,444.2,444.65,10196,ITC
2025-01-10 10:16:00+05:30,444.45,444.8,444.3,444.45,12049,ITC
2025-01-10 10:17:00+05:30,444.4,445.7,444.4,445.2,54088,ITC
2025-01-10 10:18:00+05:30,445.15,446.4,445.15,446.0,35076,ITC
2025-01-10 10:19:00+05:30,445.85,446.1,445.55,446.0,15954,ITC
2025-01-10 10:20:00+05:30,445.95,446.0,445.35,445.6,7605,ITC
2025-01-10 10:21:00+05:30,445.6,446.1,445.4,445.5,15521,ITC
2025-01-10 10:22:00+05:30,445.5,446.3,445.5,446.2,12426,ITC
2025-01-10 10:23:00+05:30,446.2,446.35,445.9,446.3,8397,ITC
2025-01-10 10:24:00+05:30,446.3,446.85,446.3,446.65,14843,ITC
2025-01-10 10:25:00+05:30,446.55,446.65,446.05,446.3,12258,ITC
2025-01-10 10:26:00+05:30,446.2,446.55,446.0,446.5,7884,ITC
2025-01-10 10:27:00+05:30,446.35,446.5,445.65,445.75,16898,ITC
2025-01-10 10:28:00+05:30,445.75,445.95,445.5,445.8,7698,ITC
2025-01-10 10:29:00+05:30,445.8,446.0,445.45,445.75,3747,ITC
2025-01-10 10:30:00+05:30,445.65,446.25,445.65,446.2,7508,ITC
2025-01-10 10:31:00+05:30,446.2,446.45,445.65,446.3,16066,ITC
2025-01-10 10:32:00+05:30,446.2,446.25,445.5,445.85,11692,ITC
2025-01-10 10:33:00+05:30,445.7,446.15,445.7,446.15,17502,ITC
2025-01-10 10:34:00+05:30,446.1,446.15,445.95,446.05,12286,ITC
2025-01-10 10:35:00+05:30,446.0,446.5,446.0,446.3,17241,ITC
2025-01-10 10:36:00+05:30,446.3,447.0,446.3,446.8,37353,ITC
2025-01-10 10:37:00+05:30,446.75,446.85,446.55,446.65,16074,ITC
2025-01-10 10:38:00+05:30,446.55,446.7,446.35,446.6,8938,ITC
2025-01-10 10:39:00+05:30,446.45,446.95,446.35,446.9,16218,ITC
2025-01-10 10:40:00+05:30,446.8,447.35,446.65,447.15,24709,ITC
2025-01-10 10:41:00+05:30,447.0,447.2,446.9,447.15,14966,ITC
2025-01-10 10:42:00+05:30,447.1,447.2,446.9,447.0,22475,ITC
2025-01-10 10:43:00+05:30,447.05,447.15,447.0,447.1,3457,ITC
2025-01-10 10:44:00+05:30,447.1,447.35,446.9,447.2,23001,ITC
2025-01-10 10:45:00+05:30,447.0,447.2,447.0,447.0,9377,ITC
2025-01-10 10:46:00+05:30,447.0,447.8,446.9,447.5,32391,ITC
2025-01-10 10:47:00+05:30,447.5,447.7,447.5,447.6,10081,ITC
2025-01-10 10:48:00+05:30,447.7,448.0,447.6,447.75,26750,ITC
2025-01-10 10:49:00+05:30,447.8,448.0,447.65,447.7,27503,ITC
2025-01-10 10:50:00+05:30,447.7,447.95,447.25,447.3,46850,ITC
2025-01-10 10:51:00+05:30,447.25,448.0,447.2,447.9,134647,ITC
2025-01-10 10:52:00+05:30,447.9,448.0,447.75,447.75,14356,ITC
2025-01-10 10:53:00+05:30,447.75,447.85,447.25,447.5,21531,ITC
2025-01-10 10:54:00+05:30,447.3,447.55,447.05,447.25,13148,ITC
2025-01-10 10:55:00+05:30,447.25,447.4,446.65,446.85,12217,ITC
2025-01-10 10:56:00+05:30,446.85,447.2,446.5,446.6,106585,ITC
2025-01-10 10:57:00+05:30,446.7,447.1,446.6,446.6,42536,ITC
2025-01-10 10:58:00+05:30,446.6,447.0,446.25,446.35,32490,ITC
2025-01-10 10:59:00+05:30,446.35,446.55,446.25,446.25,8477,ITC
2025-01-10 11:00:00+05:30,446.3,447.0,446.05,447.0,17187,ITC
2025-01-10 11:01:00+05:30,446.9,447.3,446.85,447.15,6838,ITC
2025-01-10 11:02:00+05:30,447.05,447.35,447.0,447.05,8199,ITC
2025-01-10 11:03:00+05:30,447.0,447.45,446.9,447.2,6939,ITC
2025-01-10 11:04:00+05:30,447.2,448.0,447.2,448.0,10604,ITC
2025-01-10 11:05:00+05:30,447.95,448.0,447.5,447.9,235907,ITC
2025-01-10 11:06:00+05:30,447.9,448.6,447.7,447.95,108336,ITC
2025-01-10 11:07:00+05:30,447.95,448.0,447.3,447.85,21032,ITC
2025-01-10 11:08:00+05:30,447.7,447.75,447.15,447.15,10228,ITC
2025-01-10 11:09:00+05:30,447.2,447.35,447.05,447.05,11584,ITC
2025-01-10 11:10:00+05:30,447.05,447.2,446.45,446.6,14723,ITC
2025-01-10 11:11:00+05:30,446.65,446.95,446.05,446.05,25453,ITC
2025-01-10 11:12:00+05:30,446.05,446.6,446.0,446.6,8190,ITC
2025-01-10 11:13:00+05:30,446.55,446.8,446.4,446.6,7695,ITC
2025-01-10 11:14:00+05:30,446.7,447.0,446.65,446.95,11637,ITC
2025-01-10 11:15:00+05:30,446.9,447.8,446.9,447.45,25478,ITC
2025-01-10 11:16:00+05:30,447.5,447.65,447.2,447.25,8886,ITC
2025-01-10 11:17:00+05:30,447.2,447.5,447.2,447.3,9836,ITC
2025-01-10 11:18:00+05:30,447.25,447.3,447.15,447.15,4361,ITC
2025-01-10 11:19:00+05:30,447.15,447.3,446.7,446.7,16520,ITC
2025-01-10 11:20:00+05:30,446.7,447.0,446.65,446.7,11847,ITC
2025-01-10 11:21:00+05:30,446.7,446.7,446.25,446.45,4285,ITC
2025-01-10 11:22:00+05:30,446.3,446.65,446.2,446.3,11052,ITC
2025-01-10 11:23:00+05:30,446.45,446.5,445.95,446.3,11744,ITC
2025-01-10 11:24:00+05:30,446.3,446.65,446.3,446.4,5397,ITC
2025-01-10 11:25:00+05:30,446.3,446.4,446.05,446.1,4000,ITC
2025-01-10 11:26:00+05:30,446.1,446.3,445.85,445.95,6663,ITC
2025-01-10 11:27:00+05:30,445.8,446.2,445.6,445.85,5938,ITC
2025-01-10 11:28:00+05:30,445.75,446.05,445.35,445.7,24721,ITC
2025-01-10 11:29:00+05:30,445.6,446.25,445.5,446.15,27249,ITC
2025-01-10 11:30:00+05:30,446.15,446.55,446.15,446.55,20378,ITC
2025-01-10 11:31:00+05:30,446.5,446.7,446.2,446.55,15392,ITC
2025-01-10 11:32:00+05:30,446.55,446.65,446.25,446.25,11230,ITC
2025-01-10 11:33:00+05:30,446.25,446.3,445.5,445.8,14256,ITC
2025-01-10 11:34:00+05:30,445.6,446.0,445.55,445.8,29871,ITC
2025-01-10 11:35:00+05:30,445.75,445.85,445.6,445.8,14786,ITC
2025-01-10 11:36:00+05:30,445.75,445.75,445.5,445.55,4409,ITC
2025-01-10 11:37:00+05:30,445.5,446.0,445.5,445.9,16295,ITC
2025-01-10 11:38:00+05:30,445.9,446.25,445.6,445.95,25665,ITC
2025-01-10 11:39:00+05:30,445.95,446.25,445.6,445.7,13999,ITC
2025-01-10 11:40:00+05:30,445.65,445.85,445.55,445.65,14921,ITC
2025-01-10 11:41:00+05:30,445.6,445.75,445.4,445.45,16405,ITC
2025-01-10 11:42:00+05:30,445.4,445.5,444.5,444.7,47614,ITC
2025-01-10 11:43:00+05:30,444.65,444.9,444.6,444.6,19050,ITC
2025-01-10 11:44:00+05:30,444.6,444.9,444.6,444.8,10899,ITC
2025-01-10 11:45:00+05:30,444.75,444.75,444.1,444.4,26476,ITC
2025-01-10 11:46:00+05:30,444.4,444.7,444.25,444.5,14433,ITC
2025-01-10 11:47:00+05:30,444.55,444.95,444.55,444.75,9577,ITC
2025-01-10 11:48:00+05:30,444.75,444.95,444.7,444.95,7051,ITC
2025-01-10 11:49:00+05:30,444.85,445.2,444.85,445.1,11829,ITC
2025-01-10 11:50:00+05:30,445.1,445.25,444.85,445.15,6392,ITC
2025-01-10 11:51:00+05:30,445.15,445.45,444.95,444.95,13040,ITC
2025-01-10 11:52:00+05:30,444.95,445.1,444.55,444.65,17631,ITC
2025-01-10 11:53:00+05:30,444.6,444.9,444.4,444.55,51484,ITC
2025-01-10 11:54:00+05:30,444.4,444.6,444.3,444.45,8170,ITC
2025-01-10 11:55:00+05:30,444.45,444.45,444.1,444.25,10794,ITC
2025-01-10 11:56:00+05:30,444.2,444.3,444.1,444.3,16922,ITC
2025-01-10 11:57:00+05:30,444.25,444.7,444.2,444.45,13597,ITC
2025-01-10 11:58:00+05:30,444.45,444.95,444.3,444.9,16897,ITC
2025-01-10 11:59:00+05:30,444.75,444.85,444.5,444.65,14515,ITC
2025-01-10 12:00:00+05:30,444.6,444.75,444.3,444.6,15887,ITC
2025-01-10 12:01:00+05:30,444.5,444.55,444.2,444.25,6116,ITC
2025-01-10 12:02:00+05:30,444.25,444.55,444.25,444.4,4701,ITC
2025-01-10 12:03:00+05:30,444.4,444.75,444.4,444.65,9355,ITC
2025-01-10 12:04:00+05:30,444.6,444.65,444.45,444.5,6647,ITC
2025-01-10 12:05:00+05:30,444.5,444.7,444.4,444.55,11731,ITC
2025-01-10 12:06:00+05:30,444.55,444.75,444.45,444.45,12953,ITC
2025-01-10 12:07:00+05:30,444.45,444.55,444.45,444.55,2359,ITC
2025-01-10 12:08:00+05:30,444.5,444.65,444.35,444.45,23836,ITC
2025-01-10 12:09:00+05:30,444.4,444.55,444.3,444.35,6899,ITC
2025-01-10 12:10:00+05:30,444.3,444.4,444.05,444.2,12308,ITC
2025-01-10 12:11:00+05:30,444.05,444.75,444.05,444.2,88908,ITC
2025-01-10 12:12:00+05:30,444.2,444.8,444.2,444.75,7949,ITC
2025-01-10 12:13:00+05:30,444.75,445.0,444.6,444.85,14006,ITC
2025-01-10 12:14:00+05:30,444.6,444.95,444.45,444.7,7604,ITC
2025-01-10 12:15:00+05:30,444.7,445.45,444.7,445.25,9789,ITC
2025-01-10 12:16:00+05:30,445.25,445.5,445.25,445.45,14126,ITC
2025-01-10 12:17:00+05:30,445.4,445.45,445.15,445.15,7002,ITC
2025-01-10 12:18:00+05:30,445.15,445.6,445.15,445.6,18025,ITC
2025-01-10 12:19:00+05:30,445.6,445.65,445.2,445.25,10171,ITC
2025-01-10 12:20:00+05:30,445.2,445.45,445.2,445.45,5861,ITC
2025-01-10 12:21:00+05:30,445.4,445.55,445.15,445.15,10551,ITC
2025-01-10 12:22:00+05:30,445.15,445.25,444.6,444.75,8358,ITC
2025-01-10 12:23:00+05:30,444.7,445.1,444.6,445.1,10236,ITC
2025-01-10 12:24:00+05:30,444.9,444.95,444.6,444.7,5475,ITC
2025-01-10 12:25:00+05:30,444.7,444.9,444.6,444.75,7480,ITC
2025-01-10 12:26:00+05:30,444.55,444.75,444.55,444.6,5789,ITC
2025-01-10 12:27:00+05:30,444.65,444.85,444.4,444.45,11656,ITC
2025-01-10 12:28:00+05:30,444.45,444.75,444.45,444.5,11952,ITC
2025-01-10 12:29:00+05:30,444.5,444.65,444.2,444.2,10275,ITC
2025-01-10 12:30:00+05:30,444.2,444.45,444.2,444.25,12014,ITC
2025-01-10 12:31:00+05:30,444.25,444.45,444.2,444.4,12670,ITC
2025-01-10 12:32:00+05:30,444.2,444.45,444.2,444.4,6592,ITC
2025-01-10 12:33:00+05:30,444.35,444.45,444.25,444.3,8841,ITC
2025-01-10 12:34:00+05:30,444.35,444.35,444.0,444.05,46915,ITC
2025-01-10 12:35:00+05:30,444.0,444.25,444.0,444.25,13302,ITC
2025-01-10 12:36:00+05:30,444.2,444.25,443.95,444.05,24878,ITC
2025-01-10 12:37:00+05:30,444.0,444.35,443.85,443.95,22084,ITC
2025-01-10 12:38:00+05:30,443.95,444.0,443.5,443.75,34054,ITC
2025-01-10 12:39:00+05:30,443.7,443.95,443.6,443.7,31873,ITC
2025-01-10 12:40:00+05:30,443.65,443.95,443.65,443.95,16758,ITC
2025-01-10 12:41:00+05:30,443.85,443.95,443.7,443.75,8461,ITC
2025-01-10 12:42:00+05:30,443.75,444.45,443.7,444.4,18231,ITC
2025-01-10 12:43:00+05:30,444.4,444.8,444.2,444.4,16700,ITC
2025-01-10 12:44:00+05:30,444.4,444.5,444.05,444.3,6728,ITC
2025-01-10 12:45:00+05:30,444.35,444.45,443.9,443.95,9271,ITC
2025-01-10 12:46:00+05:30,443.9,444.15,443.9,444.0,13042,ITC
2025-01-10 12:47:00+05:30,444.0,444.2,443.85,443.9,11244,ITC
2025-01-10 12:48:00+05:30,443.9,444.0,443.65,443.85,13975,ITC
2025-01-10 12:49:00+05:30,443.8,444.55,443.8,444.3,15911,ITC
2025-01-10 12:50:00+05:30,444.35,444.5,444.0,444.1,8893,ITC
2025-01-10 12:51:00+05:30,444.1,444.3,444.0,444.0,19756,ITC
2025-01-10 12:52:00+05:30,444.0,444.25,443.85,443.9,12631,ITC
2025-01-10 12:53:00+05:30,443.9,444.1,443.85,443.95,5258,ITC
2025-01-10 12:54:00+05:30,443.95,444.4,443.95,444.15,11073,ITC
2025-01-10 12:55:00+05:30,444.15,444.3,444.1,444.15,5760,ITC
2025-01-10 12:56:00+05:30,444.15,444.4,444.1,444.35,11985,ITC
2025-01-10 12:57:00+05:30,444.25,444.75,444.25,444.6,18226,ITC
2025-01-10 12:58:00+05:30,444.6,444.7,444.4,444.55,14923,ITC
2025-01-10 12:59:00+05:30,444.55,444.7,444.15,444.15,8664,ITC
2025-01-10 13:00:00+05:30,444.3,444.45,444.15,444.3,6985,ITC
2025-01-10 13:01:00+05:30,444.3,444.5,444.1,444.45,10142,ITC
2025-01-10 13:02:00+05:30,444.35,444.8,444.3,444.8,7474,ITC
2025-01-10 13:03:00+05:30,444.65,444.75,444.3,444.5,19152,ITC
2025-01-10 13:04:00+05:30,444.5,444.55,444.3,444.5,6191,ITC
2025-01-10 13:05:00+05:30,444.45,444.65,444.3,444.4,12171,ITC
2025-01-10 13:06:00+05:30,444.4,444.9,444.35,444.6,28133,ITC
2025-01-10 13:07:00+05:30,444.6,445.2,444.6,445.0,25567,ITC
2025-01-10 13:08:00+05:30,445.0,445.1,444.6,444.6,26584,ITC
2025-01-10 13:09:00+05:30,444.6,444.8,444.6,444.75,8760,ITC
2025-01-10 13:10:00+05:30,444.75,444.8,444.2,444.45,12783,ITC
2025-01-10 13:11:00+05:30,444.4,444.85,444.4,444.75,25260,ITC
2025-01-10 13:12:00+05:30,444.7,444.9,444.55,444.6,8487,ITC
2025-01-10 13:13:00+05:30,444.55,444.7,444.4,444.55,9925,ITC
2025-01-10 13:14:00+05:30,444.55,444.7,444.5,444.6,8193,ITC
2025-01-10 13:15:00+05:30,444.6,444.75,444.5,444.75,11289,ITC
2025-01-10 13:16:00+05:30,444.7,444.8,444.45,444.75,13575,ITC
2025-01-10 13:17:00+05:30,444.7,445.25,444.7,445.1,15629,ITC
2025-01-10 13:18:00+05:30,445.1,445.25,444.8,444.8,9017,ITC
2025-01-10 13:19:00+05:30,444.85,445.1,444.8,444.9,7717,ITC
2025-01-10 13:20:00+05:30,444.85,444.9,444.7,444.75,10403,ITC
2025-01-10 13:21:00+05:30,444.7,444.8,444.3,444.45,11915,ITC
2025-01-10 13:22:00+05:30,444.5,444.6,444.3,444.4,10418,ITC
2025-01-10 13:23:00+05:30,444.35,444.45,444.15,444.2,13006,ITC
2025-01-10 13:24:00+05:30,444.2,444.4,444.1,444.2,11169,ITC
2025-01-10 13:25:00+05:30,444.2,444.9,444.2,444.65,24797,ITC
2025-01-10 13:26:00+05:30,444.65,444.7,444.25,444.4,8208,ITC
2025-01-10 13:27:00+05:30,444.35,444.4,444.0,444.05,12765,ITC
2025-01-10 13:28:00+05:30,444.05,444.25,443.85,443.9,18059,ITC
2025-01-10 13:29:00+05:30,443.9,444.1,443.8,443.9,21572,ITC
2025-01-10 13:30:00+05:30,443.85,444.3,443.8,444.1,16526,ITC
2025-01-10 13:31:00+05:30,444.1,444.3,443.95,444.15,12542,ITC
2025-01-10 13:32:00+05:30,444.15,444.3,444.0,444.2,9191,ITC
2025-01-10 13:33:00+05:30,444.2,444.3,443.95,443.95,12166,ITC
2025-01-10 13:34:00+05:30,443.95,444.2,443.7,443.85,16667,ITC
2025-01-10 13:35:00+05:30,443.85,444.05,443.75,443.85,15861,ITC
2025-01-10 13:36:00+05:30,443.85,444.1,443.85,444.0,9270,ITC
2025-01-10 13:37:00+05:30,443.95,444.1,443.85,443.95,11188,ITC
2025-01-10 13:38:00+05:30,443.95,444.0,443.85,443.9,9184,ITC
2025-01-10 13:39:00+05:30,443.9,443.95,443.7,443.7,9356,ITC
2025-01-10 13:40:00+05:30,443.7,444.25,443.7,444.25,18219,ITC
2025-01-10 13:41:00+05:30,444.2,444.4,444.0,444.1,21587,ITC
2025-01-10 13:42:00+05:30,444.1,444.5,444.1,444.3,12192,ITC
2025-01-10 13:43:00+05:30,444.3,444.6,444.3,444.55,10125,ITC
2025-01-10 13:44:00+05:30,444.5,445.2,444.5,445.15,29689,ITC
2025-01-10 13:45:00+05:30,445.15,445.55,445.15,445.45,30779,ITC
2025-01-10 13:46:00+05:30,445.45,445.9,445.4,445.55,25719,ITC
2025-01-10 13:47:00+05:30,445.55,445.85,445.25,445.5,22992,ITC
2025-01-10 13:48:00+05:30,445.5,445.7,445.45,445.6,15447,ITC
2025-01-10 13:49:00+05:30,445.6,445.95,445.6,445.85,18340,ITC
2025-01-10 13:50:00+05:30,445.8,445.9,445.65,445.75,14756,ITC
2025-01-10 13:51:00+05:30,445.75,445.95,445.7,445.8,17723,ITC
2025-01-10 13:52:00+05:30,445.8,445.95,445.7,445.8,13327,ITC
2025-01-10 13:53:00+05:30,445.8,445.85,445.65,445.65,15079,ITC
2025-01-10 13:54:00+05:30,445.7,445.7,445.25,445.55,15439,ITC
2025-01-10 13:55:00+05:30,445.55,445.8,445.3,445.7,18920,ITC
2025-01-10 13:56:00+05:30,445.7,445.85,445.55,445.75,12364,ITC
2025-01-10 13:57:00+05:30,445.75,446.45,445.65,446.4,32515,ITC
2025-01-10 13:58:00+05:30,446.4,446.45,446.2,446.4,17642,ITC
2025-01-10 13:59:00+05:30,446.4,446.7,446.3,446.6,21661,ITC
2025-01-10 14:00:00+05:30,446.65,446.9,446.45,446.6,24238,ITC
2025-01-10 14:01:00+05:30,446.6,446.7,446.2,446.6,28049,ITC
2025-01-10 14:02:00+05:30,446.65,446.65,446.2,446.35,16149,ITC
2025-01-10 14:03:00+05:30,446.35,446.4,446.0,446.1,17118,ITC
2025-01-10 14:04:00+05:30,446.1,446.3,446.0,446.05,18668,ITC
2025-01-10 14:05:00+05:30,446.1,446.35,446.1,446.1,14270,ITC
2025-01-10 14:06:00+05:30,446.25,446.35,445.8,445.95,21090,ITC
2025-01-10 14:07:00+05:30,445.95,446.1,445.6,445.7,51057,ITC
2025-01-10 14:08:00+05:30,445.7,445.85,445.4,445.5,49594,ITC
2025-01-10 14:09:00+05:30,445.4,445.6,445.2,445.25,15987,ITC
2025-01-10 14:10:00+05:30,445.35,445.45,445.15,445.35,18238,ITC
2025-01-10 14:11:00+05:30,445.35,445.45,445.0,445.1,55583,ITC
2025-01-10 14:12:00+05:30,445.1,445.15,444.45,444.65,80457,ITC
2025-01-10 14:13:00+05:30,444.65,444.95,444.55,444.85,26275,ITC
2025-01-10 14:14:00+05:30,444.95,444.95,444.75,444.95,14655,ITC
2025-01-10 14:15:00+05:30,444.8,444.95,444.7,444.75,18934,ITC
2025-01-10 14:16:00+05:30,444.75,444.95,444.4,444.75,25370,ITC
2025-01-10 14:17:00+05:30,444.75,444.85,444.4,444.4,20395,ITC
2025-01-10 14:18:00+05:30,444.4,445.0,444.4,444.9,25767,ITC
2025-01-10 14:19:00+05:30,444.85,445.0,444.5,444.75,16234,ITC
2025-01-10 14:20:00+05:30,444.75,444.95,444.4,444.7,17073,ITC
2025-01-10 14:21:00+05:30,444.7,444.9,444.5,444.8,14128,ITC
2025-01-10 14:22:00+05:30,444.8,445.0,444.55,444.7,23476,ITC
2025-01-10 14:23:00+05:30,444.7,445.0,444.6,444.7,23262,ITC
2025-01-10 14:24:00+05:30,444.6,444.8,444.35,444.4,22861,ITC
2025-01-10 14:25:00+05:30,444.35,444.65,444.35,444.5,28014,ITC
2025-01-10 14:26:00+05:30,444.5,444.8,444.4,444.8,19907,ITC
2025-01-10 14:27:00+05:30,444.75,445.0,444.65,444.8,23372,ITC
2025-01-10 14:28:00+05:30,444.9,445.0,444.6,444.65,30643,ITC
2025-01-10 14:29:00+05:30,444.65,444.95,444.65,444.8,28554,ITC
2025-01-10 14:30:00+05:30,444.8,445.3,444.7,445.0,27835,ITC
2025-01-10 14:31:00+05:30,445.05,445.55,445.0,445.15,35918,ITC
2025-01-10 14:32:00+05:30,445.2,445.35,445.0,445.1,27291,ITC
2025-01-10 14:33:00+05:30,445.1,445.15,444.7,444.8,24013,ITC
2025-01-10 14:34:00+05:30,444.8,445.0,444.6,444.9,29280,ITC
2025-01-10 14:35:00+05:30,444.9,444.9,444.4,444.8,38312,ITC
2025-01-10 14:36:00+05:30,444.85,445.0,444.45,445.0,32757,ITC
2025-01-10 14:37:00+05:30,445.0,445.0,444.75,444.95,26562,ITC
2025-01-10 14:38:00+05:30,444.95,445.2,444.95,445.05,18846,ITC
2025-01-10 14:39:00+05:30,445.05,445.5,445.05,445.35,23499,ITC
2025-01-10 14:40:00+05:30,445.2,445.45,445.05,445.1,20061,ITC
2025-01-10 14:41:00+05:30,445.1,445.15,444.95,445.0,22670,ITC
2025-01-10 14:42:00+05:30,445.0,445.15,444.85,444.95,21377,ITC
2025-01-10 14:43:00+05:30,444.9,445.1,444.75,445.05,33426,ITC
2025-01-10 14:44:00+05:30,445.0,445.1,444.85,445.05,15628,ITC
2025-01-10 14:45:00+05:30,445.05,445.15,445.0,445.0,18738,ITC
2025-01-10 14:46:00+05:30,445.0,445.15,445.0,445.05,16611,ITC
2025-01-10 14:47:00+05:30,445.0,445.15,445.0,445.1,16492,ITC
2025-01-10 14:48:00+05:30,445.1,445.2,444.95,444.95,16544,ITC
2025-01-10 14:49:00+05:30,444.95,445.15,444.95,445.0,15645,ITC
2025-01-10 14:50:00+05:30,445.0,445.1,444.95,445.1,18233,ITC
2025-01-10 14:51:00+05:30,445.0,445.15,444.9,445.1,26989,ITC
2025-01-10 14:52:00+05:30,445.0,445.15,444.9,444.95,17577,ITC
2025-01-10 14:53:00+05:30,444.9,445.0,444.8,444.9,33092,ITC
2025-01-10 14:54:00+05:30,444.9,444.95,444.6,444.7,17413,ITC
2025-01-10 14:55:00+05:30,444.7,444.9,444.6,444.75,21657,ITC
2025-01-10 14:56:00+05:30,444.7,444.8,444.4,444.55,22595,ITC
2025-01-10 14:57:00+05:30,444.5,444.6,444.4,444.4,29700,ITC
2025-01-10 14:58:00+05:30,444.4,444.8,444.1,444.25,111953,ITC
2025-01-10 14:59:00+05:30,444.25,444.45,444.0,444.15,42660,ITC
2025-01-10 15:00:00+05:30,444.1,444.45,444.05,444.35,27817,ITC
2025-01-10 15:01:00+05:30,444.35,444.4,444.0,444.15,30856,ITC
2025-01-10 15:02:00+05:30,444.15,444.65,444.1,444.65,47026,ITC
2025-01-10 15:03:00+05:30,444.6,444.7,444.35,444.6,44497,ITC
2025-01-10 15:04:00+05:30,444.6,444.8,444.3,444.4,44093,ITC
2025-01-10 15:05:00+05:30,444.4,444.45,444.3,444.35,22576,ITC
2025-01-10 15:06:00+05:30,444.35,444.6,444.3,444.45,34342,ITC
2025-01-10 15:07:00+05:30,444.5,444.85,444.3,444.8,29737,ITC
2025-01-10 15:08:00+05:30,444.75,445.1,444.75,445.0,31763,ITC
2025-01-10 15:09:00+05:30,445.05,445.15,445.0,445.1,37942,ITC
2025-01-10 15:10:00+05:30,445.1,445.45,445.1,445.4,45228,ITC
2025-01-10 15:11:00+05:30,445.35,445.5,445.15,445.15,40220,ITC
2025-01-10 15:12:00+05:30,445.15,445.35,445.15,445.35,32686,ITC
2025-01-10 15:13:00+05:30,445.3,445.35,444.8,444.9,52805,ITC
2025-01-10 15:14:00+05:30,444.9,445.15,444.85,445.0,34529,ITC
2025-01-10 15:15:00+05:30,445.0,445.45,445.0,445.25,47368,ITC
2025-01-10 15:16:00+05:30,445.25,445.4,445.0,445.0,43938,ITC
2025-01-10 15:17:00+05:30,445.0,445.25,445.0,445.0,41053,ITC
2025-01-10 15:18:00+05:30,445.0,445.25,445.0,445.05,44139,ITC
2025-01-10 15:19:00+05:30,445.05,445.4,445.05,445.3,39457,ITC
2025-01-10 15:20:00+05:30,445.4,445.5,445.05,445.2,57318,ITC
2025-01-10 15:21:00+05:30,445.1,445.3,445.1,445.3,31221,ITC
2025-01-10 15:22:00+05:30,445.25,445.4,445.1,445.2,45917,ITC
2025-01-10 15:23:00+05:30,445.1,445.3,445.0,445.2,43002,ITC
2025-01-10 15:24:00+05:30,445.15,445.3,445.0,445.05,40281,ITC
2025-01-10 15:25:00+05:30,445.1,445.3,445.0,445.15,161851,ITC
2025-01-10 15:26:00+05:30,445.0,445.2,444.65,444.75,131105,ITC
2025-01-10 15:27:00+05:30,444.75,445.0,444.7,444.95,90135,ITC
2025-01-10 15:28:00+05:30,444.9,445.0,444.65,444.7,82847,ITC
2025-01-10 15:29:00+05:30,444.8,445.0,443.65,443.85,120995,ITC
2025-01-13 09:15:00+05:30,435.0,439.7,435.0,439.55,429361,ITC
2025-01-13 09:16:00+05:30,439.6,439.75,437.55,438.8,126132,ITC
2025-01-13 09:17:00+05:30,438.8,439.85,438.25,439.8,61142,ITC
2025-01-13 09:18:00+05:30,439.8,440.25,439.3,440.0,154657,ITC
2025-01-13 09:19:00+05:30,440.0,440.0,439.0,439.45,58789,ITC
2025-01-13 09:20:00+05:30,439.5,439.6,438.9,439.1,70701,ITC
2025-01-13 09:21:00+05:30,438.9,439.6,438.0,439.45,54171,ITC
2025-01-13 09:22:00+05:30,439.6,440.2,439.0,439.3,43482,ITC
2025-01-13 09:23:00+05:30,439.3,440.0,438.8,439.9,93075,ITC
2025-01-13 09:24:00+05:30,439.9,440.7,439.8,440.25,139630,ITC
2025-01-13 09:25:00+05:30,440.25,441.0,440.0,440.45,38881,ITC
2025-01-13 09:26:00+05:30,440.4,440.8,440.0,440.45,23202,ITC
2025-01-13 09:27:00+05:30,440.55,441.05,440.05,440.85,34270,ITC
2025-01-13 09:28:00+05:30,441.0,441.25,440.25,440.95,40668,ITC
2025-01-13 09:29:00+05:30,440.75,441.0,439.95,439.95,36547,ITC
2025-01-13 09:30:00+05:30,440.1,440.2,439.5,439.7,41337,ITC
2025-01-13 09:31:00+05:30,439.7,440.3,439.5,440.1,13269,ITC
2025-01-13 09:32:00+05:30,440.15,440.7,440.05,440.45,11190,ITC
2025-01-13 09:33:00+05:30,440.45,440.65,440.05,440.45,13951,ITC
2025-01-13 09:34:00+05:30,440.5,440.6,439.85,440.5,15547,ITC
2025-01-13 09:35:00+05:30,440.5,440.65,440.25,440.55,9480,ITC
2025-01-13 09:36:00+05:30,440.7,441.65,440.55,441.2,58089,ITC
2025-01-13 09:37:00+05:30,441.2,441.85,441.1,441.5,40260,ITC
2025-01-13 09:38:00+05:30,441.5,442.0,441.2,441.5,61123,ITC
2025-01-13 09:39:00+05:30,441.35,441.55,440.5,440.65,25179,ITC
2025-01-13 09:40:00+05:30,440.65,441.2,440.35,440.85,33686,ITC
2025-01-13 09:41:00+05:30,440.85,440.85,440.35,440.35,12611,ITC
2025-01-13 09:42:00+05:30,440.35,440.65,440.1,440.65,10239,ITC
2025-01-13 09:43:00+05:30,440.55,440.8,440.2,440.45,7897,ITC
2025-01-13 09:44:00+05:30,440.45,440.7,440.25,440.45,8446,ITC
2025-01-13 09:45:00+05:30,440.6,440.6,439.8,440.2,28255,ITC
2025-01-13 09:46:00+05:30,440.25,441.45,440.15,440.95,23692,ITC
2025-01-13 09:47:00+05:30,441.0,441.25,440.55,440.9,8505,ITC
2025-01-13 09:48:00+05:30,441.0,441.35,440.55,441.3,9876,ITC
2025-01-13 09:49:00+05:30,441.25,441.35,441.0,441.35,11831,ITC
2025-01-13 09:50:00+05:30,441.3,441.5,441.05,441.25,11905,ITC
2025-01-13 09:51:00+05:30,441.3,441.5,440.7,440.9,15767,ITC
2025-01-13 09:52:00+05:30,440.7,440.75,440.1,440.45,15691,ITC
2025-01-13 09:53:00+05:30,440.5,441.05,440.4,440.95,14875,ITC
2025-01-13 09:54:00+05:30,440.95,441.2,440.5,440.8,9259,ITC
2025-01-13 09:55:00+05:30,440.95,441.4,440.8,441.25,12010,ITC
2025-01-13 09:56:00+05:30,441.2,441.45,440.75,441.0,15614,ITC
2025-01-13 09:57:00+05:30,440.85,441.0,440.4,440.95,13655,ITC
2025-01-13 09:58:00+05:30,440.8,441.0,440.6,440.8,7529,ITC
2025-01-13 09:59:00+05:30,440.8,441.0,440.6,441.0,9746,ITC
2025-01-13 10:00:00+05:30,441.0,441.4,440.75,440.9,12817,ITC
2025-01-13 10:01:00+05:30,440.75,441.45,440.55,441.3,16343,ITC
2025-01-13 10:02:00+05:30,441.3,441.7,441.05,441.5,22642,ITC
2025-01-13 10:03:00+05:30,441.45,441.75,440.75,441.1,33639,ITC
2025-01-13 10:04:00+05:30,441.1,441.35,440.6,440.75,12412,ITC
2025-01-13 10:05:00+05:30,440.75,440.9,440.5,440.9,7181,ITC
2025-01-13 10:06:00+05:30,440.9,441.3,440.8,441.15,10746,ITC
2025-01-13 10:07:00+05:30,441.3,441.45,441.15,441.4,16820,ITC
2025-01-13 10:08:00+05:30,441.45,441.5,441.05,441.35,32986,ITC
2025-01-13 10:09:00+05:30,441.1,441.45,441.05,441.45,32965,ITC
2025-01-13 10:10:00+05:30,441.4,441.75,441.25,441.75,18393,ITC
2025-01-13 10:11:00+05:30,441.75,442.0,441.5,441.8,25916,ITC
2025-01-13 10:12:00+05:30,441.8,442.0,441.5,441.9,14534,ITC
2025-01-13 10:13:00+05:30,441.7,442.0,441.65,441.95,6707,ITC
2025-01-13 10:14:00+05:30,441.95,442.0,441.55,441.55,11745,ITC
2025-01-13 10:15:00+05:30,441.6,441.6,441.1,441.55,16043,ITC
2025-01-13 10:16:00+05:30,441.65,441.9,441.35,441.6,13203,ITC
2025-01-13 10:17:00+05:30,441.55,441.65,441.15,441.45,18959,ITC
2025-01-13 10:18:00+05:30,441.45,441.5,441.0,441.25,11147,ITC
2025-01-13 10:19:00+05:30,441.05,441.5,441.0,441.35,10758,ITC
2025-01-13 10:20:00+05:30,441.35,441.6,441.3,441.5,6579,ITC
2025-01-13 10:21:00+05:30,441.5,441.6,441.3,441.4,7356,ITC
2025-01-13 10:22:00+05:30,441.35,441.55,441.2,441.45,25743,ITC
2025-01-13 10:23:00+05:30,441.55,441.9,441.3,441.5,33934,ITC
2025-01-13 10:24:00+05:30,441.5,442.0,441.5,441.9,15204,ITC
2025-01-13 10:25:00+05:30,441.8,441.9,441.5,441.7,16825,ITC
2025-01-13 10:26:00+05:30,441.7,442.05,441.7,441.9,8192,ITC
2025-01-13 10:27:00+05:30,441.8,441.95,441.45,441.7,16594,ITC
2025-01-13 10:28:00+05:30,441.55,441.95,441.4,441.45,14070,ITC
2025-01-13 10:29:00+05:30,441.6,442.25,441.4,442.05,56104,ITC
2025-01-13 10:30:00+05:30,442.05,442.3,441.95,442.0,142168,ITC
2025-01-13 10:31:00+05:30,441.8,442.5,441.8,442.15,147190,ITC
2025-01-13 10:32:00+05:30,442.2,442.5,442.0,442.15,33671,ITC
2025-01-13 10:33:00+05:30,442.15,442.6,442.05,442.15,21466,ITC
2025-01-13 10:34:00+05:30,442.35,442.35,442.0,442.15,11633,ITC
2025-01-13 10:35:00+05:30,442.1,442.2,442.0,442.05,9131,ITC
2025-01-13 10:36:00+05:30,442.0,442.4,442.0,442.25,19549,ITC
2025-01-13 10:37:00+05:30,442.4,442.5,442.2,442.25,11321,ITC
2025-01-13 10:38:00+05:30,442.2,442.35,442.0,442.05,11658,ITC
2025-01-13 10:39:00+05:30,442.05,442.2,442.0,442.15,12124,ITC
2025-01-13 10:40:00+05:30,442.15,442.15,442.0,442.05,13265,ITC
2025-01-13 10:41:00+05:30,442.05,442.1,442.0,442.0,39056,ITC
2025-01-13 10:42:00+05:30,442.0,442.05,441.75,442.05,163032,ITC
2025-01-13 10:43:00+05:30,442.0,442.15,442.0,442.05,29143,ITC
2025-01-13 10:44:00+05:30,442.0,442.35,442.0,442.2,18358,ITC
2025-01-13 10:45:00+05:30,442.35,442.45,442.1,442.2,9052,ITC
2025-01-13 10:46:00+05:30,442.2,442.4,442.05,442.3,10272,ITC
2025-01-13 10:47:00+05:30,442.35,442.5,442.2,442.3,8051,ITC
2025-01-13 10:48:00+05:30,442.4,442.4,442.0,442.1,9011,ITC
2025-01-13 10:49:00+05:30,442.05,442.1,441.9,442.0,37948,ITC
2025-01-13 10:50:00+05:30,442.0,442.05,442.0,442.0,30802,ITC
2025-01-13 10:51:00+05:30,442.0,442.3,442.0,442.15,14944,ITC
2025-01-13 10:52:00+05:30,442.1,442.25,442.0,442.1,10370,ITC
2025-01-13 10:53:00+05:30,442.1,442.45,442.05,442.05,12657,ITC
2025-01-13 10:54:00+05:30,442.05,442.25,442.0,442.05,13071,ITC
2025-01-13 10:55:00+05:30,442.05,442.05,441.9,442.0,22686,ITC
2025-01-13 10:56:00+05:30,442.05,442.15,441.55,441.8,33542,ITC
2025-01-13 10:57:00+05:30,441.6,442.15,441.2,442.0,64429,ITC
2025-01-13 10:58:00+05:30,442.05,442.15,442.0,442.0,9729,ITC
2025-01-13 10:59:00+05:30,442.0,442.05,441.65,441.8,14810,ITC
2025-01-13 11:00:00+05:30,441.8,442.15,441.6,442.05,10647,ITC
2025-01-13 11:01:00+05:30,442.15,442.25,442.0,442.15,15010,ITC
2025-01-13 11:02:00+05:30,442.2,442.25,442.0,442.0,22326,ITC
2025-01-13 11:03:00+05:30,442.05,442.05,442.0,442.0,16678,ITC
2025-01-13 11:04:00+05:30,442.05,442.15,441.85,442.05,11762,ITC
2025-01-13 11:05:00+05:30,442.05,442.2,441.85,442.0,9708,ITC
2025-01-13 11:06:00+05:30,442.0,442.3,441.95,441.95,21851,ITC
2025-01-13 11:07:00+05:30,441.95,442.1,441.85,442.0,19820,ITC
2025-01-13 11:08:00+05:30,442.0,442.0,441.8,441.9,16061,ITC
2025-01-13 11:09:00+05:30,441.9,442.15,441.8,442.0,21737,ITC
2025-01-13 11:10:00+05:30,442.0,442.2,441.95,442.0,12731,ITC
2025-01-13 11:11:00+05:30,442.1,442.1,441.8,441.85,75532,ITC
2025-01-13 11:12:00+05:30,441.9,442.1,441.85,442.05,27097,ITC
2025-01-13 11:13:00+05:30,442.0,442.05,441.75,441.75,13524,ITC
2025-01-13 11:14:00+05:30,441.85,441.85,441.75,441.75,13236,ITC
2025-01-13 11:15:00+05:30,441.75,441.8,441.15,441.15,14377,ITC
2025-01-13 11:16:00+05:30,441.35,441.35,441.05,441.2,9449,ITC
2025-01-13 11:17:00+05:30,441.2,441.5,441.05,441.3,17164,ITC
2025-01-13 11:18:00+05:30,441.3,441.3,440.75,440.9,18325,ITC
2025-01-13 11:19:00+05:30,440.9,440.95,440.55,440.9,16261,ITC
2025-01-13 11:20:00+05:30,440.9,440.9,440.45,440.7,15874,ITC
2025-01-13 11:21:00+05:30,440.7,440.7,440.25,440.4,10630,ITC
2025-01-13 11:22:00+05:30,440.4,440.45,440.05,440.45,15652,ITC
2025-01-13 11:23:00+05:30,440.45,440.45,440.15,440.3,11210,ITC
2025-01-13 11:24:00+05:30,440.3,440.5,440.05,440.5,16390,ITC
2025-01-13 11:25:00+05:30,440.5,440.5,440.05,440.05,15735,ITC
2025-01-13 11:26:00+05:30,440.25,440.25,440.0,440.05,11991,ITC
2025-01-13 11:27:00+05:30,440.05,440.35,440.05,440.25,13310,ITC
2025-01-13 11:28:00+05:30,440.15,440.25,440.0,440.2,11641,ITC
2025-01-13 11:29:00+05:30,440.1,440.5,440.0,440.5,11466,ITC
2025-01-13 11:30:00+05:30,440.5,440.65,440.25,440.6,9916,ITC
2025-01-13 11:31:00+05:30,440.6,440.6,440.25,440.4,6842,ITC
2025-01-13 11:32:00+05:30,440.25,440.4,440.05,440.35,21438,ITC
2025-01-13 11:33:00+05:30,440.35,440.75,440.0,440.55,50178,ITC
2025-01-13 11:34:00+05:30,440.55,440.65,440.35,440.6,5837,ITC
2025-01-13 11:35:00+05:30,440.4,440.65,440.4,440.6,13038,ITC
2025-01-13 11:36:00+05:30,440.6,440.7,440.35,440.6,8395,ITC
2025-01-13 11:37:00+05:30,440.7,440.75,440.5,440.75,9960,ITC
2025-01-13 11:38:00+05:30,440.75,440.95,440.5,440.9,10101,ITC
2025-01-13 11:39:00+05:30,440.9,440.95,440.65,440.9,8488,ITC
2025-01-13 11:40:00+05:30,440.7,441.55,440.7,441.25,21293,ITC
2025-01-13 11:41:00+05:30,441.25,441.5,441.2,441.45,14111,ITC
2025-01-13 11:42:00+05:30,441.35,441.55,440.75,440.95,16473,ITC
2025-01-13 11:43:00+05:30,440.9,441.65,440.65,441.25,122508,ITC
2025-01-13 11:44:00+05:30,441.25,441.25,440.9,441.0,7637,ITC
2025-01-13 11:45:00+05:30,441.15,441.3,440.9,440.9,10202,ITC
2025-01-13 11:46:00+05:30,441.1,441.3,440.9,441.2,8996,ITC
2025-01-13 11:47:00+05:30,441.3,441.3,440.9,441.3,8983,ITC
2025-01-13 11:48:00+05:30,441.3,441.3,441.05,441.2,10216,ITC
2025-01-13 11:49:00+05:30,441.15,441.3,441.0,441.15,8153,ITC
2025-01-13 11:50:00+05:30,441.15,441.3,440.95,441.2,25537,ITC
2025-01-13 11:51:00+05:30,441.15,441.25,440.85,440.9,7150,ITC
2025-01-13 11:52:00+05:30,440.95,441.05,440.6,441.0,13360,ITC
2025-01-13 11:53:00+05:30,441.0,441.0,440.4,440.45,9676,ITC
2025-01-13 11:54:00+05:30,440.6,440.6,440.25,440.3,7277,ITC
2025-01-13 11:55:00+05:30,440.3,440.45,440.15,440.4,17742,ITC
2025-01-13 11:56:00+05:30,440.4,440.95,440.15,440.55,17488,ITC
2025-01-13 11:57:00+05:30,440.65,440.65,440.2,440.45,10971,ITC
2025-01-13 11:58:00+05:30,440.45,440.5,440.05,440.45,14594,ITC
2025-01-13 11:59:00+05:30,440.5,440.55,440.3,440.5,3231,ITC
2025-01-13 12:00:00+05:30,440.5,441.35,440.5,441.2,38382,ITC
2025-01-13 12:01:00+05:30,441.35,441.35,441.05,441.35,12019,ITC
2025-01-13 12:02:00+05:30,441.35,441.35,441.05,441.35,17626,ITC
2025-01-13 12:03:00+05:30,441.35,441.35,441.3,441.35,3898,ITC
2025-01-13 12:04:00+05:30,441.35,441.8,441.35,441.5,35049,ITC
2025-01-13 12:05:00+05:30,441.4,441.65,441.4,441.55,6014,ITC
2025-01-13 12:06:00+05:30,441.55,441.85,441.5,441.85,16793,ITC
2025-01-13 12:07:00+05:30,441.65,442.05,441.55,441.65,20213,ITC
2025-01-13 12:08:00+05:30,441.65,441.85,441.4,441.55,11610,ITC
2025-01-13 12:09:00+05:30,441.55,441.65,441.4,441.6,11660,ITC
2025-01-13 12:10:00+05:30,441.45,441.65,441.4,441.65,14604,ITC
2025-01-13 12:11:00+05:30,441.55,442.1,441.55,441.85,32691,ITC
2025-01-13 12:12:00+05:30,441.95,442.1,441.75,441.9,22899,ITC
2025-01-13 12:13:00+05:30,441.9,441.9,441.45,441.65,19396,ITC
2025-01-13 12:14:00+05:30,441.45,441.7,441.35,441.5,11515,ITC
2025-01-13 12:15:00+05:30,441.5,441.7,441.35,441.55,35681,ITC
2025-01-13 12:16:00+05:30,441.55,441.95,441.5,441.55,25727,ITC
2025-01-13 12:17:00+05:30,441.6,441.95,441.35,441.55,29302,ITC
2025-01-13 12:18:00+05:30,441.55,441.65,440.65,440.9,71951,ITC
2025-01-13 12:19:00+05:30,440.9,440.95,440.2,440.25,31149,ITC
2025-01-13 12:20:00+05:30,440.45,440.75,440.25,440.65,22789,ITC
2025-01-13 12:21:00+05:30,440.65,441.0,440.35,441.0,22340,ITC
2025-01-13 12:22:00+05:30,441.0,441.35,440.95,441.0,15630,ITC
2025-01-13 12:23:00+05:30,441.15,441.6,441.1,441.3,17726,ITC
2025-01-13 12:24:00+05:30,441.35,441.55,440.95,441.05,17868,ITC
2025-01-13 12:25:00+05:30,441.0,441.1,440.75,441.0,15181,ITC
2025-01-13 12:26:00+05:30,440.95,441.1,440.9,441.05,15729,ITC
2025-01-13 12:27:00+05:30,441.05,441.5,440.9,441.35,17109,ITC
2025-01-13 12:28:00+05:30,441.35,441.35,441.0,441.1,11166,ITC
2025-01-13 12:29:00+05:30,441.1,441.15,440.65,440.8,13479,ITC
2025-01-13 12:30:00+05:30,440.8,441.3,440.75,441.05,15160,ITC
2025-01-13 12:31:00+05:30,441.1,441.2,440.75,440.9,17676,ITC
2025-01-13 12:32:00+05:30,440.8,441.45,440.8,441.35,16107,ITC
2025-01-13 12:33:00+05:30,441.3,441.65,441.2,441.3,23627,ITC
2025-01-13 12:34:00+05:30,441.2,441.4,441.05,441.25,48671,ITC
2025-01-13 12:35:00+05:30,441.05,441.25,440.8,441.1,28446,ITC
2025-01-13 12:36:00+05:30,441.15,441.15,440.7,441.0,33642,ITC
2025-01-13 12:37:00+05:30,440.95,441.0,440.7,440.85,37201,ITC
2025-01-13 12:38:00+05:30,440.7,440.9,440.55,440.8,20117,ITC
2025-01-13 12:39:00+05:30,440.8,440.9,440.6,440.8,41745,ITC
2025-01-13 12:40:00+05:30,440.8,440.85,440.55,440.75,18709,ITC
2025-01-13 12:41:00+05:30,440.6,440.8,440.45,440.65,21050,ITC
2025-01-13 12:42:00+05:30,440.65,440.75,440.2,440.3,27341,ITC
2025-01-13 12:43:00+05:30,440.25,440.6,440.05,440.55,34892,ITC
2025-01-13 12:44:00+05:30,440.55,440.6,440.3,440.55,17782,ITC
2025-01-13 12:45:00+05:30,440.4,440.75,440.25,440.65,15396,ITC
2025-01-13 12:46:00+05:30,440.65,440.75,440.35,440.5,29729,ITC
2025-01-13 12:47:00+05:30,440.5,440.9,440.4,440.65,19508,ITC
2025-01-13 12:48:00+05:30,440.55,440.7,440.3,440.55,20882,ITC
2025-01-13 12:49:00+05:30,440.55,440.65,440.3,440.45,22892,ITC
2025-01-13 12:50:00+05:30,440.3,440.5,440.25,440.45,14491,ITC
2025-01-13 12:51:00+05:30,440.45,440.5,440.05,440.45,14260,ITC
2025-01-13 12:52:00+05:30,440.45,440.5,440.2,440.45,14096,ITC
2025-01-13 12:53:00+05:30,440.4,440.6,440.3,440.45,15755,ITC
2025-01-13 12:54:00+05:30,440.4,440.5,440.2,440.25,10895,ITC
2025-01-13 12:55:00+05:30,440.35,440.35,440.0,440.1,13511,ITC
2025-01-13 12:56:00+05:30,440.05,440.25,439.8,440.15,34881,ITC
2025-01-13 12:57:00+05:30,440.05,440.3,439.8,440.15,17704,ITC
2025-01-13 12:58:00+05:30,440.1,440.15,439.9,440.0,13675,ITC
2025-01-13 12:59:00+05:30,440.0,440.5,440.0,440.5,20448,ITC
2025-01-13 13:00:00+05:30,440.45,440.7,440.25,440.7,38436,ITC
2025-01-13 13:01:00+05:30,440.65,441.1,440.5,441.1,56997,ITC
2025-01-13 13:02:00+05:30,441.1,441.1,440.6,440.8,9863,ITC
2025-01-13 13:03:00+05:30,440.7,440.9,440.4,440.55,25954,ITC
2025-01-13 13:04:00+05:30,440.55,440.8,440.3,440.75,39733,ITC
2025-01-13 13:05:00+05:30,440.75,441.0,440.6,440.8,117689,ITC
2025-01-13 13:06:00+05:30,440.8,441.0,440.55,440.9,16174,ITC
2025-01-13 13:07:00+05:30,440.9,441.0,440.65,440.95,19611,ITC
2025-01-13 13:08:00+05:30,440.75,441.0,440.55,440.75,18328,ITC
2025-01-13 13:09:00+05:30,440.75,440.95,440.55,440.85,13861,ITC
2025-01-13 13:10:00+05:30,440.85,440.95,440.55,440.9,15035,ITC
2025-01-13 13:11:00+05:30,440.8,440.9,440.3,440.5,14300,ITC
2025-01-13 13:12:00+05:30,440.3,440.6,440.05,440.1,33018,ITC
2025-01-13 13:13:00+05:30,440.25,440.25,439.75,439.9,14492,ITC
2025-01-13 13:14:00+05:30,439.9,439.95,439.5,439.5,12975,ITC
2025-01-13 13:15:00+05:30,439.65,439.7,439.35,439.6,17889,ITC
2025-01-13 13:16:00+05:30,439.5,440.0,439.5,440.0,12623,ITC
2025-01-13 13:17:00+05:30,440.0,440.0,439.75,439.8,10082,ITC
2025-01-13 13:18:00+05:30,439.75,439.95,439.7,439.9,8350,ITC
2025-01-13 13:19:00+05:30,439.8,439.95,439.6,439.95,25990,ITC
2025-01-13 13:20:00+05:30,439.95,440.5,439.8,440.15,33821,ITC
2025-01-13 13:21:00+05:30,440.15,440.45,440.1,440.25,13767,ITC
2025-01-13 13:22:00+05:30,440.1,440.25,439.65,440.0,19932,ITC
2025-01-13 13:23:00+05:30,440.0,440.1,439.8,440.05,15415,ITC
2025-01-13 13:24:00+05:30,440.0,440.3,440.0,440.1,12523,ITC
2025-01-13 13:25:00+05:30,439.95,440.1,439.8,440.05,12488,ITC
2025-01-13 13:26:00+05:30,440.0,440.05,439.55,439.75,20607,ITC
2025-01-13 13:27:00+05:30,439.65,439.95,439.6,439.95,14554,ITC
2025-01-13 13:28:00+05:30,439.95,440.1,439.7,439.95,26762,ITC
2025-01-13 13:29:00+05:30,439.85,440.75,439.8,440.55,34130,ITC
2025-01-13 13:30:00+05:30,440.55,440.55,440.2,440.5,14536,ITC
2025-01-13 13:31:00+05:30,440.5,440.5,440.15,440.35,11434,ITC
2025-01-13 13:32:00+05:30,440.35,440.55,439.9,440.05,16218,ITC
2025-01-13 13:33:00+05:30,440.05,440.5,439.8,439.9,33977,ITC
2025-01-13 13:34:00+05:30,439.95,440.35,439.6,439.7,23813,ITC
2025-01-13 13:35:00+05:30,439.7,439.75,439.25,439.4,31433,ITC
2025-01-13 13:36:00+05:30,439.4,439.6,439.15,439.55,15819,ITC
2025-01-13 13:37:00+05:30,439.5,439.6,439.25,439.6,16374,ITC
2025-01-13 13:38:00+05:30,439.6,439.6,439.15,439.35,18946,ITC
2025-01-13 13:39:00+05:30,439.35,439.45,439.1,439.25,22149,ITC
2025-01-13 13:40:00+05:30,439.25,440.25,439.15,440.2,28473,ITC
2025-01-13 13:41:00+05:30,440.2,440.3,439.8,439.85,17437,ITC
2025-01-13 13:42:00+05:30,439.85,440.05,439.7,440.0,16228,ITC
2025-01-13 13:43:00+05:30,440.0,440.45,439.85,440.2,19720,ITC
2025-01-13 13:44:00+05:30,440.15,440.7,440.1,440.6,21945,ITC
2025-01-13 13:45:00+05:30,440.6,440.85,440.25,440.45,15423,ITC
2025-01-13 13:46:00+05:30,440.45,440.75,440.4,440.65,18510,ITC
2025-01-13 13:47:00+05:30,440.65,440.8,440.45,440.65,15607,ITC
2025-01-13 13:48:00+05:30,440.55,440.65,440.3,440.4,15571,ITC
2025-01-13 13:49:00+05:30,440.4,440.45,439.95,440.0,17061,ITC
2025-01-13 13:50:00+05:30,440.0,440.4,439.75,440.2,24325,ITC
2025-01-13 13:51:00+05:30,440.2,440.4,439.8,440.3,21118,ITC
2025-01-13 13:52:00+05:30,440.25,440.5,440.0,440.25,22271,ITC
2025-01-13 13:53:00+05:30,440.2,441.85,440.2,441.35,77553,ITC
2025-01-13 13:54:00+05:30,441.25,441.7,441.0,441.3,50769,ITC
2025-01-13 13:55:00+05:30,441.35,441.4,440.95,441.1,32774,ITC
2025-01-13 13:56:00+05:30,441.1,441.45,440.75,441.35,59586,ITC
2025-01-13 13:57:00+05:30,441.3,441.5,441.25,441.35,56513,ITC
2025-01-13 13:58:00+05:30,441.3,441.45,441.25,441.35,52721,ITC
2025-01-13 13:59:00+05:30,441.35,442.3,441.3,441.95,110544,ITC
2025-01-13 14:00:00+05:30,441.95,442.1,441.75,442.05,24780,ITC
2025-01-13 14:01:00+05:30,442.05,442.35,441.55,441.65,37189,ITC
2025-01-13 14:02:00+05:30,441.65,442.3,441.55,441.85,248238,ITC
2025-01-13 14:03:00+05:30,441.85,441.85,441.35,441.6,25595,ITC
2025-01-13 14:04:00+05:30,441.6,441.75,441.3,441.55,40520,ITC
2025-01-13 14:05:00+05:30,441.5,442.0,441.45,442.0,55477,ITC
2025-01-13 14:06:00+05:30,442.0,442.0,441.6,441.9,49531,ITC
2025-01-13 14:07:00+05:30,441.7,441.9,441.35,441.5,20754,ITC
2025-01-13 14:08:00+05:30,441.5,441.7,441.2,441.45,35036,ITC
2025-01-13 14:09:00+05:30,441.4,441.45,441.2,441.4,18405,ITC
2025-01-13 14:10:00+05:30,441.35,441.55,441.2,441.45,38755,ITC
2025-01-13 14:11:00+05:30,441.45,441.9,441.4,441.75,50849,ITC
2025-01-13 14:12:00+05:30,441.75,442.0,441.45,441.9,28020,ITC
2025-01-13 14:13:00+05:30,442.0,442.2,441.8,442.05,41342,ITC
2025-01-13 14:14:00+05:30,442.0,442.65,441.75,442.3,85695,ITC
2025-01-13 14:15:00+05:30,442.35,442.5,442.15,442.45,34429,ITC
2025-01-13 14:16:00+05:30,442.35,442.9,442.2,442.9,74445,ITC
2025-01-13 14:17:00+05:30,442.9,443.0,442.8,442.95,36992,ITC
2025-01-13 14:18:00+05:30,442.95,443.3,442.9,443.1,37286,ITC
2025-01-13 14:19:00+05:30,443.15,443.25,443.0,443.0,33333,ITC
2025-01-13 14:20:00+05:30,443.0,443.6,442.95,443.35,53216,ITC
2025-01-13 14:21:00+05:30,443.5,444.0,443.35,443.85,50740,ITC
2025-01-13 14:22:00+05:30,443.9,443.9,443.05,443.25,72811,ITC
2025-01-13 14:23:00+05:30,443.15,443.35,442.5,442.75,52573,ITC
2025-01-13 14:24:00+05:30,442.6,443.0,442.6,442.65,28477,ITC
2025-01-13 14:25:00+05:30,442.65,443.0,442.6,442.9,48148,ITC
2025-01-13 14:26:00+05:30,442.75,443.25,442.65,443.05,121677,ITC
2025-01-13 14:27:00+05:30,443.05,443.4,443.0,443.25,31958,ITC
2025-01-13 14:28:00+05:30,443.2,443.4,442.65,442.9,319184,ITC
2025-01-13 14:29:00+05:30,442.9,443.0,442.6,442.65,27178,ITC
2025-01-13 14:30:00+05:30,442.6,442.9,442.55,442.65,35994,ITC
2025-01-13 14:31:00+05:30,442.6,442.7,441.9,442.05,77055,ITC
2025-01-13 14:32:00+05:30,442.05,442.3,441.8,441.8,39155,ITC
2025-01-13 14:33:00+05:30,441.8,442.25,441.65,442.1,35411,ITC
2025-01-13 14:34:00+05:30,442.0,442.35,441.9,441.95,78617,ITC
2025-01-13 14:35:00+05:30,441.95,442.45,441.85,442.15,58957,ITC
2025-01-13 14:36:00+05:30,442.15,442.6,442.05,442.45,47589,ITC
2025-01-13 14:37:00+05:30,442.45,442.6,440.9,441.25,285722,ITC
2025-01-13 14:38:00+05:30,441.05,441.35,440.75,440.9,169380,ITC
2025-01-13 14:39:00+05:30,440.9,441.0,439.95,440.25,197210,ITC
2025-01-13 14:40:00+05:30,440.25,440.35,439.7,440.0,260743,ITC
2025-01-13 14:41:00+05:30,439.95,440.25,439.5,439.65,76937,ITC
2025-01-13 14:42:00+05:30,439.5,439.75,438.85,439.6,250326,ITC
2025-01-13 14:43:00+05:30,439.6,440.0,439.0,439.7,366765,ITC
2025-01-13 14:44:00+05:30,439.9,440.55,439.7,439.9,83101,ITC
2025-01-13 14:45:00+05:30,439.9,440.2,439.75,440.0,63707,ITC
2025-01-13 14:46:00+05:30,439.95,440.05,439.8,440.0,88870,ITC
2025-01-13 14:47:00+05:30,440.0,440.05,439.8,439.95,61422,ITC
2025-01-13 14:48:00+05:30,439.95,440.2,439.8,439.95,136317,ITC
2025-01-13 14:49:00+05:30,439.95,440.0,439.6,439.7,27256,ITC
2025-01-13 14:50:00+05:30,439.7,439.7,439.4,439.6,30615,ITC
2025-01-13 14:51:00+05:30,439.6,439.65,439.4,439.6,23710,ITC
2025-01-13 14:52:00+05:30,439.6,439.95,439.4,439.8,33183,ITC
2025-01-13 14:53:00+05:30,439.8,439.9,439.65,439.8,26175,ITC
2025-01-13 14:54:00+05:30,439.7,440.0,439.55,439.65,32977,ITC
2025-01-13 14:55:00+05:30,439.75,439.75,438.9,439.0,200579,ITC
2025-01-13 14:56:00+05:30,439.0,439.0,438.75,438.95,45244,ITC
2025-01-13 14:57:00+05:30,438.95,439.0,438.85,439.0,48433,ITC
2025-01-13 14:58:00+05:30,438.9,439.0,438.7,439.0,54914,ITC
2025-01-13 14:59:00+05:30,438.8,439.25,438.8,439.0,113652,ITC
2025-01-13 15:00:00+05:30,438.85,439.3,438.5,439.0,194686,ITC
2025-01-13 15:01:00+05:30,439.0,440.3,438.95,439.2,497293,ITC
2025-01-13 15:02:00+05:30,439.4,439.55,438.95,439.0,457006,ITC
2025-01-13 15:03:00+05:30,438.95,439.2,438.85,439.0,123036,ITC
2025-01-13 15:04:00+05:30,438.95,439.1,438.85,438.95,58989,ITC
2025-01-13 15:05:00+05:30,438.95,439.1,438.75,439.0,107769,ITC
2025-01-13 15:06:00+05:30,439.0,439.45,438.9,439.2,402054,ITC
2025-01-13 15:07:00+05:30,439.0,439.25,438.9,439.0,171616,ITC
2025-01-13 15:08:00+05:30,439.0,439.25,438.8,439.0,213627,ITC
2025-01-13 15:09:00+05:30,439.05,439.35,438.8,439.05,199611,ITC
2025-01-13 15:10:00+05:30,439.15,439.4,438.9,439.0,184286,ITC
2025-01-13 15:11:00+05:30,439.0,439.1,438.9,438.95,114371,ITC
2025-01-13 15:12:00+05:30,438.95,439.1,438.9,439.0,92847,ITC
2025-01-13 15:13:00+05:30,439.0,439.1,438.95,439.0,113070,ITC
2025-01-13 15:14:00+05:30,439.0,439.15,438.95,439.0,128654,ITC
2025-01-13 15:15:00+05:30,439.0,439.05,438.85,439.0,81869,ITC
2025-01-13 15:16:00+05:30,439.0,439.2,438.8,439.0,138825,ITC
2025-01-13 15:17:00+05:30,439.0,439.1,438.95,439.0,147438,ITC
2025-01-13 15:18:00+05:30,439.0,439.2,438.95,439.0,193719,ITC
2025-01-13 15:19:00+05:30,439.0,439.2,438.95,439.0,169910,ITC
2025-01-13 15:20:00+05:30,439.0,439.25,438.9,439.2,222220,ITC
2025-01-13 15:21:00+05:30,439.2,439.5,438.9,439.25,308761,ITC
2025-01-13 15:22:00+05:30,439.05,439.25,438.95,439.1,133953,ITC
2025-01-13 15:23:00+05:30,439.0,439.9,438.95,439.0,323658,ITC
2025-01-13 15:24:00+05:30,438.95,439.35,438.95,438.95,164287,ITC
2025-01-13 15:25:00+05:30,438.95,439.15,438.95,439.0,113706,ITC
2025-01-13 15:26:00+05:30,438.95,439.1,438.95,439.0,100639,ITC
2025-01-13 15:27:00+05:30,438.95,439.05,438.9,438.95,62536,ITC
2025-01-13 15:28:00+05:30,438.9,439.05,438.8,439.0,77253,ITC
2025-01-13 15:29:00+05:30,439.0,439.1,438.85,439.0,45422,ITC
2025-01-14 09:15:00+05:30,441.0,441.45,439.65,439.65,93682,ITC
2025-01-14 09:16:00+05:30,439.8,440.95,439.5,440.15,38428,ITC
2025-01-14 09:17:00+05:30,440.4,440.85,439.55,439.85,25817,ITC
2025-01-14 09:18:00+05:30,440.0,440.0,439.05,439.55,35703,ITC
2025-01-14 09:19:00+05:30,439.6,439.95,439.25,439.75,25643,ITC
2025-01-14 09:20:00+05:30,439.8,439.8,438.7,439.0,59256,ITC
2025-01-14 09:21:00+05:30,438.8,439.05,438.05,438.25,36823,ITC
2025-01-14 09:22:00+05:30,438.25,438.8,438.0,438.2,106310,ITC
2025-01-14 09:23:00+05:30,438.2,438.6,438.05,438.35,24015,ITC
2025-01-14 09:24:00+05:30,438.15,438.95,438.15,438.75,38810,ITC
2025-01-14 09:25:00+05:30,438.6,440.0,438.4,439.55,86457,ITC
2025-01-14 09:26:00+05:30,439.7,440.1,439.05,439.35,90810,ITC
2025-01-14 09:27:00+05:30,439.35,439.45,438.95,439.1,24309,ITC
2025-01-14 09:28:00+05:30,439.2,439.55,439.05,439.25,28239,ITC
2025-01-14 09:29:00+05:30,439.25,439.5,438.6,439.3,43404,ITC
2025-01-14 09:30:00+05:30,439.3,439.35,438.3,438.55,60169,ITC
2025-01-14 09:31:00+05:30,438.55,438.55,437.75,438.0,86241,ITC
2025-01-14 09:32:00+05:30,438.0,438.0,437.75,438.0,23853,ITC
2025-01-14 09:33:00+05:30,438.0,438.0,437.8,438.0,26098,ITC
2025-01-14 09:34:00+05:30,438.0,438.05,437.7,437.9,24828,ITC
2025-01-14 09:35:00+05:30,437.7,438.2,437.6,438.0,52420,ITC
2025-01-14 09:36:00+05:30,437.95,440.25,437.95,439.1,74481,ITC
2025-01-14 09:37:00+05:30,439.2,439.2,438.35,438.6,34091,ITC
2025-01-14 09:38:00+05:30,438.65,439.3,438.4,438.7,28926,ITC
2025-01-14 09:39:00+05:30,438.7,438.9,438.45,438.7,17371,ITC
2025-01-14 09:40:00+05:30,438.55,438.7,438.1,438.3,19806,ITC
2025-01-14 09:41:00+05:30,438.3,438.5,438.1,438.4,17251,ITC
2025-01-14 09:42:00+05:30,438.5,439.0,438.35,438.9,32428,ITC
2025-01-14 09:43:00+05:30,438.9,439.05,438.45,438.7,21014,ITC
2025-01-14 09:44:00+05:30,438.7,438.85,438.15,438.4,34749,ITC
2025-01-14 09:45:00+05:30,438.4,438.45,438.0,438.1,20881,ITC
2025-01-14 09:46:00+05:30,438.25,438.85,438.05,438.5,17897,ITC
2025-01-14 09:47:00+05:30,438.5,439.0,438.45,438.9,33140,ITC
2025-01-14 09:48:00+05:30,438.9,439.0,438.5,438.95,11087,ITC
2025-01-14 09:49:00+05:30,438.95,439.0,438.5,438.55,20217,ITC
2025-01-14 09:50:00+05:30,438.5,438.75,438.3,438.75,23580,ITC
2025-01-14 09:51:00+05:30,438.75,438.95,438.6,438.7,16795,ITC
2025-01-14 09:52:00+05:30,438.65,439.0,438.55,439.0,17882,ITC
2025-01-14 09:53:00+05:30,439.0,439.55,438.9,439.35,34730,ITC
2025-01-14 09:54:00+05:30,439.2,439.9,439.1,439.75,35732,ITC
2025-01-14 09:55:00+05:30,439.75,439.75,439.15,439.3,20269,ITC
2025-01-14 09:56:00+05:30,439.45,439.95,439.3,439.6,22816,ITC
2025-01-14 09:57:00+05:30,439.7,439.75,439.4,439.45,23970,ITC
2025-01-14 09:58:00+05:30,439.6,439.65,439.4,439.65,17947,ITC
2025-01-14 09:59:00+05:30,439.65,439.8,439.0,439.0,24328,ITC
2025-01-14 10:00:00+05:30,439.2,439.35,438.6,438.8,26821,ITC
2025-01-14 10:01:00+05:30,438.7,439.25,438.6,439.2,33132,ITC
2025-01-14 10:02:00+05:30,439.2,439.25,438.8,439.2,24804,ITC
2025-01-14 10:03:00+05:30,439.2,439.25,438.95,439.15,21325,ITC
2025-01-14 10:04:00+05:30,439.05,439.1,438.75,438.9,19055,ITC
2025-01-14 10:05:00+05:30,438.9,438.95,438.25,438.4,31172,ITC
2025-01-14 10:06:00+05:30,438.4,438.8,438.2,438.55,107948,ITC
2025-01-14 10:07:00+05:30,438.55,438.65,437.9,438.45,51003,ITC
2025-01-14 10:08:00+05:30,438.45,439.05,438.4,439.0,26099,ITC
2025-01-14 10:09:00+05:30,439.0,439.25,438.85,439.25,21634,ITC
2025-01-14 10:10:00+05:30,439.25,439.5,438.65,439.0,22984,ITC
2025-01-14 10:11:00+05:30,439.0,439.15,438.75,439.0,17799,ITC
2025-01-14 10:12:00+05:30,438.95,439.35,438.8,439.25,17261,ITC
2025-01-14 10:13:00+05:30,439.25,439.25,438.85,439.1,19747,ITC
2025-01-14 10:14:00+05:30,439.1,439.1,438.75,438.95,15834,ITC
2025-01-14 10:15:00+05:30,439.0,439.15,438.75,439.15,12792,ITC
2025-01-14 10:16:00+05:30,439.15,439.35,438.95,439.0,25659,ITC
2025-01-14 10:17:00+05:30,439.0,439.4,438.75,439.15,17779,ITC
2025-01-14 10:18:00+05:30,439.15,439.35,438.65,439.05,49949,ITC
2025-01-14 10:19:00+05:30,439.05,439.35,438.8,439.15,14065,ITC
2025-01-14 10:20:00+05:30,439.15,439.5,439.1,439.45,12898,ITC
2025-01-14 10:21:00+05:30,439.45,439.6,439.1,439.3,20416,ITC
2025-01-14 10:22:00+05:30,439.3,439.7,439.1,439.45,24023,ITC
2025-01-14 10:23:00+05:30,439.45,439.7,439.25,439.4,19235,ITC
2025-01-14 10:24:00+05:30,439.35,439.55,439.0,439.25,34928,ITC
2025-01-14 10:25:00+05:30,439.25,439.25,438.95,439.15,28922,ITC
2025-01-14 10:26:00+05:30,439.15,439.2,438.9,439.1,15478,ITC
2025-01-14 10:27:00+05:30,439.1,439.25,438.95,439.1,15167,ITC
2025-01-14 10:28:00+05:30,439.1,439.1,438.75,438.8,18028,ITC
2025-01-14 10:29:00+05:30,438.8,439.0,438.6,438.75,20358,ITC
2025-01-14 10:30:00+05:30,438.75,438.75,438.1,438.25,31770,ITC
2025-01-14 10:31:00+05:30,438.25,438.75,438.1,438.75,17426,ITC
2025-01-14 10:32:00+05:30,438.75,438.75,438.1,438.2,24744,ITC
2025-01-14 10:33:00+05:30,438.2,438.6,438.05,438.55,15136,ITC
2025-01-14 10:34:00+05:30,438.55,438.6,438.1,438.5,33225,ITC
2025-01-14 10:35:00+05:30,438.35,438.6,438.1,438.3,24787,ITC
2025-01-14 10:36:00+05:30,438.2,438.7,438.15,438.65,19833,ITC
2025-01-14 10:37:00+05:30,438.65,438.8,438.4,438.6,21573,ITC
2025-01-14 10:38:00+05:30,438.6,438.75,438.4,438.7,19171,ITC
2025-01-14 10:39:00+05:30,438.7,438.7,438.25,438.45,26242,ITC
2025-01-14 10:40:00+05:30,438.45,439.25,438.3,439.25,43353,ITC
2025-01-14 10:41:00+05:30,439.25,439.25,438.4,438.6,29736,ITC
2025-01-14 10:42:00+05:30,438.6,438.8,438.3,438.55,18307,ITC
2025-01-14 10:43:00+05:30,438.55,438.65,438.3,438.4,18320,ITC
2025-01-14 10:44:00+05:30,438.35,438.5,438.15,438.25,19372,ITC
2025-01-14 10:45:00+05:30,438.25,438.3,437.75,437.95,46909,ITC
2025-01-14 10:46:00+05:30,437.95,438.25,437.8,438.25,29858,ITC
2025-01-14 10:47:00+05:30,438.25,438.85,438.15,438.65,36667,ITC
2025-01-14 10:48:00+05:30,438.7,439.05,438.5,439.05,19322,ITC
2025-01-14 10:49:00+05:30,439.05,439.4,438.65,439.15,24957,ITC
2025-01-14 10:50:00+05:30,439.15,439.35,438.15,438.45,33525,ITC
2025-01-14 10:51:00+05:30,438.3,438.75,438.25,438.25,40742,ITC
2025-01-14 10:52:00+05:30,438.25,438.6,438.1,438.25,29895,ITC
2025-01-14 10:53:00+05:30,438.25,438.7,438.25,438.6,28843,ITC
2025-01-14 10:54:00+05:30,438.55,438.7,438.35,438.6,17933,ITC
2025-01-14 10:55:00+05:30,438.6,438.95,438.4,438.75,20708,ITC
2025-01-14 10:56:00+05:30,438.75,438.75,438.4,438.5,64641,ITC
2025-01-14 10:57:00+05:30,438.55,439.0,438.5,438.7,46153,ITC
2025-01-14 10:58:00+05:30,438.7,439.25,438.6,438.95,52256,ITC
2025-01-14 10:59:00+05:30,438.8,439.0,438.65,438.75,34597,ITC
2025-01-14 11:00:00+05:30,438.8,438.95,438.3,438.45,42609,ITC
2025-01-14 11:01:00+05:30,438.3,438.55,438.1,438.5,45549,ITC
2025-01-14 11:02:00+05:30,438.35,438.6,438.2,438.5,58005,ITC
2025-01-14 11:03:00+05:30,438.4,438.6,438.2,438.25,28875,ITC
2025-01-14 11:04:00+05:30,438.25,438.4,437.8,438.0,59065,ITC
2025-01-14 11:05:00+05:30,437.8,438.3,437.7,438.25,36622,ITC
2025-01-14 11:06:00+05:30,438.15,438.65,437.95,438.6,52892,ITC
2025-01-14 11:07:00+05:30,438.4,438.9,438.3,438.6,62884,ITC
2025-01-14 11:08:00+05:30,438.45,439.3,438.45,439.2,78681,ITC
2025-01-14 11:09:00+05:30,439.2,439.2,438.45,438.7,55541,ITC
2025-01-14 11:10:00+05:30,438.7,438.85,438.3,438.45,50498,ITC
2025-01-14 11:11:00+05:30,438.45,439.1,438.35,438.9,57807,ITC
2025-01-14 11:12:00+05:30,439.1,439.15,438.75,438.9,43436,ITC
2025-01-14 11:13:00+05:30,439.0,439.1,438.65,438.7,40021,ITC
2025-01-14 11:14:00+05:30,438.85,438.9,438.35,438.6,31373,ITC
2025-01-14 11:15:00+05:30,438.6,439.45,438.6,439.3,36865,ITC
2025-01-14 11:16:00+05:30,439.45,440.35,439.35,439.65,81569,ITC
2025-01-14 11:17:00+05:30,439.6,439.85,439.5,439.85,29445,ITC
2025-01-14 11:18:00+05:30,439.85,440.0,439.65,439.75,38914,ITC
2025-01-14 11:19:00+05:30,439.75,439.8,439.25,439.4,27333,ITC
2025-01-14 11:20:00+05:30,439.25,440.35,439.15,440.2,64093,ITC
2025-01-14 11:21:00+05:30,440.3,440.45,440.1,440.4,38230,ITC
2025-01-14 11:22:00+05:30,440.4,441.0,440.05,440.35,144699,ITC
2025-01-14 11:23:00+05:30,440.35,440.35,439.85,440.3,52936,ITC
2025-01-14 11:24:00+05:30,440.25,440.95,440.25,440.8,46951,ITC
2025-01-14 11:25:00+05:30,440.8,440.95,440.6,440.95,30425,ITC
2025-01-14 11:26:00+05:30,440.8,441.5,440.8,441.35,58865,ITC
2025-01-14 11:27:00+05:30,441.25,441.5,440.8,440.9,76606,ITC
2025-01-14 11:28:00+05:30,440.9,441.0,440.75,440.9,23079,ITC
2025-01-14 11:29:00+05:30,440.8,441.0,440.55,440.8,36226,ITC
2025-01-14 11:30:00+05:30,440.8,440.85,440.25,440.5,26943,ITC
2025-01-14 11:31:00+05:30,440.4,440.55,440.05,440.2,35086,ITC
2025-01-14 11:32:00+05:30,440.1,440.95,440.05,440.4,173293,ITC
2025-01-14 11:33:00+05:30,440.4,440.4,439.75,439.95,70851,ITC
2025-01-14 11:34:00+05:30,439.95,440.0,439.75,440.0,33101,ITC
2025-01-14 11:35:00+05:30,439.9,440.0,439.75,439.95,31474,ITC
2025-01-14 11:36:00+05:30,439.75,440.0,439.75,439.9,26928,ITC
2025-01-14 11:37:00+05:30,440.0,440.0,439.5,439.65,55868,ITC
2025-01-14 11:38:00+05:30,439.65,440.0,439.55,439.9,25576,ITC
2025-01-14 11:39:00+05:30,439.9,440.0,439.35,439.35,23513,ITC
2025-01-14 11:40:00+05:30,439.55,439.8,439.35,439.7,24453,ITC
2025-01-14 11:41:00+05:30,439.6,439.65,439.2,439.4,33060,ITC
2025-01-14 11:42:00+05:30,439.35,439.4,439.05,439.2,26237,ITC
2025-01-14 11:43:00+05:30,439.2,439.25,439.05,439.25,23577,ITC
2025-01-14 11:44:00+05:30,439.15,439.4,439.05,439.05,43555,ITC
2025-01-14 11:45:00+05:30,439.2,439.4,439.0,439.2,51631,ITC
2025-01-14 11:46:00+05:30,439.2,439.4,439.05,439.35,26934,ITC
2025-01-14 11:47:00+05:30,439.35,439.9,439.3,439.4,37741,ITC
2025-01-14 11:48:00+05:30,439.4,439.95,439.4,439.75,20004,ITC
2025-01-14 11:49:00+05:30,439.75,440.35,439.6,439.9,117440,ITC
2025-01-14 11:50:00+05:30,439.9,440.35,439.75,440.15,38901,ITC
2025-01-14 11:51:00+05:30,440.15,440.4,440.0,440.0,16607,ITC
2025-01-14 11:52:00+05:30,440.15,440.65,440.1,440.65,20481,ITC
2025-01-14 11:53:00+05:30,440.65,440.7,440.25,440.4,40663,ITC
2025-01-14 11:54:00+05:30,440.3,440.45,439.65,439.8,133607,ITC
2025-01-14 11:55:00+05:30,439.95,440.0,439.65,440.0,71931,ITC
2025-01-14 11:56:00+05:30,440.0,440.0,439.7,440.0,49542,ITC
2025-01-14 11:57:00+05:30,440.0,440.0,439.75,440.0,49181,ITC
2025-01-14 11:58:00+05:30,440.0,440.0,439.65,439.8,47883,ITC
2025-01-14 11:59:00+05:30,439.8,440.0,439.65,440.0,72476,ITC
2025-01-14 12:00:00+05:30,439.95,440.0,439.4,439.55,50163,ITC
2025-01-14 12:01:00+05:30,439.7,439.8,439.45,439.45,18209,ITC
2025-01-14 12:02:00+05:30,439.6,440.0,439.6,439.8,19900,ITC
2025-01-14 12:03:00+05:30,439.8,439.9,439.55,439.65,25995,ITC
2025-01-14 12:04:00+05:30,439.65,439.85,439.35,439.65,24499,ITC
2025-01-14 12:05:00+05:30,439.65,439.7,439.3,439.6,28854,ITC
2025-01-14 12:06:00+05:30,439.6,439.65,439.2,439.3,36799,ITC
2025-01-14 12:07:00+05:30,439.3,439.4,438.9,439.0,146147,ITC
2025-01-14 12:08:00+05:30,439.0,439.4,438.85,439.3,32547,ITC
2025-01-14 12:09:00+05:30,439.35,440.2,439.3,440.0,46516,ITC
2025-01-14 12:10:00+05:30,440.0,440.35,439.9,440.1,33224,ITC
2025-01-14 12:11:00+05:30,440.1,440.25,439.85,440.05,25097,ITC
2025-01-14 12:12:00+05:30,440.15,440.2,439.6,439.75,29670,ITC
2025-01-14 12:13:00+05:30,439.85,440.15,439.75,440.0,27427,ITC
2025-01-14 12:14:00+05:30,440.0,440.1,439.7,440.0,26891,ITC
2025-01-14 12:15:00+05:30,440.0,440.15,439.75,440.05,30377,ITC
2025-01-14 12:16:00+05:30,440.05,440.2,439.75,439.85,31212,ITC
2025-01-14 12:17:00+05:30,439.85,440.05,439.75,440.0,29749,ITC
2025-01-14 12:18:00+05:30,440.0,440.15,439.8,440.15,38144,ITC
2025-01-14 12:19:00+05:30,440.0,440.45,439.9,440.45,25654,ITC
2025-01-14 12:20:00+05:30,440.45,440.9,440.35,440.6,38055,ITC
2025-01-14 12:21:00+05:30,440.6,440.6,439.85,440.05,32553,ITC
2025-01-14 12:22:00+05:30,440.05,440.1,439.85,440.05,19612,ITC
2025-01-14 12:23:00+05:30,440.05,440.4,439.95,440.25,24014,ITC
2025-01-14 12:24:00+05:30,440.25,440.45,439.6,440.25,110330,ITC
2025-01-14 12:25:00+05:30,440.3,440.45,439.85,440.1,70154,ITC
2025-01-14 12:26:00+05:30,440.1,440.4,439.95,440.4,47879,ITC
2025-01-14 12:27:00+05:30,440.4,440.6,440.1,440.3,27548,ITC
2025-01-14 12:28:00+05:30,440.4,440.55,440.3,440.4,21181,ITC
2025-01-14 12:29:00+05:30,440.4,440.55,440.2,440.45,27848,ITC
2025-01-14 12:30:00+05:30,440.45,440.65,440.25,440.65,24250,ITC
2025-01-14 12:31:00+05:30,440.65,440.75,440.45,440.5,25513,ITC
2025-01-14 12:32:00+05:30,440.7,440.9,440.45,440.75,28429,ITC
2025-01-14 12:33:00+05:30,440.9,440.9,440.4,440.75,43075,ITC
2025-01-14 12:34:00+05:30,440.75,440.85,440.25,440.5,35946,ITC
2025-01-14 12:35:00+05:30,440.5,440.75,440.35,440.65,26065,ITC
2025-01-14 12:36:00+05:30,440.65,440.75,440.2,440.25,25997,ITC
2025-01-14 12:37:00+05:30,440.45,440.65,440.05,440.25,28548,ITC
2025-01-14 12:38:00+05:30,440.25,440.3,439.8,440.25,23550,ITC
2025-01-14 12:39:00+05:30,440.25,440.55,440.2,440.35,18383,ITC
2025-01-14 12:40:00+05:30,440.35,440.55,440.25,440.4,21669,ITC
2025-01-14 12:41:00+05:30,440.35,440.65,440.0,440.15,41612,ITC
2025-01-14 12:42:00+05:30,440.3,440.45,439.95,440.2,26350,ITC
2025-01-14 12:43:00+05:30,440.3,440.35,439.85,440.0,16721,ITC
2025-01-14 12:44:00+05:30,439.85,440.1,439.75,440.0,24552,ITC
2025-01-14 12:45:00+05:30,440.05,440.25,439.75,439.95,22552,ITC
2025-01-14 12:46:00+05:30,439.95,440.1,439.6,439.75,31834,ITC
2025-01-14 12:47:00+05:30,439.75,439.9,438.85,439.2,56712,ITC
2025-01-14 12:48:00+05:30,439.2,439.55,439.05,439.5,30552,ITC
2025-01-14 12:49:00+05:30,439.4,439.65,439.25,439.55,25623,ITC
2025-01-14 12:50:00+05:30,439.6,439.65,438.6,439.05,108960,ITC
2025-01-14 12:51:00+05:30,439.05,439.05,437.9,438.1,217484,ITC
2025-01-14 12:52:00+05:30,438.1,438.2,437.85,438.1,28175,ITC
2025-01-14 12:53:00+05:30,438.15,438.25,437.7,438.0,36097,ITC
2025-01-14 12:54:00+05:30,437.95,437.95,437.35,437.5,45738,ITC
2025-01-14 12:55:00+05:30,437.7,437.7,437.2,437.4,27281,ITC
2025-01-14 12:56:00+05:30,437.45,437.75,436.95,437.75,56655,ITC
2025-01-14 12:57:00+05:30,437.75,437.9,437.55,437.75,33144,ITC
2025-01-14 12:58:00+05:30,437.6,437.9,437.3,437.45,58590,ITC
2025-01-14 12:59:00+05:30,437.45,437.75,437.05,437.1,76353,ITC
2025-01-14 13:00:00+05:30,437.3,437.3,436.85,437.05,40034,ITC
2025-01-14 13:01:00+05:30,437.05,437.6,436.85,437.5,60648,ITC
2025-01-14 13:02:00+05:30,437.5,437.5,437.2,437.35,28148,ITC
2025-01-14 13:03:00+05:30,437.35,438.0,437.25,437.9,30494,ITC
2025-01-14 13:04:00+05:30,437.9,438.0,437.7,438.0,28714,ITC
2025-01-14 13:05:00+05:30,438.0,438.0,437.65,437.95,38639,ITC
2025-01-14 13:06:00+05:30,437.95,438.0,437.5,437.6,57014,ITC
2025-01-14 13:07:00+05:30,437.6,437.8,437.1,437.4,121998,ITC
2025-01-14 13:08:00+05:30,437.2,437.65,437.2,437.25,41898,ITC
2025-01-14 13:09:00+05:30,437.25,437.6,437.05,437.55,68431,ITC
2025-01-14 13:10:00+05:30,437.55,437.75,437.1,437.4,40348,ITC
2025-01-14 13:11:00+05:30,437.4,437.5,437.0,437.2,68652,ITC
2025-01-14 13:12:00+05:30,437.2,437.85,437.1,437.7,46476,ITC
2025-01-14 13:13:00+05:30,437.8,437.85,437.3,437.5,31855,ITC
2025-01-14 13:14:00+05:30,437.35,437.9,437.35,437.75,34990,ITC
2025-01-14 13:15:00+05:30,437.75,437.85,437.45,437.8,26712,ITC
2025-01-14 13:16:00+05:30,437.8,437.85,437.5,437.75,18022,ITC
2025-01-14 13:17:00+05:30,437.75,437.8,437.4,437.75,18600,ITC
2025-01-14 13:18:00+05:30,437.75,437.75,437.3,437.6,22464,ITC
2025-01-14 13:19:00+05:30,437.6,437.7,437.35,437.6,21683,ITC
2025-01-14 13:20:00+05:30,437.6,437.75,437.4,437.75,20061,ITC
2025-01-14 13:21:00+05:30,437.75,437.8,437.45,437.75,23710,ITC
2025-01-14 13:22:00+05:30,437.75,437.9,437.4,437.85,20845,ITC
2025-01-14 13:23:00+05:30,437.75,437.9,437.5,437.8,37825,ITC
2025-01-14 13:24:00+05:30,437.8,437.85,437.45,437.7,31883,ITC
2025-01-14 13:25:00+05:30,437.85,438.0,437.7,438.0,16553,ITC
2025-01-14 13:26:00+05:30,437.8,438.05,437.7,437.9,24042,ITC
2025-01-14 13:27:00+05:30,437.9,438.0,437.7,438.0,24430,ITC
2025-01-14 13:28:00+05:30,438.0,438.1,437.75,438.0,25886,ITC
2025-01-14 13:29:00+05:30,438.0,438.0,437.7,437.9,19086,ITC
2025-01-14 13:30:00+05:30,437.85,437.95,437.6,437.95,22741,ITC
2025-01-14 13:31:00+05:30,437.95,438.0,437.65,437.95,22688,ITC
2025-01-14 13:32:00+05:30,437.95,438.0,437.8,437.95,23642,ITC
2025-01-14 13:33:00+05:30,437.95,438.0,437.7,438.0,32829,ITC
2025-01-14 13:34:00+05:30,438.0,438.0,437.75,438.0,23262,ITC
2025-01-14 13:35:00+05:30,438.0,438.0,437.7,437.9,19873,ITC
2025-01-14 13:36:00+05:30,438.0,438.0,437.7,437.9,27380,ITC
2025-01-14 13:37:00+05:30,437.85,438.0,437.8,438.0,18653,ITC
2025-01-14 13:38:00+05:30,437.95,438.05,437.75,437.95,26454,ITC
2025-01-14 13:39:00+05:30,437.9,438.05,437.75,438.0,22464,ITC
2025-01-14 13:40:00+05:30,438.0,438.05,436.55,436.6,267398,ITC
2025-01-14 13:41:00+05:30,436.8,437.0,436.4,436.85,70513,ITC
2025-01-14 13:42:00+05:30,436.8,437.1,436.65,436.8,51302,ITC
2025-01-14 13:43:00+05:30,436.8,436.95,436.55,436.85,27059,ITC
2025-01-14 13:44:00+05:30,436.85,436.85,436.55,436.6,21730,ITC
2025-01-14 13:45:00+05:30,436.75,436.8,436.25,436.5,29450,ITC
2025-01-14 13:46:00+05:30,436.45,436.55,436.3,436.55,24467,ITC
2025-01-14 13:47:00+05:30,436.55,436.65,436.35,436.4,30154,ITC
2025-01-14 13:48:00+05:30,436.3,436.7,436.3,436.7,31212,ITC
2025-01-14 13:49:00+05:30,436.7,436.85,436.5,436.75,24144,ITC
2025-01-14 13:50:00+05:30,436.75,436.9,436.5,436.9,20491,ITC
2025-01-14 13:51:00+05:30,436.85,437.0,436.65,437.0,24668,ITC
2025-01-14 13:52:00+05:30,437.0,437.05,436.65,436.75,18021,ITC
2025-01-14 13:53:00+05:30,436.9,437.0,436.75,437.0,26528,ITC
2025-01-14 13:54:00+05:30,436.95,437.0,436.7,436.9,28025,ITC
2025-01-14 13:55:00+05:30,436.9,437.35,436.75,437.0,140828,ITC
2025-01-14 13:56:00+05:30,437.0,437.05,436.7,437.0,51994,ITC
2025-01-14 13:57:00+05:30,437.0,437.0,436.8,437.0,38399,ITC
2025-01-14 13:58:00+05:30,437.0,437.05,436.75,437.05,49388,ITC
2025-01-14 13:59:00+05:30,437.05,437.2,436.8,437.0,92821,ITC
2025-01-14 14:00:00+05:30,437.0,437.0,436.8,437.0,62732,ITC
2025-01-14 14:01:00+05:30,437.0,437.05,436.7,437.05,27809,ITC
2025-01-14 14:02:00+05:30,437.05,437.1,436.7,436.95,48133,ITC
2025-01-14 14:03:00+05:30,436.95,437.0,436.3,436.55,44770,ITC
2025-01-14 14:04:00+05:30,436.55,436.65,436.35,436.6,23840,ITC
2025-01-14 14:05:00+05:30,436.55,436.9,436.3,436.9,27364,ITC
2025-01-14 14:06:00+05:30,436.9,437.0,436.65,437.0,21791,ITC
2025-01-14 14:07:00+05:30,437.0,437.0,436.65,436.75,24362,ITC
2025-01-14 14:08:00+05:30,436.95,436.95,436.6,436.95,27680,ITC
2025-01-14 14:09:00+05:30,436.95,437.0,436.75,437.0,30408,ITC
2025-01-14 14:10:00+05:30,437.0,437.05,436.8,436.95,79226,ITC
2025-01-14 14:11:00+05:30,436.95,437.0,436.8,437.0,55938,ITC
2025-01-14 14:12:00+05:30,437.0,437.3,436.8,437.0,108417,ITC
2025-01-14 14:13:00+05:30,436.95,437.1,436.65,436.85,54217,ITC
2025-01-14 14:14:00+05:30,436.85,437.0,436.7,437.0,31255,ITC
2025-01-14 14:15:00+05:30,436.95,437.0,436.65,436.9,53237,ITC
2025-01-14 14:16:00+05:30,436.9,437.0,436.55,436.85,50235,ITC
2025-01-14 14:17:00+05:30,436.7,437.1,436.6,436.75,54380,ITC
2025-01-14 14:18:00+05:30,436.9,437.1,436.5,436.65,32488,ITC
2025-01-14 14:19:00+05:30,436.65,436.7,436.1,436.4,53855,ITC
2025-01-14 14:20:00+05:30,436.3,436.5,436.2,436.4,47107,ITC
2025-01-14 14:21:00+05:30,436.4,436.5,436.05,436.15,35795,ITC
2025-01-14 14:22:00+05:30,436.2,436.45,436.1,436.3,26871,ITC
2025-01-14 14:23:00+05:30,436.3,436.8,436.3,436.6,44934,ITC
2025-01-14 14:24:00+05:30,436.6,436.85,436.35,436.7,27607,ITC
2025-01-14 14:25:00+05:30,436.7,436.8,436.3,436.4,34622,ITC
2025-01-14 14:26:00+05:30,436.4,436.55,436.15,436.2,52089,ITC
2025-01-14 14:27:00+05:30,436.2,436.4,435.85,436.15,62615,ITC
2025-01-14 14:28:00+05:30,436.1,436.7,436.05,436.45,33268,ITC
2025-01-14 14:29:00+05:30,436.6,436.65,436.25,436.45,21962,ITC
2025-01-14 14:30:00+05:30,436.45,436.55,436.1,436.3,28323,ITC
2025-01-14 14:31:00+05:30,436.15,436.4,436.0,436.25,27367,ITC
2025-01-14 14:32:00+05:30,436.25,436.35,436.05,436.35,31918,ITC
2025-01-14 14:33:00+05:30,436.35,436.4,436.1,436.2,38273,ITC
2025-01-14 14:34:00+05:30,436.2,436.3,435.85,436.05,44693,ITC
2025-01-14 14:35:00+05:30,436.05,436.25,436.0,436.25,51921,ITC
2025-01-14 14:36:00+05:30,436.25,436.55,436.1,436.4,95337,ITC
2025-01-14 14:37:00+05:30,436.4,436.9,436.35,436.8,59635,ITC
2025-01-14 14:38:00+05:30,436.7,437.0,436.55,436.7,84451,ITC
2025-01-14 14:39:00+05:30,436.8,436.9,436.55,436.65,42558,ITC
2025-01-14 14:40:00+05:30,436.7,436.9,436.6,436.65,30747,ITC
2025-01-14 14:41:00+05:30,436.8,436.9,436.6,436.65,35671,ITC
2025-01-14 14:42:00+05:30,436.8,436.9,436.45,436.55,57221,ITC
2025-01-14 14:43:00+05:30,436.75,436.95,436.55,436.95,68498,ITC
2025-01-14 14:44:00+05:30,436.95,437.0,436.85,436.95,44260,ITC
2025-01-14 14:45:00+05:30,436.95,437.0,436.85,437.0,78486,ITC
2025-01-14 14:46:00+05:30,437.0,437.0,436.95,437.0,79122,ITC
2025-01-14 14:47:00+05:30,437.0,437.2,436.95,437.0,273181,ITC
2025-01-14 14:48:00+05:30,437.0,437.0,436.8,437.0,40718,ITC
2025-01-14 14:49:00+05:30,437.0,437.05,436.6,436.9,70160,ITC
2025-01-14 14:50:00+05:30,436.9,437.0,436.75,437.0,59584,ITC
2025-01-14 14:51:00+05:30,437.0,437.0,436.8,436.9,49301,ITC
2025-01-14 14:52:00+05:30,436.9,436.95,436.55,436.75,46206,ITC
2025-01-14 14:53:00+05:30,436.75,436.95,436.65,436.95,60733,ITC
2025-01-14 14:54:00+05:30,436.95,436.95,436.55,436.95,55846,ITC
2025-01-14 14:55:00+05:30,436.95,437.0,436.5,437.0,132991,ITC
2025-01-14 14:56:00+05:30,437.0,437.0,436.75,437.0,76477,ITC
2025-01-14 14:57:00+05:30,437.0,437.05,436.8,437.0,96899,ITC
2025-01-14 14:58:00+05:30,437.0,437.05,436.7,437.0,116903,ITC
2025-01-14 14:59:00+05:30,437.0,437.05,436.6,437.0,81262,ITC
2025-01-14 15:00:00+05:30,436.9,437.1,436.85,436.9,171665,ITC
2025-01-14 15:01:00+05:30,436.9,437.0,436.7,436.85,135790,ITC
2025-01-14 15:02:00+05:30,436.85,437.0,436.75,436.95,153487,ITC
2025-01-14 15:03:00+05:30,436.95,437.0,436.9,436.95,126920,ITC
2025-01-14 15:04:00+05:30,437.0,437.0,436.7,436.95,89029,ITC
2025-01-14 15:05:00+05:30,436.9,436.95,436.7,436.95,170352,ITC
2025-01-14 15:06:00+05:30,436.95,437.0,436.55,436.6,101013,ITC
2025-01-14 15:07:00+05:30,436.65,436.75,436.5,436.6,138743,ITC
2025-01-14 15:08:00+05:30,436.65,436.65,436.1,436.2,106224,ITC
2025-01-14 15:09:00+05:30,436.25,436.55,436.1,436.35,202293,ITC
2025-01-14 15:10:00+05:30,436.35,436.55,436.25,436.45,83032,ITC
2025-01-14 15:11:00+05:30,436.5,436.5,436.35,436.45,103541,ITC
2025-01-14 15:12:00+05:30,436.4,436.5,436.1,436.4,112765,ITC
2025-01-14 15:13:00+05:30,436.45,436.45,436.2,436.3,82507,ITC
2025-01-14 15:14:00+05:30,436.35,436.45,436.1,436.4,90493,ITC
2025-01-14 15:15:00+05:30,436.4,436.5,436.25,436.45,142655,ITC
2025-01-14 15:16:00+05:30,436.4,436.6,436.3,436.5,173885,ITC
2025-01-14 15:17:00+05:30,436.5,436.6,436.45,436.5,108540,ITC
2025-01-14 15:18:00+05:30,436.6,436.6,436.4,436.5,105343,ITC
2025-01-14 15:19:00+05:30,436.55,436.6,436.4,436.6,114793,ITC
2025-01-14 15:20:00+05:30,436.6,436.65,436.1,436.5,162883,ITC
2025-01-14 15:21:00+05:30,436.5,436.6,436.45,436.5,88913,ITC
2025-01-14 15:22:00+05:30,436.45,436.55,436.35,436.5,97670,ITC
2025-01-14 15:23:00+05:30,436.5,436.6,436.2,436.4,115257,ITC
2025-01-14 15:24:00+05:30,436.35,436.5,436.15,436.2,114161,ITC
2025-01-14 15:25:00+05:30,436.4,436.5,436.05,436.45,114933,ITC
2025-01-14 15:26:00+05:30,436.4,436.7,436.1,436.65,131937,ITC
2025-01-14 15:27:00+05:30,436.65,437.0,436.3,436.8,57270,ITC
2025-01-14 15:28:00+05:30,436.9,437.0,436.65,437.0,84815,ITC
2025-01-14 15:29:00+05:30,437.0,437.0,436.2,436.95,61608,ITC
2025-01-15 09:15:00+05:30,436.6,438.0,435.85,437.35,211704,ITC
2025-01-15 09:16:00+05:30,437.05,437.75,437.05,437.2,50608,ITC
2025-01-15 09:17:00+05:30,437.1,437.5,437.05,437.35,32498,ITC
2025-01-15 09:18:00+05:30,437.45,437.6,437.35,437.6,15397,ITC
2025-01-15 09:19:00+05:30,437.5,437.8,437.45,437.6,55954,ITC
2025-01-15 09:20:00+05:30,437.5,437.65,436.6,436.6,58463,ITC
2025-01-15 09:21:00+05:30,436.6,437.05,436.6,437.0,30686,ITC
2025-01-15 09:22:00+05:30,436.95,437.0,436.1,436.4,58880,ITC
2025-01-15 09:23:00+05:30,436.4,436.4,435.95,436.2,30165,ITC
2025-01-15 09:24:00+05:30,436.2,436.65,436.1,436.45,25162,ITC
2025-01-15 09:25:00+05:30,436.4,436.9,436.35,436.9,27611,ITC
2025-01-15 09:26:00+05:30,436.9,436.9,436.5,436.7,22365,ITC
2025-01-15 09:27:00+05:30,436.65,436.65,436.15,436.2,22090,ITC
2025-01-15 09:28:00+05:30,436.2,436.65,436.1,436.6,20182,ITC
2025-01-15 09:29:00+05:30,436.6,437.0,436.5,436.95,10693,ITC
2025-01-15 09:30:00+05:30,436.95,437.35,436.6,436.8,29701,ITC
2025-01-15 09:31:00+05:30,436.75,436.75,436.4,436.5,14083,ITC
2025-01-15 09:32:00+05:30,436.4,436.65,436.3,436.65,8129,ITC
2025-01-15 09:33:00+05:30,436.65,436.7,436.25,436.5,18355,ITC
2025-01-15 09:34:00+05:30,436.5,436.55,436.45,436.55,11175,ITC
2025-01-15 09:35:00+05:30,436.6,437.1,436.6,437.1,12635,ITC
2025-01-15 09:36:00+05:30,437.1,437.5,437.05,437.35,15966,ITC
2025-01-15 09:37:00+05:30,437.3,437.4,437.05,437.3,16885,ITC
2025-01-15 09:38:00+05:30,437.25,437.3,437.1,437.2,12858,ITC
2025-01-15 09:39:00+05:30,437.1,437.4,437.0,437.25,20754,ITC
2025-01-15 09:40:00+05:30,437.15,437.25,436.75,436.95,12626,ITC
2025-01-15 09:41:00+05:30,436.95,437.15,436.65,436.75,24931,ITC
2025-01-15 09:42:00+05:30,436.75,437.0,436.7,436.75,24259,ITC
2025-01-15 09:43:00+05:30,436.9,437.25,436.8,437.05,28669,ITC
2025-01-15 09:44:00+05:30,437.0,437.0,436.3,436.5,22700,ITC
2025-01-15 09:45:00+05:30,436.5,436.6,436.05,436.25,26644,ITC
2025-01-15 09:46:00+05:30,436.25,436.5,436.05,436.35,21299,ITC
2025-01-15 09:47:00+05:30,436.35,436.55,436.15,436.55,8538,ITC
2025-01-15 09:48:00+05:30,436.55,436.55,436.15,436.3,19892,ITC
2025-01-15 09:49:00+05:30,436.2,436.55,435.35,435.35,43028,ITC
2025-01-15 09:50:00+05:30,435.55,436.25,435.35,436.15,26661,ITC
2025-01-15 09:51:00+05:30,436.15,436.6,436.15,436.55,18465,ITC
2025-01-15 09:52:00+05:30,436.55,437.0,436.5,436.85,21751,ITC
2025-01-15 09:53:00+05:30,436.75,437.2,436.75,437.15,10210,ITC
2025-01-15 09:54:00+05:30,437.15,437.15,436.5,436.75,27562,ITC
2025-01-15 09:55:00+05:30,436.75,436.9,436.5,436.55,11284,ITC
2025-01-15 09:56:00+05:30,436.7,436.7,436.55,436.7,4971,ITC
2025-01-15 09:57:00+05:30,436.7,436.95,436.7,436.95,13973,ITC
2025-01-15 09:58:00+05:30,436.95,437.05,436.9,437.05,7772,ITC
2025-01-15 09:59:00+05:30,437.05,437.4,436.8,437.0,29249,ITC
2025-01-15 10:00:00+05:30,437.0,437.0,436.6,436.6,10966,ITC
2025-01-15 10:01:00+05:30,436.8,436.85,436.5,436.75,10729,ITC
2025-01-15 10:02:00+05:30,436.75,436.75,436.35,436.45,11814,ITC
2025-01-15 10:03:00+05:30,436.45,436.45,436.35,436.4,8052,ITC
2025-01-15 10:04:00+05:30,436.4,436.8,436.35,436.7,11543,ITC
2025-01-15 10:05:00+05:30,436.7,436.75,436.6,436.7,5972,ITC
2025-01-15 10:06:00+05:30,436.7,436.7,436.3,436.4,12246,ITC
2025-01-15 10:07:00+05:30,436.4,436.55,436.4,436.5,4018,ITC
2025-01-15 10:08:00+05:30,436.5,436.55,436.5,436.55,7149,ITC
2025-01-15 10:09:00+05:30,436.55,436.55,436.5,436.55,3304,ITC
2025-01-15 10:10:00+05:30,436.55,436.55,436.2,436.2,8365,ITC
2025-01-15 10:11:00+05:30,436.4,436.4,436.1,436.25,7144,ITC
2025-01-15 10:12:00+05:30,436.2,436.35,436.2,436.35,5526,ITC
2025-01-15 10:13:00+05:30,436.3,436.45,436.3,436.35,3875,ITC
2025-01-15 10:14:00+05:30,436.35,436.5,436.3,436.4,2981,ITC
2025-01-15 10:15:00+05:30,436.4,436.4,436.1,436.15,22487,ITC
2025-01-15 10:16:00+05:30,436.15,436.15,435.85,435.9,15901,ITC
2025-01-15 10:17:00+05:30,435.85,436.5,435.85,436.05,34499,ITC
2025-01-15 10:18:00+05:30,436.25,436.25,436.05,436.2,14801,ITC
2025-01-15 10:19:00+05:30,436.2,436.2,436.05,436.05,9674,ITC
2025-01-15 10:20:00+05:30,436.15,436.5,436.05,436.5,9150,ITC
2025-01-15 10:21:00+05:30,436.5,436.55,436.2,436.3,6055,ITC
2025-01-15 10:22:00+05:30,436.3,436.3,436.0,436.15,6333,ITC
2025-01-15 10:23:00+05:30,436.15,436.45,436.0,436.4,9118,ITC
2025-01-15 10:24:00+05:30,436.4,436.55,436.3,436.45,9982,ITC
2025-01-15 10:25:00+05:30,436.55,436.65,436.45,436.6,6465,ITC
2025-01-15 10:26:00+05:30,436.6,436.6,436.25,436.45,4216,ITC
2025-01-15 10:27:00+05:30,436.45,436.65,436.3,436.6,6090,ITC
2025-01-15 10:28:00+05:30,436.6,436.6,436.5,436.6,4944,ITC
2025-01-15 10:29:00+05:30,436.6,437.35,436.5,437.3,27608,ITC
2025-01-15 10:30:00+05:30,437.35,437.5,437.1,437.1,36217,ITC
2025-01-15 10:31:00+05:30,437.2,437.45,437.1,437.4,10324,ITC
2025-01-15 10:32:00+05:30,437.4,437.4,437.15,437.15,11068,ITC
2025-01-15 10:33:00+05:30,437.3,437.85,437.15,437.65,49969,ITC
2025-01-15 10:34:00+05:30,437.65,437.85,437.6,437.8,14004,ITC
2025-01-15 10:35:00+05:30,437.8,437.85,437.5,437.65,12300,ITC
2025-01-15 10:36:00+05:30,437.6,437.7,437.5,437.7,4867,ITC
2025-01-15 10:37:00+05:30,437.55,437.75,437.55,437.7,8286,ITC
2025-01-15 10:38:00+05:30,437.7,437.75,437.55,437.55,7016,ITC
2025-01-15 10:39:00+05:30,437.7,437.7,437.2,437.5,23199,ITC
2025-01-15 10:40:00+05:30,437.5,437.5,437.2,437.25,7965,ITC
2025-01-15 10:41:00+05:30,437.35,438.4,437.25,437.7,171869,ITC
2025-01-15 10:42:00+05:30,437.9,438.15,437.35,437.7,118414,ITC
2025-01-15 10:43:00+05:30,437.7,438.2,437.45,438.15,26183,ITC
2025-01-15 10:44:00+05:30,438.15,439.35,438.1,439.35,71737,ITC
2025-01-15 10:45:00+05:30,439.2,440.0,439.2,439.7,52312,ITC
2025-01-15 10:46:00+05:30,439.7,440.5,439.55,440.45,42594,ITC
2025-01-15 10:47:00+05:30,440.45,440.45,439.8,440.15,23775,ITC
2025-01-15 10:48:00+05:30,440.15,440.2,439.6,439.8,23063,ITC
2025-01-15 10:49:00+05:30,439.8,439.8,439.45,439.8,18369,ITC
2025-01-15 10:50:00+05:30,439.8,440.05,439.4,439.85,61759,ITC
2025-01-15 10:51:00+05:30,440.05,440.45,439.85,440.45,46997,ITC
2025-01-15 10:52:00+05:30,440.45,440.5,440.25,440.4,19577,ITC
2025-01-15 10:53:00+05:30,440.3,440.45,440.1,440.3,10067,ITC
2025-01-15 10:54:00+05:30,440.3,440.5,440.05,440.45,19294,ITC
2025-01-15 10:55:00+05:30,440.45,440.45,440.0,440.0,12975,ITC
2025-01-15 10:56:00+05:30,440.2,440.25,440.0,440.1,9432,ITC
2025-01-15 10:57:00+05:30,440.15,440.2,439.9,440.0,12901,ITC
2025-01-15 10:58:00+05:30,439.9,440.0,439.65,439.95,25719,ITC
2025-01-15 10:59:00+05:30,440.0,440.2,440.0,440.15,16357,ITC
2025-01-15 11:00:00+05:30,440.15,440.2,440.15,440.15,15581,ITC
2025-01-15 11:01:00+05:30,440.2,440.7,440.0,440.05,69546,ITC
2025-01-15 11:02:00+05:30,440.2,440.25,439.6,439.95,31403,ITC
2025-01-15 11:03:00+05:30,439.95,440.2,439.75,439.85,31037,ITC
2025-01-15 11:04:00+05:30,439.95,440.0,439.6,439.9,18199,ITC
2025-01-15 11:05:00+05:30,440.0,440.3,439.9,440.15,19421,ITC
2025-01-15 11:06:00+05:30,440.1,440.5,439.95,440.45,19362,ITC
2025-01-15 11:07:00+05:30,440.4,440.4,440.1,440.3,18330,ITC
2025-01-15 11:08:00+05:30,440.3,440.4,440.2,440.25,11566,ITC
2025-01-15 11:09:00+05:30,440.4,440.9,440.25,440.7,12595,ITC
2025-01-15 11:10:00+05:30,440.9,441.8,440.7,441.25,56583,ITC
2025-01-15 11:11:00+05:30,441.35,441.5,441.1,441.35,17922,ITC
2025-01-15 11:12:00+05:30,441.25,441.75,441.1,441.2,87249,ITC
2025-01-15 11:13:00+05:30,441.2,441.35,441.0,441.15,37943,ITC
2025-01-15 11:14:00+05:30,441.35,441.6,441.0,441.05,26734,ITC
2025-01-15 11:15:00+05:30,441.2,441.4,441.05,441.35,10698,ITC
2025-01-15 11:16:00+05:30,441.35,441.5,441.25,441.35,11119,ITC
2025-01-15 11:17:00+05:30,441.4,441.65,441.15,441.25,14527,ITC
2025-01-15 11:18:00+05:30,441.3,441.45,441.15,441.2,13529,ITC
2025-01-15 11:19:00+05:30,441.35,441.45,441.1,441.3,10037,ITC
2025-01-15 11:20:00+05:30,441.35,441.35,441.2,441.2,8974,ITC
2025-01-15 11:21:00+05:30,441.3,441.3,440.85,441.15,17110,ITC
2025-01-15 11:22:00+05:30,441.25,441.35,440.95,441.25,15373,ITC
2025-01-15 11:23:00+05:30,441.25,441.35,440.75,440.75,12485,ITC
2025-01-15 11:24:00+05:30,440.75,441.1,440.7,440.9,8799,ITC
2025-01-15 11:25:00+05:30,440.9,441.15,440.7,440.75,11327,ITC
2025-01-15 11:26:00+05:30,440.75,440.95,440.6,440.6,14007,ITC
2025-01-15 11:27:00+05:30,440.7,440.85,440.6,440.8,9042,ITC
2025-01-15 11:28:00+05:30,440.85,441.0,440.55,440.8,10971,ITC
2025-01-15 11:29:00+05:30,440.95,441.0,440.6,440.6,10129,ITC
2025-01-15 11:30:00+05:30,440.6,440.75,440.15,440.35,14456,ITC
2025-01-15 11:31:00+05:30,440.15,440.95,440.0,440.05,53270,ITC
2025-01-15 11:32:00+05:30,440.05,440.25,439.8,439.85,15923,ITC
2025-01-15 11:33:00+05:30,439.85,440.0,439.65,439.85,14360,ITC
2025-01-15 11:34:00+05:30,439.85,439.95,439.6,439.65,14970,ITC
2025-01-15 11:35:00+05:30,439.7,439.85,438.9,438.9,181328,ITC
2025-01-15 11:36:00+05:30,438.95,439.0,438.35,438.35,112111,ITC
2025-01-15 11:37:00+05:30,438.5,438.65,437.65,437.9,352524,ITC
2025-01-15 11:38:00+05:30,437.85,438.0,437.5,437.8,52999,ITC
2025-01-15 11:39:00+05:30,437.75,438.3,437.55,438.0,29006,ITC
2025-01-15 11:40:00+05:30,438.05,438.55,438.0,438.35,19294,ITC
2025-01-15 11:41:00+05:30,438.45,438.95,437.7,437.9,204146,ITC
2025-01-15 11:42:00+05:30,437.95,438.0,437.6,437.7,75243,ITC
2025-01-15 11:43:00+05:30,437.7,438.0,437.7,437.8,8204,ITC
2025-01-15 11:44:00+05:30,437.95,438.0,437.75,437.8,15060,ITC
2025-01-15 11:45:00+05:30,437.9,438.0,437.8,437.9,14418,ITC
2025-01-15 11:46:00+05:30,438.0,438.05,437.9,437.95,14726,ITC
2025-01-15 11:47:00+05:30,437.95,438.0,437.7,437.75,21438,ITC
2025-01-15 11:48:00+05:30,437.95,438.0,437.7,437.8,6668,ITC
2025-01-15 11:49:00+05:30,437.8,438.0,437.8,437.9,12088,ITC
2025-01-15 11:50:00+05:30,438.0,438.1,437.9,437.9,12734,ITC
2025-01-15 11:51:00+05:30,438.0,438.1,437.9,437.9,16481,ITC
2025-01-15 11:52:00+05:30,437.95,438.0,437.9,437.9,12850,ITC
2025-01-15 11:53:00+05:30,438.0,438.0,437.9,437.9,21731,ITC
2025-01-15 11:54:00+05:30,438.0,438.05,437.9,438.0,25941,ITC
2025-01-15 11:55:00+05:30,438.0,438.0,437.9,438.0,9189,ITC
2025-01-15 11:56:00+05:30,437.9,438.0,437.9,438.0,13299,ITC
2025-01-15 11:57:00+05:30,437.9,438.0,437.9,438.0,11879,ITC
2025-01-15 11:58:00+05:30,437.95,438.5,437.9,438.0,77652,ITC
2025-01-15 11:59:00+05:30,437.95,438.0,437.85,438.0,13753,ITC
2025-01-15 12:00:00+05:30,438.0,438.4,437.95,438.0,47149,ITC
2025-01-15 12:01:00+05:30,438.0,438.0,437.95,438.0,11522,ITC
2025-01-15 12:02:00+05:30,437.95,438.1,437.85,438.0,15927,ITC
2025-01-15 12:03:00+05:30,438.0,438.0,437.85,437.95,8886,ITC
2025-01-15 12:04:00+05:30,438.0,438.1,437.95,437.95,16176,ITC
2025-01-15 12:05:00+05:30,437.95,438.15,437.95,437.95,12041,ITC
2025-01-15 12:06:00+05:30,438.0,438.0,437.95,437.95,12019,ITC
2025-01-15 12:07:00+05:30,438.0,438.2,437.95,437.95,22602,ITC
2025-01-15 12:08:00+05:30,438.0,438.0,437.95,437.95,7145,ITC
2025-01-15 12:09:00+05:30,437.95,438.0,437.95,437.95,9945,ITC
2025-01-15 12:10:00+05:30,437.95,438.0,437.85,437.95,34523,ITC
2025-01-15 12:11:00+05:30,437.85,438.0,437.85,437.85,25242,ITC
2025-01-15 12:12:00+05:30,438.0,438.0,437.85,437.95,16345,ITC
2025-01-15 12:13:00+05:30,437.9,438.0,437.85,437.9,18463,ITC
2025-01-15 12:14:00+05:30,437.95,438.0,437.9,437.9,11977,ITC
2025-01-15 12:15:00+05:30,438.0,438.05,437.85,437.95,23648,ITC
2025-01-15 12:16:00+05:30,438.0,438.0,437.85,437.95,10551,ITC
2025-01-15 12:17:00+05:30,438.0,438.0,437.95,438.0,7364,ITC
2025-01-15 12:18:00+05:30,437.95,438.0,437.8,437.8,9796,ITC
2025-01-15 12:19:00+05:30,437.9,438.0,437.55,437.85,45938,ITC
2025-01-15 12:20:00+05:30,437.85,438.0,437.85,437.95,20827,ITC
2025-01-15 12:21:00+05:30,438.0,438.0,437.95,437.95,13151,ITC
2025-01-15 12:22:00+05:30,438.0,438.1,437.8,437.95,119468,ITC
2025-01-15 12:23:00+05:30,437.9,438.0,437.9,437.95,29378,ITC
2025-01-15 12:24:00+05:30,438.0,438.0,437.85,437.85,23910,ITC
2025-01-15 12:25:00+05:30,438.0,438.0,437.85,437.85,17129,ITC
2025-01-15 12:26:00+05:30,437.85,438.0,437.85,437.95,14201,ITC
2025-01-15 12:27:00+05:30,438.0,438.0,437.95,438.0,24378,ITC
2025-01-15 12:28:00+05:30,438.0,438.0,437.95,438.0,19941,ITC
2025-01-15 12:29:00+05:30,438.0,438.0,437.95,437.95,16677,ITC
2025-01-15 12:30:00+05:30,438.0,438.0,437.95,437.95,18410,ITC
2025-01-15 12:31:00+05:30,438.0,438.0,437.95,437.95,32404,ITC
2025-01-15 12:32:00+05:30,438.0,438.1,437.95,437.95,26130,ITC
2025-01-15 12:33:00+05:30,438.0,438.0,437.95,437.95,14547,ITC
2025-01-15 12:34:00+05:30,438.0,438.45,437.95,438.15,115392,ITC
2025-01-15 12:35:00+05:30,438.15,438.35,437.95,437.95,91307,ITC
2025-01-15 12:36:00+05:30,438.0,438.0,437.95,437.95,15760,ITC
2025-01-15 12:37:00+05:30,438.0,438.0,437.95,438.0,18003,ITC
2025-01-15 12:38:00+05:30,438.0,438.05,437.95,437.95,62889,ITC
2025-01-15 12:39:00+05:30,438.0,438.0,437.95,437.95,14818,ITC
2025-01-15 12:40:00+05:30,438.0,438.0,437.95,437.95,13596,ITC
2025-01-15 12:41:00+05:30,438.0,438.1,437.95,437.95,17631,ITC
2025-01-15 12:42:00+05:30,438.0,438.0,437.95,437.95,23012,ITC
2025-01-15 12:43:00+05:30,438.0,438.85,437.95,438.7,21180,ITC
2025-01-15 12:44:00+05:30,438.8,438.8,438.45,438.6,16340,ITC
2025-01-15 12:45:00+05:30,438.75,438.95,438.55,438.55,26906,ITC
2025-01-15 12:46:00+05:30,438.7,438.95,438.5,438.8,19785,ITC
2025-01-15 12:47:00+05:30,438.8,439.0,438.7,438.95,13804,ITC
2025-01-15 12:48:00+05:30,439.0,439.15,438.6,438.6,27449,ITC
2025-01-15 12:49:00+05:30,438.85,438.95,438.55,438.8,13142,ITC
2025-01-15 12:50:00+05:30,438.95,439.1,438.75,438.75,20659,ITC
2025-01-15 12:51:00+05:30,438.95,438.95,438.75,438.8,15937,ITC
2025-01-15 12:52:00+05:30,438.9,439.0,438.8,438.8,15846,ITC
2025-01-15 12:53:00+05:30,438.95,438.95,438.4,438.4,23336,ITC
2025-01-15 12:54:00+05:30,438.65,438.65,438.05,438.05,25555,ITC
2025-01-15 12:55:00+05:30,438.3,438.6,438.1,438.45,17158,ITC
2025-01-15 12:56:00+05:30,438.55,438.6,438.3,438.5,13924,ITC
2025-01-15 12:57:00+05:30,438.6,438.8,438.5,438.7,14869,ITC
2025-01-15 12:58:00+05:30,438.8,439.0,438.4,438.95,30372,ITC
2025-01-15 12:59:00+05:30,439.0,439.2,438.1,438.4,38599,ITC
2025-01-15 13:00:00+05:30,438.2,438.4,438.0,438.1,19933,ITC
2025-01-15 13:01:00+05:30,438.05,438.35,438.0,438.2,19420,ITC
2025-01-15 13:02:00+05:30,438.2,438.3,438.0,438.0,18463,ITC
2025-01-15 13:03:00+05:30,438.1,438.5,437.95,437.95,24751,ITC
2025-01-15 13:04:00+05:30,437.95,438.25,437.85,437.85,16656,ITC
2025-01-15 13:05:00+05:30,437.9,438.1,437.85,437.9,17038,ITC
2025-01-15 13:06:00+05:30,438.0,438.0,437.9,437.9,15571,ITC
2025-01-15 13:07:00+05:30,438.0,438.0,437.9,437.9,16658,ITC
2025-01-15 13:08:00+05:30,438.0,438.0,437.85,437.85,18774,ITC
2025-01-15 13:09:00+05:30,438.0,438.0,437.85,437.85,8923,ITC
2025-01-15 13:10:00+05:30,437.95,438.0,437.85,437.85,11917,ITC
2025-01-15 13:11:00+05:30,437.95,437.95,437.55,437.85,57069,ITC
2025-01-15 13:12:00+05:30,437.95,438.0,437.85,437.95,16196,ITC
2025-01-15 13:13:00+05:30,438.0,438.0,437.95,437.95,12304,ITC
2025-01-15 13:14:00+05:30,438.0,438.0,437.85,437.85,23818,ITC
2025-01-15 13:15:00+05:30,437.85,437.95,437.75,437.85,70373,ITC
2025-01-15 13:16:00+05:30,437.9,438.35,437.85,438.05,89081,ITC
2025-01-15 13:17:00+05:30,438.1,438.3,438.0,438.05,24268,ITC
2025-01-15 13:18:00+05:30,438.05,438.2,437.85,437.95,56809,ITC
2025-01-15 13:19:00+05:30,437.95,438.0,437.85,437.85,21620,ITC
2025-01-15 13:20:00+05:30,438.0,438.0,437.8,437.85,20827,ITC
2025-01-15 13:21:00+05:30,437.95,438.0,437.85,437.85,14940,ITC
2025-01-15 13:22:00+05:30,437.9,437.95,437.8,437.85,17367,ITC
2025-01-15 13:23:00+05:30,437.9,437.95,437.75,437.75,13239,ITC
2025-01-15 13:24:00+05:30,437.85,437.9,437.7,437.75,8743,ITC
2025-01-15 13:25:00+05:30,437.8,437.95,437.7,437.75,6841,ITC
2025-01-15 13:26:00+05:30,437.8,438.0,437.75,437.75,13275,ITC
2025-01-15 13:27:00+05:30,437.9,438.0,437.2,437.3,199883,ITC
2025-01-15 13:28:00+05:30,437.5,437.5,437.25,437.3,14035,ITC
2025-01-15 13:29:00+05:30,437.45,437.5,437.25,437.3,13312,ITC
2025-01-15 13:30:00+05:30,437.45,437.5,437.15,437.15,16899,ITC
2025-01-15 13:31:00+05:30,437.3,437.5,437.15,437.3,12609,ITC
2025-01-15 13:32:00+05:30,437.5,437.55,437.2,437.35,33060,ITC
2025-01-15 13:33:00+05:30,437.55,438.0,437.55,437.65,16537,ITC
2025-01-15 13:34:00+05:30,437.85,437.95,437.5,437.5,12836,ITC
2025-01-15 13:35:00+05:30,437.65,437.85,437.4,437.45,21849,ITC
2025-01-15 13:36:00+05:30,437.65,437.7,437.3,437.4,11668,ITC
2025-01-15 13:37:00+05:30,437.45,437.55,437.35,437.55,13305,ITC
2025-01-15 13:38:00+05:30,437.55,437.6,437.4,437.4,14921,ITC
2025-01-15 13:39:00+05:30,437.6,437.8,437.4,437.6,19418,ITC
2025-01-15 13:40:00+05:30,437.8,437.85,437.6,437.65,9336,ITC
2025-01-15 13:41:00+05:30,437.65,437.8,437.35,437.5,12263,ITC
2025-01-15 13:42:00+05:30,437.65,437.95,437.6,437.65,22853,ITC
2025-01-15 13:43:00+05:30,437.8,437.9,437.65,437.85,10043,ITC
2025-01-15 13:44:00+05:30,437.85,437.95,437.7,437.75,11271,ITC
2025-01-15 13:45:00+05:30,437.8,437.8,437.4,437.55,17222,ITC
2025-01-15 13:46:00+05:30,437.6,437.65,437.4,437.4,9738,ITC
2025-01-15 13:47:00+05:30,437.45,437.65,437.25,437.45,15335,ITC
2025-01-15 13:48:00+05:30,437.5,437.65,437.35,437.5,10500,ITC
2025-01-15 13:49:00+05:30,437.65,437.75,437.4,437.6,14268,ITC
2025-01-15 13:50:00+05:30,437.75,437.95,437.6,437.8,10175,ITC
2025-01-15 13:51:00+05:30,437.9,437.95,437.65,437.75,11603,ITC
2025-01-15 13:52:00+05:30,437.75,437.9,437.6,437.8,10253,ITC
2025-01-15 13:53:00+05:30,437.9,437.9,437.55,437.75,21385,ITC
2025-01-15 13:54:00+05:30,437.75,437.85,437.6,437.6,14852,ITC
2025-01-15 13:55:00+05:30,437.6,437.8,437.45,437.6,12205,ITC
2025-01-15 13:56:00+05:30,437.75,437.9,437.7,437.8,13452,ITC
2025-01-15 13:57:00+05:30,437.85,437.9,437.5,437.75,17275,ITC
2025-01-15 13:58:00+05:30,437.8,437.9,437.55,437.8,12027,ITC
2025-01-15 13:59:00+05:30,437.9,437.9,437.8,437.8,9385,ITC
2025-01-15 14:00:00+05:30,437.9,437.9,437.7,437.85,12599,ITC
2025-01-15 14:01:00+05:30,437.9,438.0,437.65,437.75,13455,ITC
2025-01-15 14:02:00+05:30,437.95,437.95,437.7,437.85,10455,ITC
2025-01-15 14:03:00+05:30,437.9,438.0,437.7,437.85,12459,ITC
2025-01-15 14:04:00+05:30,437.95,438.0,437.85,437.85,10705,ITC
2025-01-15 14:05:00+05:30,438.0,438.0,437.85,437.85,15622,ITC
2025-01-15 14:06:00+05:30,438.0,438.0,437.65,437.75,5968,ITC
2025-01-15 14:07:00+05:30,437.9,438.0,437.75,437.95,13224,ITC
2025-01-15 14:08:00+05:30,438.0,438.0,437.75,437.95,8157,ITC
2025-01-15 14:09:00+05:30,438.0,438.0,437.75,437.85,9944,ITC
2025-01-15 14:10:00+05:30,437.9,438.0,437.8,437.8,7972,ITC
2025-01-15 14:11:00+05:30,437.95,437.95,437.8,437.85,13064,ITC
2025-01-15 14:12:00+05:30,437.95,438.0,437.7,437.7,9917,ITC
2025-01-15 14:13:00+05:30,437.75,438.0,437.7,437.9,11909,ITC
2025-01-15 14:14:00+05:30,438.0,438.0,437.6,437.75,9967,ITC
2025-01-15 14:15:00+05:30,437.85,437.9,437.55,437.6,9741,ITC
2025-01-15 14:16:00+05:30,437.75,437.9,437.6,437.85,10237,ITC
2025-01-15 14:17:00+05:30,437.85,438.0,437.6,437.7,10556,ITC
2025-01-15 14:18:00+05:30,437.75,437.95,437.7,437.9,11502,ITC
2025-01-15 14:19:00+05:30,437.9,438.0,437.7,437.85,10809,ITC
2025-01-15 14:20:00+05:30,437.9,438.2,437.8,437.95,38919,ITC
2025-01-15 14:21:00+05:30,437.95,438.0,437.65,437.85,12186,ITC
2025-01-15 14:22:00+05:30,437.85,437.9,437.85,437.85,7654,ITC
2025-01-15 14:23:00+05:30,437.85,438.0,437.65,437.65,9395,ITC
2025-01-15 14:24:00+05:30,437.65,437.85,437.55,437.65,9772,ITC
2025-01-15 14:25:00+05:30,437.7,437.9,437.65,437.8,10895,ITC
2025-01-15 14:26:00+05:30,437.85,437.95,437.8,437.85,6226,ITC
2025-01-15 14:27:00+05:30,437.9,438.0,437.6,437.7,13757,ITC
2025-01-15 14:28:00+05:30,437.75,437.8,437.55,437.65,12836,ITC
2025-01-15 14:29:00+05:30,437.65,437.9,437.55,437.55,43523,ITC
2025-01-15 14:30:00+05:30,437.8,437.8,437.5,437.65,7694,ITC
2025-01-15 14:31:00+05:30,437.65,437.8,437.2,437.6,40328,ITC
2025-01-15 14:32:00+05:30,437.6,437.8,437.4,437.55,12278,ITC
2025-01-15 14:33:00+05:30,437.6,437.9,437.3,437.7,30240,ITC
2025-01-15 14:34:00+05:30,437.75,437.85,437.45,437.55,12302,ITC
2025-01-15 14:35:00+05:30,437.55,437.6,437.35,437.5,10179,ITC
2025-01-15 14:36:00+05:30,437.5,437.8,437.45,437.65,14185,ITC
2025-01-15 14:37:00+05:30,437.7,437.95,437.65,437.75,10885,ITC
2025-01-15 14:38:00+05:30,437.9,438.0,437.75,437.95,18574,ITC
2025-01-15 14:39:00+05:30,438.0,438.05,437.9,437.95,16029,ITC
2025-01-15 14:40:00+05:30,438.0,438.0,437.95,437.95,7470,ITC
2025-01-15 14:41:00+05:30,438.0,438.1,437.95,437.95,14391,ITC
2025-01-15 14:42:00+05:30,438.0,438.0,437.8,437.8,9848,ITC
2025-01-15 14:43:00+05:30,437.85,437.95,437.75,437.75,13117,ITC
2025-01-15 14:44:00+05:30,437.95,438.0,437.8,437.8,7922,ITC
2025-01-15 14:45:00+05:30,437.85,438.0,437.8,437.95,8754,ITC
2025-01-15 14:46:00+05:30,438.0,438.05,437.95,437.95,17273,ITC
2025-01-15 14:47:00+05:30,438.0,438.0,437.5,437.6,42506,ITC
2025-01-15 14:48:00+05:30,437.7,437.7,437.45,437.65,19504,ITC
2025-01-15 14:49:00+05:30,437.7,437.7,437.3,437.35,81557,ITC
2025-01-15 14:50:00+05:30,437.5,437.9,437.5,437.9,37195,ITC
2025-01-15 14:51:00+05:30,437.8,437.9,437.5,437.6,17124,ITC
2025-01-15 14:52:00+05:30,437.6,437.65,437.4,437.65,16404,ITC
2025-01-15 14:53:00+05:30,437.6,437.8,437.45,437.7,21203,ITC
2025-01-15 14:54:00+05:30,437.6,437.9,437.6,437.7,16671,ITC
2025-01-15 14:55:00+05:30,437.7,437.95,437.7,437.95,8946,ITC
2025-01-15 14:56:00+05:30,437.8,438.0,437.8,437.95,8707,ITC
2025-01-15 14:57:00+05:30,437.95,438.0,437.6,437.7,12802,ITC
2025-01-15 14:58:00+05:30,437.65,437.8,437.6,437.65,7240,ITC
2025-01-15 14:59:00+05:30,437.65,437.7,437.65,437.7,8051,ITC
2025-01-15 15:00:00+05:30,437.7,438.05,437.65,437.95,33098,ITC
2025-01-15 15:01:00+05:30,437.95,438.1,437.95,438.0,24378,ITC
2025-01-15 15:02:00+05:30,438.0,438.0,437.95,438.0,19830,ITC
2025-01-15 15:03:00+05:30,438.0,438.0,437.95,438.0,14889,ITC
2025-01-15 15:04:00+05:30,438.0,438.05,437.95,437.95,29499,ITC
2025-01-15 15:05:00+05:30,438.0,438.0,437.95,438.0,23865,ITC
2025-01-15 15:06:00+05:30,438.0,438.05,437.95,438.0,27604,ITC
2025-01-15 15:07:00+05:30,438.0,438.0,437.95,437.95,17239,ITC
2025-01-15 15:08:00+05:30,438.0,438.0,437.7,438.0,57731,ITC
2025-01-15 15:09:00+05:30,438.0,438.0,437.9,438.0,29906,ITC
2025-01-15 15:10:00+05:30,438.0,438.0,437.95,438.0,23535,ITC
2025-01-15 15:11:00+05:30,438.0,438.0,437.95,437.95,19589,ITC
2025-01-15 15:12:00+05:30,438.0,438.05,437.95,437.95,50431,ITC
2025-01-15 15:13:00+05:30,438.0,438.0,437.95,438.0,41734,ITC
2025-01-15 15:14:00+05:30,438.0,438.0,437.95,437.95,37719,ITC
2025-01-15 15:15:00+05:30,438.0,438.0,436.9,436.9,146958,ITC
2025-01-15 15:16:00+05:30,437.0,437.0,436.9,436.95,49926,ITC
2025-01-15 15:17:00+05:30,437.0,437.0,436.95,436.95,42621,ITC
2025-01-15 15:18:00+05:30,437.0,437.0,436.9,437.0,37423,ITC
2025-01-15 15:19:00+05:30,437.0,437.0,436.95,437.0,49599,ITC
2025-01-15 15:20:00+05:30,436.95,437.15,436.95,437.0,181075,ITC
2025-01-15 15:21:00+05:30,437.0,437.05,436.95,436.95,72929,ITC
2025-01-15 15:22:00+05:30,437.0,437.0,436.95,436.95,33316,ITC
2025-01-15 15:23:00+05:30,436.95,437.0,436.95,437.0,31451,ITC
2025-01-15 15:24:00+05:30,436.95,437.0,436.95,436.95,39525,ITC
2025-01-15 15:25:00+05:30,436.95,437.0,436.9,436.9,83281,ITC
2025-01-15 15:26:00+05:30,436.9,436.95,436.85,436.9,38091,ITC
2025-01-15 15:27:00+05:30,436.9,437.0,436.85,436.95,21190,ITC
2025-01-15 15:28:00+05:30,437.0,437.0,436.85,436.9,56675,ITC
2025-01-15 15:29:00+05:30,436.85,437.0,436.85,437.0,68728,ITC
2025-01-16 09:15:00+05:30,438.05,439.45,433.7,434.9,299997,ITC
2025-01-16 09:16:00+05:30,434.85,435.2,434.2,434.3,91683,ITC
2025-01-16 09:17:00+05:30,434.3,435.85,434.0,435.6,47848,ITC
2025-01-16 09:18:00+05:30,435.6,436.8,435.5,435.65,52528,ITC
2025-01-16 09:19:00+05:30,435.6,436.1,435.35,435.6,33824,ITC
2025-01-16 09:20:00+05:30,435.6,435.7,434.7,435.45,49234,ITC
2025-01-16 09:21:00+05:30,435.55,436.3,435.4,435.6,45187,ITC
2025-01-16 09:22:00+05:30,435.75,436.0,434.5,434.7,81176,ITC
2025-01-16 09:23:00+05:30,434.5,435.1,434.45,435.1,37745,ITC
2025-01-16 09:24:00+05:30,435.1,435.6,434.8,435.2,46728,ITC
2025-01-16 09:25:00+05:30,435.2,435.2,434.6,435.1,16726,ITC
2025-01-16 09:26:00+05:30,435.1,435.5,434.85,435.05,30041,ITC
2025-01-16 09:27:00+05:30,435.15,435.45,435.05,435.3,20841,ITC
2025-01-16 09:28:00+05:30,435.3,435.7,434.6,435.0,70442,ITC
2025-01-16 09:29:00+05:30,435.0,435.0,434.7,435.0,33596,ITC
2025-01-16 09:30:00+05:30,434.95,435.0,434.8,434.95,16549,ITC
2025-01-16 09:31:00+05:30,434.9,435.0,434.85,435.0,50499,ITC
2025-01-16 09:32:00+05:30,435.0,435.15,434.85,435.0,66972,ITC
2025-01-16 09:33:00+05:30,435.0,435.0,434.75,434.8,34722,ITC
2025-01-16 09:34:00+05:30,434.8,434.85,434.4,434.75,24725,ITC
2025-01-16 09:35:00+05:30,434.75,434.75,434.2,434.65,38396,ITC
2025-01-16 09:36:00+05:30,434.6,434.7,434.5,434.6,22359,ITC
2025-01-16 09:37:00+05:30,434.6,434.9,434.45,434.65,29474,ITC
2025-01-16 09:38:00+05:30,434.6,434.75,434.5,434.75,19690,ITC
2025-01-16 09:39:00+05:30,434.75,434.75,434.2,434.35,24586,ITC
2025-01-16 09:40:00+05:30,434.3,434.35,433.7,433.85,99068,ITC
2025-01-16 09:41:00+05:30,433.85,434.3,433.85,434.05,19887,ITC
2025-01-16 09:42:00+05:30,433.95,434.25,433.9,434.15,24564,ITC
2025-01-16 09:43:00+05:30,434.3,434.4,434.0,434.05,21057,ITC
2025-01-16 09:44:00+05:30,434.05,434.35,433.9,434.05,27117,ITC
2025-01-16 09:45:00+05:30,434.05,434.75,434.05,434.65,31796,ITC
2025-01-16 09:46:00+05:30,434.6,434.85,434.5,434.8,26722,ITC
2025-01-16 09:47:00+05:30,434.7,434.85,434.55,434.75,18683,ITC
2025-01-16 09:48:00+05:30,434.75,435.0,434.6,435.0,21447,ITC
2025-01-16 09:49:00+05:30,434.9,434.9,434.6,434.75,17970,ITC
2025-01-16 09:50:00+05:30,434.75,435.0,434.7,434.8,12095,ITC
2025-01-16 09:51:00+05:30,434.8,434.9,434.6,434.6,12679,ITC
2025-01-16 09:52:00+05:30,434.75,434.75,434.6,434.65,7342,ITC
2025-01-16 09:53:00+05:30,434.65,435.15,434.65,434.9,19964,ITC
2025-01-16 09:54:00+05:30,434.8,434.9,434.55,434.8,10012,ITC
2025-01-16 09:55:00+05:30,434.6,434.8,434.6,434.6,12802,ITC
2025-01-16 09:56:00+05:30,434.6,434.8,434.3,434.5,30692,ITC
2025-01-16 09:57:00+05:30,434.3,434.5,433.95,434.3,346460,ITC
2025-01-16 09:58:00+05:30,434.2,434.3,433.5,433.65,46187,ITC
2025-01-16 09:59:00+05:30,433.6,433.65,433.3,433.4,53175,ITC
2025-01-16 10:00:00+05:30,433.4,433.5,433.05,433.5,32668,ITC
2025-01-16 10:01:00+05:30,433.45,433.65,433.2,433.3,26537,ITC
2025-01-16 10:02:00+05:30,433.2,433.6,433.2,433.55,27375,ITC
2025-01-16 10:03:00+05:30,433.5,433.7,433.15,433.3,36490,ITC
2025-01-16 10:04:00+05:30,433.2,433.3,432.8,432.95,57470,ITC
2025-01-16 10:05:00+05:30,432.9,432.95,432.7,432.9,23176,ITC
2025-01-16 10:06:00+05:30,432.9,433.2,432.8,432.95,37731,ITC
2025-01-16 10:07:00+05:30,432.9,433.0,432.8,433.0,54041,ITC
2025-01-16 10:08:00+05:30,432.95,433.5,432.95,433.5,9516,ITC
2025-01-16 10:09:00+05:30,433.5,433.55,433.0,433.1,21476,ITC
2025-01-16 10:10:00+05:30,433.1,433.15,432.9,432.9,33129,ITC
2025-01-16 10:11:00+05:30,432.9,432.95,432.3,432.4,136532,ITC
2025-01-16 10:12:00+05:30,432.35,432.45,432.1,432.35,33561,ITC
2025-01-16 10:13:00+05:30,432.25,432.85,432.25,432.75,19794,ITC
2025-01-16 10:14:00+05:30,432.75,433.0,432.5,433.0,24031,ITC
2025-01-16 10:15:00+05:30,433.0,433.0,432.45,432.55,45161,ITC
2025-01-16 10:16:00+05:30,432.55,432.7,432.45,432.7,21058,ITC
2025-01-16 10:17:00+05:30,432.65,432.75,432.55,432.65,15467,ITC
2025-01-16 10:18:00+05:30,432.55,432.75,432.55,432.75,17471,ITC
2025-01-16 10:19:00+05:30,432.7,433.0,432.7,432.95,25483,ITC
2025-01-16 10:20:00+05:30,433.0,433.1,432.8,432.85,28194,ITC
2025-01-16 10:21:00+05:30,432.8,432.95,432.7,432.85,15760,ITC
2025-01-16 10:22:00+05:30,432.8,432.9,432.75,432.8,26209,ITC
2025-01-16 10:23:00+05:30,432.8,432.85,432.4,432.55,43547,ITC
2025-01-16 10:24:00+05:30,432.5,432.6,432.4,432.55,28286,ITC
2025-01-16 10:25:00+05:30,432.55,432.55,432.3,432.45,49758,ITC
2025-01-16 10:26:00+05:30,432.4,432.45,432.0,432.05,105298,ITC
2025-01-16 10:27:00+05:30,432.0,432.15,432.0,432.05,23212,ITC
2025-01-16 10:28:00+05:30,432.05,432.1,432.0,432.05,41558,ITC
2025-01-16 10:29:00+05:30,432.1,432.1,431.7,431.85,149618,ITC
2025-01-16 10:30:00+05:30,431.75,431.9,431.45,431.5,75178,ITC
2025-01-16 10:31:00+05:30,431.65,431.85,431.45,431.75,27339,ITC
2025-01-16 10:32:00+05:30,431.75,431.95,431.5,431.8,65682,ITC
2025-01-16 10:33:00+05:30,431.85,431.9,431.65,431.85,16852,ITC
2025-01-16 10:34:00+05:30,431.8,431.9,431.7,431.9,16211,ITC
2025-01-16 10:35:00+05:30,431.9,432.2,431.8,432.0,34217,ITC
2025-01-16 10:36:00+05:30,431.95,432.0,431.8,431.9,26069,ITC
2025-01-16 10:37:00+05:30,431.85,432.05,431.8,431.95,20945,ITC
2025-01-16 10:38:00+05:30,431.9,432.0,431.75,431.95,17142,ITC
2025-01-16 10:39:00+05:30,431.9,432.15,431.8,431.8,24564,ITC
2025-01-16 10:40:00+05:30,431.8,432.1,431.8,431.95,14830,ITC
2025-01-16 10:41:00+05:30,431.85,432.1,431.85,432.05,12945,ITC
2025-01-16 10:42:00+05:30,432.0,432.1,431.95,432.0,17937,ITC
2025-01-16 10:43:00+05:30,432.0,432.2,431.95,432.05,18900,ITC
2025-01-16 10:44:00+05:30,432.05,432.25,432.0,432.05,21313,ITC
2025-01-16 10:45:00+05:30,432.05,432.2,431.95,431.95,16156,ITC
2025-01-16 10:46:00+05:30,431.95,432.35,431.95,432.2,45017,ITC
2025-01-16 10:47:00+05:30,432.15,432.25,431.8,431.85,42636,ITC
2025-01-16 10:48:00+05:30,431.85,432.0,431.85,432.0,14507,ITC
2025-01-16 10:49:00+05:30,431.95,432.0,431.9,432.0,18913,ITC
2025-01-16 10:50:00+05:30,431.95,432.0,431.95,432.0,19854,ITC
2025-01-16 10:51:00+05:30,431.95,432.0,431.85,431.85,15474,ITC
2025-01-16 10:52:00+05:30,431.85,432.15,431.85,432.05,36792,ITC
2025-01-16 10:53:00+05:30,432.05,432.05,431.5,431.7,45862,ITC
2025-01-16 10:54:00+05:30,431.6,431.8,431.6,431.7,12705,ITC
2025-01-16 10:55:00+05:30,431.7,431.8,431.65,431.8,11672,ITC
2025-01-16 10:56:00+05:30,431.8,432.15,431.75,432.1,18044,ITC
2025-01-16 10:57:00+05:30,432.1,432.15,431.9,432.0,17310,ITC
2025-01-16 10:58:00+05:30,432.0,432.4,431.95,432.4,13787,ITC
2025-01-16 10:59:00+05:30,432.35,432.5,432.15,432.35,28719,ITC
2025-01-16 11:00:00+05:30,432.35,432.55,432.25,432.45,28099,ITC
2025-01-16 11:01:00+05:30,432.45,432.7,432.25,432.45,22792,ITC
2025-01-16 11:02:00+05:30,432.45,432.45,432.0,432.05,21086,ITC
2025-01-16 11:03:00+05:30,432.05,432.3,432.0,432.1,27489,ITC
2025-01-16 11:04:00+05:30,432.2,432.25,432.0,432.05,18216,ITC
2025-01-16 11:05:00+05:30,432.05,432.25,432.0,432.15,19605,ITC
2025-01-16 11:06:00+05:30,432.15,432.15,432.0,432.1,14287,ITC
2025-01-16 11:07:00+05:30,432.1,432.25,431.9,431.95,73101,ITC
2025-01-16 11:08:00+05:30,432.0,432.05,431.95,432.0,83976,ITC
2025-01-16 11:09:00+05:30,431.95,432.05,431.8,432.0,28629,ITC
2025-01-16 11:10:00+05:30,431.9,432.05,431.9,432.0,26583,ITC
2025-01-16 11:11:00+05:30,431.95,432.05,431.85,432.0,62878,ITC
2025-01-16 11:12:00+05:30,432.0,432.0,431.8,431.9,19972,ITC
2025-01-16 11:13:00+05:30,432.0,432.1,431.65,431.8,63832,ITC
2025-01-16 11:14:00+05:30,431.8,432.0,431.7,431.95,18668,ITC
2025-01-16 11:15:00+05:30,431.9,431.95,431.75,431.85,16339,ITC
2025-01-16 11:16:00+05:30,431.8,431.95,431.6,431.65,22754,ITC
2025-01-16 11:17:00+05:30,431.7,431.95,431.65,431.65,20311,ITC
2025-01-16 11:18:00+05:30,431.75,431.85,431.6,431.6,20546,ITC
2025-01-16 11:19:00+05:30,431.6,431.75,431.45,431.6,26528,ITC
2025-01-16 11:20:00+05:30,431.6,431.95,431.4,431.9,59691,ITC
2025-01-16 11:21:00+05:30,431.9,432.0,431.5,431.75,32339,ITC
2025-01-16 11:22:00+05:30,431.8,431.85,431.5,431.7,10916,ITC
2025-01-16 11:23:00+05:30,431.7,431.9,431.5,431.6,22394,ITC
2025-01-16 11:24:00+05:30,431.6,431.75,431.1,431.55,114680,ITC
2025-01-16 11:25:00+05:30,431.55,431.75,431.4,431.55,16804,ITC
2025-01-16 11:26:00+05:30,431.6,431.65,431.4,431.55,17151,ITC
2025-01-16 11:27:00+05:30,431.55,431.95,431.5,431.8,20716,ITC
2025-01-16 11:28:00+05:30,431.8,431.95,431.7,431.85,18746,ITC
2025-01-16 11:29:00+05:30,431.9,432.05,431.5,431.65,82172,ITC
2025-01-16 11:30:00+05:30,431.7,431.8,431.3,431.55,18348,ITC
2025-01-16 11:31:00+05:30,431.6,431.65,431.4,431.6,15589,ITC
2025-01-16 11:32:00+05:30,431.6,431.6,431.35,431.5,13996,ITC
2025-01-16 11:33:00+05:30,431.55,431.6,431.35,431.5,27380,ITC
2025-01-16 11:34:00+05:30,431.5,431.7,431.45,431.55,23555,ITC
2025-01-16 11:35:00+05:30,431.6,431.65,431.4,431.65,12899,ITC
2025-01-16 11:36:00+05:30,431.65,431.7,431.4,431.5,23488,ITC
2025-01-16 11:37:00+05:30,431.55,431.6,431.4,431.5,21452,ITC
2025-01-16 11:38:00+05:30,431.5,431.65,431.4,431.5,18220,ITC
2025-01-16 11:39:00+05:30,431.5,431.7,431.4,431.5,14406,ITC
2025-01-16 11:40:00+05:30,431.5,431.8,431.5,431.65,37774,ITC
2025-01-16 11:41:00+05:30,431.65,431.65,431.4,431.6,13556,ITC
2025-01-16 11:42:00+05:30,431.65,431.7,431.45,431.65,11010,ITC
2025-01-16 11:43:00+05:30,431.65,431.8,431.4,431.75,55764,ITC
2025-01-16 11:44:00+05:30,431.8,431.95,431.6,431.85,20130,ITC
2025-01-16 11:45:00+05:30,431.95,432.05,431.8,431.95,32653,ITC
2025-01-16 11:46:00+05:30,432.0,432.2,431.95,432.05,10971,ITC
2025-01-16 11:47:00+05:30,432.05,432.2,431.9,432.0,26258,ITC
2025-01-16 11:48:00+05:30,432.0,432.25,431.95,432.15,18033,ITC
2025-01-16 11:49:00+05:30,432.15,432.3,432.05,432.15,16015,ITC
2025-01-16 11:50:00+05:30,432.2,432.3,432.0,432.15,13101,ITC
2025-01-16 11:51:00+05:30,432.1,432.15,431.9,431.95,28676,ITC
2025-01-16 11:52:00+05:30,432.0,432.0,431.9,432.0,16147,ITC
2025-01-16 11:53:00+05:30,432.0,432.2,431.95,432.0,65887,ITC
2025-01-16 11:54:00+05:30,432.0,432.0,431.8,431.95,19528,ITC
2025-01-16 11:55:00+05:30,431.95,432.1,431.9,432.0,14757,ITC
2025-01-16 11:56:00+05:30,432.0,432.1,431.95,432.0,12659,ITC
2025-01-16 11:57:00+05:30,432.0,432.05,431.75,431.95,20792,ITC
2025-01-16 11:58:00+05:30,431.9,432.0,431.8,431.9,11657,ITC
2025-01-16 11:59:00+05:30,431.9,432.0,431.8,432.0,7235,ITC
2025-01-16 12:00:00+05:30,432.0,432.05,431.95,432.0,9340,ITC
2025-01-16 12:01:00+05:30,432.0,432.05,431.8,431.9,15087,ITC
2025-01-16 12:02:00+05:30,431.95,431.95,431.8,431.9,13161,ITC
2025-01-16 12:03:00+05:30,431.95,432.05,431.9,432.0,10523,ITC
2025-01-16 12:04:00+05:30,432.0,432.05,431.85,432.0,16803,ITC
2025-01-16 12:05:00+05:30,432.0,432.0,431.85,432.0,17477,ITC
2025-01-16 12:06:00+05:30,431.95,432.05,431.9,432.0,12325,ITC
2025-01-16 12:07:00+05:30,432.0,432.1,431.95,432.0,16802,ITC
2025-01-16 12:08:00+05:30,432.0,432.15,431.95,432.0,24616,ITC
2025-01-16 12:09:00+05:30,432.0,432.0,431.95,432.0,12344,ITC
2025-01-16 12:10:00+05:30,432.0,432.2,431.95,432.0,77322,ITC
2025-01-16 12:11:00+05:30,432.0,432.1,431.9,431.95,34434,ITC
2025-01-16 12:12:00+05:30,432.0,432.05,431.9,432.0,14817,ITC
2025-01-16 12:13:00+05:30,432.0,432.2,431.9,432.0,21604,ITC
2025-01-16 12:14:00+05:30,432.0,432.15,431.9,432.0,29788,ITC
2025-01-16 12:15:00+05:30,432.0,432.0,431.85,431.9,9654,ITC
2025-01-16 12:16:00+05:30,432.0,432.0,431.85,432.0,17644,ITC
2025-01-16 12:17:00+05:30,432.0,432.0,431.85,431.95,14067,ITC
2025-01-16 12:18:00+05:30,431.95,432.0,431.85,431.9,10036,ITC
2025-01-16 12:19:00+05:30,432.0,432.25,431.85,432.0,106383,ITC
2025-01-16 12:20:00+05:30,432.0,432.15,431.8,431.85,30504,ITC
2025-01-16 12:21:00+05:30,431.85,432.0,431.75,432.0,12959,ITC
2025-01-16 12:22:00+05:30,432.0,432.05,431.8,432.0,23070,ITC
2025-01-16 12:23:00+05:30,432.0,432.1,431.85,432.0,21867,ITC
2025-01-16 12:24:00+05:30,431.95,432.05,431.85,431.95,10694,ITC
2025-01-16 12:25:00+05:30,431.95,432.05,431.8,431.95,21196,ITC
2025-01-16 12:26:00+05:30,431.95,432.0,431.75,431.85,18828,ITC
2025-01-16 12:27:00+05:30,431.95,432.1,431.85,432.0,26238,ITC
2025-01-16 12:28:00+05:30,431.85,432.05,431.8,432.0,16109,ITC
2025-01-16 12:29:00+05:30,432.0,432.15,431.85,431.9,13168,ITC
2025-01-16 12:30:00+05:30,431.95,432.0,431.8,432.0,21794,ITC
2025-01-16 12:31:00+05:30,431.95,432.1,431.85,432.0,30818,ITC
2025-01-16 12:32:00+05:30,432.0,432.1,431.85,431.85,25390,ITC
2025-01-16 12:33:00+05:30,431.85,432.0,431.85,431.95,12547,ITC
2025-01-16 12:34:00+05:30,431.95,432.0,431.85,432.0,52073,ITC
2025-01-16 12:35:00+05:30,432.0,432.0,431.8,432.0,39083,ITC
2025-01-16 12:36:00+05:30,432.0,432.0,431.9,432.0,10176,ITC
2025-01-16 12:37:00+05:30,432.0,432.0,431.85,432.0,16072,ITC
2025-01-16 12:38:00+05:30,432.0,432.0,431.85,431.95,12946,ITC
2025-01-16 12:39:00+05:30,431.95,432.0,431.8,432.0,23738,ITC
2025-01-16 12:40:00+05:30,432.0,432.0,431.9,432.0,12706,ITC
2025-01-16 12:41:00+05:30,431.9,432.35,431.85,431.95,74115,ITC
2025-01-16 12:42:00+05:30,431.95,432.2,431.85,432.0,56219,ITC
2025-01-16 12:43:00+05:30,432.0,432.1,431.85,432.0,29437,ITC
2025-01-16 12:44:00+05:30,432.0,432.15,431.85,431.9,30880,ITC
2025-01-16 12:45:00+05:30,431.95,432.35,431.85,431.95,65923,ITC
2025-01-16 12:46:00+05:30,431.95,432.2,431.8,432.0,105159,ITC
2025-01-16 12:47:00+05:30,431.9,432.1,431.8,431.8,18796,ITC
2025-01-16 12:48:00+05:30,431.85,432.0,431.7,431.85,17698,ITC
2025-01-16 12:49:00+05:30,431.85,432.0,431.7,431.9,9258,ITC
2025-01-16 12:50:00+05:30,431.9,432.0,431.6,432.0,19765,ITC
2025-01-16 12:51:00+05:30,432.0,432.05,431.7,431.7,53961,ITC
2025-01-16 12:52:00+05:30,431.8,431.95,431.45,431.8,31808,ITC
2025-01-16 12:53:00+05:30,431.8,431.8,431.6,431.75,13219,ITC
2025-01-16 12:54:00+05:30,431.65,431.85,431.5,431.85,12245,ITC
2025-01-16 12:55:00+05:30,431.85,432.0,431.65,431.8,15644,ITC
2025-01-16 12:56:00+05:30,431.75,431.85,431.4,431.5,30554,ITC
2025-01-16 12:57:00+05:30,431.5,431.8,431.4,431.6,23017,ITC
2025-01-16 12:58:00+05:30,431.75,431.9,431.5,431.85,10457,ITC
2025-01-16 12:59:00+05:30,431.9,431.9,431.6,431.75,14353,ITC
2025-01-16 13:00:00+05:30,431.75,431.95,431.45,431.65,24539,ITC
2025-01-16 13:01:00+05:30,431.7,431.8,431.45,431.45,30780,ITC
2025-01-16 13:02:00+05:30,431.5,431.75,431.4,431.5,22471,ITC
2025-01-16 13:03:00+05:30,431.65,431.65,431.3,431.5,28489,ITC
2025-01-16 13:04:00+05:30,431.6,431.7,431.4,431.5,27401,ITC
2025-01-16 13:05:00+05:30,431.65,431.85,431.4,431.6,37391,ITC
2025-01-16 13:06:00+05:30,431.75,431.9,431.5,431.75,28874,ITC
2025-01-16 13:07:00+05:30,431.55,431.8,431.45,431.65,26137,ITC
2025-01-16 13:08:00+05:30,431.5,431.7,431.35,431.55,28809,ITC
2025-01-16 13:09:00+05:30,431.65,431.75,431.4,431.7,27299,ITC
2025-01-16 13:10:00+05:30,431.5,431.75,431.45,431.75,22595,ITC
2025-01-16 13:11:00+05:30,431.7,431.8,431.5,431.65,14570,ITC
2025-01-16 13:12:00+05:30,431.6,431.85,431.5,431.75,19168,ITC
2025-01-16 13:13:00+05:30,431.55,431.9,431.5,431.75,24737,ITC
2025-01-16 13:14:00+05:30,431.85,432.0,431.65,431.95,23428,ITC
2025-01-16 13:15:00+05:30,432.0,432.0,431.8,431.95,15314,ITC
2025-01-16 13:16:00+05:30,432.0,432.0,431.65,431.95,18897,ITC
2025-01-16 13:17:00+05:30,431.85,432.0,431.7,431.9,17472,ITC
2025-01-16 13:18:00+05:30,431.75,431.9,431.65,431.85,12411,ITC
2025-01-16 13:19:00+05:30,431.65,431.95,431.6,431.8,20963,ITC
2025-01-16 13:20:00+05:30,431.8,432.0,431.6,431.9,29264,ITC
2025-01-16 13:21:00+05:30,431.8,431.95,431.65,431.85,32709,ITC
2025-01-16 13:22:00+05:30,431.8,431.9,431.65,431.85,15898,ITC
2025-01-16 13:23:00+05:30,431.85,431.9,431.65,431.85,14387,ITC
2025-01-16 13:24:00+05:30,431.85,431.9,431.6,431.7,23690,ITC
2025-01-16 13:25:00+05:30,431.7,431.7,431.6,431.7,17979,ITC
2025-01-16 13:26:00+05:30,431.7,431.85,431.65,431.85,18410,ITC
2025-01-16 13:27:00+05:30,431.8,432.0,431.65,431.75,26792,ITC
2025-01-16 13:28:00+05:30,431.95,432.0,431.65,432.0,25944,ITC
2025-01-16 13:29:00+05:30,432.0,432.1,431.65,431.95,41456,ITC
2025-01-16 13:30:00+05:30,431.95,432.0,431.65,431.8,23482,ITC
2025-01-16 13:31:00+05:30,431.75,432.1,431.75,432.0,34905,ITC
2025-01-16 13:32:00+05:30,431.8,432.0,431.75,432.0,18804,ITC
2025-01-16 13:33:00+05:30,432.0,432.1,431.75,432.0,45637,ITC
2025-01-16 13:34:00+05:30,431.9,432.1,431.75,432.0,27891,ITC
2025-01-16 13:35:00+05:30,431.95,432.15,431.65,431.85,194402,ITC
2025-01-16 13:36:00+05:30,431.9,432.05,431.65,431.85,46033,ITC
2025-01-16 13:37:00+05:30,431.85,431.95,431.65,431.8,23652,ITC
2025-01-16 13:38:00+05:30,431.8,432.0,431.65,431.8,16389,ITC
2025-01-16 13:39:00+05:30,431.75,432.05,431.7,431.8,37822,ITC
2025-01-16 13:40:00+05:30,432.0,432.1,431.85,432.0,32208,ITC
2025-01-16 13:41:00+05:30,432.0,432.1,431.7,431.95,42671,ITC
2025-01-16 13:42:00+05:30,431.95,432.05,431.7,431.95,27270,ITC
2025-01-16 13:43:00+05:30,432.0,432.1,431.8,432.0,30144,ITC
2025-01-16 13:44:00+05:30,431.95,432.05,431.7,432.05,26825,ITC
2025-01-16 13:45:00+05:30,432.0,432.15,431.75,432.0,41592,ITC
2025-01-16 13:46:00+05:30,432.0,432.1,431.85,432.0,22788,ITC
2025-01-16 13:47:00+05:30,431.95,432.2,431.8,432.0,43471,ITC
2025-01-16 13:48:00+05:30,431.95,432.1,431.8,432.0,20234,ITC
2025-01-16 13:49:00+05:30,432.0,432.15,431.85,431.9,47445,ITC
2025-01-16 13:50:00+05:30,432.0,432.2,431.8,432.0,195120,ITC
2025-01-16 13:51:00+05:30,431.85,432.1,431.75,432.0,66282,ITC
2025-01-16 13:52:00+05:30,432.0,432.15,431.8,432.0,63872,ITC
2025-01-16 13:53:00+05:30,431.95,432.55,431.95,432.45,49237,ITC
2025-01-16 13:54:00+05:30,432.45,432.75,432.35,432.65,24856,ITC
2025-01-16 13:55:00+05:30,432.65,432.9,432.6,432.8,21270,ITC
2025-01-16 13:56:00+05:30,432.75,433.0,432.45,432.95,31931,ITC
2025-01-16 13:57:00+05:30,432.95,433.0,431.85,431.85,213311,ITC
2025-01-16 13:58:00+05:30,432.0,432.1,431.65,432.0,88067,ITC
2025-01-16 13:59:00+05:30,431.95,432.1,431.65,432.0,32726,ITC
2025-01-16 14:00:00+05:30,431.95,432.1,431.75,432.0,53139,ITC
2025-01-16 14:01:00+05:30,431.95,432.15,431.8,432.0,26385,ITC
2025-01-16 14:02:00+05:30,431.95,432.1,431.85,432.0,16675,ITC
2025-01-16 14:03:00+05:30,431.95,432.05,431.85,432.0,15765,ITC
2025-01-16 14:04:00+05:30,431.85,432.1,431.85,431.95,10645,ITC
2025-01-16 14:05:00+05:30,431.9,432.1,431.9,432.0,20317,ITC
2025-01-16 14:06:00+05:30,432.0,432.05,431.8,431.95,11328,ITC
2025-01-16 14:07:00+05:30,431.95,432.05,431.85,432.0,19942,ITC
2025-01-16 14:08:00+05:30,431.95,432.05,431.8,432.0,17122,ITC
2025-01-16 14:09:00+05:30,432.0,432.05,431.8,432.0,25538,ITC
2025-01-16 14:10:00+05:30,431.9,432.05,431.65,432.0,55069,ITC
2025-01-16 14:11:00+05:30,431.85,432.1,431.75,432.0,30658,ITC
2025-01-16 14:12:00+05:30,431.9,432.1,431.8,431.95,13123,ITC
2025-01-16 14:13:00+05:30,431.85,432.1,431.8,432.0,15809,ITC
2025-01-16 14:14:00+05:30,432.0,432.1,431.8,432.0,11602,ITC
2025-01-16 14:15:00+05:30,432.0,432.1,431.75,432.05,30285,ITC
2025-01-16 14:16:00+05:30,431.9,432.05,431.8,431.85,19856,ITC
2025-01-16 14:17:00+05:30,432.0,432.1,431.85,432.0,13617,ITC
2025-01-16 14:18:00+05:30,431.95,432.15,431.85,432.0,21160,ITC
2025-01-16 14:19:00+05:30,432.0,432.1,431.85,432.0,19707,ITC
2025-01-16 14:20:00+05:30,432.0,432.1,431.75,432.0,28448,ITC
2025-01-16 14:21:00+05:30,431.95,432.1,431.8,432.0,42455,ITC
2025-01-16 14:22:00+05:30,431.8,432.1,431.8,432.0,38875,ITC
2025-01-16 14:23:00+05:30,431.95,432.2,431.8,432.0,55621,ITC
2025-01-16 14:24:00+05:30,432.05,432.1,431.8,432.0,41447,ITC
2025-01-16 14:25:00+05:30,431.95,432.1,431.85,432.0,35470,ITC
2025-01-16 14:26:00+05:30,432.0,432.2,431.65,432.0,102545,ITC
2025-01-16 14:27:00+05:30,431.95,432.15,431.9,432.0,52824,ITC
2025-01-16 14:28:00+05:30,432.0,432.15,431.8,432.0,72480,ITC
2025-01-16 14:29:00+05:30,432.0,432.25,431.9,432.0,139103,ITC
2025-01-16 14:30:00+05:30,431.95,432.3,431.9,432.05,110815,ITC
2025-01-16 14:31:00+05:30,431.95,432.05,431.9,432.0,43320,ITC
2025-01-16 14:32:00+05:30,431.95,432.05,431.8,432.0,62480,ITC
2025-01-16 14:33:00+05:30,431.9,432.2,431.9,432.0,40198,ITC
2025-01-16 14:34:00+05:30,431.9,432.15,431.8,432.0,37241,ITC
2025-01-16 14:35:00+05:30,431.95,432.1,431.8,432.0,23692,ITC
2025-01-16 14:36:00+05:30,431.95,432.1,431.9,432.0,29230,ITC
2025-01-16 14:37:00+05:30,432.0,432.05,431.9,432.0,15630,ITC
2025-01-16 14:38:00+05:30,431.95,432.05,431.85,431.85,22053,ITC
2025-01-16 14:39:00+05:30,431.95,432.0,431.85,431.95,17816,ITC
2025-01-16 14:40:00+05:30,431.95,432.0,431.8,432.0,30732,ITC
2025-01-16 14:41:00+05:30,432.0,432.25,431.8,432.0,59188,ITC
2025-01-16 14:42:00+05:30,432.0,432.05,431.9,432.0,27727,ITC
2025-01-16 14:43:00+05:30,432.0,432.1,431.9,432.0,54916,ITC
2025-01-16 14:44:00+05:30,431.9,432.1,431.9,432.0,20071,ITC
2025-01-16 14:45:00+05:30,432.0,432.15,431.8,432.0,49951,ITC
2025-01-16 14:46:00+05:30,432.0,432.15,431.85,432.15,25048,ITC
2025-01-16 14:47:00+05:30,432.1,432.2,432.0,432.2,31410,ITC
2025-01-16 14:48:00+05:30,432.05,432.25,432.05,432.25,11337,ITC
2025-01-16 14:49:00+05:30,432.25,432.5,432.1,432.45,20795,ITC
2025-01-16 14:50:00+05:30,432.4,432.45,432.2,432.45,24877,ITC
2025-01-16 14:51:00+05:30,432.4,432.6,432.35,432.55,17702,ITC
2025-01-16 14:52:00+05:30,432.55,432.55,432.3,432.55,17186,ITC
2025-01-16 14:53:00+05:30,432.55,432.6,432.1,432.6,49827,ITC
2025-01-16 14:54:00+05:30,432.6,432.75,432.5,432.75,23651,ITC
2025-01-16 14:55:00+05:30,432.75,432.9,432.35,432.8,51996,ITC
2025-01-16 14:56:00+05:30,432.8,432.8,432.45,432.7,23272,ITC
2025-01-16 14:57:00+05:30,432.7,432.85,432.45,432.8,31368,ITC
2025-01-16 14:58:00+05:30,432.7,432.9,432.6,432.9,43875,ITC
2025-01-16 14:59:00+05:30,432.85,433.0,432.6,432.65,26418,ITC
2025-01-16 15:00:00+05:30,432.65,432.95,432.55,432.9,128977,ITC
2025-01-16 15:01:00+05:30,432.85,432.95,432.7,432.9,94165,ITC
2025-01-16 15:02:00+05:30,432.9,433.0,432.55,432.9,127004,ITC
2025-01-16 15:03:00+05:30,432.9,432.95,432.6,432.8,117200,ITC
2025-01-16 15:04:00+05:30,432.8,432.95,432.55,432.8,106480,ITC
2025-01-16 15:05:00+05:30,432.8,433.0,432.75,432.9,109844,ITC
2025-01-16 15:06:00+05:30,432.9,432.95,432.65,432.65,110829,ITC
2025-01-16 15:07:00+05:30,432.8,432.95,432.65,432.8,123276,ITC
2025-01-16 15:08:00+05:30,432.8,432.95,432.6,432.9,132130,ITC
2025-01-16 15:09:00+05:30,432.9,433.0,432.75,432.85,128878,ITC
2025-01-16 15:10:00+05:30,432.9,433.0,432.5,432.9,185329,ITC
2025-01-16 15:11:00+05:30,432.9,433.0,432.8,432.9,103614,ITC
2025-01-16 15:12:00+05:30,432.85,433.05,432.65,432.9,142192,ITC
2025-01-16 15:13:00+05:30,432.9,432.95,432.65,432.85,148071,ITC
2025-01-16 15:14:00+05:30,432.9,433.0,432.8,432.9,129577,ITC
2025-01-16 15:15:00+05:30,432.85,433.0,432.7,432.9,159327,ITC
2025-01-16 15:16:00+05:30,432.9,433.0,432.7,432.9,126555,ITC
2025-01-16 15:17:00+05:30,432.9,432.95,432.65,432.9,135382,ITC
2025-01-16 15:18:00+05:30,432.9,433.05,432.75,432.9,162811,ITC
2025-01-16 15:19:00+05:30,432.9,432.95,432.65,432.85,129487,ITC
2025-01-16 15:20:00+05:30,432.8,432.95,432.55,432.9,144948,ITC
2025-01-16 15:21:00+05:30,432.9,433.0,432.65,432.8,144161,ITC
2025-01-16 15:22:00+05:30,432.8,433.0,432.6,432.85,137817,ITC
2025-01-16 15:23:00+05:30,432.85,433.1,432.65,432.8,168102,ITC
2025-01-16 15:24:00+05:30,432.8,432.95,432.65,432.9,147665,ITC
2025-01-16 15:25:00+05:30,432.85,433.0,432.7,432.9,135977,ITC
2025-01-16 15:26:00+05:30,432.85,433.05,432.65,432.9,176981,ITC
2025-01-16 15:27:00+05:30,432.9,432.95,432.7,432.85,167344,ITC
2025-01-16 15:28:00+05:30,432.9,433.3,432.75,432.9,105390,ITC
2025-01-16 15:29:00+05:30,432.9,432.9,432.6,432.9,40670,ITC
2025-01-17 09:15:00+05:30,433.0,434.6,432.5,433.45,80933,ITC
2025-01-17 09:16:00+05:30,433.35,434.1,432.95,433.8,57418,ITC
2025-01-17 09:17:00+05:30,433.6,434.1,433.2,433.95,23979,ITC
2025-01-17 09:18:00+05:30,434.15,434.25,433.05,433.4,80437,ITC
2025-01-17 09:19:00+05:30,433.4,433.5,433.1,433.1,22843,ITC
2025-01-17 09:20:00+05:30,433.25,434.25,433.0,433.9,63527,ITC
2025-01-17 09:21:00+05:30,434.1,434.15,433.7,433.95,17173,ITC
2025-01-17 09:22:00+05:30,433.95,434.0,433.7,433.9,7504,ITC
2025-01-17 09:23:00+05:30,433.9,433.9,433.05,433.3,16070,ITC
2025-01-17 09:24:00+05:30,433.3,433.7,433.15,433.6,8822,ITC
2025-01-17 09:25:00+05:30,433.7,434.4,433.6,434.1,66931,ITC
2025-01-17 09:26:00+05:30,434.25,434.9,434.1,434.8,43881,ITC
2025-01-17 09:27:00+05:30,434.8,434.9,434.45,434.9,23545,ITC
2025-01-17 09:28:00+05:30,434.75,434.95,434.5,434.7,24717,ITC
2025-01-17 09:29:00+05:30,434.7,434.8,434.3,434.6,21879,ITC
2025-01-17 09:30:00+05:30,434.6,435.8,434.5,435.8,34678,ITC
2025-01-17 09:31:00+05:30,435.8,435.85,435.5,435.55,25446,ITC
2025-01-17 09:32:00+05:30,435.6,436.0,435.6,435.9,20030,ITC
2025-01-17 09:33:00+05:30,435.9,436.35,435.4,436.15,48638,ITC
2025-01-17 09:34:00+05:30,436.15,436.35,435.6,436.15,21177,ITC
2025-01-17 09:35:00+05:30,436.1,436.4,435.9,435.95,27865,ITC
2025-01-17 09:36:00+05:30,436.15,436.7,436.0,436.7,28221,ITC
2025-01-17 09:37:00+05:30,436.7,436.9,436.6,436.7,18259,ITC
2025-01-17 09:38:00+05:30,436.7,437.2,436.45,437.2,58545,ITC
2025-01-17 09:39:00+05:30,437.05,437.2,436.7,436.85,33460,ITC
2025-01-17 09:40:00+05:30,436.95,437.0,436.4,436.5,28922,ITC
2025-01-17 09:41:00+05:30,436.6,436.95,436.2,436.7,43489,ITC
2025-01-17 09:42:00+05:30,436.6,437.0,436.45,436.85,21995,ITC
2025-01-17 09:43:00+05:30,436.85,437.2,436.55,437.0,24223,ITC
2025-01-17 09:44:00+05:30,437.0,437.4,436.7,436.75,26866,ITC
2025-01-17 09:45:00+05:30,436.9,437.3,436.7,436.85,12113,ITC
2025-01-17 09:46:00+05:30,436.85,437.2,436.7,437.0,11496,ITC
2025-01-17 09:47:00+05:30,437.0,437.8,436.95,437.15,35648,ITC
2025-01-17 09:48:00+05:30,437.15,437.8,437.15,437.45,26978,ITC
2025-01-17 09:49:00+05:30,437.5,437.5,435.65,435.9,516831,ITC
2025-01-17 09:50:00+05:30,435.85,436.0,435.85,435.9,40465,ITC
2025-01-17 09:51:00+05:30,435.9,436.0,435.8,435.9,30435,ITC
2025-01-17 09:52:00+05:30,435.9,435.95,434.85,435.0,162160,ITC
2025-01-17 09:53:00+05:30,435.0,435.9,434.9,435.7,75225,ITC
2025-01-17 09:54:00+05:30,435.7,435.8,435.4,435.55,21821,ITC
2025-01-17 09:55:00+05:30,435.55,435.65,435.35,435.65,24610,ITC
2025-01-17 09:56:00+05:30,435.65,435.65,435.3,435.35,39887,ITC
2025-01-17 09:57:00+05:30,435.35,435.65,435.35,435.65,5251,ITC
2025-01-17 09:58:00+05:30,435.65,435.95,435.6,435.95,29362,ITC
2025-01-17 09:59:00+05:30,435.9,436.0,435.55,435.7,32014,ITC
2025-01-17 10:00:00+05:30,435.7,435.7,435.55,435.55,3525,ITC
2025-01-17 10:01:00+05:30,435.6,435.8,435.55,435.75,15842,ITC
2025-01-17 10:02:00+05:30,435.8,436.95,435.75,436.95,60616,ITC
2025-01-17 10:03:00+05:30,436.9,436.95,436.75,436.95,27265,ITC
2025-01-17 10:04:00+05:30,436.8,437.1,436.6,436.85,66432,ITC
2025-01-17 10:05:00+05:30,436.8,437.25,436.55,436.85,48128,ITC
2025-01-17 10:06:00+05:30,436.85,437.0,436.5,436.6,40684,ITC
2025-01-17 10:07:00+05:30,436.5,436.65,436.4,436.6,12577,ITC
2025-01-17 10:08:00+05:30,436.55,437.85,436.3,437.45,82306,ITC
2025-01-17 10:09:00+05:30,437.25,437.75,437.25,437.6,25948,ITC
2025-01-17 10:10:00+05:30,437.55,437.9,437.45,437.6,31476,ITC
2025-01-17 10:11:00+05:30,437.45,437.75,437.05,437.1,27770,ITC
2025-01-17 10:12:00+05:30,437.25,437.6,437.0,437.1,35981,ITC
2025-01-17 10:13:00+05:30,437.1,438.0,436.7,438.0,99217,ITC
2025-01-17 10:14:00+05:30,438.0,438.0,437.5,437.55,25263,ITC
2025-01-17 10:15:00+05:30,437.6,437.7,436.65,437.1,143635,ITC
2025-01-17 10:16:00+05:30,437.1,437.25,437.1,437.25,5733,ITC
2025-01-17 10:17:00+05:30,437.25,437.45,437.15,437.4,20499,ITC
2025-01-17 10:18:00+05:30,437.4,437.55,437.3,437.5,12527,ITC
2025-01-17 10:19:00+05:30,437.4,437.85,437.25,437.3,39473,ITC
2025-01-17 10:20:00+05:30,437.3,437.9,437.25,437.6,48023,ITC
2025-01-17 10:21:00+05:30,437.85,437.95,437.5,437.8,24998,ITC
2025-01-17 10:22:00+05:30,437.8,438.15,437.65,437.8,27200,ITC
2025-01-17 10:23:00+05:30,437.8,438.65,437.75,438.65,28051,ITC
2025-01-17 10:24:00+05:30,438.65,439.0,438.55,438.95,48655,ITC
2025-01-17 10:25:00+05:30,439.0,439.0,438.5,438.9,30011,ITC
2025-01-17 10:26:00+05:30,438.95,439.0,438.75,438.95,60215,ITC
2025-01-17 10:27:00+05:30,438.95,439.3,438.8,438.9,41083,ITC
2025-01-17 10:28:00+05:30,439.1,439.3,438.9,438.95,31900,ITC
2025-01-17 10:29:00+05:30,438.95,439.0,438.65,438.75,23076,ITC
2025-01-17 10:30:00+05:30,438.8,438.95,438.5,438.95,30823,ITC
2025-01-17 10:31:00+05:30,438.85,439.0,438.55,438.8,32996,ITC
2025-01-17 10:32:00+05:30,438.8,439.15,438.75,439.0,37693,ITC
2025-01-17 10:33:00+05:30,438.95,439.25,438.55,438.55,79265,ITC
2025-01-17 10:34:00+05:30,438.5,439.5,438.5,439.3,154034,ITC
2025-01-17 10:35:00+05:30,439.3,439.8,439.1,439.1,26121,ITC
2025-01-17 10:36:00+05:30,439.3,439.35,438.85,439.1,12394,ITC
2025-01-17 10:37:00+05:30,439.25,439.55,439.1,439.25,26082,ITC
2025-01-17 10:38:00+05:30,439.3,439.45,439.1,439.35,9882,ITC
2025-01-17 10:39:00+05:30,439.35,439.35,438.8,439.05,31376,ITC
2025-01-17 10:40:00+05:30,439.0,439.3,438.95,439.15,18766,ITC
2025-01-17 10:41:00+05:30,439.25,439.3,439.0,439.05,9014,ITC
2025-01-17 10:42:00+05:30,439.05,439.3,439.0,439.2,26465,ITC
2025-01-17 10:43:00+05:30,439.2,439.9,439.1,439.7,70068,ITC
2025-01-17 10:44:00+05:30,439.65,439.7,439.25,439.45,14427,ITC
2025-01-17 10:45:00+05:30,439.4,439.45,438.7,438.7,20345,ITC
2025-01-17 10:46:00+05:30,438.8,438.8,438.25,438.45,19836,ITC
2025-01-17 10:47:00+05:30,438.5,438.65,438.3,438.55,48681,ITC
2025-01-17 10:48:00+05:30,438.4,438.7,438.4,438.7,41481,ITC
2025-01-17 10:49:00+05:30,438.7,438.9,437.8,437.95,50285,ITC
2025-01-17 10:50:00+05:30,437.95,438.25,436.95,437.35,158072,ITC
2025-01-17 10:51:00+05:30,437.35,438.15,437.25,437.85,49002,ITC
2025-01-17 10:52:00+05:30,437.85,437.95,437.35,437.5,35809,ITC
2025-01-17 10:53:00+05:30,437.5,437.9,437.5,437.9,11685,ITC
2025-01-17 10:54:00+05:30,437.9,437.9,437.35,437.55,35507,ITC
2025-01-17 10:55:00+05:30,437.35,437.7,437.35,437.55,15437,ITC
2025-01-17 10:56:00+05:30,437.55,437.55,437.1,437.5,15296,ITC
2025-01-17 10:57:00+05:30,437.45,437.45,437.0,437.0,22223,ITC
2025-01-17 10:58:00+05:30,437.05,437.25,436.9,437.05,11169,ITC
2025-01-17 10:59:00+05:30,437.2,437.45,437.0,437.15,23105,ITC
2025-01-17 11:00:00+05:30,437.3,437.7,437.15,437.65,15147,ITC
2025-01-17 11:01:00+05:30,437.5,437.65,437.45,437.65,15217,ITC
2025-01-17 11:02:00+05:30,437.65,437.95,437.45,437.95,10183,ITC
2025-01-17 11:03:00+05:30,437.95,438.25,437.75,438.25,21681,ITC
2025-01-17 11:04:00+05:30,438.25,438.45,438.05,438.4,13096,ITC
2025-01-17 11:05:00+05:30,438.4,438.9,438.25,438.7,22405,ITC
2025-01-17 11:06:00+05:30,438.9,439.15,438.7,438.85,40166,ITC
2025-01-17 11:07:00+05:30,438.85,439.0,438.55,438.85,50680,ITC
2025-01-17 11:08:00+05:30,438.85,438.85,438.15,438.5,10463,ITC
2025-01-17 11:09:00+05:30,438.45,438.75,438.45,438.7,6009,ITC
2025-01-17 11:10:00+05:30,438.7,438.7,438.55,438.7,10979,ITC
2025-01-17 11:11:00+05:30,438.65,438.75,438.65,438.75,4030,ITC
2025-01-17 11:12:00+05:30,438.7,438.75,438.1,438.2,10008,ITC
2025-01-17 11:13:00+05:30,438.4,438.45,438.15,438.35,8837,ITC
2025-01-17 11:14:00+05:30,438.35,438.35,438.1,438.35,9773,ITC
2025-01-17 11:15:00+05:30,438.25,438.45,438.25,438.35,7327,ITC
2025-01-17 11:16:00+05:30,438.45,438.5,437.85,437.9,12381,ITC
2025-01-17 11:17:00+05:30,437.85,438.0,437.75,437.8,5773,ITC
2025-01-17 11:18:00+05:30,437.8,438.15,437.75,438.1,14183,ITC
2025-01-17 11:19:00+05:30,438.0,438.75,437.95,438.65,54253,ITC
2025-01-17 11:20:00+05:30,438.65,438.7,438.5,438.65,6698,ITC
2025-01-17 11:21:00+05:30,438.55,438.65,438.5,438.65,8881,ITC
2025-01-17 11:22:00+05:30,438.6,438.65,438.45,438.65,7664,ITC
2025-01-17 11:23:00+05:30,438.6,438.65,438.5,438.65,5955,ITC
2025-01-17 11:24:00+05:30,438.55,438.8,438.55,438.8,7431,ITC
2025-01-17 11:25:00+05:30,438.65,438.8,438.5,438.75,9926,ITC
2025-01-17 11:26:00+05:30,438.6,438.75,438.6,438.65,5976,ITC
2025-01-17 11:27:00+05:30,438.6,438.65,438.6,438.65,4491,ITC
2025-01-17 11:28:00+05:30,438.65,439.3,438.6,439.0,57005,ITC
2025-01-17 11:29:00+05:30,438.8,439.15,438.7,439.1,46615,ITC
2025-01-17 11:30:00+05:30,439.05,439.25,439.0,439.25,37240,ITC
2025-01-17 11:31:00+05:30,439.25,439.6,439.25,439.3,41222,ITC
2025-01-17 11:32:00+05:30,439.4,439.4,439.0,439.15,39956,ITC
2025-01-17 11:33:00+05:30,439.0,439.2,438.65,438.9,86565,ITC
2025-01-17 11:34:00+05:30,438.9,438.9,438.55,438.7,9513,ITC
2025-01-17 11:35:00+05:30,438.65,438.75,438.65,438.7,10285,ITC
2025-01-17 11:36:00+05:30,438.7,438.75,438.65,438.75,8009,ITC
2025-01-17 11:37:00+05:30,438.75,438.75,438.65,438.7,7839,ITC
2025-01-17 11:38:00+05:30,438.7,438.7,438.6,438.65,9754,ITC
2025-01-17 11:39:00+05:30,438.6,438.65,438.55,438.65,6666,ITC
2025-01-17 11:40:00+05:30,438.65,438.65,438.55,438.65,7547,ITC
2025-01-17 11:41:00+05:30,438.65,438.65,438.5,438.65,14371,ITC
2025-01-17 11:42:00+05:30,438.65,438.65,438.5,438.6,4834,ITC
2025-01-17 11:43:00+05:30,438.65,438.65,438.45,438.6,9585,ITC
2025-01-17 11:44:00+05:30,438.45,438.6,438.35,438.4,5333,ITC
2025-01-17 11:45:00+05:30,438.4,438.4,438.15,438.3,5691,ITC
2025-01-17 11:46:00+05:30,438.15,438.4,438.15,438.2,39103,ITC
2025-01-17 11:47:00+05:30,438.2,438.4,438.2,438.25,8736,ITC
2025-01-17 11:48:00+05:30,438.35,438.35,438.25,438.3,20314,ITC
2025-01-17 11:49:00+05:30,438.3,438.4,438.25,438.4,3757,ITC
2025-01-17 11:50:00+05:30,438.4,438.4,438.25,438.35,8996,ITC
2025-01-17 11:51:00+05:30,438.3,438.4,438.3,438.35,5316,ITC
2025-01-17 11:52:00+05:30,438.35,438.35,438.3,438.35,4369,ITC
2025-01-17 11:53:00+05:30,438.35,438.75,438.3,438.7,24179,ITC
2025-01-17 11:54:00+05:30,438.6,438.8,438.6,438.75,31884,ITC
2025-01-17 11:55:00+05:30,438.75,439.0,438.65,438.85,13867,ITC
2025-01-17 11:56:00+05:30,438.85,438.85,438.7,438.85,4214,ITC
2025-01-17 11:57:00+05:30,438.85,439.0,438.7,439.0,15147,ITC
2025-01-17 11:58:00+05:30,438.95,439.0,438.85,439.0,4815,ITC
2025-01-17 11:59:00+05:30,439.0,439.05,438.9,439.0,21590,ITC
2025-01-17 12:00:00+05:30,439.0,439.1,438.95,439.0,30331,ITC
2025-01-17 12:01:00+05:30,439.0,439.85,438.95,439.75,67369,ITC
2025-01-17 12:02:00+05:30,439.75,440.35,439.55,439.75,215080,ITC
2025-01-17 12:03:00+05:30,439.7,439.95,439.55,439.55,46221,ITC
2025-01-17 12:04:00+05:30,439.55,439.8,439.35,439.65,15166,ITC
2025-01-17 12:05:00+05:30,439.65,439.8,439.55,439.8,14334,ITC
2025-01-17 12:06:00+05:30,439.75,439.95,439.7,439.75,9714,ITC
2025-01-17 12:07:00+05:30,439.75,439.95,439.75,439.85,7383,ITC
2025-01-17 12:08:00+05:30,439.85,440.1,439.65,439.85,56215,ITC
2025-01-17 12:09:00+05:30,440.0,440.05,439.8,439.95,21942,ITC
2025-01-17 12:10:00+05:30,439.95,440.15,439.9,440.05,14194,ITC
2025-01-17 12:11:00+05:30,440.0,440.1,440.0,440.05,11174,ITC
2025-01-17 12:12:00+05:30,440.05,440.2,440.0,440.2,11518,ITC
2025-01-17 12:13:00+05:30,440.2,440.25,440.15,440.25,5790,ITC
2025-01-17 12:14:00+05:30,440.25,440.3,440.2,440.25,10888,ITC
2025-01-17 12:15:00+05:30,440.3,440.3,440.0,440.0,20229,ITC
2025-01-17 12:16:00+05:30,440.0,440.2,440.0,440.1,16153,ITC
2025-01-17 12:17:00+05:30,440.1,440.85,440.1,440.65,32962,ITC
2025-01-17 12:18:00+05:30,440.6,441.35,440.6,441.2,94365,ITC
2025-01-17 12:19:00+05:30,441.05,441.25,440.95,441.15,48946,ITC
2025-01-17 12:20:00+05:30,441.15,441.45,440.95,441.0,41767,ITC
2025-01-17 12:21:00+05:30,441.0,441.15,440.7,441.0,26068,ITC
2025-01-17 12:22:00+05:30,440.85,441.05,440.75,440.85,13177,ITC
2025-01-17 12:23:00+05:30,441.0,441.0,440.75,440.95,25527,ITC
2025-01-17 12:24:00+05:30,440.75,440.95,440.65,440.9,17008,ITC
2025-01-17 12:25:00+05:30,440.9,441.0,440.8,440.8,50848,ITC
2025-01-17 12:26:00+05:30,440.8,440.95,440.7,440.85,30023,ITC
2025-01-17 12:27:00+05:30,440.85,440.9,440.05,440.25,24435,ITC
2025-01-17 12:28:00+05:30,440.05,440.25,439.85,439.85,19271,ITC
2025-01-17 12:29:00+05:30,439.85,440.0,439.65,439.75,50187,ITC
2025-01-17 12:30:00+05:30,439.85,439.95,439.7,439.9,18776,ITC
2025-01-17 12:31:00+05:30,439.9,439.95,439.8,439.95,27945,ITC
2025-01-17 12:32:00+05:30,439.9,439.95,439.9,439.95,22405,ITC
2025-01-17 12:33:00+05:30,439.95,440.2,439.9,440.15,17088,ITC
2025-01-17 12:34:00+05:30,440.2,440.4,440.05,440.35,16449,ITC
2025-01-17 12:35:00+05:30,440.25,440.35,440.05,440.2,13872,ITC
2025-01-17 12:36:00+05:30,440.2,440.25,440.0,440.0,10655,ITC
2025-01-17 12:37:00+05:30,439.95,440.15,439.7,439.85,26657,ITC
2025-01-17 12:38:00+05:30,439.75,440.0,439.7,440.0,13413,ITC
2025-01-17 12:39:00+05:30,439.9,440.4,439.85,440.2,57069,ITC
2025-01-17 12:40:00+05:30,440.0,440.25,440.0,440.05,13388,ITC
2025-01-17 12:41:00+05:30,440.05,440.2,439.75,439.9,17069,ITC
2025-01-17 12:42:00+05:30,439.75,439.95,439.75,439.75,9461,ITC
2025-01-17 12:43:00+05:30,439.85,440.0,439.75,440.0,13797,ITC
2025-01-17 12:44:00+05:30,439.95,440.2,439.9,440.0,40024,ITC
2025-01-17 12:45:00+05:30,439.95,440.45,439.95,440.3,14544,ITC
2025-01-17 12:46:00+05:30,440.15,440.25,439.8,439.8,8761,ITC
2025-01-17 12:47:00+05:30,439.75,440.0,439.65,439.85,15336,ITC
2025-01-17 12:48:00+05:30,439.85,439.85,439.5,439.75,15705,ITC
2025-01-17 12:49:00+05:30,439.6,439.8,439.6,439.65,10225,ITC
2025-01-17 12:50:00+05:30,439.65,439.7,439.65,439.65,28028,ITC
2025-01-17 12:51:00+05:30,439.7,439.95,439.6,439.6,40938,ITC
2025-01-17 12:52:00+05:30,439.7,439.8,439.55,439.8,16477,ITC
2025-01-17 12:53:00+05:30,439.7,440.55,439.7,440.35,36527,ITC
2025-01-17 12:54:00+05:30,440.35,440.6,440.25,440.3,19263,ITC
2025-01-17 12:55:00+05:30,440.3,440.55,440.3,440.3,11585,ITC
2025-01-17 12:56:00+05:30,440.3,440.75,440.25,440.55,23571,ITC
2025-01-17 12:57:00+05:30,440.55,440.7,440.5,440.65,9091,ITC
2025-01-17 12:58:00+05:30,440.5,440.65,440.45,440.5,11616,ITC
2025-01-17 12:59:00+05:30,440.5,440.5,440.1,440.2,10530,ITC
2025-01-17 13:00:00+05:30,440.1,440.2,439.85,439.85,16288,ITC
2025-01-17 13:01:00+05:30,439.85,440.0,439.8,440.0,14086,ITC
2025-01-17 13:02:00+05:30,439.85,440.1,439.85,440.0,18678,ITC
2025-01-17 13:03:00+05:30,440.0,440.35,440.0,440.25,18160,ITC
2025-01-17 13:04:00+05:30,440.3,440.45,440.0,440.15,14313,ITC
2025-01-17 13:05:00+05:30,440.0,440.15,439.85,439.9,14173,ITC
2025-01-17 13:06:00+05:30,439.9,440.15,439.8,439.8,14597,ITC
2025-01-17 13:07:00+05:30,439.8,440.15,439.8,440.0,10456,ITC
2025-01-17 13:08:00+05:30,440.0,440.1,439.8,440.1,13451,ITC
2025-01-17 13:09:00+05:30,440.0,440.3,439.95,440.2,11436,ITC
2025-01-17 13:10:00+05:30,440.2,440.45,440.2,440.3,14128,ITC
2025-01-17 13:11:00+05:30,440.3,440.45,440.0,440.3,48238,ITC
2025-01-17 13:12:00+05:30,440.25,440.5,440.2,440.25,16301,ITC
2025-01-17 13:13:00+05:30,440.2,440.35,440.1,440.1,10674,ITC
2025-01-17 13:14:00+05:30,440.2,440.2,440.0,440.0,11056,ITC
2025-01-17 13:15:00+05:30,440.0,440.15,439.9,440.15,14954,ITC
2025-01-17 13:16:00+05:30,440.15,440.2,440.0,440.15,9147,ITC
2025-01-17 13:17:00+05:30,440.15,440.15,439.9,439.95,11820,ITC
2025-01-17 13:18:00+05:30,439.9,440.0,439.9,439.95,11738,ITC
2025-01-17 13:19:00+05:30,439.95,439.95,439.65,439.8,12127,ITC
2025-01-17 13:20:00+05:30,439.65,439.8,439.25,439.35,29915,ITC
2025-01-17 13:21:00+05:30,439.35,439.6,439.35,439.6,14045,ITC
2025-01-17 13:22:00+05:30,439.5,439.65,439.4,439.4,17596,ITC
2025-01-17 13:23:00+05:30,439.4,439.6,439.4,439.55,14893,ITC
2025-01-17 13:24:00+05:30,439.55,439.55,439.3,439.45,10199,ITC
2025-01-17 13:25:00+05:30,439.35,439.5,439.0,439.2,15658,ITC
2025-01-17 13:26:00+05:30,439.05,439.4,439.05,439.3,22102,ITC
2025-01-17 13:27:00+05:30,439.3,439.45,439.1,439.4,12280,ITC
2025-01-17 13:28:00+05:30,439.35,439.45,439.1,439.4,13284,ITC
2025-01-17 13:29:00+05:30,439.35,439.45,439.35,439.35,10892,ITC
2025-01-17 13:30:00+05:30,439.4,439.45,439.1,439.2,13868,ITC
2025-01-17 13:31:00+05:30,439.2,439.3,439.15,439.25,15025,ITC
2025-01-17 13:32:00+05:30,439.3,439.35,439.2,439.35,12516,ITC
2025-01-17 13:33:00+05:30,439.35,439.35,439.0,439.25,15014,ITC
2025-01-17 13:34:00+05:30,439.2,439.35,439.05,439.05,19990,ITC
2025-01-17 13:35:00+05:30,439.1,439.2,439.0,439.2,10843,ITC
2025-01-17 13:36:00+05:30,439.05,439.3,439.05,439.25,16060,ITC
2025-01-17 13:37:00+05:30,439.3,439.45,439.25,439.35,10240,ITC
2025-01-17 13:38:00+05:30,439.4,439.45,439.15,439.3,16459,ITC
2025-01-17 13:39:00+05:30,439.3,439.35,439.15,439.3,7274,ITC
2025-01-17 13:40:00+05:30,439.25,439.3,439.05,439.1,10412,ITC
2025-01-17 13:41:00+05:30,439.15,439.15,438.75,439.0,57450,ITC
2025-01-17 13:42:00+05:30,439.05,439.25,439.0,439.15,27473,ITC
2025-01-17 13:43:00+05:30,439.15,439.75,439.15,439.5,42984,ITC
2025-01-17 13:44:00+05:30,439.5,439.65,439.2,439.3,35280,ITC
2025-01-17 13:45:00+05:30,439.2,439.45,439.2,439.35,9521,ITC
2025-01-17 13:46:00+05:30,439.35,439.6,439.35,439.55,10583,ITC
2025-01-17 13:47:00+05:30,439.6,439.8,439.5,439.7,12877,ITC
2025-01-17 13:48:00+05:30,439.65,439.95,439.6,439.65,21961,ITC
2025-01-17 13:49:00+05:30,439.65,439.9,439.6,439.85,12182,ITC
2025-01-17 13:50:00+05:30,439.85,439.95,439.8,439.95,12796,ITC
2025-01-17 13:51:00+05:30,439.95,440.3,439.8,440.3,26455,ITC
2025-01-17 13:52:00+05:30,440.3,440.4,440.25,440.4,17518,ITC
2025-01-17 13:53:00+05:30,440.4,440.55,440.3,440.5,24126,ITC
2025-01-17 13:54:00+05:30,440.5,440.5,440.3,440.45,24636,ITC
2025-01-17 13:55:00+05:30,440.45,440.5,440.1,440.4,24146,ITC
2025-01-17 13:56:00+05:30,440.4,440.5,440.25,440.5,16784,ITC
2025-01-17 13:57:00+05:30,440.5,440.8,440.35,440.6,32633,ITC
2025-01-17 13:58:00+05:30,440.6,440.6,440.2,440.45,23884,ITC
2025-01-17 13:59:00+05:30,440.45,440.75,440.4,440.6,18522,ITC
2025-01-17 14:00:00+05:30,440.6,440.8,440.4,440.8,18071,ITC
2025-01-17 14:01:00+05:30,440.8,440.9,440.7,440.9,20586,ITC
2025-01-17 14:02:00+05:30,440.9,440.95,440.75,440.95,15776,ITC
2025-01-17 14:03:00+05:30,440.95,441.0,440.6,440.6,22364,ITC
2025-01-17 14:04:00+05:30,440.65,440.8,440.55,440.65,14898,ITC
2025-01-17 14:05:00+05:30,440.8,440.8,440.3,440.45,39023,ITC
2025-01-17 14:06:00+05:30,440.45,440.6,440.15,440.3,22226,ITC
2025-01-17 14:07:00+05:30,440.3,440.45,440.25,440.45,16223,ITC
2025-01-17 14:08:00+05:30,440.45,440.55,440.25,440.45,17486,ITC
2025-01-17 14:09:00+05:30,440.45,440.5,440.3,440.5,12864,ITC
2025-01-17 14:10:00+05:30,440.5,440.5,440.4,440.5,19677,ITC
2025-01-17 14:11:00+05:30,440.5,440.5,440.3,440.5,15088,ITC
2025-01-17 14:12:00+05:30,440.5,440.5,440.3,440.5,13159,ITC
2025-01-17 14:13:00+05:30,440.5,440.55,440.45,440.5,21238,ITC
2025-01-17 14:14:00+05:30,440.5,440.75,440.45,440.75,16871,ITC
2025-01-17 14:15:00+05:30,440.75,440.8,440.65,440.75,14633,ITC
2025-01-17 14:16:00+05:30,440.8,440.95,440.75,440.95,20617,ITC
2025-01-17 14:17:00+05:30,440.85,441.0,440.75,441.0,21216,ITC
2025-01-17 14:18:00+05:30,441.0,441.05,440.95,441.0,15198,ITC
2025-01-17 14:19:00+05:30,441.0,441.05,440.95,440.95,16561,ITC
2025-01-17 14:20:00+05:30,441.0,441.0,440.65,440.8,16019,ITC
2025-01-17 14:21:00+05:30,440.8,440.9,440.55,440.75,15642,ITC
2025-01-17 14:22:00+05:30,440.75,440.9,440.55,440.8,22030,ITC
2025-01-17 14:23:00+05:30,440.8,440.85,440.6,440.75,11926,ITC
2025-01-17 14:24:00+05:30,440.8,440.9,440.75,440.9,19441,ITC
2025-01-17 14:25:00+05:30,440.9,440.95,440.75,440.95,14126,ITC
2025-01-17 14:26:00+05:30,440.95,441.0,440.9,441.0,14222,ITC
2025-01-17 14:27:00+05:30,441.0,441.0,440.9,441.0,20953,ITC
2025-01-17 14:28:00+05:30,441.0,441.0,440.8,440.9,42456,ITC
2025-01-17 14:29:00+05:30,440.85,440.95,440.85,440.9,15866,ITC
2025-01-17 14:30:00+05:30,440.9,441.1,440.85,440.95,38856,ITC
2025-01-17 14:31:00+05:30,441.0,441.1,440.95,441.0,14166,ITC
2025-01-17 14:32:00+05:30,441.0,441.05,440.95,441.0,24772,ITC
2025-01-17 14:33:00+05:30,441.0,441.0,440.95,440.95,16833,ITC
2025-01-17 14:34:00+05:30,441.0,441.0,440.6,440.85,31688,ITC
2025-01-17 14:35:00+05:30,440.85,440.9,440.4,440.6,29148,ITC
2025-01-17 14:36:00+05:30,440.6,440.95,440.45,440.9,34342,ITC
2025-01-17 14:37:00+05:30,440.9,441.0,440.7,441.0,19116,ITC
2025-01-17 14:38:00+05:30,441.0,441.0,440.95,441.0,16372,ITC
2025-01-17 14:39:00+05:30,441.0,441.0,440.7,440.85,26857,ITC
2025-01-17 14:40:00+05:30,440.9,441.0,440.85,440.95,18630,ITC
2025-01-17 14:41:00+05:30,441.0,441.0,440.85,440.85,26627,ITC
2025-01-17 14:42:00+05:30,440.95,441.0,440.85,440.95,19600,ITC
2025-01-17 14:43:00+05:30,441.0,441.05,440.95,440.95,20331,ITC
2025-01-17 14:44:00+05:30,441.0,441.0,440.8,440.8,22266,ITC
2025-01-17 14:45:00+05:30,440.9,441.05,440.75,441.05,40777,ITC
2025-01-17 14:46:00+05:30,441.05,441.4,441.0,441.25,41348,ITC
2025-01-17 14:47:00+05:30,441.25,441.35,441.0,441.1,23429,ITC
2025-01-17 14:48:00+05:30,441.15,441.25,440.85,441.25,23769,ITC
2025-01-17 14:49:00+05:30,441.25,441.5,441.15,441.4,18919,ITC
2025-01-17 14:50:00+05:30,441.45,441.8,441.3,441.4,48993,ITC
2025-01-17 14:51:00+05:30,441.45,441.65,441.4,441.6,24108,ITC
2025-01-17 14:52:00+05:30,441.55,441.6,441.15,441.3,22893,ITC
2025-01-17 14:53:00+05:30,441.3,441.4,441.15,441.3,29165,ITC
2025-01-17 14:54:00+05:30,441.35,441.35,440.85,441.1,89665,ITC
2025-01-17 14:55:00+05:30,441.1,441.35,441.05,441.15,18891,ITC
2025-01-17 14:56:00+05:30,441.15,441.25,440.4,440.55,265112,ITC
2025-01-17 14:57:00+05:30,440.55,441.0,440.2,440.75,179553,ITC
2025-01-17 14:58:00+05:30,440.75,440.75,440.55,440.75,18622,ITC
2025-01-17 14:59:00+05:30,440.75,440.95,440.6,440.9,23567,ITC
2025-01-17 15:00:00+05:30,440.95,440.95,440.6,440.65,67373,ITC
2025-01-17 15:01:00+05:30,440.75,440.8,440.5,440.5,29931,ITC
2025-01-17 15:02:00+05:30,440.6,440.6,440.5,440.55,21105,ITC
2025-01-17 15:03:00+05:30,440.55,440.55,440.5,440.55,38307,ITC
2025-01-17 15:04:00+05:30,440.55,440.55,440.5,440.55,29044,ITC
2025-01-17 15:05:00+05:30,440.5,440.55,440.4,440.45,30574,ITC
2025-01-17 15:06:00+05:30,440.45,440.45,440.05,440.05,31001,ITC
2025-01-17 15:07:00+05:30,440.15,440.15,439.9,439.9,42758,ITC
2025-01-17 15:08:00+05:30,440.0,440.0,439.9,440.0,31669,ITC
2025-01-17 15:09:00+05:30,440.0,440.0,439.9,439.9,24516,ITC
2025-01-17 15:10:00+05:30,439.95,439.95,439.9,439.9,38770,ITC
2025-01-17 15:11:00+05:30,439.9,439.95,439.8,439.8,29874,ITC
2025-01-17 15:12:00+05:30,439.9,439.9,439.8,439.85,28810,ITC
2025-01-17 15:13:00+05:30,439.85,439.85,439.8,439.85,29865,ITC
2025-01-17 15:14:00+05:30,439.85,439.95,439.8,439.9,53479,ITC
2025-01-17 15:15:00+05:30,439.95,440.3,439.9,440.3,69141,ITC
2025-01-17 15:16:00+05:30,440.3,440.65,440.3,440.35,71725,ITC
2025-01-17 15:17:00+05:30,440.35,440.6,440.25,440.35,73688,ITC
2025-01-17 15:18:00+05:30,440.35,440.6,440.3,440.35,49951,ITC
2025-01-17 15:19:00+05:30,440.35,440.4,440.3,440.4,37016,ITC
2025-01-17 15:20:00+05:30,440.4,440.45,440.25,440.25,63241,ITC
2025-01-17 15:21:00+05:30,440.45,440.45,440.05,440.05,31366,ITC
2025-01-17 15:22:00+05:30,440.0,440.2,439.95,440.1,54045,ITC
2025-01-17 15:23:00+05:30,440.15,440.3,440.0,440.0,48684,ITC
2025-01-17 15:24:00+05:30,440.1,440.2,440.0,440.15,85786,ITC
2025-01-17 15:25:00+05:30,440.1,440.25,439.95,440.0,61114,ITC
2025-01-17 15:26:00+05:30,440.1,440.2,440.0,440.05,30454,ITC
2025-01-17 15:27:00+05:30,440.05,440.1,439.95,440.0,48521,ITC
2025-01-17 15:28:00+05:30,440.0,440.0,439.55,439.95,37892,ITC
2025-01-17 15:29:00+05:30,439.85,440.0,439.35,439.65,40358,ITC
2025-01-20 09:15:00+05:30,439.0,440.2,438.4,439.7,78853,ITC
2025-01-20 09:16:00+05:30,439.7,440.2,439.45,439.9,16211,ITC
2025-01-20 09:17:00+05:30,439.9,441.2,439.9,441.0,13078,ITC
2025-01-20 09:18:00+05:30,441.0,441.0,440.1,440.3,21088,ITC
2025-01-20 09:19:00+05:30,440.1,440.3,439.6,439.9,15802,ITC
2025-01-20 09:20:00+05:30,439.9,440.3,439.55,440.2,12656,ITC
2025-01-20 09:21:00+05:30,440.15,440.4,439.95,440.25,9278,ITC
2025-01-20 09:22:00+05:30,440.4,440.75,440.25,440.5,14020,ITC
2025-01-20 09:23:00+05:30,440.5,440.95,440.15,440.4,15486,ITC
2025-01-20 09:24:00+05:30,440.4,440.4,439.5,439.6,12903,ITC
2025-01-20 09:25:00+05:30,439.6,439.6,438.8,438.9,18879,ITC
2025-01-20 09:26:00+05:30,438.85,439.4,438.75,439.4,11050,ITC
2025-01-20 09:27:00+05:30,439.3,439.45,438.8,438.9,8744,ITC
2025-01-20 09:28:00+05:30,438.9,439.15,438.65,438.8,9904,ITC
2025-01-20 09:29:00+05:30,438.65,438.8,438.1,438.3,15772,ITC
2025-01-20 09:30:00+05:30,438.3,439.0,438.2,438.85,46958,ITC
2025-01-20 09:31:00+05:30,438.85,439.2,438.55,438.7,36541,ITC
2025-01-20 09:32:00+05:30,438.7,438.95,438.65,438.9,11427,ITC
2025-01-20 09:33:00+05:30,438.9,438.9,438.45,438.6,26818,ITC
2025-01-20 09:34:00+05:30,438.7,438.7,438.15,438.4,18462,ITC
2025-01-20 09:35:00+05:30,438.4,438.65,438.2,438.45,26655,ITC
2025-01-20 09:36:00+05:30,438.6,438.65,438.15,438.4,14816,ITC
2025-01-20 09:37:00+05:30,438.4,438.45,438.0,438.05,14315,ITC
2025-01-20 09:38:00+05:30,438.25,438.3,437.8,438.0,17706,ITC
2025-01-20 09:39:00+05:30,438.0,438.2,437.8,438.0,15166,ITC
2025-01-20 09:40:00+05:30,438.0,438.3,438.0,438.25,17594,ITC
2025-01-20 09:41:00+05:30,438.25,438.45,438.15,438.3,11275,ITC
2025-01-20 09:42:00+05:30,438.3,438.45,438.0,438.15,11586,ITC
2025-01-20 09:43:00+05:30,438.1,438.35,438.1,438.25,9030,ITC
2025-01-20 09:44:00+05:30,438.2,438.25,438.0,438.2,8779,ITC
2025-01-20 09:45:00+05:30,438.2,438.35,438.05,438.35,23604,ITC
2025-01-20 09:46:00+05:30,438.15,438.3,437.4,437.45,72334,ITC
2025-01-20 09:47:00+05:30,437.6,437.9,437.45,437.9,20710,ITC
2025-01-20 09:48:00+05:30,437.9,437.9,437.5,437.75,34565,ITC
2025-01-20 09:49:00+05:30,437.7,438.5,437.65,438.25,41562,ITC
2025-01-20 09:50:00+05:30,438.3,438.3,437.55,437.8,28792,ITC
2025-01-20 09:51:00+05:30,437.8,437.8,437.55,437.6,16509,ITC
2025-01-20 09:52:00+05:30,437.6,437.8,437.55,437.75,15257,ITC
2025-01-20 09:53:00+05:30,437.75,437.8,437.4,437.6,14849,ITC
2025-01-20 09:54:00+05:30,437.6,437.6,437.25,437.4,13484,ITC
2025-01-20 09:55:00+05:30,437.4,438.0,437.4,437.95,19894,ITC
2025-01-20 09:56:00+05:30,437.9,437.95,437.55,437.85,19228,ITC
2025-01-20 09:57:00+05:30,437.85,438.0,437.7,437.75,24618,ITC
2025-01-20 09:58:00+05:30,437.85,437.95,437.6,437.9,25868,ITC
2025-01-20 09:59:00+05:30,437.9,437.9,437.5,437.65,9022,ITC
2025-01-20 10:00:00+05:30,437.65,437.75,437.2,437.35,35756,ITC
2025-01-20 10:01:00+05:30,437.4,437.45,437.2,437.25,20414,ITC
2025-01-20 10:02:00+05:30,437.3,437.45,436.55,436.55,200946,ITC
2025-01-20 10:03:00+05:30,436.75,436.75,436.55,436.75,15807,ITC
2025-01-20 10:04:00+05:30,436.75,436.95,436.65,436.85,25474,ITC
2025-01-20 10:05:00+05:30,436.85,437.35,436.7,437.3,24525,ITC
2025-01-20 10:06:00+05:30,437.3,437.3,436.9,437.0,17905,ITC
2025-01-20 10:07:00+05:30,437.0,437.0,436.6,436.85,9600,ITC
2025-01-20 10:08:00+05:30,436.85,437.0,436.65,437.0,15921,ITC
2025-01-20 10:09:00+05:30,437.0,437.1,436.75,436.95,14739,ITC
2025-01-20 10:10:00+05:30,436.95,436.95,436.6,436.75,7206,ITC
2025-01-20 10:11:00+05:30,436.75,437.0,436.65,437.0,11989,ITC
2025-01-20 10:12:00+05:30,437.0,437.1,436.9,437.0,4861,ITC
2025-01-20 10:13:00+05:30,437.0,437.1,436.95,437.05,10259,ITC
2025-01-20 10:14:00+05:30,437.1,437.3,437.05,437.2,4594,ITC
2025-01-20 10:15:00+05:30,437.3,437.65,437.2,437.55,16536,ITC
2025-01-20 10:16:00+05:30,437.55,437.65,437.15,437.15,12326,ITC
2025-01-20 10:17:00+05:30,437.4,437.6,437.2,437.5,15675,ITC
2025-01-20 10:18:00+05:30,437.5,437.5,437.3,437.3,8300,ITC
2025-01-20 10:19:00+05:30,437.35,437.4,437.1,437.15,7251,ITC
2025-01-20 10:20:00+05:30,437.15,437.3,437.0,437.25,16473,ITC
2025-01-20 10:21:00+05:30,437.25,437.4,436.85,437.0,15286,ITC
2025-01-20 10:22:00+05:30,437.0,437.15,436.9,437.15,6576,ITC
2025-01-20 10:23:00+05:30,437.15,437.3,437.0,437.25,6336,ITC
2025-01-20 10:24:00+05:30,437.25,437.25,436.8,436.8,18567,ITC
2025-01-20 10:25:00+05:30,436.9,437.15,436.7,437.0,30066,ITC
2025-01-20 10:26:00+05:30,437.1,437.1,436.75,436.9,8932,ITC
2025-01-20 10:27:00+05:30,436.9,437.4,436.9,437.25,21192,ITC
2025-01-20 10:28:00+05:30,437.2,437.25,437.05,437.2,4093,ITC
2025-01-20 10:29:00+05:30,437.2,437.2,436.9,436.95,23159,ITC
2025-01-20 10:30:00+05:30,436.95,436.95,436.5,436.55,23236,ITC
2025-01-20 10:31:00+05:30,436.6,438.1,436.35,438.1,198247,ITC
2025-01-20 10:32:00+05:30,438.1,438.15,437.1,437.3,60734,ITC
2025-01-20 10:33:00+05:30,437.3,437.8,437.1,437.65,61128,ITC
2025-01-20 10:34:00+05:30,437.75,437.75,437.5,437.65,5284,ITC
2025-01-20 10:35:00+05:30,437.65,438.45,437.5,438.15,80888,ITC
2025-01-20 10:36:00+05:30,438.25,438.45,437.55,438.0,226457,ITC
2025-01-20 10:37:00+05:30,438.0,438.35,437.9,438.25,119231,ITC
2025-01-20 10:38:00+05:30,438.25,438.4,438.1,438.3,18845,ITC
2025-01-20 10:39:00+05:30,438.35,438.4,438.0,438.0,42934,ITC
2025-01-20 10:40:00+05:30,438.15,438.15,437.6,437.95,22444,ITC
2025-01-20 10:41:00+05:30,437.95,438.05,437.9,438.05,6407,ITC
2025-01-20 10:42:00+05:30,438.0,438.3,438.0,438.1,6769,ITC
2025-01-20 10:43:00+05:30,438.2,438.2,438.0,438.05,19768,ITC
2025-01-20 10:44:00+05:30,438.05,438.2,438.0,438.05,16482,ITC
2025-01-20 10:45:00+05:30,438.0,438.0,437.25,437.25,155158,ITC
2025-01-20 10:46:00+05:30,437.25,437.45,437.0,437.1,12421,ITC
2025-01-20 10:47:00+05:30,437.1,437.9,437.1,437.55,91882,ITC
2025-01-20 10:48:00+05:30,437.5,437.5,437.3,437.35,2165,ITC
2025-01-20 10:49:00+05:30,437.4,437.7,437.35,437.45,41472,ITC
2025-01-20 10:50:00+05:30,437.45,437.65,437.45,437.45,26657,ITC
2025-01-20 10:51:00+05:30,437.45,437.75,437.4,437.5,84792,ITC
2025-01-20 10:52:00+05:30,437.5,437.5,437.4,437.4,9873,ITC
2025-01-20 10:53:00+05:30,437.5,437.8,437.4,437.45,86117,ITC
2025-01-20 10:54:00+05:30,437.45,437.5,437.3,437.4,4250,ITC
2025-01-20 10:55:00+05:30,437.4,437.5,437.25,437.3,3605,ITC
2025-01-20 10:56:00+05:30,437.3,437.5,437.3,437.35,2838,ITC
2025-01-20 10:57:00+05:30,437.35,437.5,437.3,437.3,7118,ITC
2025-01-20 10:58:00+05:30,437.35,437.6,437.3,437.45,9415,ITC
2025-01-20 10:59:00+05:30,437.45,437.5,437.4,437.4,3837,ITC
2025-01-20 11:00:00+05:30,437.4,437.6,437.4,437.5,25886,ITC
2025-01-20 11:01:00+05:30,437.45,437.5,437.45,437.5,6770,ITC
2025-01-20 11:02:00+05:30,437.45,437.6,437.45,437.5,11370,ITC
2025-01-20 11:03:00+05:30,437.45,437.5,437.4,437.45,10622,ITC
2025-01-20 11:04:00+05:30,437.5,437.5,437.3,437.3,14103,ITC
2025-01-20 11:05:00+05:30,437.4,437.4,437.2,437.2,9333,ITC
2025-01-20 11:06:00+05:30,437.25,437.5,437.15,437.5,17265,ITC
2025-01-20 11:07:00+05:30,437.45,437.55,437.45,437.45,18903,ITC
2025-01-20 11:08:00+05:30,437.5,437.5,437.15,437.15,8499,ITC
2025-01-20 11:09:00+05:30,437.25,437.35,437.15,437.25,7518,ITC
2025-01-20 11:10:00+05:30,437.25,437.25,437.2,437.25,5795,ITC
2025-01-20 11:11:00+05:30,437.2,437.25,437.2,437.2,4009,ITC
2025-01-20 11:12:00+05:30,437.2,437.25,436.75,436.8,31153,ITC
2025-01-20 11:13:00+05:30,436.8,437.1,436.75,437.1,7323,ITC
2025-01-20 11:14:00+05:30,437.1,437.25,436.85,437.05,33610,ITC
2025-01-20 11:15:00+05:30,437.1,437.1,436.95,437.0,3956,ITC
2025-01-20 11:16:00+05:30,436.95,437.25,436.95,437.25,17108,ITC
2025-01-20 11:17:00+05:30,437.25,437.6,437.15,437.25,67549,ITC
2025-01-20 11:18:00+05:30,437.4,437.8,437.25,437.5,210847,ITC
2025-01-20 11:19:00+05:30,437.45,437.5,437.25,437.35,23429,ITC
2025-01-20 11:20:00+05:30,437.35,437.4,437.1,437.25,5196,ITC
2025-01-20 11:21:00+05:30,437.15,437.25,437.05,437.1,3679,ITC
2025-01-20 11:22:00+05:30,437.1,437.15,437.0,437.1,4838,ITC
2025-01-20 11:23:00+05:30,437.1,437.1,436.95,436.95,11451,ITC
2025-01-20 11:24:00+05:30,437.05,437.45,436.95,437.35,19439,ITC
2025-01-20 11:25:00+05:30,437.35,437.4,437.2,437.25,5578,ITC
2025-01-20 11:26:00+05:30,437.35,437.5,437.2,437.4,6777,ITC
2025-01-20 11:27:00+05:30,437.5,438.25,437.4,438.15,21671,ITC
2025-01-20 11:28:00+05:30,438.1,438.4,438.05,438.4,9787,ITC
2025-01-20 11:29:00+05:30,438.4,438.65,438.3,438.5,20254,ITC
2025-01-20 11:30:00+05:30,438.45,438.65,438.2,438.2,9190,ITC
2025-01-20 11:31:00+05:30,438.35,438.65,438.2,438.45,4630,ITC
2025-01-20 11:32:00+05:30,438.5,438.6,438.4,438.4,3521,ITC
2025-01-20 11:33:00+05:30,438.6,438.9,438.25,438.75,38222,ITC
2025-01-20 11:34:00+05:30,438.7,439.0,438.6,439.0,16832,ITC
2025-01-20 11:35:00+05:30,439.0,439.0,438.75,438.9,12887,ITC
2025-01-20 11:36:00+05:30,439.0,439.25,438.9,439.1,21202,ITC
2025-01-20 11:37:00+05:30,439.25,439.75,439.0,439.55,48152,ITC
2025-01-20 11:38:00+05:30,439.75,439.95,439.5,439.7,23276,ITC
2025-01-20 11:39:00+05:30,439.75,439.85,439.55,439.75,18541,ITC
2025-01-20 11:40:00+05:30,439.65,439.75,439.2,439.4,16055,ITC
2025-01-20 11:41:00+05:30,439.25,439.4,438.65,438.8,19628,ITC
2025-01-20 11:42:00+05:30,438.9,439.25,438.55,439.0,31022,ITC
2025-01-20 11:43:00+05:30,438.95,439.1,438.65,438.75,10679,ITC
2025-01-20 11:44:00+05:30,438.75,438.95,438.5,438.7,7750,ITC
2025-01-20 11:45:00+05:30,438.65,438.8,437.9,438.0,128658,ITC
2025-01-20 11:46:00+05:30,438.0,438.05,437.8,438.0,12621,ITC
2025-01-20 11:47:00+05:30,437.85,438.15,437.85,438.0,17016,ITC
2025-01-20 11:48:00+05:30,437.9,438.2,437.9,437.9,105097,ITC
2025-01-20 11:49:00+05:30,437.9,438.0,437.9,438.0,6227,ITC
2025-01-20 11:50:00+05:30,437.9,438.0,437.9,437.95,8180,ITC
2025-01-20 11:51:00+05:30,437.95,438.0,437.9,437.95,4383,ITC
2025-01-20 11:52:00+05:30,438.0,438.05,437.9,438.0,17141,ITC
2025-01-20 11:53:00+05:30,437.95,438.2,437.95,437.95,24461,ITC
2025-01-20 11:54:00+05:30,438.0,438.5,437.95,438.3,23728,ITC
2025-01-20 11:55:00+05:30,438.3,438.4,438.15,438.2,5329,ITC
2025-01-20 11:56:00+05:30,438.15,438.25,438.1,438.25,4639,ITC
2025-01-20 11:57:00+05:30,438.25,438.35,438.1,438.1,7502,ITC
2025-01-20 11:58:00+05:30,438.15,438.25,437.9,437.95,38533,ITC
2025-01-20 11:59:00+05:30,438.0,438.0,437.9,437.95,6441,ITC
2025-01-20 12:00:00+05:30,437.9,437.95,437.65,437.8,10077,ITC
2025-01-20 12:01:00+05:30,437.75,437.85,437.75,437.85,9212,ITC
2025-01-20 12:02:00+05:30,437.8,437.85,437.75,437.75,6589,ITC
2025-01-20 12:03:00+05:30,437.75,437.95,437.55,437.8,11443,ITC
2025-01-20 12:04:00+05:30,437.7,437.85,437.7,437.75,8480,ITC
2025-01-20 12:05:00+05:30,437.75,437.85,437.7,437.8,10155,ITC
2025-01-20 12:06:00+05:30,437.85,437.95,437.7,437.75,7313,ITC
2025-01-20 12:07:00+05:30,437.8,438.0,437.75,437.9,15866,ITC
2025-01-20 12:08:00+05:30,437.75,437.85,437.65,437.7,5052,ITC
2025-01-20 12:09:00+05:30,437.7,437.9,437.55,437.8,8847,ITC
2025-01-20 12:10:00+05:30,437.9,437.9,437.65,437.7,4798,ITC
2025-01-20 12:11:00+05:30,437.75,438.0,437.7,438.0,7522,ITC
2025-01-20 12:12:00+05:30,438.0,438.15,437.75,437.75,13899,ITC
2025-01-20 12:13:00+05:30,437.75,438.3,437.75,438.0,56895,ITC
2025-01-20 12:14:00+05:30,438.0,438.15,438.0,438.1,4724,ITC
2025-01-20 12:15:00+05:30,438.1,438.1,438.0,438.0,5100,ITC
2025-01-20 12:16:00+05:30,438.1,438.15,438.0,438.05,47150,ITC
2025-01-20 12:17:00+05:30,438.05,438.05,438.0,438.05,13318,ITC
2025-01-20 12:18:00+05:30,438.0,438.05,437.6,437.65,24338,ITC
2025-01-20 12:19:00+05:30,437.6,437.75,437.55,437.7,26087,ITC
2025-01-20 12:20:00+05:30,437.75,438.15,437.7,438.15,13070,ITC
2025-01-20 12:21:00+05:30,438.15,438.35,438.05,438.15,19205,ITC
2025-01-20 12:22:00+05:30,438.15,438.25,438.1,438.25,10399,ITC
2025-01-20 12:23:00+05:30,438.2,438.25,437.8,437.95,19027,ITC
2025-01-20 12:24:00+05:30,437.85,438.0,437.85,437.9,9006,ITC
2025-01-20 12:25:00+05:30,437.9,438.0,437.85,438.0,7548,ITC
2025-01-20 12:26:00+05:30,437.9,437.95,437.75,437.8,9526,ITC
2025-01-20 12:27:00+05:30,437.8,437.95,437.75,437.75,11749,ITC
2025-01-20 12:28:00+05:30,437.85,437.9,437.7,437.85,7975,ITC
2025-01-20 12:29:00+05:30,437.75,437.9,437.55,437.7,17814,ITC
2025-01-20 12:30:00+05:30,437.55,437.75,437.55,437.6,10699,ITC
2025-01-20 12:31:00+05:30,437.55,437.75,437.55,437.55,9723,ITC
2025-01-20 12:32:00+05:30,437.55,437.95,437.55,437.9,8920,ITC
2025-01-20 12:33:00+05:30,437.8,437.9,437.8,437.85,5417,ITC
2025-01-20 12:34:00+05:30,437.85,437.85,437.6,437.75,12026,ITC
2025-01-20 12:35:00+05:30,437.65,437.85,437.6,437.7,6260,ITC
2025-01-20 12:36:00+05:30,437.7,437.9,437.55,437.7,11194,ITC
2025-01-20 12:37:00+05:30,437.65,437.85,437.65,437.65,6260,ITC
2025-01-20 12:38:00+05:30,437.65,437.95,437.65,437.8,8281,ITC
2025-01-20 12:39:00+05:30,437.95,437.95,437.75,437.75,9458,ITC
2025-01-20 12:40:00+05:30,437.75,438.0,437.5,437.85,74660,ITC
2025-01-20 12:41:00+05:30,437.85,437.85,437.65,437.8,8307,ITC
2025-01-20 12:42:00+05:30,437.8,437.9,437.65,437.7,8324,ITC
2025-01-20 12:43:00+05:30,437.7,437.85,437.65,437.8,8982,ITC
2025-01-20 12:44:00+05:30,437.65,437.85,437.65,437.7,17048,ITC
2025-01-20 12:45:00+05:30,437.75,437.75,437.55,437.7,12240,ITC
2025-01-20 12:46:00+05:30,437.55,437.75,437.5,437.65,8661,ITC
2025-01-20 12:47:00+05:30,437.55,437.85,437.45,437.5,100864,ITC
2025-01-20 12:48:00+05:30,437.65,438.0,437.5,437.8,52396,ITC
2025-01-20 12:49:00+05:30,437.8,438.15,437.8,437.8,19100,ITC
2025-01-20 12:50:00+05:30,437.8,438.1,437.8,437.85,14974,ITC
2025-01-20 12:51:00+05:30,437.85,438.05,437.85,437.9,6491,ITC
2025-01-20 12:52:00+05:30,437.85,437.9,437.65,437.65,6776,ITC
2025-01-20 12:53:00+05:30,437.65,437.7,437.55,437.55,7136,ITC
2025-01-20 12:54:00+05:30,437.55,437.75,437.5,437.5,6987,ITC
2025-01-20 12:55:00+05:30,437.5,437.8,437.5,437.6,8475,ITC
2025-01-20 12:56:00+05:30,437.65,437.9,437.6,437.7,11307,ITC
2025-01-20 12:57:00+05:30,437.7,437.95,437.7,437.75,7316,ITC
2025-01-20 12:58:00+05:30,437.9,437.9,437.7,437.8,7641,ITC
2025-01-20 12:59:00+05:30,437.8,437.8,437.6,437.65,5899,ITC
2025-01-20 13:00:00+05:30,437.6,437.75,437.5,437.5,10289,ITC
2025-01-20 13:01:00+05:30,437.55,437.75,437.5,437.55,7769,ITC
2025-01-20 13:02:00+05:30,437.55,437.6,436.8,436.8,333688,ITC
2025-01-20 13:03:00+05:30,437.0,437.0,436.8,436.8,33240,ITC
2025-01-20 13:04:00+05:30,436.85,437.0,436.55,436.95,128246,ITC
2025-01-20 13:05:00+05:30,436.85,437.0,436.8,436.85,10587,ITC
2025-01-20 13:06:00+05:30,436.85,437.1,436.7,436.9,38775,ITC
2025-01-20 13:07:00+05:30,436.75,436.95,436.7,436.95,20797,ITC
2025-01-20 13:08:00+05:30,436.8,436.95,436.7,436.75,11773,ITC
2025-01-20 13:09:00+05:30,436.85,436.9,436.7,436.75,10626,ITC
2025-01-20 13:10:00+05:30,436.75,437.05,436.75,436.85,18701,ITC
2025-01-20 13:11:00+05:30,436.85,437.25,436.75,437.05,15507,ITC
2025-01-20 13:12:00+05:30,437.05,437.3,437.05,437.25,40464,ITC
2025-01-20 13:13:00+05:30,437.1,437.3,437.1,437.15,15263,ITC
2025-01-20 13:14:00+05:30,437.1,437.2,436.9,436.95,14423,ITC
2025-01-20 13:15:00+05:30,436.9,437.2,436.85,437.1,12561,ITC
2025-01-20 13:16:00+05:30,437.1,437.4,437.1,437.25,14481,ITC
2025-01-20 13:17:00+05:30,437.2,437.45,437.2,437.4,15876,ITC
2025-01-20 13:18:00+05:30,437.25,437.4,437.25,437.4,10950,ITC
2025-01-20 13:19:00+05:30,437.25,437.4,437.2,437.2,10498,ITC
2025-01-20 13:20:00+05:30,437.2,437.25,437.15,437.2,12583,ITC
2025-01-20 13:21:00+05:30,437.2,437.4,437.1,437.2,15829,ITC
2025-01-20 13:22:00+05:30,437.2,437.4,437.15,437.2,16589,ITC
2025-01-20 13:23:00+05:30,437.2,437.2,436.8,437.0,28254,ITC
2025-01-20 13:24:00+05:30,437.05,437.05,436.65,436.7,16820,ITC
2025-01-20 13:25:00+05:30,436.75,436.75,436.05,436.2,67541,ITC
2025-01-20 13:26:00+05:30,436.1,436.3,436.0,436.0,49595,ITC
2025-01-20 13:27:00+05:30,436.0,436.45,436.0,436.35,19667,ITC
2025-01-20 13:28:00+05:30,436.3,436.4,436.25,436.3,9233,ITC
2025-01-20 13:29:00+05:30,436.3,436.4,436.25,436.3,9935,ITC
2025-01-20 13:30:00+05:30,436.35,436.45,436.25,436.3,9791,ITC
2025-01-20 13:31:00+05:30,436.25,436.75,436.25,436.5,14908,ITC
2025-01-20 13:32:00+05:30,436.5,436.65,436.5,436.6,9025,ITC
2025-01-20 13:33:00+05:30,436.6,436.85,436.6,436.8,11227,ITC
2025-01-20 13:34:00+05:30,436.7,436.8,436.65,436.7,5909,ITC
2025-01-20 13:35:00+05:30,436.75,436.8,436.65,436.7,10275,ITC
2025-01-20 13:36:00+05:30,436.7,436.75,436.65,436.7,8212,ITC
2025-01-20 13:37:00+05:30,436.65,436.9,436.65,436.65,10407,ITC
2025-01-20 13:38:00+05:30,436.65,436.7,436.6,436.65,13390,ITC
2025-01-20 13:39:00+05:30,436.65,436.75,436.6,436.65,7101,ITC
2025-01-20 13:40:00+05:30,436.65,436.65,436.5,436.5,11028,ITC
2025-01-20 13:41:00+05:30,436.55,436.75,436.5,436.65,16569,ITC
2025-01-20 13:42:00+05:30,436.6,436.7,436.5,436.5,10880,ITC
2025-01-20 13:43:00+05:30,436.55,436.7,436.5,436.6,8582,ITC
2025-01-20 13:44:00+05:30,436.55,436.7,436.55,436.6,11467,ITC
2025-01-20 13:45:00+05:30,436.65,436.75,436.55,436.65,11292,ITC
2025-01-20 13:46:00+05:30,436.65,436.7,436.55,436.6,10474,ITC
2025-01-20 13:47:00+05:30,436.65,436.75,436.6,436.6,10600,ITC
2025-01-20 13:48:00+05:30,436.6,436.75,436.45,436.55,19165,ITC
2025-01-20 13:49:00+05:30,436.55,436.7,436.45,436.45,11214,ITC
2025-01-20 13:50:00+05:30,436.55,436.75,436.4,436.55,24168,ITC
2025-01-20 13:51:00+05:30,436.45,436.55,436.45,436.5,17439,ITC
2025-01-20 13:52:00+05:30,436.5,436.65,436.45,436.5,12117,ITC
2025-01-20 13:53:00+05:30,436.5,436.6,436.45,436.45,15247,ITC
2025-01-20 13:54:00+05:30,436.45,436.55,436.45,436.45,9687,ITC
2025-01-20 13:55:00+05:30,436.45,436.75,436.45,436.65,14366,ITC
2025-01-20 13:56:00+05:30,436.65,436.75,436.5,436.6,8113,ITC
2025-01-20 13:57:00+05:30,436.5,436.6,436.45,436.5,9913,ITC
2025-01-20 13:58:00+05:30,436.5,436.55,436.45,436.55,14996,ITC
2025-01-20 13:59:00+05:30,436.45,436.75,436.45,436.6,13766,ITC
2025-01-20 14:00:00+05:30,436.6,436.8,436.6,436.8,10248,ITC
2025-01-20 14:01:00+05:30,436.7,436.8,436.45,436.45,14099,ITC
2025-01-20 14:02:00+05:30,436.45,436.5,436.45,436.45,12090,ITC
2025-01-20 14:03:00+05:30,436.45,436.5,436.45,436.45,6434,ITC
2025-01-20 14:04:00+05:30,436.5,436.8,436.45,436.6,23951,ITC
2025-01-20 14:05:00+05:30,436.6,436.8,436.55,436.7,14290,ITC
2025-01-20 14:06:00+05:30,436.7,436.8,436.6,436.75,11608,ITC
2025-01-20 14:07:00+05:30,436.65,436.75,436.6,436.6,14030,ITC
2025-01-20 14:08:00+05:30,436.6,436.8,436.55,436.7,14161,ITC
2025-01-20 14:09:00+05:30,436.7,436.85,436.65,436.65,12674,ITC
2025-01-20 14:10:00+05:30,436.7,436.8,436.55,436.7,10534,ITC
2025-01-20 14:11:00+05:30,436.7,436.75,436.55,436.55,8958,ITC
2025-01-20 14:12:00+05:30,436.55,437.2,436.5,437.15,49882,ITC
2025-01-20 14:13:00+05:30,437.15,437.45,437.05,437.35,18150,ITC
2025-01-20 14:14:00+05:30,437.35,437.45,437.3,437.35,11500,ITC
2025-01-20 14:15:00+05:30,437.35,437.5,437.3,437.4,24630,ITC
2025-01-20 14:16:00+05:30,437.4,437.45,437.25,437.35,9934,ITC
2025-01-20 14:17:00+05:30,437.35,437.35,437.0,437.15,16434,ITC
2025-01-20 14:18:00+05:30,437.15,437.25,437.05,437.15,22501,ITC
2025-01-20 14:19:00+05:30,437.1,437.15,437.0,437.15,10017,ITC
2025-01-20 14:20:00+05:30,437.05,437.15,437.0,437.05,9914,ITC
2025-01-20 14:21:00+05:30,437.05,437.1,437.0,437.05,14447,ITC
2025-01-20 14:22:00+05:30,437.1,437.25,437.05,437.2,19966,ITC
2025-01-20 14:23:00+05:30,437.15,437.25,437.05,437.15,13811,ITC
2025-01-20 14:24:00+05:30,437.05,437.15,437.0,437.05,14280,ITC
2025-01-20 14:25:00+05:30,437.05,437.3,437.05,437.2,19442,ITC
2025-01-20 14:26:00+05:30,437.3,437.3,437.15,437.25,10186,ITC
2025-01-20 14:27:00+05:30,437.2,437.25,437.15,437.15,8397,ITC
2025-01-20 14:28:00+05:30,437.15,437.2,437.1,437.15,10131,ITC
2025-01-20 14:29:00+05:30,437.1,437.3,437.0,437.25,9403,ITC
2025-01-20 14:30:00+05:30,437.25,437.25,437.05,437.1,9313,ITC
2025-01-20 14:31:00+05:30,437.1,437.15,437.0,437.0,12708,ITC
2025-01-20 14:32:00+05:30,437.0,437.15,437.0,437.15,17188,ITC
2025-01-20 14:33:00+05:30,437.1,437.3,437.05,437.2,13996,ITC
2025-01-20 14:34:00+05:30,437.2,437.3,437.0,437.05,12329,ITC
2025-01-20 14:35:00+05:30,437.05,437.3,437.05,437.15,16007,ITC
2025-01-20 14:36:00+05:30,437.2,437.3,437.1,437.15,14560,ITC
2025-01-20 14:37:00+05:30,437.1,437.15,437.1,437.1,8388,ITC
2025-01-20 14:38:00+05:30,437.1,437.35,437.1,437.35,27086,ITC
2025-01-20 14:39:00+05:30,437.25,437.45,437.2,437.35,19212,ITC
2025-01-20 14:40:00+05:30,437.35,437.5,437.25,437.45,21695,ITC
2025-01-20 14:41:00+05:30,437.45,437.55,437.3,437.35,21339,ITC
2025-01-20 14:42:00+05:30,437.3,437.35,437.25,437.35,8245,ITC
2025-01-20 14:43:00+05:30,437.25,437.4,437.2,437.4,17449,ITC
2025-01-20 14:44:00+05:30,437.3,437.45,437.25,437.4,13438,ITC
2025-01-20 14:45:00+05:30,437.4,437.45,437.25,437.25,16605,ITC
2025-01-20 14:46:00+05:30,437.3,437.35,437.25,437.25,11341,ITC
2025-01-20 14:47:00+05:30,437.25,437.3,437.05,437.15,8891,ITC
2025-01-20 14:48:00+05:30,437.1,437.2,437.05,437.15,17035,ITC
2025-01-20 14:49:00+05:30,437.1,437.4,437.05,437.15,28694,ITC
2025-01-20 14:50:00+05:30,437.2,437.35,437.15,437.2,11690,ITC
2025-01-20 14:51:00+05:30,437.15,437.2,437.1,437.15,9645,ITC
2025-01-20 14:52:00+05:30,437.1,437.15,437.0,437.05,11946,ITC
2025-01-20 14:53:00+05:30,437.0,437.25,437.0,437.05,17027,ITC
2025-01-20 14:54:00+05:30,437.05,437.2,437.0,437.05,11760,ITC
2025-01-20 14:55:00+05:30,437.1,437.3,437.05,437.15,14679,ITC
2025-01-20 14:56:00+05:30,437.1,437.25,437.05,437.15,9774,ITC
2025-01-20 14:57:00+05:30,437.1,437.3,437.05,437.05,13723,ITC
2025-01-20 14:58:00+05:30,437.1,437.2,437.05,437.2,17885,ITC
2025-01-20 14:59:00+05:30,437.1,437.2,437.1,437.15,21059,ITC
2025-01-20 15:00:00+05:30,437.2,437.4,437.1,437.35,35816,ITC
2025-01-20 15:01:00+05:30,437.35,437.35,437.25,437.3,16832,ITC
2025-01-20 15:02:00+05:30,437.25,437.3,437.25,437.3,18164,ITC
2025-01-20 15:03:00+05:30,437.3,437.3,437.15,437.25,23548,ITC
2025-01-20 15:04:00+05:30,437.25,437.5,437.15,437.45,53761,ITC
2025-01-20 15:05:00+05:30,437.45,437.5,437.35,437.5,66279,ITC
2025-01-20 15:06:00+05:30,437.5,438.0,437.3,437.3,100539,ITC
2025-01-20 15:07:00+05:30,437.45,437.65,437.3,437.65,27853,ITC
2025-01-20 15:08:00+05:30,437.65,437.8,437.55,437.7,32524,ITC
2025-01-20 15:09:00+05:30,437.7,437.7,437.55,437.7,39115,ITC
2025-01-20 15:10:00+05:30,437.7,437.8,437.6,437.65,23330,ITC
2025-01-20 15:11:00+05:30,437.7,437.8,437.6,437.65,35333,ITC
2025-01-20 15:12:00+05:30,437.65,437.8,437.55,437.55,25988,ITC
2025-01-20 15:13:00+05:30,437.55,437.8,437.5,437.6,38738,ITC
2025-01-20 15:14:00+05:30,437.7,437.8,437.55,437.65,33539,ITC
2025-01-20 15:15:00+05:30,437.7,437.7,437.55,437.65,32709,ITC
2025-01-20 15:16:00+05:30,437.65,438.0,437.6,437.95,42193,ITC
2025-01-20 15:17:00+05:30,437.95,438.0,437.85,438.0,34091,ITC
2025-01-20 15:18:00+05:30,438.0,438.0,437.6,437.75,73739,ITC
2025-01-20 15:19:00+05:30,437.75,438.15,437.7,438.15,60170,ITC
2025-01-20 15:20:00+05:30,438.0,438.2,438.0,438.0,33150,ITC
2025-01-20 15:21:00+05:30,438.15,438.15,438.0,438.05,30412,ITC
2025-01-20 15:22:00+05:30,438.05,438.15,438.0,438.0,28802,ITC
2025-01-20 15:23:00+05:30,438.05,438.05,437.8,437.85,40099,ITC
2025-01-20 15:24:00+05:30,437.85,438.15,437.75,438.05,60568,ITC
2025-01-20 15:25:00+05:30,438.05,438.2,438.05,438.05,43388,ITC
2025-01-20 15:26:00+05:30,438.1,438.2,437.9,438.15,38281,ITC
2025-01-20 15:27:00+05:30,438.15,438.15,438.0,438.0,19346,ITC
2025-01-20 15:28:00+05:30,438.0,438.05,437.75,438.0,35842,ITC
2025-01-20 15:29:00+05:30,438.0,438.05,437.25,437.45,31673,ITC
2025-01-21 09:15:00+05:30,438.0,439.85,438.0,439.85,46008,ITC
2025-01-21 09:16:00+05:30,439.85,440.4,439.55,440.35,35929,ITC
2025-01-21 09:17:00+05:30,440.35,441.0,440.1,440.85,66210,ITC
2025-01-21 09:18:00+05:30,440.7,441.15,440.5,441.0,40337,ITC
2025-01-21 09:19:00+05:30,441.0,441.1,440.5,440.6,29024,ITC
2025-01-21 09:20:00+05:30,440.6,441.1,440.5,441.1,21174,ITC
2025-01-21 09:21:00+05:30,440.95,441.5,440.95,441.1,24399,ITC
2025-01-21 09:22:00+05:30,441.2,441.3,440.65,440.65,14722,ITC
2025-01-21 09:23:00+05:30,440.8,440.8,440.4,440.55,9560,ITC
2025-01-21 09:24:00+05:30,440.55,440.75,440.2,440.5,23146,ITC
2025-01-21 09:25:00+05:30,440.3,441.2,440.3,441.05,11290,ITC
2025-01-21 09:26:00+05:30,441.05,441.8,440.7,440.9,56983,ITC
2025-01-21 09:27:00+05:30,440.9,441.15,440.5,441.05,22327,ITC
2025-01-21 09:28:00+05:30,441.05,441.55,441.05,441.35,20921,ITC
2025-01-21 09:29:00+05:30,441.35,441.65,441.05,441.25,30142,ITC
2025-01-21 09:30:00+05:30,441.15,441.35,440.7,441.35,50587,ITC
2025-01-21 09:31:00+05:30,441.35,441.35,440.35,440.35,38013,ITC
2025-01-21 09:32:00+05:30,440.35,440.4,440.0,440.2,48030,ITC
2025-01-21 09:33:00+05:30,440.2,440.85,440.15,440.65,20431,ITC
2025-01-21 09:34:00+05:30,440.65,440.65,440.0,440.25,32702,ITC
2025-01-21 09:35:00+05:30,440.2,440.25,440.0,440.2,14764,ITC
2025-01-21 09:36:00+05:30,440.25,440.25,439.8,440.2,30215,ITC
2025-01-21 09:37:00+05:30,440.3,440.65,439.5,439.5,28196,ITC
2025-01-21 09:38:00+05:30,439.5,440.0,439.5,439.85,13234,ITC
2025-01-21 09:39:00+05:30,439.95,440.2,439.6,440.2,12959,ITC
2025-01-21 09:40:00+05:30,440.05,440.3,439.75,439.9,17951,ITC
2025-01-21 09:41:00+05:30,439.8,440.2,439.75,440.05,12259,ITC
2025-01-21 09:42:00+05:30,440.15,440.15,439.6,439.75,18516,ITC
2025-01-21 09:43:00+05:30,439.65,440.0,439.6,440.0,10053,ITC
2025-01-21 09:44:00+05:30,440.1,440.1,439.75,440.1,11599,ITC
2025-01-21 09:45:00+05:30,440.05,440.1,439.8,440.05,24775,ITC
2025-01-21 09:46:00+05:30,440.05,440.45,439.75,439.8,32775,ITC
2025-01-21 09:47:00+05:30,439.95,439.95,439.7,439.8,9716,ITC
2025-01-21 09:48:00+05:30,439.85,440.4,439.85,440.1,13257,ITC
2025-01-21 09:49:00+05:30,440.25,440.9,440.2,440.75,10432,ITC
2025-01-21 09:50:00+05:30,440.8,441.35,440.8,441.25,25894,ITC
2025-01-21 09:51:00+05:30,441.2,441.3,440.9,441.15,16261,ITC
2025-01-21 09:52:00+05:30,441.0,441.45,441.0,441.15,17575,ITC
2025-01-21 09:53:00+05:30,441.15,441.35,441.1,441.3,14875,ITC
2025-01-21 09:54:00+05:30,441.35,441.55,441.25,441.35,21865,ITC
2025-01-21 09:55:00+05:30,441.35,441.55,441.0,441.5,20997,ITC
2025-01-21 09:56:00+05:30,441.4,441.6,441.15,441.15,11177,ITC
2025-01-21 09:57:00+05:30,441.15,441.15,439.7,440.1,46319,ITC
2025-01-21 09:58:00+05:30,440.15,440.5,440.0,440.25,16114,ITC
2025-01-21 09:59:00+05:30,440.25,440.5,440.1,440.2,11146,ITC
2025-01-21 10:00:00+05:30,440.2,440.5,439.65,440.05,29514,ITC
2025-01-21 10:01:00+05:30,440.05,440.3,439.75,440.2,20589,ITC
2025-01-21 10:02:00+05:30,440.2,440.6,440.05,440.3,19895,ITC
2025-01-21 10:03:00+05:30,440.3,440.35,440.0,440.05,8376,ITC
2025-01-21 10:04:00+05:30,440.05,440.3,440.0,440.25,3417,ITC
2025-01-21 10:05:00+05:30,440.15,440.5,440.05,440.4,8961,ITC
2025-01-21 10:06:00+05:30,440.25,440.4,440.1,440.35,3466,ITC
2025-01-21 10:07:00+05:30,440.35,440.35,439.55,439.6,11176,ITC
2025-01-21 10:08:00+05:30,439.75,439.75,439.5,439.7,5182,ITC
2025-01-21 10:09:00+05:30,439.65,440.4,439.55,440.2,7308,ITC
2025-01-21 10:10:00+05:30,440.25,440.45,440.0,440.4,6501,ITC
2025-01-21 10:11:00+05:30,440.4,440.75,440.2,440.7,5631,ITC
2025-01-21 10:12:00+05:30,440.7,440.8,440.25,440.6,8359,ITC
2025-01-21 10:13:00+05:30,440.8,440.8,440.5,440.65,4884,ITC
2025-01-21 10:14:00+05:30,440.65,440.75,440.25,440.25,5248,ITC
2025-01-21 10:15:00+05:30,440.45,440.45,439.85,440.0,3363,ITC
2025-01-21 10:16:00+05:30,439.9,440.0,439.25,439.6,18567,ITC
2025-01-21 10:17:00+05:30,439.5,439.85,439.5,439.55,4646,ITC
2025-01-21 10:18:00+05:30,439.55,439.9,439.5,439.9,3966,ITC
2025-01-21 10:19:00+05:30,439.85,439.85,439.3,439.7,14114,ITC
2025-01-21 10:20:00+05:30,439.6,439.8,439.45,439.7,5217,ITC
2025-01-21 10:21:00+05:30,439.6,439.7,438.35,438.6,31930,ITC
2025-01-21 10:22:00+05:30,438.4,438.8,437.85,438.8,40029,ITC
2025-01-21 10:23:00+05:30,438.75,438.9,438.3,438.45,34289,ITC
2025-01-21 10:24:00+05:30,438.6,438.8,437.8,438.15,90059,ITC
2025-01-21 10:25:00+05:30,438.15,438.8,437.7,438.8,73425,ITC
2025-01-21 10:26:00+05:30,438.8,438.8,438.15,438.65,31432,ITC
2025-01-21 10:27:00+05:30,438.65,438.7,438.25,438.25,24690,ITC
2025-01-21 10:28:00+05:30,438.45,438.8,438.3,438.65,8574,ITC
2025-01-21 10:29:00+05:30,438.8,438.8,438.2,438.5,16206,ITC
2025-01-21 10:30:00+05:30,438.5,438.95,438.15,438.95,12010,ITC
2025-01-21 10:31:00+05:30,438.85,438.95,438.5,438.7,6618,ITC
2025-01-21 10:32:00+05:30,438.7,438.7,438.35,438.55,9922,ITC
2025-01-21 10:33:00+05:30,438.5,438.55,438.4,438.55,4599,ITC
2025-01-21 10:34:00+05:30,438.55,439.0,438.4,438.75,7742,ITC
2025-01-21 10:35:00+05:30,438.75,439.0,438.5,438.8,10614,ITC
2025-01-21 10:36:00+05:30,438.7,438.9,438.55,438.85,10668,ITC
2025-01-21 10:37:00+05:30,438.85,439.4,438.75,439.3,4165,ITC
2025-01-21 10:38:00+05:30,439.3,439.5,439.0,439.0,4613,ITC
2025-01-21 10:39:00+05:30,439.2,439.5,439.15,439.2,5210,ITC
2025-01-21 10:40:00+05:30,439.2,440.0,439.2,440.0,105969,ITC
2025-01-21 10:41:00+05:30,440.0,440.2,439.85,440.2,16006,ITC
2025-01-21 10:42:00+05:30,440.1,440.8,440.1,440.75,62502,ITC
2025-01-21 10:43:00+05:30,440.75,441.25,440.5,441.2,85470,ITC
2025-01-21 10:44:00+05:30,441.25,441.45,441.0,441.1,19642,ITC
2025-01-21 10:45:00+05:30,441.1,441.2,440.5,440.95,75507,ITC
2025-01-21 10:46:00+05:30,441.0,441.2,440.9,441.15,9517,ITC
2025-01-21 10:47:00+05:30,441.1,441.35,441.05,441.3,13781,ITC
2025-01-21 10:48:00+05:30,441.1,441.4,441.1,441.3,12567,ITC
2025-01-21 10:49:00+05:30,441.2,441.95,441.05,441.65,144542,ITC
2025-01-21 10:50:00+05:30,441.8,441.85,441.5,441.5,14316,ITC
2025-01-21 10:51:00+05:30,441.6,441.8,441.25,441.5,24358,ITC
2025-01-21 10:52:00+05:30,441.45,441.65,441.2,441.2,14270,ITC
2025-01-21 10:53:00+05:30,441.25,441.4,441.1,441.2,9258,ITC
2025-01-21 10:54:00+05:30,441.4,441.4,441.1,441.3,7476,ITC
2025-01-21 10:55:00+05:30,441.3,441.35,441.1,441.2,12201,ITC
2025-01-21 10:56:00+05:30,441.2,441.3,441.0,441.05,8583,ITC
2025-01-21 10:57:00+05:30,441.05,441.8,440.45,441.55,122365,ITC
2025-01-21 10:58:00+05:30,441.55,441.7,440.85,441.15,12462,ITC
2025-01-21 10:59:00+05:30,441.15,441.3,440.95,441.0,9145,ITC
2025-01-21 11:00:00+05:30,441.05,441.15,440.8,441.0,14418,ITC
2025-01-21 11:01:00+05:30,441.0,441.0,440.85,440.95,7153,ITC
2025-01-21 11:02:00+05:30,440.95,441.15,440.7,440.8,66803,ITC
2025-01-21 11:03:00+05:30,440.9,440.95,440.75,440.85,3559,ITC
2025-01-21 11:04:00+05:30,440.85,441.0,440.8,440.85,6100,ITC
2025-01-21 11:05:00+05:30,441.0,441.0,440.85,440.85,4603,ITC
2025-01-21 11:06:00+05:30,441.0,441.1,440.85,440.95,59375,ITC
2025-01-21 11:07:00+05:30,440.95,441.0,440.15,440.2,19082,ITC
2025-01-21 11:08:00+05:30,440.35,440.35,440.0,440.0,18553,ITC
2025-01-21 11:09:00+05:30,440.15,440.95,440.0,440.7,70883,ITC
2025-01-21 11:10:00+05:30,440.7,440.85,440.4,440.4,10342,ITC
2025-01-21 11:11:00+05:30,440.5,440.5,440.15,440.4,10650,ITC
2025-01-21 11:12:00+05:30,440.4,440.85,440.3,440.5,12006,ITC
2025-01-21 11:13:00+05:30,440.5,440.6,440.45,440.6,2279,ITC
2025-01-21 11:14:00+05:30,440.6,440.85,440.55,440.8,7185,ITC
2025-01-21 11:15:00+05:30,440.8,440.9,440.6,440.7,7664,ITC
2025-01-21 11:16:00+05:30,440.8,440.9,440.6,440.9,6289,ITC
2025-01-21 11:17:00+05:30,440.9,441.0,440.8,441.0,2231,ITC
2025-01-21 11:18:00+05:30,441.0,441.0,440.65,440.65,3625,ITC
2025-01-21 11:19:00+05:30,440.75,440.75,440.55,440.75,2447,ITC
2025-01-21 11:20:00+05:30,440.75,440.9,440.6,440.7,9480,ITC
2025-01-21 11:21:00+05:30,440.8,441.0,440.7,441.0,30540,ITC
2025-01-21 11:22:00+05:30,441.0,441.0,440.65,440.8,13998,ITC
2025-01-21 11:23:00+05:30,441.0,441.0,440.65,440.8,6812,ITC
2025-01-21 11:24:00+05:30,440.8,440.85,440.6,440.85,4007,ITC
2025-01-21 11:25:00+05:30,440.85,441.15,440.7,441.0,48059,ITC
2025-01-21 11:26:00+05:30,441.0,441.0,440.6,440.75,69813,ITC
2025-01-21 11:27:00+05:30,440.75,440.75,440.4,440.6,8793,ITC
2025-01-21 11:28:00+05:30,440.6,440.7,440.4,440.45,18451,ITC
2025-01-21 11:29:00+05:30,440.5,440.6,440.4,440.5,9298,ITC
2025-01-21 11:30:00+05:30,440.5,440.6,440.25,440.5,19228,ITC
2025-01-21 11:31:00+05:30,440.5,440.6,440.25,440.55,17331,ITC
2025-01-21 11:32:00+05:30,440.55,440.6,440.4,440.6,6827,ITC
2025-01-21 11:33:00+05:30,440.5,441.0,440.4,440.65,27915,ITC
2025-01-21 11:34:00+05:30,440.85,440.85,440.4,440.6,11729,ITC
2025-01-21 11:35:00+05:30,440.6,440.9,440.45,440.75,8904,ITC
2025-01-21 11:36:00+05:30,440.75,440.8,440.5,440.65,7434,ITC
2025-01-21 11:37:00+05:30,440.8,440.8,440.5,440.55,6272,ITC
2025-01-21 11:38:00+05:30,440.55,440.65,440.35,440.6,5505,ITC
2025-01-21 11:39:00+05:30,440.6,440.7,440.2,440.5,13874,ITC
2025-01-21 11:40:00+05:30,440.5,440.65,440.35,440.65,15369,ITC
2025-01-21 11:41:00+05:30,440.45,440.7,440.4,440.55,6618,ITC
2025-01-21 11:42:00+05:30,440.7,441.1,440.55,440.8,142761,ITC
2025-01-21 11:43:00+05:30,440.8,440.8,440.4,440.75,4612,ITC
2025-01-21 11:44:00+05:30,440.75,440.8,440.55,440.8,2357,ITC
2025-01-21 11:45:00+05:30,440.9,444.15,440.9,443.35,659886,ITC
2025-01-21 11:46:00+05:30,443.35,445.7,442.8,445.7,582402,ITC
2025-01-21 11:47:00+05:30,445.7,446.95,444.95,446.3,638358,ITC
2025-01-21 11:48:00+05:30,446.55,447.0,443.0,444.3,334565,ITC
2025-01-21 11:49:00+05:30,444.25,445.7,443.05,445.05,217001,ITC
2025-01-21 11:50:00+05:30,445.15,445.95,444.5,444.9,142542,ITC
2025-01-21 11:51:00+05:30,444.95,445.4,444.0,445.1,111040,ITC
2025-01-21 11:52:00+05:30,445.3,446.0,444.55,445.85,154056,ITC
2025-01-21 11:53:00+05:30,445.85,445.85,444.5,444.5,52182,ITC
2025-01-21 11:54:00+05:30,444.75,445.3,444.35,444.55,62076,ITC
2025-01-21 11:55:00+05:30,444.5,445.0,444.15,444.35,47095,ITC
2025-01-21 11:56:00+05:30,444.3,444.75,443.7,444.45,60071,ITC
2025-01-21 11:57:00+05:30,444.45,444.95,444.3,444.6,24462,ITC
2025-01-21 11:58:00+05:30,444.5,444.95,444.35,444.75,22195,ITC
2025-01-21 11:59:00+05:30,444.75,445.2,444.4,444.55,31102,ITC
2025-01-21 12:00:00+05:30,444.7,444.95,444.05,444.45,38008,ITC
2025-01-21 12:01:00+05:30,444.35,444.85,444.15,444.55,25961,ITC
2025-01-21 12:02:00+05:30,444.65,445.0,444.2,444.75,28772,ITC
2025-01-21 12:03:00+05:30,444.55,444.9,444.35,444.35,21440,ITC
2025-01-21 12:04:00+05:30,444.35,444.6,443.75,443.8,20846,ITC
2025-01-21 12:05:00+05:30,443.85,444.2,442.9,443.9,43667,ITC
2025-01-21 12:06:00+05:30,443.9,444.05,443.5,443.6,9708,ITC
2025-01-21 12:07:00+05:30,443.65,443.8,443.05,443.1,18939,ITC
2025-01-21 12:08:00+05:30,443.15,443.5,442.0,442.0,54079,ITC
2025-01-21 12:09:00+05:30,442.05,443.0,441.7,442.4,44211,ITC
2025-01-21 12:10:00+05:30,442.4,443.25,442.2,442.85,23788,ITC
2025-01-21 12:11:00+05:30,442.9,443.0,441.65,442.3,47736,ITC
2025-01-21 12:12:00+05:30,442.3,442.3,441.75,442.0,14502,ITC
2025-01-21 12:13:00+05:30,442.05,442.25,442.0,442.1,6259,ITC
2025-01-21 12:14:00+05:30,442.15,442.25,441.2,441.25,45201,ITC
2025-01-21 12:15:00+05:30,441.3,441.6,440.1,440.2,57596,ITC
2025-01-21 12:16:00+05:30,440.2,440.3,438.4,438.6,252832,ITC
2025-01-21 12:17:00+05:30,438.6,439.1,438.25,438.8,85511,ITC
2025-01-21 12:18:00+05:30,438.85,439.15,438.55,438.95,34469,ITC
2025-01-21 12:19:00+05:30,438.9,439.15,438.75,438.8,37594,ITC
2025-01-21 12:20:00+05:30,438.95,439.55,438.75,439.1,28783,ITC
2025-01-21 12:21:00+05:30,439.2,439.65,438.9,439.4,52913,ITC
2025-01-21 12:22:00+05:30,439.45,439.55,439.05,439.25,22805,ITC
2025-01-21 12:23:00+05:30,439.05,439.4,438.7,439.15,66999,ITC
2025-01-21 12:24:00+05:30,439.1,439.15,438.15,438.35,71511,ITC
2025-01-21 12:25:00+05:30,438.55,438.9,438.1,438.75,49267,ITC
2025-01-21 12:26:00+05:30,438.75,439.05,438.6,438.85,10857,ITC
2025-01-21 12:27:00+05:30,438.8,439.05,438.5,438.85,22583,ITC
2025-01-21 12:28:00+05:30,438.85,439.25,438.7,438.8,45281,ITC
2025-01-21 12:29:00+05:30,438.75,438.95,438.5,438.9,26294,ITC
2025-01-21 12:30:00+05:30,438.9,438.9,438.15,438.3,37097,ITC
2025-01-21 12:31:00+05:30,438.5,438.6,438.05,438.5,23909,ITC
2025-01-21 12:32:00+05:30,438.6,438.85,438.45,438.75,17406,ITC
2025-01-21 12:33:00+05:30,438.65,439.0,438.5,439.0,20481,ITC
2025-01-21 12:34:00+05:30,438.8,439.15,438.8,439.1,11729,ITC
2025-01-21 12:35:00+05:30,439.15,439.15,438.65,439.0,12327,ITC
2025-01-21 12:36:00+05:30,439.0,439.15,438.65,439.0,20905,ITC
2025-01-21 12:37:00+05:30,438.9,439.75,438.8,439.6,16003,ITC
2025-01-21 12:38:00+05:30,439.55,439.65,439.15,439.35,15721,ITC
2025-01-21 12:39:00+05:30,439.25,439.5,439.05,439.4,11996,ITC
2025-01-21 12:40:00+05:30,439.4,439.75,439.25,439.6,11877,ITC
2025-01-21 12:41:00+05:30,439.6,439.85,439.5,439.6,12550,ITC
2025-01-21 12:42:00+05:30,439.55,439.9,439.3,439.75,14415,ITC
2025-01-21 12:43:00+05:30,439.6,439.95,439.25,439.45,21877,ITC
2025-01-21 12:44:00+05:30,439.45,439.65,439.0,439.55,23825,ITC
2025-01-21 12:45:00+05:30,439.55,439.6,439.3,439.5,7573,ITC
2025-01-21 12:46:00+05:30,439.5,439.75,439.35,439.7,13651,ITC
2025-01-21 12:47:00+05:30,439.6,439.9,439.55,439.8,9428,ITC
2025-01-21 12:48:00+05:30,439.8,440.3,439.7,440.2,26680,ITC
2025-01-21 12:49:00+05:30,440.2,440.3,439.85,439.9,13237,ITC
2025-01-21 12:50:00+05:30,439.8,439.85,439.4,439.8,23562,ITC
2025-01-21 12:51:00+05:30,439.6,440.1,439.6,439.95,7263,ITC
2025-01-21 12:52:00+05:30,439.95,440.1,439.8,439.95,7766,ITC
2025-01-21 12:53:00+05:30,439.8,440.0,439.7,439.95,6561,ITC
2025-01-21 12:54:00+05:30,439.95,440.35,439.7,440.1,14844,ITC
2025-01-21 12:55:00+05:30,440.1,440.8,440.0,440.65,14880,ITC
2025-01-21 12:56:00+05:30,440.45,441.7,440.45,441.3,42005,ITC
2025-01-21 12:57:00+05:30,441.3,441.35,440.95,441.15,13769,ITC
2025-01-21 12:58:00+05:30,441.25,442.7,441.05,442.3,72008,ITC
2025-01-21 12:59:00+05:30,442.35,442.4,441.2,441.8,65332,ITC
2025-01-21 13:00:00+05:30,441.8,441.85,441.3,441.35,19031,ITC
2025-01-21 13:01:00+05:30,441.65,442.2,441.35,441.95,33605,ITC
2025-01-21 13:02:00+05:30,442.05,442.8,441.85,442.45,66194,ITC
2025-01-21 13:03:00+05:30,442.45,442.8,442.3,442.35,24581,ITC
2025-01-21 13:04:00+05:30,442.4,442.55,441.85,442.3,30458,ITC
2025-01-21 13:05:00+05:30,442.3,442.55,442.0,442.05,21713,ITC
2025-01-21 13:06:00+05:30,442.05,442.3,441.9,442.0,51775,ITC
2025-01-21 13:07:00+05:30,442.0,442.15,441.6,441.8,33285,ITC
2025-01-21 13:08:00+05:30,441.75,442.0,441.7,441.9,6309,ITC
2025-01-21 13:09:00+05:30,442.0,442.0,441.45,441.45,12166,ITC
2025-01-21 13:10:00+05:30,441.5,441.55,441.05,441.25,22071,ITC
2025-01-21 13:11:00+05:30,441.25,441.35,441.0,441.35,13955,ITC
2025-01-21 13:12:00+05:30,441.35,441.65,441.2,441.4,9371,ITC
2025-01-21 13:13:00+05:30,441.45,441.75,441.3,441.35,9940,ITC
2025-01-21 13:14:00+05:30,441.45,441.75,441.15,441.75,5913,ITC
2025-01-21 13:15:00+05:30,441.75,441.85,441.4,441.5,10451,ITC
2025-01-21 13:16:00+05:30,441.5,441.6,441.15,441.3,5364,ITC
2025-01-21 13:17:00+05:30,441.2,441.5,441.1,441.35,6950,ITC
2025-01-21 13:18:00+05:30,441.15,441.25,440.65,440.9,16823,ITC
2025-01-21 13:19:00+05:30,440.8,440.9,439.55,439.6,49735,ITC
2025-01-21 13:20:00+05:30,439.55,439.75,438.0,438.5,78961,ITC
2025-01-21 13:21:00+05:30,438.55,439.35,438.2,439.2,31391,ITC
2025-01-21 13:22:00+05:30,439.1,439.9,438.95,439.8,31511,ITC
2025-01-21 13:23:00+05:30,439.65,440.0,439.25,440.0,10487,ITC
2025-01-21 13:24:00+05:30,439.95,440.8,439.9,440.75,24364,ITC
2025-01-21 13:25:00+05:30,440.75,441.2,440.5,440.95,11475,ITC
2025-01-21 13:26:00+05:30,440.95,440.95,440.55,440.65,8607,ITC
2025-01-21 13:27:00+05:30,440.55,441.6,440.45,441.15,25593,ITC
2025-01-21 13:28:00+05:30,441.15,441.6,441.05,441.35,16401,ITC
2025-01-21 13:29:00+05:30,441.5,442.45,441.35,441.9,91409,ITC
2025-01-21 13:30:00+05:30,442.0,442.65,441.55,442.45,41535,ITC
2025-01-21 13:31:00+05:30,442.6,442.65,441.45,441.9,26656,ITC
2025-01-21 13:32:00+05:30,441.9,442.05,441.4,441.45,13587,ITC
2025-01-21 13:33:00+05:30,441.45,441.7,441.2,441.4,11710,ITC
2025-01-21 13:34:00+05:30,441.4,441.75,441.2,441.5,18053,ITC
2025-01-21 13:35:00+05:30,441.45,441.75,441.2,441.5,14561,ITC
2025-01-21 13:36:00+05:30,441.5,441.6,440.7,441.0,12427,ITC
2025-01-21 13:37:00+05:30,441.0,441.15,440.5,441.05,11914,ITC
2025-01-21 13:38:00+05:30,440.85,440.95,440.4,440.5,8912,ITC
2025-01-21 13:39:00+05:30,440.7,441.15,440.4,441.1,7644,ITC
2025-01-21 13:40:00+05:30,441.1,441.65,440.8,441.6,26324,ITC
2025-01-21 13:41:00+05:30,441.4,441.8,441.25,441.25,18772,ITC
2025-01-21 13:42:00+05:30,441.25,441.5,441.05,441.35,6710,ITC
2025-01-21 13:43:00+05:30,441.35,441.8,441.1,441.25,8076,ITC
2025-01-21 13:44:00+05:30,441.35,441.6,441.1,441.3,6179,ITC
2025-01-21 13:45:00+05:30,441.35,441.75,441.25,441.4,6040,ITC
2025-01-21 13:46:00+05:30,441.4,441.55,441.3,441.35,7971,ITC
2025-01-21 13:47:00+05:30,441.3,441.7,441.2,441.35,11782,ITC
2025-01-21 13:48:00+05:30,441.35,441.6,441.15,441.55,10917,ITC
2025-01-21 13:49:00+05:30,441.55,441.7,441.25,441.45,8755,ITC
2025-01-21 13:50:00+05:30,441.55,441.6,440.7,440.8,16276,ITC
2025-01-21 13:51:00+05:30,440.75,441.0,440.25,440.45,11781,ITC
2025-01-21 13:52:00+05:30,440.3,440.65,440.0,440.3,27127,ITC
2025-01-21 13:53:00+05:30,440.4,440.85,440.15,440.55,10294,ITC
2025-01-21 13:54:00+05:30,440.55,440.7,440.3,440.55,7470,ITC
2025-01-21 13:55:00+05:30,440.35,440.75,440.3,440.6,11925,ITC
2025-01-21 13:56:00+05:30,440.6,440.65,440.15,440.25,13284,ITC
2025-01-21 13:57:00+05:30,440.25,440.3,439.45,440.25,24964,ITC
2025-01-21 13:58:00+05:30,440.25,440.65,439.95,440.45,11548,ITC
2025-01-21 13:59:00+05:30,440.65,440.85,440.25,440.75,10291,ITC
2025-01-21 14:00:00+05:30,440.55,440.75,440.1,440.4,8519,ITC
2025-01-21 14:01:00+05:30,440.4,440.4,440.0,440.35,10713,ITC
2025-01-21 14:02:00+05:30,440.2,440.45,440.1,440.45,11215,ITC
2025-01-21 14:03:00+05:30,440.35,440.8,440.25,440.7,9300,ITC
2025-01-21 14:04:00+05:30,440.7,441.3,440.5,441.15,19448,ITC
2025-01-21 14:05:00+05:30,441.15,441.25,440.85,440.85,11062,ITC
2025-01-21 14:06:00+05:30,440.85,440.95,440.45,440.65,12455,ITC
2025-01-21 14:07:00+05:30,440.65,440.8,440.45,440.75,11285,ITC
2025-01-21 14:08:00+05:30,440.75,440.8,440.2,440.6,14933,ITC
2025-01-21 14:09:00+05:30,440.4,440.7,440.3,440.7,11781,ITC
2025-01-21 14:10:00+05:30,440.65,440.85,440.25,440.65,13700,ITC
2025-01-21 14:11:00+05:30,440.65,440.85,440.35,440.7,17086,ITC
2025-01-21 14:12:00+05:30,440.65,440.75,440.3,440.75,6351,ITC
2025-01-21 14:13:00+05:30,440.65,440.8,440.25,440.5,8751,ITC
2025-01-21 14:14:00+05:30,440.5,440.55,440.05,440.2,20851,ITC
2025-01-21 14:15:00+05:30,440.15,440.4,440.0,440.15,16927,ITC
2025-01-21 14:16:00+05:30,440.15,440.6,439.3,439.55,42700,ITC
2025-01-21 14:17:00+05:30,439.35,439.8,439.25,439.75,24401,ITC
2025-01-21 14:18:00+05:30,439.7,439.95,439.55,439.95,11759,ITC
2025-01-21 14:19:00+05:30,439.8,439.85,439.2,439.7,21295,ITC
2025-01-21 14:20:00+05:30,439.55,440.1,439.4,439.95,16411,ITC
2025-01-21 14:21:00+05:30,439.9,440.25,439.65,440.25,10434,ITC
2025-01-21 14:22:00+05:30,440.1,440.2,439.5,439.9,24436,ITC
2025-01-21 14:23:00+05:30,439.9,439.9,439.2,439.55,30818,ITC
2025-01-21 14:24:00+05:30,439.55,439.7,438.4,438.4,348156,ITC
2025-01-21 14:25:00+05:30,438.45,439.15,438.25,439.15,139572,ITC
2025-01-21 14:26:00+05:30,439.15,439.15,438.15,438.75,59579,ITC
2025-01-21 14:27:00+05:30,438.7,439.45,438.55,438.65,51475,ITC
2025-01-21 14:28:00+05:30,438.85,439.1,438.4,438.8,45553,ITC
2025-01-21 14:29:00+05:30,438.75,439.4,438.55,439.3,27611,ITC
2025-01-21 14:30:00+05:30,439.2,439.25,438.7,439.15,48476,ITC
2025-01-21 14:31:00+05:30,439.2,439.75,439.1,439.4,25050,ITC
2025-01-21 14:32:00+05:30,439.4,439.85,439.0,439.4,49072,ITC
2025-01-21 14:33:00+05:30,439.45,439.5,438.0,438.35,98620,ITC
2025-01-21 14:34:00+05:30,438.3,438.3,437.0,437.25,185578,ITC
2025-01-21 14:35:00+05:30,437.3,437.55,436.4,437.4,150131,ITC
2025-01-21 14:36:00+05:30,437.35,437.4,436.65,437.1,92714,ITC
2025-01-21 14:37:00+05:30,437.25,437.4,436.95,437.15,83007,ITC
2025-01-21 14:38:00+05:30,437.2,437.6,437.1,437.35,63838,ITC
2025-01-21 14:39:00+05:30,437.35,437.75,436.75,437.3,117417,ITC
2025-01-21 14:40:00+05:30,437.3,437.5,436.2,436.5,257663,ITC
2025-01-21 14:41:00+05:30,436.35,436.9,435.25,435.35,130604,ITC
2025-01-21 14:42:00+05:30,435.35,436.8,435.35,436.3,93843,ITC
2025-01-21 14:43:00+05:30,436.5,436.95,436.35,436.6,46398,ITC
2025-01-21 14:44:00+05:30,436.6,436.85,436.35,436.65,40588,ITC
2025-01-21 14:45:00+05:30,436.65,437.1,436.3,436.6,75544,ITC
2025-01-21 14:46:00+05:30,436.65,436.9,436.25,436.7,66108,ITC
2025-01-21 14:47:00+05:30,436.7,437.0,436.1,436.55,45343,ITC
2025-01-21 14:48:00+05:30,436.55,436.95,436.25,436.8,76203,ITC
2025-01-21 14:49:00+05:30,436.8,436.8,436.3,436.5,35746,ITC
2025-01-21 14:50:00+05:30,436.5,436.85,436.35,436.8,40445,ITC
2025-01-21 14:51:00+05:30,436.8,437.0,436.5,436.9,29848,ITC
2025-01-21 14:52:00+05:30,437.0,437.45,436.8,437.1,34391,ITC
2025-01-21 14:53:00+05:30,437.1,437.3,436.45,436.85,53492,ITC
2025-01-21 14:54:00+05:30,436.9,436.95,435.95,436.5,61318,ITC
2025-01-21 14:55:00+05:30,436.5,436.8,436.3,436.35,38432,ITC
2025-01-21 14:56:00+05:30,436.5,436.95,436.3,436.9,45907,ITC
2025-01-21 14:57:00+05:30,436.9,437.5,436.75,436.9,89751,ITC
2025-01-21 14:58:00+05:30,436.9,437.55,436.7,437.0,183092,ITC
2025-01-21 14:59:00+05:30,437.0,437.6,436.8,437.0,64345,ITC
2025-01-21 15:00:00+05:30,436.95,437.3,436.75,436.9,144080,ITC
2025-01-21 15:01:00+05:30,436.75,437.45,436.75,437.2,110306,ITC
2025-01-21 15:02:00+05:30,437.3,437.75,437.2,437.7,94192,ITC
2025-01-21 15:03:00+05:30,437.7,438.0,437.4,437.65,89296,ITC
2025-01-21 15:04:00+05:30,437.6,437.95,437.45,437.75,89316,ITC
2025-01-21 15:05:00+05:30,437.75,437.9,437.15,437.35,88790,ITC
2025-01-21 15:06:00+05:30,437.25,437.35,436.85,437.0,96741,ITC
2025-01-21 15:07:00+05:30,436.9,437.2,436.75,436.75,99581,ITC
2025-01-21 15:08:00+05:30,436.7,437.5,436.7,437.25,93509,ITC
2025-01-21 15:09:00+05:30,437.2,437.75,437.2,437.7,74615,ITC
2025-01-21 15:10:00+05:30,437.5,437.8,437.35,437.45,91088,ITC
2025-01-21 15:11:00+05:30,437.4,437.8,437.2,437.5,108181,ITC
2025-01-21 15:12:00+05:30,437.45,437.9,437.4,437.6,111725,ITC
2025-01-21 15:13:00+05:30,437.6,437.95,437.4,437.5,109733,ITC
2025-01-21 15:14:00+05:30,437.5,437.7,437.2,437.35,90528,ITC
2025-01-21 15:15:00+05:30,437.25,437.8,437.2,437.6,107589,ITC
2025-01-21 15:16:00+05:30,437.6,438.05,437.55,437.8,167380,ITC
2025-01-21 15:17:00+05:30,437.95,438.0,437.65,437.95,105192,ITC
2025-01-21 15:18:00+05:30,437.8,438.0,437.45,437.9,80556,ITC
2025-01-21 15:19:00+05:30,437.9,438.0,437.7,437.8,74714,ITC
2025-01-21 15:20:00+05:30,437.85,438.0,437.4,437.8,101337,ITC
2025-01-21 15:21:00+05:30,437.85,438.0,437.45,437.95,59615,ITC
2025-01-21 15:22:00+05:30,437.9,438.0,437.7,437.9,78107,ITC
2025-01-21 15:23:00+05:30,437.9,438.0,437.65,437.8,42013,ITC
2025-01-21 15:24:00+05:30,438.0,438.0,437.6,437.95,69060,ITC
2025-01-21 15:25:00+05:30,437.9,438.0,437.55,437.75,45665,ITC
2025-01-21 15:26:00+05:30,437.75,438.0,437.4,437.9,45146,ITC
2025-01-21 15:27:00+05:30,437.9,437.95,437.5,437.65,47650,ITC
2025-01-21 15:28:00+05:30,437.65,438.0,437.35,437.8,26639,ITC
2025-01-21 15:29:00+05:30,438.0,438.0,437.6,437.95,17749,ITC
2025-01-22 09:15:00+05:30,439.9,440.1,437.9,439.55,106310,ITC
2025-01-22 09:16:00+05:30,439.7,439.95,439.4,439.7,40918,ITC
2025-01-22 09:17:00+05:30,439.65,440.8,439.5,440.75,64162,ITC
2025-01-22 09:18:00+05:30,440.5,441.0,440.35,440.95,36433,ITC
2025-01-22 09:19:00+05:30,440.8,441.4,440.4,440.55,39750,ITC
2025-01-22 09:20:00+05:30,440.65,441.5,440.25,440.85,58511,ITC
2025-01-22 09:21:00+05:30,440.85,441.4,440.7,441.0,19290,ITC
2025-01-22 09:22:00+05:30,441.0,441.4,440.5,440.95,19912,ITC
2025-01-22 09:23:00+05:30,441.05,441.5,440.9,441.2,41794,ITC
2025-01-22 09:24:00+05:30,441.3,441.5,440.8,440.85,19846,ITC
2025-01-22 09:25:00+05:30,440.9,441.35,440.8,441.2,67692,ITC
2025-01-22 09:26:00+05:30,441.2,441.65,441.0,441.35,87408,ITC
2025-01-22 09:27:00+05:30,441.35,441.7,440.85,441.55,39392,ITC
2025-01-22 09:28:00+05:30,441.65,441.85,441.35,441.8,24353,ITC
2025-01-22 09:29:00+05:30,441.8,441.95,441.05,441.35,32901,ITC
2025-01-22 09:30:00+05:30,441.35,441.55,441.15,441.5,26170,ITC
2025-01-22 09:31:00+05:30,441.5,441.5,441.2,441.25,10216,ITC
2025-01-22 09:32:00+05:30,441.35,441.6,441.15,441.55,13938,ITC
2025-01-22 09:33:00+05:30,441.55,441.75,441.3,441.35,22785,ITC
2025-01-22 09:34:00+05:30,441.35,441.75,441.3,441.6,13363,ITC
2025-01-22 09:35:00+05:30,441.75,441.85,441.45,441.45,22125,ITC
2025-01-22 09:36:00+05:30,441.5,441.5,440.95,441.25,19130,ITC
2025-01-22 09:37:00+05:30,441.35,441.75,441.2,441.75,5842,ITC
2025-01-22 09:38:00+05:30,441.6,441.75,441.5,441.65,10636,ITC
2025-01-22 09:39:00+05:30,441.65,441.85,441.6,441.85,14210,ITC
2025-01-22 09:40:00+05:30,441.85,441.85,441.6,441.7,7776,ITC
2025-01-22 09:41:00+05:30,441.65,441.75,441.25,441.3,11042,ITC
2025-01-22 09:42:00+05:30,441.4,441.45,441.2,441.35,10736,ITC
2025-01-22 09:43:00+05:30,441.35,441.45,440.7,440.85,22914,ITC
2025-01-22 09:44:00+05:30,441.0,441.0,440.05,440.3,40832,ITC
2025-01-22 09:45:00+05:30,440.25,441.05,440.25,440.8,30399,ITC
2025-01-22 09:46:00+05:30,440.8,440.9,440.25,440.5,15298,ITC
2025-01-22 09:47:00+05:30,440.45,440.9,440.2,440.8,16657,ITC
2025-01-22 09:48:00+05:30,440.75,440.9,440.5,440.55,8750,ITC
2025-01-22 09:49:00+05:30,440.55,440.7,440.4,440.6,7084,ITC
2025-01-22 09:50:00+05:30,440.6,441.0,440.55,441.0,12204,ITC
2025-01-22 09:51:00+05:30,441.0,441.25,440.85,440.9,16237,ITC
2025-01-22 09:52:00+05:30,441.1,441.25,440.55,441.2,12670,ITC
2025-01-22 09:53:00+05:30,441.2,441.25,440.85,441.2,18440,ITC
2025-01-22 09:54:00+05:30,441.2,441.4,441.0,441.2,50773,ITC
2025-01-22 09:55:00+05:30,441.25,441.75,441.1,441.75,39114,ITC
2025-01-22 09:56:00+05:30,441.6,441.8,441.2,441.5,47551,ITC
2025-01-22 09:57:00+05:30,441.5,441.5,441.0,441.2,7996,ITC
2025-01-22 09:58:00+05:30,441.25,441.4,440.9,441.3,14534,ITC
2025-01-22 09:59:00+05:30,441.1,441.3,440.7,440.85,11594,ITC
2025-01-22 10:00:00+05:30,440.85,440.9,440.4,440.7,8885,ITC
2025-01-22 10:01:00+05:30,440.7,440.9,440.55,440.9,7727,ITC
2025-01-22 10:02:00+05:30,440.8,441.0,440.7,440.8,5785,ITC
2025-01-22 10:03:00+05:30,440.8,441.0,440.6,441.0,11963,ITC
2025-01-22 10:04:00+05:30,441.0,441.25,440.8,441.25,19468,ITC
2025-01-22 10:05:00+05:30,441.25,441.35,441.0,441.15,6267,ITC
2025-01-22 10:06:00+05:30,441.15,441.15,439.5,439.8,212846,ITC
2025-01-22 10:07:00+05:30,439.8,439.9,439.6,439.65,10872,ITC
2025-01-22 10:08:00+05:30,439.85,440.2,439.65,440.0,15494,ITC
2025-01-22 10:09:00+05:30,440.0,440.25,439.7,439.8,14811,ITC
2025-01-22 10:10:00+05:30,439.7,439.85,439.35,439.5,15988,ITC
2025-01-22 10:11:00+05:30,439.5,439.7,439.35,439.65,6376,ITC
2025-01-22 10:12:00+05:30,439.65,439.7,439.4,439.6,7466,ITC
2025-01-22 10:13:00+05:30,439.5,439.85,439.45,439.6,7775,ITC
2025-01-22 10:14:00+05:30,439.65,439.95,439.55,439.85,10217,ITC
2025-01-22 10:15:00+05:30,439.85,440.0,439.7,439.8,7527,ITC
2025-01-22 10:16:00+05:30,440.0,440.3,439.85,440.15,37105,ITC
2025-01-22 10:17:00+05:30,440.2,440.2,439.9,439.9,14482,ITC
2025-01-22 10:18:00+05:30,439.9,440.1,439.75,439.95,8247,ITC
2025-01-22 10:19:00+05:30,439.9,440.15,439.75,440.0,7526,ITC
2025-01-22 10:20:00+05:30,440.0,440.15,439.9,440.0,16552,ITC
2025-01-22 10:21:00+05:30,440.0,440.25,439.95,440.15,26412,ITC
2025-01-22 10:22:00+05:30,440.0,440.45,439.9,440.0,131039,ITC
2025-01-22 10:23:00+05:30,440.15,440.15,439.95,439.95,15826,ITC
2025-01-22 10:24:00+05:30,440.0,440.05,439.75,440.0,19504,ITC
2025-01-22 10:25:00+05:30,439.95,440.05,439.75,439.9,11658,ITC
2025-01-22 10:26:00+05:30,439.9,440.0,439.8,440.0,12765,ITC
2025-01-22 10:27:00+05:30,440.0,440.0,439.8,440.0,6538,ITC
2025-01-22 10:28:00+05:30,440.0,440.0,439.55,439.75,9200,ITC
2025-01-22 10:29:00+05:30,439.75,439.75,439.35,439.6,8304,ITC
2025-01-22 10:30:00+05:30,439.6,439.8,439.25,439.8,8715,ITC
2025-01-22 10:31:00+05:30,439.8,439.85,438.95,439.5,204536,ITC
2025-01-22 10:32:00+05:30,439.7,441.0,439.55,441.0,38483,ITC
2025-01-22 10:33:00+05:30,441.0,441.0,440.3,440.55,16672,ITC
2025-01-22 10:34:00+05:30,440.55,441.35,440.4,440.9,49920,ITC
2025-01-22 10:35:00+05:30,441.0,441.0,440.55,440.7,10498,ITC
2025-01-22 10:36:00+05:30,440.55,441.35,440.45,441.25,28791,ITC
2025-01-22 10:37:00+05:30,441.25,441.3,440.75,441.0,11188,ITC
2025-01-22 10:38:00+05:30,441.0,441.0,440.7,440.95,4766,ITC
2025-01-22 10:39:00+05:30,440.95,440.95,440.05,440.35,8001,ITC
2025-01-22 10:40:00+05:30,440.25,440.35,440.0,440.15,6442,ITC
2025-01-22 10:41:00+05:30,440.15,440.35,439.9,440.3,11948,ITC
2025-01-22 10:42:00+05:30,440.15,440.4,440.1,440.25,4805,ITC
2025-01-22 10:43:00+05:30,440.25,440.3,440.05,440.3,5186,ITC
2025-01-22 10:44:00+05:30,440.3,440.55,439.9,440.55,8276,ITC
2025-01-22 10:45:00+05:30,440.5,440.55,440.2,440.5,8910,ITC
2025-01-22 10:46:00+05:30,440.55,440.55,440.0,440.25,21702,ITC
2025-01-22 10:47:00+05:30,440.25,440.65,439.5,440.25,431392,ITC
2025-01-22 10:48:00+05:30,440.05,440.75,439.9,440.2,317936,ITC
2025-01-22 10:49:00+05:30,440.25,440.25,440.0,440.25,24047,ITC
2025-01-22 10:50:00+05:30,440.25,440.4,440.0,440.15,59712,ITC
2025-01-22 10:51:00+05:30,440.25,440.3,440.1,440.2,9063,ITC
2025-01-22 10:52:00+05:30,440.2,440.25,439.55,439.8,28484,ITC
2025-01-22 10:53:00+05:30,439.65,439.95,439.6,439.9,8806,ITC
2025-01-22 10:54:00+05:30,439.9,440.1,439.7,440.1,9251,ITC
2025-01-22 10:55:00+05:30,440.1,440.55,439.75,439.8,300408,ITC
2025-01-22 10:56:00+05:30,440.0,440.0,439.8,440.0,12927,ITC
2025-01-22 10:57:00+05:30,439.9,440.0,439.7,439.95,3705,ITC
2025-01-22 10:58:00+05:30,439.85,439.9,439.75,439.9,4143,ITC
2025-01-22 10:59:00+05:30,439.9,440.0,439.75,439.75,78429,ITC
2025-01-22 11:00:00+05:30,440.0,440.15,439.75,439.95,63601,ITC
2025-01-22 11:01:00+05:30,439.95,439.95,439.7,439.95,10825,ITC
2025-01-22 11:02:00+05:30,439.95,439.95,439.55,439.7,10527,ITC
2025-01-22 11:03:00+05:30,439.7,439.75,439.5,439.65,10278,ITC
2025-01-22 11:04:00+05:30,439.65,439.75,439.35,439.7,8786,ITC
2025-01-22 11:05:00+05:30,439.7,439.75,439.4,439.4,11593,ITC
2025-01-22 11:06:00+05:30,439.35,439.45,439.15,439.4,9884,ITC
2025-01-22 11:07:00+05:30,439.45,439.6,439.15,439.45,22614,ITC
2025-01-22 11:08:00+05:30,439.25,439.4,438.95,438.95,15974,ITC
2025-01-22 11:09:00+05:30,438.95,438.95,438.25,438.55,47554,ITC
2025-01-22 11:10:00+05:30,438.6,438.95,438.25,438.6,11486,ITC
2025-01-22 11:11:00+05:30,438.6,438.85,438.45,438.6,8825,ITC
2025-01-22 11:12:00+05:30,438.75,438.75,438.4,438.65,9564,ITC
2025-01-22 11:13:00+05:30,438.65,438.7,438.5,438.7,2949,ITC
2025-01-22 11:14:00+05:30,438.7,438.7,438.5,438.6,6023,ITC
2025-01-22 11:15:00+05:30,438.7,438.7,438.4,438.55,8798,ITC
2025-01-22 11:16:00+05:30,438.65,438.65,438.3,438.5,4345,ITC
2025-01-22 11:17:00+05:30,438.65,438.65,438.3,438.45,7602,ITC
2025-01-22 11:18:00+05:30,438.45,438.5,438.2,438.35,13817,ITC
2025-01-22 11:19:00+05:30,438.5,438.5,438.2,438.25,10384,ITC
2025-01-22 11:20:00+05:30,438.35,438.35,437.95,438.0,28931,ITC
2025-01-22 11:21:00+05:30,438.0,438.05,437.9,437.9,5543,ITC
2025-01-22 11:22:00+05:30,437.95,438.0,437.65,437.95,30119,ITC
2025-01-22 11:23:00+05:30,437.95,438.0,437.9,438.0,8569,ITC
2025-01-22 11:24:00+05:30,438.0,438.0,437.55,437.8,11728,ITC
2025-01-22 11:25:00+05:30,437.75,438.15,437.6,438.0,31771,ITC
2025-01-22 11:26:00+05:30,438.0,438.15,437.85,438.0,11830,ITC
2025-01-22 11:27:00+05:30,438.0,438.1,437.8,438.0,10836,ITC
2025-01-22 11:28:00+05:30,438.0,438.25,437.9,438.0,64927,ITC
2025-01-22 11:29:00+05:30,438.0,438.7,437.85,438.55,36733,ITC
2025-01-22 11:30:00+05:30,438.65,438.65,438.3,438.55,17690,ITC
2025-01-22 11:31:00+05:30,438.55,438.75,438.4,438.65,21325,ITC
2025-01-22 11:32:00+05:30,438.65,438.7,438.5,438.5,8801,ITC
2025-01-22 11:33:00+05:30,438.5,438.65,438.15,438.25,4867,ITC
2025-01-22 11:34:00+05:30,438.25,438.25,437.8,438.0,11957,ITC
2025-01-22 11:35:00+05:30,438.0,438.0,437.8,437.95,11069,ITC
2025-01-22 11:36:00+05:30,438.0,438.15,437.85,438.1,36677,ITC
2025-01-22 11:37:00+05:30,437.95,438.65,437.95,438.65,39229,ITC
2025-01-22 11:38:00+05:30,438.65,439.0,438.6,438.9,11605,ITC
2025-01-22 11:39:00+05:30,438.9,439.0,438.35,438.45,22961,ITC
2025-01-22 11:40:00+05:30,438.35,438.55,438.25,438.4,23816,ITC
2025-01-22 11:41:00+05:30,438.5,438.5,438.4,438.5,5491,ITC
2025-01-22 11:42:00+05:30,438.45,438.5,438.45,438.5,7521,ITC
2025-01-22 11:43:00+05:30,438.5,438.5,438.25,438.5,8557,ITC
2025-01-22 11:44:00+05:30,438.5,438.5,438.25,438.25,2996,ITC
2025-01-22 11:45:00+05:30,438.4,438.4,438.0,438.0,4370,ITC
2025-01-22 11:46:00+05:30,438.0,438.0,437.6,437.6,12672,ITC
2025-01-22 11:47:00+05:30,437.8,437.8,437.55,437.8,5971,ITC
2025-01-22 11:48:00+05:30,437.6,437.8,437.5,437.7,15711,ITC
2025-01-22 11:49:00+05:30,437.7,437.75,437.4,437.75,10027,ITC
2025-01-22 11:50:00+05:30,437.55,437.8,437.55,437.8,6610,ITC
2025-01-22 11:51:00+05:30,437.65,437.95,437.6,437.6,12363,ITC
2025-01-22 11:52:00+05:30,437.75,437.8,437.5,437.55,7641,ITC
2025-01-22 11:53:00+05:30,437.5,437.95,437.45,437.9,113571,ITC
2025-01-22 11:54:00+05:30,437.75,438.0,437.75,437.95,25328,ITC
2025-01-22 11:55:00+05:30,438.0,438.0,437.65,437.9,6503,ITC
2025-01-22 11:56:00+05:30,437.9,437.9,437.65,437.85,4719,ITC
2025-01-22 11:57:00+05:30,437.65,437.9,437.65,437.7,2202,ITC
2025-01-22 11:58:00+05:30,437.75,437.95,437.75,437.95,2446,ITC
2025-01-22 11:59:00+05:30,437.95,437.95,437.7,437.75,3719,ITC
2025-01-22 12:00:00+05:30,437.9,437.95,437.7,437.8,3115,ITC
2025-01-22 12:01:00+05:30,437.95,437.95,437.7,437.95,5011,ITC
2025-01-22 12:02:00+05:30,437.85,437.95,437.75,437.95,3326,ITC
2025-01-22 12:03:00+05:30,437.95,438.5,437.85,438.4,6286,ITC
2025-01-22 12:04:00+05:30,438.45,438.7,438.4,438.55,5540,ITC
2025-01-22 12:05:00+05:30,438.55,438.7,438.5,438.7,3531,ITC
2025-01-22 12:06:00+05:30,438.75,438.85,438.5,438.65,6174,ITC
2025-01-22 12:07:00+05:30,438.65,438.8,438.5,438.8,9985,ITC
2025-01-22 12:08:00+05:30,438.7,438.95,438.6,438.9,4463,ITC
2025-01-22 12:09:00+05:30,438.9,439.0,438.75,438.9,10767,ITC
2025-01-22 12:10:00+05:30,438.95,439.25,438.7,439.1,78807,ITC
2025-01-22 12:11:00+05:30,439.1,439.25,438.85,439.2,16280,ITC
2025-01-22 12:12:00+05:30,439.25,439.3,438.9,439.0,9201,ITC
2025-01-22 12:13:00+05:30,439.0,439.15,438.6,438.65,11245,ITC
2025-01-22 12:14:00+05:30,438.85,438.9,438.45,438.55,9476,ITC
2025-01-22 12:15:00+05:30,438.65,438.65,438.3,438.35,9682,ITC
2025-01-22 12:16:00+05:30,438.45,438.65,438.2,438.4,23020,ITC
2025-01-22 12:17:00+05:30,438.6,438.85,438.35,438.85,13113,ITC
2025-01-22 12:18:00+05:30,438.85,438.95,438.5,438.85,18822,ITC
2025-01-22 12:19:00+05:30,438.95,438.95,438.55,438.8,7564,ITC
2025-01-22 12:20:00+05:30,438.8,438.95,438.4,438.75,8590,ITC
2025-01-22 12:21:00+05:30,438.75,438.85,438.3,438.45,13292,ITC
2025-01-22 12:22:00+05:30,438.45,438.5,438.2,438.35,10165,ITC
2025-01-22 12:23:00+05:30,438.5,438.55,438.3,438.5,13961,ITC
2025-01-22 12:24:00+05:30,438.35,438.5,438.0,438.0,19357,ITC
2025-01-22 12:25:00+05:30,438.0,438.0,437.8,437.9,8904,ITC
2025-01-22 12:26:00+05:30,437.9,438.0,437.7,437.9,6324,ITC
2025-01-22 12:27:00+05:30,437.9,437.9,437.6,437.8,11687,ITC
2025-01-22 12:28:00+05:30,437.75,437.75,437.1,437.4,87632,ITC
2025-01-22 12:29:00+05:30,437.4,437.65,437.25,437.55,15464,ITC
2025-01-22 12:30:00+05:30,437.55,437.65,437.4,437.65,10580,ITC
2025-01-22 12:31:00+05:30,437.65,437.7,436.85,437.55,145520,ITC
2025-01-22 12:32:00+05:30,437.55,437.7,437.1,437.5,30878,ITC
2025-01-22 12:33:00+05:30,437.7,437.7,437.4,437.4,10276,ITC
2025-01-22 12:34:00+05:30,437.5,437.65,437.25,437.65,10167,ITC
2025-01-22 12:35:00+05:30,437.65,437.95,437.55,437.65,8900,ITC
2025-01-22 12:36:00+05:30,437.75,437.85,437.55,437.75,5803,ITC
2025-01-22 12:37:00+05:30,437.75,437.75,437.45,437.45,10691,ITC
2025-01-22 12:38:00+05:30,437.7,437.7,437.25,437.5,7150,ITC
2025-01-22 12:39:00+05:30,437.5,437.5,437.1,437.45,9886,ITC
2025-01-22 12:40:00+05:30,437.45,437.75,437.4,437.7,10456,ITC
2025-01-22 12:41:00+05:30,437.65,437.9,437.55,437.85,8244,ITC
2025-01-22 12:42:00+05:30,437.85,437.95,437.6,437.9,8566,ITC
2025-01-22 12:43:00+05:30,437.9,438.0,437.75,438.0,16896,ITC
2025-01-22 12:44:00+05:30,438.0,438.0,437.8,438.0,18565,ITC
2025-01-22 12:45:00+05:30,438.0,438.1,437.7,437.85,88114,ITC
2025-01-22 12:46:00+05:30,437.85,437.9,437.65,437.75,11994,ITC
2025-01-22 12:47:00+05:30,437.75,437.95,437.6,437.75,5716,ITC
2025-01-22 12:48:00+05:30,437.9,437.95,437.7,437.9,8824,ITC
2025-01-22 12:49:00+05:30,437.85,437.95,437.65,437.95,15179,ITC
2025-01-22 12:50:00+05:30,437.95,437.95,437.65,437.85,11568,ITC
2025-01-22 12:51:00+05:30,437.85,438.0,437.7,437.95,19029,ITC
2025-01-22 12:52:00+05:30,437.95,437.95,437.7,437.7,8433,ITC
2025-01-22 12:53:00+05:30,437.7,437.85,437.6,437.8,7765,ITC
2025-01-22 12:54:00+05:30,437.8,437.85,437.6,437.7,7155,ITC
2025-01-22 12:55:00+05:30,437.8,437.8,437.6,437.7,6202,ITC
2025-01-22 12:56:00+05:30,437.75,438.0,437.7,437.95,12538,ITC
2025-01-22 12:57:00+05:30,437.95,437.95,437.7,437.7,14259,ITC
2025-01-22 12:58:00+05:30,437.9,437.9,437.55,437.9,15367,ITC
2025-01-22 12:59:00+05:30,437.85,437.9,437.65,437.75,6986,ITC
2025-01-22 13:00:00+05:30,437.9,438.0,437.7,438.0,17791,ITC
2025-01-22 13:01:00+05:30,437.95,438.0,437.8,438.0,9150,ITC
2025-01-22 13:02:00+05:30,437.95,438.05,437.8,437.95,10463,ITC
2025-01-22 13:03:00+05:30,437.95,437.95,437.75,437.9,9905,ITC
2025-01-22 13:04:00+05:30,437.9,438.0,437.7,437.8,14102,ITC
2025-01-22 13:05:00+05:30,437.95,438.1,437.75,438.0,26434,ITC
2025-01-22 13:06:00+05:30,438.0,438.65,437.9,438.65,45371,ITC
2025-01-22 13:07:00+05:30,438.6,438.8,438.35,438.65,18496,ITC
2025-01-22 13:08:00+05:30,438.7,438.9,438.5,438.7,13919,ITC
2025-01-22 13:09:00+05:30,438.9,439.05,438.7,438.95,15621,ITC
2025-01-22 13:10:00+05:30,439.05,439.1,438.85,439.0,11812,ITC
2025-01-22 13:11:00+05:30,439.0,439.4,438.8,439.1,25342,ITC
2025-01-22 13:12:00+05:30,439.3,439.3,438.85,439.0,13335,ITC
2025-01-22 13:13:00+05:30,439.0,439.25,438.65,439.15,19805,ITC
2025-01-22 13:14:00+05:30,439.15,439.2,438.7,439.0,26838,ITC
2025-01-22 13:15:00+05:30,439.05,439.05,438.75,438.9,9748,ITC
2025-01-22 13:16:00+05:30,438.85,439.0,438.7,438.95,9129,ITC
2025-01-22 13:17:00+05:30,438.95,439.0,438.6,438.95,11072,ITC
2025-01-22 13:18:00+05:30,439.0,439.0,438.6,438.9,10997,ITC
2025-01-22 13:19:00+05:30,438.9,439.0,438.65,438.9,16241,ITC
2025-01-22 13:20:00+05:30,438.9,439.0,438.7,438.95,12987,ITC
2025-01-22 13:21:00+05:30,438.95,438.95,438.65,438.9,14400,ITC
2025-01-22 13:22:00+05:30,438.85,438.95,438.6,438.85,11626,ITC
2025-01-22 13:23:00+05:30,438.85,438.9,438.7,438.8,8457,ITC
2025-01-22 13:24:00+05:30,438.85,438.9,438.65,438.8,10778,ITC
2025-01-22 13:25:00+05:30,438.85,438.95,438.75,438.95,8707,ITC
2025-01-22 13:26:00+05:30,438.95,439.0,438.7,438.9,9598,ITC
2025-01-22 13:27:00+05:30,438.95,439.0,438.55,438.8,18298,ITC
2025-01-22 13:28:00+05:30,438.75,438.8,438.3,438.5,16490,ITC
2025-01-22 13:29:00+05:30,438.5,438.6,438.4,438.5,11778,ITC
2025-01-22 13:30:00+05:30,438.5,438.65,438.15,438.35,15022,ITC
2025-01-22 13:31:00+05:30,438.35,438.7,438.25,438.7,9447,ITC
2025-01-22 13:32:00+05:30,438.7,438.8,438.5,438.6,8400,ITC
2025-01-22 13:33:00+05:30,438.7,438.75,438.35,438.45,9950,ITC
2025-01-22 13:34:00+05:30,438.55,438.7,438.45,438.6,8589,ITC
2025-01-22 13:35:00+05:30,438.6,438.7,438.3,438.45,12323,ITC
2025-01-22 13:36:00+05:30,438.45,438.65,438.15,438.65,12731,ITC
2025-01-22 13:37:00+05:30,438.5,438.9,438.5,438.8,14044,ITC
2025-01-22 13:38:00+05:30,438.85,438.85,438.45,438.7,17161,ITC
2025-01-22 13:39:00+05:30,438.7,438.75,438.35,438.55,27478,ITC
2025-01-22 13:40:00+05:30,438.6,438.7,438.1,438.2,14863,ITC
2025-01-22 13:41:00+05:30,438.2,438.2,437.7,437.9,19573,ITC
2025-01-22 13:42:00+05:30,437.95,437.95,437.7,437.95,14761,ITC
2025-01-22 13:43:00+05:30,437.95,438.15,437.8,438.15,11009,ITC
2025-01-22 13:44:00+05:30,438.15,438.35,438.05,438.2,15745,ITC
2025-01-22 13:45:00+05:30,438.2,438.55,438.15,438.35,19761,ITC
2025-01-22 13:46:00+05:30,438.45,438.55,437.7,437.85,52757,ITC
2025-01-22 13:47:00+05:30,437.9,437.95,437.65,437.8,12258,ITC
2025-01-22 13:48:00+05:30,437.8,437.9,437.65,437.8,8698,ITC
2025-01-22 13:49:00+05:30,437.9,438.0,437.8,438.0,14518,ITC
2025-01-22 13:50:00+05:30,438.0,438.0,437.75,438.0,16046,ITC
2025-01-22 13:51:00+05:30,438.0,438.0,437.7,437.95,13326,ITC
2025-01-22 13:52:00+05:30,438.0,438.0,437.8,437.9,12554,ITC
2025-01-22 13:53:00+05:30,438.0,438.0,437.7,438.0,15513,ITC
2025-01-22 13:54:00+05:30,437.95,438.0,437.7,437.85,14556,ITC
2025-01-22 13:55:00+05:30,437.9,438.0,437.7,437.85,14567,ITC
2025-01-22 13:56:00+05:30,437.85,438.0,437.7,437.9,10411,ITC
2025-01-22 13:57:00+05:30,437.9,438.0,437.85,437.95,10086,ITC
2025-01-22 13:58:00+05:30,437.9,438.0,437.8,437.9,13129,ITC
2025-01-22 13:59:00+05:30,437.9,438.0,437.8,438.0,9559,ITC
2025-01-22 14:00:00+05:30,438.0,438.0,437.75,437.95,10849,ITC
2025-01-22 14:01:00+05:30,437.95,438.0,437.85,438.0,10330,ITC
2025-01-22 14:02:00+05:30,438.0,438.0,437.6,437.85,27441,ITC
2025-01-22 14:03:00+05:30,437.85,437.9,437.5,437.75,23745,ITC
2025-01-22 14:04:00+05:30,437.75,437.95,437.5,437.8,36471,ITC
2025-01-22 14:05:00+05:30,437.8,437.8,437.5,437.65,22366,ITC
2025-01-22 14:06:00+05:30,437.7,437.8,437.35,437.55,20515,ITC
2025-01-22 14:07:00+05:30,437.65,437.8,437.35,437.6,15167,ITC
2025-01-22 14:08:00+05:30,437.65,437.9,437.5,437.75,15770,ITC
2025-01-22 14:09:00+05:30,437.85,437.95,437.65,437.7,14182,ITC
2025-01-22 14:10:00+05:30,437.8,437.8,437.2,437.75,14947,ITC
2025-01-22 14:11:00+05:30,437.75,437.85,437.4,437.65,13340,ITC
2025-01-22 14:12:00+05:30,437.75,437.95,437.45,437.6,15287,ITC
2025-01-22 14:13:00+05:30,437.75,437.75,437.4,437.55,12261,ITC
2025-01-22 14:14:00+05:30,437.65,437.7,437.15,437.4,26011,ITC
2025-01-22 14:15:00+05:30,437.4,437.5,437.05,437.05,18793,ITC
2025-01-22 14:16:00+05:30,437.25,437.25,436.85,437.05,37469,ITC
2025-01-22 14:17:00+05:30,437.05,437.25,436.8,437.25,16727,ITC
2025-01-22 14:18:00+05:30,437.25,437.25,436.75,437.0,16410,ITC
2025-01-22 14:19:00+05:30,436.9,437.25,436.8,437.2,36587,ITC
2025-01-22 14:20:00+05:30,437.2,437.25,436.9,437.1,21355,ITC
2025-01-22 14:21:00+05:30,437.1,437.2,436.85,437.2,15900,ITC
2025-01-22 14:22:00+05:30,437.2,437.25,436.75,437.25,19801,ITC
2025-01-22 14:23:00+05:30,437.25,437.55,436.95,437.4,37624,ITC
2025-01-22 14:24:00+05:30,437.45,437.9,437.45,437.85,18547,ITC
2025-01-22 14:25:00+05:30,437.9,438.0,437.5,437.95,21285,ITC
2025-01-22 14:26:00+05:30,437.95,437.95,437.3,437.35,20427,ITC
2025-01-22 14:27:00+05:30,437.35,437.4,437.05,437.3,17047,ITC
2025-01-22 14:28:00+05:30,437.3,437.6,437.1,437.6,14609,ITC
2025-01-22 14:29:00+05:30,437.65,437.65,437.3,437.55,11886,ITC
2025-01-22 14:30:00+05:30,437.55,437.55,437.05,437.15,12013,ITC
2025-01-22 14:31:00+05:30,437.2,437.4,437.05,437.4,16916,ITC
2025-01-22 14:32:00+05:30,437.45,437.65,437.2,437.65,13228,ITC
2025-01-22 14:33:00+05:30,437.65,437.9,437.55,437.75,15887,ITC
2025-01-22 14:34:00+05:30,437.85,437.95,437.55,437.75,13478,ITC
2025-01-22 14:35:00+05:30,437.75,437.95,437.7,437.9,32571,ITC
2025-01-22 14:36:00+05:30,437.9,437.9,437.55,437.85,18849,ITC
2025-01-22 14:37:00+05:30,437.85,438.0,437.65,437.95,13982,ITC
2025-01-22 14:38:00+05:30,437.95,438.35,437.85,438.0,97604,ITC
2025-01-22 14:39:00+05:30,438.0,438.45,437.85,438.35,59969,ITC
2025-01-22 14:40:00+05:30,438.35,438.35,438.1,438.3,18387,ITC
2025-01-22 14:41:00+05:30,438.3,438.3,438.0,438.25,19599,ITC
2025-01-22 14:42:00+05:30,438.25,438.25,437.7,437.95,27872,ITC
2025-01-22 14:43:00+05:30,437.95,437.95,437.55,437.55,29712,ITC
2025-01-22 14:44:00+05:30,437.7,438.0,437.55,438.0,13917,ITC
2025-01-22 14:45:00+05:30,438.0,438.05,437.7,438.0,17328,ITC
2025-01-22 14:46:00+05:30,438.05,438.75,437.8,438.6,55253,ITC
2025-01-22 14:47:00+05:30,438.6,438.6,438.1,438.3,21555,ITC
2025-01-22 14:48:00+05:30,438.35,438.5,438.1,438.3,24255,ITC
2025-01-22 14:49:00+05:30,438.3,438.45,438.1,438.35,22561,ITC
2025-01-22 14:50:00+05:30,438.35,438.35,437.8,437.8,28812,ITC
2025-01-22 14:51:00+05:30,437.8,438.0,437.5,437.6,55926,ITC
2025-01-22 14:52:00+05:30,437.6,437.7,437.15,437.4,27192,ITC
2025-01-22 14:53:00+05:30,437.4,437.45,437.15,437.35,18112,ITC
2025-01-22 14:54:00+05:30,437.15,437.5,437.0,437.2,31127,ITC
2025-01-22 14:55:00+05:30,437.2,437.4,436.9,437.15,27860,ITC
2025-01-22 14:56:00+05:30,437.3,438.0,437.15,437.9,27377,ITC
2025-01-22 14:57:00+05:30,437.9,438.55,437.6,438.15,112921,ITC
2025-01-22 14:58:00+05:30,438.2,438.2,437.7,438.1,43593,ITC
2025-01-22 14:59:00+05:30,438.1,438.1,437.2,437.35,49066,ITC
2025-01-22 15:00:00+05:30,437.55,437.55,436.7,436.9,54694,ITC
2025-01-22 15:01:00+05:30,436.9,437.05,436.8,436.9,43653,ITC
2025-01-22 15:02:00+05:30,437.0,437.15,436.9,437.05,35607,ITC
2025-01-22 15:03:00+05:30,437.05,437.15,436.9,437.0,28321,ITC
2025-01-22 15:04:00+05:30,437.0,437.05,436.9,437.0,22406,ITC
2025-01-22 15:05:00+05:30,437.0,437.05,436.9,437.0,28787,ITC
2025-01-22 15:06:00+05:30,437.05,437.05,436.95,437.0,29258,ITC
2025-01-22 15:07:00+05:30,437.0,437.05,436.85,437.0,53551,ITC
2025-01-22 15:08:00+05:30,437.0,437.0,436.85,436.9,22136,ITC
2025-01-22 15:09:00+05:30,436.9,436.9,436.8,436.8,23803,ITC
2025-01-22 15:10:00+05:30,436.85,436.9,436.8,436.85,26308,ITC
2025-01-22 15:11:00+05:30,436.9,436.95,436.8,436.95,26810,ITC
2025-01-22 15:12:00+05:30,436.95,437.2,436.9,436.9,92256,ITC
2025-01-22 15:13:00+05:30,437.0,437.0,436.9,436.95,35146,ITC
2025-01-22 15:14:00+05:30,436.95,437.0,436.9,436.95,25294,ITC
2025-01-22 15:15:00+05:30,437.0,437.05,436.9,437.0,78521,ITC
2025-01-22 15:16:00+05:30,437.0,437.05,436.9,437.0,37008,ITC
2025-01-22 15:17:00+05:30,437.0,437.0,436.95,437.0,33570,ITC
2025-01-22 15:18:00+05:30,437.0,437.15,436.95,437.1,134456,ITC
2025-01-22 15:19:00+05:30,437.05,437.1,436.95,437.0,55265,ITC
2025-01-22 15:20:00+05:30,436.95,437.05,436.95,437.05,62255,ITC
2025-01-22 15:21:00+05:30,437.05,437.05,436.95,437.0,37461,ITC
2025-01-22 15:22:00+05:30,437.0,437.15,436.95,437.0,77809,ITC
2025-01-22 15:23:00+05:30,437.15,437.15,436.95,437.0,51758,ITC
2025-01-22 15:24:00+05:30,437.0,437.3,436.95,437.0,96110,ITC
2025-01-22 15:25:00+05:30,436.95,437.0,436.95,437.0,37386,ITC
2025-01-22 15:26:00+05:30,436.95,437.0,436.55,437.0,81013,ITC
2025-01-22 15:27:00+05:30,437.0,437.0,436.9,436.95,30454,ITC
2025-01-22 15:28:00+05:30,437.0,437.15,436.9,437.0,35177,ITC
2025-01-22 15:29:00+05:30,436.95,437.0,436.6,436.75,20318,ITC
2025-01-23 09:15:00+05:30,435.0,436.2,434.1,435.0,365507,ITC
2025-01-23 09:16:00+05:30,435.05,436.3,434.65,436.25,80386,ITC
2025-01-23 09:17:00+05:30,436.15,436.35,435.7,436.15,76339,ITC
2025-01-23 09:18:00+05:30,436.0,436.2,435.65,435.95,10601,ITC
2025-01-23 09:19:00+05:30,436.05,436.6,435.85,436.05,23244,ITC
2025-01-23 09:20:00+05:30,436.0,436.85,435.95,436.85,23627,ITC
2025-01-23 09:21:00+05:30,436.7,436.95,436.35,436.5,25688,ITC
2025-01-23 09:22:00+05:30,436.6,436.7,436.3,436.7,30701,ITC
2025-01-23 09:23:00+05:30,436.7,436.95,436.5,436.9,25263,ITC
2025-01-23 09:24:00+05:30,436.9,436.9,436.5,436.8,2928,ITC
2025-01-23 09:25:00+05:30,436.8,436.8,436.5,436.6,4549,ITC
2025-01-23 09:26:00+05:30,436.75,436.9,436.6,436.85,4332,ITC
2025-01-23 09:27:00+05:30,436.85,437.0,436.7,436.9,15944,ITC
2025-01-23 09:28:00+05:30,436.9,436.9,436.5,436.85,19256,ITC
2025-01-23 09:29:00+05:30,436.8,437.05,436.75,436.9,51570,ITC
2025-01-23 09:30:00+05:30,436.9,437.45,436.75,437.45,27438,ITC
2025-01-23 09:31:00+05:30,437.45,437.9,437.35,437.7,45533,ITC
2025-01-23 09:32:00+05:30,437.85,437.95,437.45,437.8,32302,ITC
2025-01-23 09:33:00+05:30,437.95,438.2,437.75,437.75,27663,ITC
2025-01-23 09:34:00+05:30,437.9,438.35,437.75,438.2,31237,ITC
2025-01-23 09:35:00+05:30,438.15,438.8,438.05,438.8,51940,ITC
2025-01-23 09:36:00+05:30,438.8,439.2,438.65,438.9,39095,ITC
2025-01-23 09:37:00+05:30,438.85,439.35,438.55,439.15,38103,ITC
2025-01-23 09:38:00+05:30,439.05,439.2,438.6,439.0,16099,ITC
2025-01-23 09:39:00+05:30,439.0,439.2,438.8,439.15,14999,ITC
2025-01-23 09:40:00+05:30,439.15,439.75,439.05,439.4,30489,ITC
2025-01-23 09:41:00+05:30,439.45,439.85,439.4,439.65,22563,ITC
2025-01-23 09:42:00+05:30,439.65,439.95,439.6,439.8,15535,ITC
2025-01-23 09:43:00+05:30,439.9,440.4,439.85,440.3,30786,ITC
2025-01-23 09:44:00+05:30,440.3,440.5,440.05,440.3,23649,ITC
2025-01-23 09:45:00+05:30,440.3,440.35,439.55,439.6,17617,ITC
2025-01-23 09:46:00+05:30,439.7,439.7,439.4,439.65,10030,ITC
2025-01-23 09:47:00+05:30,439.65,440.0,439.55,440.0,15018,ITC
2025-01-23 09:48:00+05:30,439.95,440.0,439.4,439.5,11262,ITC
2025-01-23 09:49:00+05:30,439.55,439.7,439.0,439.55,18817,ITC
2025-01-23 09:50:00+05:30,439.7,439.7,439.35,439.35,12235,ITC
2025-01-23 09:51:00+05:30,439.5,439.55,439.35,439.4,6801,ITC
2025-01-23 09:52:00+05:30,439.35,439.55,439.25,439.5,13042,ITC
2025-01-23 09:53:00+05:30,439.3,439.55,439.2,439.5,24947,ITC
2025-01-23 09:54:00+05:30,439.55,439.9,439.5,439.5,12591,ITC
2025-01-23 09:55:00+05:30,439.5,439.65,439.4,439.45,1947,ITC
2025-01-23 09:56:00+05:30,439.4,439.5,439.05,439.1,6712,ITC
2025-01-23 09:57:00+05:30,439.05,439.4,438.7,439.1,21577,ITC
2025-01-23 09:58:00+05:30,439.3,439.4,438.9,438.95,15443,ITC
2025-01-23 09:59:00+05:30,438.95,439.3,438.8,439.2,4713,ITC
2025-01-23 10:00:00+05:30,439.3,439.3,438.7,438.8,6397,ITC
2025-01-23 10:01:00+05:30,438.75,439.0,438.7,439.0,8329,ITC
2025-01-23 10:02:00+05:30,439.0,439.0,438.9,439.0,7585,ITC
2025-01-23 10:03:00+05:30,439.0,439.2,438.75,439.05,8317,ITC
2025-01-23 10:04:00+05:30,439.2,439.4,438.95,439.1,8054,ITC
2025-01-23 10:05:00+05:30,439.1,439.2,438.85,439.05,6937,ITC
2025-01-23 10:06:00+05:30,438.85,439.1,438.8,439.0,6312,ITC
2025-01-23 10:07:00+05:30,438.9,439.4,438.8,439.0,11892,ITC
2025-01-23 10:08:00+05:30,439.2,439.2,438.75,439.1,6424,ITC
2025-01-23 10:09:00+05:30,439.0,439.2,438.85,438.95,7442,ITC
2025-01-23 10:10:00+05:30,438.95,439.2,438.85,439.1,27514,ITC
2025-01-23 10:11:00+05:30,439.1,439.5,439.1,439.45,15747,ITC
2025-01-23 10:12:00+05:30,439.3,439.7,439.25,439.65,36901,ITC
2025-01-23 10:13:00+05:30,439.45,439.75,439.45,439.7,16709,ITC
2025-01-23 10:14:00+05:30,439.7,439.7,439.3,439.55,13242,ITC
2025-01-23 10:15:00+05:30,439.55,440.2,439.4,440.1,44390,ITC
2025-01-23 10:16:00+05:30,440.1,440.45,440.05,440.25,26472,ITC
2025-01-23 10:17:00+05:30,440.25,440.45,439.9,440.0,10015,ITC
2025-01-23 10:18:00+05:30,440.1,440.1,439.55,439.7,9478,ITC
2025-01-23 10:19:00+05:30,439.7,439.9,439.45,439.55,13126,ITC
2025-01-23 10:20:00+05:30,439.45,440.0,439.35,439.8,32455,ITC
2025-01-23 10:21:00+05:30,439.6,439.7,439.15,439.35,9073,ITC
2025-01-23 10:22:00+05:30,439.4,439.75,439.35,439.75,8303,ITC
2025-01-23 10:23:00+05:30,439.75,439.9,439.5,439.8,7164,ITC
2025-01-23 10:24:00+05:30,439.7,439.95,439.6,439.6,9782,ITC
2025-01-23 10:25:00+05:30,439.6,439.95,439.6,439.8,1529,ITC
2025-01-23 10:26:00+05:30,439.75,440.25,439.75,439.95,10641,ITC
2025-01-23 10:27:00+05:30,440.1,440.45,440.0,440.35,12037,ITC
2025-01-23 10:28:00+05:30,440.35,440.4,440.05,440.4,6426,ITC
2025-01-23 10:29:00+05:30,440.4,440.5,440.3,440.45,7863,ITC
2025-01-23 10:30:00+05:30,440.45,440.45,439.65,439.85,7994,ITC
2025-01-23 10:31:00+05:30,439.85,439.9,439.5,439.65,3842,ITC
2025-01-23 10:32:00+05:30,439.65,439.8,439.4,439.5,8377,ITC
2025-01-23 10:33:00+05:30,439.4,439.55,439.1,439.55,11482,ITC
2025-01-23 10:34:00+05:30,439.55,439.7,439.3,439.55,4987,ITC
2025-01-23 10:35:00+05:30,439.4,439.55,439.15,439.25,4647,ITC
2025-01-23 10:36:00+05:30,439.35,439.85,439.35,439.85,9468,ITC
2025-01-23 10:37:00+05:30,439.85,439.85,439.7,439.75,4488,ITC
2025-01-23 10:38:00+05:30,439.75,440.0,439.75,439.85,4101,ITC
2025-01-23 10:39:00+05:30,439.95,440.0,439.6,439.95,4536,ITC
2025-01-23 10:40:00+05:30,439.85,439.95,439.75,439.95,4647,ITC
2025-01-23 10:41:00+05:30,439.8,440.25,439.8,440.1,5605,ITC
2025-01-23 10:42:00+05:30,440.1,440.4,440.0,440.2,9543,ITC
2025-01-23 10:43:00+05:30,440.2,440.9,440.2,440.75,23572,ITC
2025-01-23 10:44:00+05:30,440.75,440.85,440.55,440.7,10033,ITC
2025-01-23 10:45:00+05:30,440.85,440.85,440.35,440.55,9684,ITC
2025-01-23 10:46:00+05:30,440.4,440.5,440.05,440.25,4975,ITC
2025-01-23 10:47:00+05:30,440.25,440.25,440.0,440.0,7603,ITC
2025-01-23 10:48:00+05:30,439.95,440.2,439.85,440.2,6091,ITC
2025-01-23 10:49:00+05:30,440.2,440.5,440.1,440.45,7624,ITC
2025-01-23 10:50:00+05:30,440.45,440.6,440.25,440.35,6291,ITC
2025-01-23 10:51:00+05:30,440.35,440.65,440.1,440.55,7111,ITC
2025-01-23 10:52:00+05:30,440.45,440.5,439.95,440.0,10960,ITC
2025-01-23 10:53:00+05:30,440.0,440.45,439.95,440.4,11534,ITC
2025-01-23 10:54:00+05:30,440.4,440.85,440.2,440.85,6994,ITC
2025-01-23 10:55:00+05:30,440.8,440.85,440.5,440.65,8058,ITC
2025-01-23 10:56:00+05:30,440.5,440.8,440.3,440.35,19853,ITC
2025-01-23 10:57:00+05:30,440.35,440.5,440.0,440.0,9031,ITC
2025-01-23 10:58:00+05:30,440.0,440.1,439.85,440.1,2977,ITC
2025-01-23 10:59:00+05:30,440.05,440.1,439.85,440.0,3744,ITC
2025-01-23 11:00:00+05:30,439.9,440.35,439.9,440.05,21904,ITC
2025-01-23 11:01:00+05:30,440.05,440.25,439.8,440.25,17182,ITC
2025-01-23 11:02:00+05:30,440.25,440.25,440.05,440.15,6112,ITC
2025-01-23 11:03:00+05:30,440.1,440.25,439.95,440.0,10491,ITC
2025-01-23 11:04:00+05:30,440.0,440.2,439.95,440.05,6639,ITC
2025-01-23 11:05:00+05:30,440.2,440.2,440.0,440.15,4533,ITC
2025-01-23 11:06:00+05:30,440.15,440.3,440.05,440.3,16145,ITC
2025-01-23 11:07:00+05:30,440.3,440.3,440.0,440.1,2683,ITC
2025-01-23 11:08:00+05:30,440.1,440.1,439.8,440.0,3874,ITC
2025-01-23 11:09:00+05:30,440.0,440.0,439.8,440.0,3165,ITC
2025-01-23 11:10:00+05:30,439.9,440.0,439.8,439.8,2364,ITC
2025-01-23 11:11:00+05:30,439.9,439.9,439.8,439.9,4673,ITC
2025-01-23 11:12:00+05:30,439.9,440.0,439.8,439.85,3651,ITC
2025-01-23 11:13:00+05:30,439.85,439.95,439.8,439.9,2515,ITC
2025-01-23 11:14:00+05:30,439.9,440.0,439.8,440.0,3916,ITC
2025-01-23 11:15:00+05:30,439.9,440.05,439.8,440.0,8205,ITC
2025-01-23 11:16:00+05:30,440.0,440.0,439.8,439.95,3431,ITC
2025-01-23 11:17:00+05:30,439.8,440.0,439.8,440.0,4126,ITC
2025-01-23 11:18:00+05:30,440.0,440.05,439.8,440.05,6433,ITC
2025-01-23 11:19:00+05:30,439.95,440.05,439.85,440.0,4188,ITC
2025-01-23 11:20:00+05:30,439.85,440.0,439.85,439.9,3979,ITC
2025-01-23 11:21:00+05:30,439.9,440.0,439.9,439.95,9618,ITC
2025-01-23 11:22:00+05:30,439.95,439.95,439.9,439.9,7300,ITC
2025-01-23 11:23:00+05:30,439.9,440.0,439.9,440.0,4261,ITC
2025-01-23 11:24:00+05:30,440.0,440.0,439.9,439.9,4978,ITC
2025-01-23 11:25:00+05:30,439.9,440.0,439.9,439.95,5861,ITC
2025-01-23 11:26:00+05:30,440.0,440.4,439.95,440.35,13173,ITC
2025-01-23 11:27:00+05:30,440.35,440.65,440.2,440.65,15589,ITC
2025-01-23 11:28:00+05:30,440.65,440.7,440.45,440.6,7390,ITC
2025-01-23 11:29:00+05:30,440.7,440.95,440.6,440.85,11036,ITC
2025-01-23 11:30:00+05:30,440.75,440.85,440.6,440.65,7045,ITC
2025-01-23 11:31:00+05:30,440.65,440.75,440.3,440.3,4844,ITC
2025-01-23 11:32:00+05:30,440.5,440.7,440.35,440.7,6187,ITC
2025-01-23 11:33:00+05:30,440.55,440.7,440.5,440.65,6179,ITC
2025-01-23 11:34:00+05:30,440.7,440.8,440.55,440.8,9235,ITC
2025-01-23 11:35:00+05:30,440.75,440.9,440.7,440.85,4780,ITC
2025-01-23 11:36:00+05:30,440.9,440.9,440.65,440.75,9959,ITC
2025-01-23 11:37:00+05:30,440.65,440.75,440.35,440.6,5403,ITC
2025-01-23 11:38:00+05:30,440.6,440.6,440.35,440.5,7063,ITC
2025-01-23 11:39:00+05:30,440.55,440.6,440.35,440.4,7071,ITC
2025-01-23 11:40:00+05:30,440.35,440.75,440.15,440.7,13295,ITC
2025-01-23 11:41:00+05:30,440.75,440.9,440.7,440.75,6665,ITC
2025-01-23 11:42:00+05:30,440.8,440.8,440.45,440.55,12735,ITC
2025-01-23 11:43:00+05:30,440.75,440.85,440.55,440.85,8513,ITC
2025-01-23 11:44:00+05:30,440.85,441.0,440.7,441.0,15818,ITC
2025-01-23 11:45:00+05:30,441.0,441.4,440.9,441.3,27885,ITC
2025-01-23 11:46:00+05:30,441.25,441.4,440.8,441.35,14624,ITC
2025-01-23 11:47:00+05:30,441.4,441.4,440.75,440.85,25449,ITC
2025-01-23 11:48:00+05:30,440.85,441.25,440.85,441.25,14534,ITC
2025-01-23 11:49:00+05:30,441.05,441.55,440.9,441.0,80518,ITC
2025-01-23 11:50:00+05:30,441.0,441.1,440.8,441.0,10832,ITC
2025-01-23 11:51:00+05:30,440.8,441.45,440.8,441.1,13030,ITC
2025-01-23 11:52:00+05:30,441.1,441.4,440.95,441.35,8607,ITC
2025-01-23 11:53:00+05:30,441.25,441.4,441.1,441.35,5708,ITC
2025-01-23 11:54:00+05:30,441.35,441.4,441.25,441.4,8604,ITC
2025-01-23 11:55:00+05:30,441.3,441.45,441.2,441.45,8131,ITC
2025-01-23 11:56:00+05:30,441.25,441.45,441.25,441.45,7338,ITC
2025-01-23 11:57:00+05:30,441.3,441.5,441.25,441.45,7927,ITC
2025-01-23 11:58:00+05:30,441.45,441.45,441.3,441.45,9943,ITC
2025-01-23 11:59:00+05:30,441.35,441.5,441.3,441.35,5906,ITC
2025-01-23 12:00:00+05:30,441.3,441.55,441.25,441.45,12831,ITC
2025-01-23 12:01:00+05:30,441.4,441.45,441.2,441.3,8264,ITC
2025-01-23 12:02:00+05:30,441.3,441.35,441.15,441.35,8144,ITC
2025-01-23 12:03:00+05:30,441.3,441.35,441.15,441.3,5363,ITC
2025-01-23 12:04:00+05:30,441.3,441.35,441.15,441.2,5291,ITC
2025-01-23 12:05:00+05:30,441.2,441.45,441.2,441.4,8776,ITC
2025-01-23 12:06:00+05:30,441.3,441.4,441.05,441.3,8942,ITC
2025-01-23 12:07:00+05:30,441.3,441.3,440.95,441.15,8855,ITC
2025-01-23 12:08:00+05:30,441.15,441.15,440.85,441.0,7229,ITC
2025-01-23 12:09:00+05:30,441.0,441.15,440.85,440.95,12205,ITC
2025-01-23 12:10:00+05:30,441.0,441.1,440.8,440.95,11522,ITC
2025-01-23 12:11:00+05:30,440.95,441.0,440.75,441.0,9743,ITC
2025-01-23 12:12:00+05:30,441.0,441.15,440.85,441.05,11673,ITC
2025-01-23 12:13:00+05:30,441.15,441.15,440.9,441.0,6776,ITC
2025-01-23 12:14:00+05:30,441.1,441.1,440.85,441.0,6761,ITC
2025-01-23 12:15:00+05:30,440.95,441.0,440.85,441.0,9921,ITC
2025-01-23 12:16:00+05:30,441.0,441.05,440.85,441.05,8169,ITC
2025-01-23 12:17:00+05:30,441.05,441.1,440.85,440.9,9127,ITC
2025-01-23 12:18:00+05:30,441.0,441.45,440.85,441.3,15157,ITC
2025-01-23 12:19:00+05:30,441.3,441.5,441.1,441.3,15899,ITC
2025-01-23 12:20:00+05:30,441.3,441.6,441.2,441.5,14629,ITC
2025-01-23 12:21:00+05:30,441.5,441.85,441.45,441.75,23060,ITC
2025-01-23 12:22:00+05:30,441.65,441.75,441.2,441.5,12289,ITC
2025-01-23 12:23:00+05:30,441.5,441.65,441.25,441.5,8224,ITC
2025-01-23 12:24:00+05:30,441.55,441.6,441.35,441.5,14373,ITC
2025-01-23 12:25:00+05:30,441.4,441.5,441.25,441.3,9074,ITC
2025-01-23 12:26:00+05:30,441.3,441.4,441.1,441.25,13022,ITC
2025-01-23 12:27:00+05:30,441.3,441.3,441.1,441.3,7446,ITC
2025-01-23 12:28:00+05:30,441.3,441.3,441.05,441.2,8085,ITC
2025-01-23 12:29:00+05:30,441.2,441.45,441.1,441.35,25296,ITC
2025-01-23 12:30:00+05:30,441.15,441.35,441.15,441.35,9694,ITC
2025-01-23 12:31:00+05:30,441.35,441.4,441.1,441.4,6019,ITC
2025-01-23 12:32:00+05:30,441.35,441.4,441.05,441.05,8903,ITC
2025-01-23 12:33:00+05:30,441.25,441.3,441.05,441.3,9790,ITC
2025-01-23 12:34:00+05:30,441.3,441.3,441.05,441.25,8715,ITC
2025-01-23 12:35:00+05:30,441.1,441.35,441.0,441.15,10836,ITC
2025-01-23 12:36:00+05:30,441.15,441.45,441.1,441.25,12642,ITC
2025-01-23 12:37:00+05:30,441.3,441.45,441.25,441.4,12632,ITC
2025-01-23 12:38:00+05:30,441.4,441.45,441.15,441.45,21099,ITC
2025-01-23 12:39:00+05:30,441.35,441.65,441.25,441.3,58188,ITC
2025-01-23 12:40:00+05:30,441.3,441.35,441.05,441.25,15797,ITC
2025-01-23 12:41:00+05:30,441.25,441.25,441.05,441.05,13152,ITC
2025-01-23 12:42:00+05:30,441.25,441.35,441.05,441.15,18946,ITC
2025-01-23 12:43:00+05:30,441.3,441.35,441.1,441.2,14932,ITC
2025-01-23 12:44:00+05:30,441.35,441.45,441.25,441.45,12998,ITC
2025-01-23 12:45:00+05:30,441.25,441.45,441.1,441.3,9912,ITC
2025-01-23 12:46:00+05:30,441.3,441.35,441.05,441.35,9255,ITC
2025-01-23 12:47:00+05:30,441.35,441.35,441.15,441.35,12160,ITC
2025-01-23 12:48:00+05:30,441.35,441.4,441.1,441.4,102731,ITC
2025-01-23 12:49:00+05:30,441.35,441.45,441.25,441.4,21126,ITC
2025-01-23 12:50:00+05:30,441.3,441.45,441.2,441.35,12149,ITC
2025-01-23 12:51:00+05:30,441.35,441.4,440.95,441.1,51309,ITC
2025-01-23 12:52:00+05:30,441.3,441.3,440.75,440.95,75283,ITC
2025-01-23 12:53:00+05:30,440.9,441.35,440.8,441.3,13565,ITC
2025-01-23 12:54:00+05:30,441.15,441.35,441.1,441.15,8532,ITC
2025-01-23 12:55:00+05:30,441.15,441.4,441.15,441.35,8923,ITC
2025-01-23 12:56:00+05:30,441.35,441.4,441.2,441.4,8761,ITC
2025-01-23 12:57:00+05:30,441.35,441.5,441.3,441.4,12404,ITC
2025-01-23 12:58:00+05:30,441.5,441.5,441.3,441.3,11785,ITC
2025-01-23 12:59:00+05:30,441.4,441.65,441.3,441.55,28402,ITC
2025-01-23 13:00:00+05:30,441.55,441.8,441.5,441.6,14471,ITC
2025-01-23 13:01:00+05:30,441.65,441.75,441.4,441.4,18617,ITC
2025-01-23 13:02:00+05:30,441.45,441.65,441.35,441.65,11666,ITC
2025-01-23 13:03:00+05:30,441.6,441.65,441.35,441.45,11743,ITC
2025-01-23 13:04:00+05:30,441.4,441.45,441.2,441.2,10725,ITC
2025-01-23 13:05:00+05:30,441.15,441.2,440.85,441.0,18851,ITC
2025-01-23 13:06:00+05:30,441.05,441.15,440.55,441.15,29061,ITC
2025-01-23 13:07:00+05:30,441.15,441.15,440.65,440.65,18730,ITC
2025-01-23 13:08:00+05:30,440.9,440.9,440.65,440.85,9295,ITC
2025-01-23 13:09:00+05:30,440.7,440.85,440.5,440.75,18342,ITC
2025-01-23 13:10:00+05:30,440.75,440.9,440.5,440.8,15936,ITC
2025-01-23 13:11:00+05:30,440.7,440.85,439.9,439.9,112388,ITC
2025-01-23 13:12:00+05:30,440.0,440.15,439.7,439.95,78325,ITC
2025-01-23 13:13:00+05:30,439.85,440.0,439.8,440.0,45392,ITC
2025-01-23 13:14:00+05:30,439.9,440.0,439.55,439.55,13399,ITC
2025-01-23 13:15:00+05:30,439.55,439.75,439.5,439.7,19286,ITC
2025-01-23 13:16:00+05:30,439.7,439.75,439.55,439.6,14229,ITC
2025-01-23 13:17:00+05:30,439.6,439.75,439.45,439.75,12896,ITC
2025-01-23 13:18:00+05:30,439.7,439.8,439.35,439.5,24978,ITC
2025-01-23 13:19:00+05:30,439.5,439.95,439.15,439.2,79775,ITC
2025-01-23 13:20:00+05:30,439.3,439.6,438.95,439.45,161973,ITC
2025-01-23 13:21:00+05:30,439.55,439.65,439.4,439.65,13670,ITC
2025-01-23 13:22:00+05:30,439.65,439.65,439.4,439.45,10975,ITC
2025-01-23 13:23:00+05:30,439.45,439.6,439.45,439.55,12477,ITC
2025-01-23 13:24:00+05:30,439.6,439.7,439.5,439.7,8890,ITC
2025-01-23 13:25:00+05:30,439.65,439.75,439.5,439.6,11604,ITC
2025-01-23 13:26:00+05:30,439.6,439.75,439.55,439.6,10135,ITC
2025-01-23 13:27:00+05:30,439.6,439.75,439.55,439.75,8465,ITC
2025-01-23 13:28:00+05:30,439.75,439.75,439.6,439.75,8934,ITC
2025-01-23 13:29:00+05:30,439.75,439.75,439.5,439.75,16773,ITC
2025-01-23 13:30:00+05:30,439.75,439.85,439.55,439.8,16744,ITC
2025-01-23 13:31:00+05:30,439.8,439.95,439.65,439.95,19078,ITC
2025-01-23 13:32:00+05:30,439.95,440.4,439.9,440.4,19156,ITC
2025-01-23 13:33:00+05:30,440.4,440.45,440.2,440.45,9389,ITC
2025-01-23 13:34:00+05:30,440.35,440.5,440.2,440.4,14113,ITC
2025-01-23 13:35:00+05:30,440.25,440.55,440.25,440.35,7019,ITC
2025-01-23 13:36:00+05:30,440.5,440.55,440.4,440.45,9277,ITC
2025-01-23 13:37:00+05:30,440.45,440.85,440.4,440.8,13286,ITC
2025-01-23 13:38:00+05:30,440.65,440.8,440.6,440.8,6207,ITC
2025-01-23 13:39:00+05:30,440.8,441.05,440.65,441.05,18366,ITC
2025-01-23 13:40:00+05:30,441.0,441.05,440.7,440.9,12783,ITC
2025-01-23 13:41:00+05:30,440.85,441.0,440.7,440.9,16026,ITC
2025-01-23 13:42:00+05:30,441.0,441.0,440.8,440.85,15593,ITC
2025-01-23 13:43:00+05:30,440.85,440.95,440.75,440.8,13428,ITC
2025-01-23 13:44:00+05:30,440.85,440.9,440.7,440.85,13882,ITC
2025-01-23 13:45:00+05:30,440.75,440.95,440.3,440.35,50684,ITC
2025-01-23 13:46:00+05:30,440.45,440.45,440.15,440.25,16877,ITC
2025-01-23 13:47:00+05:30,440.35,440.5,440.25,440.5,26066,ITC
2025-01-23 13:48:00+05:30,440.4,440.45,439.85,440.0,104224,ITC
2025-01-23 13:49:00+05:30,440.0,440.05,439.7,440.05,30869,ITC
2025-01-23 13:50:00+05:30,440.0,440.05,439.75,439.85,18201,ITC
2025-01-23 13:51:00+05:30,439.9,439.95,439.7,439.85,15425,ITC
2025-01-23 13:52:00+05:30,439.85,439.95,439.55,439.8,18939,ITC
2025-01-23 13:53:00+05:30,439.8,440.0,439.65,439.8,41781,ITC
2025-01-23 13:54:00+05:30,439.8,439.95,439.5,439.65,35342,ITC
2025-01-23 13:55:00+05:30,439.7,439.85,439.55,439.7,43535,ITC
2025-01-23 13:56:00+05:30,439.7,439.8,439.55,439.6,19804,ITC
2025-01-23 13:57:00+05:30,439.6,439.8,439.55,439.75,31581,ITC
2025-01-23 13:58:00+05:30,439.65,439.8,439.55,439.7,23317,ITC
2025-01-23 13:59:00+05:30,439.75,439.85,439.6,439.75,30936,ITC
2025-01-23 14:00:00+05:30,439.7,439.95,439.6,439.8,48226,ITC
2025-01-23 14:01:00+05:30,439.8,440.05,439.65,440.0,10569,ITC
2025-01-23 14:02:00+05:30,440.0,440.0,439.7,439.85,6737,ITC
2025-01-23 14:03:00+05:30,439.85,439.9,439.55,439.75,8887,ITC
2025-01-23 14:04:00+05:30,439.6,439.85,439.6,439.8,7695,ITC
2025-01-23 14:05:00+05:30,439.8,439.85,439.0,439.55,73677,ITC
2025-01-23 14:06:00+05:30,439.65,439.7,438.9,439.0,114221,ITC
2025-01-23 14:07:00+05:30,439.0,439.0,438.8,438.95,14336,ITC
2025-01-23 14:08:00+05:30,438.9,439.0,438.8,439.0,41722,ITC
2025-01-23 14:09:00+05:30,439.0,439.0,438.95,439.0,13860,ITC
2025-01-23 14:10:00+05:30,439.0,439.0,438.95,439.0,152298,ITC
2025-01-23 14:11:00+05:30,439.0,439.7,438.9,439.0,219525,ITC
2025-01-23 14:12:00+05:30,439.0,439.6,438.95,439.5,392751,ITC
2025-01-23 14:13:00+05:30,439.45,439.6,439.1,439.6,28017,ITC
2025-01-23 14:14:00+05:30,439.6,439.75,439.25,439.5,26669,ITC
2025-01-23 14:15:00+05:30,439.6,440.3,439.5,440.15,38757,ITC
2025-01-23 14:16:00+05:30,440.0,440.15,439.85,440.05,26495,ITC
2025-01-23 14:17:00+05:30,439.9,440.15,438.95,439.75,275480,ITC
2025-01-23 14:18:00+05:30,439.75,439.9,439.55,439.9,25583,ITC
2025-01-23 14:19:00+05:30,439.9,440.0,439.65,439.8,24809,ITC
2025-01-23 14:20:00+05:30,440.0,440.25,439.7,440.25,29092,ITC
2025-01-23 14:21:00+05:30,440.25,440.6,440.05,440.2,27359,ITC
2025-01-23 14:22:00+05:30,440.25,440.45,440.2,440.3,24172,ITC
2025-01-23 14:23:00+05:30,440.2,440.4,440.15,440.3,7300,ITC
2025-01-23 14:24:00+05:30,440.3,440.4,440.2,440.35,12673,ITC
2025-01-23 14:25:00+05:30,440.35,440.4,440.0,440.15,11321,ITC
2025-01-23 14:26:00+05:30,440.15,440.2,439.9,439.95,8523,ITC
2025-01-23 14:27:00+05:30,440.15,440.15,439.85,440.0,10196,ITC
2025-01-23 14:28:00+05:30,440.0,440.1,439.9,440.1,15042,ITC
2025-01-23 14:29:00+05:30,440.1,440.2,440.05,440.2,26234,ITC
2025-01-23 14:30:00+05:30,440.2,440.35,440.1,440.35,13664,ITC
2025-01-23 14:31:00+05:30,440.3,440.4,440.2,440.4,15162,ITC
2025-01-23 14:32:00+05:30,440.4,440.45,440.2,440.3,14361,ITC
2025-01-23 14:33:00+05:30,440.3,440.3,440.05,440.2,11987,ITC
2025-01-23 14:34:00+05:30,440.3,440.35,440.15,440.3,23961,ITC
2025-01-23 14:35:00+05:30,440.3,440.3,439.95,440.15,25467,ITC
2025-01-23 14:36:00+05:30,440.0,440.15,439.55,439.8,24153,ITC
2025-01-23 14:37:00+05:30,439.8,439.85,439.45,439.8,25371,ITC
2025-01-23 14:38:00+05:30,439.8,439.8,439.5,439.7,15386,ITC
2025-01-23 14:39:00+05:30,439.7,439.95,439.6,439.95,7481,ITC
2025-01-23 14:40:00+05:30,439.95,439.95,439.6,439.85,16845,ITC
2025-01-23 14:41:00+05:30,439.8,440.0,439.7,439.8,13107,ITC
2025-01-23 14:42:00+05:30,440.0,440.0,439.65,439.85,10967,ITC
2025-01-23 14:43:00+05:30,439.8,440.0,439.7,439.9,7064,ITC
2025-01-23 14:44:00+05:30,439.9,440.0,439.7,439.95,10597,ITC
2025-01-23 14:45:00+05:30,440.0,440.0,439.55,439.9,8399,ITC
2025-01-23 14:46:00+05:30,439.9,439.95,439.7,439.85,16037,ITC
2025-01-23 14:47:00+05:30,439.85,439.9,439.6,439.8,8529,ITC
2025-01-23 14:48:00+05:30,439.8,439.8,439.6,439.65,9839,ITC
2025-01-23 14:49:00+05:30,439.8,440.0,439.6,439.9,51140,ITC
2025-01-23 14:50:00+05:30,439.9,439.95,439.7,439.95,14927,ITC
2025-01-23 14:51:00+05:30,439.95,440.0,439.7,439.7,25083,ITC
2025-01-23 14:52:00+05:30,439.9,440.0,439.7,439.95,28231,ITC
2025-01-23 14:53:00+05:30,439.95,440.0,439.75,440.0,40098,ITC
2025-01-23 14:54:00+05:30,440.0,440.15,439.75,439.8,122016,ITC
2025-01-23 14:55:00+05:30,439.85,440.2,439.65,439.85,43693,ITC
2025-01-23 14:56:00+05:30,439.85,440.15,439.65,440.05,51358,ITC
2025-01-23 14:57:00+05:30,440.05,440.3,439.9,440.1,38903,ITC
2025-01-23 14:58:00+05:30,440.1,440.1,439.75,439.95,21527,ITC
2025-01-23 14:59:00+05:30,439.95,440.2,439.7,440.2,42311,ITC
2025-01-23 15:00:00+05:30,440.2,440.6,439.95,440.6,41815,ITC
2025-01-23 15:01:00+05:30,440.6,440.85,440.3,440.75,44031,ITC
2025-01-23 15:02:00+05:30,440.7,440.85,440.35,440.75,36248,ITC
2025-01-23 15:03:00+05:30,440.75,440.85,440.5,440.75,26791,ITC
2025-01-23 15:04:00+05:30,440.75,440.9,440.6,440.75,21961,ITC
2025-01-23 15:05:00+05:30,440.75,440.95,440.45,440.65,29843,ITC
2025-01-23 15:06:00+05:30,440.75,440.75,440.3,440.3,31327,ITC
2025-01-23 15:07:00+05:30,440.45,440.65,440.35,440.55,26521,ITC
2025-01-23 15:08:00+05:30,440.55,440.65,440.35,440.45,32501,ITC
2025-01-23 15:09:00+05:30,440.45,440.55,440.15,440.25,30373,ITC
2025-01-23 15:10:00+05:30,440.3,440.3,439.1,439.7,223100,ITC
2025-01-23 15:11:00+05:30,439.8,439.9,439.5,439.75,37121,ITC
2025-01-23 15:12:00+05:30,439.7,439.95,439.55,439.75,44931,ITC
2025-01-23 15:13:00+05:30,439.85,440.0,439.7,439.95,33497,ITC
2025-01-23 15:14:00+05:30,440.0,440.35,439.85,440.15,43795,ITC
2025-01-23 15:15:00+05:30,440.3,440.4,439.9,440.35,42329,ITC
2025-01-23 15:16:00+05:30,440.35,440.75,440.25,440.6,49210,ITC
2025-01-23 15:17:00+05:30,440.75,440.75,440.1,440.4,77696,ITC
2025-01-23 15:18:00+05:30,440.45,440.65,440.15,440.45,34868,ITC
2025-01-23 15:19:00+05:30,440.65,440.65,440.3,440.55,29966,ITC
2025-01-23 15:20:00+05:30,440.55,440.65,440.05,440.45,49058,ITC
2025-01-23 15:21:00+05:30,440.45,440.65,440.25,440.35,25633,ITC
2025-01-23 15:22:00+05:30,440.5,440.65,439.95,440.35,43083,ITC
2025-01-23 15:23:00+05:30,440.35,440.5,439.9,440.3,36696,ITC
2025-01-23 15:24:00+05:30,440.3,440.55,440.15,440.4,31929,ITC
2025-01-23 15:25:00+05:30,440.3,440.5,440.2,440.5,33268,ITC
2025-01-23 15:26:00+05:30,440.45,440.7,440.2,440.45,23979,ITC
2025-01-23 15:27:00+05:30,440.45,440.65,440.15,440.5,33885,ITC
2025-01-23 15:28:00+05:30,440.4,440.75,440.35,440.65,13567,ITC
2025-01-23 15:29:00+05:30,440.65,440.75,440.1,440.45,9456,ITC
2025-01-24 09:15:00+05:30,439.4,441.1,439.35,440.95,35191,ITC
2025-01-24 09:16:00+05:30,440.8,441.35,440.5,440.85,15616,ITC
2025-01-24 09:17:00+05:30,441.0,441.4,440.35,441.1,16406,ITC
2025-01-24 09:18:00+05:30,441.15,441.4,441.0,441.2,9400,ITC
2025-01-24 09:19:00+05:30,441.2,441.65,441.05,441.35,16582,ITC
2025-01-24 09:20:00+05:30,441.35,441.65,441.15,441.2,9873,ITC
2025-01-24 09:21:00+05:30,441.35,441.4,441.1,441.2,7803,ITC
2025-01-24 09:22:00+05:30,441.3,441.35,440.6,441.1,36626,ITC
2025-01-24 09:23:00+05:30,441.25,441.25,440.6,441.0,11875,ITC
2025-01-24 09:24:00+05:30,441.05,441.2,440.7,440.9,8239,ITC
2025-01-24 09:25:00+05:30,440.9,441.3,440.3,441.3,28873,ITC
2025-01-24 09:26:00+05:30,441.3,441.3,440.9,441.05,12951,ITC
2025-01-24 09:27:00+05:30,441.05,441.65,440.85,441.45,16313,ITC
2025-01-24 09:28:00+05:30,441.5,442.35,441.4,441.7,51716,ITC
2025-01-24 09:29:00+05:30,441.7,441.8,440.1,440.6,41695,ITC
2025-01-24 09:30:00+05:30,440.6,441.0,440.3,440.7,11515,ITC
2025-01-24 09:31:00+05:30,440.7,441.15,440.45,441.05,46751,ITC
2025-01-24 09:32:00+05:30,441.05,441.1,440.75,441.0,8904,ITC
2025-01-24 09:33:00+05:30,441.0,441.0,440.65,440.95,4587,ITC
2025-01-24 09:34:00+05:30,441.0,441.0,440.75,440.9,4590,ITC
2025-01-24 09:35:00+05:30,440.9,441.35,440.8,441.35,4739,ITC
2025-01-24 09:36:00+05:30,441.3,441.35,440.75,441.0,8750,ITC
2025-01-24 09:37:00+05:30,441.0,441.1,440.75,441.1,10286,ITC
2025-01-24 09:38:00+05:30,441.05,441.05,440.4,440.6,6634,ITC
2025-01-24 09:39:00+05:30,440.6,440.75,440.35,440.6,5929,ITC
2025-01-24 09:40:00+05:30,440.7,440.75,440.4,440.7,8332,ITC
2025-01-24 09:41:00+05:30,440.7,440.8,440.25,440.25,12370,ITC
2025-01-24 09:42:00+05:30,440.4,440.7,440.15,440.65,10787,ITC
2025-01-24 09:43:00+05:30,440.65,441.05,440.55,440.8,10192,ITC
2025-01-24 09:44:00+05:30,440.8,441.3,440.8,441.05,21678,ITC
2025-01-24 09:45:00+05:30,441.05,441.45,440.9,441.3,13508,ITC
2025-01-24 09:46:00+05:30,441.4,441.5,441.15,441.3,11246,ITC
2025-01-24 09:47:00+05:30,441.2,441.5,441.0,441.25,16985,ITC
2025-01-24 09:48:00+05:30,441.25,441.3,440.85,441.0,26202,ITC
2025-01-24 09:49:00+05:30,441.0,441.1,440.0,440.0,46532,ITC
2025-01-24 09:50:00+05:30,440.15,440.75,440.05,440.6,33291,ITC
2025-01-24 09:51:00+05:30,440.6,440.75,440.25,440.5,25638,ITC
2025-01-24 09:52:00+05:30,440.5,440.7,440.2,440.4,13776,ITC
2025-01-24 09:53:00+05:30,440.4,440.4,439.9,440.2,43129,ITC
2025-01-24 09:54:00+05:30,440.2,440.45,440.0,440.1,23506,ITC
2025-01-24 09:55:00+05:30,440.15,440.8,440.0,440.6,18420,ITC
2025-01-24 09:56:00+05:30,440.6,441.25,440.6,441.1,26316,ITC
2025-01-24 09:57:00+05:30,441.1,441.2,440.65,441.1,18929,ITC
2025-01-24 09:58:00+05:30,441.1,441.15,440.65,440.85,6977,ITC
2025-01-24 09:59:00+05:30,440.85,441.0,440.55,440.8,5172,ITC
2025-01-24 10:00:00+05:30,440.8,440.8,440.15,440.65,15529,ITC
2025-01-24 10:01:00+05:30,440.65,440.85,440.4,440.8,9168,ITC
2025-01-24 10:02:00+05:30,440.65,440.9,440.6,440.85,10564,ITC
2025-01-24 10:03:00+05:30,440.85,440.9,440.45,440.9,11224,ITC
2025-01-24 10:04:00+05:30,440.9,441.35,440.7,441.1,45447,ITC
2025-01-24 10:05:00+05:30,441.1,441.1,440.8,440.95,9711,ITC
2025-01-24 10:06:00+05:30,440.95,441.0,440.6,440.85,8380,ITC
2025-01-24 10:07:00+05:30,440.85,441.0,440.75,441.0,3618,ITC
2025-01-24 10:08:00+05:30,441.0,441.3,440.85,441.2,13433,ITC
2025-01-24 10:09:00+05:30,441.25,441.25,440.65,440.95,8416,ITC
2025-01-24 10:10:00+05:30,440.95,441.35,440.8,441.2,8027,ITC
2025-01-24 10:11:00+05:30,441.2,441.5,441.1,441.35,15263,ITC
2025-01-24 10:12:00+05:30,441.4,441.5,441.05,441.2,10367,ITC
2025-01-24 10:13:00+05:30,441.2,441.4,441.1,441.3,4877,ITC
2025-01-24 10:14:00+05:30,441.25,441.35,440.9,441.0,11658,ITC
2025-01-24 10:15:00+05:30,441.0,441.15,440.75,441.0,4271,ITC
2025-01-24 10:16:00+05:30,440.9,440.95,440.4,440.55,7531,ITC
2025-01-24 10:17:00+05:30,440.45,440.7,440.45,440.5,7938,ITC
2025-01-24 10:18:00+05:30,440.5,440.6,440.15,440.25,7518,ITC
2025-01-24 10:19:00+05:30,440.25,440.7,440.25,440.7,6656,ITC
2025-01-24 10:20:00+05:30,440.7,440.75,439.4,439.45,19133,ITC
2025-01-24 10:21:00+05:30,439.4,439.65,439.1,439.1,16110,ITC
2025-01-24 10:22:00+05:30,439.2,439.6,439.05,439.55,9461,ITC
2025-01-24 10:23:00+05:30,439.5,439.75,439.35,439.7,5061,ITC
2025-01-24 10:24:00+05:30,439.7,440.1,439.45,440.05,6113,ITC
2025-01-24 10:25:00+05:30,440.05,440.55,439.9,440.55,9353,ITC
2025-01-24 10:26:00+05:30,440.5,440.7,440.25,440.45,6550,ITC
2025-01-24 10:27:00+05:30,440.65,441.0,440.65,441.0,9558,ITC
2025-01-24 10:28:00+05:30,440.95,441.1,440.8,441.0,6964,ITC
2025-01-24 10:29:00+05:30,440.95,441.2,440.85,441.15,8105,ITC
2025-01-24 10:30:00+05:30,441.1,441.2,440.85,441.1,5193,ITC
2025-01-24 10:31:00+05:30,441.15,441.35,440.95,441.2,9032,ITC
2025-01-24 10:32:00+05:30,440.95,441.2,440.85,441.15,5229,ITC
2025-01-24 10:33:00+05:30,441.15,441.35,440.95,441.3,11268,ITC
2025-01-24 10:34:00+05:30,441.3,441.35,441.1,441.1,3237,ITC
2025-01-24 10:35:00+05:30,441.1,441.1,440.8,440.95,9823,ITC
2025-01-24 10:36:00+05:30,440.85,441.35,440.8,441.3,6951,ITC
2025-01-24 10:37:00+05:30,441.35,441.45,441.1,441.1,7812,ITC
2025-01-24 10:38:00+05:30,441.3,441.7,441.15,441.35,7445,ITC
2025-01-24 10:39:00+05:30,441.35,441.7,441.3,441.35,5523,ITC
2025-01-24 10:40:00+05:30,441.35,441.5,441.15,441.35,4774,ITC
2025-01-24 10:41:00+05:30,441.35,441.55,441.2,441.4,3092,ITC
2025-01-24 10:42:00+05:30,441.45,441.6,441.35,441.35,3694,ITC
2025-01-24 10:43:00+05:30,441.35,441.55,441.35,441.4,4039,ITC
2025-01-24 10:44:00+05:30,441.45,441.6,441.2,441.35,5043,ITC
2025-01-24 10:45:00+05:30,441.35,441.45,441.05,441.05,8729,ITC
2025-01-24 10:46:00+05:30,441.2,441.2,440.9,441.1,8388,ITC
2025-01-24 10:47:00+05:30,441.1,441.2,440.9,441.0,7910,ITC
2025-01-24 10:48:00+05:30,440.9,441.2,440.9,441.2,4790,ITC
2025-01-24 10:49:00+05:30,441.1,441.3,441.05,441.3,5890,ITC
2025-01-24 10:50:00+05:30,441.25,441.3,441.0,441.15,3315,ITC
2025-01-24 10:51:00+05:30,441.1,441.15,440.95,441.1,3285,ITC
2025-01-24 10:52:00+05:30,441.0,441.15,440.9,441.15,3442,ITC
2025-01-24 10:53:00+05:30,441.15,441.2,440.9,441.05,5134,ITC
2025-01-24 10:54:00+05:30,441.1,441.15,440.95,441.15,4374,ITC
2025-01-24 10:55:00+05:30,441.15,441.4,441.1,441.4,4421,ITC
2025-01-24 10:56:00+05:30,441.4,441.45,441.2,441.3,4156,ITC
2025-01-24 10:57:00+05:30,441.3,441.5,441.25,441.4,3005,ITC
2025-01-24 10:58:00+05:30,441.4,441.5,441.25,441.5,3360,ITC
2025-01-24 10:59:00+05:30,441.35,441.6,441.25,441.6,7202,ITC
2025-01-24 11:00:00+05:30,441.55,441.6,441.5,441.5,5718,ITC
2025-01-24 11:01:00+05:30,441.5,441.55,441.35,441.4,19782,ITC
2025-01-24 11:02:00+05:30,441.4,441.8,441.4,441.7,9213,ITC
2025-01-24 11:03:00+05:30,441.7,442.0,441.6,441.85,27932,ITC
2025-01-24 11:04:00+05:30,441.85,442.0,441.55,441.65,56582,ITC
2025-01-24 11:05:00+05:30,441.7,442.05,441.55,441.9,37619,ITC
2025-01-24 11:06:00+05:30,441.75,442.0,441.45,441.75,46885,ITC
2025-01-24 11:07:00+05:30,441.75,441.95,441.65,441.8,4931,ITC
2025-01-24 11:08:00+05:30,441.75,442.15,441.75,442.15,13296,ITC
2025-01-24 11:09:00+05:30,442.1,442.55,442.0,442.3,130704,ITC
2025-01-24 11:10:00+05:30,442.1,442.3,442.0,442.1,6944,ITC
2025-01-24 11:11:00+05:30,442.0,442.1,441.65,441.9,25896,ITC
2025-01-24 11:12:00+05:30,441.85,442.25,441.85,442.05,4934,ITC
2025-01-24 11:13:00+05:30,442.1,442.5,442.1,442.35,8622,ITC
2025-01-24 11:14:00+05:30,442.35,442.8,442.35,442.65,11547,ITC
2025-01-24 11:15:00+05:30,442.65,442.8,442.6,442.6,8677,ITC
2025-01-24 11:16:00+05:30,442.6,442.7,442.35,442.55,8903,ITC
2025-01-24 11:17:00+05:30,442.55,442.7,442.4,442.65,5827,ITC
2025-01-24 11:18:00+05:30,442.55,443.4,442.55,443.05,68842,ITC
2025-01-24 11:19:00+05:30,443.05,443.15,442.6,442.95,29915,ITC
2025-01-24 11:20:00+05:30,442.9,443.15,442.55,442.65,37982,ITC
2025-01-24 11:21:00+05:30,442.65,443.05,442.4,442.4,68237,ITC
2025-01-24 11:22:00+05:30,442.4,442.8,442.4,442.65,6384,ITC
2025-01-24 11:23:00+05:30,442.55,442.75,442.5,442.55,8370,ITC
2025-01-24 11:24:00+05:30,442.45,442.65,442.2,442.5,14210,ITC
2025-01-24 11:25:00+05:30,442.45,442.7,442.45,442.5,9680,ITC
2025-01-24 11:26:00+05:30,442.45,442.45,442.05,442.15,17997,ITC
2025-01-24 11:27:00+05:30,442.15,442.3,441.85,441.9,10983,ITC
2025-01-24 11:28:00+05:30,441.85,442.3,441.8,442.2,17539,ITC
2025-01-24 11:29:00+05:30,442.2,442.3,442.05,442.05,14934,ITC
2025-01-24 11:30:00+05:30,442.05,442.55,442.05,442.55,35128,ITC
2025-01-24 11:31:00+05:30,442.4,442.55,442.3,442.5,15838,ITC
2025-01-24 11:32:00+05:30,442.5,442.65,442.5,442.5,10100,ITC
2025-01-24 11:33:00+05:30,442.5,442.75,442.5,442.55,26379,ITC
2025-01-24 11:34:00+05:30,442.5,442.7,442.5,442.6,6140,ITC
2025-01-24 11:35:00+05:30,442.55,442.75,442.35,442.7,9133,ITC
2025-01-24 11:36:00+05:30,442.55,442.8,442.5,442.6,8460,ITC
2025-01-24 11:37:00+05:30,442.55,442.75,442.5,442.7,8064,ITC
2025-01-24 11:38:00+05:30,442.6,442.8,442.5,442.8,5975,ITC
2025-01-24 11:39:00+05:30,442.6,442.9,442.5,442.75,5412,ITC
2025-01-24 11:40:00+05:30,442.7,442.85,442.55,442.75,6353,ITC
2025-01-24 11:41:00+05:30,442.65,442.95,442.6,442.85,4765,ITC
2025-01-24 11:42:00+05:30,442.85,443.75,442.75,443.35,45503,ITC
2025-01-24 11:43:00+05:30,443.3,443.65,443.25,443.3,8782,ITC
2025-01-24 11:44:00+05:30,443.3,443.6,443.3,443.55,6794,ITC
2025-01-24 11:45:00+05:30,443.5,443.85,443.5,443.85,19140,ITC
2025-01-24 11:46:00+05:30,443.65,443.8,443.55,443.65,18313,ITC
2025-01-24 11:47:00+05:30,443.65,444.0,443.65,443.65,17965,ITC
2025-01-24 11:48:00+05:30,443.65,443.9,443.65,443.8,6626,ITC
2025-01-24 11:49:00+05:30,443.8,444.25,443.8,444.05,34038,ITC
2025-01-24 11:50:00+05:30,444.05,444.2,443.8,443.85,29270,ITC
2025-01-24 11:51:00+05:30,443.85,444.15,443.8,443.9,15800,ITC
2025-01-24 11:52:00+05:30,443.85,444.45,443.85,444.25,22506,ITC
2025-01-24 11:53:00+05:30,444.25,444.8,444.2,444.7,38060,ITC
2025-01-24 11:54:00+05:30,444.7,445.0,444.45,444.5,58403,ITC
2025-01-24 11:55:00+05:30,444.5,444.7,444.15,444.4,38078,ITC
2025-01-24 11:56:00+05:30,444.35,444.85,444.35,444.55,32921,ITC
2025-01-24 11:57:00+05:30,444.5,444.95,444.5,444.7,29472,ITC
2025-01-24 11:58:00+05:30,444.65,444.7,444.05,444.05,26644,ITC
2025-01-24 11:59:00+05:30,444.1,444.3,444.0,444.0,22062,ITC
2025-01-24 12:00:00+05:30,444.0,444.2,444.0,444.0,18085,ITC
2025-01-24 12:01:00+05:30,444.0,444.45,444.0,444.05,27024,ITC
2025-01-24 12:02:00+05:30,444.05,444.25,443.9,444.0,32958,ITC
2025-01-24 12:03:00+05:30,444.0,444.25,443.9,444.0,25079,ITC
2025-01-24 12:04:00+05:30,444.0,444.05,443.4,443.55,83647,ITC
2025-01-24 12:05:00+05:30,443.55,443.95,443.25,443.45,34888,ITC
2025-01-24 12:06:00+05:30,443.45,443.7,443.2,443.35,19041,ITC
2025-01-24 12:07:00+05:30,443.35,443.7,443.35,443.45,18446,ITC
2025-01-24 12:08:00+05:30,443.45,443.6,443.05,443.1,14019,ITC
2025-01-24 12:09:00+05:30,443.1,443.1,442.65,442.95,34720,ITC
2025-01-24 12:10:00+05:30,442.95,443.15,442.6,442.95,13586,ITC
2025-01-24 12:11:00+05:30,442.8,443.2,442.6,442.8,21261,ITC
2025-01-24 12:12:00+05:30,442.8,443.3,442.8,443.15,21468,ITC
2025-01-24 12:13:00+05:30,443.15,443.35,442.85,442.95,19053,ITC
2025-01-24 12:14:00+05:30,442.95,443.4,442.95,443.35,17431,ITC
2025-01-24 12:15:00+05:30,443.35,443.55,443.15,443.2,18806,ITC
2025-01-24 12:16:00+05:30,443.2,443.5,443.0,443.3,26188,ITC
2025-01-24 12:17:00+05:30,443.3,444.0,443.3,443.6,18084,ITC
2025-01-24 12:18:00+05:30,443.6,443.8,443.3,443.5,18307,ITC
2025-01-24 12:19:00+05:30,443.5,443.9,443.05,443.5,2047759,ITC
2025-01-24 12:20:00+05:30,443.55,443.7,443.35,443.5,20923,ITC
2025-01-24 12:21:00+05:30,443.5,443.7,443.25,443.35,26219,ITC
2025-01-24 12:22:00+05:30,443.35,443.7,443.3,443.3,12571,ITC
2025-01-24 12:23:00+05:30,443.35,443.5,443.25,443.3,10833,ITC
2025-01-24 12:24:00+05:30,443.3,443.6,443.3,443.35,10731,ITC
2025-01-24 12:25:00+05:30,443.4,443.65,443.35,443.35,5410,ITC
2025-01-24 12:26:00+05:30,443.35,443.6,443.25,443.4,16446,ITC
2025-01-24 12:27:00+05:30,443.3,443.45,443.25,443.3,10421,ITC
2025-01-24 12:28:00+05:30,443.45,443.55,443.15,443.3,13158,ITC
2025-01-24 12:29:00+05:30,443.35,443.55,443.25,443.25,14427,ITC
2025-01-24 12:30:00+05:30,443.25,443.5,443.25,443.25,10233,ITC
2025-01-24 12:31:00+05:30,443.25,443.5,443.25,443.25,11941,ITC
2025-01-24 12:32:00+05:30,443.3,443.55,443.25,443.3,9604,ITC
2025-01-24 12:33:00+05:30,443.3,443.45,442.9,443.35,43179,ITC
2025-01-24 12:34:00+05:30,443.25,443.5,443.15,443.25,9138,ITC
2025-01-24 12:35:00+05:30,443.3,443.45,443.2,443.25,25721,ITC
2025-01-24 12:36:00+05:30,443.2,443.25,442.7,442.75,33978,ITC
2025-01-24 12:37:00+05:30,442.75,443.2,442.75,442.8,29303,ITC
2025-01-24 12:38:00+05:30,442.8,443.35,442.8,443.25,18488,ITC
2025-01-24 12:39:00+05:30,443.25,443.4,443.05,443.25,17163,ITC
2025-01-24 12:40:00+05:30,443.25,443.35,443.25,443.25,14043,ITC
2025-01-24 12:41:00+05:30,443.25,443.4,442.8,442.8,29714,ITC
2025-01-24 12:42:00+05:30,442.8,443.2,442.6,443.0,17898,ITC
2025-01-24 12:43:00+05:30,443.0,443.2,442.7,442.7,21591,ITC
2025-01-24 12:44:00+05:30,442.7,443.1,442.6,442.6,23126,ITC
2025-01-24 12:45:00+05:30,442.6,442.8,442.15,442.35,34614,ITC
2025-01-24 12:46:00+05:30,442.35,442.75,442.3,442.4,21536,ITC
2025-01-24 12:47:00+05:30,442.4,442.9,442.4,442.5,22725,ITC
2025-01-24 12:48:00+05:30,442.5,443.0,442.4,442.65,29218,ITC
2025-01-24 12:49:00+05:30,442.55,442.95,442.4,442.65,20951,ITC
2025-01-24 12:50:00+05:30,442.65,443.1,442.65,442.75,19957,ITC
2025-01-24 12:51:00+05:30,442.75,443.05,442.55,442.65,35042,ITC
2025-01-24 12:52:00+05:30,442.65,443.0,442.6,442.6,20263,ITC
2025-01-24 12:53:00+05:30,442.65,443.15,442.5,442.5,23151,ITC
2025-01-24 12:54:00+05:30,442.5,443.05,442.5,443.05,24588,ITC
2025-01-24 12:55:00+05:30,442.85,443.5,442.85,443.35,22488,ITC
2025-01-24 12:56:00+05:30,443.3,443.5,443.25,443.25,8113,ITC
2025-01-24 12:57:00+05:30,443.25,443.5,443.25,443.25,10155,ITC
2025-01-24 12:58:00+05:30,443.25,443.55,443.25,443.5,13424,ITC
2025-01-24 12:59:00+05:30,443.3,443.55,443.25,443.3,12056,ITC
2025-01-24 13:00:00+05:30,443.3,443.35,442.65,442.8,48034,ITC
2025-01-24 13:01:00+05:30,442.8,443.25,442.8,443.15,30597,ITC
2025-01-24 13:02:00+05:30,443.05,443.25,442.85,443.1,11859,ITC
2025-01-24 13:03:00+05:30,443.1,443.45,443.05,443.1,14406,ITC
2025-01-24 13:04:00+05:30,443.1,443.5,442.55,442.65,32699,ITC
2025-01-24 13:05:00+05:30,442.65,442.9,442.25,442.5,33874,ITC
2025-01-24 13:06:00+05:30,442.5,442.8,442.35,442.8,18878,ITC
2025-01-24 13:07:00+05:30,442.55,442.75,442.25,442.4,20063,ITC
2025-01-24 13:08:00+05:30,442.4,442.65,442.2,442.45,18917,ITC
2025-01-24 13:09:00+05:30,442.45,442.5,442.2,442.45,16932,ITC
2025-01-24 13:10:00+05:30,442.3,442.7,442.2,442.5,37470,ITC
2025-01-24 13:11:00+05:30,442.45,443.35,442.45,443.2,22916,ITC
2025-01-24 13:12:00+05:30,443.25,443.5,443.25,443.35,10772,ITC
2025-01-24 13:13:00+05:30,443.35,443.5,443.25,443.3,13503,ITC
2025-01-24 13:14:00+05:30,443.3,443.75,443.3,443.45,40376,ITC
2025-01-24 13:15:00+05:30,443.35,443.6,443.3,443.3,10761,ITC
2025-01-24 13:16:00+05:30,443.3,443.5,443.25,443.25,7224,ITC
2025-01-24 13:17:00+05:30,443.25,443.45,443.2,443.2,16560,ITC
2025-01-24 13:18:00+05:30,443.2,443.25,443.05,443.1,30823,ITC
2025-01-24 13:19:00+05:30,443.1,443.15,442.65,443.0,36181,ITC
2025-01-24 13:20:00+05:30,443.0,443.2,443.0,443.0,12087,ITC
2025-01-24 13:21:00+05:30,443.0,443.25,442.8,443.05,15587,ITC
2025-01-24 13:22:00+05:30,443.05,443.35,443.0,443.25,21788,ITC
2025-01-24 13:23:00+05:30,443.25,443.4,443.15,443.15,10762,ITC
2025-01-24 13:24:00+05:30,443.15,443.3,442.85,443.15,42537,ITC
2025-01-24 13:25:00+05:30,443.15,443.35,443.1,443.25,12051,ITC
2025-01-24 13:26:00+05:30,443.25,443.35,443.25,443.25,11652,ITC
2025-01-24 13:27:00+05:30,443.25,443.5,443.25,443.4,13956,ITC
2025-01-24 13:28:00+05:30,443.4,443.5,443.25,443.25,11873,ITC
2025-01-24 13:29:00+05:30,443.25,443.5,443.25,443.35,17339,ITC
2025-01-24 13:30:00+05:30,443.35,443.5,443.25,443.3,10696,ITC
2025-01-24 13:31:00+05:30,443.3,443.5,443.25,443.3,14420,ITC
2025-01-24 13:32:00+05:30,443.25,443.5,443.05,443.25,28604,ITC
2025-01-24 13:33:00+05:30,443.25,443.3,442.65,442.9,64052,ITC
2025-01-24 13:34:00+05:30,443.0,443.2,442.85,443.1,23503,ITC
2025-01-24 13:35:00+05:30,443.1,443.15,443.0,443.05,16683,ITC
2025-01-24 13:36:00+05:30,443.05,443.15,442.65,442.7,36893,ITC
2025-01-24 13:37:00+05:30,442.65,443.1,442.5,443.0,19790,ITC
2025-01-24 13:38:00+05:30,443.0,443.15,442.9,443.0,10030,ITC
2025-01-24 13:39:00+05:30,443.0,443.15,442.9,443.05,17680,ITC
2025-01-24 13:40:00+05:30,443.05,443.25,443.05,443.05,13471,ITC
2025-01-24 13:41:00+05:30,443.15,443.4,443.15,443.25,16052,ITC
2025-01-24 13:42:00+05:30,443.3,443.35,443.2,443.3,14391,ITC
2025-01-24 13:43:00+05:30,443.3,443.35,442.85,443.15,17674,ITC
2025-01-24 13:44:00+05:30,443.15,443.4,443.15,443.25,18173,ITC
2025-01-24 13:45:00+05:30,443.25,443.4,443.25,443.25,10159,ITC
2025-01-24 13:46:00+05:30,443.25,443.4,443.2,443.25,20069,ITC
2025-01-24 13:47:00+05:30,443.25,443.5,443.05,443.05,48199,ITC
2025-01-24 13:48:00+05:30,443.05,443.35,443.05,443.25,14742,ITC
2025-01-24 13:49:00+05:30,443.25,443.45,443.25,443.25,9807,ITC
2025-01-24 13:50:00+05:30,443.25,443.5,443.25,443.35,9866,ITC
2025-01-24 13:51:00+05:30,443.35,443.9,443.35,443.7,21667,ITC
2025-01-24 13:52:00+05:30,443.85,443.95,443.65,443.75,15815,ITC
2025-01-24 13:53:00+05:30,443.8,444.0,443.65,443.65,23097,ITC
2025-01-24 13:54:00+05:30,443.8,443.8,443.45,443.5,19713,ITC
2025-01-24 13:55:00+05:30,443.5,443.75,443.4,443.45,11229,ITC
2025-01-24 13:56:00+05:30,443.45,443.7,443.35,443.4,12121,ITC
2025-01-24 13:57:00+05:30,443.4,443.6,443.25,443.25,12835,ITC
2025-01-24 13:58:00+05:30,443.25,443.55,443.25,443.3,9978,ITC
2025-01-24 13:59:00+05:30,443.35,443.6,443.3,443.4,8081,ITC
2025-01-24 14:00:00+05:30,443.45,443.65,443.25,443.45,10629,ITC
2025-01-24 14:01:00+05:30,443.45,443.8,443.4,443.6,14932,ITC
2025-01-24 14:02:00+05:30,443.5,443.75,443.25,443.55,13696,ITC
2025-01-24 14:03:00+05:30,443.5,443.8,443.45,443.55,15838,ITC
2025-01-24 14:04:00+05:30,443.55,444.0,443.45,444.0,16352,ITC
2025-01-24 14:05:00+05:30,443.95,444.2,443.8,443.95,62616,ITC
2025-01-24 14:06:00+05:30,443.95,444.15,443.55,443.65,17594,ITC
2025-01-24 14:07:00+05:30,443.65,443.8,443.45,443.5,10135,ITC
2025-01-24 14:08:00+05:30,443.5,443.6,443.35,443.4,9857,ITC
2025-01-24 14:09:00+05:30,443.35,443.65,443.25,443.3,14395,ITC
2025-01-24 14:10:00+05:30,443.3,443.5,443.25,443.3,17432,ITC
2025-01-24 14:11:00+05:30,443.3,443.5,443.25,443.3,9634,ITC
2025-01-24 14:12:00+05:30,443.3,443.5,442.65,442.75,64679,ITC
2025-01-24 14:13:00+05:30,442.8,443.05,442.5,442.6,12813,ITC
2025-01-24 14:14:00+05:30,442.6,442.75,442.25,442.4,19169,ITC
2025-01-24 14:15:00+05:30,442.35,442.6,442.05,442.05,18700,ITC
2025-01-24 14:16:00+05:30,442.0,442.15,441.75,441.95,17903,ITC
2025-01-24 14:17:00+05:30,442.0,442.2,441.9,441.9,10450,ITC
2025-01-24 14:18:00+05:30,441.95,442.15,441.85,442.05,15537,ITC
2025-01-24 14:19:00+05:30,442.1,442.35,442.05,442.1,11231,ITC
2025-01-24 14:20:00+05:30,442.1,442.4,442.05,442.35,10871,ITC
2025-01-24 14:21:00+05:30,442.25,442.7,442.2,442.35,11948,ITC
2025-01-24 14:22:00+05:30,442.4,442.7,442.25,442.45,11111,ITC
2025-01-24 14:23:00+05:30,442.45,442.6,442.35,442.4,6522,ITC
2025-01-24 14:24:00+05:30,442.45,442.75,442.3,442.45,11321,ITC
2025-01-24 14:25:00+05:30,442.45,442.7,442.3,442.45,11305,ITC
2025-01-24 14:26:00+05:30,442.5,442.9,442.45,442.85,9665,ITC
2025-01-24 14:27:00+05:30,442.75,442.95,442.65,442.85,11366,ITC
2025-01-24 14:28:00+05:30,442.8,442.9,442.65,442.7,10290,ITC
2025-01-24 14:29:00+05:30,442.7,442.95,442.7,442.75,12415,ITC
2025-01-24 14:30:00+05:30,442.8,443.0,442.75,442.9,10673,ITC
2025-01-24 14:31:00+05:30,442.85,443.0,442.6,442.6,15863,ITC
2025-01-24 14:32:00+05:30,442.6,443.0,442.55,442.7,13483,ITC
2025-01-24 14:33:00+05:30,442.75,443.25,442.7,443.25,28264,ITC
2025-01-24 14:34:00+05:30,443.1,443.35,442.8,442.9,23481,ITC
2025-01-24 14:35:00+05:30,442.9,443.05,442.7,442.75,10888,ITC
2025-01-24 14:36:00+05:30,442.75,443.0,442.6,442.65,16669,ITC
2025-01-24 14:37:00+05:30,442.65,442.75,442.25,442.3,37062,ITC
2025-01-24 14:38:00+05:30,442.3,442.5,441.7,441.75,39187,ITC
2025-01-24 14:39:00+05:30,441.75,441.9,441.3,441.4,37847,ITC
2025-01-24 14:40:00+05:30,441.45,441.7,441.3,441.65,40037,ITC
2025-01-24 14:41:00+05:30,441.55,441.7,441.25,441.3,40013,ITC
2025-01-24 14:42:00+05:30,441.35,441.65,440.65,440.95,44789,ITC
2025-01-24 14:43:00+05:30,440.9,441.35,440.6,441.05,71175,ITC
2025-01-24 14:44:00+05:30,441.0,441.3,440.85,441.25,33157,ITC
2025-01-24 14:45:00+05:30,441.3,441.4,440.85,441.1,32393,ITC
2025-01-24 14:46:00+05:30,441.25,441.25,440.55,440.8,33965,ITC
2025-01-24 14:47:00+05:30,440.9,441.15,440.75,440.8,45108,ITC
2025-01-24 14:48:00+05:30,440.95,440.95,440.4,440.65,54731,ITC
2025-01-24 14:49:00+05:30,440.55,440.75,440.25,440.3,60644,ITC
2025-01-24 14:50:00+05:30,440.45,440.8,440.3,440.65,38373,ITC
2025-01-24 14:51:00+05:30,440.65,440.65,440.25,440.35,38439,ITC
2025-01-24 14:52:00+05:30,440.35,440.5,440.15,440.5,42486,ITC
2025-01-24 14:53:00+05:30,440.5,440.95,440.25,440.85,40923,ITC
2025-01-24 14:54:00+05:30,440.75,441.45,440.6,441.35,66105,ITC
2025-01-24 14:55:00+05:30,441.35,441.45,440.7,440.9,46925,ITC
2025-01-24 14:56:00+05:30,440.9,441.05,440.55,441.0,49861,ITC
2025-01-24 14:57:00+05:30,441.0,441.1,440.6,441.1,46074,ITC
2025-01-24 14:58:00+05:30,441.1,441.35,440.7,441.35,45457,ITC
2025-01-24 14:59:00+05:30,441.35,441.55,441.05,441.2,31976,ITC
2025-01-24 15:00:00+05:30,441.35,442.0,441.25,441.45,34665,ITC
2025-01-24 15:01:00+05:30,441.4,441.85,441.2,441.35,20175,ITC
2025-01-24 15:02:00+05:30,441.35,441.65,441.2,441.45,20003,ITC
2025-01-24 15:03:00+05:30,441.35,441.55,441.25,441.25,14321,ITC
2025-01-24 15:04:00+05:30,441.35,441.35,441.2,441.35,7236,ITC
2025-01-24 15:05:00+05:30,441.3,441.45,441.2,441.35,11933,ITC
2025-01-24 15:06:00+05:30,441.4,441.7,441.4,441.5,26465,ITC
2025-01-24 15:07:00+05:30,441.5,441.55,441.25,441.5,47393,ITC
2025-01-24 15:08:00+05:30,441.5,441.65,441.3,441.5,13973,ITC
2025-01-24 15:09:00+05:30,441.55,441.8,441.5,441.65,13284,ITC
2025-01-24 15:10:00+05:30,441.75,441.8,441.3,441.4,22534,ITC
2025-01-24 15:11:00+05:30,441.4,441.65,441.35,441.5,17599,ITC
2025-01-24 15:12:00+05:30,441.4,441.5,441.15,441.35,12457,ITC
2025-01-24 15:13:00+05:30,441.45,441.5,441.25,441.4,13853,ITC
2025-01-24 15:14:00+05:30,441.35,441.5,441.25,441.3,19080,ITC
2025-01-24 15:15:00+05:30,441.3,441.65,441.2,441.55,44700,ITC
2025-01-24 15:16:00+05:30,441.55,441.65,441.0,441.6,70600,ITC
2025-01-24 15:17:00+05:30,441.6,441.6,441.45,441.45,23149,ITC
2025-01-24 15:18:00+05:30,441.5,441.65,441.3,441.65,41842,ITC
2025-01-24 15:19:00+05:30,441.6,441.8,441.55,441.8,22086,ITC
2025-01-24 15:20:00+05:30,441.8,442.0,441.4,441.5,53169,ITC
2025-01-24 15:21:00+05:30,441.45,441.65,441.45,441.65,21583,ITC
2025-01-24 15:22:00+05:30,441.6,441.85,441.5,441.85,34421,ITC
2025-01-24 15:23:00+05:30,441.85,442.0,441.7,441.9,22822,ITC
2025-01-24 15:24:00+05:30,441.9,442.0,441.65,441.8,28560,ITC
2025-01-24 15:25:00+05:30,441.9,442.0,441.65,441.95,27181,ITC
2025-01-24 15:26:00+05:30,441.8,442.15,441.8,442.0,49607,ITC
2025-01-24 15:27:00+05:30,442.0,442.05,441.65,441.85,32405,ITC
2025-01-24 15:28:00+05:30,441.9,441.95,441.5,441.85,52547,ITC
2025-01-24 15:29:00+05:30,441.85,442.0,441.2,441.4,26674,ITC
2025-01-27 09:15:00+05:30,440.8,442.2,439.2,442.1,102252,ITC
2025-01-27 09:16:00+05:30,442.2,442.2,440.35,441.0,30486,ITC
2025-01-27 09:17:00+05:30,441.2,441.6,440.6,441.45,28167,ITC
2025-01-27 09:18:00+05:30,441.35,441.6,440.85,441.4,33393,ITC
2025-01-27 09:19:00+05:30,441.4,441.7,440.75,441.6,51133,ITC
2025-01-27 09:20:00+05:30,441.55,441.55,440.35,440.4,20759,ITC
2025-01-27 09:21:00+05:30,440.6,441.0,440.35,440.55,22995,ITC
2025-01-27 09:22:00+05:30,440.7,441.45,440.4,441.35,69299,ITC
2025-01-27 09:23:00+05:30,441.35,441.85,441.2,441.65,21003,ITC
2025-01-27 09:24:00+05:30,441.85,442.0,441.55,441.65,18573,ITC
2025-01-27 09:25:00+05:30,441.7,442.0,441.35,441.75,24715,ITC
2025-01-27 09:26:00+05:30,441.85,441.9,441.2,441.7,20299,ITC
2025-01-27 09:27:00+05:30,441.65,442.45,441.65,442.4,35807,ITC
2025-01-27 09:28:00+05:30,442.4,443.25,442.3,442.9,46200,ITC
2025-01-27 09:29:00+05:30,443.0,443.45,442.75,443.15,38903,ITC
2025-01-27 09:30:00+05:30,443.1,443.5,443.0,443.5,42883,ITC
2025-01-27 09:31:00+05:30,443.5,443.75,443.3,443.6,22594,ITC
2025-01-27 09:32:00+05:30,443.55,443.95,443.5,443.65,24163,ITC
2025-01-27 09:33:00+05:30,443.6,444.2,443.55,444.15,37780,ITC
2025-01-27 09:34:00+05:30,443.95,444.8,443.9,444.45,55494,ITC
2025-01-27 09:35:00+05:30,444.5,445.0,444.2,444.5,55595,ITC
2025-01-27 09:36:00+05:30,444.7,444.85,444.35,444.5,78033,ITC
2025-01-27 09:37:00+05:30,444.6,444.65,444.35,444.4,27675,ITC
2025-01-27 09:38:00+05:30,444.55,444.6,443.4,443.5,47772,ITC
2025-01-27 09:39:00+05:30,443.5,443.75,442.95,443.2,76785,ITC
2025-01-27 09:40:00+05:30,443.25,444.15,443.05,443.9,94423,ITC
2025-01-27 09:41:00+05:30,443.7,444.0,443.2,443.3,46794,ITC
2025-01-27 09:42:00+05:30,443.35,443.6,442.35,442.95,92873,ITC
2025-01-27 09:43:00+05:30,443.0,443.3,442.55,442.75,25605,ITC
2025-01-27 09:44:00+05:30,442.75,443.1,442.4,442.55,53468,ITC
2025-01-27 09:45:00+05:30,442.75,442.75,442.1,442.3,37544,ITC
2025-01-27 09:46:00+05:30,442.3,442.7,442.05,442.35,36362,ITC
2025-01-27 09:47:00+05:30,442.45,442.95,442.35,442.9,34143,ITC
2025-01-27 09:48:00+05:30,442.8,443.05,442.5,442.7,29897,ITC
2025-01-27 09:49:00+05:30,442.7,443.3,442.65,442.9,35563,ITC
2025-01-27 09:50:00+05:30,442.9,443.25,442.7,443.0,34466,ITC
2025-01-27 09:51:00+05:30,443.05,443.2,442.8,443.15,25620,ITC
2025-01-27 09:52:00+05:30,443.15,443.45,443.05,443.35,23477,ITC
2025-01-27 09:53:00+05:30,443.3,443.45,443.1,443.35,34153,ITC
2025-01-27 09:54:00+05:30,443.3,443.45,442.6,442.85,43526,ITC
2025-01-27 09:55:00+05:30,442.75,442.95,442.35,442.8,36524,ITC
2025-01-27 09:56:00+05:30,442.8,443.15,442.7,442.8,22439,ITC
2025-01-27 09:57:00+05:30,442.8,443.4,442.6,443.2,30159,ITC
2025-01-27 09:58:00+05:30,443.2,443.2,442.85,443.0,26093,ITC
2025-01-27 09:59:00+05:30,442.9,443.3,442.55,442.55,34961,ITC
2025-01-27 10:00:00+05:30,442.65,443.15,442.55,442.75,45301,ITC
2025-01-27 10:01:00+05:30,442.7,443.35,442.65,443.35,47804,ITC
2025-01-27 10:02:00+05:30,443.35,443.65,443.0,443.35,34346,ITC
2025-01-27 10:03:00+05:30,443.35,443.7,443.2,443.3,37786,ITC
2025-01-27 10:04:00+05:30,443.3,443.7,442.85,442.95,30028,ITC
2025-01-27 10:05:00+05:30,443.0,443.2,442.5,442.6,22312,ITC
2025-01-27 10:06:00+05:30,442.6,442.9,442.35,442.35,33371,ITC
2025-01-27 10:07:00+05:30,442.45,442.9,442.3,442.75,34378,ITC
2025-01-27 10:08:00+05:30,442.75,442.75,441.55,441.95,45812,ITC
2025-01-27 10:09:00+05:30,441.95,442.0,441.0,441.35,68419,ITC
2025-01-27 10:10:00+05:30,441.35,442.05,441.15,441.9,38156,ITC
2025-01-27 10:11:00+05:30,441.9,441.9,441.6,441.65,8855,ITC
2025-01-27 10:12:00+05:30,441.8,441.8,441.35,441.5,11578,ITC
2025-01-27 10:13:00+05:30,441.4,441.75,441.25,441.4,36322,ITC
2025-01-27 10:14:00+05:30,441.65,441.65,441.35,441.45,12597,ITC
2025-01-27 10:15:00+05:30,441.55,441.55,441.25,441.45,13696,ITC
2025-01-27 10:16:00+05:30,441.5,441.55,441.15,441.25,13975,ITC
2025-01-27 10:17:00+05:30,441.25,441.4,440.65,440.65,25021,ITC
2025-01-27 10:18:00+05:30,440.8,441.0,440.45,440.65,54418,ITC
2025-01-27 10:19:00+05:30,440.8,440.8,439.65,439.7,76012,ITC
2025-01-27 10:20:00+05:30,440.0,440.7,439.8,439.85,46991,ITC
2025-01-27 10:21:00+05:30,440.0,440.45,439.85,440.4,11688,ITC
2025-01-27 10:22:00+05:30,440.4,440.6,440.25,440.45,18175,ITC
2025-01-27 10:23:00+05:30,440.45,440.5,440.05,440.25,19558,ITC
2025-01-27 10:24:00+05:30,440.25,440.3,440.0,440.0,13286,ITC
2025-01-27 10:25:00+05:30,440.05,440.1,439.95,440.0,8493,ITC
2025-01-27 10:26:00+05:30,440.0,440.65,439.95,440.4,58488,ITC
2025-01-27 10:27:00+05:30,440.35,440.4,439.8,439.9,15324,ITC
2025-01-27 10:28:00+05:30,439.9,440.1,439.55,439.85,25010,ITC
2025-01-27 10:29:00+05:30,439.7,440.1,439.7,440.1,9362,ITC
2025-01-27 10:30:00+05:30,440.1,440.1,439.7,439.75,17863,ITC
2025-01-27 10:31:00+05:30,439.75,440.0,439.5,440.0,20147,ITC
2025-01-27 10:32:00+05:30,440.0,440.15,439.7,440.0,23189,ITC
2025-01-27 10:33:00+05:30,440.0,440.15,439.5,439.5,19440,ITC
2025-01-27 10:34:00+05:30,439.7,439.75,439.25,439.5,21771,ITC
2025-01-27 10:35:00+05:30,439.5,439.65,439.2,439.6,16056,ITC
2025-01-27 10:36:00+05:30,439.65,439.65,439.1,439.2,9361,ITC
2025-01-27 10:37:00+05:30,439.3,439.35,439.05,439.15,8679,ITC
2025-01-27 10:38:00+05:30,439.2,439.3,439.0,439.25,15952,ITC
2025-01-27 10:39:00+05:30,439.25,439.85,439.1,439.75,16243,ITC
2025-01-27 10:40:00+05:30,439.8,439.85,439.55,439.75,9200,ITC
2025-01-27 10:41:00+05:30,439.75,439.75,439.45,439.7,17717,ITC
2025-01-27 10:42:00+05:30,439.75,439.9,439.55,439.9,16513,ITC
2025-01-27 10:43:00+05:30,439.85,440.4,439.85,440.4,33453,ITC
2025-01-27 10:44:00+05:30,440.3,440.45,439.85,440.0,14892,ITC
2025-01-27 10:45:00+05:30,440.0,440.3,439.75,440.25,11022,ITC
2025-01-27 10:46:00+05:30,440.3,440.3,440.1,440.2,8020,ITC
2025-01-27 10:47:00+05:30,440.2,440.2,439.75,440.05,22529,ITC
2025-01-27 10:48:00+05:30,440.1,440.5,440.0,440.25,18004,ITC
2025-01-27 10:49:00+05:30,440.35,440.4,439.9,440.05,5564,ITC
2025-01-27 10:50:00+05:30,440.15,440.2,439.7,439.85,7132,ITC
2025-01-27 10:51:00+05:30,439.85,440.0,439.65,440.0,6589,ITC
2025-01-27 10:52:00+05:30,440.0,440.85,439.95,440.75,10561,ITC
2025-01-27 10:53:00+05:30,440.75,440.75,440.25,440.4,6108,ITC
2025-01-27 10:54:00+05:30,440.35,440.75,440.1,440.35,27775,ITC
2025-01-27 10:55:00+05:30,440.35,440.5,440.05,440.45,9796,ITC
2025-01-27 10:56:00+05:30,440.45,440.45,440.15,440.15,6440,ITC
2025-01-27 10:57:00+05:30,440.2,440.55,440.15,440.55,13779,ITC
2025-01-27 10:58:00+05:30,440.55,440.85,440.5,440.65,24709,ITC
2025-01-27 10:59:00+05:30,440.55,440.9,440.5,440.6,27479,ITC
2025-01-27 11:00:00+05:30,440.6,440.95,440.4,440.75,15608,ITC
2025-01-27 11:01:00+05:30,440.75,441.35,440.7,441.2,25098,ITC
2025-01-27 11:02:00+05:30,441.2,441.8,441.15,441.5,23173,ITC
2025-01-27 11:03:00+05:30,441.5,441.7,441.25,441.5,38055,ITC
2025-01-27 11:04:00+05:30,441.5,441.75,441.35,441.55,63140,ITC
2025-01-27 11:05:00+05:30,441.55,442.4,441.5,442.25,55853,ITC
2025-01-27 11:06:00+05:30,442.4,442.4,441.45,441.45,50090,ITC
2025-01-27 11:07:00+05:30,441.6,441.6,440.75,440.8,15454,ITC
2025-01-27 11:08:00+05:30,441.0,441.0,440.75,440.95,22039,ITC
2025-01-27 11:09:00+05:30,440.9,440.95,440.65,440.65,14181,ITC
2025-01-27 11:10:00+05:30,440.7,440.7,440.25,440.45,8532,ITC
2025-01-27 11:11:00+05:30,440.45,440.85,440.4,440.7,11958,ITC
2025-01-27 11:12:00+05:30,440.7,440.7,440.25,440.35,12292,ITC
2025-01-27 11:13:00+05:30,440.5,440.8,440.35,440.75,28844,ITC
2025-01-27 11:14:00+05:30,440.8,440.95,440.45,440.6,9407,ITC
2025-01-27 11:15:00+05:30,440.6,440.95,440.4,440.9,19015,ITC
2025-01-27 11:16:00+05:30,440.9,441.35,440.9,441.35,54842,ITC
2025-01-27 11:17:00+05:30,441.35,441.35,441.05,441.25,9641,ITC
2025-01-27 11:18:00+05:30,441.25,441.25,441.05,441.2,4106,ITC
2025-01-27 11:19:00+05:30,441.15,441.2,441.0,441.1,7456,ITC
2025-01-27 11:20:00+05:30,441.1,441.15,441.05,441.15,5455,ITC
2025-01-27 11:21:00+05:30,441.1,441.15,440.8,441.15,18649,ITC
2025-01-27 11:22:00+05:30,441.1,441.15,441.1,441.1,18161,ITC
2025-01-27 11:23:00+05:30,441.05,441.2,440.85,441.2,33134,ITC
2025-01-27 11:24:00+05:30,441.2,441.35,441.1,441.25,8290,ITC
2025-01-27 11:25:00+05:30,441.25,441.35,441.1,441.15,7498,ITC
2025-01-27 11:26:00+05:30,441.3,441.3,441.15,441.3,5044,ITC
2025-01-27 11:27:00+05:30,441.3,441.75,441.25,441.7,11936,ITC
2025-01-27 11:28:00+05:30,441.6,441.7,441.45,441.55,5899,ITC
2025-01-27 11:29:00+05:30,441.55,441.8,441.4,441.8,13635,ITC
2025-01-27 11:30:00+05:30,441.8,442.2,441.75,442.0,105157,ITC
2025-01-27 11:31:00+05:30,442.0,442.2,442.0,442.15,15971,ITC
2025-01-27 11:32:00+05:30,442.15,442.35,442.15,442.35,21552,ITC
2025-01-27 11:33:00+05:30,442.35,442.4,442.0,442.2,16251,ITC
2025-01-27 11:34:00+05:30,442.2,442.2,442.0,442.05,5631,ITC
2025-01-27 11:35:00+05:30,442.05,442.55,442.0,442.55,31930,ITC
2025-01-27 11:36:00+05:30,442.5,443.2,442.45,442.7,54390,ITC
2025-01-27 11:37:00+05:30,442.7,442.75,442.35,442.7,14915,ITC
2025-01-27 11:38:00+05:30,442.7,442.75,442.4,442.5,12014,ITC
2025-01-27 11:39:00+05:30,442.55,442.55,442.2,442.25,8751,ITC
2025-01-27 11:40:00+05:30,442.2,442.25,442.05,442.25,16149,ITC
2025-01-27 11:41:00+05:30,442.25,442.35,442.2,442.3,11612,ITC
2025-01-27 11:42:00+05:30,442.35,442.45,442.05,442.15,10112,ITC
2025-01-27 11:43:00+05:30,442.2,442.45,442.05,442.2,18833,ITC
2025-01-27 11:44:00+05:30,442.2,442.2,442.05,442.2,12015,ITC
2025-01-27 11:45:00+05:30,442.2,442.45,442.15,442.35,17200,ITC
2025-01-27 11:46:00+05:30,442.4,442.4,442.3,442.35,15574,ITC
2025-01-27 11:47:00+05:30,442.35,442.45,442.3,442.3,12997,ITC
2025-01-27 11:48:00+05:30,442.3,443.0,442.3,442.55,144614,ITC
2025-01-27 11:49:00+05:30,442.45,442.65,442.2,442.65,33321,ITC
2025-01-27 11:50:00+05:30,442.6,442.65,442.35,442.5,8209,ITC
2025-01-27 11:51:00+05:30,442.5,442.6,442.3,442.6,32392,ITC
2025-01-27 11:52:00+05:30,442.6,442.6,442.3,442.3,14116,ITC
2025-01-27 11:53:00+05:30,442.4,442.7,442.4,442.7,27390,ITC
2025-01-27 11:54:00+05:30,442.7,443.0,442.65,442.8,101041,ITC
2025-01-27 11:55:00+05:30,442.8,442.8,442.5,442.6,6399,ITC
2025-01-27 11:56:00+05:30,442.6,442.85,442.5,442.75,16533,ITC
2025-01-27 11:57:00+05:30,442.75,442.75,442.2,442.2,7138,ITC
2025-01-27 11:58:00+05:30,442.4,442.4,441.9,442.15,9846,ITC
2025-01-27 11:59:00+05:30,442.15,442.15,442.0,442.05,9436,ITC
2025-01-27 12:00:00+05:30,442.05,442.6,441.95,442.4,21491,ITC
2025-01-27 12:01:00+05:30,442.45,442.45,442.3,442.4,7495,ITC
2025-01-27 12:02:00+05:30,442.35,442.75,442.35,442.6,11512,ITC
2025-01-27 12:03:00+05:30,442.55,443.1,442.3,443.1,25726,ITC
2025-01-27 12:04:00+05:30,443.1,443.45,442.8,443.1,26608,ITC
2025-01-27 12:05:00+05:30,443.1,443.4,442.9,443.15,26899,ITC
2025-01-27 12:06:00+05:30,443.15,443.45,443.05,443.05,22882,ITC
2025-01-27 12:07:00+05:30,443.05,443.1,442.65,442.7,6530,ITC
2025-01-27 12:08:00+05:30,442.65,442.7,442.5,442.5,9474,ITC
2025-01-27 12:09:00+05:30,442.5,442.55,442.0,442.25,26900,ITC
2025-01-27 12:10:00+05:30,442.2,442.25,441.5,441.65,19995,ITC
2025-01-27 12:11:00+05:30,441.6,441.6,441.3,441.45,27343,ITC
2025-01-27 12:12:00+05:30,441.45,441.6,441.45,441.55,10137,ITC
2025-01-27 12:13:00+05:30,441.55,441.55,440.4,440.5,23543,ITC
2025-01-27 12:14:00+05:30,440.5,441.0,440.35,440.75,18854,ITC
2025-01-27 12:15:00+05:30,440.7,440.75,440.3,440.5,7015,ITC
2025-01-27 12:16:00+05:30,440.5,440.5,440.25,440.4,6847,ITC
2025-01-27 12:17:00+05:30,440.4,440.5,440.25,440.25,13043,ITC
2025-01-27 12:18:00+05:30,440.35,440.4,440.15,440.35,8435,ITC
2025-01-27 12:19:00+05:30,440.35,440.35,440.1,440.2,6138,ITC
2025-01-27 12:20:00+05:30,440.2,440.2,440.05,440.1,15021,ITC
2025-01-27 12:21:00+05:30,440.1,440.45,440.0,440.35,32045,ITC
2025-01-27 12:22:00+05:30,440.35,440.6,440.25,440.3,24653,ITC
2025-01-27 12:23:00+05:30,440.35,440.5,440.3,440.35,10407,ITC
2025-01-27 12:24:00+05:30,440.35,440.75,440.3,440.7,21281,ITC
2025-01-27 12:25:00+05:30,440.7,440.75,440.4,440.55,12652,ITC
2025-01-27 12:26:00+05:30,440.55,440.75,440.5,440.65,7529,ITC
2025-01-27 12:27:00+05:30,440.6,440.65,440.25,440.4,11957,ITC
2025-01-27 12:28:00+05:30,440.4,440.4,440.25,440.3,8741,ITC
2025-01-27 12:29:00+05:30,440.35,440.5,440.2,440.4,5518,ITC
2025-01-27 12:30:00+05:30,440.45,440.45,440.2,440.25,3215,ITC
2025-01-27 12:31:00+05:30,440.25,440.3,440.15,440.2,12921,ITC
2025-01-27 12:32:00+05:30,440.2,440.25,440.15,440.15,9193,ITC
2025-01-27 12:33:00+05:30,440.2,440.2,440.0,440.1,9037,ITC
2025-01-27 12:34:00+05:30,440.0,440.35,440.0,440.2,22978,ITC
2025-01-27 12:35:00+05:30,440.15,440.25,440.05,440.15,4169,ITC
2025-01-27 12:36:00+05:30,440.15,440.4,440.05,440.4,15207,ITC
2025-01-27 12:37:00+05:30,440.35,440.4,440.1,440.3,6419,ITC
2025-01-27 12:38:00+05:30,440.2,440.4,440.1,440.2,13609,ITC
2025-01-27 12:39:00+05:30,440.2,440.45,440.05,440.2,11174,ITC
2025-01-27 12:40:00+05:30,440.4,440.4,440.0,440.3,15923,ITC
2025-01-27 12:41:00+05:30,440.3,440.4,440.0,440.0,13517,ITC
2025-01-27 12:42:00+05:30,440.05,440.1,439.8,439.85,113519,ITC
2025-01-27 12:43:00+05:30,439.9,440.05,439.8,440.0,12465,ITC
2025-01-27 12:44:00+05:30,440.0,440.0,439.65,439.9,14703,ITC
2025-01-27 12:45:00+05:30,439.9,440.1,439.55,439.9,74802,ITC
2025-01-27 12:46:00+05:30,439.9,439.95,439.3,439.75,40377,ITC
2025-01-27 12:47:00+05:30,439.75,439.9,439.5,439.8,18200,ITC
2025-01-27 12:48:00+05:30,439.8,439.85,439.55,439.8,8637,ITC
2025-01-27 12:49:00+05:30,439.8,439.8,439.45,439.8,19721,ITC
2025-01-27 12:50:00+05:30,439.65,439.8,439.45,439.45,17296,ITC
2025-01-27 12:51:00+05:30,439.65,439.7,439.45,439.6,18128,ITC
2025-01-27 12:52:00+05:30,439.65,439.85,439.45,439.7,21297,ITC
2025-01-27 12:53:00+05:30,439.75,439.8,439.55,439.7,10012,ITC
2025-01-27 12:54:00+05:30,439.75,439.75,439.5,439.6,6564,ITC
2025-01-27 12:55:00+05:30,439.55,439.65,439.25,439.5,13669,ITC
2025-01-27 12:56:00+05:30,439.5,439.7,439.35,439.6,10224,ITC
2025-01-27 12:57:00+05:30,439.65,439.75,439.4,439.65,8436,ITC
2025-01-27 12:58:00+05:30,439.65,439.75,439.35,439.65,9983,ITC
2025-01-27 12:59:00+05:30,439.65,439.75,439.5,439.65,6992,ITC
2025-01-27 13:00:00+05:30,439.6,440.8,439.6,440.8,122227,ITC
2025-01-27 13:01:00+05:30,440.8,440.9,440.6,440.8,12240,ITC
2025-01-27 13:02:00+05:30,440.8,441.2,440.55,440.8,99033,ITC
2025-01-27 13:03:00+05:30,440.8,440.8,440.5,440.5,9924,ITC
2025-01-27 13:04:00+05:30,440.7,440.7,440.15,440.4,9085,ITC
2025-01-27 13:05:00+05:30,440.25,440.5,440.1,440.3,17686,ITC
2025-01-27 13:06:00+05:30,440.4,440.65,440.05,440.55,25351,ITC
2025-01-27 13:07:00+05:30,440.55,440.7,440.25,440.6,16611,ITC
2025-01-27 13:08:00+05:30,440.6,440.75,440.4,440.55,11703,ITC
2025-01-27 13:09:00+05:30,440.45,440.65,440.25,440.3,19168,ITC
2025-01-27 13:10:00+05:30,440.3,440.5,440.05,440.35,14474,ITC
2025-01-27 13:11:00+05:30,440.3,440.35,440.0,440.1,8398,ITC
2025-01-27 13:12:00+05:30,440.05,440.1,439.8,440.0,9654,ITC
2025-01-27 13:13:00+05:30,440.0,440.05,439.8,440.0,18308,ITC
2025-01-27 13:14:00+05:30,439.9,440.1,439.8,440.1,14433,ITC
2025-01-27 13:15:00+05:30,440.1,440.25,439.9,440.25,15263,ITC
2025-01-27 13:16:00+05:30,440.2,440.2,439.85,440.0,11736,ITC
2025-01-27 13:17:00+05:30,439.95,440.15,439.75,440.0,11483,ITC
2025-01-27 13:18:00+05:30,440.0,440.1,439.75,440.1,13561,ITC
2025-01-27 13:19:00+05:30,440.0,440.5,439.9,440.15,17742,ITC
2025-01-27 13:20:00+05:30,440.05,440.35,439.95,440.0,11338,ITC
2025-01-27 13:21:00+05:30,439.95,440.25,439.8,439.95,25009,ITC
2025-01-27 13:22:00+05:30,439.8,440.05,439.65,439.8,16272,ITC
2025-01-27 13:23:00+05:30,439.8,439.95,439.65,439.85,24232,ITC
2025-01-27 13:24:00+05:30,439.75,439.95,439.55,439.75,18510,ITC
2025-01-27 13:25:00+05:30,439.7,439.85,439.6,439.7,16970,ITC
2025-01-27 13:26:00+05:30,439.7,439.9,439.5,439.75,17137,ITC
2025-01-27 13:27:00+05:30,439.7,439.75,439.5,439.5,11320,ITC
2025-01-27 13:28:00+05:30,439.5,439.55,439.1,439.3,18642,ITC
2025-01-27 13:29:00+05:30,439.3,439.35,439.1,439.1,12486,ITC
2025-01-27 13:30:00+05:30,439.2,439.3,439.05,439.2,24170,ITC
2025-01-27 13:31:00+05:30,439.15,439.35,438.95,439.0,39727,ITC
2025-01-27 13:32:00+05:30,439.0,439.0,438.7,438.95,37107,ITC
2025-01-27 13:33:00+05:30,438.85,438.95,438.75,438.9,15735,ITC
2025-01-27 13:34:00+05:30,438.85,438.95,438.7,438.7,28030,ITC
2025-01-27 13:35:00+05:30,438.7,439.0,438.35,438.55,62969,ITC
2025-01-27 13:36:00+05:30,438.5,438.55,438.3,438.35,12973,ITC
2025-01-27 13:37:00+05:30,438.3,438.45,437.8,438.15,24963,ITC
2025-01-27 13:38:00+05:30,438.0,438.1,437.8,437.95,18314,ITC
2025-01-27 13:39:00+05:30,438.0,438.25,437.8,438.15,31897,ITC
2025-01-27 13:40:00+05:30,438.1,438.25,437.85,438.2,17919,ITC
2025-01-27 13:41:00+05:30,438.1,438.25,437.9,438.15,14848,ITC
2025-01-27 13:42:00+05:30,438.1,438.2,437.85,438.05,15756,ITC
2025-01-27 13:43:00+05:30,438.0,438.4,437.95,438.2,26570,ITC
2025-01-27 13:44:00+05:30,438.1,438.4,438.1,438.2,14840,ITC
2025-01-27 13:45:00+05:30,438.2,438.35,437.8,437.8,25946,ITC
2025-01-27 13:46:00+05:30,437.8,438.05,437.8,437.9,20665,ITC
2025-01-27 13:47:00+05:30,437.9,437.95,437.75,437.9,19890,ITC
2025-01-27 13:48:00+05:30,437.9,437.9,437.5,437.85,24353,ITC
2025-01-27 13:49:00+05:30,437.8,437.85,437.6,437.8,36184,ITC
2025-01-27 13:50:00+05:30,437.75,438.25,437.6,438.15,26672,ITC
2025-01-27 13:51:00+05:30,438.1,438.6,437.95,438.25,58494,ITC
2025-01-27 13:52:00+05:30,438.25,438.55,438.05,438.3,23673,ITC
2025-01-27 13:53:00+05:30,438.1,438.3,438.0,438.25,16061,ITC
2025-01-27 13:54:00+05:30,438.1,438.25,437.8,437.85,87603,ITC
2025-01-27 13:55:00+05:30,437.85,438.5,437.8,438.35,22065,ITC
2025-01-27 13:56:00+05:30,438.25,438.6,438.1,438.4,17946,ITC
2025-01-27 13:57:00+05:30,438.4,438.85,438.35,438.8,43760,ITC
2025-01-27 13:58:00+05:30,438.75,438.9,438.4,438.75,20232,ITC
2025-01-27 13:59:00+05:30,438.65,438.85,438.45,438.5,19024,ITC
2025-01-27 14:00:00+05:30,438.5,438.7,438.35,438.55,16824,ITC
2025-01-27 14:01:00+05:30,438.55,438.85,438.3,438.8,26181,ITC
2025-01-27 14:02:00+05:30,438.8,438.9,438.45,438.6,26886,ITC
2025-01-27 14:03:00+05:30,438.55,438.7,438.4,438.65,14488,ITC
2025-01-27 14:04:00+05:30,438.5,438.65,438.2,438.45,28117,ITC
2025-01-27 14:05:00+05:30,438.45,438.6,438.2,438.55,24225,ITC
2025-01-27 14:06:00+05:30,438.4,438.55,438.2,438.45,14707,ITC
2025-01-27 14:07:00+05:30,438.45,438.7,438.25,438.4,20396,ITC
2025-01-27 14:08:00+05:30,438.4,438.75,438.2,438.4,12374,ITC
2025-01-27 14:09:00+05:30,438.45,438.5,438.1,438.4,20880,ITC
2025-01-27 14:10:00+05:30,438.5,438.55,438.1,438.2,18916,ITC
2025-01-27 14:11:00+05:30,438.15,438.25,438.0,438.0,17484,ITC
2025-01-27 14:12:00+05:30,438.0,438.0,437.55,437.95,30529,ITC
2025-01-27 14:13:00+05:30,437.8,437.95,437.55,437.8,13509,ITC
2025-01-27 14:14:00+05:30,437.7,438.05,437.4,437.6,25875,ITC
2025-01-27 14:15:00+05:30,437.6,437.75,437.45,437.6,13813,ITC
2025-01-27 14:16:00+05:30,437.55,438.0,437.5,437.6,22637,ITC
2025-01-27 14:17:00+05:30,437.65,437.65,437.3,437.4,9615,ITC
2025-01-27 14:18:00+05:30,437.3,437.5,437.1,437.25,19853,ITC
2025-01-27 14:19:00+05:30,437.25,437.6,437.15,437.4,16076,ITC
2025-01-27 14:20:00+05:30,437.35,437.5,437.15,437.25,14554,ITC
2025-01-27 14:21:00+05:30,437.25,437.5,437.2,437.35,23124,ITC
2025-01-27 14:22:00+05:30,437.3,437.75,437.1,437.5,28656,ITC
2025-01-27 14:23:00+05:30,437.5,437.9,437.25,437.8,17803,ITC
2025-01-27 14:24:00+05:30,437.75,437.9,437.55,437.6,21743,ITC
2025-01-27 14:25:00+05:30,437.55,437.8,437.4,437.6,14626,ITC
2025-01-27 14:26:00+05:30,437.55,437.6,437.3,437.5,11101,ITC
2025-01-27 14:27:00+05:30,437.3,437.75,437.2,437.6,21966,ITC
2025-01-27 14:28:00+05:30,437.45,437.7,437.25,437.4,20028,ITC
2025-01-27 14:29:00+05:30,437.55,437.55,437.15,437.35,26505,ITC
2025-01-27 14:30:00+05:30,437.3,437.35,436.95,437.05,32541,ITC
2025-01-27 14:31:00+05:30,437.05,437.5,437.0,437.4,40186,ITC
2025-01-27 14:32:00+05:30,437.4,437.45,437.1,437.1,27664,ITC
2025-01-27 14:33:00+05:30,437.3,437.7,437.1,437.45,46383,ITC
2025-01-27 14:34:00+05:30,437.4,437.55,437.1,437.4,37226,ITC
2025-01-27 14:35:00+05:30,437.4,437.5,437.1,437.25,36561,ITC
2025-01-27 14:36:00+05:30,437.25,437.3,436.75,436.75,33687,ITC
2025-01-27 14:37:00+05:30,436.9,437.0,436.6,437.0,33564,ITC
2025-01-27 14:38:00+05:30,437.0,437.35,436.75,437.2,45223,ITC
2025-01-27 14:39:00+05:30,437.05,437.45,436.95,437.25,65772,ITC
2025-01-27 14:40:00+05:30,437.2,437.95,437.1,437.65,51672,ITC
2025-01-27 14:41:00+05:30,437.6,437.9,437.45,437.7,34722,ITC
2025-01-27 14:42:00+05:30,437.5,437.65,437.05,437.15,40346,ITC
2025-01-27 14:43:00+05:30,437.05,437.4,437.05,437.3,38601,ITC
2025-01-27 14:44:00+05:30,437.4,437.4,436.85,437.1,34618,ITC
2025-01-27 14:45:00+05:30,437.05,437.1,436.55,436.95,35277,ITC
2025-01-27 14:46:00+05:30,436.95,437.25,436.75,437.15,42023,ITC
2025-01-27 14:47:00+05:30,437.0,437.15,436.7,436.9,35272,ITC
2025-01-27 14:48:00+05:30,436.9,437.05,436.7,437.0,64731,ITC
2025-01-27 14:49:00+05:30,437.05,438.0,436.95,437.85,51934,ITC
2025-01-27 14:50:00+05:30,437.95,438.5,437.8,437.95,49084,ITC
2025-01-27 14:51:00+05:30,438.15,438.3,437.75,438.15,56913,ITC
2025-01-27 14:52:00+05:30,438.15,438.45,438.0,438.45,52930,ITC
2025-01-27 14:53:00+05:30,438.45,438.5,437.95,438.05,64295,ITC
2025-01-27 14:54:00+05:30,438.05,438.25,437.9,438.1,54096,ITC
2025-01-27 14:55:00+05:30,438.1,438.2,437.95,438.1,38591,ITC
2025-01-27 14:56:00+05:30,438.1,438.55,438.0,438.5,47084,ITC
2025-01-27 14:57:00+05:30,438.45,439.0,438.3,439.0,59421,ITC
2025-01-27 14:58:00+05:30,439.05,439.5,438.95,439.15,28590,ITC
2025-01-27 14:59:00+05:30,439.3,439.8,439.05,439.4,47109,ITC
2025-01-27 15:00:00+05:30,439.5,439.65,439.2,439.55,44517,ITC
2025-01-27 15:01:00+05:30,439.55,439.7,439.35,439.45,31714,ITC
2025-01-27 15:02:00+05:30,439.5,439.6,439.3,439.55,30903,ITC
2025-01-27 15:03:00+05:30,439.55,439.6,439.35,439.5,29373,ITC
2025-01-27 15:04:00+05:30,439.5,439.55,439.2,439.35,28521,ITC
2025-01-27 15:05:00+05:30,439.35,439.7,439.25,439.5,29555,ITC
2025-01-27 15:06:00+05:30,439.6,439.85,439.4,439.7,28574,ITC
2025-01-27 15:07:00+05:30,439.75,439.9,439.55,439.75,36932,ITC
2025-01-27 15:08:00+05:30,439.75,439.8,439.5,439.75,32529,ITC
2025-01-27 15:09:00+05:30,439.75,439.95,439.55,439.9,39111,ITC
2025-01-27 15:10:00+05:30,439.9,440.35,439.75,440.2,90832,ITC
2025-01-27 15:11:00+05:30,440.2,440.2,439.8,440.2,54869,ITC
2025-01-27 15:12:00+05:30,440.2,440.2,439.9,440.05,36887,ITC
2025-01-27 15:13:00+05:30,440.05,440.5,439.8,440.4,63749,ITC
2025-01-27 15:14:00+05:30,440.4,440.45,440.1,440.4,36470,ITC
2025-01-27 15:15:00+05:30,440.4,440.9,440.25,440.85,63078,ITC
2025-01-27 15:16:00+05:30,440.9,440.95,440.55,440.65,60576,ITC
2025-01-27 15:17:00+05:30,440.6,440.7,440.3,440.55,33937,ITC
2025-01-27 15:18:00+05:30,440.55,440.65,440.3,440.4,49232,ITC
2025-01-27 15:19:00+05:30,440.4,440.6,440.25,440.5,50870,ITC
2025-01-27 15:20:00+05:30,440.45,440.8,440.25,440.4,116797,ITC
2025-01-27 15:21:00+05:30,440.45,440.45,439.6,439.85,32871,ITC
2025-01-27 15:22:00+05:30,439.85,440.1,439.5,440.0,48389,ITC
2025-01-27 15:23:00+05:30,440.05,440.15,439.65,439.95,48806,ITC
2025-01-27 15:24:00+05:30,440.05,440.35,439.6,440.2,61323,ITC
2025-01-27 15:25:00+05:30,440.25,440.4,440.05,440.3,46592,ITC
2025-01-27 15:26:00+05:30,440.2,440.4,439.85,440.05,51287,ITC
2025-01-27 15:27:00+05:30,440.0,440.05,439.7,440.05,33636,ITC
2025-01-27 15:28:00+05:30,440.05,440.5,440.05,440.15,35865,ITC
2025-01-27 15:29:00+05:30,440.15,440.3,439.85,439.9,15330,ITC
2025-01-28 09:15:00+05:30,440.0,441.2,439.05,440.05,65106,ITC
2025-01-28 09:16:00+05:30,440.2,440.25,438.25,438.25,55637,ITC
2025-01-28 09:17:00+05:30,438.3,438.55,437.3,437.35,24909,ITC
2025-01-28 09:18:00+05:30,437.35,438.1,437.25,437.95,41105,ITC
2025-01-28 09:19:00+05:30,438.0,438.3,437.75,438.15,13775,ITC
2025-01-28 09:20:00+05:30,438.1,438.3,437.35,437.8,32113,ITC
2025-01-28 09:21:00+05:30,437.75,439.45,437.45,438.75,39830,ITC
2025-01-28 09:22:00+05:30,438.75,438.9,438.3,438.9,8375,ITC
2025-01-28 09:23:00+05:30,438.7,438.95,438.1,438.35,12874,ITC
2025-01-28 09:24:00+05:30,438.35,438.95,438.25,438.75,19974,ITC
2025-01-28 09:25:00+05:30,438.65,438.85,438.1,438.3,13447,ITC
2025-01-28 09:26:00+05:30,438.25,439.4,438.25,438.6,31966,ITC
2025-01-28 09:27:00+05:30,438.75,438.95,438.5,438.7,22898,ITC
2025-01-28 09:28:00+05:30,438.5,439.65,438.45,439.4,32761,ITC
2025-01-28 09:29:00+05:30,439.3,439.5,438.75,439.05,24221,ITC
2025-01-28 09:30:00+05:30,439.1,439.25,438.6,438.8,31827,ITC
2025-01-28 09:31:00+05:30,439.0,439.0,438.35,438.5,29534,ITC
2025-01-28 09:32:00+05:30,438.6,439.0,438.4,438.7,34769,ITC
2025-01-28 09:33:00+05:30,438.85,439.15,438.65,438.85,28192,ITC
2025-01-28 09:34:00+05:30,438.85,439.45,438.75,439.3,22365,ITC
2025-01-28 09:35:00+05:30,439.5,440.05,439.35,440.05,104174,ITC
2025-01-28 09:36:00+05:30,440.05,440.05,439.5,439.65,29598,ITC
2025-01-28 09:37:00+05:30,439.65,439.75,438.8,438.8,15766,ITC
2025-01-28 09:38:00+05:30,438.85,439.0,438.65,438.8,18369,ITC
2025-01-28 09:39:00+05:30,438.8,439.2,438.5,438.7,18159,ITC
2025-01-28 09:40:00+05:30,438.6,438.8,438.5,438.7,8726,ITC
2025-01-28 09:41:00+05:30,438.8,438.9,438.4,438.55,23815,ITC
2025-01-28 09:42:00+05:30,438.75,438.75,438.0,438.0,17505,ITC
2025-01-28 09:43:00+05:30,438.15,438.25,437.9,437.95,24571,ITC
2025-01-28 09:44:00+05:30,438.0,438.25,437.8,437.9,56128,ITC
2025-01-28 09:45:00+05:30,437.95,438.35,437.85,438.1,32395,ITC
2025-01-28 09:46:00+05:30,438.05,438.3,437.75,438.0,23464,ITC
2025-01-28 09:47:00+05:30,438.0,438.0,437.5,438.0,46040,ITC
2025-01-28 09:48:00+05:30,437.85,438.0,437.6,437.75,26021,ITC
2025-01-28 09:49:00+05:30,437.75,438.15,437.75,437.9,11037,ITC
2025-01-28 09:50:00+05:30,437.9,438.25,437.75,438.05,28906,ITC
2025-01-28 09:51:00+05:30,437.8,438.5,437.75,438.45,25217,ITC
2025-01-28 09:52:00+05:30,438.35,439.0,438.35,438.75,19459,ITC
2025-01-28 09:53:00+05:30,438.75,438.8,438.4,438.6,5197,ITC
2025-01-28 09:54:00+05:30,438.55,438.85,438.5,438.7,14543,ITC
2025-01-28 09:55:00+05:30,438.7,439.1,438.45,439.1,19739,ITC
2025-01-28 09:56:00+05:30,439.1,439.1,438.55,438.85,21067,ITC
2025-01-28 09:57:00+05:30,438.8,439.0,438.25,438.9,15912,ITC
2025-01-28 09:58:00+05:30,438.9,438.95,438.7,438.8,16924,ITC
2025-01-28 09:59:00+05:30,438.8,439.45,438.8,439.45,26933,ITC
2025-01-28 10:00:00+05:30,439.45,439.45,438.55,438.7,10283,ITC
2025-01-28 10:01:00+05:30,438.7,438.95,438.55,438.8,19034,ITC
2025-01-28 10:02:00+05:30,438.8,439.85,438.65,439.55,44673,ITC
2025-01-28 10:03:00+05:30,439.55,439.9,439.4,439.6,38882,ITC
2025-01-28 10:04:00+05:30,439.6,439.9,439.3,439.9,50985,ITC
2025-01-28 10:05:00+05:30,439.9,440.0,439.3,439.5,35463,ITC
2025-01-28 10:06:00+05:30,439.5,439.95,439.5,439.65,55062,ITC
2025-01-28 10:07:00+05:30,439.65,439.9,439.4,439.6,28717,ITC
2025-01-28 10:08:00+05:30,439.75,440.3,439.6,440.1,94404,ITC
2025-01-28 10:09:00+05:30,439.9,440.05,439.0,439.2,29306,ITC
2025-01-28 10:10:00+05:30,439.2,439.3,439.0,439.3,25665,ITC
2025-01-28 10:11:00+05:30,439.2,439.3,438.8,439.1,42809,ITC
2025-01-28 10:12:00+05:30,439.0,439.1,438.15,438.35,33414,ITC
2025-01-28 10:13:00+05:30,438.2,438.45,438.0,438.2,29656,ITC
2025-01-28 10:14:00+05:30,438.2,438.3,438.0,438.3,8027,ITC
2025-01-28 10:15:00+05:30,438.2,438.3,437.65,437.75,11871,ITC
2025-01-28 10:16:00+05:30,437.75,438.0,437.65,437.75,18635,ITC
2025-01-28 10:17:00+05:30,437.75,437.75,437.5,437.65,15073,ITC
2025-01-28 10:18:00+05:30,437.6,437.6,437.15,437.4,29451,ITC
2025-01-28 10:19:00+05:30,437.4,437.95,437.25,437.45,22966,ITC
2025-01-28 10:20:00+05:30,437.65,437.7,437.4,437.5,10777,ITC
2025-01-28 10:21:00+05:30,437.55,438.2,437.4,438.2,21574,ITC
2025-01-28 10:22:00+05:30,438.05,438.6,437.65,438.45,44929,ITC
2025-01-28 10:23:00+05:30,438.45,438.45,438.1,438.25,4839,ITC
2025-01-28 10:24:00+05:30,438.25,438.65,438.15,438.65,28284,ITC
2025-01-28 10:25:00+05:30,438.5,438.9,438.4,438.55,23521,ITC
2025-01-28 10:26:00+05:30,438.55,438.55,438.0,438.2,18802,ITC
2025-01-28 10:27:00+05:30,438.2,438.35,437.6,437.85,21378,ITC
2025-01-28 10:28:00+05:30,437.65,438.25,437.5,437.75,35700,ITC
2025-01-28 10:29:00+05:30,437.75,438.65,437.7,438.2,31419,ITC
2025-01-28 10:30:00+05:30,438.2,438.3,437.75,437.75,15932,ITC
2025-01-28 10:31:00+05:30,437.85,438.55,437.75,438.0,23334,ITC
2025-01-28 10:32:00+05:30,437.95,439.0,437.85,438.95,28995,ITC
2025-01-28 10:33:00+05:30,438.9,439.0,438.25,438.3,18610,ITC
2025-01-28 10:34:00+05:30,438.5,438.7,438.1,438.7,26043,ITC
2025-01-28 10:35:00+05:30,438.7,439.45,438.55,439.2,30244,ITC
2025-01-28 10:36:00+05:30,439.35,439.65,439.2,439.2,18474,ITC
2025-01-28 10:37:00+05:30,439.2,440.0,439.05,439.8,39214,ITC
2025-01-28 10:38:00+05:30,439.8,439.95,439.55,439.95,37519,ITC
2025-01-28 10:39:00+05:30,439.95,440.35,439.5,439.5,42992,ITC
2025-01-28 10:40:00+05:30,439.65,439.65,439.0,439.2,13306,ITC
2025-01-28 10:41:00+05:30,439.1,440.05,439.1,439.8,33745,ITC
2025-01-28 10:42:00+05:30,439.8,439.8,439.15,439.5,13278,ITC
2025-01-28 10:43:00+05:30,439.4,439.5,439.0,439.3,10450,ITC
2025-01-28 10:44:00+05:30,439.15,439.5,438.9,438.9,16727,ITC
2025-01-28 10:45:00+05:30,439.1,439.3,438.9,439.05,9956,ITC
2025-01-28 10:46:00+05:30,439.15,439.15,438.9,438.95,6306,ITC
2025-01-28 10:47:00+05:30,438.95,439.45,438.95,439.4,18644,ITC
2025-01-28 10:48:00+05:30,439.4,439.7,439.05,439.1,15927,ITC
2025-01-28 10:49:00+05:30,439.2,439.9,439.2,439.7,24565,ITC
2025-01-28 10:50:00+05:30,439.7,439.8,439.45,439.6,15901,ITC
2025-01-28 10:51:00+05:30,439.7,439.95,439.5,439.65,20849,ITC
2025-01-28 10:52:00+05:30,439.7,440.0,438.65,438.85,112249,ITC
2025-01-28 10:53:00+05:30,438.85,439.0,438.75,439.0,15223,ITC
2025-01-28 10:54:00+05:30,438.85,439.45,438.8,439.0,148947,ITC
2025-01-28 10:55:00+05:30,439.25,439.4,438.8,439.0,63681,ITC
2025-01-28 10:56:00+05:30,439.15,439.35,438.5,438.65,147885,ITC
2025-01-28 10:57:00+05:30,438.5,438.95,438.1,438.7,235603,ITC
2025-01-28 10:58:00+05:30,438.7,438.7,438.0,438.55,105277,ITC
2025-01-28 10:59:00+05:30,438.55,438.8,438.3,438.4,30011,ITC
2025-01-28 11:00:00+05:30,438.3,438.8,438.15,438.55,28646,ITC
2025-01-28 11:01:00+05:30,438.8,441.2,438.65,440.5,382642,ITC
2025-01-28 11:02:00+05:30,440.4,441.8,440.4,441.3,84308,ITC
2025-01-28 11:03:00+05:30,441.3,441.75,441.0,441.65,30570,ITC
2025-01-28 11:04:00+05:30,441.65,441.7,440.35,441.35,48788,ITC
2025-01-28 11:05:00+05:30,441.2,441.8,441.05,441.1,16981,ITC
2025-01-28 11:06:00+05:30,441.3,441.35,439.9,439.9,129996,ITC
2025-01-28 11:07:00+05:30,439.95,440.15,439.7,440.0,53664,ITC
2025-01-28 11:08:00+05:30,440.0,440.35,439.9,439.95,71421,ITC
2025-01-28 11:09:00+05:30,440.0,440.4,439.95,440.0,109127,ITC
2025-01-28 11:10:00+05:30,439.95,440.2,439.6,439.8,44775,ITC
2025-01-28 11:11:00+05:30,439.8,440.0,439.55,440.0,15832,ITC
2025-01-28 11:12:00+05:30,440.0,440.45,439.7,439.7,44358,ITC
2025-01-28 11:13:00+05:30,439.95,440.0,439.75,440.0,24002,ITC
2025-01-28 11:14:00+05:30,440.0,440.25,439.85,439.9,49294,ITC
2025-01-28 11:15:00+05:30,439.85,440.0,439.8,440.0,20792,ITC
2025-01-28 11:16:00+05:30,440.0,440.0,439.8,439.85,12087,ITC
2025-01-28 11:17:00+05:30,439.85,440.1,439.75,439.95,15897,ITC
2025-01-28 11:18:00+05:30,439.95,440.0,438.95,439.0,192061,ITC
2025-01-28 11:19:00+05:30,439.0,439.45,438.8,439.2,187873,ITC
2025-01-28 11:20:00+05:30,439.0,439.4,438.85,438.85,91842,ITC
2025-01-28 11:21:00+05:30,438.95,439.3,438.65,438.9,38149,ITC
2025-01-28 11:22:00+05:30,438.8,439.0,438.65,438.7,5616,ITC
2025-01-28 11:23:00+05:30,438.7,438.9,437.95,438.0,117833,ITC
2025-01-28 11:24:00+05:30,438.0,438.3,437.9,437.95,93596,ITC
2025-01-28 11:25:00+05:30,438.0,438.1,437.9,438.0,17934,ITC
2025-01-28 11:26:00+05:30,438.0,438.0,437.85,437.95,21877,ITC
2025-01-28 11:27:00+05:30,437.95,438.0,437.6,437.8,23259,ITC
2025-01-28 11:28:00+05:30,437.8,437.95,437.55,437.7,25447,ITC
2025-01-28 11:29:00+05:30,437.7,437.95,437.65,437.75,14471,ITC
2025-01-28 11:30:00+05:30,437.75,438.0,437.65,437.8,21270,ITC
2025-01-28 11:31:00+05:30,437.65,438.3,437.5,437.9,31655,ITC
2025-01-28 11:32:00+05:30,438.0,438.0,437.7,437.7,16834,ITC
2025-01-28 11:33:00+05:30,437.8,438.1,437.7,437.85,23045,ITC
2025-01-28 11:34:00+05:30,437.85,437.85,437.55,437.65,7364,ITC
2025-01-28 11:35:00+05:30,437.65,437.65,437.1,437.15,46334,ITC
2025-01-28 11:36:00+05:30,437.15,437.45,436.95,437.45,69275,ITC
2025-01-28 11:37:00+05:30,437.45,437.65,437.35,437.4,33940,ITC
2025-01-28 11:38:00+05:30,437.35,437.7,437.25,437.5,25569,ITC
2025-01-28 11:39:00+05:30,437.6,438.1,437.35,438.0,92721,ITC
2025-01-28 11:40:00+05:30,438.0,439.0,437.75,438.95,50678,ITC
2025-01-28 11:41:00+05:30,438.9,439.85,438.85,439.3,69018,ITC
2025-01-28 11:42:00+05:30,439.1,439.25,438.8,439.25,34146,ITC
2025-01-28 11:43:00+05:30,439.15,439.35,438.45,438.5,35124,ITC
2025-01-28 11:44:00+05:30,438.6,438.8,438.1,438.35,46127,ITC
2025-01-28 11:45:00+05:30,438.15,438.5,438.1,438.35,25715,ITC
2025-01-28 11:46:00+05:30,438.35,438.7,438.1,438.35,39982,ITC
2025-01-28 11:47:00+05:30,438.1,438.45,438.05,438.4,69718,ITC
2025-01-28 11:48:00+05:30,438.4,438.7,438.15,438.5,43459,ITC
2025-01-28 11:49:00+05:30,438.45,438.55,438.1,438.4,10185,ITC
2025-01-28 11:50:00+05:30,438.4,438.45,438.1,438.35,14967,ITC
2025-01-28 11:51:00+05:30,438.35,438.4,438.0,438.35,29852,ITC
2025-01-28 11:52:00+05:30,438.35,438.75,438.15,438.55,48572,ITC
2025-01-28 11:53:00+05:30,438.55,438.55,438.25,438.45,21275,ITC
2025-01-28 11:54:00+05:30,438.4,438.45,438.1,438.35,19514,ITC
2025-01-28 11:55:00+05:30,438.3,438.4,438.0,438.05,21659,ITC
2025-01-28 11:56:00+05:30,438.05,438.15,437.65,437.65,22695,ITC
2025-01-28 11:57:00+05:30,437.7,438.1,437.65,437.8,11589,ITC
2025-01-28 11:58:00+05:30,437.8,437.95,437.7,437.8,8609,ITC
2025-01-28 11:59:00+05:30,437.8,437.85,437.5,437.55,7928,ITC
2025-01-28 12:00:00+05:30,437.75,437.9,437.5,437.7,12647,ITC
2025-01-28 12:01:00+05:30,437.5,437.95,437.5,437.7,8279,ITC
2025-01-28 12:02:00+05:30,437.7,437.9,437.6,437.8,11096,ITC
2025-01-28 12:03:00+05:30,437.75,438.0,437.7,437.8,19343,ITC
2025-01-28 12:04:00+05:30,437.8,438.0,437.65,437.8,10755,ITC
2025-01-28 12:05:00+05:30,437.8,437.85,437.5,437.65,16934,ITC
2025-01-28 12:06:00+05:30,437.65,437.65,437.2,437.3,46787,ITC
2025-01-28 12:07:00+05:30,437.3,437.5,437.05,437.05,16166,ITC
2025-01-28 12:08:00+05:30,437.3,437.3,436.6,436.7,32718,ITC
2025-01-28 12:09:00+05:30,436.7,436.85,436.5,436.7,24916,ITC
2025-01-28 12:10:00+05:30,436.7,436.75,436.1,436.35,30442,ITC
2025-01-28 12:11:00+05:30,436.3,436.35,435.75,436.0,29322,ITC
2025-01-28 12:12:00+05:30,435.9,436.35,435.7,435.95,26620,ITC
2025-01-28 12:13:00+05:30,435.95,436.05,435.65,435.65,40409,ITC
2025-01-28 12:14:00+05:30,435.75,436.0,435.65,435.75,23684,ITC
2025-01-28 12:15:00+05:30,435.75,435.8,435.3,435.65,87567,ITC
2025-01-28 12:16:00+05:30,435.65,435.65,435.2,435.45,19458,ITC
2025-01-28 12:17:00+05:30,435.45,436.15,435.2,436.15,83565,ITC
2025-01-28 12:18:00+05:30,436.05,436.15,435.5,435.6,118170,ITC
2025-01-28 12:19:00+05:30,435.7,435.95,435.5,435.7,39046,ITC
2025-01-28 12:20:00+05:30,435.7,436.6,435.55,436.0,179294,ITC
2025-01-28 12:21:00+05:30,436.0,436.45,435.9,436.25,87419,ITC
2025-01-28 12:22:00+05:30,436.3,436.4,435.9,436.1,120033,ITC
2025-01-28 12:23:00+05:30,435.95,436.25,435.8,436.05,40734,ITC
2025-01-28 12:24:00+05:30,436.05,436.2,435.85,435.9,38058,ITC
2025-01-28 12:25:00+05:30,436.05,436.2,435.7,435.85,30748,ITC
2025-01-28 12:26:00+05:30,435.9,435.9,435.5,435.75,47893,ITC
2025-01-28 12:27:00+05:30,435.75,436.05,435.65,435.9,40421,ITC
2025-01-28 12:28:00+05:30,435.85,435.9,435.45,435.55,33169,ITC
2025-01-28 12:29:00+05:30,435.55,436.3,435.45,436.15,104023,ITC
2025-01-28 12:30:00+05:30,436.15,436.3,436.0,436.2,31338,ITC
2025-01-28 12:31:00+05:30,436.2,436.3,436.0,436.05,49445,ITC
2025-01-28 12:32:00+05:30,436.05,436.2,435.95,436.0,276766,ITC
2025-01-28 12:33:00+05:30,436.0,436.35,435.85,436.05,58616,ITC
2025-01-28 12:34:00+05:30,436.05,436.3,436.0,436.0,34977,ITC
2025-01-28 12:35:00+05:30,436.0,436.25,436.0,436.05,39317,ITC
2025-01-28 12:36:00+05:30,436.05,436.25,436.0,436.2,24806,ITC
2025-01-28 12:37:00+05:30,436.15,436.8,436.1,436.3,45415,ITC
2025-01-28 12:38:00+05:30,436.35,436.45,436.1,436.35,34124,ITC
2025-01-28 12:39:00+05:30,436.25,436.5,436.1,436.15,64739,ITC
2025-01-28 12:40:00+05:30,436.3,436.35,436.1,436.2,42049,ITC
2025-01-28 12:41:00+05:30,436.15,436.5,436.15,436.3,34959,ITC
2025-01-28 12:42:00+05:30,436.3,436.8,436.2,436.55,73386,ITC
2025-01-28 12:43:00+05:30,436.55,437.05,436.5,437.0,77234,ITC
2025-01-28 12:44:00+05:30,437.05,437.15,436.8,436.85,58732,ITC
2025-01-28 12:45:00+05:30,436.85,437.7,436.85,437.55,67665,ITC
2025-01-28 12:46:00+05:30,437.55,437.7,437.25,437.5,33961,ITC
2025-01-28 12:47:00+05:30,437.5,437.75,437.25,437.55,42056,ITC
2025-01-28 12:48:00+05:30,437.6,437.65,437.3,437.45,39157,ITC
2025-01-28 12:49:00+05:30,437.55,437.65,437.2,437.4,42361,ITC
2025-01-28 12:50:00+05:30,437.35,437.5,436.8,437.0,52343,ITC
2025-01-28 12:51:00+05:30,437.0,437.1,436.8,436.85,52238,ITC
2025-01-28 12:52:00+05:30,436.85,437.1,436.25,436.3,120057,ITC
2025-01-28 12:53:00+05:30,436.3,436.65,436.05,436.3,98300,ITC
2025-01-28 12:54:00+05:30,436.45,436.85,436.25,436.4,44354,ITC
2025-01-28 12:55:00+05:30,436.4,436.85,436.3,436.65,60061,ITC
2025-01-28 12:56:00+05:30,436.85,436.95,436.6,436.7,42954,ITC
2025-01-28 12:57:00+05:30,436.75,436.9,436.5,436.75,60819,ITC
2025-01-28 12:58:00+05:30,436.75,437.0,436.55,436.9,90865,ITC
2025-01-28 12:59:00+05:30,436.9,437.0,436.8,436.9,28238,ITC
2025-01-28 13:00:00+05:30,436.9,437.0,436.8,436.8,40434,ITC
2025-01-28 13:01:00+05:30,436.95,437.0,436.35,436.35,274908,ITC
2025-01-28 13:02:00+05:30,436.4,436.4,435.75,435.8,89819,ITC
2025-01-28 13:03:00+05:30,435.95,436.15,435.6,435.75,41894,ITC
2025-01-28 13:04:00+05:30,435.75,436.05,435.55,435.85,39805,ITC
2025-01-28 13:05:00+05:30,436.0,436.0,435.6,435.7,19661,ITC
2025-01-28 13:06:00+05:30,435.7,435.85,435.5,435.7,39008,ITC
2025-01-28 13:07:00+05:30,435.7,435.75,435.35,435.5,47270,ITC
2025-01-28 13:08:00+05:30,435.6,436.1,435.35,435.85,131526,ITC
2025-01-28 13:09:00+05:30,436.0,436.5,435.9,436.05,105158,ITC
2025-01-28 13:10:00+05:30,436.1,436.4,436.0,436.1,47956,ITC
2025-01-28 13:11:00+05:30,436.1,436.3,436.0,436.15,16099,ITC
2025-01-28 13:12:00+05:30,436.15,436.3,436.05,436.1,16345,ITC
2025-01-28 13:13:00+05:30,436.05,436.3,436.0,436.25,20626,ITC
2025-01-28 13:14:00+05:30,436.25,436.3,436.0,436.15,36151,ITC
2025-01-28 13:15:00+05:30,436.15,436.25,436.0,436.05,43813,ITC
2025-01-28 13:16:00+05:30,436.0,436.3,435.85,435.85,68921,ITC
2025-01-28 13:17:00+05:30,435.95,436.2,435.75,435.9,17686,ITC
2025-01-28 13:18:00+05:30,435.9,436.25,435.85,436.2,21035,ITC
2025-01-28 13:19:00+05:30,436.2,436.25,435.95,436.15,22086,ITC
2025-01-28 13:20:00+05:30,436.1,436.25,435.95,436.1,12020,ITC
2025-01-28 13:21:00+05:30,436.0,436.3,435.9,436.15,39238,ITC
2025-01-28 13:22:00+05:30,436.05,436.25,436.0,436.0,19543,ITC
2025-01-28 13:23:00+05:30,436.1,436.2,435.55,435.6,90624,ITC
2025-01-28 13:24:00+05:30,435.6,435.95,435.5,435.8,57501,ITC
2025-01-28 13:25:00+05:30,435.8,435.85,435.35,435.35,47672,ITC
2025-01-28 13:26:00+05:30,435.5,435.55,435.05,435.15,54781,ITC
2025-01-28 13:27:00+05:30,435.15,435.3,435.0,435.0,55436,ITC
2025-01-28 13:28:00+05:30,435.05,435.65,435.0,435.6,61262,ITC
2025-01-28 13:29:00+05:30,435.6,436.1,435.35,435.35,46696,ITC
2025-01-28 13:30:00+05:30,435.35,435.55,435.15,435.25,32554,ITC
2025-01-28 13:31:00+05:30,435.2,435.4,435.0,435.0,51098,ITC
2025-01-28 13:32:00+05:30,435.0,435.15,434.65,435.05,75142,ITC
2025-01-28 13:33:00+05:30,435.05,435.35,434.85,435.05,51713,ITC
2025-01-28 13:34:00+05:30,435.1,435.4,435.0,435.15,22010,ITC
2025-01-28 13:35:00+05:30,435.3,435.35,435.0,435.05,15902,ITC
2025-01-28 13:36:00+05:30,435.05,435.1,434.5,434.85,74935,ITC
2025-01-28 13:37:00+05:30,434.7,434.95,434.6,434.75,20186,ITC
2025-01-28 13:38:00+05:30,434.75,434.85,434.55,434.7,16359,ITC
2025-01-28 13:39:00+05:30,434.7,435.0,434.55,434.95,17245,ITC
2025-01-28 13:40:00+05:30,434.85,436.0,434.85,435.8,113373,ITC
2025-01-28 13:41:00+05:30,436.0,436.2,435.6,436.1,113429,ITC
2025-01-28 13:42:00+05:30,436.1,436.2,435.8,436.1,38412,ITC
2025-01-28 13:43:00+05:30,436.0,436.15,435.75,435.95,23359,ITC
2025-01-28 13:44:00+05:30,435.95,436.2,435.7,435.95,31850,ITC
2025-01-28 13:45:00+05:30,435.9,436.1,435.65,435.9,84145,ITC
2025-01-28 13:46:00+05:30,435.75,436.1,435.65,436.05,56688,ITC
2025-01-28 13:47:00+05:30,436.0,436.0,435.75,435.75,14435,ITC
2025-01-28 13:48:00+05:30,435.75,436.0,435.7,435.95,22880,ITC
2025-01-28 13:49:00+05:30,435.95,436.1,435.75,436.0,42095,ITC
2025-01-28 13:50:00+05:30,435.8,436.1,435.0,435.15,326035,ITC
2025-01-28 13:51:00+05:30,435.2,435.85,435.0,435.5,125534,ITC
2025-01-28 13:52:00+05:30,435.4,435.65,435.0,435.6,162464,ITC
2025-01-28 13:53:00+05:30,435.65,435.85,435.35,435.75,32799,ITC
2025-01-28 13:54:00+05:30,435.75,435.9,435.55,435.85,18082,ITC
2025-01-28 13:55:00+05:30,435.85,435.95,435.6,435.8,49163,ITC
2025-01-28 13:56:00+05:30,435.8,435.95,435.6,435.85,23098,ITC
2025-01-28 13:57:00+05:30,435.85,435.95,435.6,435.75,21688,ITC
2025-01-28 13:58:00+05:30,435.75,435.95,435.55,435.9,32004,ITC
2025-01-28 13:59:00+05:30,435.9,436.2,435.85,435.9,56715,ITC
2025-01-28 14:00:00+05:30,435.9,436.1,435.8,435.9,29821,ITC
2025-01-28 14:01:00+05:30,435.9,436.1,435.65,435.75,26091,ITC
2025-01-28 14:02:00+05:30,435.75,436.0,435.6,435.85,22528,ITC
2025-01-28 14:03:00+05:30,435.85,435.95,435.6,435.65,49236,ITC
2025-01-28 14:04:00+05:30,435.8,435.85,435.6,435.6,37775,ITC
2025-01-28 14:05:00+05:30,435.55,435.8,435.45,435.65,38609,ITC
2025-01-28 14:06:00+05:30,435.65,435.8,435.5,435.6,36381,ITC
2025-01-28 14:07:00+05:30,435.6,435.7,435.35,435.5,54009,ITC
2025-01-28 14:08:00+05:30,435.5,436.2,435.45,436.0,249882,ITC
2025-01-28 14:09:00+05:30,436.05,436.75,436.0,436.6,104742,ITC
2025-01-28 14:10:00+05:30,436.5,436.7,436.5,436.55,44259,ITC
2025-01-28 14:11:00+05:30,436.55,436.6,436.1,436.25,169372,ITC
2025-01-28 14:12:00+05:30,436.25,436.5,436.1,436.3,45731,ITC
2025-01-28 14:13:00+05:30,436.3,436.5,436.1,436.3,15320,ITC
2025-01-28 14:14:00+05:30,436.3,436.35,436.0,436.0,19588,ITC
2025-01-28 14:15:00+05:30,436.05,436.25,436.0,436.05,16101,ITC
2025-01-28 14:16:00+05:30,436.15,436.6,436.0,436.55,75008,ITC
2025-01-28 14:17:00+05:30,436.6,436.9,436.45,436.8,129323,ITC
2025-01-28 14:18:00+05:30,436.75,436.8,436.5,436.65,19626,ITC
2025-01-28 14:19:00+05:30,436.65,436.65,436.3,436.35,21578,ITC
2025-01-28 14:20:00+05:30,436.45,436.5,436.2,436.3,6986,ITC
2025-01-28 14:21:00+05:30,436.3,436.8,436.25,436.55,32651,ITC
2025-01-28 14:22:00+05:30,436.5,436.75,436.5,436.6,16582,ITC
2025-01-28 14:23:00+05:30,436.55,436.75,436.5,436.5,16830,ITC
2025-01-28 14:24:00+05:30,436.5,436.7,436.5,436.5,24280,ITC
2025-01-28 14:25:00+05:30,436.65,437.0,436.5,436.7,49080,ITC
2025-01-28 14:26:00+05:30,436.8,437.9,436.7,437.7,113880,ITC
2025-01-28 14:27:00+05:30,437.9,438.25,437.55,437.8,142668,ITC
2025-01-28 14:28:00+05:30,437.8,438.0,437.6,437.65,21954,ITC
2025-01-28 14:29:00+05:30,437.65,437.8,437.4,437.65,26839,ITC
2025-01-28 14:30:00+05:30,437.65,437.9,437.55,437.75,45762,ITC
2025-01-28 14:31:00+05:30,437.75,438.0,437.45,437.9,32897,ITC
2025-01-28 14:32:00+05:30,437.9,438.0,437.65,437.7,45043,ITC
2025-01-28 14:33:00+05:30,437.7,438.15,437.7,438.0,67879,ITC
2025-01-28 14:34:00+05:30,438.05,438.25,437.9,438.05,53612,ITC
2025-01-28 14:35:00+05:30,438.2,438.8,438.05,438.45,119607,ITC
2025-01-28 14:36:00+05:30,438.55,438.85,438.3,438.3,72060,ITC
2025-01-28 14:37:00+05:30,438.3,438.55,438.0,438.1,20778,ITC
2025-01-28 14:38:00+05:30,438.15,438.55,438.0,438.15,31491,ITC
2025-01-28 14:39:00+05:30,438.15,438.45,438.05,438.05,18956,ITC
2025-01-28 14:40:00+05:30,438.05,438.35,438.0,438.15,25448,ITC
2025-01-28 14:41:00+05:30,438.0,438.15,438.0,438.05,25258,ITC
2025-01-28 14:42:00+05:30,438.0,438.3,438.0,438.2,44954,ITC
2025-01-28 14:43:00+05:30,438.2,438.25,438.0,438.0,32562,ITC
2025-01-28 14:44:00+05:30,438.2,438.3,438.0,438.15,229041,ITC
2025-01-28 14:45:00+05:30,438.15,438.55,438.0,438.25,77369,ITC
2025-01-28 14:46:00+05:30,438.15,438.4,437.75,437.8,441257,ITC
2025-01-28 14:47:00+05:30,437.8,438.0,437.2,437.85,271455,ITC
2025-01-28 14:48:00+05:30,437.8,438.45,437.75,438.05,87338,ITC
2025-01-28 14:49:00+05:30,438.05,438.2,438.0,438.0,106139,ITC
2025-01-28 14:50:00+05:30,438.2,438.2,437.15,437.3,117542,ITC
2025-01-28 14:51:00+05:30,437.25,437.45,436.0,436.3,349624,ITC
2025-01-28 14:52:00+05:30,436.25,437.7,436.25,437.0,354674,ITC
2025-01-28 14:53:00+05:30,437.1,437.1,436.2,436.6,100226,ITC
2025-01-28 14:54:00+05:30,436.6,437.5,435.8,436.0,307931,ITC
2025-01-28 14:55:00+05:30,436.1,436.3,435.05,435.1,62942,ITC
2025-01-28 14:56:00+05:30,435.25,436.3,435.2,435.85,123162,ITC
2025-01-28 14:57:00+05:30,435.85,437.1,434.9,435.0,478508,ITC
2025-01-28 14:58:00+05:30,435.1,435.6,434.6,434.95,193005,ITC
2025-01-28 14:59:00+05:30,434.95,435.95,434.95,435.8,251111,ITC
2025-01-28 15:00:00+05:30,435.8,435.95,435.2,435.5,178405,ITC
2025-01-28 15:01:00+05:30,435.55,435.75,435.05,435.65,101400,ITC
2025-01-28 15:02:00+05:30,435.65,435.95,435.3,435.85,145434,ITC
2025-01-28 15:03:00+05:30,435.85,436.4,435.7,435.85,210479,ITC
2025-01-28 15:04:00+05:30,436.0,436.35,435.5,435.65,121291,ITC
2025-01-28 15:05:00+05:30,435.65,435.75,435.1,435.6,151756,ITC
2025-01-28 15:06:00+05:30,435.6,435.95,435.35,435.5,47448,ITC
2025-01-28 15:07:00+05:30,435.5,435.6,435.05,435.5,45393,ITC
2025-01-28 15:08:00+05:30,435.5,435.6,434.9,435.0,49050,ITC
2025-01-28 15:09:00+05:30,435.0,435.55,435.0,435.55,51450,ITC
2025-01-28 15:10:00+05:30,435.5,435.9,435.4,435.5,41201,ITC
2025-01-28 15:11:00+05:30,435.55,435.55,435.15,435.15,25079,ITC
2025-01-28 15:12:00+05:30,435.35,435.35,435.0,435.2,44018,ITC
2025-01-28 15:13:00+05:30,435.15,435.4,435.0,435.05,42306,ITC
2025-01-28 15:14:00+05:30,435.15,435.5,435.05,435.25,35167,ITC
2025-01-28 15:15:00+05:30,435.3,435.3,435.0,435.1,43517,ITC
2025-01-28 15:16:00+05:30,435.2,435.35,435.05,435.15,20872,ITC
2025-01-28 15:17:00+05:30,435.15,435.3,435.0,435.1,28397,ITC
2025-01-28 15:18:00+05:30,435.25,435.3,435.0,435.15,35656,ITC
2025-01-28 15:19:00+05:30,435.2,435.4,435.05,435.25,25866,ITC
2025-01-28 15:20:00+05:30,435.2,435.25,434.75,434.85,44725,ITC
2025-01-28 15:21:00+05:30,434.95,435.0,434.75,434.8,26975,ITC
2025-01-28 15:22:00+05:30,434.85,435.0,434.65,434.75,23194,ITC
2025-01-28 15:23:00+05:30,434.75,435.0,434.7,434.8,38125,ITC
2025-01-28 15:24:00+05:30,434.8,435.0,434.75,434.95,29555,ITC
2025-01-28 15:25:00+05:30,435.0,435.5,434.95,435.2,113221,ITC
2025-01-28 15:26:00+05:30,435.35,435.35,435.0,435.0,27328,ITC
2025-01-28 15:27:00+05:30,435.05,435.2,434.8,435.0,22395,ITC
2025-01-28 15:28:00+05:30,435.0,435.1,434.8,434.85,20502,ITC
2025-01-28 15:29:00+05:30,434.8,435.0,434.55,434.65,53623,ITC
2025-01-29 09:15:00+05:30,435.95,437.5,434.3,436.9,92611,ITC
2025-01-29 09:16:00+05:30,436.7,436.9,435.6,436.25,59987,ITC
2025-01-29 09:17:00+05:30,436.2,436.25,434.3,434.8,41967,ITC
2025-01-29 09:18:00+05:30,434.8,434.95,434.25,434.55,38326,ITC
2025-01-29 09:19:00+05:30,434.55,435.35,434.05,435.35,34099,ITC
2025-01-29 09:20:00+05:30,435.35,435.45,434.75,435.2,23216,ITC
2025-01-29 09:21:00+05:30,435.1,435.5,434.45,434.8,85910,ITC
2025-01-29 09:22:00+05:30,434.8,435.9,434.45,435.9,34667,ITC
2025-01-29 09:23:00+05:30,435.85,435.85,435.05,435.1,22614,ITC
2025-01-29 09:24:00+05:30,435.25,435.25,434.4,434.75,17261,ITC
2025-01-29 09:25:00+05:30,434.7,434.7,434.1,434.35,12474,ITC
2025-01-29 09:26:00+05:30,434.35,434.65,434.05,434.45,15091,ITC
2025-01-29 09:27:00+05:30,434.65,434.7,433.75,434.0,49936,ITC
2025-01-29 09:28:00+05:30,433.8,434.05,433.45,433.85,22284,ITC
2025-01-29 09:29:00+05:30,433.85,434.0,433.55,433.9,19727,ITC
2025-01-29 09:30:00+05:30,433.9,434.15,433.5,433.95,23431,ITC
2025-01-29 09:31:00+05:30,434.0,434.55,433.9,434.55,18724,ITC
2025-01-29 09:32:00+05:30,434.5,434.55,433.75,434.0,8243,ITC
2025-01-29 09:33:00+05:30,433.95,434.0,433.5,433.9,20725,ITC
2025-01-29 09:34:00+05:30,433.85,434.05,433.7,433.95,11326,ITC
2025-01-29 09:35:00+05:30,433.95,434.15,433.55,433.95,13923,ITC
2025-01-29 09:36:00+05:30,433.85,434.3,433.6,433.65,6969,ITC
2025-01-29 09:37:00+05:30,433.8,434.0,432.85,433.05,61237,ITC
2025-01-29 09:38:00+05:30,433.05,433.2,432.55,432.7,37165,ITC
2025-01-29 09:39:00+05:30,432.7,432.7,432.05,432.45,49341,ITC
2025-01-29 09:40:00+05:30,432.45,432.9,432.05,432.6,18801,ITC
2025-01-29 09:41:00+05:30,432.5,433.35,432.5,433.25,15134,ITC
2025-01-29 09:42:00+05:30,433.2,433.75,433.1,433.65,26433,ITC
2025-01-29 09:43:00+05:30,433.6,434.4,433.45,434.05,45236,ITC
2025-01-29 09:44:00+05:30,434.0,434.0,433.05,433.45,16907,ITC
2025-01-29 09:45:00+05:30,433.5,433.75,433.2,433.35,13829,ITC
2025-01-29 09:46:00+05:30,433.15,433.2,432.8,433.1,20775,ITC
2025-01-29 09:47:00+05:30,433.1,433.45,433.0,433.3,14615,ITC
2025-01-29 09:48:00+05:30,433.2,433.3,432.7,432.95,18949,ITC
2025-01-29 09:49:00+05:30,432.95,433.3,432.65,433.1,19919,ITC
2025-01-29 09:50:00+05:30,433.05,433.15,432.65,432.8,11576,ITC
2025-01-29 09:51:00+05:30,432.65,432.95,432.65,432.85,8473,ITC
2025-01-29 09:52:00+05:30,432.9,433.2,432.8,433.0,16866,ITC
2025-01-29 09:53:00+05:30,433.2,433.75,433.05,433.6,20868,ITC
2025-01-29 09:54:00+05:30,433.6,433.65,433.0,433.3,34181,ITC
2025-01-29 09:55:00+05:30,433.3,433.85,433.3,433.55,14180,ITC
2025-01-29 09:56:00+05:30,433.6,433.65,433.2,433.4,17844,ITC
2025-01-29 09:57:00+05:30,433.4,433.7,433.1,433.5,13301,ITC
2025-01-29 09:58:00+05:30,433.5,433.7,433.3,433.45,10916,ITC
2025-01-29 09:59:00+05:30,433.45,434.45,433.3,434.4,28377,ITC
2025-01-29 10:00:00+05:30,434.3,434.4,433.95,434.25,11472,ITC
2025-01-29 10:01:00+05:30,434.15,434.25,433.45,433.75,46465,ITC
2025-01-29 10:02:00+05:30,433.75,433.8,433.45,433.55,21229,ITC
2025-01-29 10:03:00+05:30,433.7,433.7,432.8,433.0,87253,ITC
2025-01-29 10:04:00+05:30,433.0,433.45,432.85,433.15,43352,ITC
2025-01-29 10:05:00+05:30,433.05,433.15,432.5,432.6,24588,ITC
2025-01-29 10:06:00+05:30,432.55,432.9,432.5,432.7,16249,ITC
2025-01-29 10:07:00+05:30,432.7,432.7,432.5,432.65,19367,ITC
2025-01-29 10:08:00+05:30,432.65,432.65,432.4,432.5,18098,ITC
2025-01-29 10:09:00+05:30,432.6,432.9,432.5,432.7,14667,ITC
2025-01-29 10:10:00+05:30,432.75,433.45,432.75,433.35,17984,ITC
2025-01-29 10:11:00+05:30,433.3,433.3,432.8,432.95,13004,ITC
2025-01-29 10:12:00+05:30,432.9,432.9,432.6,432.8,9955,ITC
2025-01-29 10:13:00+05:30,432.8,432.85,432.6,432.8,13717,ITC
2025-01-29 10:14:00+05:30,432.8,432.8,432.25,432.25,24650,ITC
2025-01-29 10:15:00+05:30,432.25,432.65,432.1,432.6,16466,ITC
2025-01-29 10:16:00+05:30,432.6,432.95,432.4,432.55,24501,ITC
2025-01-29 10:17:00+05:30,432.55,432.75,432.35,432.5,14485,ITC
2025-01-29 10:18:00+05:30,432.7,434.0,432.5,434.0,96056,ITC
2025-01-29 10:19:00+05:30,434.0,434.25,433.7,434.2,72355,ITC
2025-01-29 10:20:00+05:30,434.25,434.85,434.05,434.7,54161,ITC
2025-01-29 10:21:00+05:30,434.8,435.0,434.65,434.9,30285,ITC
2025-01-29 10:22:00+05:30,434.9,434.9,434.25,434.4,40286,ITC
2025-01-29 10:23:00+05:30,434.4,434.8,434.1,434.55,30434,ITC
2025-01-29 10:24:00+05:30,434.5,434.7,434.05,434.6,23053,ITC
2025-01-29 10:25:00+05:30,434.6,434.6,434.25,434.45,12915,ITC
2025-01-29 10:26:00+05:30,434.4,434.45,434.05,434.2,12440,ITC
2025-01-29 10:27:00+05:30,434.25,434.25,433.8,434.15,30644,ITC
2025-01-29 10:28:00+05:30,434.1,434.45,434.1,434.4,7264,ITC
2025-01-29 10:29:00+05:30,434.45,434.9,434.45,434.75,17805,ITC
2025-01-29 10:30:00+05:30,434.75,434.85,434.2,434.5,16785,ITC
2025-01-29 10:31:00+05:30,434.5,434.7,434.25,434.5,16176,ITC
2025-01-29 10:32:00+05:30,434.55,434.7,434.25,434.3,18311,ITC
2025-01-29 10:33:00+05:30,434.3,434.55,434.15,434.55,20583,ITC
2025-01-29 10:34:00+05:30,434.55,434.95,434.5,434.95,15076,ITC
2025-01-29 10:35:00+05:30,434.95,435.4,434.85,435.0,36094,ITC
2025-01-29 10:36:00+05:30,435.05,435.15,434.0,434.3,106253,ITC
2025-01-29 10:37:00+05:30,434.25,434.3,433.65,433.95,35180,ITC
2025-01-29 10:38:00+05:30,433.95,433.95,432.7,432.95,236338,ITC
2025-01-29 10:39:00+05:30,432.9,433.2,432.8,433.0,43649,ITC
2025-01-29 10:40:00+05:30,432.95,433.0,432.8,433.0,23633,ITC
2025-01-29 10:41:00+05:30,432.95,433.0,432.9,432.95,14999,ITC
2025-01-29 10:42:00+05:30,432.9,433.2,432.9,433.0,39892,ITC
2025-01-29 10:43:00+05:30,432.95,433.0,432.85,432.95,32514,ITC
2025-01-29 10:44:00+05:30,432.9,433.0,432.55,432.75,27064,ITC
2025-01-29 10:45:00+05:30,432.55,432.75,432.5,432.65,19011,ITC
2025-01-29 10:46:00+05:30,432.65,432.9,432.65,432.75,13293,ITC
2025-01-29 10:47:00+05:30,432.65,432.85,432.4,432.55,41627,ITC
2025-01-29 10:48:00+05:30,432.55,432.9,432.3,432.75,18065,ITC
2025-01-29 10:49:00+05:30,432.75,432.9,431.4,431.5,343672,ITC
2025-01-29 10:50:00+05:30,431.5,431.75,431.5,431.7,22657,ITC
2025-01-29 10:51:00+05:30,431.75,431.9,431.7,431.8,13325,ITC
2025-01-29 10:52:00+05:30,431.8,432.0,431.8,431.85,22039,ITC
2025-01-29 10:53:00+05:30,431.85,431.95,431.65,431.65,21967,ITC
2025-01-29 10:54:00+05:30,431.65,433.05,431.55,432.2,227521,ITC
2025-01-29 10:55:00+05:30,432.15,432.15,431.6,431.9,54252,ITC
2025-01-29 10:56:00+05:30,431.9,432.0,431.75,431.9,14366,ITC
2025-01-29 10:57:00+05:30,431.9,432.0,431.75,431.9,23335,ITC
2025-01-29 10:58:00+05:30,431.75,432.35,431.75,432.3,95767,ITC
2025-01-29 10:59:00+05:30,432.25,432.35,431.9,432.2,120946,ITC
2025-01-29 11:00:00+05:30,432.2,432.55,431.85,432.05,44386,ITC
2025-01-29 11:01:00+05:30,432.0,432.35,432.0,432.25,17757,ITC
2025-01-29 11:02:00+05:30,432.2,432.4,432.1,432.15,15683,ITC
2025-01-29 11:03:00+05:30,432.1,432.2,431.8,432.0,28885,ITC
2025-01-29 11:04:00+05:30,432.0,432.2,431.95,432.1,10327,ITC
2025-01-29 11:05:00+05:30,432.05,432.15,431.85,431.85,13924,ITC
2025-01-29 11:06:00+05:30,431.85,432.0,431.5,431.6,28018,ITC
2025-01-29 11:07:00+05:30,431.5,431.8,431.5,431.7,22571,ITC
2025-01-29 11:08:00+05:30,431.65,432.05,431.5,431.7,155622,ITC
2025-01-29 11:09:00+05:30,431.9,432.0,431.7,431.9,12053,ITC
2025-01-29 11:10:00+05:30,432.0,432.0,431.8,431.85,13704,ITC
2025-01-29 11:11:00+05:30,431.85,432.0,431.8,431.85,10836,ITC
2025-01-29 11:12:00+05:30,431.85,432.0,431.8,431.8,8001,ITC
2025-01-29 11:13:00+05:30,431.8,431.9,431.45,431.45,19570,ITC
2025-01-29 11:14:00+05:30,431.45,431.8,431.4,431.8,24857,ITC
2025-01-29 11:15:00+05:30,431.8,431.8,431.5,431.65,11352,ITC
2025-01-29 11:16:00+05:30,431.55,431.7,431.4,431.4,14303,ITC
2025-01-29 11:17:00+05:30,431.45,431.6,431.4,431.5,15182,ITC
2025-01-29 11:18:00+05:30,431.45,431.65,431.45,431.5,9237,ITC
2025-01-29 11:19:00+05:30,431.6,431.65,431.5,431.5,11493,ITC
2025-01-29 11:20:00+05:30,431.5,431.65,431.45,431.45,18642,ITC
2025-01-29 11:21:00+05:30,431.45,431.6,431.45,431.5,13894,ITC
2025-01-29 11:22:00+05:30,431.5,432.0,431.5,431.9,40116,ITC
2025-01-29 11:23:00+05:30,431.9,432.0,430.45,430.6,264072,ITC
2025-01-29 11:24:00+05:30,430.5,431.0,430.1,430.35,103972,ITC
2025-01-29 11:25:00+05:30,430.4,431.0,430.25,430.9,33474,ITC
2025-01-29 11:26:00+05:30,430.9,431.3,430.75,431.15,37633,ITC
2025-01-29 11:27:00+05:30,431.15,431.6,431.15,431.25,35687,ITC
2025-01-29 11:28:00+05:30,431.25,431.5,431.25,431.4,9059,ITC
2025-01-29 11:29:00+05:30,431.4,431.55,431.25,431.5,11901,ITC
2025-01-29 11:30:00+05:30,431.5,431.9,431.45,431.85,24591,ITC
2025-01-29 11:31:00+05:30,431.9,432.45,431.9,432.1,164375,ITC
2025-01-29 11:32:00+05:30,432.25,432.5,431.9,431.9,32306,ITC
2025-01-29 11:33:00+05:30,432.0,432.05,431.65,431.75,22148,ITC
2025-01-29 11:34:00+05:30,431.75,431.95,431.75,431.85,10992,ITC
2025-01-29 11:35:00+05:30,431.9,431.95,431.65,431.85,21924,ITC
2025-01-29 11:36:00+05:30,431.8,432.05,431.75,431.95,15646,ITC
2025-01-29 11:37:00+05:30,431.95,432.2,431.8,431.95,26847,ITC
2025-01-29 11:38:00+05:30,432.0,432.25,431.75,431.75,30237,ITC
2025-01-29 11:39:00+05:30,431.9,432.25,431.8,432.05,33559,ITC
2025-01-29 11:40:00+05:30,432.05,432.05,431.75,431.75,12467,ITC
2025-01-29 11:41:00+05:30,431.8,431.9,431.3,431.4,23309,ITC
2025-01-29 11:42:00+05:30,431.55,431.55,431.2,431.4,16208,ITC
2025-01-29 11:43:00+05:30,431.4,431.55,431.35,431.4,10088,ITC
2025-01-29 11:44:00+05:30,431.4,431.55,431.3,431.35,13690,ITC
2025-01-29 11:45:00+05:30,431.35,431.55,431.35,431.35,9602,ITC
2025-01-29 11:46:00+05:30,431.45,431.65,431.2,431.55,16010,ITC
2025-01-29 11:47:00+05:30,431.6,431.75,431.4,431.7,11314,ITC
2025-01-29 11:48:00+05:30,431.75,432.0,431.7,431.9,24215,ITC
2025-01-29 11:49:00+05:30,431.95,432.4,431.85,432.05,75123,ITC
2025-01-29 11:50:00+05:30,432.1,432.2,431.85,431.9,14026,ITC
2025-01-29 11:51:00+05:30,431.9,432.0,431.7,431.8,15097,ITC
2025-01-29 11:52:00+05:30,431.95,432.0,431.8,431.9,8869,ITC
2025-01-29 11:53:00+05:30,431.95,432.0,431.7,431.95,35842,ITC
2025-01-29 11:54:00+05:30,431.9,432.25,431.9,432.1,35203,ITC
2025-01-29 11:55:00+05:30,432.1,432.4,432.05,432.3,19095,ITC
2025-01-29 11:56:00+05:30,432.3,432.95,432.3,432.95,33751,ITC
2025-01-29 11:57:00+05:30,432.75,432.95,432.6,432.7,34759,ITC
2025-01-29 11:58:00+05:30,432.7,432.85,432.6,432.75,22658,ITC
2025-01-29 11:59:00+05:30,432.75,432.85,432.6,432.7,13869,ITC
2025-01-29 12:00:00+05:30,432.75,432.8,431.9,431.9,207932,ITC
2025-01-29 12:01:00+05:30,432.0,432.2,431.5,431.85,412985,ITC
2025-01-29 12:02:00+05:30,431.9,432.0,431.4,431.85,165457,ITC
2025-01-29 12:03:00+05:30,431.9,432.05,431.85,431.9,382089,ITC
2025-01-29 12:04:00+05:30,431.95,432.0,431.9,431.95,13089,ITC
2025-01-29 12:05:00+05:30,432.0,432.0,431.75,431.8,26303,ITC
2025-01-29 12:06:00+05:30,431.95,431.95,431.6,431.65,19986,ITC
2025-01-29 12:07:00+05:30,431.65,432.0,431.65,431.85,21746,ITC
2025-01-29 12:08:00+05:30,431.95,432.0,431.65,431.7,15467,ITC
2025-01-29 12:09:00+05:30,431.8,431.95,431.65,431.9,9790,ITC
2025-01-29 12:10:00+05:30,431.95,432.0,431.85,431.95,9137,ITC
2025-01-29 12:11:00+05:30,432.0,432.8,431.9,432.65,104518,ITC
2025-01-29 12:12:00+05:30,432.75,433.45,432.65,433.35,47852,ITC
2025-01-29 12:13:00+05:30,433.35,433.65,433.3,433.3,20993,ITC
2025-01-29 12:14:00+05:30,433.3,433.45,433.1,433.35,40969,ITC
2025-01-29 12:15:00+05:30,433.3,433.45,433.05,433.3,41949,ITC
2025-01-29 12:16:00+05:30,433.4,433.4,433.25,433.3,11122,ITC
2025-01-29 12:17:00+05:30,433.3,434.4,433.25,434.25,44365,ITC
2025-01-29 12:18:00+05:30,434.25,434.7,433.75,433.75,22621,ITC
2025-01-29 12:19:00+05:30,433.75,434.05,433.75,433.85,17898,ITC
2025-01-29 12:20:00+05:30,434.0,434.0,433.85,433.85,17782,ITC
2025-01-29 12:21:00+05:30,433.95,434.0,433.5,433.65,21438,ITC
2025-01-29 12:22:00+05:30,433.65,433.8,433.4,433.6,19579,ITC
2025-01-29 12:23:00+05:30,433.7,433.8,433.5,433.55,11968,ITC
2025-01-29 12:24:00+05:30,433.55,433.95,433.55,433.65,14115,ITC
2025-01-29 12:25:00+05:30,433.9,434.5,433.65,434.5,48770,ITC
2025-01-29 12:26:00+05:30,434.5,434.5,434.05,434.3,20029,ITC
2025-01-29 12:27:00+05:30,434.4,434.45,434.15,434.15,19174,ITC
2025-01-29 12:28:00+05:30,434.2,434.35,434.15,434.2,14577,ITC
2025-01-29 12:29:00+05:30,434.15,434.25,434.0,434.05,13478,ITC
2025-01-29 12:30:00+05:30,434.25,434.95,434.05,434.85,85205,ITC
2025-01-29 12:31:00+05:30,434.75,434.85,434.7,434.7,17292,ITC
2025-01-29 12:32:00+05:30,434.75,434.9,434.5,434.85,33441,ITC
2025-01-29 12:33:00+05:30,434.9,435.5,434.8,435.3,107588,ITC
2025-01-29 12:34:00+05:30,435.25,435.5,435.15,435.45,25836,ITC
2025-01-29 12:35:00+05:30,435.5,436.0,435.45,435.9,41187,ITC
2025-01-29 12:36:00+05:30,436.0,436.25,435.8,436.25,83416,ITC
2025-01-29 12:37:00+05:30,436.25,436.4,436.0,436.15,25125,ITC
2025-01-29 12:38:00+05:30,436.2,436.25,433.8,434.0,623401,ITC
2025-01-29 12:39:00+05:30,434.0,434.4,433.0,433.15,260768,ITC
2025-01-29 12:40:00+05:30,433.05,433.75,432.85,433.55,56883,ITC
2025-01-29 12:41:00+05:30,433.65,433.95,433.5,433.65,36773,ITC
2025-01-29 12:42:00+05:30,433.7,434.3,433.65,433.9,36678,ITC
2025-01-29 12:43:00+05:30,433.9,434.1,433.35,433.55,45678,ITC
2025-01-29 12:44:00+05:30,433.6,434.0,433.6,433.9,19219,ITC
2025-01-29 12:45:00+05:30,433.95,434.4,433.9,434.15,25642,ITC
2025-01-29 12:46:00+05:30,434.25,434.3,434.0,434.15,16912,ITC
2025-01-29 12:47:00+05:30,434.2,434.3,433.75,433.9,23084,ITC
2025-01-29 12:48:00+05:30,433.9,434.05,433.0,433.1,34380,ITC
2025-01-29 12:49:00+05:30,433.15,433.7,433.0,433.4,49431,ITC
2025-01-29 12:50:00+05:30,433.4,433.7,433.3,433.6,20472,ITC
2025-01-29 12:51:00+05:30,433.55,433.6,433.15,433.25,15786,ITC
2025-01-29 12:52:00+05:30,433.25,433.45,433.1,433.3,19384,ITC
2025-01-29 12:53:00+05:30,433.3,434.0,433.25,433.8,52402,ITC
2025-01-29 12:54:00+05:30,433.85,434.0,433.7,433.85,26568,ITC
2025-01-29 12:55:00+05:30,433.8,434.0,433.75,433.9,17557,ITC
2025-01-29 12:56:00+05:30,433.9,434.0,433.7,433.8,18644,ITC
2025-01-29 12:57:00+05:30,433.85,434.05,433.8,434.0,38330,ITC
2025-01-29 12:58:00+05:30,434.0,434.2,433.85,434.05,18307,ITC
2025-01-29 12:59:00+05:30,434.05,434.4,433.7,433.7,26244,ITC
2025-01-29 13:00:00+05:30,433.7,434.0,433.7,433.75,15005,ITC
2025-01-29 13:01:00+05:30,433.75,434.05,433.6,433.6,37339,ITC
2025-01-29 13:02:00+05:30,433.6,433.65,433.0,433.15,36940,ITC
2025-01-29 13:03:00+05:30,433.15,433.4,432.8,432.9,93623,ITC
2025-01-29 13:04:00+05:30,432.9,433.65,432.85,433.35,56167,ITC
2025-01-29 13:05:00+05:30,433.35,433.5,433.2,433.25,25855,ITC
2025-01-29 13:06:00+05:30,433.3,433.55,433.2,433.4,32370,ITC
2025-01-29 13:07:00+05:30,433.45,433.55,433.25,433.35,18379,ITC
2025-01-29 13:08:00+05:30,433.35,433.45,433.15,433.25,20855,ITC
2025-01-29 13:09:00+05:30,433.3,433.5,433.2,433.35,30552,ITC
2025-01-29 13:10:00+05:30,433.35,433.65,433.3,433.45,30277,ITC
2025-01-29 13:11:00+05:30,433.45,433.8,433.45,433.65,18246,ITC
2025-01-29 13:12:00+05:30,433.65,433.75,433.3,433.3,22422,ITC
2025-01-29 13:13:00+05:30,433.3,433.5,433.05,433.15,26105,ITC
2025-01-29 13:14:00+05:30,433.15,433.45,433.0,433.25,74470,ITC
2025-01-29 13:15:00+05:30,433.3,433.7,433.1,433.5,52721,ITC
2025-01-29 13:16:00+05:30,433.5,433.8,433.3,433.45,59614,ITC
2025-01-29 13:17:00+05:30,433.45,434.05,433.4,433.65,100161,ITC
2025-01-29 13:18:00+05:30,433.65,433.8,433.05,433.15,62341,ITC
2025-01-29 13:19:00+05:30,433.1,433.4,433.05,433.05,42768,ITC
2025-01-29 13:20:00+05:30,433.1,433.2,433.0,433.0,35031,ITC
2025-01-29 13:21:00+05:30,433.05,433.5,433.0,433.2,55567,ITC
2025-01-29 13:22:00+05:30,433.25,433.5,433.15,433.5,47485,ITC
2025-01-29 13:23:00+05:30,433.45,433.7,433.35,433.45,47592,ITC
2025-01-29 13:24:00+05:30,433.45,433.7,433.35,433.4,38637,ITC
2025-01-29 13:25:00+05:30,433.4,433.85,433.3,433.7,45780,ITC
2025-01-29 13:26:00+05:30,433.7,433.9,433.6,433.65,35567,ITC
2025-01-29 13:27:00+05:30,433.7,433.95,433.6,433.7,32389,ITC
2025-01-29 13:28:00+05:30,433.75,434.2,433.65,433.75,50051,ITC
2025-01-29 13:29:00+05:30,433.7,434.0,433.7,433.9,20692,ITC
2025-01-29 13:30:00+05:30,433.9,434.05,433.55,433.7,22987,ITC
2025-01-29 13:31:00+05:30,433.7,433.85,433.55,433.75,18927,ITC
2025-01-29 13:32:00+05:30,433.75,433.9,433.5,433.6,37595,ITC
2025-01-29 13:33:00+05:30,433.65,433.9,433.45,433.5,26356,ITC
2025-01-29 13:34:00+05:30,433.5,433.75,433.3,433.4,29213,ITC
2025-01-29 13:35:00+05:30,433.4,433.5,432.9,433.1,68310,ITC
2025-01-29 13:36:00+05:30,433.15,433.6,433.0,433.5,55325,ITC
2025-01-29 13:37:00+05:30,433.5,433.65,433.2,433.35,36029,ITC
2025-01-29 13:38:00+05:30,433.45,433.65,433.25,433.4,41625,ITC
2025-01-29 13:39:00+05:30,433.4,434.0,433.35,433.9,35799,ITC
2025-01-29 13:40:00+05:30,433.9,434.05,433.6,433.7,30770,ITC
2025-01-29 13:41:00+05:30,433.7,434.0,433.6,433.8,42606,ITC
2025-01-29 13:42:00+05:30,433.9,434.05,433.75,434.0,45063,ITC
2025-01-29 13:43:00+05:30,433.9,434.05,433.3,433.55,66327,ITC
2025-01-29 13:44:00+05:30,433.6,433.75,433.3,433.7,61408,ITC
2025-01-29 13:45:00+05:30,433.7,434.05,433.5,433.95,61275,ITC
2025-01-29 13:46:00+05:30,433.95,434.05,433.7,433.75,36208,ITC
2025-01-29 13:47:00+05:30,433.75,434.1,433.75,434.0,20611,ITC
2025-01-29 13:48:00+05:30,434.05,434.75,433.85,434.35,48982,ITC
2025-01-29 13:49:00+05:30,434.35,434.5,434.1,434.2,16972,ITC
2025-01-29 13:50:00+05:30,434.25,434.45,434.2,434.3,28676,ITC
2025-01-29 13:51:00+05:30,434.35,434.4,434.05,434.15,22024,ITC
2025-01-29 13:52:00+05:30,434.3,434.4,434.05,434.2,26124,ITC
2025-01-29 13:53:00+05:30,434.25,434.3,433.85,434.0,19453,ITC
2025-01-29 13:54:00+05:30,434.05,434.2,433.85,434.0,21001,ITC
2025-01-29 13:55:00+05:30,434.15,434.3,434.05,434.25,19568,ITC
2025-01-29 13:56:00+05:30,434.3,434.5,434.2,434.25,20458,ITC
2025-01-29 13:57:00+05:30,434.25,434.45,434.1,434.1,22035,ITC
2025-01-29 13:58:00+05:30,434.1,434.3,433.95,434.05,13397,ITC
2025-01-29 13:59:00+05:30,434.1,434.2,433.95,434.0,17745,ITC
2025-01-29 14:00:00+05:30,434.05,434.3,434.0,434.1,14519,ITC
2025-01-29 14:01:00+05:30,434.3,434.3,433.95,434.0,17505,ITC
2025-01-29 14:02:00+05:30,434.05,434.25,434.0,434.0,13780,ITC
2025-01-29 14:03:00+05:30,434.1,434.4,433.95,434.2,16446,ITC
2025-01-29 14:04:00+05:30,434.2,434.4,434.0,434.05,13320,ITC
2025-01-29 14:05:00+05:30,434.1,434.2,434.0,434.1,20504,ITC
2025-01-29 14:06:00+05:30,434.1,434.15,434.0,434.05,16974,ITC
2025-01-29 14:07:00+05:30,434.1,434.15,433.7,433.85,32488,ITC
2025-01-29 14:08:00+05:30,433.85,434.05,433.65,434.0,18237,ITC
2025-01-29 14:09:00+05:30,434.0,434.05,433.8,433.85,17261,ITC
2025-01-29 14:10:00+05:30,433.85,434.15,433.8,433.9,12438,ITC
2025-01-29 14:11:00+05:30,434.0,434.15,433.65,433.8,40659,ITC
2025-01-29 14:12:00+05:30,433.9,433.95,433.65,433.65,18225,ITC
2025-01-29 14:13:00+05:30,433.7,434.25,433.65,434.0,27281,ITC
2025-01-29 14:14:00+05:30,434.0,434.25,433.65,433.75,55147,ITC
2025-01-29 14:15:00+05:30,433.75,434.05,433.65,433.7,16259,ITC
2025-01-29 14:16:00+05:30,433.75,433.95,433.0,433.0,148368,ITC
2025-01-29 14:17:00+05:30,433.0,433.35,433.0,433.25,24644,ITC
2025-01-29 14:18:00+05:30,433.25,433.55,433.2,433.3,22605,ITC
2025-01-29 14:19:00+05:30,433.3,433.55,433.0,433.15,21094,ITC
2025-01-29 14:20:00+05:30,433.15,433.7,433.1,433.35,84041,ITC
2025-01-29 14:21:00+05:30,433.45,433.55,433.1,433.1,36849,ITC
2025-01-29 14:22:00+05:30,433.2,433.3,433.0,433.1,42568,ITC
2025-01-29 14:23:00+05:30,433.15,433.7,433.1,433.55,40591,ITC
2025-01-29 14:24:00+05:30,433.55,433.7,433.3,433.4,14318,ITC
2025-01-29 14:25:00+05:30,433.4,433.55,433.2,433.3,18379,ITC
2025-01-29 14:26:00+05:30,433.35,433.55,433.2,433.35,18845,ITC
2025-01-29 14:27:00+05:30,433.45,433.65,433.3,433.5,13220,ITC
2025-01-29 14:28:00+05:30,433.55,433.7,433.3,433.6,20146,ITC
2025-01-29 14:29:00+05:30,433.7,433.7,433.4,433.5,38615,ITC
2025-01-29 14:30:00+05:30,433.55,433.7,433.45,433.55,19339,ITC
2025-01-29 14:31:00+05:30,433.6,433.7,433.45,433.7,18699,ITC
2025-01-29 14:32:00+05:30,433.6,433.7,433.2,433.25,23222,ITC
2025-01-29 14:33:00+05:30,433.3,433.45,433.05,433.1,28049,ITC
2025-01-29 14:34:00+05:30,433.15,433.5,433.05,433.2,16221,ITC
2025-01-29 14:35:00+05:30,433.2,433.4,433.0,433.0,29992,ITC
2025-01-29 14:36:00+05:30,433.1,433.1,431.8,431.95,175677,ITC
2025-01-29 14:37:00+05:30,432.0,432.45,431.9,432.3,212969,ITC
2025-01-29 14:38:00+05:30,432.35,432.55,432.3,432.5,37841,ITC
2025-01-29 14:39:00+05:30,432.45,432.85,432.35,432.45,35635,ITC
2025-01-29 14:40:00+05:30,432.45,432.8,432.45,432.8,39445,ITC
2025-01-29 14:41:00+05:30,432.75,433.0,432.55,432.8,36800,ITC
2025-01-29 14:42:00+05:30,432.8,433.05,432.7,432.9,36423,ITC
2025-01-29 14:43:00+05:30,432.85,433.0,432.65,433.0,51685,ITC
2025-01-29 14:44:00+05:30,433.05,433.3,432.95,433.0,30439,ITC
2025-01-29 14:45:00+05:30,433.0,433.1,432.65,432.9,39052,ITC
2025-01-29 14:46:00+05:30,432.85,433.1,432.65,433.05,40403,ITC
2025-01-29 14:47:00+05:30,433.0,433.25,433.0,433.15,19354,ITC
2025-01-29 14:48:00+05:30,433.1,433.4,433.0,433.05,49626,ITC
2025-01-29 14:49:00+05:30,433.05,433.45,433.05,433.35,18140,ITC
2025-01-29 14:50:00+05:30,433.3,433.75,433.2,433.6,47023,ITC
2025-01-29 14:51:00+05:30,433.6,433.75,433.35,433.4,31159,ITC
2025-01-29 14:52:00+05:30,433.4,433.8,433.4,433.7,25096,ITC
2025-01-29 14:53:00+05:30,433.7,434.0,433.7,434.0,31353,ITC
2025-01-29 14:54:00+05:30,433.95,434.0,433.85,433.95,34777,ITC
2025-01-29 14:55:00+05:30,433.9,434.0,433.0,433.85,284487,ITC
2025-01-29 14:56:00+05:30,433.65,433.95,433.55,433.75,22686,ITC
2025-01-29 14:57:00+05:30,433.6,433.8,433.5,433.65,15970,ITC
2025-01-29 14:58:00+05:30,433.6,433.8,433.5,433.55,15648,ITC
2025-01-29 14:59:00+05:30,433.5,433.95,433.5,433.8,28330,ITC
2025-01-29 15:00:00+05:30,433.8,433.8,433.3,433.35,23883,ITC
2025-01-29 15:01:00+05:30,433.3,433.7,433.2,433.4,17969,ITC
2025-01-29 15:02:00+05:30,433.35,433.5,433.05,433.25,20126,ITC
2025-01-29 15:03:00+05:30,433.25,433.6,433.2,433.5,19133,ITC
2025-01-29 15:04:00+05:30,433.4,433.85,433.2,433.35,66411,ITC
2025-01-29 15:05:00+05:30,433.3,433.55,433.2,433.35,19655,ITC
2025-01-29 15:06:00+05:30,433.35,433.9,433.35,433.7,31104,ITC
2025-01-29 15:07:00+05:30,433.65,433.85,433.45,433.5,24505,ITC
2025-01-29 15:08:00+05:30,433.45,433.8,433.45,433.65,19566,ITC
2025-01-29 15:09:00+05:30,433.65,433.9,433.5,433.85,26595,ITC
2025-01-29 15:10:00+05:30,433.8,433.8,433.25,433.4,55148,ITC
2025-01-29 15:11:00+05:30,433.4,433.6,433.2,433.35,27494,ITC
2025-01-29 15:12:00+05:30,433.35,433.7,433.35,433.55,30138,ITC
2025-01-29 15:13:00+05:30,433.5,433.75,433.3,433.45,37184,ITC
2025-01-29 15:14:00+05:30,433.45,433.55,433.25,433.35,23021,ITC
2025-01-29 15:15:00+05:30,433.3,433.5,433.1,433.3,29656,ITC
2025-01-29 15:16:00+05:30,433.3,433.5,433.2,433.35,27011,ITC
2025-01-29 15:17:00+05:30,433.45,433.5,433.25,433.4,54656,ITC
2025-01-29 15:18:00+05:30,433.4,433.5,433.2,433.4,42804,ITC
2025-01-29 15:19:00+05:30,433.4,433.45,433.25,433.3,27698,ITC
2025-01-29 15:20:00+05:30,433.3,433.5,433.25,433.35,55398,ITC
2025-01-29 15:21:00+05:30,433.4,433.5,433.25,433.35,30313,ITC
2025-01-29 15:22:00+05:30,433.4,433.5,433.15,433.15,27157,ITC
2025-01-29 15:23:00+05:30,433.15,433.35,433.05,433.1,31346,ITC
2025-01-29 15:24:00+05:30,433.1,433.2,433.0,433.1,75999,ITC
2025-01-29 15:25:00+05:30,433.1,433.4,433.0,433.05,53063,ITC
2025-01-29 15:26:00+05:30,433.25,433.3,433.05,433.1,28649,ITC
2025-01-29 15:27:00+05:30,433.2,433.2,433.05,433.1,21774,ITC
2025-01-29 15:28:00+05:30,433.15,433.25,433.0,433.25,53070,ITC
2025-01-29 15:29:00+05:30,433.2,433.45,433.1,433.25,37727,ITC
2025-01-30 09:15:00+05:30,433.0,434.7,432.5,433.0,93292,ITC
2025-01-30 09:16:00+05:30,433.0,434.8,433.0,433.65,41757,ITC
2025-01-30 09:17:00+05:30,433.5,434.3,433.25,433.85,25746,ITC
2025-01-30 09:18:00+05:30,433.85,434.25,433.5,433.85,22855,ITC
2025-01-30 09:19:00+05:30,433.85,434.15,433.35,434.05,24503,ITC
2025-01-30 09:20:00+05:30,434.05,434.55,433.4,433.45,21980,ITC
2025-01-30 09:21:00+05:30,433.5,433.6,433.0,433.3,25501,ITC
2025-01-30 09:22:00+05:30,433.15,433.4,433.0,433.2,19550,ITC
2025-01-30 09:23:00+05:30,433.2,433.4,433.0,433.3,10770,ITC
2025-01-30 09:24:00+05:30,433.2,433.6,432.9,433.6,33239,ITC
2025-01-30 09:25:00+05:30,433.6,433.8,433.35,433.6,7279,ITC
2025-01-30 09:26:00+05:30,433.6,434.0,433.2,433.3,17042,ITC
2025-01-30 09:27:00+05:30,433.35,433.65,433.05,433.25,11600,ITC
2025-01-30 09:28:00+05:30,433.15,433.25,432.8,432.8,11789,ITC
2025-01-30 09:29:00+05:30,433.0,433.0,432.6,432.65,23439,ITC
2025-01-30 09:30:00+05:30,432.65,433.2,432.6,433.2,20362,ITC
2025-01-30 09:31:00+05:30,433.2,433.75,433.15,433.5,29338,ITC
2025-01-30 09:32:00+05:30,433.4,433.8,433.3,433.8,27425,ITC
2025-01-30 09:33:00+05:30,433.7,433.8,433.55,433.65,19944,ITC
2025-01-30 09:34:00+05:30,433.65,434.1,433.6,433.9,19093,ITC
2025-01-30 09:35:00+05:30,433.9,434.25,433.8,434.05,18757,ITC
2025-01-30 09:36:00+05:30,434.05,434.25,433.8,433.9,18284,ITC
2025-01-30 09:37:00+05:30,433.8,434.2,433.75,433.8,34740,ITC
2025-01-30 09:38:00+05:30,433.8,433.95,433.55,433.7,8030,ITC
2025-01-30 09:39:00+05:30,433.7,433.85,433.2,433.45,21156,ITC
2025-01-30 09:40:00+05:30,433.45,433.7,433.0,433.05,15259,ITC
2025-01-30 09:41:00+05:30,433.0,433.1,432.25,432.85,31005,ITC
2025-01-30 09:42:00+05:30,432.75,432.95,432.65,432.9,18483,ITC
2025-01-30 09:43:00+05:30,432.75,433.05,432.5,432.8,34001,ITC
2025-01-30 09:44:00+05:30,432.65,432.8,432.45,432.5,11620,ITC
2025-01-30 09:45:00+05:30,432.5,432.65,432.35,432.5,13431,ITC
2025-01-30 09:46:00+05:30,432.55,432.95,432.3,432.85,24636,ITC
2025-01-30 09:47:00+05:30,432.85,433.2,432.65,433.15,27543,ITC
2025-01-30 09:48:00+05:30,433.05,433.15,432.65,432.7,15298,ITC
2025-01-30 09:49:00+05:30,432.85,432.85,432.55,432.6,16959,ITC
2025-01-30 09:50:00+05:30,432.6,433.1,432.55,432.95,19097,ITC
2025-01-30 09:51:00+05:30,432.95,433.15,432.85,432.95,13204,ITC
2025-01-30 09:52:00+05:30,432.95,433.35,432.8,433.35,22792,ITC
2025-01-30 09:53:00+05:30,433.2,433.65,433.15,433.3,28545,ITC
2025-01-30 09:54:00+05:30,433.25,433.55,433.2,433.4,20245,ITC
2025-01-30 09:55:00+05:30,433.3,433.5,433.2,433.3,23470,ITC
2025-01-30 09:56:00+05:30,433.45,433.8,433.2,433.8,36639,ITC
2025-01-30 09:57:00+05:30,433.6,433.95,433.5,433.75,24466,ITC
2025-01-30 09:58:00+05:30,433.6,433.95,433.55,433.8,19853,ITC
2025-01-30 09:59:00+05:30,433.75,433.95,433.5,433.6,20011,ITC
2025-01-30 10:00:00+05:30,433.6,433.85,433.35,433.55,25607,ITC
2025-01-30 10:01:00+05:30,433.55,433.9,433.4,433.85,27282,ITC
2025-01-30 10:02:00+05:30,433.85,434.0,433.75,434.0,26293,ITC
2025-01-30 10:03:00+05:30,433.95,433.95,433.75,433.9,9468,ITC
2025-01-30 10:04:00+05:30,433.85,434.0,433.65,433.85,12743,ITC
2025-01-30 10:05:00+05:30,433.85,434.05,433.75,433.9,10781,ITC
2025-01-30 10:06:00+05:30,433.9,434.75,433.85,434.6,29009,ITC
2025-01-30 10:07:00+05:30,434.65,434.65,434.25,434.35,12963,ITC
2025-01-30 10:08:00+05:30,434.4,434.65,434.0,434.55,29533,ITC
2025-01-30 10:09:00+05:30,434.55,434.8,434.15,434.65,24542,ITC
2025-01-30 10:10:00+05:30,434.65,435.25,434.5,435.2,35199,ITC
2025-01-30 10:11:00+05:30,435.1,435.75,435.1,435.55,27907,ITC
2025-01-30 10:12:00+05:30,435.55,435.6,435.0,435.5,37100,ITC
2025-01-30 10:13:00+05:30,435.5,436.3,435.35,436.3,60572,ITC
2025-01-30 10:14:00+05:30,436.2,436.35,435.95,436.0,16974,ITC
2025-01-30 10:15:00+05:30,436.0,436.75,436.0,436.7,26874,ITC
2025-01-30 10:16:00+05:30,436.55,436.75,436.55,436.55,20229,ITC
2025-01-30 10:17:00+05:30,436.55,436.85,436.55,436.65,11654,ITC
2025-01-30 10:18:00+05:30,436.55,436.9,436.4,436.75,36359,ITC
2025-01-30 10:19:00+05:30,436.7,436.75,436.1,436.3,11490,ITC
2025-01-30 10:20:00+05:30,436.2,436.45,436.1,436.25,12931,ITC
2025-01-30 10:21:00+05:30,436.25,436.5,436.1,436.45,13709,ITC
2025-01-30 10:22:00+05:30,436.25,436.5,436.05,436.45,14066,ITC
2025-01-30 10:23:00+05:30,436.45,436.9,436.35,436.7,10771,ITC
2025-01-30 10:24:00+05:30,436.5,436.6,436.3,436.55,4814,ITC
2025-01-30 10:25:00+05:30,436.55,436.55,436.15,436.35,11169,ITC
2025-01-30 10:26:00+05:30,436.35,436.35,436.0,436.1,12754,ITC
2025-01-30 10:27:00+05:30,436.0,436.4,435.85,436.25,34300,ITC
2025-01-30 10:28:00+05:30,436.15,436.65,436.1,436.5,19314,ITC
2025-01-30 10:29:00+05:30,436.55,436.65,436.2,436.65,20789,ITC
2025-01-30 10:30:00+05:30,436.65,436.7,435.95,436.25,27896,ITC
2025-01-30 10:31:00+05:30,436.25,436.6,436.0,436.0,27323,ITC
2025-01-30 10:32:00+05:30,436.0,436.15,435.75,436.0,48559,ITC
2025-01-30 10:33:00+05:30,435.8,436.05,435.6,435.95,42903,ITC
2025-01-30 10:34:00+05:30,435.95,435.95,435.6,435.7,30165,ITC
2025-01-30 10:35:00+05:30,435.55,435.65,434.9,434.95,103981,ITC
2025-01-30 10:36:00+05:30,434.95,435.1,434.7,434.95,94086,ITC
2025-01-30 10:37:00+05:30,434.95,435.55,434.9,435.4,42539,ITC
2025-01-30 10:38:00+05:30,435.4,436.1,435.3,435.85,10577,ITC
2025-01-30 10:39:00+05:30,435.85,436.15,435.85,436.0,20061,ITC
2025-01-30 10:40:00+05:30,436.0,436.3,435.7,436.05,16750,ITC
2025-01-30 10:41:00+05:30,436.1,436.35,436.0,436.3,15403,ITC
2025-01-30 10:42:00+05:30,436.2,436.6,436.15,436.55,14157,ITC
2025-01-30 10:43:00+05:30,436.55,436.9,436.35,436.75,27108,ITC
2025-01-30 10:44:00+05:30,436.75,436.9,436.6,436.7,15112,ITC
2025-01-30 10:45:00+05:30,436.7,436.85,436.65,436.8,10615,ITC
2025-01-30 10:46:00+05:30,436.8,436.95,436.7,436.95,30591,ITC
2025-01-30 10:47:00+05:30,436.8,437.25,436.7,436.95,51007,ITC
2025-01-30 10:48:00+05:30,436.9,437.1,436.5,436.55,38240,ITC
2025-01-30 10:49:00+05:30,436.55,436.85,436.5,436.65,14549,ITC
2025-01-30 10:50:00+05:30,436.65,436.95,436.55,436.8,12434,ITC
2025-01-30 10:51:00+05:30,436.75,436.8,436.3,436.45,9839,ITC
2025-01-30 10:52:00+05:30,436.3,436.6,436.2,436.5,8490,ITC
2025-01-30 10:53:00+05:30,436.5,437.0,436.35,436.85,13007,ITC
2025-01-30 10:54:00+05:30,436.8,437.0,436.5,436.5,7999,ITC
2025-01-30 10:55:00+05:30,436.65,437.2,436.45,437.15,12799,ITC
2025-01-30 10:56:00+05:30,437.15,437.4,436.95,436.95,21908,ITC
2025-01-30 10:57:00+05:30,436.95,437.35,436.85,437.2,20447,ITC
2025-01-30 10:58:00+05:30,437.25,437.25,436.8,436.8,7722,ITC
2025-01-30 10:59:00+05:30,436.8,437.15,436.8,437.1,13052,ITC
2025-01-30 11:00:00+05:30,437.0,437.45,437.0,437.3,21283,ITC
2025-01-30 11:01:00+05:30,437.25,437.4,437.0,437.3,12754,ITC
2025-01-30 11:02:00+05:30,437.1,437.35,436.9,436.9,8580,ITC
2025-01-30 11:03:00+05:30,437.0,437.0,436.7,436.7,9468,ITC
2025-01-30 11:04:00+05:30,436.65,436.95,436.35,436.4,40535,ITC
2025-01-30 11:05:00+05:30,436.4,436.65,436.25,436.65,23944,ITC
2025-01-30 11:06:00+05:30,436.5,436.75,436.05,436.15,20385,ITC
2025-01-30 11:07:00+05:30,436.25,436.5,435.95,436.5,33923,ITC
2025-01-30 11:08:00+05:30,436.3,437.0,436.2,436.9,21486,ITC
2025-01-30 11:09:00+05:30,436.9,437.45,436.75,437.2,28205,ITC
2025-01-30 11:10:00+05:30,437.2,437.9,437.15,437.15,63772,ITC
2025-01-30 11:11:00+05:30,437.1,437.3,436.75,437.05,19239,ITC
2025-01-30 11:12:00+05:30,437.15,437.25,436.95,437.25,3873,ITC
2025-01-30 11:13:00+05:30,437.25,437.5,436.95,437.0,25360,ITC
2025-01-30 11:14:00+05:30,437.1,437.5,436.55,437.35,113967,ITC
2025-01-30 11:15:00+05:30,437.35,437.5,437.05,437.1,16904,ITC
2025-01-30 11:16:00+05:30,437.1,437.5,437.0,437.5,8025,ITC
2025-01-30 11:17:00+05:30,437.35,437.5,436.55,436.55,6769,ITC
2025-01-30 11:18:00+05:30,436.55,436.65,436.3,436.35,8527,ITC
2025-01-30 11:19:00+05:30,436.35,436.55,435.8,435.85,35168,ITC
2025-01-30 11:20:00+05:30,435.8,436.3,435.8,436.15,24712,ITC
2025-01-30 11:21:00+05:30,436.05,436.25,436.0,436.2,7432,ITC
2025-01-30 11:22:00+05:30,436.05,436.25,436.0,436.2,2488,ITC
2025-01-30 11:23:00+05:30,436.2,436.25,436.05,436.2,3510,ITC
2025-01-30 11:24:00+05:30,436.2,436.6,436.05,436.5,37339,ITC
2025-01-30 11:25:00+05:30,436.5,436.6,436.25,436.3,17151,ITC
2025-01-30 11:26:00+05:30,436.35,436.5,436.25,436.35,5037,ITC
2025-01-30 11:27:00+05:30,436.35,436.5,435.45,435.45,176070,ITC
2025-01-30 11:28:00+05:30,435.4,435.7,434.2,434.9,550170,ITC
2025-01-30 11:29:00+05:30,434.65,435.05,434.5,435.0,63971,ITC
2025-01-30 11:30:00+05:30,435.0,435.25,434.45,434.9,371747,ITC
2025-01-30 11:31:00+05:30,434.9,435.0,434.55,434.95,50931,ITC
2025-01-30 11:32:00+05:30,434.95,435.05,434.5,434.9,142650,ITC
2025-01-30 11:33:00+05:30,434.7,435.05,434.7,435.0,123171,ITC
2025-01-30 11:34:00+05:30,434.95,435.0,434.75,435.0,44359,ITC
2025-01-30 11:35:00+05:30,434.95,435.0,434.6,434.65,50449,ITC
2025-01-30 11:36:00+05:30,434.65,435.05,434.4,434.95,265797,ITC
2025-01-30 11:37:00+05:30,434.95,435.0,434.4,434.6,159156,ITC
2025-01-30 11:38:00+05:30,434.6,434.95,434.4,434.95,40069,ITC
2025-01-30 11:39:00+05:30,434.8,435.0,434.8,435.0,33578,ITC
2025-01-30 11:40:00+05:30,434.95,435.0,434.75,434.95,29158,ITC
2025-01-30 11:41:00+05:30,434.95,435.0,434.65,435.0,48560,ITC
2025-01-30 11:42:00+05:30,435.0,435.0,434.65,434.9,66842,ITC
2025-01-30 11:43:00+05:30,434.8,435.5,434.8,435.1,275891,ITC
2025-01-30 11:44:00+05:30,435.0,435.95,434.7,435.05,244714,ITC
2025-01-30 11:45:00+05:30,435.15,435.4,434.7,435.0,105912,ITC
2025-01-30 11:46:00+05:30,434.85,435.05,434.8,435.0,316419,ITC
2025-01-30 11:47:00+05:30,434.95,435.5,434.9,435.25,528344,ITC
2025-01-30 11:48:00+05:30,435.25,435.9,435.25,435.75,42645,ITC
2025-01-30 11:49:00+05:30,435.9,436.2,435.75,436.1,51937,ITC
2025-01-30 11:50:00+05:30,435.95,436.2,435.95,436.0,8193,ITC
2025-01-30 11:51:00+05:30,436.0,436.2,435.95,436.2,15318,ITC
2025-01-30 11:52:00+05:30,436.15,436.2,435.9,436.0,38686,ITC
2025-01-30 11:53:00+05:30,436.05,436.25,436.0,436.05,12624,ITC
2025-01-30 11:54:00+05:30,436.05,436.2,435.5,435.65,20208,ITC
2025-01-30 11:55:00+05:30,435.55,435.65,435.25,435.6,14105,ITC
2025-01-30 11:56:00+05:30,435.45,435.85,435.45,435.6,18168,ITC
2025-01-30 11:57:00+05:30,435.45,435.7,435.25,435.45,12735,ITC
2025-01-30 11:58:00+05:30,435.35,435.6,435.2,435.35,11961,ITC
2025-01-30 11:59:00+05:30,435.35,435.35,435.15,435.2,9474,ITC
2025-01-30 12:00:00+05:30,435.2,435.45,435.1,435.4,13180,ITC
2025-01-30 12:01:00+05:30,435.25,435.5,435.15,435.45,5669,ITC
2025-01-30 12:02:00+05:30,435.4,435.5,435.1,435.3,20484,ITC
2025-01-30 12:03:00+05:30,435.4,435.45,435.15,435.35,6684,ITC
2025-01-30 12:04:00+05:30,435.2,435.4,435.15,435.35,8725,ITC
2025-01-30 12:05:00+05:30,435.35,435.5,435.25,435.45,9877,ITC
2025-01-30 12:06:00+05:30,435.45,435.5,435.1,435.4,9646,ITC
2025-01-30 12:07:00+05:30,435.25,435.45,435.1,435.1,22064,ITC
2025-01-30 12:08:00+05:30,435.3,435.3,435.0,435.0,29695,ITC
2025-01-30 12:09:00+05:30,435.05,435.45,435.0,435.4,9999,ITC
2025-01-30 12:10:00+05:30,435.4,435.8,435.2,435.8,19294,ITC
2025-01-30 12:11:00+05:30,435.6,435.8,435.4,435.6,9706,ITC
2025-01-30 12:12:00+05:30,435.6,435.85,435.3,435.85,13085,ITC
2025-01-30 12:13:00+05:30,435.75,435.9,435.45,435.65,11015,ITC
2025-01-30 12:14:00+05:30,435.7,435.85,435.2,435.45,14187,ITC
2025-01-30 12:15:00+05:30,435.3,435.8,435.1,435.4,49305,ITC
2025-01-30 12:16:00+05:30,435.25,435.7,434.65,435.25,85046,ITC
2025-01-30 12:17:00+05:30,435.25,435.7,435.2,435.45,9697,ITC
2025-01-30 12:18:00+05:30,435.5,436.0,435.35,435.8,16366,ITC
2025-01-30 12:19:00+05:30,435.75,435.8,435.35,435.65,4893,ITC
2025-01-30 12:20:00+05:30,435.6,435.8,435.45,435.8,5633,ITC
2025-01-30 12:21:00+05:30,435.8,435.9,435.55,435.8,19498,ITC
2025-01-30 12:22:00+05:30,435.6,436.0,435.55,435.7,22676,ITC
2025-01-30 12:23:00+05:30,435.7,436.0,435.65,435.95,19853,ITC
2025-01-30 12:24:00+05:30,435.95,436.0,435.55,435.6,10426,ITC
2025-01-30 12:25:00+05:30,435.6,435.85,435.5,435.5,9644,ITC
2025-01-30 12:26:00+05:30,435.55,436.1,435.5,435.65,24449,ITC
2025-01-30 12:27:00+05:30,435.7,436.0,435.6,435.8,16697,ITC
2025-01-30 12:28:00+05:30,435.7,435.8,435.5,435.7,10537,ITC
2025-01-30 12:29:00+05:30,435.7,435.9,435.5,435.65,25440,ITC
2025-01-30 12:30:00+05:30,435.55,435.85,435.5,435.8,32560,ITC
2025-01-30 12:31:00+05:30,435.65,436.0,435.55,435.85,19079,ITC
2025-01-30 12:32:00+05:30,435.85,436.0,435.65,435.85,19479,ITC
2025-01-30 12:33:00+05:30,435.85,436.05,435.75,436.05,11256,ITC
2025-01-30 12:34:00+05:30,436.0,436.25,435.8,436.15,9069,ITC
2025-01-30 12:35:00+05:30,436.15,436.45,435.95,436.3,21941,ITC
2025-01-30 12:36:00+05:30,436.35,436.5,436.2,436.2,23288,ITC
2025-01-30 12:37:00+05:30,436.25,436.5,436.0,436.5,16499,ITC
2025-01-30 12:38:00+05:30,436.5,436.5,436.15,436.45,9694,ITC
2025-01-30 12:39:00+05:30,436.45,436.7,436.25,436.7,73114,ITC
2025-01-30 12:40:00+05:30,436.65,436.7,436.2,436.4,26334,ITC
2025-01-30 12:41:00+05:30,436.4,436.45,436.05,436.1,17043,ITC
2025-01-30 12:42:00+05:30,436.1,436.4,435.8,436.0,37892,ITC
2025-01-30 12:43:00+05:30,436.05,436.1,435.75,436.1,22841,ITC
2025-01-30 12:44:00+05:30,435.95,436.4,435.85,436.15,34882,ITC
2025-01-30 12:45:00+05:30,436.25,436.4,435.8,436.05,42003,ITC
2025-01-30 12:46:00+05:30,436.1,436.25,435.75,435.9,26270,ITC
2025-01-30 12:47:00+05:30,435.9,436.45,435.75,436.25,22779,ITC
2025-01-30 12:48:00+05:30,436.25,436.45,435.95,436.15,29790,ITC
2025-01-30 12:49:00+05:30,436.15,436.5,436.0,436.2,27820,ITC
2025-01-30 12:50:00+05:30,436.2,436.35,436.0,436.1,16902,ITC
2025-01-30 12:51:00+05:30,436.15,436.4,435.7,435.9,80617,ITC
2025-01-30 12:52:00+05:30,435.8,436.0,435.75,435.8,23189,ITC
2025-01-30 12:53:00+05:30,435.9,436.1,435.65,435.7,30380,ITC
2025-01-30 12:54:00+05:30,435.75,436.0,435.65,435.95,31145,ITC
2025-01-30 12:55:00+05:30,435.95,436.0,435.05,435.15,33476,ITC
2025-01-30 12:56:00+05:30,435.1,435.5,435.05,435.2,24983,ITC
2025-01-30 12:57:00+05:30,435.15,435.35,434.7,435.0,59189,ITC
2025-01-30 12:58:00+05:30,434.9,435.0,434.8,434.9,33690,ITC
2025-01-30 12:59:00+05:30,435.0,435.2,434.7,434.85,39939,ITC
2025-01-30 13:00:00+05:30,434.9,435.2,434.3,434.75,78989,ITC
2025-01-30 13:01:00+05:30,434.65,434.8,434.5,434.55,35039,ITC
2025-01-30 13:02:00+05:30,434.55,434.95,434.5,434.95,29965,ITC
2025-01-30 13:03:00+05:30,434.9,435.05,434.6,434.8,20546,ITC
2025-01-30 13:04:00+05:30,434.75,434.8,434.5,434.55,18833,ITC
2025-01-30 13:05:00+05:30,434.75,434.85,434.5,434.6,40820,ITC
2025-01-30 13:06:00+05:30,434.6,434.9,434.5,434.75,43523,ITC
2025-01-30 13:07:00+05:30,434.75,434.85,434.5,434.7,35310,ITC
2025-01-30 13:08:00+05:30,434.7,434.7,434.2,434.5,45158,ITC
2025-01-30 13:09:00+05:30,434.5,434.65,434.25,434.35,37949,ITC
2025-01-30 13:10:00+05:30,434.35,434.5,434.2,434.45,28694,ITC
2025-01-30 13:11:00+05:30,434.45,434.6,434.3,434.45,21032,ITC
2025-01-30 13:12:00+05:30,434.45,434.7,434.35,434.6,49797,ITC
2025-01-30 13:13:00+05:30,434.5,434.55,434.25,434.5,28222,ITC
2025-01-30 13:14:00+05:30,434.5,434.6,434.15,434.35,69585,ITC
2025-01-30 13:15:00+05:30,434.35,434.4,434.15,434.2,40819,ITC
2025-01-30 13:16:00+05:30,434.2,434.5,434.15,434.45,20466,ITC
2025-01-30 13:17:00+05:30,434.4,434.6,434.25,434.6,52067,ITC
2025-01-30 13:18:00+05:30,434.5,434.6,434.3,434.5,35893,ITC
2025-01-30 13:19:00+05:30,434.5,434.75,434.3,434.6,47845,ITC
2025-01-30 13:20:00+05:30,434.5,434.95,434.45,434.85,36281,ITC
2025-01-30 13:21:00+05:30,434.85,435.0,434.6,434.95,41030,ITC
2025-01-30 13:22:00+05:30,434.95,434.95,434.6,434.95,53083,ITC
2025-01-30 13:23:00+05:30,434.95,435.1,434.75,435.1,32809,ITC
2025-01-30 13:24:00+05:30,434.9,435.1,434.75,435.0,43945,ITC
2025-01-30 13:25:00+05:30,434.95,435.1,434.75,434.8,42445,ITC
2025-01-30 13:26:00+05:30,434.75,435.1,434.75,434.8,74978,ITC
2025-01-30 13:27:00+05:30,434.8,434.8,434.45,434.65,58499,ITC
2025-01-30 13:28:00+05:30,434.7,435.1,434.5,435.0,48895,ITC
2025-01-30 13:29:00+05:30,435.0,435.3,434.95,435.0,54748,ITC
2025-01-30 13:30:00+05:30,435.15,435.55,435.0,435.3,40846,ITC
2025-01-30 13:31:00+05:30,435.3,435.6,435.15,435.2,24238,ITC
2025-01-30 13:32:00+05:30,435.4,435.55,435.0,435.0,77417,ITC
2025-01-30 13:33:00+05:30,435.15,435.15,434.8,435.05,28998,ITC
2025-01-30 13:34:00+05:30,435.05,435.4,435.0,435.05,39160,ITC
2025-01-30 13:35:00+05:30,435.05,435.25,434.7,434.85,68286,ITC
2025-01-30 13:36:00+05:30,434.85,435.05,434.55,434.8,86587,ITC
2025-01-30 13:37:00+05:30,434.95,435.2,434.7,434.95,42358,ITC
2025-01-30 13:38:00+05:30,434.85,435.05,434.75,435.0,45193,ITC
2025-01-30 13:39:00+05:30,435.0,435.1,434.5,434.9,70936,ITC
2025-01-30 13:40:00+05:30,434.9,435.2,434.6,435.0,79628,ITC
2025-01-30 13:41:00+05:30,435.05,435.2,434.9,435.0,53613,ITC
2025-01-30 13:42:00+05:30,435.0,435.4,435.0,435.35,44115,ITC
2025-01-30 13:43:00+05:30,435.35,435.35,434.2,434.45,180702,ITC
2025-01-30 13:44:00+05:30,434.55,434.55,433.85,434.35,121104,ITC
2025-01-30 13:45:00+05:30,434.4,434.6,434.2,434.55,69171,ITC
2025-01-30 13:46:00+05:30,434.45,434.75,434.2,434.75,32988,ITC
2025-01-30 13:47:00+05:30,434.7,435.0,434.6,435.0,22769,ITC
2025-01-30 13:48:00+05:30,435.0,435.3,434.9,435.0,30600,ITC
2025-01-30 13:49:00+05:30,435.0,435.2,434.45,434.5,30637,ITC
2025-01-30 13:50:00+05:30,434.65,434.9,434.3,434.45,26766,ITC
2025-01-30 13:51:00+05:30,434.45,434.75,432.0,432.15,304130,ITC
2025-01-30 13:52:00+05:30,432.1,432.85,432.1,432.85,52817,ITC
2025-01-30 13:53:00+05:30,432.85,432.85,432.15,432.65,40628,ITC
2025-01-30 13:54:00+05:30,432.6,433.25,432.25,432.95,64908,ITC
2025-01-30 13:55:00+05:30,432.85,433.2,432.7,432.75,59190,ITC
2025-01-30 13:56:00+05:30,432.75,433.0,432.45,433.0,49908,ITC
2025-01-30 13:57:00+05:30,433.0,433.3,432.65,432.75,41025,ITC
2025-01-30 13:58:00+05:30,432.75,432.9,431.75,432.75,74874,ITC
2025-01-30 13:59:00+05:30,432.65,432.8,432.4,432.8,33134,ITC
2025-01-30 14:00:00+05:30,432.75,432.95,432.4,432.85,70186,ITC
2025-01-30 14:01:00+05:30,432.75,433.0,432.6,432.6,29222,ITC
2025-01-30 14:02:00+05:30,432.6,432.9,432.45,432.8,16982,ITC
2025-01-30 14:03:00+05:30,432.8,433.0,432.55,433.0,36138,ITC
2025-01-30 14:04:00+05:30,433.0,433.0,432.55,432.9,29627,ITC
2025-01-30 14:05:00+05:30,432.7,433.0,432.6,432.85,20656,ITC
2025-01-30 14:06:00+05:30,432.85,433.0,432.6,432.95,46463,ITC
2025-01-30 14:07:00+05:30,432.85,433.0,432.25,432.5,38420,ITC
2025-01-30 14:08:00+05:30,432.45,433.0,431.45,432.95,89538,ITC
2025-01-30 14:09:00+05:30,432.95,433.0,432.45,433.0,36201,ITC
2025-01-30 14:10:00+05:30,433.0,433.0,432.65,433.0,121438,ITC
2025-01-30 14:11:00+05:30,433.0,433.1,432.7,432.9,127688,ITC
2025-01-30 14:12:00+05:30,432.9,433.0,432.75,433.0,36870,ITC
2025-01-30 14:13:00+05:30,433.0,433.0,432.7,433.0,35486,ITC
2025-01-30 14:14:00+05:30,432.95,433.0,432.55,432.8,32957,ITC
2025-01-30 14:15:00+05:30,432.9,433.0,432.7,433.0,56727,ITC
2025-01-30 14:16:00+05:30,433.0,433.8,432.8,433.4,245815,ITC
2025-01-30 14:17:00+05:30,433.4,433.85,433.0,433.3,110188,ITC
2025-01-30 14:18:00+05:30,433.55,433.55,432.7,432.9,77588,ITC
2025-01-30 14:19:00+05:30,433.1,433.35,432.75,432.9,110232,ITC
2025-01-30 14:20:00+05:30,432.9,433.0,432.6,433.0,83221,ITC
2025-01-30 14:21:00+05:30,433.0,433.4,432.75,432.95,175262,ITC
2025-01-30 14:22:00+05:30,432.95,433.35,432.75,433.0,51083,ITC
2025-01-30 14:23:00+05:30,433.1,433.5,432.85,433.2,71766,ITC
2025-01-30 14:24:00+05:30,433.25,433.55,433.05,433.25,58528,ITC
2025-01-30 14:25:00+05:30,433.3,433.5,433.0,433.25,74781,ITC
2025-01-30 14:26:00+05:30,433.25,433.3,432.95,433.0,68682,ITC
2025-01-30 14:27:00+05:30,433.0,433.4,432.9,433.15,37610,ITC
2025-01-30 14:28:00+05:30,433.05,433.4,433.0,433.15,40806,ITC
2025-01-30 14:29:00+05:30,433.15,433.3,432.75,433.1,37521,ITC
2025-01-30 14:30:00+05:30,433.1,433.25,432.8,433.2,41070,ITC
2025-01-30 14:31:00+05:30,433.2,433.25,432.85,432.85,59192,ITC
2025-01-30 14:32:00+05:30,432.95,433.1,432.8,433.0,23489,ITC
2025-01-30 14:33:00+05:30,433.0,433.45,432.8,433.15,78736,ITC
2025-01-30 14:34:00+05:30,433.15,433.3,432.85,433.2,84096,ITC
2025-01-30 14:35:00+05:30,433.2,433.2,432.7,433.05,107921,ITC
2025-01-30 14:36:00+05:30,433.0,433.3,432.7,432.95,152345,ITC
2025-01-30 14:37:00+05:30,432.95,433.5,432.8,433.35,94676,ITC
2025-01-30 14:38:00+05:30,433.35,433.6,433.2,433.5,67810,ITC
2025-01-30 14:39:00+05:30,433.5,433.8,433.35,433.75,47405,ITC
2025-01-30 14:40:00+05:30,433.75,433.8,433.45,433.6,45544,ITC
2025-01-30 14:41:00+05:30,433.6,434.0,433.55,434.0,49913,ITC
2025-01-30 14:42:00+05:30,434.0,434.35,433.75,433.95,59588,ITC
2025-01-30 14:43:00+05:30,433.95,434.3,433.85,434.1,56693,ITC
2025-01-30 14:44:00+05:30,434.1,434.35,433.75,434.2,45943,ITC
2025-01-30 14:45:00+05:30,434.15,434.9,434.05,434.9,75489,ITC
2025-01-30 14:46:00+05:30,434.75,435.0,434.2,434.55,131143,ITC
2025-01-30 14:47:00+05:30,434.45,434.55,433.45,433.65,78078,ITC
2025-01-30 14:48:00+05:30,433.65,433.75,433.1,433.15,139797,ITC
2025-01-30 14:49:00+05:30,433.15,433.5,433.15,433.5,51730,ITC
2025-01-30 14:50:00+05:30,433.5,433.5,432.9,432.95,50329,ITC
2025-01-30 14:51:00+05:30,432.95,433.0,432.65,433.0,78387,ITC
2025-01-30 14:52:00+05:30,433.0,433.35,432.8,433.0,50347,ITC
2025-01-30 14:53:00+05:30,433.0,433.4,432.95,433.15,62980,ITC
2025-01-30 14:54:00+05:30,433.15,433.35,432.9,433.3,103224,ITC
2025-01-30 14:55:00+05:30,433.3,433.45,433.1,433.25,91098,ITC
2025-01-30 14:56:00+05:30,433.25,433.5,433.0,433.45,66923,ITC
2025-01-30 14:57:00+05:30,433.45,433.75,433.15,433.75,103050,ITC
2025-01-30 14:58:00+05:30,433.65,434.0,433.4,434.0,115538,ITC
2025-01-30 14:59:00+05:30,434.0,434.45,433.65,434.45,65981,ITC
2025-01-30 15:00:00+05:30,434.45,434.9,434.15,434.6,228786,ITC
2025-01-30 15:01:00+05:30,434.55,435.0,434.0,434.75,320400,ITC
2025-01-30 15:02:00+05:30,434.75,435.0,433.85,434.6,298571,ITC
2025-01-30 15:03:00+05:30,434.65,435.4,434.6,435.1,202672,ITC
2025-01-30 15:04:00+05:30,435.15,435.9,435.0,435.5,144669,ITC
2025-01-30 15:05:00+05:30,435.45,436.0,435.2,435.8,173688,ITC
2025-01-30 15:06:00+05:30,435.8,436.5,435.7,436.0,290327,ITC
2025-01-30 15:07:00+05:30,436.05,436.5,435.95,436.2,172870,ITC
2025-01-30 15:08:00+05:30,436.15,436.5,436.1,436.45,160818,ITC
2025-01-30 15:09:00+05:30,436.5,436.7,436.25,436.5,155127,ITC
2025-01-30 15:10:00+05:30,436.45,436.85,436.3,436.55,196460,ITC
2025-01-30 15:11:00+05:30,436.55,436.95,436.45,436.7,163527,ITC
2025-01-30 15:12:00+05:30,436.75,437.2,436.6,437.0,274544,ITC
2025-01-30 15:13:00+05:30,437.1,437.25,436.65,436.8,260134,ITC
2025-01-30 15:14:00+05:30,436.7,437.1,435.5,435.75,263428,ITC
2025-01-30 15:15:00+05:30,435.75,435.95,434.8,435.15,271893,ITC
2025-01-30 15:16:00+05:30,435.15,436.5,435.1,435.7,251970,ITC
2025-01-30 15:17:00+05:30,435.75,436.95,435.65,436.8,192641,ITC
2025-01-30 15:18:00+05:30,436.8,437.15,435.8,435.8,266085,ITC
2025-01-30 15:19:00+05:30,435.95,436.65,435.6,435.8,286371,ITC
2025-01-30 15:20:00+05:30,435.7,436.75,435.7,436.35,231929,ITC
2025-01-30 15:21:00+05:30,436.35,436.95,436.05,436.6,164983,ITC
2025-01-30 15:22:00+05:30,436.6,437.4,436.55,436.75,212234,ITC
2025-01-30 15:23:00+05:30,436.85,437.25,436.55,436.6,162882,ITC
2025-01-30 15:24:00+05:30,436.6,437.4,436.55,437.1,196886,ITC
2025-01-30 15:25:00+05:30,437.15,437.7,436.85,436.85,236265,ITC
2025-01-30 15:26:00+05:30,436.85,437.75,436.85,437.4,200293,ITC
2025-01-30 15:27:00+05:30,437.35,437.7,436.4,436.4,174677,ITC
2025-01-30 15:28:00+05:30,436.4,438.0,436.1,436.9,207154,ITC
2025-01-30 15:29:00+05:30,436.85,437.9,436.0,436.0,68466,ITC
2025-01-31 09:15:00+05:30,436.5,437.8,436.45,437.5,45459,ITC
2025-01-31 09:16:00+05:30,437.65,437.9,436.3,436.7,52773,ITC
2025-01-31 09:17:00+05:30,436.7,436.95,435.75,436.05,27707,ITC
2025-01-31 09:18:00+05:30,435.95,436.05,435.2,435.5,10278,ITC
2025-01-31 09:19:00+05:30,435.25,436.0,435.1,435.65,24944,ITC
2025-01-31 09:20:00+05:30,435.65,435.95,435.1,435.35,23549,ITC
2025-01-31 09:21:00+05:30,435.3,436.65,435.3,436.5,32388,ITC
2025-01-31 09:22:00+05:30,436.5,436.55,436.0,436.15,18980,ITC
2025-01-31 09:23:00+05:30,436.15,436.4,436.1,436.35,9879,ITC
2025-01-31 09:24:00+05:30,436.3,436.9,436.15,436.9,33033,ITC
2025-01-31 09:25:00+05:30,436.9,437.35,436.7,437.15,40444,ITC
2025-01-31 09:26:00+05:30,437.0,437.95,437.0,437.85,92900,ITC
2025-01-31 09:27:00+05:30,437.95,438.15,437.75,438.05,30574,ITC
2025-01-31 09:28:00+05:30,438.05,438.7,438.05,438.3,20626,ITC
2025-01-31 09:29:00+05:30,438.35,438.95,438.2,438.95,19439,ITC
2025-01-31 09:30:00+05:30,438.9,439.65,438.8,439.15,31076,ITC
2025-01-31 09:31:00+05:30,439.3,440.1,439.15,439.95,51048,ITC
2025-01-31 09:32:00+05:30,440.15,440.5,439.85,440.25,20750,ITC
2025-01-31 09:33:00+05:30,440.25,440.6,440.15,440.4,15682,ITC
2025-01-31 09:34:00+05:30,440.4,440.75,440.3,440.55,17098,ITC
2025-01-31 09:35:00+05:30,440.6,440.85,440.35,440.45,13518,ITC
2025-01-31 09:36:00+05:30,440.4,440.45,439.9,440.2,38805,ITC
2025-01-31 09:37:00+05:30,440.2,440.3,439.5,439.5,13719,ITC
2025-01-31 09:38:00+05:30,439.5,439.65,438.9,439.15,16233,ITC
2025-01-31 09:39:00+05:30,439.1,439.65,438.95,439.55,24763,ITC
2025-01-31 09:40:00+05:30,439.4,439.55,439.15,439.35,11846,ITC
2025-01-31 09:41:00+05:30,439.3,440.05,439.2,440.0,41632,ITC
2025-01-31 09:42:00+05:30,440.05,440.2,439.65,440.0,24428,ITC
2025-01-31 09:43:00+05:30,440.15,440.15,440.0,440.0,6113,ITC
2025-01-31 09:44:00+05:30,440.05,440.25,440.0,440.05,18643,ITC
2025-01-31 09:45:00+05:30,440.15,440.35,440.0,440.3,9327,ITC
2025-01-31 09:46:00+05:30,440.15,440.35,440.0,440.1,27193,ITC
2025-01-31 09:47:00+05:30,440.1,440.5,440.05,440.45,48665,ITC
2025-01-31 09:48:00+05:30,440.45,440.45,439.75,439.95,14891,ITC
2025-01-31 09:49:00+05:30,439.95,439.95,439.4,439.7,16767,ITC
2025-01-31 09:50:00+05:30,439.6,439.85,439.5,439.8,15092,ITC
2025-01-31 09:51:00+05:30,439.8,440.2,439.5,440.2,24400,ITC
2025-01-31 09:52:00+05:30,440.2,440.5,440.0,440.15,24119,ITC
2025-01-31 09:53:00+05:30,440.15,440.4,440.1,440.35,5913,ITC
2025-01-31 09:54:00+05:30,440.4,440.9,440.2,440.85,18183,ITC
2025-01-31 09:55:00+05:30,440.9,441.65,440.9,441.2,80526,ITC
2025-01-31 09:56:00+05:30,441.2,441.55,441.15,441.4,23286,ITC
2025-01-31 09:57:00+05:30,441.55,441.9,441.35,441.55,27375,ITC
2025-01-31 09:58:00+05:30,441.6,441.8,441.3,441.35,20616,ITC
2025-01-31 09:59:00+05:30,441.3,441.75,441.3,441.75,20726,ITC
2025-01-31 10:00:00+05:30,441.7,441.8,441.55,441.8,16729,ITC
2025-01-31 10:01:00+05:30,441.6,442.45,441.55,442.25,84204,ITC
2025-01-31 10:02:00+05:30,442.25,442.3,442.0,442.15,27915,ITC
2025-01-31 10:03:00+05:30,442.1,443.4,442.05,442.9,82832,ITC
2025-01-31 10:04:00+05:30,442.95,443.05,441.95,442.1,64352,ITC
2025-01-31 10:05:00+05:30,442.0,442.1,441.05,441.2,46587,ITC
2025-01-31 10:06:00+05:30,441.2,441.55,440.55,441.45,77339,ITC
2025-01-31 10:07:00+05:30,441.4,441.6,441.3,441.4,22161,ITC
2025-01-31 10:08:00+05:30,441.3,442.2,441.15,441.95,27195,ITC
2025-01-31 10:09:00+05:30,441.95,441.95,441.5,441.9,14476,ITC
2025-01-31 10:10:00+05:30,441.95,441.95,441.4,441.5,23751,ITC
2025-01-31 10:11:00+05:30,441.5,441.5,441.05,441.05,11139,ITC
2025-01-31 10:12:00+05:30,441.05,441.75,441.0,441.5,27338,ITC
2025-01-31 10:13:00+05:30,441.5,441.75,441.1,441.6,17776,ITC
2025-01-31 10:14:00+05:30,441.6,441.9,441.5,441.6,15633,ITC
2025-01-31 10:15:00+05:30,441.6,442.0,441.55,441.75,31431,ITC
2025-01-31 10:16:00+05:30,441.75,441.75,441.25,441.5,39608,ITC
2025-01-31 10:17:00+05:30,441.5,441.55,441.1,441.5,37801,ITC
2025-01-31 10:18:00+05:30,441.5,441.5,440.8,441.05,46381,ITC
2025-01-31 10:19:00+05:30,441.0,441.35,440.85,441.2,43401,ITC
2025-01-31 10:20:00+05:30,441.2,443.9,440.85,442.35,190398,ITC
2025-01-31 10:21:00+05:30,442.25,442.4,441.25,441.35,192728,ITC
2025-01-31 10:22:00+05:30,441.35,441.4,440.85,441.2,68237,ITC
2025-01-31 10:23:00+05:30,441.2,441.5,441.05,441.35,49104,ITC
2025-01-31 10:24:00+05:30,441.3,441.35,440.85,441.25,29494,ITC
2025-01-31 10:25:00+05:30,441.25,441.35,441.05,441.35,23166,ITC
2025-01-31 10:26:00+05:30,441.35,441.75,441.3,441.5,43300,ITC
2025-01-31 10:27:00+05:30,441.45,441.55,441.15,441.5,38116,ITC
2025-01-31 10:28:00+05:30,441.45,441.55,440.75,440.9,35291,ITC
2025-01-31 10:29:00+05:30,440.9,441.25,440.65,441.25,27676,ITC
2025-01-31 10:30:00+05:30,441.25,441.35,441.1,441.35,21538,ITC
2025-01-31 10:31:00+05:30,441.35,441.4,441.3,441.4,20831,ITC
2025-01-31 10:32:00+05:30,441.4,441.5,441.1,441.25,31348,ITC
2025-01-31 10:33:00+05:30,441.25,441.35,441.05,441.3,20088,ITC
2025-01-31 10:34:00+05:30,441.3,441.35,440.85,440.95,90435,ITC
2025-01-31 10:35:00+05:30,440.95,441.3,440.9,441.25,74939,ITC
2025-01-31 10:36:00+05:30,441.25,441.25,440.1,440.5,69743,ITC
2025-01-31 10:37:00+05:30,440.5,440.5,439.45,439.8,248048,ITC
2025-01-31 10:38:00+05:30,439.7,441.0,439.7,440.95,32370,ITC
2025-01-31 10:39:00+05:30,440.9,440.95,439.5,440.05,63642,ITC
2025-01-31 10:40:00+05:30,440.05,441.0,439.9,441.0,20959,ITC
2025-01-31 10:41:00+05:30,441.0,441.35,440.7,440.85,27794,ITC
2025-01-31 10:42:00+05:30,440.85,441.5,440.6,441.3,31713,ITC
2025-01-31 10:43:00+05:30,441.3,441.55,441.1,441.55,24883,ITC
2025-01-31 10:44:00+05:30,441.55,441.6,441.15,441.45,23450,ITC
2025-01-31 10:45:00+05:30,441.45,441.5,440.5,441.5,160138,ITC
2025-01-31 10:46:00+05:30,441.5,441.9,441.45,441.9,35694,ITC
2025-01-31 10:47:00+05:30,441.9,442.0,441.75,442.0,23661,ITC
2025-01-31 10:48:00+05:30,442.0,442.25,441.9,442.15,22946,ITC
2025-01-31 10:49:00+05:30,442.05,442.45,441.85,442.05,39610,ITC
2025-01-31 10:50:00+05:30,442.2,442.25,441.6,441.95,36032,ITC
2025-01-31 10:51:00+05:30,441.95,442.0,441.6,441.7,8766,ITC
2025-01-31 10:52:00+05:30,441.7,441.8,441.25,441.35,10921,ITC
2025-01-31 10:53:00+05:30,441.35,441.5,441.0,441.5,11073,ITC
2025-01-31 10:54:00+05:30,441.5,441.55,441.0,441.55,45881,ITC
2025-01-31 10:55:00+05:30,441.5,441.6,441.3,441.45,9197,ITC
2025-01-31 10:56:00+05:30,441.45,441.55,441.25,441.55,16337,ITC
2025-01-31 10:57:00+05:30,441.5,441.95,441.35,441.75,33508,ITC
2025-01-31 10:58:00+05:30,441.75,441.9,441.45,441.9,14074,ITC
2025-01-31 10:59:00+05:30,441.9,442.0,441.6,442.0,19138,ITC
2025-01-31 11:00:00+05:30,442.0,442.0,441.5,441.75,17692,ITC
2025-01-31 11:01:00+05:30,441.75,441.8,441.55,441.75,6176,ITC
2025-01-31 11:02:00+05:30,441.75,441.8,441.55,441.75,6788,ITC
2025-01-31 11:03:00+05:30,441.7,441.75,441.2,441.65,16109,ITC
2025-01-31 11:04:00+05:30,441.65,441.65,441.4,441.6,4851,ITC
2025-01-31 11:05:00+05:30,441.55,441.65,441.2,441.35,15603,ITC
2025-01-31 11:06:00+05:30,441.35,441.4,441.15,441.4,5896,ITC
2025-01-31 11:07:00+05:30,441.4,441.45,441.2,441.45,5510,ITC
2025-01-31 11:08:00+05:30,441.45,441.5,441.0,441.5,24634,ITC
2025-01-31 11:09:00+05:30,441.3,441.45,441.05,441.4,16458,ITC
2025-01-31 11:10:00+05:30,441.4,441.4,441.1,441.4,4749,ITC
2025-01-31 11:11:00+05:30,441.4,441.4,441.05,441.2,17272,ITC
2025-01-31 11:12:00+05:30,441.15,441.4,441.05,441.4,10772,ITC
2025-01-31 11:13:00+05:30,441.4,441.5,441.3,441.5,8699,ITC
2025-01-31 11:14:00+05:30,441.5,441.5,441.05,441.4,11861,ITC
2025-01-31 11:15:00+05:30,441.45,441.5,441.3,441.45,10059,ITC
2025-01-31 11:16:00+05:30,441.45,441.5,441.35,441.45,19739,ITC
2025-01-31 11:17:00+05:30,441.5,441.6,441.45,441.5,80833,ITC
2025-01-31 11:18:00+05:30,441.45,441.55,441.25,441.5,26131,ITC
2025-01-31 11:19:00+05:30,441.5,441.55,441.25,441.5,10935,ITC
2025-01-31 11:20:00+05:30,441.5,441.65,441.25,441.6,28710,ITC
2025-01-31 11:21:00+05:30,441.65,441.8,441.6,441.8,49739,ITC
2025-01-31 11:22:00+05:30,441.8,442.0,441.3,441.4,111621,ITC
2025-01-31 11:23:00+05:30,441.4,441.7,441.1,441.4,28596,ITC
2025-01-31 11:24:00+05:30,441.6,441.6,441.3,441.45,7921,ITC
2025-01-31 11:25:00+05:30,441.45,441.5,441.4,441.45,4625,ITC
2025-01-31 11:26:00+05:30,441.4,442.0,441.35,442.0,47952,ITC
2025-01-31 11:27:00+05:30,442.0,442.0,441.6,441.7,42728,ITC
2025-01-31 11:28:00+05:30,441.7,441.7,441.3,441.4,11320,ITC
2025-01-31 11:29:00+05:30,441.4,441.4,441.0,441.05,10101,ITC
2025-01-31 11:30:00+05:30,441.05,441.1,440.8,440.8,19671,ITC
2025-01-31 11:31:00+05:30,441.0,441.1,440.7,441.0,30967,ITC
2025-01-31 11:32:00+05:30,441.0,441.0,440.7,441.0,21710,ITC
2025-01-31 11:33:00+05:30,441.0,441.0,440.6,440.85,10967,ITC
2025-01-31 11:34:00+05:30,440.85,441.0,440.5,441.0,42994,ITC
2025-01-31 11:35:00+05:30,441.0,441.0,440.8,441.0,17246,ITC
2025-01-31 11:36:00+05:30,440.95,441.0,440.7,440.9,12168,ITC
2025-01-31 11:37:00+05:30,440.9,440.9,440.5,440.85,13418,ITC
2025-01-31 11:38:00+05:30,440.85,441.0,440.6,440.9,11050,ITC
2025-01-31 11:39:00+05:30,440.8,441.0,440.65,440.85,5765,ITC
2025-01-31 11:40:00+05:30,440.95,441.0,440.65,441.0,10656,ITC
2025-01-31 11:41:00+05:30,441.0,441.0,440.25,440.35,22982,ITC
2025-01-31 11:42:00+05:30,440.35,440.35,440.2,440.2,8613,ITC
2025-01-31 11:43:00+05:30,440.35,440.9,440.2,440.85,12028,ITC
2025-01-31 11:44:00+05:30,440.9,440.95,440.5,440.6,11147,ITC
2025-01-31 11:45:00+05:30,440.65,440.8,440.45,440.65,15227,ITC
2025-01-31 11:46:00+05:30,440.65,441.0,440.5,440.95,21313,ITC
2025-01-31 11:47:00+05:30,440.9,441.0,440.7,440.95,15525,ITC
2025-01-31 11:48:00+05:30,440.9,441.0,440.7,440.95,15026,ITC
2025-01-31 11:49:00+05:30,440.95,441.0,440.8,440.9,108591,ITC
2025-01-31 11:50:00+05:30,440.95,440.95,440.5,440.55,11515,ITC
2025-01-31 11:51:00+05:30,440.55,440.75,440.45,440.65,10482,ITC
2025-01-31 11:52:00+05:30,440.65,440.8,440.5,440.75,5442,ITC
2025-01-31 11:53:00+05:30,440.65,440.8,440.6,440.8,13051,ITC
2025-01-31 11:54:00+05:30,440.75,441.0,440.7,441.0,22549,ITC
2025-01-31 11:55:00+05:30,440.95,441.0,440.85,441.0,19389,ITC
2025-01-31 11:56:00+05:30,440.95,441.0,440.65,440.85,19434,ITC
2025-01-31 11:57:00+05:30,440.8,440.9,440.55,440.7,8961,ITC
2025-01-31 11:58:00+05:30,440.85,440.9,440.7,440.8,8626,ITC
2025-01-31 11:59:00+05:30,440.75,441.3,440.55,441.15,65345,ITC
2025-01-31 12:00:00+05:30,441.25,442.0,441.05,441.6,197216,ITC
2025-01-31 12:01:00+05:30,441.5,441.6,441.4,441.5,8860,ITC
2025-01-31 12:02:00+05:30,441.45,441.75,441.45,441.75,57759,ITC
2025-01-31 12:03:00+05:30,441.75,442.15,441.7,442.0,77997,ITC
2025-01-31 12:04:00+05:30,442.0,442.05,441.95,442.05,16172,ITC
2025-01-31 12:05:00+05:30,442.05,442.1,442.0,442.0,49632,ITC
2025-01-31 12:06:00+05:30,442.0,442.1,442.0,442.1,9645,ITC
2025-01-31 12:07:00+05:30,442.1,442.1,442.0,442.05,3168,ITC
2025-01-31 12:08:00+05:30,442.05,442.1,442.0,442.1,12140,ITC
2025-01-31 12:09:00+05:30,442.1,442.45,442.05,442.4,46241,ITC
2025-01-31 12:10:00+05:30,442.4,442.45,442.2,442.35,8325,ITC
2025-01-31 12:11:00+05:30,442.35,442.4,442.0,442.0,9918,ITC
2025-01-31 12:12:00+05:30,442.05,442.8,442.05,442.8,28332,ITC
2025-01-31 12:13:00+05:30,442.7,442.95,442.45,442.8,26331,ITC
2025-01-31 12:14:00+05:30,442.8,443.0,442.75,442.9,34731,ITC
2025-01-31 12:15:00+05:30,442.9,443.05,442.45,443.0,23326,ITC
2025-01-31 12:16:00+05:30,443.0,443.1,442.95,443.0,12154,ITC
2025-01-31 12:17:00+05:30,443.05,443.4,442.95,443.0,24620,ITC
2025-01-31 12:18:00+05:30,443.0,443.0,442.75,442.8,13735,ITC
2025-01-31 12:19:00+05:30,442.8,443.0,442.75,442.95,21483,ITC
2025-01-31 12:20:00+05:30,442.95,442.95,442.7,442.75,11237,ITC
2025-01-31 12:21:00+05:30,442.75,443.0,442.5,443.0,25137,ITC
2025-01-31 12:22:00+05:30,442.95,443.0,442.8,442.85,21893,ITC
2025-01-31 12:23:00+05:30,443.0,443.0,442.85,442.95,36905,ITC
2025-01-31 12:24:00+05:30,443.0,443.05,442.8,443.0,21678,ITC
2025-01-31 12:25:00+05:30,443.0,443.05,442.9,442.9,19956,ITC
2025-01-31 12:26:00+05:30,442.95,443.05,442.8,443.0,26613,ITC
2025-01-31 12:27:00+05:30,443.0,443.25,442.95,443.15,24360,ITC
2025-01-31 12:28:00+05:30,443.25,443.25,442.9,442.95,11943,ITC
2025-01-31 12:29:00+05:30,442.95,443.1,442.85,443.1,14153,ITC
2025-01-31 12:30:00+05:30,443.1,443.15,442.9,443.0,14672,ITC
2025-01-31 12:31:00+05:30,443.0,443.2,443.0,443.15,12427,ITC
2025-01-31 12:32:00+05:30,443.15,443.2,442.95,443.1,28533,ITC
2025-01-31 12:33:00+05:30,443.0,443.35,442.9,443.35,20297,ITC
2025-01-31 12:34:00+05:30,443.35,443.4,443.1,443.15,18673,ITC
2025-01-31 12:35:00+05:30,443.35,443.45,442.9,443.0,46306,ITC
2025-01-31 12:36:00+05:30,443.0,443.0,442.8,442.95,24310,ITC
2025-01-31 12:37:00+05:30,442.95,443.25,442.85,443.0,50516,ITC
2025-01-31 12:38:00+05:30,443.0,443.25,442.7,442.85,50930,ITC
2025-01-31 12:39:00+05:30,442.85,443.0,442.65,442.95,19309,ITC
2025-01-31 12:40:00+05:30,442.95,443.05,442.8,443.0,17039,ITC
2025-01-31 12:41:00+05:30,443.05,443.1,442.85,443.0,13818,ITC
2025-01-31 12:42:00+05:30,443.0,443.0,442.85,443.0,40837,ITC
2025-01-31 12:43:00+05:30,443.0,443.45,442.85,443.4,31481,ITC
2025-01-31 12:44:00+05:30,443.4,443.4,443.0,443.05,9894,ITC
2025-01-31 12:45:00+05:30,443.05,443.3,442.95,443.2,19796,ITC
2025-01-31 12:46:00+05:30,443.2,443.2,443.0,443.1,20890,ITC
2025-01-31 12:47:00+05:30,443.15,443.15,443.0,443.05,10247,ITC
2025-01-31 12:48:00+05:30,443.0,443.2,443.0,443.15,12759,ITC
2025-01-31 12:49:00+05:30,443.2,443.3,443.0,443.1,12779,ITC
2025-01-31 12:50:00+05:30,443.05,443.1,442.3,442.3,124590,ITC
2025-01-31 12:51:00+05:30,442.35,442.35,442.05,442.2,20212,ITC
2025-01-31 12:52:00+05:30,442.2,442.2,442.05,442.05,29735,ITC
2025-01-31 12:53:00+05:30,442.1,442.1,442.0,442.05,13733,ITC
2025-01-31 12:54:00+05:30,442.05,442.1,441.9,442.0,10004,ITC
2025-01-31 12:55:00+05:30,442.0,442.25,441.95,442.2,14057,ITC
2025-01-31 12:56:00+05:30,442.2,442.3,442.05,442.15,19249,ITC
2025-01-31 12:57:00+05:30,442.25,442.4,442.05,442.25,15099,ITC
2025-01-31 12:58:00+05:30,442.35,442.35,442.05,442.35,11655,ITC
2025-01-31 12:59:00+05:30,442.35,442.4,442.2,442.35,27634,ITC
2025-01-31 13:00:00+05:30,442.35,442.8,442.25,442.65,27427,ITC
2025-01-31 13:01:00+05:30,442.7,442.8,442.5,442.7,21808,ITC
2025-01-31 13:02:00+05:30,442.7,442.75,442.55,442.75,28053,ITC
2025-01-31 13:03:00+05:30,442.7,442.75,442.5,442.7,10729,ITC
2025-01-31 13:04:00+05:30,442.7,442.7,442.5,442.65,15270,ITC
2025-01-31 13:05:00+05:30,442.6,442.9,442.55,442.9,24791,ITC
2025-01-31 13:06:00+05:30,442.85,443.0,442.75,442.85,39555,ITC
2025-01-31 13:07:00+05:30,442.85,442.95,442.7,442.9,19503,ITC
2025-01-31 13:08:00+05:30,442.9,443.25,442.85,443.25,14922,ITC
2025-01-31 13:09:00+05:30,443.25,443.3,443.0,443.15,17165,ITC
2025-01-31 13:10:00+05:30,443.05,443.2,443.05,443.15,18535,ITC
2025-01-31 13:11:00+05:30,443.15,443.15,443.05,443.1,19509,ITC
2025-01-31 13:12:00+05:30,443.1,443.5,443.0,443.3,52195,ITC
2025-01-31 13:13:00+05:30,443.3,443.5,443.1,443.25,14711,ITC
2025-01-31 13:14:00+05:30,443.3,443.45,443.15,443.35,27388,ITC
2025-01-31 13:15:00+05:30,443.4,443.45,443.25,443.35,14172,ITC
2025-01-31 13:16:00+05:30,443.35,443.45,443.3,443.45,29630,ITC
2025-01-31 13:17:00+05:30,443.45,443.5,443.35,443.45,14504,ITC
2025-01-31 13:18:00+05:30,443.45,443.5,443.3,443.45,13771,ITC
2025-01-31 13:19:00+05:30,443.45,443.5,443.1,443.35,39274,ITC
2025-01-31 13:20:00+05:30,443.35,443.5,443.15,443.4,17116,ITC
2025-01-31 13:21:00+05:30,443.5,443.5,443.3,443.5,14405,ITC
2025-01-31 13:22:00+05:30,443.5,443.5,443.35,443.5,25720,ITC
2025-01-31 13:23:00+05:30,443.45,443.7,443.4,443.7,20237,ITC
2025-01-31 13:24:00+05:30,443.7,443.8,443.55,443.8,15341,ITC
2025-01-31 13:25:00+05:30,443.8,443.9,443.65,443.8,15496,ITC
2025-01-31 13:26:00+05:30,443.8,443.8,443.45,443.55,14277,ITC
2025-01-31 13:27:00+05:30,443.7,443.75,443.3,443.7,25638,ITC
2025-01-31 13:28:00+05:30,443.65,443.7,443.4,443.65,15482,ITC
2025-01-31 13:29:00+05:30,443.6,443.7,443.4,443.7,19313,ITC
2025-01-31 13:30:00+05:30,443.7,443.9,443.45,443.9,28746,ITC
2025-01-31 13:31:00+05:30,443.9,444.0,443.8,444.0,31794,ITC
2025-01-31 13:32:00+05:30,443.9,444.0,443.8,443.8,14714,ITC
2025-01-31 13:33:00+05:30,443.8,444.0,443.75,444.0,17454,ITC
2025-01-31 13:34:00+05:30,444.0,444.25,443.8,444.25,64544,ITC
2025-01-31 13:35:00+05:30,444.1,444.3,444.1,444.2,11852,ITC
2025-01-31 13:36:00+05:30,444.3,444.3,444.05,444.2,15957,ITC
2025-01-31 13:37:00+05:30,444.2,444.2,443.9,444.15,27105,ITC
2025-01-31 13:38:00+05:30,444.1,444.35,444.1,444.35,12391,ITC
2025-01-31 13:39:00+05:30,444.35,444.35,444.0,444.05,15053,ITC
2025-01-31 13:40:00+05:30,444.05,444.2,443.95,444.1,21077,ITC
2025-01-31 13:41:00+05:30,444.1,444.15,444.0,444.0,14861,ITC
2025-01-31 13:42:00+05:30,444.05,444.15,444.0,444.15,14063,ITC
2025-01-31 13:43:00+05:30,444.1,444.15,443.5,443.7,25432,ITC
2025-01-31 13:44:00+05:30,443.7,444.0,443.55,443.55,23973,ITC
2025-01-31 13:45:00+05:30,443.75,443.95,443.5,443.75,33847,ITC
2025-01-31 13:46:00+05:30,443.75,444.15,443.6,444.0,83633,ITC
2025-01-31 13:47:00+05:30,444.15,444.2,443.85,444.0,37778,ITC
2025-01-31 13:48:00+05:30,444.0,444.1,443.6,444.1,22763,ITC
2025-01-31 13:49:00+05:30,444.1,444.2,444.0,444.15,16510,ITC
2025-01-31 13:50:00+05:30,444.2,444.6,444.1,444.6,36733,ITC
2025-01-31 13:51:00+05:30,444.6,444.7,444.5,444.7,12893,ITC
2025-01-31 13:52:00+05:30,444.7,444.85,444.5,444.65,24598,ITC
2025-01-31 13:53:00+05:30,444.6,445.4,444.55,445.2,135036,ITC
2025-01-31 13:54:00+05:30,445.2,445.45,444.85,445.35,20141,ITC
2025-01-31 13:55:00+05:30,445.35,445.45,444.95,445.0,40721,ITC
2025-01-31 13:56:00+05:30,445.1,445.25,445.0,445.2,16139,ITC
2025-01-31 13:57:00+05:30,445.2,445.25,445.0,445.1,16021,ITC
2025-01-31 13:58:00+05:30,445.1,445.2,445.0,445.2,24277,ITC
2025-01-31 13:59:00+05:30,445.2,445.4,445.0,445.4,16421,ITC
2025-01-31 14:00:00+05:30,445.4,445.45,445.15,445.2,10994,ITC
2025-01-31 14:01:00+05:30,445.2,445.35,445.0,445.1,18326,ITC
2025-01-31 14:02:00+05:30,445.15,445.35,445.0,445.25,12754,ITC
2025-01-31 14:03:00+05:30,445.1,445.9,445.0,445.9,70631,ITC
2025-01-31 14:04:00+05:30,445.9,445.95,445.75,445.8,30479,ITC
2025-01-31 14:05:00+05:30,445.75,446.3,445.25,446.3,180342,ITC
2025-01-31 14:06:00+05:30,446.25,446.4,445.95,446.0,100222,ITC
2025-01-31 14:07:00+05:30,446.1,446.2,446.0,446.05,38755,ITC
2025-01-31 14:08:00+05:30,446.05,446.5,446.0,446.5,23648,ITC
2025-01-31 14:09:00+05:30,446.5,446.5,446.1,446.15,25722,ITC
2025-01-31 14:10:00+05:30,446.3,446.3,446.1,446.2,18617,ITC
2025-01-31 14:11:00+05:30,446.2,446.55,446.2,446.45,46568,ITC
2025-01-31 14:12:00+05:30,446.45,446.65,446.1,446.5,23809,ITC
2025-01-31 14:13:00+05:30,446.5,446.75,446.5,446.6,15333,ITC
2025-01-31 14:14:00+05:30,446.6,446.9,446.5,446.9,49593,ITC
2025-01-31 14:15:00+05:30,446.8,446.9,446.65,446.75,18429,ITC
2025-01-31 14:16:00+05:30,446.75,447.1,446.5,446.5,182744,ITC
2025-01-31 14:17:00+05:30,446.55,446.8,446.35,446.65,41677,ITC
2025-01-31 14:18:00+05:30,446.7,446.8,446.5,446.55,13253,ITC
2025-01-31 14:19:00+05:30,446.55,446.7,446.35,446.5,24434,ITC
2025-01-31 14:20:00+05:30,446.5,446.55,446.35,446.55,29590,ITC
2025-01-31 14:21:00+05:30,446.55,446.65,446.4,446.5,31099,ITC
2025-01-31 14:22:00+05:30,446.55,446.9,446.5,446.85,20281,ITC
2025-01-31 14:23:00+05:30,446.8,447.0,446.7,446.75,31499,ITC
2025-01-31 14:24:00+05:30,446.75,446.75,446.55,446.7,37029,ITC
2025-01-31 14:25:00+05:30,446.75,446.75,446.7,446.7,15591,ITC
2025-01-31 14:26:00+05:30,446.7,446.75,446.7,446.75,15710,ITC
2025-01-31 14:27:00+05:30,446.75,446.75,446.35,446.75,56515,ITC
2025-01-31 14:28:00+05:30,446.7,446.75,446.45,446.75,38358,ITC
2025-01-31 14:29:00+05:30,446.7,446.75,446.7,446.75,23149,ITC
2025-01-31 14:30:00+05:30,446.75,446.8,446.35,446.6,78587,ITC
2025-01-31 14:31:00+05:30,446.6,446.8,446.5,446.8,26649,ITC
2025-01-31 14:32:00+05:30,446.8,446.8,446.6,446.75,18156,ITC
2025-01-31 14:33:00+05:30,446.7,446.8,446.6,446.75,17091,ITC
2025-01-31 14:34:00+05:30,446.75,446.8,446.65,446.8,14894,ITC
2025-01-31 14:35:00+05:30,446.8,446.8,446.55,446.75,15044,ITC
2025-01-31 14:36:00+05:30,446.75,446.75,446.5,446.75,37613,ITC
2025-01-31 14:37:00+05:30,446.75,446.8,446.65,446.7,18682,ITC
2025-01-31 14:38:00+05:30,446.7,447.0,446.65,446.65,35387,ITC
2025-01-31 14:39:00+05:30,446.7,446.95,446.6,446.75,29856,ITC
2025-01-31 14:40:00+05:30,446.9,446.95,446.7,446.75,15672,ITC
2025-01-31 14:41:00+05:30,446.8,446.85,446.7,446.7,20316,ITC
2025-01-31 14:42:00+05:30,446.7,447.0,446.7,446.7,35459,ITC
2025-01-31 14:43:00+05:30,446.75,446.95,446.65,446.7,33415,ITC
2025-01-31 14:44:00+05:30,446.8,446.8,446.7,446.8,18276,ITC
2025-01-31 14:45:00+05:30,446.75,447.0,446.7,446.7,16049,ITC
2025-01-31 14:46:00+05:30,446.75,446.8,446.65,446.7,15940,ITC
2025-01-31 14:47:00+05:30,446.75,446.8,446.7,446.7,27268,ITC
2025-01-31 14:48:00+05:30,446.75,446.85,446.7,446.75,20262,ITC
2025-01-31 14:49:00+05:30,446.85,447.1,446.8,447.0,79463,ITC
2025-01-31 14:50:00+05:30,447.05,448.2,447.0,447.9,263307,ITC
2025-01-31 14:51:00+05:30,448.1,448.15,446.95,447.05,34714,ITC
2025-01-31 14:52:00+05:30,447.0,447.2,446.8,447.1,37469,ITC
2025-01-31 14:53:00+05:30,447.1,447.1,446.75,446.9,32422,ITC
2025-01-31 14:54:00+05:30,446.95,447.1,446.9,447.05,88653,ITC
2025-01-31 14:55:00+05:30,447.1,447.15,447.0,447.1,24554,ITC
2025-01-31 14:56:00+05:30,447.1,447.15,446.95,446.95,57831,ITC
2025-01-31 14:57:00+05:30,446.95,447.15,446.95,447.15,31524,ITC
2025-01-31 14:58:00+05:30,447.1,447.15,447.0,447.0,41041,ITC
2025-01-31 14:59:00+05:30,447.0,447.35,447.0,447.15,50919,ITC
2025-01-31 15:00:00+05:30,447.15,447.65,447.15,447.55,55091,ITC
2025-01-31 15:01:00+05:30,447.55,447.55,447.35,447.4,79335,ITC
2025-01-31 15:02:00+05:30,447.4,447.95,447.4,447.7,82833,ITC
2025-01-31 15:03:00+05:30,447.7,447.95,447.6,447.95,58805,ITC
2025-01-31 15:04:00+05:30,447.9,447.95,447.6,447.6,52254,ITC
2025-01-31 15:05:00+05:30,447.6,447.8,447.05,447.15,121307,ITC
2025-01-31 15:06:00+05:30,447.15,447.25,447.0,447.0,123693,ITC
2025-01-31 15:07:00+05:30,447.0,447.25,447.0,447.15,151799,ITC
2025-01-31 15:08:00+05:30,447.1,447.35,447.1,447.35,62717,ITC
2025-01-31 15:09:00+05:30,447.25,447.65,447.25,447.55,45494,ITC
2025-01-31 15:10:00+05:30,447.6,447.75,446.95,447.2,113890,ITC
2025-01-31 15:11:00+05:30,447.2,447.4,446.95,447.15,93574,ITC
2025-01-31 15:12:00+05:30,447.1,447.55,447.1,447.3,64950,ITC
2025-01-31 15:13:00+05:30,447.3,447.55,447.2,447.45,71956,ITC
2025-01-31 15:14:00+05:30,447.4,447.85,447.2,447.4,123877,ITC
2025-01-31 15:15:00+05:30,447.4,447.9,447.3,447.35,107276,ITC
2025-01-31 15:16:00+05:30,447.3,447.95,447.3,447.65,104269,ITC
2025-01-31 15:17:00+05:30,447.65,447.85,447.3,447.45,82072,ITC
2025-01-31 15:18:00+05:30,447.3,447.65,447.15,447.45,79413,ITC
2025-01-31 15:19:00+05:30,447.4,447.95,447.35,447.55,127252,ITC
2025-01-31 15:20:00+05:30,447.5,447.9,447.45,447.8,133750,ITC
2025-01-31 15:21:00+05:30,447.9,447.95,447.65,447.7,65311,ITC
2025-01-31 15:22:00+05:30,447.7,448.0,447.65,447.8,56221,ITC
2025-01-31 15:23:00+05:30,447.8,447.8,447.6,447.65,54335,ITC
2025-01-31 15:24:00+05:30,447.7,447.95,447.55,447.65,76395,ITC
2025-01-31 15:25:00+05:30,447.65,447.85,447.45,447.5,137919,ITC
2025-01-31 15:26:00+05:30,447.55,447.7,447.45,447.5,91866,ITC
2025-01-31 15:27:00+05:30,447.55,447.9,447.5,447.6,84640,ITC
2025-01-31 15:28:00+05:30,447.6,448.0,447.5,447.9,86640,ITC
2025-01-31 15:29:00+05:30,447.65,447.85,447.5,447.7,59780,ITC
2025-02-01 09:15:00+05:30,448.0,450.95,447.2,447.25,86010,ITC
2025-02-01 09:16:00+05:30,447.25,447.75,447.05,447.25,20549,ITC
2025-02-01 09:17:00+05:30,447.5,448.0,444.55,444.85,67870,ITC
2025-02-01 09:18:00+05:30,444.65,446.3,444.65,445.75,21888,ITC
2025-02-01 09:19:00+05:30,445.75,446.45,445.5,446.45,14761,ITC
2025-02-01 09:20:00+05:30,446.15,446.5,445.75,445.9,15910,ITC
2025-02-01 09:21:00+05:30,446.1,447.75,445.95,447.4,37178,ITC
2025-02-01 09:22:00+05:30,447.4,447.9,446.85,447.6,14699,ITC
2025-02-01 09:23:00+05:30,447.85,448.3,447.6,447.65,28417,ITC
2025-02-01 09:24:00+05:30,447.95,448.5,447.35,448.15,21975,ITC
2025-02-01 09:25:00+05:30,448.0,448.45,447.8,447.8,19147,ITC
2025-02-01 09:26:00+05:30,448.1,448.45,447.6,448.2,15218,ITC
2025-02-01 09:27:00+05:30,448.35,448.5,447.5,447.5,12283,ITC
2025-02-01 09:28:00+05:30,447.75,449.8,447.45,449.5,49402,ITC
2025-02-01 09:29:00+05:30,449.75,450.0,449.25,450.0,44309,ITC
2025-02-01 09:30:00+05:30,450.0,451.95,449.85,451.9,44862,ITC
2025-02-01 09:31:00+05:30,451.7,452.65,451.6,452.5,37746,ITC
2025-02-01 09:32:00+05:30,452.5,452.7,450.95,451.35,49414,ITC
2025-02-01 09:33:00+05:30,451.5,451.8,451.05,451.1,26426,ITC
2025-02-01 09:34:00+05:30,451.15,451.5,451.1,451.4,14206,ITC
2025-02-01 09:35:00+05:30,451.2,451.5,451.0,451.0,23082,ITC
2025-02-01 09:36:00+05:30,451.15,451.3,450.3,450.9,44278,ITC
2025-02-01 09:37:00+05:30,450.95,451.55,450.75,451.4,17904,ITC
2025-02-01 09:38:00+05:30,451.45,451.5,450.4,450.5,23126,ITC
2025-02-01 09:39:00+05:30,450.4,450.65,448.45,449.0,57217,ITC
2025-02-01 09:40:00+05:30,449.0,449.0,448.45,449.0,35344,ITC
2025-02-01 09:41:00+05:30,449.0,449.85,448.65,449.0,49083,ITC
2025-02-01 09:42:00+05:30,449.0,449.05,448.45,448.75,62115,ITC
2025-02-01 09:43:00+05:30,448.95,448.95,448.7,448.95,10282,ITC
2025-02-01 09:44:00+05:30,448.9,449.05,448.65,448.95,46916,ITC
2025-02-01 09:45:00+05:30,448.85,449.0,448.6,449.0,49698,ITC
2025-02-01 09:46:00+05:30,448.95,449.05,448.35,448.65,23998,ITC
2025-02-01 09:47:00+05:30,448.7,448.7,448.1,448.25,16548,ITC
2025-02-01 09:48:00+05:30,448.25,448.5,447.9,448.5,64008,ITC
2025-02-01 09:49:00+05:30,448.4,448.5,448.2,448.5,11215,ITC
2025-02-01 09:50:00+05:30,448.5,448.5,448.4,448.5,9951,ITC
2025-02-01 09:51:00+05:30,448.5,448.5,448.25,448.5,16023,ITC
2025-02-01 09:52:00+05:30,448.5,448.5,448.3,448.5,12556,ITC
2025-02-01 09:53:00+05:30,448.5,448.55,448.3,448.5,57267,ITC
2025-02-01 09:54:00+05:30,448.5,448.5,448.05,448.1,14101,ITC
2025-02-01 09:55:00+05:30,448.25,448.4,447.5,447.8,15843,ITC
2025-02-01 09:56:00+05:30,447.7,448.3,447.0,448.2,26400,ITC
2025-02-01 09:57:00+05:30,448.2,448.5,447.95,448.25,13391,ITC
2025-02-01 09:58:00+05:30,448.25,448.25,447.8,448.1,11167,ITC
2025-02-01 09:59:00+05:30,448.0,448.15,447.45,447.8,14665,ITC
2025-02-01 10:00:00+05:30,448.0,448.05,447.75,448.0,6356,ITC
2025-02-01 10:01:00+05:30,448.0,448.1,447.65,447.95,16510,ITC
2025-02-01 10:02:00+05:30,447.95,448.1,447.7,448.05,6692,ITC
2025-02-01 10:03:00+05:30,448.05,448.2,447.85,448.2,6303,ITC
2025-02-01 10:04:00+05:30,448.2,448.2,447.7,447.95,10631,ITC
2025-02-01 10:05:00+05:30,447.95,448.0,447.05,447.3,79531,ITC
2025-02-01 10:06:00+05:30,447.45,447.45,447.0,447.25,10354,ITC
2025-02-01 10:07:00+05:30,447.25,447.3,447.05,447.1,7592,ITC
2025-02-01 10:08:00+05:30,447.1,447.55,447.05,447.55,10000,ITC
2025-02-01 10:09:00+05:30,447.55,447.55,446.75,446.8,56177,ITC
2025-02-01 10:10:00+05:30,446.8,447.15,446.8,447.1,8490,ITC
2025-02-01 10:11:00+05:30,447.0,447.25,446.75,446.95,15805,ITC
2025-02-01 10:12:00+05:30,446.9,446.9,445.85,446.4,25738,ITC
2025-02-01 10:13:00+05:30,446.2,446.6,445.75,446.0,26441,ITC
2025-02-01 10:14:00+05:30,445.85,447.0,445.8,445.95,86478,ITC
2025-02-01 10:15:00+05:30,446.05,446.85,445.8,446.0,41065,ITC
2025-02-01 10:16:00+05:30,445.85,446.5,445.8,446.25,47582,ITC
2025-02-01 10:17:00+05:30,446.25,446.25,444.8,445.0,46803,ITC
2025-02-01 10:18:00+05:30,445.0,445.2,444.9,445.1,42329,ITC
2025-02-01 10:19:00+05:30,445.0,445.5,444.6,445.0,102448,ITC
2025-02-01 10:20:00+05:30,444.8,445.3,443.55,443.85,127433,ITC
2025-02-01 10:21:00+05:30,443.9,444.0,443.5,443.9,55718,ITC
2025-02-01 10:22:00+05:30,443.95,444.55,443.6,444.4,42499,ITC
2025-02-01 10:23:00+05:30,444.4,444.5,443.85,444.0,73234,ITC
2025-02-01 10:24:00+05:30,444.0,444.25,443.8,443.95,25322,ITC
2025-02-01 10:25:00+05:30,443.95,444.0,443.85,444.0,19762,ITC
2025-02-01 10:26:00+05:30,444.0,444.2,443.9,444.0,44721,ITC
2025-02-01 10:27:00+05:30,444.0,444.9,443.9,444.85,58877,ITC
2025-02-01 10:28:00+05:30,444.85,445.75,444.7,445.75,22465,ITC
2025-02-01 10:29:00+05:30,445.75,445.75,445.35,445.65,14408,ITC
2025-02-01 10:30:00+05:30,445.65,445.75,444.15,444.7,63025,ITC
2025-02-01 10:31:00+05:30,444.7,445.0,444.5,444.95,10688,ITC
2025-02-01 10:32:00+05:30,444.95,445.0,444.65,444.85,19711,ITC
2025-02-01 10:33:00+05:30,444.9,445.0,444.65,445.0,10585,ITC
2025-02-01 10:34:00+05:30,445.0,445.2,444.8,445.0,63558,ITC
2025-02-01 10:35:00+05:30,445.0,445.2,444.85,445.0,24726,ITC
2025-02-01 10:36:00+05:30,445.0,445.0,444.85,445.0,17795,ITC
2025-02-01 10:37:00+05:30,445.0,445.0,444.85,444.9,10446,ITC
2025-02-01 10:38:00+05:30,445.0,445.0,444.85,444.95,7431,ITC
2025-02-01 10:39:00+05:30,444.95,445.0,444.6,444.8,13763,ITC
2025-02-01 10:40:00+05:30,444.85,444.85,444.4,444.4,9746,ITC
2025-02-01 10:41:00+05:30,444.55,445.0,444.4,444.9,23693,ITC
2025-02-01 10:42:00+05:30,445.0,445.0,444.8,445.0,9236,ITC
2025-02-01 10:43:00+05:30,445.0,445.0,444.8,445.0,18793,ITC
2025-02-01 10:44:00+05:30,445.0,445.0,444.6,444.65,8878,ITC
2025-02-01 10:45:00+05:30,444.65,444.8,443.2,443.4,54641,ITC
2025-02-01 10:46:00+05:30,443.4,443.55,443.05,443.4,19233,ITC
2025-02-01 10:47:00+05:30,443.4,443.9,443.2,443.85,12301,ITC
2025-02-01 10:48:00+05:30,443.85,443.9,441.85,442.25,104366,ITC
2025-02-01 10:49:00+05:30,442.25,442.8,441.95,442.35,110176,ITC
2025-02-01 10:50:00+05:30,442.35,443.0,442.15,442.8,45793,ITC
2025-02-01 10:51:00+05:30,442.9,443.0,442.5,442.9,17409,ITC
2025-02-01 10:52:00+05:30,442.9,443.0,442.8,442.95,7242,ITC
2025-02-01 10:53:00+05:30,442.9,443.0,442.55,442.95,21627,ITC
2025-02-01 10:54:00+05:30,443.0,443.55,442.8,443.3,52882,ITC
2025-02-01 10:55:00+05:30,443.55,443.7,442.6,442.75,44734,ITC
2025-02-01 10:56:00+05:30,442.95,443.05,442.65,442.8,32412,ITC
2025-02-01 10:57:00+05:30,442.95,444.5,442.8,444.1,190596,ITC
2025-02-01 10:58:00+05:30,444.1,444.2,443.9,444.15,23516,ITC
2025-02-01 10:59:00+05:30,444.25,445.0,444.05,444.95,75460,ITC
2025-02-01 11:00:00+05:30,444.95,445.0,444.5,444.95,25043,ITC
2025-02-01 11:01:00+05:30,444.95,445.0,444.25,444.45,23357,ITC
2025-02-01 11:02:00+05:30,444.45,444.5,443.75,444.4,24960,ITC
2025-02-01 11:03:00+05:30,444.2,444.75,443.75,443.8,33060,ITC
2025-02-01 11:04:00+05:30,443.8,444.5,443.75,444.0,22591,ITC
2025-02-01 11:05:00+05:30,444.0,444.0,443.25,443.4,43883,ITC
2025-02-01 11:06:00+05:30,443.5,443.8,443.4,443.7,31404,ITC
2025-02-01 11:07:00+05:30,443.7,443.7,443.35,443.7,18388,ITC
2025-02-01 11:08:00+05:30,443.7,444.6,443.6,444.55,43758,ITC
2025-02-01 11:09:00+05:30,444.3,444.8,444.3,444.55,14715,ITC
2025-02-01 11:10:00+05:30,444.75,445.0,444.25,444.45,63088,ITC
2025-02-01 11:11:00+05:30,444.25,444.6,444.2,444.6,7410,ITC
2025-02-01 11:12:00+05:30,444.6,444.95,444.45,444.75,13253,ITC
2025-02-01 11:13:00+05:30,444.8,445.0,444.7,444.95,16000,ITC
2025-02-01 11:14:00+05:30,444.9,445.0,444.55,445.0,13093,ITC
2025-02-01 11:15:00+05:30,444.8,445.0,444.75,444.95,8012,ITC
2025-02-01 11:16:00+05:30,444.95,445.0,444.8,444.8,14291,ITC
2025-02-01 11:17:00+05:30,444.8,445.0,444.7,444.9,11964,ITC
2025-02-01 11:18:00+05:30,444.9,444.95,444.55,444.75,6345,ITC
2025-02-01 11:19:00+05:30,444.8,444.95,444.65,444.95,9757,ITC
2025-02-01 11:20:00+05:30,444.75,444.95,444.6,444.9,9391,ITC
2025-02-01 11:21:00+05:30,444.65,444.95,444.6,444.85,10525,ITC
2025-02-01 11:22:00+05:30,444.85,445.0,444.65,444.9,112617,ITC
2025-02-01 11:23:00+05:30,444.9,445.0,444.7,445.0,17397,ITC
2025-02-01 11:24:00+05:30,445.0,445.0,444.75,444.95,11918,ITC
2025-02-01 11:25:00+05:30,444.95,444.95,444.55,444.9,7358,ITC
2025-02-01 11:26:00+05:30,444.85,444.9,444.6,444.8,7301,ITC
2025-02-01 11:27:00+05:30,444.8,444.95,444.65,444.95,5533,ITC
2025-02-01 11:28:00+05:30,444.7,444.95,444.65,444.9,7839,ITC
2025-02-01 11:29:00+05:30,444.7,444.95,444.65,444.95,6407,ITC
2025-02-01 11:30:00+05:30,444.95,444.95,444.7,444.95,4821,ITC
2025-02-01 11:31:00+05:30,444.95,444.95,444.8,444.8,4787,ITC
2025-02-01 11:32:00+05:30,444.8,444.95,444.8,444.95,4557,ITC
2025-02-01 11:33:00+05:30,444.9,444.95,444.8,444.85,7974,ITC
2025-02-01 11:34:00+05:30,444.95,445.0,444.8,444.95,5470,ITC
2025-02-01 11:35:00+05:30,444.95,445.2,444.65,444.8,120691,ITC
2025-02-01 11:36:00+05:30,444.8,445.0,444.6,444.8,10711,ITC
2025-02-01 11:37:00+05:30,444.75,444.95,444.55,444.85,16389,ITC
2025-02-01 11:38:00+05:30,444.9,444.95,444.75,444.95,11547,ITC
2025-02-01 11:39:00+05:30,444.8,444.95,444.05,444.2,19511,ITC
2025-02-01 11:40:00+05:30,444.15,444.85,444.1,444.65,14861,ITC
2025-02-01 11:41:00+05:30,444.85,445.0,444.6,445.0,24339,ITC
2025-02-01 11:42:00+05:30,444.95,445.0,444.7,445.0,10097,ITC
2025-02-01 11:43:00+05:30,445.0,445.05,444.85,444.9,24509,ITC
2025-02-01 11:44:00+05:30,445.0,445.1,444.9,445.0,29692,ITC
2025-02-01 11:45:00+05:30,444.95,445.0,444.9,445.0,14508,ITC
2025-02-01 11:46:00+05:30,444.9,445.0,444.1,444.4,19059,ITC
2025-02-01 11:47:00+05:30,444.15,444.75,443.85,444.5,26949,ITC
2025-02-01 11:48:00+05:30,444.7,444.95,444.55,444.7,6365,ITC
2025-02-01 11:49:00+05:30,444.65,444.7,443.6,443.7,30856,ITC
2025-02-01 11:50:00+05:30,443.9,444.0,442.85,442.85,44956,ITC
2025-02-01 11:51:00+05:30,443.1,443.1,440.15,440.3,147750,ITC
2025-02-01 11:52:00+05:30,440.3,441.75,440.1,441.45,68202,ITC
2025-02-01 11:53:00+05:30,441.45,441.6,441.0,441.25,15446,ITC
2025-02-01 11:54:00+05:30,441.4,441.4,440.0,441.0,58198,ITC
2025-02-01 11:55:00+05:30,440.9,441.1,440.25,440.7,42136,ITC
2025-02-01 11:56:00+05:30,440.65,441.4,440.35,441.0,111935,ITC
2025-02-01 11:57:00+05:30,441.0,441.3,439.55,440.6,318090,ITC
2025-02-01 11:58:00+05:30,440.6,441.05,440.5,441.0,21115,ITC
2025-02-01 11:59:00+05:30,441.05,441.2,440.75,440.95,19934,ITC
2025-02-01 12:00:00+05:30,440.95,443.8,440.8,443.75,436418,ITC
2025-02-01 12:01:00+05:30,443.65,446.75,441.65,446.5,254371,ITC
2025-02-01 12:02:00+05:30,446.55,448.7,446.55,447.6,244214,ITC
2025-02-01 12:03:00+05:30,447.55,450.0,447.4,449.45,218384,ITC
2025-02-01 12:04:00+05:30,449.45,450.0,447.35,447.6,117154,ITC
2025-02-01 12:05:00+05:30,447.6,448.55,445.65,448.2,164980,ITC
2025-02-01 12:06:00+05:30,448.2,449.2,447.95,449.0,109010,ITC
2025-02-01 12:07:00+05:30,448.8,449.15,448.0,448.55,91759,ITC
2025-02-01 12:08:00+05:30,448.8,449.5,448.1,448.25,69468,ITC
2025-02-01 12:09:00+05:30,448.25,448.75,447.45,448.45,86393,ITC
2025-02-01 12:10:00+05:30,448.45,449.25,447.5,448.0,117218,ITC
2025-02-01 12:11:00+05:30,448.25,449.35,448.0,449.3,70927,ITC
2025-02-01 12:12:00+05:30,449.3,453.65,449.1,452.75,333687,ITC
2025-02-01 12:13:00+05:30,453.0,459.75,452.8,457.9,730159,ITC
2025-02-01 12:14:00+05:30,457.65,458.0,452.45,454.9,330620,ITC
2025-02-01 12:15:00+05:30,454.9,462.85,454.85,462.75,574446,ITC
2025-02-01 12:16:00+05:30,462.7,467.25,461.75,463.45,880606,ITC
2025-02-01 12:17:00+05:30,463.3,463.45,457.2,459.25,638324,ITC
2025-02-01 12:18:00+05:30,459.5,460.35,457.0,459.4,424727,ITC
2025-02-01 12:19:00+05:30,459.4,465.75,458.0,465.6,507381,ITC
2025-02-01 12:20:00+05:30,465.7,465.75,461.0,461.15,255673,ITC
2025-02-01 12:21:00+05:30,461.3,463.4,460.8,462.2,183683,ITC
2025-02-01 12:22:00+05:30,462.2,464.7,461.9,463.45,166776,ITC
2025-02-01 12:23:00+05:30,463.6,465.0,462.75,464.8,209099,ITC
2025-02-01 12:24:00+05:30,464.8,466.35,463.55,464.6,461559,ITC
2025-02-01 12:25:00+05:30,464.5,466.25,463.25,465.8,184241,ITC
2025-02-01 12:26:00+05:30,465.85,466.75,463.05,463.9,282432,ITC
2025-02-01 12:27:00+05:30,463.9,464.7,463.05,464.4,214853,ITC
2025-02-01 12:28:00+05:30,464.4,468.95,463.7,466.95,507292,ITC
2025-02-01 12:29:00+05:30,467.0,467.05,463.5,463.8,144852,ITC
2025-02-01 12:30:00+05:30,463.8,464.1,462.65,462.7,86984,ITC
2025-02-01 12:31:00+05:30,462.65,462.95,460.3,460.95,108181,ITC
2025-02-01 12:32:00+05:30,460.9,463.1,460.35,462.95,118980,ITC
2025-02-01 12:33:00+05:30,463.1,463.45,461.6,462.25,55964,ITC
2025-02-01 12:34:00+05:30,462.5,462.5,458.65,459.5,219707,ITC
2025-02-01 12:35:00+05:30,459.3,459.95,458.4,458.75,87915,ITC
2025-02-01 12:36:00+05:30,458.75,460.7,458.55,459.8,508706,ITC
2025-02-01 12:37:00+05:30,459.8,460.0,459.15,459.65,54186,ITC
2025-02-01 12:38:00+05:30,459.5,459.8,458.8,459.25,52846,ITC
2025-02-01 12:39:00+05:30,459.3,459.5,458.5,458.75,57223,ITC
2025-02-01 12:40:00+05:30,458.75,459.9,458.3,459.75,27981,ITC
2025-02-01 12:41:00+05:30,459.75,459.75,458.5,459.55,51481,ITC
2025-02-01 12:42:00+05:30,459.5,462.0,458.7,460.0,496972,ITC
2025-02-01 12:43:00+05:30,459.95,460.3,459.65,460.0,180612,ITC
2025-02-01 12:44:00+05:30,460.0,460.05,459.6,459.75,118197,ITC
2025-02-01 12:45:00+05:30,459.95,460.0,459.5,460.0,100055,ITC
2025-02-01 12:46:00+05:30,460.0,460.0,459.4,459.95,66265,ITC
2025-02-01 12:47:00+05:30,459.9,460.4,459.45,459.65,69174,ITC
2025-02-01 12:48:00+05:30,459.65,459.9,459.2,459.75,26769,ITC
2025-02-01 12:49:00+05:30,459.75,460.0,459.0,459.35,35602,ITC
2025-02-01 12:50:00+05:30,459.4,459.55,459.05,459.2,14947,ITC
2025-02-01 12:51:00+05:30,459.2,461.65,459.1,459.7,298968,ITC
2025-02-01 12:52:00+05:30,459.7,459.8,458.9,459.5,27589,ITC
2025-02-01 12:53:00+05:30,459.45,463.0,459.15,463.0,229717,ITC
2025-02-01 12:54:00+05:30,462.65,463.0,462.15,462.45,23570,ITC
2025-02-01 12:55:00+05:30,462.6,462.7,460.8,461.75,57236,ITC
2025-02-01 12:56:00+05:30,461.8,461.8,460.25,460.7,72654,ITC
2025-02-01 12:57:00+05:30,460.5,462.65,460.05,462.65,106539,ITC
2025-02-01 12:58:00+05:30,462.6,463.4,462.15,462.4,78942,ITC
2025-02-01 12:59:00+05:30,462.15,464.0,462.15,463.8,99091,ITC
2025-02-01 13:00:00+05:30,463.85,464.95,463.7,464.7,94063,ITC
2025-02-01 13:01:00+05:30,464.6,465.95,464.3,464.65,120027,ITC
2025-02-01 13:02:00+05:30,464.7,464.9,463.6,464.0,35401,ITC
2025-02-01 13:03:00+05:30,463.95,464.5,463.0,464.35,85921,ITC
2025-02-01 13:04:00+05:30,464.1,464.5,463.7,464.25,37482,ITC
2025-02-01 13:05:00+05:30,464.25,464.45,463.55,463.8,36798,ITC
2025-02-01 13:06:00+05:30,463.8,465.0,463.8,465.0,84614,ITC
2025-02-01 13:07:00+05:30,465.0,466.95,464.9,466.6,141327,ITC
2025-02-01 13:08:00+05:30,466.6,468.1,466.0,467.5,332730,ITC
2025-02-01 13:09:00+05:30,467.4,468.65,466.8,467.7,258354,ITC
2025-02-01 13:10:00+05:30,467.7,469.05,465.25,467.45,574413,ITC
2025-02-01 13:11:00+05:30,467.25,468.0,465.5,465.7,123566,ITC
2025-02-01 13:12:00+05:30,465.9,468.2,465.7,468.15,137399,ITC
2025-02-01 13:13:00+05:30,468.15,469.9,467.9,469.7,353843,ITC
2025-02-01 13:14:00+05:30,469.7,470.0,468.6,469.95,180522,ITC
2025-02-01 13:15:00+05:30,469.95,470.85,469.15,470.1,216551,ITC
2025-02-01 13:16:00+05:30,470.1,470.9,469.3,470.15,273476,ITC
2025-02-01 13:17:00+05:30,470.2,470.9,469.5,470.65,201155,ITC
2025-02-01 13:18:00+05:30,470.7,471.5,470.0,470.1,189318,ITC
2025-02-01 13:19:00+05:30,470.1,470.25,469.5,470.0,219050,ITC
2025-02-01 13:20:00+05:30,470.0,470.15,468.25,469.6,329409,ITC
2025-02-01 13:21:00+05:30,469.65,469.9,469.05,469.25,58718,ITC
2025-02-01 13:22:00+05:30,469.3,469.7,468.6,468.7,77010,ITC
2025-02-01 13:23:00+05:30,468.7,470.1,468.55,469.95,647935,ITC
2025-02-01 13:24:00+05:30,469.85,470.15,468.7,468.9,70546,ITC
2025-02-01 13:25:00+05:30,468.7,469.1,468.25,468.6,118551,ITC
2025-02-01 13:26:00+05:30,468.7,469.0,467.65,468.05,94757,ITC
2025-02-01 13:27:00+05:30,468.1,468.4,467.55,467.65,50907,ITC
2025-02-01 13:28:00+05:30,467.65,468.7,467.5,467.95,115830,ITC
2025-02-01 13:29:00+05:30,467.75,468.2,466.45,466.65,92834,ITC
2025-02-01 13:30:00+05:30,466.75,467.0,465.5,466.15,144320,ITC
2025-02-01 13:31:00+05:30,465.85,466.8,465.85,466.4,185215,ITC
2025-02-01 13:32:00+05:30,466.25,466.95,465.75,466.0,122033,ITC
2025-02-01 13:33:00+05:30,466.05,466.35,465.2,465.5,88985,ITC
2025-02-01 13:34:00+05:30,465.5,465.55,465.0,465.1,79077,ITC
2025-02-01 13:35:00+05:30,465.1,465.3,464.55,465.0,115270,ITC
2025-02-01 13:36:00+05:30,465.0,466.0,464.65,465.95,108014,ITC
2025-02-01 13:37:00+05:30,465.6,466.3,465.6,465.85,39001,ITC
2025-02-01 13:38:00+05:30,465.8,466.5,465.4,466.45,93499,ITC
2025-02-01 13:39:00+05:30,466.2,466.5,465.65,466.25,40528,ITC
2025-02-01 13:40:00+05:30,466.05,466.4,465.8,466.2,37473,ITC
2025-02-01 13:41:00+05:30,466.3,466.5,466.05,466.3,16738,ITC
2025-02-01 13:42:00+05:30,466.25,467.1,466.25,466.7,43237,ITC
2025-02-01 13:43:00+05:30,466.65,466.95,466.0,466.15,36870,ITC
2025-02-01 13:44:00+05:30,466.0,466.4,465.65,466.3,57085,ITC
2025-02-01 13:45:00+05:30,466.05,468.95,466.0,467.5,181978,ITC
2025-02-01 13:46:00+05:30,467.6,467.8,466.35,467.65,57443,ITC
2025-02-01 13:47:00+05:30,467.4,467.9,466.0,466.15,64265,ITC
2025-02-01 13:48:00+05:30,466.0,466.25,465.0,465.3,64153,ITC
2025-02-01 13:49:00+05:30,465.1,466.7,465.05,466.35,67571,ITC
2025-02-01 13:50:00+05:30,466.3,467.8,466.2,467.25,67216,ITC
2025-02-01 13:51:00+05:30,467.25,467.4,466.25,467.1,44405,ITC
2025-02-01 13:52:00+05:30,466.85,467.4,466.0,466.2,46604,ITC
2025-02-01 13:53:00+05:30,466.1,466.85,466.0,466.25,50664,ITC
2025-02-01 13:54:00+05:30,466.25,466.5,465.95,466.3,33710,ITC
2025-02-01 13:55:00+05:30,466.0,466.5,465.9,466.2,55417,ITC
2025-02-01 13:56:00+05:30,466.0,466.3,465.6,465.65,55850,ITC
2025-02-01 13:57:00+05:30,465.75,466.1,465.6,465.95,29951,ITC
2025-02-01 13:58:00+05:30,465.75,466.1,465.5,465.6,40700,ITC
2025-02-01 13:59:00+05:30,465.6,465.95,465.25,465.5,36091,ITC
2025-02-01 14:00:00+05:30,465.4,466.4,465.1,465.95,85778,ITC
2025-02-01 14:01:00+05:30,465.85,466.75,465.7,466.1,61805,ITC
2025-02-01 14:02:00+05:30,466.05,466.35,465.5,466.1,52871,ITC
2025-02-01 14:03:00+05:30,466.1,466.55,465.65,466.45,64637,ITC
2025-02-01 14:04:00+05:30,466.35,467.0,466.1,466.3,123577,ITC
2025-02-01 14:05:00+05:30,466.15,466.6,465.9,466.2,42113,ITC
2025-02-01 14:06:00+05:30,466.15,466.3,465.75,466.05,28221,ITC
2025-02-01 14:07:00+05:30,465.9,467.2,465.7,466.65,60547,ITC
2025-02-01 14:08:00+05:30,466.45,466.75,465.8,466.25,41925,ITC
2025-02-01 14:09:00+05:30,466.0,466.45,465.85,466.3,52311,ITC
2025-02-01 14:10:00+05:30,466.05,466.3,465.7,465.95,33348,ITC
2025-02-01 14:11:00+05:30,466.0,466.05,465.7,465.75,46257,ITC
2025-02-01 14:12:00+05:30,465.75,466.0,464.8,466.0,116270,ITC
2025-02-01 14:13:00+05:30,465.9,466.0,465.5,465.95,26912,ITC
2025-02-01 14:14:00+05:30,466.0,466.35,465.85,466.25,29789,ITC
2025-02-01 14:15:00+05:30,466.1,466.85,466.0,466.7,25749,ITC
2025-02-01 14:16:00+05:30,466.6,466.7,466.25,466.4,20910,ITC
2025-02-01 14:17:00+05:30,466.4,467.0,465.95,466.25,50389,ITC
2025-02-01 14:18:00+05:30,466.15,466.45,465.9,466.1,24143,ITC
2025-02-01 14:19:00+05:30,466.0,466.4,466.0,466.05,15824,ITC
2025-02-01 14:20:00+05:30,466.05,466.3,465.15,465.2,42880,ITC
2025-02-01 14:21:00+05:30,465.25,465.55,464.45,465.0,268564,ITC
2025-02-01 14:22:00+05:30,465.0,465.1,461.35,463.2,307300,ITC
2025-02-01 14:23:00+05:30,463.2,464.05,462.7,462.75,94721,ITC
2025-02-01 14:24:00+05:30,462.7,463.0,462.0,462.75,25901,ITC
2025-02-01 14:25:00+05:30,462.95,463.0,462.0,462.15,59518,ITC
2025-02-01 14:26:00+05:30,462.35,462.5,461.3,461.75,63265,ITC
2025-02-01 14:27:00+05:30,461.75,462.0,461.05,461.45,62986,ITC
2025-02-01 14:28:00+05:30,461.6,463.1,461.1,462.7,47968,ITC
2025-02-01 14:29:00+05:30,462.7,463.1,462.15,462.6,39234,ITC
2025-02-01 14:30:00+05:30,462.6,462.95,462.45,462.45,26226,ITC
2025-02-01 14:31:00+05:30,462.75,462.85,462.0,462.0,27674,ITC
2025-02-01 14:32:00+05:30,462.25,462.7,461.65,462.2,51540,ITC
2025-02-01 14:33:00+05:30,462.0,462.6,461.75,462.3,35773,ITC
2025-02-01 14:34:00+05:30,462.3,462.8,462.05,462.5,29231,ITC
2025-02-01 14:35:00+05:30,462.5,462.55,461.65,461.65,33889,ITC
2025-02-01 14:36:00+05:30,461.65,462.1,461.25,461.75,34845,ITC
2025-02-01 14:37:00+05:30,461.75,462.45,461.55,462.0,37103,ITC
2025-02-01 14:38:00+05:30,462.0,462.3,461.05,461.55,39199,ITC
2025-02-01 14:39:00+05:30,461.25,461.5,460.5,460.5,52668,ITC
2025-02-01 14:40:00+05:30,460.55,460.95,460.0,460.5,137689,ITC
2025-02-01 14:41:00+05:30,460.4,460.95,460.0,460.3,175217,ITC
2025-02-01 14:42:00+05:30,460.3,461.2,460.3,461.05,120919,ITC
2025-02-01 14:43:00+05:30,461.25,463.25,461.05,463.1,53981,ITC
2025-02-01 14:44:00+05:30,463.05,463.6,462.55,463.45,36954,ITC
2025-02-01 14:45:00+05:30,463.5,463.9,462.05,462.4,113101,ITC
2025-02-01 14:46:00+05:30,462.25,463.0,462.25,463.0,17983,ITC
2025-02-01 14:47:00+05:30,462.95,463.0,462.65,462.75,19146,ITC
2025-02-01 14:48:00+05:30,462.85,463.0,462.6,462.6,25710,ITC
2025-02-01 14:49:00+05:30,462.65,463.0,462.55,462.65,27526,ITC
2025-02-01 14:50:00+05:30,462.65,463.0,462.5,463.0,23579,ITC
2025-02-01 14:51:00+05:30,462.8,463.0,462.55,462.8,23080,ITC
2025-02-01 14:52:00+05:30,463.0,463.0,462.65,462.8,29551,ITC
2025-02-01 14:53:00+05:30,462.8,463.0,462.6,462.6,20541,ITC
2025-02-01 14:54:00+05:30,462.6,463.0,462.6,462.95,18141,ITC
2025-02-01 14:55:00+05:30,462.7,463.0,462.65,462.75,42183,ITC
2025-02-01 14:56:00+05:30,463.0,463.2,462.75,463.2,69941,ITC
2025-02-01 14:57:00+05:30,463.0,463.2,462.75,462.75,64074,ITC
2025-02-01 14:58:00+05:30,462.95,463.0,462.7,462.75,18449,ITC
2025-02-01 14:59:00+05:30,463.0,464.35,462.8,463.7,41636,ITC
2025-02-01 15:00:00+05:30,463.7,464.05,463.15,463.8,29804,ITC
2025-02-01 15:01:00+05:30,463.95,464.0,463.5,463.85,23827,ITC
2025-02-01 15:02:00+05:30,463.85,463.85,462.5,463.05,52487,ITC
2025-02-01 15:03:00+05:30,463.05,463.3,461.65,462.45,43703,ITC
2025-02-01 15:04:00+05:30,462.7,463.35,462.45,462.45,25954,ITC
2025-02-01 15:05:00+05:30,462.45,462.85,462.05,462.4,24074,ITC
2025-02-01 15:06:00+05:30,462.4,462.65,462.15,462.35,26635,ITC
2025-02-01 15:07:00+05:30,462.25,462.8,462.25,462.8,21542,ITC
2025-02-01 15:08:00+05:30,462.8,463.0,461.7,462.0,42062,ITC
2025-02-01 15:09:00+05:30,462.0,462.0,461.8,462.0,21359,ITC
2025-02-01 15:10:00+05:30,462.0,462.0,461.85,461.95,19460,ITC
2025-02-01 15:11:00+05:30,461.9,462.0,461.9,462.0,22452,ITC
2025-02-01 15:12:00+05:30,462.0,462.0,461.9,461.95,26996,ITC
2025-02-01 15:13:00+05:30,462.0,462.0,461.35,461.7,83345,ITC
2025-02-01 15:14:00+05:30,461.9,461.95,460.85,461.5,64100,ITC
2025-02-01 15:15:00+05:30,461.25,461.8,461.25,461.25,30037,ITC
2025-02-01 15:16:00+05:30,461.25,466.0,461.2,462.75,252452,ITC
2025-02-01 15:17:00+05:30,462.75,463.65,462.2,463.65,68631,ITC
2025-02-01 15:18:00+05:30,463.25,463.3,462.45,462.75,49438,ITC
2025-02-01 15:19:00+05:30,462.75,462.95,462.5,462.75,35370,ITC
2025-02-01 15:20:00+05:30,462.7,462.7,461.9,461.95,55726,ITC
2025-02-01 15:21:00+05:30,461.95,462.0,461.55,461.6,34646,ITC
2025-02-01 15:22:00+05:30,461.7,462.3,461.55,461.9,32730,ITC
2025-02-01 15:23:00+05:30,461.95,462.3,461.75,461.75,27956,ITC
2025-02-01 15:24:00+05:30,461.85,462.3,461.65,462.05,43909,ITC
2025-02-01 15:25:00+05:30,462.05,463.05,462.05,462.9,21684,ITC
2025-02-01 15:26:00+05:30,462.85,463.95,462.85,463.75,62039,ITC
2025-02-01 15:27:00+05:30,463.75,463.8,462.15,462.25,68856,ITC
2025-02-01 15:28:00+05:30,462.25,462.8,461.95,462.1,29231,ITC
2025-02-01 15:29:00+05:30,462.0,462.2,461.0,461.55,29140,ITC
2025-02-03 09:15:00+05:30,462.0,463.6,457.0,462.4,1168286,ITC
2025-02-03 09:16:00+05:30,462.2,462.4,459.3,459.85,371595,ITC
2025-02-03 09:17:00+05:30,460.0,462.4,459.65,461.9,156464,ITC
2025-02-03 09:18:00+05:30,461.65,464.25,461.3,464.0,253219,ITC
2025-02-03 09:19:00+05:30,463.9,464.8,463.15,464.65,195165,ITC
2025-02-03 09:20:00+05:30,464.5,464.85,463.4,464.35,198554,ITC
2025-02-03 09:21:00+05:30,464.35,465.15,463.55,464.1,182552,ITC
2025-02-03 09:22:00+05:30,464.1,465.0,463.4,464.9,136358,ITC
2025-02-03 09:23:00+05:30,464.95,465.05,464.0,464.95,182352,ITC
2025-02-03 09:24:00+05:30,464.9,465.2,464.4,464.95,97592,ITC
2025-02-03 09:25:00+05:30,464.95,465.05,464.1,464.5,193412,ITC
2025-02-03 09:26:00+05:30,464.5,464.8,464.0,464.55,111766,ITC
2025-02-03 09:27:00+05:30,464.65,464.7,462.7,463.6,210826,ITC
2025-02-03 09:28:00+05:30,463.8,463.85,462.6,463.2,114791,ITC
2025-02-03 09:29:00+05:30,463.2,463.65,462.75,463.4,102256,ITC
2025-02-03 09:30:00+05:30,463.4,463.45,461.85,462.25,118202,ITC
2025-02-03 09:31:00+05:30,462.15,463.9,461.65,463.4,97295,ITC
2025-02-03 09:32:00+05:30,463.4,463.4,462.6,463.0,55122,ITC
2025-02-03 09:33:00+05:30,463.0,463.6,462.45,463.35,84288,ITC
2025-02-03 09:34:00+05:30,463.3,463.8,462.9,463.0,102935,ITC
2025-02-03 09:35:00+05:30,463.05,463.35,460.6,461.1,130901,ITC
2025-02-03 09:36:00+05:30,461.2,461.45,460.8,461.25,58419,ITC
2025-02-03 09:37:00+05:30,461.4,462.5,461.1,462.45,53217,ITC
2025-02-03 09:38:00+05:30,462.5,463.0,462.05,462.1,33097,ITC
2025-02-03 09:39:00+05:30,462.1,463.1,461.6,462.9,50948,ITC
2025-02-03 09:40:00+05:30,462.95,465.2,462.95,465.0,127576,ITC
2025-02-03 09:41:00+05:30,465.0,465.15,462.8,462.8,89836,ITC
2025-02-03 09:42:00+05:30,462.95,463.65,462.5,463.4,91592,ITC
2025-02-03 09:43:00+05:30,463.25,463.85,463.05,463.75,32523,ITC
2025-02-03 09:44:00+05:30,463.7,463.75,462.75,463.3,39047,ITC
2025-02-03 09:45:00+05:30,463.4,463.5,462.8,463.2,30526,ITC
2025-02-03 09:46:00+05:30,463.05,463.45,462.95,463.25,22737,ITC
2025-02-03 09:47:00+05:30,463.25,463.25,462.0,462.1,28511,ITC
2025-02-03 09:48:00+05:30,462.1,462.6,462.0,462.3,27505,ITC
2025-02-03 09:49:00+05:30,462.3,462.9,462.15,462.9,15838,ITC
2025-02-03 09:50:00+05:30,462.9,463.5,462.75,463.45,33321,ITC
2025-02-03 09:51:00+05:30,463.45,463.5,462.05,462.05,28165,ITC
2025-02-03 09:52:00+05:30,462.05,462.6,462.05,462.35,27897,ITC
2025-02-03 09:53:00+05:30,462.45,462.65,462.25,462.5,13441,ITC
2025-02-03 09:54:00+05:30,462.5,463.3,462.45,463.3,20650,ITC
2025-02-03 09:55:00+05:30,463.15,463.15,461.7,461.7,85519,ITC
2025-02-03 09:56:00+05:30,461.7,462.35,461.7,462.2,24075,ITC
2025-02-03 09:57:00+05:30,462.2,462.3,461.65,461.85,27764,ITC
2025-02-03 09:58:00+05:30,461.85,462.5,461.8,462.45,13147,ITC
2025-02-03 09:59:00+05:30,462.45,463.45,462.4,462.9,84987,ITC
2025-02-03 10:00:00+05:30,462.9,463.8,462.85,463.45,52184,ITC
2025-02-03 10:01:00+05:30,463.45,463.6,462.1,462.25,49981,ITC
2025-02-03 10:02:00+05:30,462.15,462.35,461.7,462.35,31484,ITC
2025-02-03 10:03:00+05:30,462.3,462.5,462.05,462.3,13830,ITC
2025-02-03 10:04:00+05:30,462.2,462.45,461.45,461.8,32782,ITC
2025-02-03 10:05:00+05:30,461.8,462.2,461.5,462.0,16276,ITC
2025-02-03 10:06:00+05:30,462.0,462.25,461.05,461.35,26545,ITC
2025-02-03 10:07:00+05:30,461.4,461.9,461.3,461.85,13425,ITC
2025-02-03 10:08:00+05:30,461.85,461.95,461.05,461.5,38990,ITC
2025-02-03 10:09:00+05:30,461.35,461.75,461.25,461.4,27816,ITC
2025-02-03 10:10:00+05:30,461.25,461.45,460.5,460.55,46457,ITC
2025-02-03 10:11:00+05:30,460.55,460.95,460.35,460.7,23580,ITC
2025-02-03 10:12:00+05:30,460.65,461.65,460.45,461.05,76736,ITC
2025-02-03 10:13:00+05:30,460.95,461.2,460.75,460.75,35932,ITC
2025-02-03 10:14:00+05:30,460.95,461.15,460.7,461.0,54256,ITC
2025-02-03 10:15:00+05:30,460.9,461.05,460.6,460.85,16558,ITC
2025-02-03 10:16:00+05:30,460.8,461.4,460.25,460.5,45892,ITC
2025-02-03 10:17:00+05:30,460.45,460.45,459.8,460.15,69960,ITC
2025-02-03 10:18:00+05:30,460.1,460.1,459.8,459.95,31889,ITC
2025-02-03 10:19:00+05:30,460.1,460.25,459.85,460.0,24161,ITC
2025-02-03 10:20:00+05:30,459.9,460.4,459.8,460.05,22060,ITC
2025-02-03 10:21:00+05:30,460.15,460.15,459.5,459.7,18645,ITC
2025-02-03 10:22:00+05:30,459.7,459.9,459.5,459.8,28914,ITC
2025-02-03 10:23:00+05:30,459.8,459.95,459.5,459.65,13713,ITC
2025-02-03 10:24:00+05:30,459.6,459.7,459.35,459.6,21909,ITC
2025-02-03 10:25:00+05:30,459.5,459.75,459.05,459.3,26051,ITC
2025-02-03 10:26:00+05:30,459.5,459.6,459.05,459.15,16956,ITC
2025-02-03 10:27:00+05:30,459.25,459.6,459.0,459.3,23313,ITC
2025-02-03 10:28:00+05:30,459.3,459.7,459.05,459.6,25336,ITC
2025-02-03 10:29:00+05:30,459.5,459.5,458.8,459.1,63557,ITC
2025-02-03 10:30:00+05:30,459.1,459.2,458.55,458.85,22349,ITC
2025-02-03 10:31:00+05:30,458.7,459.4,458.65,459.1,17950,ITC
2025-02-03 10:32:00+05:30,459.2,460.0,459.0,459.8,30045,ITC
2025-02-03 10:33:00+05:30,459.95,459.95,459.3,459.35,22971,ITC
2025-02-03 10:34:00+05:30,459.45,459.45,459.05,459.35,17950,ITC
2025-02-03 10:35:00+05:30,459.35,459.6,459.05,459.15,19978,ITC
2025-02-03 10:36:00+05:30,459.2,459.25,458.15,458.15,46738,ITC
2025-02-03 10:37:00+05:30,458.25,458.4,457.5,458.0,89306,ITC
2025-02-03 10:38:00+05:30,457.95,458.15,456.8,457.2,98424,ITC
2025-02-03 10:39:00+05:30,457.15,457.6,456.65,457.2,49473,ITC
2025-02-03 10:40:00+05:30,457.15,457.35,456.85,457.25,35653,ITC
2025-02-03 10:41:00+05:30,457.2,457.45,456.7,457.1,43311,ITC
2025-02-03 10:42:00+05:30,457.05,457.75,456.75,457.35,59642,ITC
2025-02-03 10:43:00+05:30,457.35,457.85,457.0,457.15,58495,ITC
2025-02-03 10:44:00+05:30,457.15,457.45,457.05,457.15,17873,ITC
2025-02-03 10:45:00+05:30,457.15,458.1,457.0,457.1,47383,ITC
2025-02-03 10:46:00+05:30,457.1,457.1,456.6,456.95,20783,ITC
2025-02-03 10:47:00+05:30,456.85,457.0,456.65,456.7,21428,ITC
2025-02-03 10:48:00+05:30,456.85,456.95,456.6,456.75,24574,ITC
2025-02-03 10:49:00+05:30,456.65,456.95,456.3,456.9,31116,ITC
2025-02-03 10:50:00+05:30,456.85,457.3,456.6,457.3,33276,ITC
2025-02-03 10:51:00+05:30,457.05,458.25,457.0,458.2,31369,ITC
2025-02-03 10:52:00+05:30,458.15,458.15,457.2,457.65,25602,ITC
2025-02-03 10:53:00+05:30,457.75,457.75,457.0,457.1,66052,ITC
2025-02-03 10:54:00+05:30,457.2,457.55,456.85,456.95,111139,ITC
2025-02-03 10:55:00+05:30,456.95,457.3,456.75,456.85,93337,ITC
2025-02-03 10:56:00+05:30,456.8,456.9,456.6,456.65,22770,ITC
2025-02-03 10:57:00+05:30,456.65,456.75,456.3,456.5,34458,ITC
2025-02-03 10:58:00+05:30,456.4,456.75,455.9,456.25,127037,ITC
2025-02-03 10:59:00+05:30,456.1,456.75,455.9,456.6,41952,ITC
2025-02-03 11:00:00+05:30,456.5,456.7,456.3,456.5,16832,ITC
2025-02-03 11:01:00+05:30,456.65,456.7,455.85,456.05,25663,ITC
2025-02-03 11:02:00+05:30,456.05,456.2,455.9,455.9,15635,ITC
2025-02-03 11:03:00+05:30,456.0,456.4,455.85,456.35,11255,ITC
2025-02-03 11:04:00+05:30,456.4,456.75,456.35,456.75,22165,ITC
2025-02-03 11:05:00+05:30,456.75,457.3,456.6,457.2,41707,ITC
2025-02-03 11:06:00+05:30,457.15,457.25,456.5,456.9,16605,ITC
2025-02-03 11:07:00+05:30,456.9,456.95,456.5,456.65,9523,ITC
2025-02-03 11:08:00+05:30,456.55,456.65,456.2,456.3,18835,ITC
2025-02-03 11:09:00+05:30,456.25,456.3,456.0,456.0,10120,ITC
2025-02-03 11:10:00+05:30,456.1,456.1,455.75,456.0,23485,ITC
2025-02-03 11:11:00+05:30,456.0,456.1,455.9,456.0,18176,ITC
2025-02-03 11:12:00+05:30,456.1,456.35,456.0,456.15,17754,ITC
2025-02-03 11:13:00+05:30,456.15,456.25,455.75,455.95,17385,ITC
2025-02-03 11:14:00+05:30,456.0,456.0,455.6,455.95,18328,ITC
2025-02-03 11:15:00+05:30,455.9,456.0,455.5,455.65,21462,ITC
2025-02-03 11:16:00+05:30,455.65,455.65,455.25,455.45,17360,ITC
2025-02-03 11:17:00+05:30,455.25,455.45,455.0,455.15,58392,ITC
2025-02-03 11:18:00+05:30,455.15,455.4,454.85,454.85,50349,ITC
2025-02-03 11:19:00+05:30,455.05,455.2,454.75,455.0,34899,ITC
2025-02-03 11:20:00+05:30,454.95,455.35,454.8,455.1,45782,ITC
2025-02-03 11:21:00+05:30,455.1,455.2,454.7,454.9,25703,ITC
2025-02-03 11:22:00+05:30,454.9,454.9,454.55,454.75,29967,ITC
2025-02-03 11:23:00+05:30,454.75,455.55,454.75,455.4,122835,ITC
2025-02-03 11:24:00+05:30,455.45,455.45,454.95,455.15,19104,ITC
2025-02-03 11:25:00+05:30,455.15,455.3,454.9,455.3,37242,ITC
2025-02-03 11:26:00+05:30,455.2,455.35,455.0,455.25,17892,ITC
2025-02-03 11:27:00+05:30,455.2,455.85,455.05,455.7,32901,ITC
2025-02-03 11:28:00+05:30,455.6,456.2,455.3,455.65,141619,ITC
2025-02-03 11:29:00+05:30,455.75,455.75,455.4,455.6,18595,ITC
2025-02-03 11:30:00+05:30,455.6,455.65,455.0,455.15,43259,ITC
2025-02-03 11:31:00+05:30,455.05,455.15,454.7,455.0,20900,ITC
2025-02-03 11:32:00+05:30,455.0,455.0,454.65,454.9,15208,ITC
2025-02-03 11:33:00+05:30,454.9,455.0,454.75,454.9,12907,ITC
2025-02-03 11:34:00+05:30,454.9,455.0,454.65,454.9,11235,ITC
2025-02-03 11:35:00+05:30,454.9,455.0,454.6,454.8,18467,ITC
2025-02-03 11:36:00+05:30,454.8,455.0,454.6,455.0,17627,ITC
2025-02-03 11:37:00+05:30,455.0,455.0,454.75,454.95,14221,ITC
2025-02-03 11:38:00+05:30,454.95,455.0,454.6,454.8,17307,ITC
2025-02-03 11:39:00+05:30,454.85,455.0,454.65,454.9,12848,ITC
2025-02-03 11:40:00+05:30,454.8,455.0,454.55,454.7,12603,ITC
2025-02-03 11:41:00+05:30,454.65,454.75,454.2,454.4,23796,ITC
2025-02-03 11:42:00+05:30,454.4,454.6,454.1,454.4,28451,ITC
2025-02-03 11:43:00+05:30,454.4,454.85,454.2,454.75,19665,ITC
2025-02-03 11:44:00+05:30,454.65,454.8,454.5,454.7,15552,ITC
2025-02-03 11:45:00+05:30,454.65,454.95,454.5,454.8,11527,ITC
2025-02-03 11:46:00+05:30,454.8,455.05,454.4,455.0,61997,ITC
2025-02-03 11:47:00+05:30,454.95,455.0,454.55,454.75,20108,ITC
2025-02-03 11:48:00+05:30,454.7,454.75,454.4,454.7,14199,ITC
2025-02-03 11:49:00+05:30,454.7,454.75,454.25,454.7,15522,ITC
2025-02-03 11:50:00+05:30,454.65,454.85,454.35,454.4,9846,ITC
2025-02-03 11:51:00+05:30,454.35,454.7,454.25,454.6,17855,ITC
2025-02-03 11:52:00+05:30,454.6,454.85,454.4,454.8,11785,ITC
2025-02-03 11:53:00+05:30,454.7,454.85,454.3,454.55,10971,ITC
2025-02-03 11:54:00+05:30,454.5,454.6,453.8,454.0,42830,ITC
2025-02-03 11:55:00+05:30,454.0,454.25,453.85,454.1,19046,ITC
2025-02-03 11:56:00+05:30,454.05,454.25,453.9,454.15,17279,ITC
2025-02-03 11:57:00+05:30,454.05,454.15,453.45,453.9,28527,ITC
2025-02-03 11:58:00+05:30,453.85,454.0,453.7,453.7,17670,ITC
2025-02-03 11:59:00+05:30,453.9,453.9,453.15,453.2,19970,ITC
2025-02-03 12:00:00+05:30,453.2,453.4,452.7,453.0,30290,ITC
2025-02-03 12:01:00+05:30,452.95,453.2,452.5,452.55,45896,ITC
2025-02-03 12:02:00+05:30,452.55,453.0,452.3,452.95,30760,ITC
2025-02-03 12:03:00+05:30,452.85,453.0,452.3,452.8,25458,ITC
2025-02-03 12:04:00+05:30,452.8,453.0,452.45,452.7,51989,ITC
2025-02-03 12:05:00+05:30,452.7,454.1,452.5,453.95,69294,ITC
2025-02-03 12:06:00+05:30,453.95,454.75,453.75,454.7,34748,ITC
2025-02-03 12:07:00+05:30,454.75,455.25,454.55,454.7,62341,ITC
2025-02-03 12:08:00+05:30,454.7,455.75,454.35,455.6,40690,ITC
2025-02-03 12:09:00+05:30,455.5,455.7,455.05,455.25,32651,ITC
2025-02-03 12:10:00+05:30,455.25,455.6,455.0,455.3,39743,ITC
2025-02-03 12:11:00+05:30,455.3,455.3,454.6,454.85,29555,ITC
2025-02-03 12:12:00+05:30,454.9,455.6,454.65,455.25,65768,ITC
2025-02-03 12:13:00+05:30,455.25,455.4,455.0,455.15,29497,ITC
2025-02-03 12:14:00+05:30,455.35,455.4,455.0,455.2,14382,ITC
2025-02-03 12:15:00+05:30,455.2,455.3,454.35,454.85,29686,ITC
2025-02-03 12:16:00+05:30,454.8,454.85,454.5,454.65,13260,ITC
2025-02-03 12:17:00+05:30,454.6,454.65,454.0,454.15,25706,ITC
2025-02-03 12:18:00+05:30,454.2,454.5,454.0,454.2,25999,ITC
2025-02-03 12:19:00+05:30,454.15,454.35,454.0,454.25,17144,ITC
2025-02-03 12:20:00+05:30,454.25,454.35,454.0,454.25,14328,ITC
2025-02-03 12:21:00+05:30,454.15,454.25,454.0,454.05,15626,ITC
2025-02-03 12:22:00+05:30,454.1,454.3,453.95,454.1,29299,ITC
2025-02-03 12:23:00+05:30,454.1,454.9,454.05,454.75,39978,ITC
2025-02-03 12:24:00+05:30,454.75,455.1,454.5,455.0,18527,ITC
2025-02-03 12:25:00+05:30,455.05,455.1,454.55,454.8,24758,ITC
2025-02-03 12:26:00+05:30,454.7,455.05,454.5,454.9,26071,ITC
2025-02-03 12:27:00+05:30,454.9,455.0,454.6,455.0,18881,ITC
2025-02-03 12:28:00+05:30,455.0,455.0,454.4,454.65,20179,ITC
2025-02-03 12:29:00+05:30,454.65,455.0,454.4,454.9,20371,ITC
2025-02-03 12:30:00+05:30,454.9,454.95,454.55,454.8,14501,ITC
2025-02-03 12:31:00+05:30,454.8,454.95,454.3,454.55,18113,ITC
2025-02-03 12:32:00+05:30,454.55,454.55,454.05,454.45,17646,ITC
2025-02-03 12:33:00+05:30,454.4,454.55,454.25,454.4,16712,ITC
2025-02-03 12:34:00+05:30,454.45,454.95,454.45,454.75,34931,ITC
2025-02-03 12:35:00+05:30,454.75,454.9,454.1,454.3,29351,ITC
2025-02-03 12:36:00+05:30,454.25,454.35,454.05,454.1,13851,ITC
2025-02-03 12:37:00+05:30,454.15,454.35,454.0,454.35,20947,ITC
2025-02-03 12:38:00+05:30,454.35,454.35,454.0,454.2,14145,ITC
2025-02-03 12:39:00+05:30,454.2,454.25,454.0,454.1,14951,ITC
2025-02-03 12:40:00+05:30,454.1,454.15,454.0,454.1,15949,ITC
2025-02-03 12:41:00+05:30,454.1,454.2,454.0,454.15,15499,ITC
2025-02-03 12:42:00+05:30,454.15,454.2,453.7,453.9,32196,ITC
2025-02-03 12:43:00+05:30,453.9,454.0,453.6,453.8,19789,ITC
2025-02-03 12:44:00+05:30,453.8,454.2,453.75,454.2,35904,ITC
2025-02-03 12:45:00+05:30,454.2,454.2,454.0,454.1,18018,ITC
2025-02-03 12:46:00+05:30,454.1,454.1,453.75,453.95,18021,ITC
2025-02-03 12:47:00+05:30,453.95,454.2,453.75,454.2,27306,ITC
2025-02-03 12:48:00+05:30,454.2,454.3,453.8,454.0,23980,ITC
2025-02-03 12:49:00+05:30,454.0,454.45,453.8,454.35,32139,ITC
2025-02-03 12:50:00+05:30,454.35,454.5,453.95,454.1,32995,ITC
2025-02-03 12:51:00+05:30,454.1,454.25,453.9,454.25,27710,ITC
2025-02-03 12:52:00+05:30,454.25,454.35,453.95,454.1,13406,ITC
2025-02-03 12:53:00+05:30,454.1,454.1,453.6,453.8,17235,ITC
2025-02-03 12:54:00+05:30,453.8,454.0,453.6,453.95,22791,ITC
2025-02-03 12:55:00+05:30,453.95,454.05,453.45,453.8,21758,ITC
2025-02-03 12:56:00+05:30,453.75,454.0,453.6,453.95,24691,ITC
2025-02-03 12:57:00+05:30,453.95,454.0,453.75,453.95,27377,ITC
2025-02-03 12:58:00+05:30,454.0,454.0,453.7,453.85,16674,ITC
2025-02-03 12:59:00+05:30,453.85,454.0,453.6,453.95,26310,ITC
2025-02-03 13:00:00+05:30,453.95,454.25,453.65,454.05,52646,ITC
2025-02-03 13:01:00+05:30,453.95,454.1,453.85,454.05,24565,ITC
2025-02-03 13:02:00+05:30,454.05,454.3,453.65,454.3,22086,ITC
2025-02-03 13:03:00+05:30,454.3,454.75,454.0,454.45,89997,ITC
2025-02-03 13:04:00+05:30,454.45,454.5,454.2,454.4,17857,ITC
2025-02-03 13:05:00+05:30,454.4,454.45,454.15,454.3,15268,ITC
2025-02-03 13:06:00+05:30,454.3,454.3,453.85,454.1,21131,ITC
2025-02-03 13:07:00+05:30,454.1,455.0,454.05,454.35,164945,ITC
2025-02-03 13:08:00+05:30,454.35,454.4,454.0,454.3,40610,ITC
2025-02-03 13:09:00+05:30,454.3,455.0,454.25,454.95,42433,ITC
2025-02-03 13:10:00+05:30,454.95,455.0,454.65,454.95,30063,ITC
2025-02-03 13:11:00+05:30,454.95,454.95,454.7,454.85,19657,ITC
2025-02-03 13:12:00+05:30,454.85,455.25,454.75,455.05,51221,ITC
2025-02-03 13:13:00+05:30,455.15,455.3,454.9,455.05,43062,ITC
2025-02-03 13:14:00+05:30,455.0,455.15,455.0,455.05,25752,ITC
2025-02-03 13:15:00+05:30,455.05,455.15,455.0,455.05,32027,ITC
2025-02-03 13:16:00+05:30,455.05,455.15,455.0,455.05,51302,ITC
2025-02-03 13:17:00+05:30,455.05,455.3,455.0,455.3,26379,ITC
2025-02-03 13:18:00+05:30,455.3,455.6,455.05,455.35,31822,ITC
2025-02-03 13:19:00+05:30,455.35,455.45,455.15,455.3,18065,ITC
2025-02-03 13:20:00+05:30,455.3,455.5,455.05,455.5,24433,ITC
2025-02-03 13:21:00+05:30,455.5,455.6,455.1,455.55,24652,ITC
2025-02-03 13:22:00+05:30,455.45,456.1,455.25,455.95,42068,ITC
2025-02-03 13:23:00+05:30,455.95,455.95,455.45,455.65,23728,ITC
2025-02-03 13:24:00+05:30,455.65,455.75,455.3,455.45,20136,ITC
2025-02-03 13:25:00+05:30,455.45,455.65,455.05,455.15,24453,ITC
2025-02-03 13:26:00+05:30,455.15,455.45,455.0,455.2,32484,ITC
2025-02-03 13:27:00+05:30,455.2,455.5,455.1,455.4,25928,ITC
2025-02-03 13:28:00+05:30,455.4,455.45,455.05,455.25,24344,ITC
2025-02-03 13:29:00+05:30,455.25,455.3,455.0,455.15,12745,ITC
2025-02-03 13:30:00+05:30,455.15,455.2,455.0,455.05,14858,ITC
2025-02-03 13:31:00+05:30,455.05,455.1,454.55,454.95,63355,ITC
2025-02-03 13:32:00+05:30,454.95,455.5,454.9,455.15,30021,ITC
2025-02-03 13:33:00+05:30,455.15,455.35,455.0,455.3,26956,ITC
2025-02-03 13:34:00+05:30,455.3,455.35,455.0,455.05,11123,ITC
2025-02-03 13:35:00+05:30,455.05,455.45,455.0,455.2,26866,ITC
2025-02-03 13:36:00+05:30,455.2,455.5,455.15,455.35,19838,ITC
2025-02-03 13:37:00+05:30,455.35,455.45,455.1,455.2,14154,ITC
2025-02-03 13:38:00+05:30,455.2,455.45,455.1,455.35,21043,ITC
2025-02-03 13:39:00+05:30,455.35,455.5,455.2,455.25,17503,ITC
2025-02-03 13:40:00+05:30,455.25,456.1,455.15,456.0,65976,ITC
2025-02-03 13:41:00+05:30,456.0,456.2,455.6,455.9,63154,ITC
2025-02-03 13:42:00+05:30,455.9,456.1,455.55,455.65,49177,ITC
2025-02-03 13:43:00+05:30,455.65,455.7,455.3,455.45,13800,ITC
2025-02-03 13:44:00+05:30,455.45,455.6,455.35,455.5,16299,ITC
2025-02-03 13:45:00+05:30,455.5,455.75,455.3,455.4,23526,ITC
2025-02-03 13:46:00+05:30,455.4,455.5,455.05,455.25,17016,ITC
2025-02-03 13:47:00+05:30,455.25,455.75,455.05,455.5,25804,ITC
2025-02-03 13:48:00+05:30,455.5,455.6,455.15,455.35,16195,ITC
2025-02-03 13:49:00+05:30,455.35,455.4,455.0,455.15,12938,ITC
2025-02-03 13:50:00+05:30,455.15,455.25,455.0,455.1,23799,ITC
2025-02-03 13:51:00+05:30,455.1,455.25,454.35,454.6,114108,ITC
2025-02-03 13:52:00+05:30,454.6,454.8,454.2,454.45,28756,ITC
2025-02-03 13:53:00+05:30,454.45,454.75,454.25,454.5,17423,ITC
2025-02-03 13:54:00+05:30,454.5,454.75,454.2,454.3,14055,ITC
2025-02-03 13:55:00+05:30,454.4,454.6,454.2,454.4,14514,ITC
2025-02-03 13:56:00+05:30,454.4,454.45,454.15,454.35,12187,ITC
2025-02-03 13:57:00+05:30,454.35,454.4,454.15,454.25,12510,ITC
2025-02-03 13:58:00+05:30,454.35,454.4,454.1,454.3,12337,ITC
2025-02-03 13:59:00+05:30,454.3,454.5,454.2,454.45,30761,ITC
2025-02-03 14:00:00+05:30,454.45,454.45,454.15,454.2,13141,ITC
2025-02-03 14:01:00+05:30,454.2,454.3,453.75,454.0,37721,ITC
2025-02-03 14:02:00+05:30,454.0,454.1,453.75,453.85,59470,ITC
2025-02-03 14:03:00+05:30,453.85,454.0,453.75,453.9,66114,ITC
2025-02-03 14:04:00+05:30,453.9,454.2,453.75,453.9,22497,ITC
2025-02-03 14:05:00+05:30,453.9,454.3,453.8,454.0,26024,ITC
2025-02-03 14:06:00+05:30,453.95,454.0,453.7,453.85,11082,ITC
2025-02-03 14:07:00+05:30,453.85,453.9,453.7,453.75,15844,ITC
2025-02-03 14:08:00+05:30,453.75,453.85,453.65,453.85,14164,ITC
2025-02-03 14:09:00+05:30,453.85,454.35,453.65,454.1,65798,ITC
2025-02-03 14:10:00+05:30,454.3,454.65,454.05,454.55,36104,ITC
2025-02-03 14:11:00+05:30,454.55,454.75,454.35,454.75,19463,ITC
2025-02-03 14:12:00+05:30,454.7,454.75,454.5,454.6,19964,ITC
2025-02-03 14:13:00+05:30,454.65,454.85,454.4,454.6,20751,ITC
2025-02-03 14:14:00+05:30,454.55,454.55,454.15,454.15,17481,ITC
2025-02-03 14:15:00+05:30,454.25,454.4,454.15,454.3,14051,ITC
2025-02-03 14:16:00+05:30,454.3,454.8,454.2,454.75,26330,ITC
2025-02-03 14:17:00+05:30,454.8,454.8,454.45,454.75,19205,ITC
2025-02-03 14:18:00+05:30,454.75,454.75,454.5,454.6,20886,ITC
2025-02-03 14:19:00+05:30,454.6,454.65,454.35,454.4,18332,ITC
2025-02-03 14:20:00+05:30,454.45,454.5,454.2,454.25,22132,ITC
2025-02-03 14:21:00+05:30,454.3,454.4,454.2,454.35,18867,ITC
2025-02-03 14:22:00+05:30,454.35,454.6,454.15,454.2,24671,ITC
2025-02-03 14:23:00+05:30,454.35,454.65,454.15,454.45,26000,ITC
2025-02-03 14:24:00+05:30,454.45,454.45,454.15,454.3,28669,ITC
2025-02-03 14:25:00+05:30,454.3,454.65,454.25,454.55,28396,ITC
2025-02-03 14:26:00+05:30,454.6,454.65,454.4,454.65,18016,ITC
2025-02-03 14:27:00+05:30,454.65,454.65,454.35,454.5,18579,ITC
2025-02-03 14:28:00+05:30,454.5,454.5,454.35,454.5,19905,ITC
2025-02-03 14:29:00+05:30,454.5,454.65,454.25,454.6,44787,ITC
2025-02-03 14:30:00+05:30,454.65,454.75,454.25,454.45,104863,ITC
2025-02-03 14:31:00+05:30,454.45,454.5,454.2,454.4,17623,ITC
2025-02-03 14:32:00+05:30,454.4,454.45,454.2,454.45,20108,ITC
2025-02-03 14:33:00+05:30,454.45,454.5,454.25,454.45,20554,ITC
2025-02-03 14:34:00+05:30,454.5,454.5,454.3,454.4,22166,ITC
2025-02-03 14:35:00+05:30,454.45,455.4,454.35,455.3,199235,ITC
2025-02-03 14:36:00+05:30,455.35,455.4,455.0,455.2,47701,ITC
2025-02-03 14:37:00+05:30,455.35,455.35,455.05,455.15,26444,ITC
2025-02-03 14:38:00+05:30,455.3,455.4,455.1,455.2,34411,ITC
2025-02-03 14:39:00+05:30,455.25,455.3,455.0,455.1,20718,ITC
2025-02-03 14:40:00+05:30,455.1,455.35,455.0,455.3,25192,ITC
2025-02-03 14:41:00+05:30,455.3,455.3,455.0,455.2,26818,ITC
2025-02-03 14:42:00+05:30,455.2,455.2,455.0,455.1,28472,ITC
2025-02-03 14:43:00+05:30,455.1,455.2,455.0,455.1,23905,ITC
2025-02-03 14:44:00+05:30,455.1,455.2,454.75,454.85,28782,ITC
2025-02-03 14:45:00+05:30,454.9,455.0,454.75,455.0,29085,ITC
2025-02-03 14:46:00+05:30,455.0,455.0,454.55,454.85,28712,ITC
2025-02-03 14:47:00+05:30,454.8,454.85,454.5,454.65,30161,ITC
2025-02-03 14:48:00+05:30,454.65,454.7,454.2,454.4,31598,ITC
2025-02-03 14:49:00+05:30,454.45,454.45,454.15,454.3,26581,ITC
2025-02-03 14:50:00+05:30,454.25,454.5,454.15,454.45,29023,ITC
2025-02-03 14:51:00+05:30,454.45,454.5,454.2,454.45,27916,ITC
2025-02-03 14:52:00+05:30,454.45,454.55,454.25,454.3,32658,ITC
2025-02-03 14:53:00+05:30,454.45,454.65,454.25,454.5,33173,ITC
2025-02-03 14:54:00+05:30,454.5,454.6,454.3,454.4,37380,ITC
2025-02-03 14:55:00+05:30,454.45,454.65,454.3,454.45,38628,ITC
2025-02-03 14:56:00+05:30,454.55,454.95,454.4,454.95,35754,ITC
2025-02-03 14:57:00+05:30,454.8,455.0,454.7,454.75,43505,ITC
2025-02-03 14:58:00+05:30,454.95,455.0,454.7,454.9,37949,ITC
2025-02-03 14:59:00+05:30,454.95,455.0,454.85,455.0,34387,ITC
2025-02-03 15:00:00+05:30,455.0,455.0,454.7,454.7,47560,ITC
2025-02-03 15:01:00+05:30,454.9,454.95,454.65,454.85,43664,ITC
2025-02-03 15:02:00+05:30,454.85,454.9,454.65,454.85,39536,ITC
2025-02-03 15:03:00+05:30,454.85,454.9,454.4,454.65,57195,ITC
2025-02-03 15:04:00+05:30,454.65,454.65,454.25,454.25,46218,ITC
2025-02-03 15:05:00+05:30,454.45,454.75,454.25,454.45,68988,ITC
2025-02-03 15:06:00+05:30,454.55,454.6,454.3,454.45,47204,ITC
2025-02-03 15:07:00+05:30,454.45,454.5,454.3,454.4,39857,ITC
2025-02-03 15:08:00+05:30,454.3,454.7,454.3,454.6,74624,ITC
2025-02-03 15:09:00+05:30,454.65,455.05,454.3,454.8,186731,ITC
2025-02-03 15:10:00+05:30,455.0,455.05,454.55,454.8,94773,ITC
2025-02-03 15:11:00+05:30,454.85,455.0,454.5,454.55,81093,ITC
2025-02-03 15:12:00+05:30,454.5,454.6,454.05,454.2,41304,ITC
2025-02-03 15:13:00+05:30,454.15,454.55,454.05,454.3,50375,ITC
2025-02-03 15:14:00+05:30,454.45,454.95,454.3,454.6,44967,ITC
2025-02-03 15:15:00+05:30,454.65,454.95,454.35,454.5,119001,ITC
2025-02-03 15:16:00+05:30,454.6,454.9,454.2,454.2,125306,ITC
2025-02-03 15:17:00+05:30,454.35,454.5,454.1,454.2,44324,ITC
2025-02-03 15:18:00+05:30,454.2,454.5,453.8,454.3,81759,ITC
2025-02-03 15:19:00+05:30,454.3,454.65,454.25,454.45,46699,ITC
2025-02-03 15:20:00+05:30,454.4,454.8,453.95,454.55,155993,ITC
2025-02-03 15:21:00+05:30,454.6,454.85,454.0,454.45,102801,ITC
2025-02-03 15:22:00+05:30,454.45,454.6,453.45,453.5,138615,ITC
2025-02-03 15:23:00+05:30,453.5,453.75,453.15,453.55,71872,ITC
2025-02-03 15:24:00+05:30,453.6,453.95,453.25,453.8,64972,ITC
2025-02-03 15:25:00+05:30,453.8,454.0,453.5,453.55,37918,ITC
2025-02-03 15:26:00+05:30,453.6,453.7,453.25,453.3,55304,ITC
2025-02-03 15:27:00+05:30,453.35,453.95,453.25,453.55,73533,ITC
2025-02-03 15:28:00+05:30,453.75,454.15,453.3,453.9,49630,ITC
2025-02-03 15:29:00+05:30,453.85,453.9,453.35,453.5,24481,ITC
2025-02-04 09:15:00+05:30,458.0,460.35,452.5,453.75,304304,ITC
2025-02-04 09:16:00+05:30,453.75,454.0,452.1,452.15,77263,ITC
2025-02-04 09:17:00+05:30,452.4,452.8,451.75,452.5,43173,ITC
2025-02-04 09:18:00+05:30,452.5,452.6,451.6,451.85,46426,ITC
2025-02-04 09:19:00+05:30,451.85,452.4,451.65,452.35,24023,ITC
2025-02-04 09:20:00+05:30,452.4,452.4,451.55,452.4,48012,ITC
2025-02-04 09:21:00+05:30,452.4,453.25,452.1,453.1,19038,ITC
2025-02-04 09:22:00+05:30,453.1,453.4,452.65,453.15,20850,ITC
2025-02-04 09:23:00+05:30,453.05,453.2,452.25,452.3,40395,ITC
2025-02-04 09:24:00+05:30,452.3,452.85,452.1,452.15,52229,ITC
2025-02-04 09:25:00+05:30,452.15,452.3,451.5,451.9,27709,ITC
2025-02-04 09:26:00+05:30,451.8,452.6,451.8,452.4,19407,ITC
2025-02-04 09:27:00+05:30,452.25,453.05,452.2,452.7,24432,ITC
2025-02-04 09:28:00+05:30,452.7,452.7,452.05,452.2,12513,ITC
2025-02-04 09:29:00+05:30,452.2,452.35,451.85,452.0,24693,ITC
2025-02-04 09:30:00+05:30,451.8,452.0,451.5,451.5,14733,ITC
2025-02-04 09:31:00+05:30,451.5,451.5,450.75,451.05,54251,ITC
2025-02-04 09:32:00+05:30,451.05,451.4,450.85,451.05,36208,ITC
2025-02-04 09:33:00+05:30,451.15,451.65,450.9,451.15,331456,ITC
2025-02-04 09:34:00+05:30,451.15,451.45,450.8,450.95,37494,ITC
2025-02-04 09:35:00+05:30,450.8,450.95,450.5,450.5,36743,ITC
2025-02-04 09:36:00+05:30,450.55,450.8,450.3,450.6,28853,ITC
2025-02-04 09:37:00+05:30,450.55,451.55,450.55,451.05,45938,ITC
2025-02-04 09:38:00+05:30,451.0,451.15,450.6,450.85,20062,ITC
2025-02-04 09:39:00+05:30,450.95,451.0,450.5,450.8,32656,ITC
2025-02-04 09:40:00+05:30,450.8,451.15,450.55,450.75,19612,ITC
2025-02-04 09:41:00+05:30,450.75,450.75,450.25,450.3,30725,ITC
2025-02-04 09:42:00+05:30,450.3,450.5,450.05,450.3,19651,ITC
2025-02-04 09:43:00+05:30,450.5,450.9,450.3,450.65,16088,ITC
2025-02-04 09:44:00+05:30,450.9,451.4,450.65,451.2,40127,ITC
2025-02-04 09:45:00+05:30,451.2,451.3,450.5,450.7,19575,ITC
2025-02-04 09:46:00+05:30,450.6,450.8,450.35,450.35,13159,ITC
2025-02-04 09:47:00+05:30,450.4,451.15,450.35,450.75,27279,ITC
2025-02-04 09:48:00+05:30,450.7,451.55,450.65,451.55,26790,ITC
2025-02-04 09:49:00+05:30,451.6,451.9,450.95,451.15,94058,ITC
2025-02-04 09:50:00+05:30,451.05,451.2,450.55,450.8,22171,ITC
2025-02-04 09:51:00+05:30,450.75,450.8,450.2,450.2,23734,ITC
2025-02-04 09:52:00+05:30,450.2,450.3,450.05,450.3,14716,ITC
2025-02-04 09:53:00+05:30,450.25,450.3,449.8,450.0,75767,ITC
2025-02-04 09:54:00+05:30,449.85,450.05,449.6,449.85,30268,ITC
2025-02-04 09:55:00+05:30,449.9,450.05,449.75,449.9,17644,ITC
2025-02-04 09:56:00+05:30,449.95,450.0,449.7,449.7,26083,ITC
2025-02-04 09:57:00+05:30,449.65,449.9,449.6,449.7,17579,ITC
2025-02-04 09:58:00+05:30,449.7,449.9,449.55,449.8,12538,ITC
2025-02-04 09:59:00+05:30,449.8,449.95,449.65,449.85,13055,ITC
2025-02-04 10:00:00+05:30,449.85,450.5,449.85,450.25,29584,ITC
2025-02-04 10:01:00+05:30,450.25,450.75,450.25,450.6,28180,ITC
2025-02-04 10:02:00+05:30,450.6,450.8,450.15,450.25,24165,ITC
2025-02-04 10:03:00+05:30,450.25,450.3,449.85,450.25,21134,ITC
2025-02-04 10:04:00+05:30,450.15,450.95,450.15,450.95,19255,ITC
2025-02-04 10:05:00+05:30,450.9,450.95,450.35,450.9,31083,ITC
2025-02-04 10:06:00+05:30,450.85,451.5,450.8,451.4,45986,ITC
2025-02-04 10:07:00+05:30,451.4,452.95,451.35,452.55,89534,ITC
2025-02-04 10:08:00+05:30,452.45,452.6,451.9,452.4,49552,ITC
2025-02-04 10:09:00+05:30,452.3,452.35,451.65,451.75,38897,ITC
2025-02-04 10:10:00+05:30,451.65,452.0,451.55,451.75,15105,ITC
2025-02-04 10:11:00+05:30,451.65,452.0,451.65,451.85,21489,ITC
2025-02-04 10:12:00+05:30,451.85,451.9,451.55,451.8,7721,ITC
2025-02-04 10:13:00+05:30,451.6,451.8,451.25,451.25,34201,ITC
2025-02-04 10:14:00+05:30,451.3,451.35,450.3,450.8,29555,ITC
2025-02-04 10:15:00+05:30,450.7,451.15,450.55,450.85,17786,ITC
2025-02-04 10:16:00+05:30,450.85,451.2,450.85,451.05,9156,ITC
2025-02-04 10:17:00+05:30,450.95,451.45,450.9,451.25,19747,ITC
2025-02-04 10:18:00+05:30,451.25,451.6,451.2,451.5,12756,ITC
2025-02-04 10:19:00+05:30,451.5,451.6,451.35,451.55,7367,ITC
2025-02-04 10:20:00+05:30,451.55,451.6,451.2,451.6,12095,ITC
2025-02-04 10:21:00+05:30,451.6,451.65,451.25,451.45,11084,ITC
2025-02-04 10:22:00+05:30,451.35,451.45,451.2,451.45,6318,ITC
2025-02-04 10:23:00+05:30,451.45,451.9,451.35,451.6,17038,ITC
2025-02-04 10:24:00+05:30,451.55,451.6,451.05,451.25,14548,ITC
2025-02-04 10:25:00+05:30,451.25,451.95,451.25,451.9,15485,ITC
2025-02-04 10:26:00+05:30,451.8,452.0,451.55,451.55,11858,ITC
2025-02-04 10:27:00+05:30,451.55,451.75,451.25,451.45,13042,ITC
2025-02-04 10:28:00+05:30,451.4,451.55,451.3,451.4,7030,ITC
2025-02-04 10:29:00+05:30,451.5,451.5,450.75,451.35,26231,ITC
2025-02-04 10:30:00+05:30,451.3,451.5,451.05,451.25,8300,ITC
2025-02-04 10:31:00+05:30,451.05,451.3,451.05,451.1,8042,ITC
2025-02-04 10:32:00+05:30,451.1,451.35,451.05,451.15,9093,ITC
2025-02-04 10:33:00+05:30,451.25,451.25,450.9,450.95,6936,ITC
2025-02-04 10:34:00+05:30,450.95,450.95,450.5,450.5,14586,ITC
2025-02-04 10:35:00+05:30,450.5,450.55,450.0,450.35,39034,ITC
2025-02-04 10:36:00+05:30,450.1,450.35,450.0,450.0,37146,ITC
2025-02-04 10:37:00+05:30,450.05,450.05,449.2,449.75,93182,ITC
2025-02-04 10:38:00+05:30,449.65,449.9,449.5,449.75,49804,ITC
2025-02-04 10:39:00+05:30,449.7,449.75,449.0,449.0,83657,ITC
2025-02-04 10:40:00+05:30,449.0,449.5,448.9,449.15,47701,ITC
2025-02-04 10:41:00+05:30,449.35,449.5,449.05,449.25,33710,ITC
2025-02-04 10:42:00+05:30,449.25,449.55,449.0,449.3,34765,ITC
2025-02-04 10:43:00+05:30,449.3,450.15,449.05,449.75,137794,ITC
2025-02-04 10:44:00+05:30,449.75,450.4,449.55,449.9,42543,ITC
2025-02-04 10:45:00+05:30,450.0,450.15,449.55,449.85,25503,ITC
2025-02-04 10:46:00+05:30,449.75,450.35,449.75,450.05,47283,ITC
2025-02-04 10:47:00+05:30,450.05,450.35,449.8,449.9,17000,ITC
2025-02-04 10:48:00+05:30,450.0,450.0,449.4,449.45,13543,ITC
2025-02-04 10:49:00+05:30,449.4,449.95,449.2,449.2,19301,ITC
2025-02-04 10:50:00+05:30,449.3,449.7,449.2,449.45,13478,ITC
2025-02-04 10:51:00+05:30,449.5,449.65,449.1,449.25,10653,ITC
2025-02-04 10:52:00+05:30,449.2,449.35,449.0,449.1,16130,ITC
2025-02-04 10:53:00+05:30,449.05,449.3,448.8,448.95,17381,ITC
2025-02-04 10:54:00+05:30,448.8,449.0,448.75,448.9,8980,ITC
2025-02-04 10:55:00+05:30,448.9,449.05,448.75,449.0,38555,ITC
2025-02-04 10:56:00+05:30,449.0,449.85,449.0,449.7,37671,ITC
2025-02-04 10:57:00+05:30,449.7,449.85,449.55,449.65,11670,ITC
2025-02-04 10:58:00+05:30,449.65,449.9,449.6,449.75,10382,ITC
2025-02-04 10:59:00+05:30,449.7,449.9,449.5,449.9,9052,ITC
2025-02-04 11:00:00+05:30,449.85,449.9,449.55,449.75,8849,ITC
2025-02-04 11:01:00+05:30,449.6,450.35,449.55,450.1,23909,ITC
2025-02-04 11:02:00+05:30,450.1,450.5,450.0,450.05,19609,ITC
2025-02-04 11:03:00+05:30,450.05,450.3,449.9,450.3,11770,ITC
2025-02-04 11:04:00+05:30,450.25,450.4,450.2,450.35,12059,ITC
2025-02-04 11:05:00+05:30,450.3,450.55,450.2,450.45,38393,ITC
2025-02-04 11:06:00+05:30,450.45,450.65,450.3,450.3,11260,ITC
2025-02-04 11:07:00+05:30,450.3,450.45,450.05,450.1,7669,ITC
2025-02-04 11:08:00+05:30,450.25,450.3,450.05,450.2,8683,ITC
2025-02-04 11:09:00+05:30,450.2,450.35,450.05,450.25,9548,ITC
2025-02-04 11:10:00+05:30,450.25,450.5,450.05,450.45,26963,ITC
2025-02-04 11:11:00+05:30,450.45,450.95,450.3,450.5,36082,ITC
2025-02-04 11:12:00+05:30,450.5,450.85,450.25,450.8,22379,ITC
2025-02-04 11:13:00+05:30,450.7,450.95,450.55,450.75,29010,ITC
2025-02-04 11:14:00+05:30,450.75,451.2,450.55,451.15,33351,ITC
2025-02-04 11:15:00+05:30,451.15,451.25,451.0,451.0,22414,ITC
2025-02-04 11:16:00+05:30,451.0,451.7,450.65,451.7,35960,ITC
2025-02-04 11:17:00+05:30,451.7,453.1,451.7,452.4,122800,ITC
2025-02-04 11:18:00+05:30,452.4,454.0,452.35,453.55,84282,ITC
2025-02-04 11:19:00+05:30,453.55,455.35,453.55,454.95,168975,ITC
2025-02-04 11:20:00+05:30,454.95,455.75,454.75,454.95,98009,ITC
2025-02-04 11:21:00+05:30,455.1,455.5,454.35,455.5,55499,ITC
2025-02-04 11:22:00+05:30,455.5,456.0,455.1,455.5,92863,ITC
2025-02-04 11:23:00+05:30,455.3,456.6,455.1,456.5,74640,ITC
2025-02-04 11:24:00+05:30,456.5,456.6,455.95,456.2,52945,ITC
2025-02-04 11:25:00+05:30,456.2,456.25,455.15,455.15,36315,ITC
2025-02-04 11:26:00+05:30,455.2,455.4,454.8,454.8,72219,ITC
2025-02-04 11:27:00+05:30,454.9,455.4,454.7,455.4,33038,ITC
2025-02-04 11:28:00+05:30,455.4,455.5,454.9,454.95,24604,ITC
2025-02-04 11:29:00+05:30,454.95,455.75,454.45,455.6,49930,ITC
2025-02-04 11:30:00+05:30,455.7,455.8,455.35,455.55,11785,ITC
2025-02-04 11:31:00+05:30,455.4,456.0,455.25,456.0,30458,ITC
2025-02-04 11:32:00+05:30,456.0,457.45,455.8,457.15,96221,ITC
2025-02-04 11:33:00+05:30,457.15,457.7,456.05,456.7,54607,ITC
2025-02-04 11:34:00+05:30,456.5,457.35,456.45,457.05,32002,ITC
2025-02-04 11:35:00+05:30,457.05,457.1,456.25,456.6,28674,ITC
2025-02-04 11:36:00+05:30,456.75,457.1,456.3,456.4,23072,ITC
2025-02-04 11:37:00+05:30,456.35,456.9,456.3,456.75,24450,ITC
2025-02-04 11:38:00+05:30,456.75,457.0,456.4,456.6,19652,ITC
2025-02-04 11:39:00+05:30,456.5,457.1,456.15,456.8,37883,ITC
2025-02-04 11:40:00+05:30,456.6,456.7,456.05,456.3,14806,ITC
2025-02-04 11:41:00+05:30,456.15,456.8,456.0,456.5,47397,ITC
2025-02-04 11:42:00+05:30,456.35,456.6,456.15,456.45,10272,ITC
2025-02-04 11:43:00+05:30,456.45,456.9,456.4,456.7,15898,ITC
2025-02-04 11:44:00+05:30,456.7,457.0,456.5,456.5,50647,ITC
2025-02-04 11:45:00+05:30,456.5,457.55,456.2,457.45,55973,ITC
2025-02-04 11:46:00+05:30,457.55,457.8,456.9,456.95,30983,ITC
2025-02-04 11:47:00+05:30,456.9,458.0,456.9,457.45,50636,ITC
2025-02-04 11:48:00+05:30,457.4,457.95,457.2,457.25,20758,ITC
2025-02-04 11:49:00+05:30,457.2,459.15,457.1,458.95,117531,ITC
2025-02-04 11:50:00+05:30,459.15,460.0,458.9,459.15,105701,ITC
2025-02-04 11:51:00+05:30,459.3,459.35,458.05,458.5,55182,ITC
2025-02-04 11:52:00+05:30,458.5,458.85,457.65,457.65,46105,ITC
2025-02-04 11:53:00+05:30,457.6,457.85,457.15,457.45,45182,ITC
2025-02-04 11:54:00+05:30,457.5,458.45,457.5,458.15,39478,ITC
2025-02-04 11:55:00+05:30,458.15,458.15,457.4,457.6,15536,ITC
2025-02-04 11:56:00+05:30,457.55,458.35,457.45,457.95,17500,ITC
2025-02-04 11:57:00+05:30,457.95,457.95,457.2,457.7,13379,ITC
2025-02-04 11:58:00+05:30,457.7,457.8,457.45,457.8,13073,ITC
2025-02-04 11:59:00+05:30,457.8,457.95,457.5,457.6,15858,ITC
2025-02-04 12:00:00+05:30,457.6,457.85,457.5,457.75,19852,ITC
2025-02-04 12:01:00+05:30,457.75,457.75,457.2,457.6,44410,ITC
2025-02-04 12:02:00+05:30,457.6,457.8,457.25,457.5,18719,ITC
2025-02-04 12:03:00+05:30,457.45,458.4,457.1,458.35,36907,ITC
2025-02-04 12:04:00+05:30,458.3,458.5,457.85,458.5,19585,ITC
2025-02-04 12:05:00+05:30,458.35,458.9,458.3,458.75,20945,ITC
2025-02-04 12:06:00+05:30,458.65,458.95,458.45,458.8,17152,ITC
2025-02-04 12:07:00+05:30,458.55,459.25,458.5,458.85,36486,ITC
2025-02-04 12:08:00+05:30,458.8,458.95,458.4,458.6,18376,ITC
2025-02-04 12:09:00+05:30,458.65,458.65,458.2,458.4,8053,ITC
2025-02-04 12:10:00+05:30,458.35,458.4,457.95,458.4,20888,ITC
2025-02-04 12:11:00+05:30,458.35,458.4,458.05,458.3,11014,ITC
2025-02-04 12:12:00+05:30,458.05,458.25,457.9,457.9,7276,ITC
2025-02-04 12:13:00+05:30,458.05,458.1,457.75,458.0,15337,ITC
2025-02-04 12:14:00+05:30,458.15,458.35,457.85,458.1,10088,ITC
2025-02-04 12:15:00+05:30,458.0,458.3,457.8,458.3,12991,ITC
2025-02-04 12:16:00+05:30,458.3,458.6,458.0,458.2,23364,ITC
2025-02-04 12:17:00+05:30,458.2,458.35,457.75,458.25,28708,ITC
2025-02-04 12:18:00+05:30,458.25,459.3,458.05,459.1,81958,ITC
2025-02-04 12:19:00+05:30,459.1,459.1,458.5,458.5,14424,ITC
2025-02-04 12:20:00+05:30,458.5,458.85,458.45,458.6,11298,ITC
2025-02-04 12:21:00+05:30,458.5,458.65,457.85,457.85,20822,ITC
2025-02-04 12:22:00+05:30,457.9,458.4,457.6,458.35,47592,ITC
2025-02-04 12:23:00+05:30,458.35,459.0,458.1,458.95,43475,ITC
2025-02-04 12:24:00+05:30,458.95,459.0,458.4,458.65,52665,ITC
2025-02-04 12:25:00+05:30,458.4,458.85,457.9,458.0,40088,ITC
2025-02-04 12:26:00+05:30,458.0,458.2,457.8,458.0,47836,ITC
2025-02-04 12:27:00+05:30,458.0,458.3,457.75,458.15,59382,ITC
2025-02-04 12:28:00+05:30,458.15,458.4,457.8,457.8,27581,ITC
2025-02-04 12:29:00+05:30,458.0,458.3,457.75,458.0,93595,ITC
2025-02-04 12:30:00+05:30,458.0,458.4,457.6,458.1,44591,ITC
2025-02-04 12:31:00+05:30,457.95,458.5,457.95,458.15,30583,ITC
2025-02-04 12:32:00+05:30,458.0,458.3,457.8,458.15,42452,ITC
2025-02-04 12:33:00+05:30,458.15,459.0,457.85,457.95,86821,ITC
2025-02-04 12:34:00+05:30,457.9,457.95,457.3,457.65,23563,ITC
2025-02-04 12:35:00+05:30,457.6,457.75,457.1,457.1,17595,ITC
2025-02-04 12:36:00+05:30,457.3,457.9,457.1,457.2,60155,ITC
2025-02-04 12:37:00+05:30,457.2,457.3,456.65,456.65,28240,ITC
2025-02-04 12:38:00+05:30,456.65,457.7,456.6,457.55,45945,ITC
2025-02-04 12:39:00+05:30,457.6,458.0,457.2,457.45,78524,ITC
2025-02-04 12:40:00+05:30,457.25,457.45,456.65,456.85,29474,ITC
2025-02-04 12:41:00+05:30,456.7,457.0,456.5,456.8,55563,ITC
2025-02-04 12:42:00+05:30,456.8,456.9,456.2,456.7,107070,ITC
2025-02-04 12:43:00+05:30,456.5,456.8,456.35,456.5,31885,ITC
2025-02-04 12:44:00+05:30,456.5,456.75,456.15,456.55,59178,ITC
2025-02-04 12:45:00+05:30,456.45,456.55,455.6,455.85,64986,ITC
2025-02-04 12:46:00+05:30,455.85,456.2,455.25,455.45,102007,ITC
2025-02-04 12:47:00+05:30,455.45,455.7,455.25,455.45,20502,ITC
2025-02-04 12:48:00+05:30,455.4,455.45,454.9,455.4,52507,ITC
2025-02-04 12:49:00+05:30,455.2,455.5,454.9,455.5,20010,ITC
2025-02-04 12:50:00+05:30,455.3,455.4,454.65,454.75,10439,ITC
2025-02-04 12:51:00+05:30,454.75,454.8,454.4,454.5,25666,ITC
2025-02-04 12:52:00+05:30,454.5,455.6,454.5,454.65,48898,ITC
2025-02-04 12:53:00+05:30,454.6,455.75,454.6,455.35,81349,ITC
2025-02-04 12:54:00+05:30,455.25,455.35,455.0,455.05,47270,ITC
2025-02-04 12:55:00+05:30,455.0,455.2,454.6,454.65,73002,ITC
2025-02-04 12:56:00+05:30,454.8,455.15,454.6,455.05,30431,ITC
2025-02-04 12:57:00+05:30,455.0,455.2,454.75,455.0,69850,ITC
2025-02-04 12:58:00+05:30,454.85,455.35,454.45,455.3,43796,ITC
2025-02-04 12:59:00+05:30,455.25,455.55,455.05,455.1,25988,ITC
2025-02-04 13:00:00+05:30,455.05,455.4,454.8,454.85,35435,ITC
2025-02-04 13:01:00+05:30,454.85,455.5,454.75,455.4,71845,ITC
2025-02-04 13:02:00+05:30,455.15,455.15,454.75,454.75,18109,ITC
2025-02-04 13:03:00+05:30,454.85,455.0,454.5,454.7,40906,ITC
2025-02-04 13:04:00+05:30,454.7,454.8,454.15,454.45,59690,ITC
2025-02-04 13:05:00+05:30,454.4,454.6,454.1,454.25,76676,ITC
2025-02-04 13:06:00+05:30,454.4,454.65,454.1,454.55,116370,ITC
2025-02-04 13:07:00+05:30,454.55,454.75,454.5,454.6,29747,ITC
2025-02-04 13:08:00+05:30,454.6,454.75,454.3,454.6,109069,ITC
2025-02-04 13:09:00+05:30,454.6,454.7,454.4,454.65,33969,ITC
2025-02-04 13:10:00+05:30,454.7,454.7,454.45,454.5,26428,ITC
2025-02-04 13:11:00+05:30,454.65,455.0,454.5,454.6,60172,ITC
2025-02-04 13:12:00+05:30,454.65,454.75,454.5,454.75,39295,ITC
2025-02-04 13:13:00+05:30,454.75,454.8,454.5,454.5,32124,ITC
2025-02-04 13:14:00+05:30,454.6,454.75,454.5,454.6,29667,ITC
2025-02-04 13:15:00+05:30,454.7,454.7,454.2,454.2,16985,ITC
2025-02-04 13:16:00+05:30,454.35,454.65,454.1,454.55,48683,ITC
2025-02-04 13:17:00+05:30,454.45,455.0,454.35,454.7,31381,ITC
2025-02-04 13:18:00+05:30,454.8,454.8,454.4,454.5,16918,ITC
2025-02-04 13:19:00+05:30,454.5,454.7,454.2,454.35,24877,ITC
2025-02-04 13:20:00+05:30,454.35,454.5,454.2,454.45,27685,ITC
2025-02-04 13:21:00+05:30,454.5,454.75,454.25,454.75,34947,ITC
2025-02-04 13:22:00+05:30,454.75,454.8,454.2,454.45,25562,ITC
2025-02-04 13:23:00+05:30,454.45,454.45,454.0,454.0,23582,ITC
2025-02-04 13:24:00+05:30,454.15,454.2,453.85,453.85,25884,ITC
2025-02-04 13:25:00+05:30,454.05,454.2,453.75,454.2,38013,ITC
2025-02-04 13:26:00+05:30,454.0,454.25,453.9,454.15,25439,ITC
2025-02-04 13:27:00+05:30,454.15,454.4,454.05,454.2,24448,ITC
2025-02-04 13:28:00+05:30,454.35,454.45,454.1,454.25,22234,ITC
2025-02-04 13:29:00+05:30,454.25,454.45,454.1,454.35,28759,ITC
2025-02-04 13:30:00+05:30,454.4,454.4,454.0,454.15,47890,ITC
2025-02-04 13:31:00+05:30,454.15,454.15,453.8,453.9,21946,ITC
2025-02-04 13:32:00+05:30,454.05,454.05,453.55,453.8,23746,ITC
2025-02-04 13:33:00+05:30,453.8,454.2,453.6,453.95,78656,ITC
2025-02-04 13:34:00+05:30,453.95,455.65,453.85,455.65,116348,ITC
2025-02-04 13:35:00+05:30,455.7,455.85,454.8,455.35,65392,ITC
2025-02-04 13:36:00+05:30,455.4,456.0,455.05,455.85,86509,ITC
2025-02-04 13:37:00+05:30,455.9,456.35,455.65,455.95,85429,ITC
2025-02-04 13:38:00+05:30,456.0,456.0,455.65,455.7,42211,ITC
2025-02-04 13:39:00+05:30,455.7,455.8,455.4,455.75,33033,ITC
2025-02-04 13:40:00+05:30,455.75,455.75,455.1,455.1,63665,ITC
2025-02-04 13:41:00+05:30,455.15,455.45,454.6,454.85,39853,ITC
2025-02-04 13:42:00+05:30,454.95,455.05,454.5,454.6,51541,ITC
2025-02-04 13:43:00+05:30,454.7,455.7,454.55,455.5,88667,ITC
2025-02-04 13:44:00+05:30,455.5,455.55,454.95,455.0,30183,ITC
2025-02-04 13:45:00+05:30,455.05,455.25,454.75,454.95,46716,ITC
2025-02-04 13:46:00+05:30,455.0,455.3,454.85,455.0,30810,ITC
2025-02-04 13:47:00+05:30,455.05,455.15,454.75,454.85,34312,ITC
2025-02-04 13:48:00+05:30,454.9,455.3,454.65,455.25,51851,ITC
2025-02-04 13:49:00+05:30,455.25,455.35,454.9,455.1,31082,ITC
2025-02-04 13:50:00+05:30,455.2,455.6,455.0,455.2,57164,ITC
2025-02-04 13:51:00+05:30,455.25,455.65,454.9,455.35,61944,ITC
2025-02-04 13:52:00+05:30,455.45,455.45,455.1,455.2,26413,ITC
2025-02-04 13:53:00+05:30,455.3,455.45,454.9,455.4,32178,ITC
2025-02-04 13:54:00+05:30,455.4,455.45,454.75,454.9,21797,ITC
2025-02-04 13:55:00+05:30,454.9,455.2,454.65,454.75,47568,ITC
2025-02-04 13:56:00+05:30,454.75,455.0,454.45,454.5,44164,ITC
2025-02-04 13:57:00+05:30,454.55,455.1,454.45,454.55,84101,ITC
2025-02-04 13:58:00+05:30,454.7,454.75,454.35,454.45,33192,ITC
2025-02-04 13:59:00+05:30,454.55,454.75,454.4,454.55,34887,ITC
2025-02-04 14:00:00+05:30,454.55,454.85,454.35,454.7,54757,ITC
2025-02-04 14:01:00+05:30,454.7,454.75,454.45,454.7,36210,ITC
2025-02-04 14:02:00+05:30,454.7,454.7,454.35,454.4,41542,ITC
2025-02-04 14:03:00+05:30,454.5,454.5,454.15,454.35,42656,ITC
2025-02-04 14:04:00+05:30,454.35,454.35,453.65,453.75,116688,ITC
2025-02-04 14:05:00+05:30,453.75,453.8,453.25,453.35,52474,ITC
2025-02-04 14:06:00+05:30,453.4,453.95,453.25,453.9,100237,ITC
2025-02-04 14:07:00+05:30,453.9,454.15,453.55,454.1,52550,ITC
2025-02-04 14:08:00+05:30,454.1,454.2,453.65,453.95,30544,ITC
2025-02-04 14:09:00+05:30,454.15,454.5,453.9,454.2,46000,ITC
2025-02-04 14:10:00+05:30,454.2,454.25,453.75,453.95,60692,ITC
2025-02-04 14:11:00+05:30,454.05,454.1,453.45,453.5,52914,ITC
2025-02-04 14:12:00+05:30,453.5,453.65,453.25,453.35,55713,ITC
2025-02-04 14:13:00+05:30,453.4,453.45,452.35,452.95,157223,ITC
2025-02-04 14:14:00+05:30,452.95,453.75,452.6,453.5,96049,ITC
2025-02-04 14:15:00+05:30,453.55,453.55,452.85,452.95,75731,ITC
2025-02-04 14:16:00+05:30,453.05,453.7,452.95,453.55,100527,ITC
2025-02-04 14:17:00+05:30,453.5,453.8,453.45,453.7,66815,ITC
2025-02-04 14:18:00+05:30,453.7,453.9,453.3,453.5,46111,ITC
2025-02-04 14:19:00+05:30,453.55,453.85,453.35,453.45,55356,ITC
2025-02-04 14:20:00+05:30,453.45,454.0,453.3,453.95,78565,ITC
2025-02-04 14:21:00+05:30,453.9,453.9,453.5,453.65,42846,ITC
2025-02-04 14:22:00+05:30,453.75,453.75,453.4,453.4,59667,ITC
2025-02-04 14:23:00+05:30,453.45,453.55,453.0,453.15,58178,ITC
2025-02-04 14:24:00+05:30,453.15,453.5,453.1,453.45,70015,ITC
2025-02-04 14:25:00+05:30,453.45,453.75,453.3,453.6,40687,ITC
2025-02-04 14:26:00+05:30,453.6,453.9,453.25,453.5,54978,ITC
2025-02-04 14:27:00+05:30,453.4,453.85,453.25,453.55,91849,ITC
2025-02-04 14:28:00+05:30,453.55,453.8,453.1,453.35,52916,ITC
2025-02-04 14:29:00+05:30,453.35,453.55,453.2,453.25,46364,ITC
2025-02-04 14:30:00+05:30,453.4,453.9,452.95,453.9,78871,ITC
2025-02-04 14:31:00+05:30,453.9,453.95,453.5,453.85,32107,ITC
2025-02-04 14:32:00+05:30,453.95,454.4,453.75,454.1,65470,ITC
2025-02-04 14:33:00+05:30,454.1,454.35,453.9,454.05,94843,ITC
2025-02-04 14:34:00+05:30,454.05,454.3,453.8,454.05,48584,ITC
2025-02-04 14:35:00+05:30,454.05,454.4,453.8,454.15,34164,ITC
2025-02-04 14:36:00+05:30,454.2,454.3,454.0,454.25,39269,ITC
2025-02-04 14:37:00+05:30,454.25,455.15,454.05,454.95,73797,ITC
2025-02-04 14:38:00+05:30,455.05,455.1,454.65,455.0,35161,ITC
2025-02-04 14:39:00+05:30,455.0,455.05,454.55,454.75,30175,ITC
2025-02-04 14:40:00+05:30,454.75,454.8,454.25,454.55,46882,ITC
2025-02-04 14:41:00+05:30,454.4,454.95,454.1,454.8,61132,ITC
2025-02-04 14:42:00+05:30,454.8,454.85,454.4,454.75,49472,ITC
2025-02-04 14:43:00+05:30,454.75,454.75,454.2,454.55,59308,ITC
2025-02-04 14:44:00+05:30,454.55,454.8,454.2,454.35,43800,ITC
2025-02-04 14:45:00+05:30,454.35,454.4,453.75,453.8,65135,ITC
2025-02-04 14:46:00+05:30,453.85,454.35,453.6,454.1,70081,ITC
2025-02-04 14:47:00+05:30,454.3,454.55,454.0,454.55,55499,ITC
2025-02-04 14:48:00+05:30,454.55,454.7,454.2,454.2,61532,ITC
2025-02-04 14:49:00+05:30,454.4,454.6,454.1,454.55,62662,ITC
2025-02-04 14:50:00+05:30,454.55,455.2,454.3,454.85,118070,ITC
2025-02-04 14:51:00+05:30,454.9,455.15,454.65,454.9,55960,ITC
2025-02-04 14:52:00+05:30,454.95,455.35,454.65,454.75,72422,ITC
2025-02-04 14:53:00+05:30,454.8,455.3,454.65,455.05,119487,ITC
2025-02-04 14:54:00+05:30,455.05,455.3,454.4,454.85,67669,ITC
2025-02-04 14:55:00+05:30,454.9,454.9,454.5,454.7,55921,ITC
2025-02-04 14:56:00+05:30,454.7,455.05,454.4,454.65,95562,ITC
2025-02-04 14:57:00+05:30,454.7,454.7,454.0,454.3,68040,ITC
2025-02-04 14:58:00+05:30,454.45,454.8,454.05,454.7,145424,ITC
2025-02-04 14:59:00+05:30,454.7,454.75,454.3,454.6,69502,ITC
2025-02-04 15:00:00+05:30,454.55,455.65,454.45,454.95,213508,ITC
2025-02-04 15:01:00+05:30,455.05,455.75,454.95,455.4,150485,ITC
2025-02-04 15:02:00+05:30,455.4,455.75,455.4,455.5,109675,ITC
2025-02-04 15:03:00+05:30,455.6,456.2,455.3,455.75,274729,ITC
2025-02-04 15:04:00+05:30,455.8,456.0,455.4,455.95,110940,ITC
2025-02-04 15:05:00+05:30,455.95,456.35,455.65,455.75,103772,ITC
2025-02-04 15:06:00+05:30,455.8,456.0,455.55,455.65,85903,ITC
2025-02-04 15:07:00+05:30,455.7,456.15,455.5,455.85,110699,ITC
2025-02-04 15:08:00+05:30,455.85,456.0,455.45,455.65,66348,ITC
2025-02-04 15:09:00+05:30,455.65,455.7,455.3,455.65,79189,ITC
2025-02-04 15:10:00+05:30,455.65,455.75,455.25,455.55,88937,ITC
2025-02-04 15:11:00+05:30,455.55,455.75,455.1,455.35,123972,ITC
2025-02-04 15:12:00+05:30,455.4,455.6,455.05,455.3,128356,ITC
2025-02-04 15:13:00+05:30,455.35,455.4,454.65,454.85,96311,ITC
2025-02-04 15:14:00+05:30,454.95,455.05,454.45,454.95,139566,ITC
2025-02-04 15:15:00+05:30,454.95,454.95,454.4,454.65,150994,ITC
2025-02-04 15:16:00+05:30,454.75,454.9,454.4,454.75,148202,ITC
2025-02-04 15:17:00+05:30,454.7,455.05,454.45,454.85,116657,ITC
2025-02-04 15:18:00+05:30,454.85,455.15,454.4,454.8,137284,ITC
2025-02-04 15:19:00+05:30,454.8,455.0,454.45,454.9,178869,ITC
2025-02-04 15:20:00+05:30,454.85,455.15,454.7,454.85,166804,ITC
2025-02-04 15:21:00+05:30,454.9,455.4,454.8,455.2,146411,ITC
2025-02-04 15:22:00+05:30,455.2,455.35,454.5,454.6,128752,ITC
2025-02-04 15:23:00+05:30,454.85,454.9,454.5,454.8,94872,ITC
2025-02-04 15:24:00+05:30,454.85,454.9,454.5,454.55,91218,ITC
2025-02-04 15:25:00+05:30,454.75,455.0,454.55,454.75,105993,ITC
2025-02-04 15:26:00+05:30,454.85,454.9,454.5,454.6,163191,ITC
2025-02-04 15:27:00+05:30,454.7,454.95,454.25,454.7,137948,ITC
2025-02-04 15:28:00+05:30,454.7,455.2,454.1,454.25,139252,ITC
2025-02-04 15:29:00+05:30,454.45,455.0,454.0,454.3,30068,ITC
2025-02-05 09:15:00+05:30,455.15,455.25,452.5,454.15,153835,ITC
2025-02-05 09:16:00+05:30,454.2,455.4,453.7,455.25,42735,ITC
2025-02-05 09:17:00+05:30,455.15,455.85,454.05,454.25,59832,ITC
2025-02-05 09:18:00+05:30,454.25,454.9,454.2,454.55,31672,ITC
2025-02-05 09:19:00+05:30,454.3,454.5,453.65,454.0,35641,ITC
2025-02-05 09:20:00+05:30,454.1,454.15,453.2,453.55,25638,ITC
2025-02-05 09:21:00+05:30,453.45,453.85,453.45,453.55,16269,ITC
2025-02-05 09:22:00+05:30,453.5,453.8,453.3,453.65,20774,ITC
2025-02-05 09:23:00+05:30,453.6,453.9,453.5,453.9,15690,ITC
2025-02-05 09:24:00+05:30,453.85,454.3,453.55,453.75,25941,ITC
2025-02-05 09:25:00+05:30,453.7,454.2,453.5,453.95,34557,ITC
2025-02-05 09:26:00+05:30,454.0,454.25,454.0,454.0,20744,ITC
2025-02-05 09:27:00+05:30,454.05,454.45,453.85,454.45,11026,ITC
2025-02-05 09:28:00+05:30,454.35,454.5,453.2,453.4,50746,ITC
2025-02-05 09:29:00+05:30,453.35,453.7,453.1,453.2,19692,ITC
2025-02-05 09:30:00+05:30,453.2,453.4,452.95,453.3,41939,ITC
2025-02-05 09:31:00+05:30,453.25,454.0,453.1,453.95,12892,ITC
2025-02-05 09:32:00+05:30,454.0,454.0,453.3,453.65,14326,ITC
2025-02-05 09:33:00+05:30,453.6,454.0,453.5,453.85,12414,ITC
2025-02-05 09:34:00+05:30,453.85,454.0,453.65,453.8,16668,ITC
2025-02-05 09:35:00+05:30,453.75,454.1,453.55,453.75,47580,ITC
2025-02-05 09:36:00+05:30,453.75,453.85,453.0,453.2,22696,ITC
2025-02-05 09:37:00+05:30,453.15,453.7,453.0,453.65,12388,ITC
2025-02-05 09:38:00+05:30,453.65,453.65,452.65,452.9,40015,ITC
2025-02-05 09:39:00+05:30,452.75,453.2,452.7,453.15,16555,ITC
2025-02-05 09:40:00+05:30,453.0,453.15,452.7,453.0,30537,ITC
2025-02-05 09:41:00+05:30,452.95,453.05,452.75,452.95,15829,ITC
2025-02-05 09:42:00+05:30,452.95,452.95,452.65,452.95,13845,ITC
2025-02-05 09:43:00+05:30,452.9,453.2,452.85,453.2,7287,ITC
2025-02-05 09:44:00+05:30,453.15,453.5,453.1,453.3,12974,ITC
2025-02-05 09:45:00+05:30,453.25,453.6,453.15,453.4,10966,ITC
2025-02-05 09:46:00+05:30,453.4,454.3,453.4,453.9,35880,ITC
2025-02-05 09:47:00+05:30,453.75,453.9,453.1,453.25,24353,ITC
2025-02-05 09:48:00+05:30,453.25,453.4,453.05,453.05,10155,ITC
2025-02-05 09:49:00+05:30,453.05,453.2,452.85,452.95,25996,ITC
2025-02-05 09:50:00+05:30,452.85,453.0,452.7,452.85,22056,ITC
2025-02-05 09:51:00+05:30,452.9,453.05,452.85,453.05,9934,ITC
2025-02-05 09:52:00+05:30,453.0,453.45,452.95,453.0,31018,ITC
2025-02-05 09:53:00+05:30,453.0,453.05,452.35,452.6,54917,ITC
2025-02-05 09:54:00+05:30,452.6,453.0,452.5,452.9,17320,ITC
2025-02-05 09:55:00+05:30,452.9,452.95,452.75,452.75,18385,ITC
2025-02-05 09:56:00+05:30,452.9,452.9,452.4,452.75,40575,ITC
2025-02-05 09:57:00+05:30,452.75,453.2,451.7,452.3,81715,ITC
2025-02-05 09:58:00+05:30,452.3,452.95,452.3,452.8,33834,ITC
2025-02-05 09:59:00+05:30,452.75,452.8,452.55,452.6,8104,ITC
2025-02-05 10:00:00+05:30,452.65,452.95,452.5,452.8,24000,ITC
2025-02-05 10:01:00+05:30,452.9,452.95,452.55,452.75,17926,ITC
2025-02-05 10:02:00+05:30,452.75,452.75,452.5,452.7,8213,ITC
2025-02-05 10:03:00+05:30,452.7,452.9,452.15,452.9,29658,ITC
2025-02-05 10:04:00+05:30,452.7,452.9,452.35,452.5,11990,ITC
2025-02-05 10:05:00+05:30,452.65,452.85,452.45,452.8,25496,ITC
2025-02-05 10:06:00+05:30,452.65,452.8,452.55,452.7,17318,ITC
2025-02-05 10:07:00+05:30,452.75,452.75,452.4,452.55,17727,ITC
2025-02-05 10:08:00+05:30,452.55,452.7,452.3,452.5,16822,ITC
2025-02-05 10:09:00+05:30,452.5,452.75,451.6,452.65,76465,ITC
2025-02-05 10:10:00+05:30,452.65,453.05,452.25,453.0,37993,ITC
2025-02-05 10:11:00+05:30,452.95,452.95,452.45,452.65,23693,ITC
2025-02-05 10:12:00+05:30,452.6,452.75,452.4,452.7,26135,ITC
2025-02-05 10:13:00+05:30,452.7,452.7,452.35,452.45,20469,ITC
2025-02-05 10:14:00+05:30,452.35,452.55,452.15,452.35,30193,ITC
2025-02-05 10:15:00+05:30,452.3,452.55,451.0,451.15,297334,ITC
2025-02-05 10:16:00+05:30,451.25,451.7,450.9,451.6,224034,ITC
2025-02-05 10:17:00+05:30,451.6,452.1,451.45,451.95,52467,ITC
2025-02-05 10:18:00+05:30,451.9,452.1,451.4,451.6,34334,ITC
2025-02-05 10:19:00+05:30,451.6,451.6,450.65,450.95,67421,ITC
2025-02-05 10:20:00+05:30,450.8,451.2,450.55,450.85,57363,ITC
2025-02-05 10:21:00+05:30,450.8,451.3,450.65,450.95,42865,ITC
2025-02-05 10:22:00+05:30,450.95,451.3,450.9,451.2,33741,ITC
2025-02-05 10:23:00+05:30,451.3,451.75,451.15,451.7,44682,ITC
2025-02-05 10:24:00+05:30,451.55,451.75,451.5,451.5,24868,ITC
2025-02-05 10:25:00+05:30,451.55,451.95,451.5,451.7,15639,ITC
2025-02-05 10:26:00+05:30,451.85,451.9,451.6,451.7,13286,ITC
2025-02-05 10:27:00+05:30,451.85,452.0,451.55,451.75,11546,ITC
2025-02-05 10:28:00+05:30,451.75,451.9,451.5,451.8,34490,ITC
2025-02-05 10:29:00+05:30,451.8,451.8,451.65,451.7,6219,ITC
2025-02-05 10:30:00+05:30,451.75,451.8,451.65,451.75,8801,ITC
2025-02-05 10:31:00+05:30,451.75,451.9,451.7,451.8,16199,ITC
2025-02-05 10:32:00+05:30,451.8,452.0,451.75,452.0,6803,ITC
2025-02-05 10:33:00+05:30,452.0,452.35,451.9,452.25,10515,ITC
2025-02-05 10:34:00+05:30,452.25,452.4,451.9,451.9,26506,ITC
2025-02-05 10:35:00+05:30,451.95,452.3,451.9,452.25,9643,ITC
2025-02-05 10:36:00+05:30,452.25,452.3,452.15,452.25,15332,ITC
2025-02-05 10:37:00+05:30,452.15,452.3,451.85,452.2,12598,ITC
2025-02-05 10:38:00+05:30,452.25,452.7,452.15,452.6,29707,ITC
2025-02-05 10:39:00+05:30,452.5,452.8,452.4,452.4,20051,ITC
2025-02-05 10:40:00+05:30,452.35,452.65,451.7,452.35,153991,ITC
2025-02-05 10:41:00+05:30,452.2,452.35,451.8,452.0,21525,ITC
2025-02-05 10:42:00+05:30,452.0,452.35,451.7,452.35,38919,ITC
2025-02-05 10:43:00+05:30,452.3,452.35,452.05,452.3,31601,ITC
2025-02-05 10:44:00+05:30,452.35,453.15,451.85,452.05,189182,ITC
2025-02-05 10:45:00+05:30,452.05,452.4,452.0,452.25,24078,ITC
2025-02-05 10:46:00+05:30,452.3,452.55,452.05,452.55,76176,ITC
2025-02-05 10:47:00+05:30,452.5,452.55,451.8,452.1,99180,ITC
2025-02-05 10:48:00+05:30,452.15,452.3,452.1,452.3,16685,ITC
2025-02-05 10:49:00+05:30,452.25,453.3,452.25,453.15,103036,ITC
2025-02-05 10:50:00+05:30,453.15,453.5,453.15,453.25,61429,ITC
2025-02-05 10:51:00+05:30,453.25,453.25,452.75,452.85,32609,ITC
2025-02-05 10:52:00+05:30,452.85,453.05,452.75,452.85,14527,ITC
2025-02-05 10:53:00+05:30,452.85,452.9,452.45,452.7,7705,ITC
2025-02-05 10:54:00+05:30,452.6,452.6,451.5,452.05,27514,ITC
2025-02-05 10:55:00+05:30,452.1,452.3,452.0,452.1,12871,ITC
2025-02-05 10:56:00+05:30,452.1,452.4,452.05,452.35,5237,ITC
2025-02-05 10:57:00+05:30,452.3,452.8,451.9,452.05,54414,ITC
2025-02-05 10:58:00+05:30,452.1,452.35,452.05,452.35,17953,ITC
2025-02-05 10:59:00+05:30,452.3,452.35,452.1,452.2,10073,ITC
2025-02-05 11:00:00+05:30,452.2,452.25,452.05,452.2,12829,ITC
2025-02-05 11:01:00+05:30,452.2,452.45,452.15,452.45,7329,ITC
2025-02-05 11:02:00+05:30,452.25,452.5,452.25,452.5,5594,ITC
2025-02-05 11:03:00+05:30,452.4,452.75,452.4,452.75,8969,ITC
2025-02-05 11:04:00+05:30,452.75,452.75,452.5,452.55,9610,ITC
2025-02-05 11:05:00+05:30,452.6,452.6,452.3,452.5,8281,ITC
2025-02-05 11:06:00+05:30,452.4,452.7,452.4,452.7,7747,ITC
2025-02-05 11:07:00+05:30,452.6,452.8,452.45,452.7,11505,ITC
2025-02-05 11:08:00+05:30,452.7,452.7,452.4,452.45,11087,ITC
2025-02-05 11:09:00+05:30,452.4,452.8,452.4,452.55,11578,ITC
2025-02-05 11:10:00+05:30,452.6,452.75,452.0,452.1,19616,ITC
2025-02-05 11:11:00+05:30,452.05,452.15,451.9,451.95,12006,ITC
2025-02-05 11:12:00+05:30,452.05,452.05,451.7,451.75,19012,ITC
2025-02-05 11:13:00+05:30,451.8,451.85,451.55,451.8,12989,ITC
2025-02-05 11:14:00+05:30,451.6,451.8,451.6,451.6,12125,ITC
2025-02-05 11:15:00+05:30,451.7,451.75,451.6,451.75,9507,ITC
2025-02-05 11:16:00+05:30,451.65,452.0,451.65,451.85,13988,ITC
2025-02-05 11:17:00+05:30,451.85,452.0,451.65,451.95,10442,ITC
2025-02-05 11:18:00+05:30,451.9,452.0,451.8,451.95,6207,ITC
2025-02-05 11:19:00+05:30,452.0,452.05,451.9,451.95,8849,ITC
2025-02-05 11:20:00+05:30,451.95,452.1,451.55,451.85,12050,ITC
2025-02-05 11:21:00+05:30,451.85,451.9,451.7,451.7,9861,ITC
2025-02-05 11:22:00+05:30,451.7,451.9,451.6,451.7,8024,ITC
2025-02-05 11:23:00+05:30,451.7,451.85,451.65,451.85,6667,ITC
2025-02-05 11:24:00+05:30,451.8,452.05,451.75,451.8,11495,ITC
2025-02-05 11:25:00+05:30,452.0,452.05,451.8,451.95,11262,ITC
2025-02-05 11:26:00+05:30,451.95,452.05,451.8,451.9,7961,ITC
2025-02-05 11:27:00+05:30,451.8,452.1,451.8,452.1,7286,ITC
2025-02-05 11:28:00+05:30,452.1,452.15,452.0,452.05,12563,ITC
2025-02-05 11:29:00+05:30,452.05,452.2,451.95,452.0,14413,ITC
2025-02-05 11:30:00+05:30,452.05,452.25,451.95,452.1,15407,ITC
2025-02-05 11:31:00+05:30,452.2,452.45,452.1,452.25,7501,ITC
2025-02-05 11:32:00+05:30,452.25,452.5,452.25,452.4,6527,ITC
2025-02-05 11:33:00+05:30,452.45,452.5,452.4,452.45,6584,ITC
2025-02-05 11:34:00+05:30,452.45,452.5,452.3,452.45,6327,ITC
2025-02-05 11:35:00+05:30,452.5,452.5,452.3,452.35,8518,ITC
2025-02-05 11:36:00+05:30,452.3,452.4,452.25,452.3,9093,ITC
2025-02-05 11:37:00+05:30,452.3,452.45,452.25,452.25,10590,ITC
2025-02-05 11:38:00+05:30,452.35,452.5,452.25,452.35,11474,ITC
2025-02-05 11:39:00+05:30,452.3,452.35,451.25,451.4,52051,ITC
2025-02-05 11:40:00+05:30,451.4,451.65,451.3,451.3,34414,ITC
2025-02-05 11:41:00+05:30,451.4,451.6,451.3,451.55,12858,ITC
2025-02-05 11:42:00+05:30,451.55,451.6,451.4,451.4,20150,ITC
2025-02-05 11:43:00+05:30,451.45,451.6,451.4,451.45,16167,ITC
2025-02-05 11:44:00+05:30,451.5,451.5,451.15,451.35,20248,ITC
2025-02-05 11:45:00+05:30,451.5,451.65,451.3,451.45,24755,ITC
2025-02-05 11:46:00+05:30,451.5,451.9,451.3,451.5,56353,ITC
2025-02-05 11:47:00+05:30,451.5,451.65,451.35,451.4,25141,ITC
2025-02-05 11:48:00+05:30,451.4,451.95,451.4,451.8,7494,ITC
2025-02-05 11:49:00+05:30,451.8,452.0,451.7,451.7,13451,ITC
2025-02-05 11:50:00+05:30,451.85,452.0,451.7,451.7,10680,ITC
2025-02-05 11:51:00+05:30,451.7,451.9,451.55,451.85,12696,ITC
2025-02-05 11:52:00+05:30,451.85,451.9,451.55,451.6,11165,ITC
2025-02-05 11:53:00+05:30,451.75,451.75,451.5,451.75,13859,ITC
2025-02-05 11:54:00+05:30,451.75,452.5,451.7,452.3,85683,ITC
2025-02-05 11:55:00+05:30,452.35,452.7,452.3,452.55,32718,ITC
2025-02-05 11:56:00+05:30,452.55,452.55,452.1,452.15,10299,ITC
2025-02-05 11:57:00+05:30,452.2,452.75,452.0,452.6,28497,ITC
2025-02-05 11:58:00+05:30,452.75,452.95,452.55,452.7,26820,ITC
2025-02-05 11:59:00+05:30,452.8,452.8,452.45,452.7,12865,ITC
2025-02-05 12:00:00+05:30,452.75,452.8,452.45,452.65,21050,ITC
2025-02-05 12:01:00+05:30,452.55,452.75,452.4,452.6,18287,ITC
2025-02-05 12:02:00+05:30,452.55,452.6,452.35,452.55,11097,ITC
2025-02-05 12:03:00+05:30,452.55,452.55,452.0,452.15,26140,ITC
2025-02-05 12:04:00+05:30,452.15,452.3,452.0,452.3,11486,ITC
2025-02-05 12:05:00+05:30,452.3,452.5,452.05,452.45,7954,ITC
2025-02-05 12:06:00+05:30,452.5,452.55,452.3,452.5,9370,ITC
2025-02-05 12:07:00+05:30,452.5,452.55,452.3,452.35,9351,ITC
2025-02-05 12:08:00+05:30,452.35,452.9,452.15,452.55,58806,ITC
2025-02-05 12:09:00+05:30,452.6,452.75,452.25,452.25,16001,ITC
2025-02-05 12:10:00+05:30,452.3,452.75,452.25,452.5,17341,ITC
2025-02-05 12:11:00+05:30,452.5,452.55,452.0,452.0,22264,ITC
2025-02-05 12:12:00+05:30,452.0,452.15,451.3,451.5,42960,ITC
2025-02-05 12:13:00+05:30,451.45,451.8,451.3,451.8,13358,ITC
2025-02-05 12:14:00+05:30,451.8,451.95,451.6,451.95,12352,ITC
2025-02-05 12:15:00+05:30,451.95,452.0,451.6,451.7,27693,ITC
2025-02-05 12:16:00+05:30,451.7,451.95,451.7,451.9,11087,ITC
2025-02-05 12:17:00+05:30,451.95,452.0,451.75,451.9,14125,ITC
2025-02-05 12:18:00+05:30,451.9,452.0,451.8,451.95,7388,ITC
2025-02-05 12:19:00+05:30,451.9,452.0,451.8,451.85,9387,ITC
2025-02-05 12:20:00+05:30,451.85,452.0,451.75,451.95,8729,ITC
2025-02-05 12:21:00+05:30,451.95,452.0,451.75,451.85,10248,ITC
2025-02-05 12:22:00+05:30,451.85,452.0,451.75,451.8,27694,ITC
2025-02-05 12:23:00+05:30,451.75,452.0,451.75,451.9,10064,ITC
2025-02-05 12:24:00+05:30,451.9,451.95,451.5,451.65,10786,ITC
2025-02-05 12:25:00+05:30,451.75,451.9,451.6,451.9,12079,ITC
2025-02-05 12:26:00+05:30,451.75,451.9,451.65,451.7,15176,ITC
2025-02-05 12:27:00+05:30,451.65,451.9,451.6,451.85,9114,ITC
2025-02-05 12:28:00+05:30,451.9,451.95,451.65,451.8,8502,ITC
2025-02-05 12:29:00+05:30,451.9,451.95,451.7,451.8,10808,ITC
2025-02-05 12:30:00+05:30,451.95,451.95,451.7,451.75,11222,ITC
2025-02-05 12:31:00+05:30,451.8,451.95,451.65,451.85,13934,ITC
2025-02-05 12:32:00+05:30,451.9,451.9,451.6,451.7,11552,ITC
2025-02-05 12:33:00+05:30,451.75,451.95,451.55,451.65,29819,ITC
2025-02-05 12:34:00+05:30,451.65,451.9,451.55,451.6,17917,ITC
2025-02-05 12:35:00+05:30,451.75,451.85,451.05,451.25,147399,ITC
2025-02-05 12:36:00+05:30,451.3,451.65,451.05,451.45,29659,ITC
2025-02-05 12:37:00+05:30,451.35,451.85,451.25,451.5,43403,ITC
2025-02-05 12:38:00+05:30,451.45,451.65,451.2,451.35,17938,ITC
2025-02-05 12:39:00+05:30,451.25,451.35,450.2,450.4,83618,ITC
2025-02-05 12:40:00+05:30,450.2,450.8,449.5,449.5,168663,ITC
2025-02-05 12:41:00+05:30,449.5,449.9,449.25,449.6,77260,ITC
2025-02-05 12:42:00+05:30,449.6,449.6,448.85,449.15,82283,ITC
2025-02-05 12:43:00+05:30,449.0,449.85,449.0,449.3,102591,ITC
2025-02-05 12:44:00+05:30,449.45,449.75,449.2,449.25,78503,ITC
2025-02-05 12:45:00+05:30,449.45,449.55,449.1,449.25,63098,ITC
2025-02-05 12:46:00+05:30,449.1,449.3,448.4,448.95,267656,ITC
2025-02-05 12:47:00+05:30,448.95,449.25,448.6,448.75,58727,ITC
2025-02-05 12:48:00+05:30,448.95,448.95,448.5,448.5,48169,ITC
2025-02-05 12:49:00+05:30,448.6,449.0,448.4,448.9,78569,ITC
2025-02-05 12:50:00+05:30,448.9,449.25,448.7,448.9,36261,ITC
2025-02-05 12:51:00+05:30,448.9,449.0,448.6,448.65,30374,ITC
2025-02-05 12:52:00+05:30,448.65,449.0,448.4,448.95,134840,ITC
2025-02-05 12:53:00+05:30,449.0,449.0,448.65,448.9,48501,ITC
2025-02-05 12:54:00+05:30,448.9,448.95,448.7,448.9,28693,ITC
2025-02-05 12:55:00+05:30,448.95,448.95,448.6,448.85,26549,ITC
2025-02-05 12:56:00+05:30,448.75,448.95,448.55,448.75,33200,ITC
2025-02-05 12:57:00+05:30,448.95,449.0,448.7,448.85,26647,ITC
2025-02-05 12:58:00+05:30,448.85,449.0,448.75,448.85,32094,ITC
2025-02-05 12:59:00+05:30,449.0,449.0,448.65,448.65,24876,ITC
2025-02-05 13:00:00+05:30,448.8,448.9,448.45,448.45,48544,ITC
2025-02-05 13:01:00+05:30,448.55,448.9,448.45,448.7,36333,ITC
2025-02-05 13:02:00+05:30,448.9,448.95,448.65,448.9,24962,ITC
2025-02-05 13:03:00+05:30,448.9,448.95,448.7,448.75,23613,ITC
2025-02-05 13:04:00+05:30,448.7,448.75,448.3,448.55,36926,ITC
2025-02-05 13:05:00+05:30,448.55,448.55,448.3,448.4,26893,ITC
2025-02-05 13:06:00+05:30,448.45,448.5,448.15,448.45,30200,ITC
2025-02-05 13:07:00+05:30,448.45,448.45,447.8,448.4,124967,ITC
2025-02-05 13:08:00+05:30,448.4,448.75,448.35,448.75,18171,ITC
2025-02-05 13:09:00+05:30,448.7,448.95,448.65,448.8,16310,ITC
2025-02-05 13:10:00+05:30,448.8,448.9,448.7,448.85,16414,ITC
2025-02-05 13:11:00+05:30,448.85,449.0,448.65,448.8,24865,ITC
2025-02-05 13:12:00+05:30,448.9,449.0,448.7,448.95,18063,ITC
2025-02-05 13:13:00+05:30,449.0,449.0,448.65,448.9,18707,ITC
2025-02-05 13:14:00+05:30,448.9,448.95,448.65,448.85,16405,ITC
2025-02-05 13:15:00+05:30,448.85,448.9,448.55,448.6,14963,ITC
2025-02-05 13:16:00+05:30,448.7,448.8,448.5,448.75,15701,ITC
2025-02-05 13:17:00+05:30,448.75,448.75,448.5,448.75,14492,ITC
2025-02-05 13:18:00+05:30,448.75,448.8,448.55,448.8,16739,ITC
2025-02-05 13:19:00+05:30,448.8,448.95,448.55,448.8,15931,ITC
2025-02-05 13:20:00+05:30,448.95,448.95,448.6,448.9,14591,ITC
2025-02-05 13:21:00+05:30,448.9,448.9,448.6,448.85,13630,ITC
2025-02-05 13:22:00+05:30,448.85,448.95,448.65,448.7,21049,ITC
2025-02-05 13:23:00+05:30,448.8,448.95,448.65,448.9,13056,ITC
2025-02-05 13:24:00+05:30,448.85,448.95,448.65,448.85,16006,ITC
2025-02-05 13:25:00+05:30,448.85,448.85,448.6,448.85,15576,ITC
2025-02-05 13:26:00+05:30,448.85,448.9,448.5,448.7,25577,ITC
2025-02-05 13:27:00+05:30,448.65,448.75,447.65,447.8,90507,ITC
2025-02-05 13:28:00+05:30,447.85,448.15,447.6,448.15,23835,ITC
2025-02-05 13:29:00+05:30,447.95,448.2,447.5,447.95,42842,ITC
2025-02-05 13:30:00+05:30,447.95,448.0,447.7,448.0,43744,ITC
2025-02-05 13:31:00+05:30,448.0,448.0,447.75,447.75,39190,ITC
2025-02-05 13:32:00+05:30,447.9,448.0,447.5,447.55,41631,ITC
2025-02-05 13:33:00+05:30,447.7,447.85,447.55,447.85,18876,ITC
2025-02-05 13:34:00+05:30,447.85,448.0,447.6,447.95,13768,ITC
2025-02-05 13:35:00+05:30,447.95,448.0,447.7,447.9,20476,ITC
2025-02-05 13:36:00+05:30,447.95,448.0,447.6,447.8,21310,ITC
2025-02-05 13:37:00+05:30,447.8,448.0,447.6,447.95,21447,ITC
2025-02-05 13:38:00+05:30,447.95,448.0,447.6,447.8,22846,ITC
2025-02-05 13:39:00+05:30,447.8,447.95,447.5,447.7,23652,ITC
2025-02-05 13:40:00+05:30,447.75,447.75,447.5,447.7,18919,ITC
2025-02-05 13:41:00+05:30,447.75,447.75,447.5,447.6,15822,ITC
2025-02-05 13:42:00+05:30,447.65,447.7,447.3,447.35,24562,ITC
2025-02-05 13:43:00+05:30,447.55,447.55,447.3,447.4,21947,ITC
2025-02-05 13:44:00+05:30,447.4,447.65,447.2,447.5,19968,ITC
2025-02-05 13:45:00+05:30,447.5,447.5,447.2,447.45,17716,ITC
2025-02-05 13:46:00+05:30,447.45,447.55,447.1,447.1,29979,ITC
2025-02-05 13:47:00+05:30,447.05,447.25,447.0,447.25,22124,ITC
2025-02-05 13:48:00+05:30,447.15,447.25,446.55,446.8,96045,ITC
2025-02-05 13:49:00+05:30,447.0,447.0,446.75,446.95,19152,ITC
2025-02-05 13:50:00+05:30,446.95,447.0,446.6,446.6,38460,ITC
2025-02-05 13:51:00+05:30,446.9,446.9,446.5,446.5,31724,ITC
2025-02-05 13:52:00+05:30,446.65,446.8,446.5,446.8,48833,ITC
2025-02-05 13:53:00+05:30,446.8,446.95,446.6,446.85,22735,ITC
2025-02-05 13:54:00+05:30,446.9,447.5,446.85,447.3,36738,ITC
2025-02-05 13:55:00+05:30,447.45,447.8,447.3,447.55,35174,ITC
2025-02-05 13:56:00+05:30,447.55,447.8,447.5,447.75,23570,ITC
2025-02-05 13:57:00+05:30,447.8,447.9,447.55,447.9,21822,ITC
2025-02-05 13:58:00+05:30,447.8,448.0,447.75,448.0,34483,ITC
2025-02-05 13:59:00+05:30,447.95,448.25,447.95,448.05,22099,ITC
2025-02-05 14:00:00+05:30,448.05,448.15,447.9,448.1,15813,ITC
2025-02-05 14:01:00+05:30,448.1,448.15,447.9,447.9,22859,ITC
2025-02-05 14:02:00+05:30,448.05,448.05,447.65,447.95,23381,ITC
2025-02-05 14:03:00+05:30,447.95,448.0,447.75,447.95,19599,ITC
2025-02-05 14:04:00+05:30,447.95,447.95,447.6,447.85,15197,ITC
2025-02-05 14:05:00+05:30,447.85,447.85,447.6,447.65,17957,ITC
2025-02-05 14:06:00+05:30,447.65,447.8,447.55,447.8,19044,ITC
2025-02-05 14:07:00+05:30,447.8,447.8,447.35,447.55,19789,ITC
2025-02-05 14:08:00+05:30,447.5,447.5,447.0,447.35,24302,ITC
2025-02-05 14:09:00+05:30,447.35,447.5,447.2,447.35,22930,ITC
2025-02-05 14:10:00+05:30,447.35,447.7,447.2,447.7,18608,ITC
2025-02-05 14:11:00+05:30,447.7,447.8,447.45,447.6,16215,ITC
2025-02-05 14:12:00+05:30,447.6,447.6,447.35,447.35,18350,ITC
2025-02-05 14:13:00+05:30,447.35,447.55,447.35,447.55,28449,ITC
2025-02-05 14:14:00+05:30,447.45,447.7,447.4,447.6,20536,ITC
2025-02-05 14:15:00+05:30,447.6,447.7,447.45,447.7,12621,ITC
2025-02-05 14:16:00+05:30,447.7,447.8,447.45,447.55,14120,ITC
2025-02-05 14:17:00+05:30,447.8,447.8,447.55,447.6,14840,ITC
2025-02-05 14:18:00+05:30,447.65,447.7,447.5,447.5,14192,ITC
2025-02-05 14:19:00+05:30,447.6,447.7,447.45,447.6,12343,ITC
2025-02-05 14:20:00+05:30,447.6,447.9,447.5,447.65,16488,ITC
2025-02-05 14:21:00+05:30,447.8,447.9,447.55,447.85,13565,ITC
2025-02-05 14:22:00+05:30,447.85,448.0,447.7,447.9,15279,ITC
2025-02-05 14:23:00+05:30,447.9,448.0,447.6,447.7,30493,ITC
2025-02-05 14:24:00+05:30,447.7,447.9,447.55,447.8,12376,ITC
2025-02-05 14:25:00+05:30,447.8,447.95,447.7,447.9,21941,ITC
2025-02-05 14:26:00+05:30,447.9,448.1,447.8,448.1,21429,ITC
2025-02-05 14:27:00+05:30,448.05,448.25,448.0,448.15,16949,ITC
2025-02-05 14:28:00+05:30,448.15,448.3,448.0,448.1,15795,ITC
2025-02-05 14:29:00+05:30,448.15,448.2,447.75,447.9,24308,ITC
2025-02-05 14:30:00+05:30,447.9,448.0,447.75,447.9,24883,ITC
2025-02-05 14:31:00+05:30,447.9,448.05,447.7,447.95,16247,ITC
2025-02-05 14:32:00+05:30,448.0,448.05,447.75,448.0,16948,ITC
2025-02-05 14:33:00+05:30,448.0,448.1,447.85,447.95,15187,ITC
2025-02-05 14:34:00+05:30,448.05,448.1,447.9,448.0,26792,ITC
2025-02-05 14:35:00+05:30,448.0,448.0,447.5,447.7,54959,ITC
2025-02-05 14:36:00+05:30,447.7,447.7,447.4,447.6,32488,ITC
2025-02-05 14:37:00+05:30,447.6,447.95,447.3,447.95,54464,ITC
2025-02-05 14:38:00+05:30,447.85,447.95,447.85,447.9,18008,ITC
2025-02-05 14:39:00+05:30,447.9,447.95,447.6,447.6,16371,ITC
2025-02-05 14:40:00+05:30,447.6,447.8,447.5,447.55,23027,ITC
2025-02-05 14:41:00+05:30,447.6,447.7,447.5,447.55,17570,ITC
2025-02-05 14:42:00+05:30,447.55,447.6,447.5,447.5,23422,ITC
2025-02-05 14:43:00+05:30,447.6,447.6,447.15,447.4,82777,ITC
2025-02-05 14:44:00+05:30,447.4,447.4,447.2,447.4,20943,ITC
2025-02-05 14:45:00+05:30,447.4,447.5,447.2,447.45,31761,ITC
2025-02-05 14:46:00+05:30,447.5,447.5,447.25,447.25,27838,ITC
2025-02-05 14:47:00+05:30,447.4,447.4,447.2,447.25,26790,ITC
2025-02-05 14:48:00+05:30,447.35,447.5,447.2,447.25,30428,ITC
2025-02-05 14:49:00+05:30,447.45,447.45,447.2,447.45,22089,ITC
2025-02-05 14:50:00+05:30,447.45,447.75,447.35,447.5,58208,ITC
2025-02-05 14:51:00+05:30,447.5,447.5,447.15,447.35,19305,ITC
2025-02-05 14:52:00+05:30,447.35,447.6,447.1,447.5,45992,ITC
2025-02-05 14:53:00+05:30,447.6,447.75,447.5,447.75,28456,ITC
2025-02-05 14:54:00+05:30,447.75,448.0,447.6,448.0,36517,ITC
2025-02-05 14:55:00+05:30,448.0,448.0,447.8,448.0,23181,ITC
2025-02-05 14:56:00+05:30,447.85,448.1,447.8,447.95,18084,ITC
2025-02-05 14:57:00+05:30,448.0,448.2,447.9,448.0,22506,ITC
2025-02-05 14:58:00+05:30,448.05,448.2,447.55,447.8,65246,ITC
2025-02-05 14:59:00+05:30,447.8,447.95,447.7,447.75,79257,ITC
2025-02-05 15:00:00+05:30,447.85,448.05,447.75,448.05,50063,ITC
2025-02-05 15:01:00+05:30,448.05,448.05,447.95,448.0,89662,ITC
2025-02-05 15:02:00+05:30,448.05,448.05,447.9,447.95,51032,ITC
2025-02-05 15:03:00+05:30,447.9,448.0,447.85,447.9,57737,ITC
2025-02-05 15:04:00+05:30,447.9,447.95,447.85,447.9,38694,ITC
2025-02-05 15:05:00+05:30,447.95,447.95,447.45,447.8,141496,ITC
2025-02-05 15:06:00+05:30,447.8,447.85,447.3,447.45,126780,ITC
2025-02-05 15:07:00+05:30,447.45,447.85,447.25,447.65,86694,ITC
2025-02-05 15:08:00+05:30,447.65,447.8,447.55,447.6,69060,ITC
2025-02-05 15:09:00+05:30,447.7,447.85,447.55,447.65,78176,ITC
2025-02-05 15:10:00+05:30,447.85,447.85,447.65,447.8,39442,ITC
2025-02-05 15:11:00+05:30,447.8,447.8,447.7,447.7,60086,ITC
2025-02-05 15:12:00+05:30,447.75,447.75,447.7,447.75,62393,ITC
2025-02-05 15:13:00+05:30,447.75,447.75,447.65,447.7,48903,ITC
2025-02-05 15:14:00+05:30,447.75,447.75,447.65,447.75,91990,ITC
2025-02-05 15:15:00+05:30,447.75,448.1,447.7,448.1,177475,ITC
2025-02-05 15:16:00+05:30,448.05,448.1,447.9,448.0,76996,ITC
2025-02-05 15:17:00+05:30,448.0,448.05,447.95,448.0,51275,ITC
2025-02-05 15:18:00+05:30,448.05,448.05,447.95,448.05,92411,ITC
2025-02-05 15:19:00+05:30,448.05,448.15,448.0,448.15,63863,ITC
2025-02-05 15:20:00+05:30,448.15,448.25,448.1,448.25,99238,ITC
2025-02-05 15:21:00+05:30,448.2,448.35,448.2,448.35,102151,ITC
2025-02-05 15:22:00+05:30,448.35,448.85,448.3,448.8,124459,ITC
2025-02-05 15:23:00+05:30,448.85,449.2,448.8,449.1,158961,ITC
2025-02-05 15:24:00+05:30,449.15,449.15,448.55,448.65,184604,ITC
2025-02-05 15:25:00+05:30,448.65,448.9,448.6,448.8,52403,ITC
2025-02-05 15:26:00+05:30,448.85,448.9,448.8,448.85,71373,ITC
2025-02-05 15:27:00+05:30,448.85,448.85,448.8,448.85,52996,ITC
2025-02-05 15:28:00+05:30,448.85,448.85,448.7,448.7,42865,ITC
2025-02-05 15:29:00+05:30,448.7,448.8,448.0,448.5,35527,ITC
2025-02-06 09:15:00+05:30,450.0,450.0,445.0,446.2,465284,ITC
2025-02-06 09:16:00+05:30,446.2,447.0,445.1,445.8,200207,ITC
2025-02-06 09:17:00+05:30,445.7,445.9,444.15,444.5,164753,ITC
2025-02-06 09:18:00+05:30,444.35,445.0,444.15,444.4,117349,ITC
2025-02-06 09:19:00+05:30,444.55,444.65,444.3,444.55,79447,ITC
2025-02-06 09:20:00+05:30,444.45,444.7,443.65,444.55,245789,ITC
2025-02-06 09:21:00+05:30,444.4,444.7,443.15,443.4,197017,ITC
2025-02-06 09:22:00+05:30,443.25,443.95,443.05,443.05,90456,ITC
2025-02-06 09:23:00+05:30,443.05,443.3,442.65,443.2,121332,ITC
2025-02-06 09:24:00+05:30,443.2,443.35,442.6,443.15,98517,ITC
2025-02-06 09:25:00+05:30,443.05,444.8,443.05,443.75,139388,ITC
2025-02-06 09:26:00+05:30,443.8,443.8,443.2,443.55,78662,ITC
2025-02-06 09:27:00+05:30,443.55,443.65,443.3,443.5,50517,ITC
2025-02-06 09:28:00+05:30,443.5,444.0,443.35,443.95,60643,ITC
2025-02-06 09:29:00+05:30,443.8,444.2,443.6,444.15,46409,ITC
2025-02-06 09:30:00+05:30,443.95,444.25,443.75,443.9,58930,ITC
2025-02-06 09:31:00+05:30,443.9,444.2,443.2,443.7,81611,ITC
2025-02-06 09:32:00+05:30,443.7,443.95,443.5,443.5,47142,ITC
2025-02-06 09:33:00+05:30,443.5,443.6,442.35,442.45,92097,ITC
2025-02-06 09:34:00+05:30,442.45,442.95,442.05,442.65,99654,ITC
2025-02-06 09:35:00+05:30,442.85,442.85,442.25,442.85,57145,ITC
2025-02-06 09:36:00+05:30,442.7,442.85,442.25,442.3,21269,ITC
2025-02-06 09:37:00+05:30,442.4,442.7,442.05,442.6,30149,ITC
2025-02-06 09:38:00+05:30,442.6,443.45,442.6,443.45,57495,ITC
2025-02-06 09:39:00+05:30,443.45,444.15,443.3,444.1,60868,ITC
2025-02-06 09:40:00+05:30,443.95,444.4,443.9,444.15,59530,ITC
2025-02-06 09:41:00+05:30,444.3,444.3,443.65,443.75,21287,ITC
2025-02-06 09:42:00+05:30,443.95,444.0,443.35,443.65,39905,ITC
2025-02-06 09:43:00+05:30,443.7,444.1,443.5,443.6,32233,ITC
2025-02-06 09:44:00+05:30,443.6,443.75,443.3,443.4,20878,ITC
2025-02-06 09:45:00+05:30,443.35,443.7,443.2,443.5,20902,ITC
2025-02-06 09:46:00+05:30,443.5,443.65,443.1,443.25,17649,ITC
2025-02-06 09:47:00+05:30,443.25,443.3,443.0,443.2,14380,ITC
2025-02-06 09:48:00+05:30,443.2,443.25,443.0,443.05,18584,ITC
2025-02-06 09:49:00+05:30,443.05,443.25,443.0,443.1,19031,ITC
2025-02-06 09:50:00+05:30,443.05,443.65,443.05,443.4,15636,ITC
2025-02-06 09:51:00+05:30,443.4,443.45,443.1,443.25,24052,ITC
2025-02-06 09:52:00+05:30,443.15,443.3,443.0,443.0,15794,ITC
2025-02-06 09:53:00+05:30,443.1,443.2,442.85,443.15,41245,ITC
2025-02-06 09:54:00+05:30,443.05,443.75,442.95,443.2,92962,ITC
2025-02-06 09:55:00+05:30,443.2,443.45,442.9,443.15,53556,ITC
2025-02-06 09:56:00+05:30,443.05,443.35,442.85,443.05,50276,ITC
2025-02-06 09:57:00+05:30,443.0,443.25,442.55,442.75,75583,ITC
2025-02-06 09:58:00+05:30,442.7,442.95,442.55,442.65,80466,ITC
2025-02-06 09:59:00+05:30,442.65,443.05,442.55,442.65,43270,ITC
2025-02-06 10:00:00+05:30,442.65,442.9,442.6,442.8,18474,ITC
2025-02-06 10:01:00+05:30,442.8,443.3,442.75,443.25,22343,ITC
2025-02-06 10:02:00+05:30,443.2,443.35,442.75,442.9,19706,ITC
2025-02-06 10:03:00+05:30,442.9,442.95,442.6,442.9,18672,ITC
2025-02-06 10:04:00+05:30,442.9,443.35,442.7,443.3,25922,ITC
2025-02-06 10:05:00+05:30,443.35,443.5,443.0,443.1,30429,ITC
2025-02-06 10:06:00+05:30,443.1,443.35,442.9,443.3,24508,ITC
2025-02-06 10:07:00+05:30,443.3,443.4,443.15,443.3,19553,ITC
2025-02-06 10:08:00+05:30,443.3,443.35,442.9,443.1,25762,ITC
2025-02-06 10:09:00+05:30,443.1,443.2,442.85,443.05,22338,ITC
2025-02-06 10:10:00+05:30,443.05,443.3,443.0,443.25,14279,ITC
2025-02-06 10:11:00+05:30,443.3,443.3,442.8,443.05,18090,ITC
2025-02-06 10:12:00+05:30,443.05,443.1,442.6,442.7,35092,ITC
2025-02-06 10:13:00+05:30,442.7,443.05,442.65,443.05,17099,ITC
2025-02-06 10:14:00+05:30,443.05,443.1,442.75,443.05,24025,ITC
2025-02-06 10:15:00+05:30,443.0,443.1,442.8,443.05,12129,ITC
2025-02-06 10:16:00+05:30,443.05,443.35,443.0,443.2,18396,ITC
2025-02-06 10:17:00+05:30,443.2,443.3,442.9,443.15,10612,ITC
2025-02-06 10:18:00+05:30,443.15,443.25,442.95,443.25,14619,ITC
2025-02-06 10:19:00+05:30,443.35,443.35,443.05,443.3,10951,ITC
2025-02-06 10:20:00+05:30,443.25,443.5,443.05,443.5,48750,ITC
2025-02-06 10:21:00+05:30,443.5,443.9,443.2,443.65,48812,ITC
2025-02-06 10:22:00+05:30,443.65,443.95,443.35,443.85,42423,ITC
2025-02-06 10:23:00+05:30,443.85,443.85,443.6,443.8,16023,ITC
2025-02-06 10:24:00+05:30,443.8,443.85,443.55,443.75,19931,ITC
2025-02-06 10:25:00+05:30,443.85,443.85,443.5,443.7,19281,ITC
2025-02-06 10:26:00+05:30,443.7,443.8,443.5,443.8,13958,ITC
2025-02-06 10:27:00+05:30,443.8,443.9,443.65,443.8,20296,ITC
2025-02-06 10:28:00+05:30,443.8,443.95,443.7,443.7,14310,ITC
2025-02-06 10:29:00+05:30,443.8,443.8,443.35,443.6,25717,ITC
2025-02-06 10:30:00+05:30,443.55,443.65,443.0,443.25,39383,ITC
2025-02-06 10:31:00+05:30,443.25,443.6,443.0,443.6,23358,ITC
2025-02-06 10:32:00+05:30,443.6,443.6,442.5,442.75,137064,ITC
2025-02-06 10:33:00+05:30,442.75,442.95,442.2,442.9,109058,ITC
2025-02-06 10:34:00+05:30,442.7,442.9,442.4,442.45,17575,ITC
2025-02-06 10:35:00+05:30,442.45,442.95,442.4,442.85,23115,ITC
2025-02-06 10:36:00+05:30,442.9,443.0,442.65,442.65,15770,ITC
2025-02-06 10:37:00+05:30,442.8,442.85,442.5,442.8,24195,ITC
2025-02-06 10:38:00+05:30,442.8,443.55,442.6,442.75,63239,ITC
2025-02-06 10:39:00+05:30,442.8,443.0,442.15,442.75,65160,ITC
2025-02-06 10:40:00+05:30,442.75,442.85,442.55,442.75,16027,ITC
2025-02-06 10:41:00+05:30,442.75,442.95,442.7,442.9,17606,ITC
2025-02-06 10:42:00+05:30,442.9,443.05,442.7,443.05,15772,ITC
2025-02-06 10:43:00+05:30,443.05,443.35,442.7,443.25,38243,ITC
2025-02-06 10:44:00+05:30,443.05,443.4,443.05,443.3,19977,ITC
2025-02-06 10:45:00+05:30,443.35,443.4,443.1,443.25,22389,ITC
2025-02-06 10:46:00+05:30,443.2,443.4,442.95,443.4,29625,ITC
2025-02-06 10:47:00+05:30,443.35,443.45,443.1,443.35,17822,ITC
2025-02-06 10:48:00+05:30,443.4,443.4,443.1,443.35,9089,ITC
2025-02-06 10:49:00+05:30,443.35,443.35,442.8,443.0,29110,ITC
2025-02-06 10:50:00+05:30,442.85,443.3,442.65,443.1,29290,ITC
2025-02-06 10:51:00+05:30,443.1,443.3,442.85,442.9,11310,ITC
2025-02-06 10:52:00+05:30,443.0,443.1,442.5,442.8,18606,ITC
2025-02-06 10:53:00+05:30,442.75,442.95,442.5,442.75,11212,ITC
2025-02-06 10:54:00+05:30,442.75,443.7,442.7,442.95,134869,ITC
2025-02-06 10:55:00+05:30,442.95,443.2,442.85,442.85,14264,ITC
2025-02-06 10:56:00+05:30,442.85,443.2,442.85,443.1,11561,ITC
2025-02-06 10:57:00+05:30,443.1,443.25,442.9,443.05,12192,ITC
2025-02-06 10:58:00+05:30,442.9,443.15,442.9,443.1,10064,ITC
2025-02-06 10:59:00+05:30,443.1,443.3,443.0,443.25,12544,ITC
2025-02-06 11:00:00+05:30,443.15,443.5,443.05,443.1,29493,ITC
2025-02-06 11:01:00+05:30,443.2,443.25,442.9,442.9,21839,ITC
2025-02-06 11:02:00+05:30,443.05,443.05,442.75,442.9,13107,ITC
2025-02-06 11:03:00+05:30,442.9,443.05,442.75,442.95,24416,ITC
2025-02-06 11:04:00+05:30,442.95,443.05,442.75,442.9,18806,ITC
2025-02-06 11:05:00+05:30,442.9,443.0,442.1,442.35,61635,ITC
2025-02-06 11:06:00+05:30,442.15,442.9,442.1,442.15,164530,ITC
2025-02-06 11:07:00+05:30,442.15,442.3,442.0,442.3,54519,ITC
2025-02-06 11:08:00+05:30,442.3,442.45,442.1,442.4,16739,ITC
2025-02-06 11:09:00+05:30,442.35,442.45,442.2,442.4,12194,ITC
2025-02-06 11:10:00+05:30,442.3,442.45,442.1,442.35,19275,ITC
2025-02-06 11:11:00+05:30,442.25,442.45,442.1,442.45,15566,ITC
2025-02-06 11:12:00+05:30,442.45,442.45,442.05,442.15,22296,ITC
2025-02-06 11:13:00+05:30,442.15,442.35,442.05,442.1,17765,ITC
2025-02-06 11:14:00+05:30,442.25,442.7,442.05,442.6,34045,ITC
2025-02-06 11:15:00+05:30,442.6,442.65,442.2,442.35,45701,ITC
2025-02-06 11:16:00+05:30,442.35,442.65,442.25,442.55,16361,ITC
2025-02-06 11:17:00+05:30,442.4,442.75,442.35,442.7,11684,ITC
2025-02-06 11:18:00+05:30,442.7,442.75,442.45,442.65,14315,ITC
2025-02-06 11:19:00+05:30,442.65,442.65,442.4,442.6,7118,ITC
2025-02-06 11:20:00+05:30,442.6,442.75,442.3,442.45,28071,ITC
2025-02-06 11:21:00+05:30,442.45,442.6,442.3,442.35,10811,ITC
2025-02-06 11:22:00+05:30,442.35,442.45,442.15,442.35,15035,ITC
2025-02-06 11:23:00+05:30,442.35,442.55,442.25,442.35,14939,ITC
2025-02-06 11:24:00+05:30,442.35,442.4,442.2,442.35,8952,ITC
2025-02-06 11:25:00+05:30,442.35,442.4,442.1,442.25,17472,ITC
2025-02-06 11:26:00+05:30,442.15,442.35,442.05,442.25,22424,ITC
2025-02-06 11:27:00+05:30,442.25,442.35,442.15,442.3,8705,ITC
2025-02-06 11:28:00+05:30,442.3,442.35,442.15,442.3,12375,ITC
2025-02-06 11:29:00+05:30,442.3,442.35,442.1,442.15,16643,ITC
2025-02-06 11:30:00+05:30,442.15,442.25,442.05,442.05,12552,ITC
2025-02-06 11:31:00+05:30,442.2,442.2,442.05,442.1,18900,ITC
2025-02-06 11:32:00+05:30,442.1,442.2,442.05,442.1,16770,ITC
2025-02-06 11:33:00+05:30,442.1,442.25,442.05,442.25,34171,ITC
2025-02-06 11:34:00+05:30,442.25,442.35,442.05,442.1,16330,ITC
2025-02-06 11:35:00+05:30,442.3,442.3,442.05,442.25,12108,ITC
2025-02-06 11:36:00+05:30,442.25,442.25,442.05,442.2,17319,ITC
2025-02-06 11:37:00+05:30,442.25,442.25,442.05,442.15,8567,ITC
2025-02-06 11:38:00+05:30,442.15,442.4,442.05,442.4,12755,ITC
2025-02-06 11:39:00+05:30,442.3,442.4,442.05,442.1,12663,ITC
2025-02-06 11:40:00+05:30,442.1,442.6,442.05,442.3,18891,ITC
2025-02-06 11:41:00+05:30,442.25,442.5,442.1,442.3,22037,ITC
2025-02-06 11:42:00+05:30,442.3,442.3,442.05,442.1,17183,ITC
2025-02-06 11:43:00+05:30,442.1,442.35,442.05,442.05,14145,ITC
2025-02-06 11:44:00+05:30,442.05,442.2,442.0,442.0,11403,ITC
2025-02-06 11:45:00+05:30,442.05,442.4,442.0,442.35,11080,ITC
2025-02-06 11:46:00+05:30,442.4,442.65,442.25,442.45,45064,ITC
2025-02-06 11:47:00+05:30,442.4,442.5,442.25,442.25,25263,ITC
2025-02-06 11:48:00+05:30,442.25,442.55,442.25,442.5,12128,ITC
2025-02-06 11:49:00+05:30,442.5,442.6,442.25,442.5,17252,ITC
2025-02-06 11:50:00+05:30,442.45,442.6,442.35,442.55,14796,ITC
2025-02-06 11:51:00+05:30,442.45,442.55,442.05,442.2,44320,ITC
2025-02-06 11:52:00+05:30,442.2,442.2,441.75,441.9,64336,ITC
2025-02-06 11:53:00+05:30,441.75,441.95,441.5,441.6,34202,ITC
2025-02-06 11:54:00+05:30,441.65,441.75,441.5,441.6,11144,ITC
2025-02-06 11:55:00+05:30,441.6,441.75,441.6,441.7,13152,ITC
2025-02-06 11:56:00+05:30,441.7,441.75,441.5,441.6,16839,ITC
2025-02-06 11:57:00+05:30,441.6,441.75,441.25,441.3,26508,ITC
2025-02-06 11:58:00+05:30,441.3,441.45,441.25,441.25,19454,ITC
2025-02-06 11:59:00+05:30,441.3,441.55,441.25,441.55,14613,ITC
2025-02-06 12:00:00+05:30,441.5,441.7,441.5,441.7,9568,ITC
2025-02-06 12:01:00+05:30,441.7,441.95,441.6,441.75,8970,ITC
2025-02-06 12:02:00+05:30,441.75,441.95,441.55,441.7,13165,ITC
2025-02-06 12:03:00+05:30,441.7,441.7,441.35,441.6,25413,ITC
2025-02-06 12:04:00+05:30,441.6,441.65,441.4,441.5,10729,ITC
2025-02-06 12:05:00+05:30,441.45,441.7,441.4,441.5,20929,ITC
2025-02-06 12:06:00+05:30,441.45,441.65,441.3,441.4,9731,ITC
2025-02-06 12:07:00+05:30,441.4,441.45,441.25,441.45,20782,ITC
2025-02-06 12:08:00+05:30,441.5,441.55,441.3,441.4,11547,ITC
2025-02-06 12:09:00+05:30,441.4,441.45,441.25,441.35,14171,ITC
2025-02-06 12:10:00+05:30,441.35,441.45,441.1,441.2,26857,ITC
2025-02-06 12:11:00+05:30,441.2,441.35,441.1,441.1,18259,ITC
2025-02-06 12:12:00+05:30,441.3,441.4,441.1,441.25,10022,ITC
2025-02-06 12:13:00+05:30,441.4,441.55,441.25,441.25,14528,ITC
2025-02-06 12:14:00+05:30,441.45,441.45,441.15,441.4,24372,ITC
2025-02-06 12:15:00+05:30,441.4,441.5,441.15,441.3,20030,ITC
2025-02-06 12:16:00+05:30,441.35,441.4,441.15,441.4,14833,ITC
2025-02-06 12:17:00+05:30,441.4,441.4,441.1,441.4,20061,ITC
2025-02-06 12:18:00+05:30,441.35,441.45,441.2,441.25,15577,ITC
2025-02-06 12:19:00+05:30,441.35,441.35,441.15,441.35,10903,ITC
2025-02-06 12:20:00+05:30,441.35,441.45,441.15,441.4,11746,ITC
2025-02-06 12:21:00+05:30,441.4,441.45,441.25,441.4,10683,ITC
2025-02-06 12:22:00+05:30,441.4,441.6,441.3,441.6,15454,ITC
2025-02-06 12:23:00+05:30,441.6,441.7,441.4,441.45,27706,ITC
2025-02-06 12:24:00+05:30,441.55,441.6,441.35,441.5,13302,ITC
2025-02-06 12:25:00+05:30,441.5,441.65,441.35,441.6,13692,ITC
2025-02-06 12:26:00+05:30,441.6,441.65,441.4,441.45,11855,ITC
2025-02-06 12:27:00+05:30,441.5,441.65,441.35,441.55,13318,ITC
2025-02-06 12:28:00+05:30,441.6,441.75,441.4,441.7,12385,ITC
2025-02-06 12:29:00+05:30,441.65,441.85,441.55,441.85,29262,ITC
2025-02-06 12:30:00+05:30,441.85,441.85,441.6,441.8,21034,ITC
2025-02-06 12:31:00+05:30,441.8,441.8,441.35,441.35,16142,ITC
2025-02-06 12:32:00+05:30,441.45,441.6,441.3,441.35,12386,ITC
2025-02-06 12:33:00+05:30,441.55,441.6,441.35,441.4,18354,ITC
2025-02-06 12:34:00+05:30,441.6,441.65,441.4,441.6,9748,ITC
2025-02-06 12:35:00+05:30,441.6,441.9,441.4,441.5,22784,ITC
2025-02-06 12:36:00+05:30,441.55,441.7,441.35,441.35,16721,ITC
2025-02-06 12:37:00+05:30,441.55,441.6,441.3,441.6,5573,ITC
2025-02-06 12:38:00+05:30,441.6,441.9,441.5,441.9,6253,ITC
2025-02-06 12:39:00+05:30,441.9,442.35,441.65,442.2,28446,ITC
2025-02-06 12:40:00+05:30,442.25,442.3,442.0,442.05,9995,ITC
2025-02-06 12:41:00+05:30,442.25,442.6,442.05,442.25,38546,ITC
2025-02-06 12:42:00+05:30,442.35,442.55,442.1,442.55,18153,ITC
2025-02-06 12:43:00+05:30,442.55,442.8,442.4,442.6,16441,ITC
2025-02-06 12:44:00+05:30,442.6,442.65,442.35,442.5,15234,ITC
2025-02-06 12:45:00+05:30,442.5,442.6,442.35,442.5,11060,ITC
2025-02-06 12:46:00+05:30,442.45,442.5,442.3,442.3,31911,ITC
2025-02-06 12:47:00+05:30,442.3,442.3,441.8,442.0,19940,ITC
2025-02-06 12:48:00+05:30,442.0,442.0,441.8,442.0,20404,ITC
2025-02-06 12:49:00+05:30,442.0,442.35,441.9,442.05,30406,ITC
2025-02-06 12:50:00+05:30,442.25,442.3,441.9,442.2,10935,ITC
2025-02-06 12:51:00+05:30,442.2,442.2,441.8,441.85,32930,ITC
2025-02-06 12:52:00+05:30,441.95,442.25,441.8,441.8,35934,ITC
2025-02-06 12:53:00+05:30,442.0,442.0,441.65,441.7,37462,ITC
2025-02-06 12:54:00+05:30,441.85,442.0,441.65,441.7,26990,ITC
2025-02-06 12:55:00+05:30,441.7,441.8,441.0,441.0,76309,ITC
2025-02-06 12:56:00+05:30,441.0,441.35,441.0,441.1,29211,ITC
2025-02-06 12:57:00+05:30,441.05,441.2,440.55,440.65,71784,ITC
2025-02-06 12:58:00+05:30,440.65,440.8,440.6,440.65,26630,ITC
2025-02-06 12:59:00+05:30,440.65,441.05,440.6,440.95,27103,ITC
2025-02-06 13:00:00+05:30,440.95,441.05,440.65,440.85,63043,ITC
2025-02-06 13:01:00+05:30,441.05,441.15,440.6,441.0,38460,ITC
2025-02-06 13:02:00+05:30,441.05,441.2,440.7,441.0,41317,ITC
2025-02-06 13:03:00+05:30,441.1,441.1,440.75,440.85,22285,ITC
2025-02-06 13:04:00+05:30,441.05,441.3,440.8,441.05,36223,ITC
2025-02-06 13:05:00+05:30,441.2,441.5,441.05,441.2,43911,ITC
2025-02-06 13:06:00+05:30,441.25,441.55,441.1,441.3,54293,ITC
2025-02-06 13:07:00+05:30,441.3,441.4,441.0,441.1,37863,ITC
2025-02-06 13:08:00+05:30,441.25,441.35,440.8,440.9,45188,ITC
2025-02-06 13:09:00+05:30,441.0,441.1,440.8,440.8,15753,ITC
2025-02-06 13:10:00+05:30,441.0,441.2,440.75,441.1,31289,ITC
2025-02-06 13:11:00+05:30,441.1,441.1,440.75,441.05,32045,ITC
2025-02-06 13:12:00+05:30,441.05,441.3,440.9,441.2,29310,ITC
2025-02-06 13:13:00+05:30,441.25,441.3,441.1,441.1,24017,ITC
2025-02-06 13:14:00+05:30,441.2,441.3,440.95,441.2,17904,ITC
2025-02-06 13:15:00+05:30,441.2,441.3,440.85,440.95,45572,ITC
2025-02-06 13:16:00+05:30,440.95,441.1,440.95,441.1,17352,ITC
2025-02-06 13:17:00+05:30,441.15,441.2,440.95,441.2,19775,ITC
2025-02-06 13:18:00+05:30,441.25,441.3,441.0,441.3,30452,ITC
2025-02-06 13:19:00+05:30,441.3,441.3,441.0,441.15,16912,ITC
2025-02-06 13:20:00+05:30,441.15,441.15,441.0,441.0,24803,ITC
2025-02-06 13:21:00+05:30,441.1,441.2,441.0,441.2,14372,ITC
2025-02-06 13:22:00+05:30,441.2,441.25,441.0,441.05,21666,ITC
2025-02-06 13:23:00+05:30,441.05,441.4,441.0,441.4,23333,ITC
2025-02-06 13:24:00+05:30,441.4,441.4,441.1,441.2,13569,ITC
2025-02-06 13:25:00+05:30,441.2,441.25,441.0,441.0,21972,ITC
2025-02-06 13:26:00+05:30,441.1,441.15,441.0,441.1,14072,ITC
2025-02-06 13:27:00+05:30,441.15,441.35,441.0,441.05,23806,ITC
2025-02-06 13:28:00+05:30,441.1,441.3,441.1,441.25,14200,ITC
2025-02-06 13:29:00+05:30,441.25,441.3,441.1,441.2,15518,ITC
2025-02-06 13:30:00+05:30,441.2,441.35,441.1,441.15,12184,ITC
2025-02-06 13:31:00+05:30,441.15,441.25,441.0,441.0,24207,ITC
2025-02-06 13:32:00+05:30,441.05,441.4,441.0,441.25,28359,ITC
2025-02-06 13:33:00+05:30,441.25,441.4,441.1,441.15,19141,ITC
2025-02-06 13:34:00+05:30,441.2,441.45,441.0,441.05,34437,ITC
2025-02-06 13:35:00+05:30,441.05,441.35,441.0,441.35,21104,ITC
2025-02-06 13:36:00+05:30,441.3,441.3,440.9,440.95,45888,ITC
2025-02-06 13:37:00+05:30,441.0,441.35,440.95,441.2,13374,ITC
2025-02-06 13:38:00+05:30,441.25,441.25,441.0,441.05,10154,ITC
2025-02-06 13:39:00+05:30,441.15,441.25,441.0,441.0,16149,ITC
2025-02-06 13:40:00+05:30,441.0,441.4,440.9,441.0,51028,ITC
2025-02-06 13:41:00+05:30,441.05,441.25,440.9,441.05,13000,ITC
2025-02-06 13:42:00+05:30,441.25,441.25,440.95,441.05,18954,ITC
2025-02-06 13:43:00+05:30,441.05,441.2,441.0,441.15,12581,ITC
2025-02-06 13:44:00+05:30,441.15,441.25,440.95,441.0,19267,ITC
2025-02-06 13:45:00+05:30,441.1,441.25,441.0,441.05,13160,ITC
2025-02-06 13:46:00+05:30,441.0,441.05,440.85,440.85,28587,ITC
2025-02-06 13:47:00+05:30,440.9,441.1,440.85,441.05,33234,ITC
2025-02-06 13:48:00+05:30,440.95,441.2,440.9,441.15,22943,ITC
2025-02-06 13:49:00+05:30,441.15,441.2,440.8,440.9,37354,ITC
2025-02-06 13:50:00+05:30,440.9,441.25,440.75,440.95,63274,ITC
2025-02-06 13:51:00+05:30,441.1,441.25,440.85,441.05,26059,ITC
2025-02-06 13:52:00+05:30,441.05,441.05,440.75,440.85,37765,ITC
2025-02-06 13:53:00+05:30,440.85,441.05,440.8,440.9,36754,ITC
2025-02-06 13:54:00+05:30,440.9,441.1,440.8,441.0,35046,ITC
2025-02-06 13:55:00+05:30,441.0,441.1,440.65,440.75,37898,ITC
2025-02-06 13:56:00+05:30,440.75,440.95,440.55,440.75,53652,ITC
2025-02-06 13:57:00+05:30,440.9,441.05,440.75,440.9,42756,ITC
2025-02-06 13:58:00+05:30,441.0,441.0,440.7,441.0,34284,ITC
2025-02-06 13:59:00+05:30,441.0,441.1,440.4,441.1,208171,ITC
2025-02-06 14:00:00+05:30,441.0,441.5,441.0,441.25,31478,ITC
2025-02-06 14:01:00+05:30,441.3,441.4,441.15,441.25,15656,ITC
2025-02-06 14:02:00+05:30,441.25,441.45,441.15,441.15,27584,ITC
2025-02-06 14:03:00+05:30,441.4,441.5,441.1,441.25,35734,ITC
2025-02-06 14:04:00+05:30,441.25,441.3,440.65,440.75,41073,ITC
2025-02-06 14:05:00+05:30,440.75,440.8,439.85,440.1,241304,ITC
2025-02-06 14:06:00+05:30,440.1,440.3,439.7,440.05,50622,ITC
2025-02-06 14:07:00+05:30,440.05,440.3,439.85,440.2,36419,ITC
2025-02-06 14:08:00+05:30,440.2,440.45,440.0,440.25,27370,ITC
2025-02-06 14:09:00+05:30,440.2,440.45,440.05,440.1,58132,ITC
2025-02-06 14:10:00+05:30,440.1,440.5,439.8,440.25,48389,ITC
2025-02-06 14:11:00+05:30,440.35,440.45,439.7,440.0,137974,ITC
2025-02-06 14:12:00+05:30,440.0,440.05,439.45,439.5,168969,ITC
2025-02-06 14:13:00+05:30,439.75,440.2,439.45,439.95,92933,ITC
2025-02-06 14:14:00+05:30,440.0,440.0,439.5,439.8,226220,ITC
2025-02-06 14:15:00+05:30,439.8,439.85,439.4,439.7,44766,ITC
2025-02-06 14:16:00+05:30,439.7,439.7,439.35,439.55,34707,ITC
2025-02-06 14:17:00+05:30,439.55,439.6,439.05,439.35,121839,ITC
2025-02-06 14:18:00+05:30,439.35,439.8,439.2,439.55,142203,ITC
2025-02-06 14:19:00+05:30,439.7,439.8,439.4,439.6,27582,ITC
2025-02-06 14:20:00+05:30,439.6,439.85,439.55,439.65,25356,ITC
2025-02-06 14:21:00+05:30,439.75,439.75,439.1,439.3,111912,ITC
2025-02-06 14:22:00+05:30,439.3,439.45,439.15,439.25,23789,ITC
2025-02-06 14:23:00+05:30,439.25,439.55,439.2,439.3,32807,ITC
2025-02-06 14:24:00+05:30,439.45,439.7,439.25,439.45,26942,ITC
2025-02-06 14:25:00+05:30,439.45,439.6,439.05,439.35,60959,ITC
2025-02-06 14:26:00+05:30,439.35,439.5,438.65,439.1,182341,ITC
2025-02-06 14:27:00+05:30,439.15,439.4,438.95,439.25,30102,ITC
2025-02-06 14:28:00+05:30,439.25,439.4,439.05,439.15,32994,ITC
2025-02-06 14:29:00+05:30,439.15,439.6,439.05,439.05,105846,ITC
2025-02-06 14:30:00+05:30,439.2,439.55,439.0,439.4,43443,ITC
2025-02-06 14:31:00+05:30,439.55,439.6,439.35,439.55,28969,ITC
2025-02-06 14:32:00+05:30,439.55,439.7,439.4,439.5,37513,ITC
2025-02-06 14:33:00+05:30,439.7,439.7,439.2,439.3,67613,ITC
2025-02-06 14:34:00+05:30,439.45,439.55,439.15,439.4,106016,ITC
2025-02-06 14:35:00+05:30,439.45,439.55,439.05,439.25,46679,ITC
2025-02-06 14:36:00+05:30,439.05,439.3,438.75,438.9,132401,ITC
2025-02-06 14:37:00+05:30,439.0,439.05,438.2,438.95,268620,ITC
2025-02-06 14:38:00+05:30,438.95,439.15,438.9,439.15,32901,ITC
2025-02-06 14:39:00+05:30,439.15,439.15,438.75,439.05,64288,ITC
2025-02-06 14:40:00+05:30,439.05,439.3,438.95,439.2,40968,ITC
2025-02-06 14:41:00+05:30,439.1,439.4,438.9,439.35,53067,ITC
2025-02-06 14:42:00+05:30,439.4,439.4,439.05,439.25,40039,ITC
2025-02-06 14:43:00+05:30,439.25,439.3,438.9,439.15,78263,ITC
2025-02-06 14:44:00+05:30,439.15,439.35,438.95,439.25,30508,ITC
2025-02-06 14:45:00+05:30,439.3,439.4,439.15,439.25,41417,ITC
2025-02-06 14:46:00+05:30,439.25,439.7,439.1,439.6,46439,ITC
2025-02-06 14:47:00+05:30,439.65,439.65,439.4,439.6,53538,ITC
2025-02-06 14:48:00+05:30,439.6,439.65,439.5,439.6,47016,ITC
2025-02-06 14:49:00+05:30,439.6,439.8,439.55,439.7,57206,ITC
2025-02-06 14:50:00+05:30,439.7,439.8,439.5,439.7,51324,ITC
2025-02-06 14:51:00+05:30,439.7,439.7,439.25,439.5,94702,ITC
2025-02-06 14:52:00+05:30,439.5,439.6,439.1,439.15,56953,ITC
2025-02-06 14:53:00+05:30,439.25,439.7,439.1,439.65,53723,ITC
2025-02-06 14:54:00+05:30,439.6,439.7,439.05,439.2,82311,ITC
2025-02-06 14:55:00+05:30,439.25,439.7,439.2,439.3,64363,ITC
2025-02-06 14:56:00+05:30,439.3,439.55,439.2,439.3,49333,ITC
2025-02-06 14:57:00+05:30,439.4,439.8,439.05,439.65,89609,ITC
2025-02-06 14:58:00+05:30,439.75,440.0,439.6,439.85,144255,ITC
2025-02-06 14:59:00+05:30,439.85,440.0,439.65,439.95,77335,ITC
2025-02-06 15:00:00+05:30,440.0,440.4,439.85,440.4,328906,ITC
2025-02-06 15:01:00+05:30,440.4,440.9,439.85,439.9,155541,ITC
2025-02-06 15:02:00+05:30,439.9,440.75,439.85,440.45,127599,ITC
2025-02-06 15:03:00+05:30,440.55,440.75,439.95,440.5,166106,ITC
2025-02-06 15:04:00+05:30,440.5,440.6,439.7,440.55,168976,ITC
2025-02-06 15:05:00+05:30,440.6,440.9,440.05,440.6,170442,ITC
2025-02-06 15:06:00+05:30,440.7,440.75,440.5,440.7,79797,ITC
2025-02-06 15:07:00+05:30,440.7,440.75,440.3,440.65,114658,ITC
2025-02-06 15:08:00+05:30,440.65,440.95,440.1,440.3,175556,ITC
2025-02-06 15:09:00+05:30,440.4,440.85,440.2,440.65,140390,ITC
2025-02-06 15:10:00+05:30,440.65,440.9,440.55,440.75,115079,ITC
2025-02-06 15:11:00+05:30,440.75,440.85,440.65,440.85,123898,ITC
2025-02-06 15:12:00+05:30,440.85,441.05,440.75,441.05,109790,ITC
2025-02-06 15:13:00+05:30,441.05,441.25,441.0,441.15,70225,ITC
2025-02-06 15:14:00+05:30,441.15,441.2,441.05,441.05,60813,ITC
2025-02-06 15:15:00+05:30,441.15,441.35,441.05,441.3,120351,ITC
2025-02-06 15:16:00+05:30,441.3,441.45,441.15,441.45,96685,ITC
2025-02-06 15:17:00+05:30,441.45,441.85,441.25,441.85,81090,ITC
2025-02-06 15:18:00+05:30,441.85,442.0,441.6,442.0,90657,ITC
2025-02-06 15:19:00+05:30,442.0,442.3,441.85,442.25,86668,ITC
2025-02-06 15:20:00+05:30,442.25,442.55,442.2,442.45,84996,ITC
2025-02-06 15:21:00+05:30,442.55,442.9,442.35,442.45,113452,ITC
2025-02-06 15:22:00+05:30,442.45,442.95,442.35,442.85,71675,ITC
2025-02-06 15:23:00+05:30,442.85,442.85,441.95,442.15,123393,ITC
2025-02-06 15:24:00+05:30,442.05,442.4,441.7,442.4,133904,ITC
2025-02-06 15:25:00+05:30,442.3,442.85,442.2,442.85,68144,ITC
2025-02-06 15:26:00+05:30,442.8,442.95,442.45,442.45,67964,ITC
2025-02-06 15:27:00+05:30,442.7,442.9,442.5,442.7,58146,ITC
2025-02-06 15:28:00+05:30,442.7,442.95,442.6,442.9,55030,ITC
2025-02-06 15:29:00+05:30,442.9,443.0,442.55,442.75,24539,ITC
2025-02-07 09:15:00+05:30,440.0,445.5,439.4,439.8,481984,ITC
2025-02-07 09:16:00+05:30,440.1,440.4,438.15,438.9,163343,ITC
2025-02-07 09:17:00+05:30,438.9,438.9,436.0,436.45,207412,ITC
2025-02-07 09:18:00+05:30,436.45,437.75,436.25,436.5,128151,ITC
2025-02-07 09:19:00+05:30,436.45,436.5,434.8,435.5,200377,ITC
2025-02-07 09:20:00+05:30,435.5,436.5,435.05,435.35,133190,ITC
2025-02-07 09:21:00+05:30,435.25,435.7,434.85,435.65,92195,ITC
2025-02-07 09:22:00+05:30,435.45,435.65,433.55,433.85,184055,ITC
2025-02-07 09:23:00+05:30,433.8,434.0,432.95,433.25,197112,ITC
2025-02-07 09:24:00+05:30,433.4,434.5,433.1,434.15,104688,ITC
2025-02-07 09:25:00+05:30,434.1,435.0,433.85,434.75,72390,ITC
2025-02-07 09:26:00+05:30,434.7,435.7,434.5,435.65,105032,ITC
2025-02-07 09:27:00+05:30,435.65,436.4,435.25,436.1,82402,ITC
2025-02-07 09:28:00+05:30,436.2,436.25,435.25,435.7,90831,ITC
2025-02-07 09:29:00+05:30,435.65,435.7,434.3,434.6,67316,ITC
2025-02-07 09:30:00+05:30,434.45,435.6,434.25,435.1,73674,ITC
2025-02-07 09:31:00+05:30,435.1,435.35,434.85,435.25,40597,ITC
2025-02-07 09:32:00+05:30,435.0,435.2,434.7,435.0,50296,ITC
2025-02-07 09:33:00+05:30,435.0,435.2,434.45,434.65,31558,ITC
2025-02-07 09:34:00+05:30,434.65,434.8,434.4,434.6,37401,ITC
2025-02-07 09:35:00+05:30,434.6,434.75,434.2,434.75,37318,ITC
2025-02-07 09:36:00+05:30,434.75,434.75,434.15,434.55,27668,ITC
2025-02-07 09:37:00+05:30,434.55,434.55,433.7,433.9,68218,ITC
2025-02-07 09:38:00+05:30,433.9,434.1,433.7,433.85,31228,ITC
2025-02-07 09:39:00+05:30,433.85,434.8,433.7,434.1,57671,ITC
2025-02-07 09:40:00+05:30,434.25,434.35,433.8,434.05,40486,ITC
2025-02-07 09:41:00+05:30,434.05,434.2,433.7,433.95,39613,ITC
2025-02-07 09:42:00+05:30,433.9,434.35,433.65,434.35,35285,ITC
2025-02-07 09:43:00+05:30,434.2,434.65,433.85,433.9,54784,ITC
2025-02-07 09:44:00+05:30,434.05,434.45,433.9,434.15,39192,ITC
2025-02-07 09:45:00+05:30,434.15,434.15,433.05,433.2,63484,ITC
2025-02-07 09:46:00+05:30,433.35,433.4,432.25,432.55,166167,ITC
2025-02-07 09:47:00+05:30,432.55,432.55,431.7,431.85,150343,ITC
2025-02-07 09:48:00+05:30,432.0,432.3,431.65,431.85,151055,ITC
2025-02-07 09:49:00+05:30,431.95,432.3,431.75,432.25,44689,ITC
2025-02-07 09:50:00+05:30,432.25,432.3,431.45,431.95,201104,ITC
2025-02-07 09:51:00+05:30,431.95,432.0,431.5,431.75,46554,ITC
2025-02-07 09:52:00+05:30,431.75,432.5,431.5,432.0,62085,ITC
2025-02-07 09:53:00+05:30,432.15,432.25,432.0,432.2,26676,ITC
2025-02-07 09:54:00+05:30,432.1,432.5,432.0,432.3,59290,ITC
2025-02-07 09:55:00+05:30,432.3,432.45,432.05,432.25,27006,ITC
2025-02-07 09:56:00+05:30,432.25,432.25,431.75,432.1,55667,ITC
2025-02-07 09:57:00+05:30,432.1,432.25,432.0,432.0,41472,ITC
2025-02-07 09:58:00+05:30,432.1,432.25,432.0,432.2,22421,ITC
2025-02-07 09:59:00+05:30,432.2,432.45,432.0,432.45,38034,ITC
2025-02-07 10:00:00+05:30,432.45,432.8,432.35,432.65,33179,ITC
2025-02-07 10:01:00+05:30,432.65,432.9,432.0,432.0,83807,ITC
2025-02-07 10:02:00+05:30,432.1,432.55,432.0,432.45,36736,ITC
2025-02-07 10:03:00+05:30,432.45,432.45,431.4,431.7,157846,ITC
2025-02-07 10:04:00+05:30,431.6,431.7,431.1,431.2,68406,ITC
2025-02-07 10:05:00+05:30,431.2,431.6,431.15,431.3,36561,ITC
2025-02-07 10:06:00+05:30,431.5,431.5,431.05,431.35,38398,ITC
2025-02-07 10:07:00+05:30,431.35,431.65,431.25,431.5,19290,ITC
2025-02-07 10:08:00+05:30,431.5,431.7,431.3,431.6,21887,ITC
2025-02-07 10:09:00+05:30,431.6,433.1,431.4,432.55,106634,ITC
2025-02-07 10:10:00+05:30,432.3,432.6,432.05,432.6,40636,ITC
2025-02-07 10:11:00+05:30,432.6,432.6,432.0,432.2,34503,ITC
2025-02-07 10:12:00+05:30,432.2,432.2,431.6,431.75,21418,ITC
2025-02-07 10:13:00+05:30,431.95,432.05,431.5,431.65,30971,ITC
2025-02-07 10:14:00+05:30,431.65,432.35,431.5,432.2,23731,ITC
2025-02-07 10:15:00+05:30,432.25,432.25,432.0,432.1,19390,ITC
2025-02-07 10:16:00+05:30,432.25,432.25,431.75,432.0,25921,ITC
2025-02-07 10:17:00+05:30,432.0,432.0,431.6,431.8,22370,ITC
2025-02-07 10:18:00+05:30,431.7,431.85,431.05,431.1,52318,ITC
2025-02-07 10:19:00+05:30,431.1,431.2,430.8,431.2,109226,ITC
2025-02-07 10:20:00+05:30,431.05,431.2,430.9,431.1,22169,ITC
2025-02-07 10:21:00+05:30,431.1,431.35,430.9,431.3,23040,ITC
2025-02-07 10:22:00+05:30,431.2,431.3,430.25,430.4,72556,ITC
2025-02-07 10:23:00+05:30,430.25,430.45,430.05,430.05,78739,ITC
2025-02-07 10:24:00+05:30,430.25,430.25,429.6,429.9,200085,ITC
2025-02-07 10:25:00+05:30,429.9,430.0,429.5,429.95,52917,ITC
2025-02-07 10:26:00+05:30,429.9,430.0,429.7,430.0,43990,ITC
2025-02-07 10:27:00+05:30,430.0,430.25,429.8,429.8,49035,ITC
2025-02-07 10:28:00+05:30,429.95,430.2,429.6,430.15,25955,ITC
2025-02-07 10:29:00+05:30,430.1,430.3,430.05,430.3,22479,ITC
2025-02-07 10:30:00+05:30,430.3,430.6,430.2,430.55,27935,ITC
2025-02-07 10:31:00+05:30,430.55,430.55,430.2,430.5,18600,ITC
2025-02-07 10:32:00+05:30,430.5,430.55,430.25,430.55,31023,ITC
2025-02-07 10:33:00+05:30,430.55,430.6,430.3,430.55,23390,ITC
2025-02-07 10:34:00+05:30,430.6,430.85,430.55,430.85,25768,ITC
2025-02-07 10:35:00+05:30,430.8,430.9,430.7,430.75,17475,ITC
2025-02-07 10:36:00+05:30,430.8,430.95,430.5,430.75,21817,ITC
2025-02-07 10:37:00+05:30,430.75,430.85,430.05,430.6,132701,ITC
2025-02-07 10:38:00+05:30,430.6,431.1,430.6,430.75,73807,ITC
2025-02-07 10:39:00+05:30,430.75,430.95,430.6,430.85,37501,ITC
2025-02-07 10:40:00+05:30,430.85,431.1,430.7,431.1,25110,ITC
2025-02-07 10:41:00+05:30,431.0,431.1,430.7,431.0,32020,ITC
2025-02-07 10:42:00+05:30,431.05,431.1,431.0,431.1,24824,ITC
2025-02-07 10:43:00+05:30,431.1,431.55,431.05,431.5,27559,ITC
2025-02-07 10:44:00+05:30,431.5,431.55,431.25,431.5,20141,ITC
2025-02-07 10:45:00+05:30,431.5,431.5,431.05,431.3,20355,ITC
2025-02-07 10:46:00+05:30,431.3,431.35,431.0,431.25,62504,ITC
2025-02-07 10:47:00+05:30,431.15,431.3,431.0,431.2,16409,ITC
2025-02-07 10:48:00+05:30,431.2,431.2,431.0,431.1,14993,ITC
2025-02-07 10:49:00+05:30,431.05,431.15,431.0,431.15,13784,ITC
2025-02-07 10:50:00+05:30,431.15,431.15,431.0,431.15,15257,ITC
2025-02-07 10:51:00+05:30,431.1,431.45,431.1,431.3,26121,ITC
2025-02-07 10:52:00+05:30,431.3,431.45,431.1,431.35,21940,ITC
2025-02-07 10:53:00+05:30,431.35,431.4,431.1,431.35,10080,ITC
2025-02-07 10:54:00+05:30,431.35,431.4,431.2,431.4,15175,ITC
2025-02-07 10:55:00+05:30,431.4,431.95,431.2,431.85,35733,ITC
2025-02-07 10:56:00+05:30,431.9,432.45,431.65,432.2,87700,ITC
2025-02-07 10:57:00+05:30,432.3,432.35,432.05,432.2,19958,ITC
2025-02-07 10:58:00+05:30,432.2,432.6,432.05,432.5,52603,ITC
2025-02-07 10:59:00+05:30,432.5,433.0,432.1,432.95,108492,ITC
2025-02-07 11:00:00+05:30,432.8,432.95,432.7,432.85,43072,ITC
2025-02-07 11:01:00+05:30,432.8,433.5,432.75,433.2,75551,ITC
2025-02-07 11:02:00+05:30,433.25,433.25,433.0,433.15,24891,ITC
2025-02-07 11:03:00+05:30,433.15,433.25,432.95,433.1,70770,ITC
2025-02-07 11:04:00+05:30,433.1,433.75,433.05,433.75,51999,ITC
2025-02-07 11:05:00+05:30,433.6,433.95,433.55,433.55,50370,ITC
2025-02-07 11:06:00+05:30,433.6,433.6,433.25,433.35,25701,ITC
2025-02-07 11:07:00+05:30,433.35,433.4,433.2,433.3,37437,ITC
2025-02-07 11:08:00+05:30,433.35,433.4,433.1,433.2,26689,ITC
2025-02-07 11:09:00+05:30,433.15,433.9,433.0,433.85,45898,ITC
2025-02-07 11:10:00+05:30,433.75,433.8,433.2,433.35,28210,ITC
2025-02-07 11:11:00+05:30,433.3,433.35,433.05,433.25,26024,ITC
2025-02-07 11:12:00+05:30,433.2,433.7,433.1,433.5,25617,ITC
2025-02-07 11:13:00+05:30,433.55,433.7,433.45,433.6,29137,ITC
2025-02-07 11:14:00+05:30,433.6,433.7,433.5,433.6,19285,ITC
2025-02-07 11:15:00+05:30,433.6,433.7,433.45,433.55,21590,ITC
2025-02-07 11:16:00+05:30,433.5,434.1,433.45,433.75,106285,ITC
2025-02-07 11:17:00+05:30,433.75,433.85,433.6,433.8,35042,ITC
2025-02-07 11:18:00+05:30,433.85,434.05,433.65,433.8,67248,ITC
2025-02-07 11:19:00+05:30,433.8,434.0,433.7,433.95,21553,ITC
2025-02-07 11:20:00+05:30,433.95,433.95,433.6,433.65,18876,ITC
2025-02-07 11:21:00+05:30,433.65,433.65,433.5,433.6,27538,ITC
2025-02-07 11:22:00+05:30,433.6,433.9,433.5,433.7,39031,ITC
2025-02-07 11:23:00+05:30,433.65,434.0,433.65,433.8,38198,ITC
2025-02-07 11:24:00+05:30,433.85,434.1,433.8,434.05,40199,ITC
2025-02-07 11:25:00+05:30,434.05,434.15,433.95,434.05,32206,ITC
2025-02-07 11:26:00+05:30,434.0,434.35,433.9,434.35,43537,ITC
2025-02-07 11:27:00+05:30,434.3,434.35,434.0,434.15,31812,ITC
2025-02-07 11:28:00+05:30,434.1,434.45,434.05,434.4,45592,ITC
2025-02-07 11:29:00+05:30,434.4,434.45,434.15,434.45,43483,ITC
2025-02-07 11:30:00+05:30,434.45,434.9,434.45,434.5,57490,ITC
2025-02-07 11:31:00+05:30,434.55,434.8,434.5,434.5,36317,ITC
2025-02-07 11:32:00+05:30,434.6,434.6,434.4,434.45,26629,ITC
2025-02-07 11:33:00+05:30,434.45,434.5,434.3,434.4,31050,ITC
2025-02-07 11:34:00+05:30,434.4,434.95,434.35,434.5,73084,ITC
2025-02-07 11:35:00+05:30,434.5,434.5,434.35,434.4,29210,ITC
2025-02-07 11:36:00+05:30,434.45,434.5,434.0,434.05,47697,ITC
2025-02-07 11:37:00+05:30,434.0,434.2,433.95,433.95,26955,ITC
2025-02-07 11:38:00+05:30,434.0,434.15,433.85,433.85,33310,ITC
2025-02-07 11:39:00+05:30,433.9,434.3,433.8,434.1,38241,ITC
2025-02-07 11:40:00+05:30,434.1,434.25,434.0,434.2,24988,ITC
2025-02-07 11:41:00+05:30,434.2,434.25,434.0,434.05,13661,ITC
2025-02-07 11:42:00+05:30,434.05,434.4,434.0,434.25,34821,ITC
2025-02-07 11:43:00+05:30,434.2,434.5,434.05,434.45,46875,ITC
2025-02-07 11:44:00+05:30,434.45,434.85,434.4,434.85,81414,ITC
2025-02-07 11:45:00+05:30,434.85,434.95,434.55,434.65,38291,ITC
2025-02-07 11:46:00+05:30,434.6,434.65,434.25,434.5,18072,ITC
2025-02-07 11:47:00+05:30,434.5,434.5,434.1,434.1,25252,ITC
2025-02-07 11:48:00+05:30,434.1,434.2,433.7,433.75,45868,ITC
2025-02-07 11:49:00+05:30,433.9,433.9,433.3,433.5,57587,ITC
2025-02-07 11:50:00+05:30,433.5,433.75,433.35,433.7,35603,ITC
2025-02-07 11:51:00+05:30,433.7,433.7,433.4,433.4,13502,ITC
2025-02-07 11:52:00+05:30,433.45,433.45,433.2,433.3,16943,ITC
2025-02-07 11:53:00+05:30,433.3,433.4,433.05,433.15,35429,ITC
2025-02-07 11:54:00+05:30,433.15,433.3,433.1,433.25,17063,ITC
2025-02-07 11:55:00+05:30,433.3,433.3,433.0,433.1,35768,ITC
2025-02-07 11:56:00+05:30,433.1,433.2,433.0,433.2,19188,ITC
2025-02-07 11:57:00+05:30,433.1,433.4,433.0,433.2,19730,ITC
2025-02-07 11:58:00+05:30,433.2,433.3,433.0,433.0,15095,ITC
2025-02-07 11:59:00+05:30,433.05,433.3,433.0,433.3,22758,ITC
2025-02-07 12:00:00+05:30,433.25,433.25,433.0,433.1,16791,ITC
2025-02-07 12:01:00+05:30,433.05,433.1,432.7,432.85,45509,ITC
2025-02-07 12:02:00+05:30,432.85,433.0,432.7,432.95,25709,ITC
2025-02-07 12:03:00+05:30,432.9,433.0,432.6,432.75,23079,ITC
2025-02-07 12:04:00+05:30,432.75,432.8,432.55,432.8,21824,ITC
2025-02-07 12:05:00+05:30,432.8,432.8,432.5,432.6,26918,ITC
2025-02-07 12:06:00+05:30,432.6,433.2,432.45,432.85,77669,ITC
2025-02-07 12:07:00+05:30,432.95,433.0,432.75,432.75,21088,ITC
2025-02-07 12:08:00+05:30,432.8,432.85,432.65,432.65,18262,ITC
2025-02-07 12:09:00+05:30,432.75,432.85,432.45,432.8,22618,ITC
2025-02-07 12:10:00+05:30,432.8,432.85,432.45,432.7,30900,ITC
2025-02-07 12:11:00+05:30,432.8,433.05,432.25,432.3,39646,ITC
2025-02-07 12:12:00+05:30,432.35,432.45,432.05,432.1,24504,ITC
2025-02-07 12:13:00+05:30,432.15,432.8,432.05,432.4,24241,ITC
2025-02-07 12:14:00+05:30,432.45,432.45,432.05,432.05,31102,ITC
2025-02-07 12:15:00+05:30,432.05,432.55,432.05,432.2,33927,ITC
2025-02-07 12:16:00+05:30,432.2,432.25,432.05,432.1,18317,ITC
2025-02-07 12:17:00+05:30,432.1,432.1,432.0,432.05,27660,ITC
2025-02-07 12:18:00+05:30,432.05,432.1,432.0,432.1,28190,ITC
2025-02-07 12:19:00+05:30,432.0,432.15,432.0,432.1,24530,ITC
2025-02-07 12:20:00+05:30,432.1,432.15,432.05,432.1,17883,ITC
2025-02-07 12:21:00+05:30,432.05,432.15,432.0,432.0,59955,ITC
2025-02-07 12:22:00+05:30,432.05,432.05,431.7,431.8,26808,ITC
2025-02-07 12:23:00+05:30,431.8,431.85,431.7,431.7,15388,ITC
2025-02-07 12:24:00+05:30,431.7,431.85,431.65,431.7,28561,ITC
2025-02-07 12:25:00+05:30,431.85,431.9,431.65,431.75,17571,ITC
2025-02-07 12:26:00+05:30,431.85,432.0,431.7,431.7,22021,ITC
2025-02-07 12:27:00+05:30,431.85,431.95,431.7,431.85,17662,ITC
2025-02-07 12:28:00+05:30,431.9,432.1,431.7,431.95,31186,ITC
2025-02-07 12:29:00+05:30,432.1,432.1,431.8,431.95,18839,ITC
2025-02-07 12:30:00+05:30,431.95,432.25,431.9,432.0,27531,ITC
2025-02-07 12:31:00+05:30,432.2,432.4,432.0,432.1,20844,ITC
2025-02-07 12:32:00+05:30,432.15,432.25,432.0,432.05,20348,ITC
2025-02-07 12:33:00+05:30,432.1,432.3,432.05,432.2,26820,ITC
2025-02-07 12:34:00+05:30,432.2,432.35,432.1,432.3,20679,ITC
2025-02-07 12:35:00+05:30,432.2,432.3,432.05,432.2,20140,ITC
2025-02-07 12:36:00+05:30,432.25,432.25,431.9,432.0,33547,ITC
2025-02-07 12:37:00+05:30,432.0,432.05,431.85,432.0,25890,ITC
2025-02-07 12:38:00+05:30,432.05,432.1,431.85,432.1,12410,ITC
2025-02-07 12:39:00+05:30,431.95,432.1,431.9,432.05,11605,ITC
2025-02-07 12:40:00+05:30,432.05,432.05,431.8,431.85,16989,ITC
2025-02-07 12:41:00+05:30,431.85,432.0,431.8,431.8,15526,ITC
2025-02-07 12:42:00+05:30,431.85,432.0,431.8,431.8,23098,ITC
2025-02-07 12:43:00+05:30,431.95,432.0,431.8,431.8,25194,ITC
2025-02-07 12:44:00+05:30,431.9,431.95,431.7,431.75,21169,ITC
2025-02-07 12:45:00+05:30,431.8,431.85,431.6,431.7,39722,ITC
2025-02-07 12:46:00+05:30,431.7,431.85,431.65,431.65,14090,ITC
2025-02-07 12:47:00+05:30,431.8,431.8,431.5,431.5,31325,ITC
2025-02-07 12:48:00+05:30,431.65,431.8,431.45,431.55,16335,ITC
2025-02-07 12:49:00+05:30,431.75,431.95,431.5,431.5,45930,ITC
2025-02-07 12:50:00+05:30,431.5,431.75,431.5,431.7,16624,ITC
2025-02-07 12:51:00+05:30,431.65,431.7,431.55,431.6,11059,ITC
2025-02-07 12:52:00+05:30,431.65,431.65,431.4,431.55,21666,ITC
2025-02-07 12:53:00+05:30,431.55,431.65,431.4,431.45,32044,ITC
2025-02-07 12:54:00+05:30,431.45,431.65,431.4,431.5,30533,ITC
2025-02-07 12:55:00+05:30,431.65,431.85,431.45,431.8,37637,ITC
2025-02-07 12:56:00+05:30,431.8,431.85,431.7,431.7,16603,ITC
2025-02-07 12:57:00+05:30,431.75,431.85,431.55,431.85,16827,ITC
2025-02-07 12:58:00+05:30,431.85,431.85,431.5,431.6,17738,ITC
2025-02-07 12:59:00+05:30,431.55,431.7,431.45,431.7,16384,ITC
2025-02-07 13:00:00+05:30,431.5,431.8,431.5,431.55,28960,ITC
2025-02-07 13:01:00+05:30,431.65,431.8,431.5,431.6,17619,ITC
2025-02-07 13:02:00+05:30,431.7,431.9,431.55,431.8,21444,ITC
2025-02-07 13:03:00+05:30,431.8,431.95,431.65,431.8,17589,ITC
2025-02-07 13:04:00+05:30,431.8,432.2,431.8,432.0,35655,ITC
2025-02-07 13:05:00+05:30,432.2,432.2,432.0,432.15,21883,ITC
2025-02-07 13:06:00+05:30,432.15,432.15,431.95,432.1,11651,ITC
2025-02-07 13:07:00+05:30,431.95,432.1,431.8,432.0,24335,ITC
2025-02-07 13:08:00+05:30,432.0,432.0,431.8,431.95,25224,ITC
2025-02-07 13:09:00+05:30,431.95,432.0,431.75,432.0,18846,ITC
2025-02-07 13:10:00+05:30,432.0,432.0,431.8,431.9,14563,ITC
2025-02-07 13:11:00+05:30,431.9,432.0,431.6,431.6,28387,ITC
2025-02-07 13:12:00+05:30,431.75,431.85,431.5,431.5,15303,ITC
2025-02-07 13:13:00+05:30,431.5,431.9,431.5,431.75,29695,ITC
2025-02-07 13:14:00+05:30,431.75,431.85,431.55,431.8,15287,ITC
2025-02-07 13:15:00+05:30,431.8,432.0,431.55,431.75,18463,ITC
2025-02-07 13:16:00+05:30,431.9,431.95,431.75,431.95,16901,ITC
2025-02-07 13:17:00+05:30,431.85,432.0,431.8,432.0,28247,ITC
2025-02-07 13:18:00+05:30,432.0,432.0,431.9,432.0,13919,ITC
2025-02-07 13:19:00+05:30,431.9,432.5,431.9,432.3,32051,ITC
2025-02-07 13:20:00+05:30,432.3,432.35,432.05,432.2,26006,ITC
2025-02-07 13:21:00+05:30,432.35,432.4,432.25,432.4,11792,ITC
2025-02-07 13:22:00+05:30,432.4,432.4,432.15,432.3,16144,ITC
2025-02-07 13:23:00+05:30,432.3,432.35,432.2,432.25,10686,ITC
2025-02-07 13:24:00+05:30,432.25,432.85,432.25,432.35,42370,ITC
2025-02-07 13:25:00+05:30,432.45,432.6,432.35,432.55,14634,ITC
2025-02-07 13:26:00+05:30,432.55,432.55,432.35,432.5,12382,ITC
2025-02-07 13:27:00+05:30,432.5,432.5,432.4,432.5,9298,ITC
2025-02-07 13:28:00+05:30,432.4,432.55,432.3,432.55,26735,ITC
2025-02-07 13:29:00+05:30,432.55,432.6,432.45,432.55,23742,ITC
2025-02-07 13:30:00+05:30,432.6,432.95,432.55,432.6,39196,ITC
2025-02-07 13:31:00+05:30,432.75,432.75,432.6,432.65,15618,ITC
2025-02-07 13:32:00+05:30,432.65,432.75,432.15,432.15,23174,ITC
2025-02-07 13:33:00+05:30,432.25,432.4,432.1,432.2,20865,ITC
2025-02-07 13:34:00+05:30,432.2,432.4,432.1,432.25,7750,ITC
2025-02-07 13:35:00+05:30,432.25,432.25,432.05,432.15,26616,ITC
2025-02-07 13:36:00+05:30,432.2,432.25,432.05,432.1,11190,ITC
2025-02-07 13:37:00+05:30,432.05,432.15,432.0,432.05,26868,ITC
2025-02-07 13:38:00+05:30,432.0,432.05,432.0,432.0,17911,ITC
2025-02-07 13:39:00+05:30,432.0,432.1,432.0,432.1,24348,ITC
2025-02-07 13:40:00+05:30,432.0,432.15,431.85,432.1,22096,ITC
2025-02-07 13:41:00+05:30,432.1,432.15,431.85,432.05,27407,ITC
2025-02-07 13:42:00+05:30,432.05,432.15,431.9,431.9,13936,ITC
2025-02-07 13:43:00+05:30,432.0,432.05,431.75,431.85,21423,ITC
2025-02-07 13:44:00+05:30,431.85,432.05,431.8,431.8,34228,ITC
2025-02-07 13:45:00+05:30,431.8,432.0,431.65,431.9,20134,ITC
2025-02-07 13:46:00+05:30,431.7,431.9,431.55,431.85,28882,ITC
2025-02-07 13:47:00+05:30,431.8,431.9,431.6,431.7,18885,ITC
2025-02-07 13:48:00+05:30,431.7,431.9,431.55,431.75,38260,ITC
2025-02-07 13:49:00+05:30,431.55,431.75,431.5,431.5,23836,ITC
2025-02-07 13:50:00+05:30,431.5,431.65,431.5,431.6,28005,ITC
2025-02-07 13:51:00+05:30,431.6,431.7,431.05,431.05,55628,ITC
2025-02-07 13:52:00+05:30,431.05,431.15,431.0,431.0,37917,ITC
2025-02-07 13:53:00+05:30,431.0,431.1,430.5,430.55,72939,ITC
2025-02-07 13:54:00+05:30,430.55,430.85,430.55,430.75,47138,ITC
2025-02-07 13:55:00+05:30,430.75,430.9,430.65,430.9,29351,ITC
2025-02-07 13:56:00+05:30,430.9,430.95,430.7,430.7,24365,ITC
2025-02-07 13:57:00+05:30,430.8,431.05,430.75,430.85,37282,ITC
2025-02-07 13:58:00+05:30,430.85,431.05,430.75,431.0,23891,ITC
2025-02-07 13:59:00+05:30,431.0,431.05,430.7,430.75,23466,ITC
2025-02-07 14:00:00+05:30,430.95,431.05,430.7,430.95,24678,ITC
2025-02-07 14:01:00+05:30,430.95,430.95,430.7,430.9,27591,ITC
2025-02-07 14:02:00+05:30,430.8,431.05,430.7,431.0,40664,ITC
2025-02-07 14:03:00+05:30,431.0,431.35,430.85,431.2,33715,ITC
2025-02-07 14:04:00+05:30,431.2,431.3,430.9,431.1,23093,ITC
2025-02-07 14:05:00+05:30,431.1,431.1,430.8,431.0,21515,ITC
2025-02-07 14:06:00+05:30,430.85,431.05,430.75,430.75,28710,ITC
2025-02-07 14:07:00+05:30,430.85,430.9,430.7,430.85,22710,ITC
2025-02-07 14:08:00+05:30,430.9,430.95,430.6,430.75,20208,ITC
2025-02-07 14:09:00+05:30,430.7,430.75,430.5,430.5,24020,ITC
2025-02-07 14:10:00+05:30,430.6,430.65,430.45,430.65,25626,ITC
2025-02-07 14:11:00+05:30,430.65,430.65,430.4,430.4,20593,ITC
2025-02-07 14:12:00+05:30,430.4,430.55,430.1,430.25,42702,ITC
2025-02-07 14:13:00+05:30,430.25,430.25,430.0,430.0,39438,ITC
2025-02-07 14:14:00+05:30,430.1,430.1,430.0,430.0,37524,ITC
2025-02-07 14:15:00+05:30,430.05,430.1,430.0,430.05,38463,ITC
2025-02-07 14:16:00+05:30,430.05,430.15,430.0,430.15,29288,ITC
2025-02-07 14:17:00+05:30,430.15,430.15,430.0,430.0,22604,ITC
2025-02-07 14:18:00+05:30,430.15,430.85,430.0,430.35,86518,ITC
2025-02-07 14:19:00+05:30,430.3,430.45,430.1,430.25,41459,ITC
2025-02-07 14:20:00+05:30,430.25,430.4,430.1,430.3,33537,ITC
2025-02-07 14:21:00+05:30,430.3,430.4,430.15,430.35,26616,ITC
2025-02-07 14:22:00+05:30,430.3,430.7,430.25,430.5,59517,ITC
2025-02-07 14:23:00+05:30,430.55,430.6,430.2,430.25,26670,ITC
2025-02-07 14:24:00+05:30,430.4,430.4,430.2,430.25,26850,ITC
2025-02-07 14:25:00+05:30,430.4,430.4,430.05,430.3,31692,ITC
2025-02-07 14:26:00+05:30,430.3,430.3,430.0,430.0,125738,ITC
2025-02-07 14:27:00+05:30,430.05,430.05,429.65,429.9,75887,ITC
2025-02-07 14:28:00+05:30,429.7,429.9,429.65,429.65,23939,ITC
2025-02-07 14:29:00+05:30,429.65,429.85,429.6,429.85,78331,ITC
2025-02-07 14:30:00+05:30,429.85,429.9,429.7,429.9,28973,ITC
2025-02-07 14:31:00+05:30,429.9,429.9,429.65,429.65,28937,ITC
2025-02-07 14:32:00+05:30,429.85,429.85,429.5,429.55,52066,ITC
2025-02-07 14:33:00+05:30,429.55,429.8,429.5,429.5,44887,ITC
2025-02-07 14:34:00+05:30,429.7,429.75,429.5,429.6,33416,ITC
2025-02-07 14:35:00+05:30,429.6,429.75,429.2,429.4,102703,ITC
2025-02-07 14:36:00+05:30,429.35,429.4,429.15,429.3,74019,ITC
2025-02-07 14:37:00+05:30,429.3,429.7,429.2,429.4,80101,ITC
2025-02-07 14:38:00+05:30,429.35,429.5,429.15,429.15,60436,ITC
2025-02-07 14:39:00+05:30,429.2,429.4,429.1,429.1,40864,ITC
2025-02-07 14:40:00+05:30,429.1,429.2,428.9,428.95,126730,ITC
2025-02-07 14:41:00+05:30,428.95,428.95,428.85,428.85,88267,ITC
2025-02-07 14:42:00+05:30,428.9,429.0,428.85,428.85,47765,ITC
2025-02-07 14:43:00+05:30,429.0,429.0,428.85,428.85,35503,ITC
2025-02-07 14:44:00+05:30,428.95,428.95,428.55,428.7,58284,ITC
2025-02-07 14:45:00+05:30,428.7,428.75,428.5,428.5,58690,ITC
2025-02-07 14:46:00+05:30,428.6,428.65,428.45,428.5,55768,ITC
2025-02-07 14:47:00+05:30,428.6,428.95,428.5,428.7,80586,ITC
2025-02-07 14:48:00+05:30,428.8,428.85,428.5,428.55,42632,ITC
2025-02-07 14:49:00+05:30,428.55,428.7,428.4,428.65,41434,ITC
2025-02-07 14:50:00+05:30,428.65,428.7,428.4,428.7,55233,ITC
2025-02-07 14:51:00+05:30,428.5,428.7,428.4,428.5,38378,ITC
2025-02-07 14:52:00+05:30,428.4,428.95,428.4,428.85,58466,ITC
2025-02-07 14:53:00+05:30,428.85,429.2,428.75,429.0,61993,ITC
2025-02-07 14:54:00+05:30,429.1,429.1,428.95,429.1,37454,ITC
2025-02-07 14:55:00+05:30,429.05,429.25,429.05,429.25,49141,ITC
2025-02-07 14:56:00+05:30,429.25,429.35,429.2,429.35,42013,ITC
2025-02-07 14:57:00+05:30,429.35,429.4,429.0,429.05,49733,ITC
2025-02-07 14:58:00+05:30,429.0,429.3,429.0,429.25,44771,ITC
2025-02-07 14:59:00+05:30,429.2,429.5,429.1,429.4,47366,ITC
2025-02-07 15:00:00+05:30,429.5,429.95,429.35,429.85,142445,ITC
2025-02-07 15:01:00+05:30,429.85,429.95,429.75,429.85,124317,ITC
2025-02-07 15:02:00+05:30,429.85,429.85,429.6,429.65,84858,ITC
2025-02-07 15:03:00+05:30,429.65,429.65,429.5,429.65,85531,ITC
2025-02-07 15:04:00+05:30,429.65,429.8,429.6,429.7,112239,ITC
2025-02-07 15:05:00+05:30,429.7,429.8,429.65,429.8,98977,ITC
2025-02-07 15:06:00+05:30,429.8,429.9,429.75,429.9,86079,ITC
2025-02-07 15:07:00+05:30,429.9,430.2,429.85,430.05,91321,ITC
2025-02-07 15:08:00+05:30,430.15,430.5,430.15,430.5,109468,ITC
2025-02-07 15:09:00+05:30,430.5,430.9,430.3,430.7,182818,ITC
2025-02-07 15:10:00+05:30,430.7,430.9,430.65,430.9,91410,ITC
2025-02-07 15:11:00+05:30,430.9,431.0,430.8,430.85,124491,ITC
2025-02-07 15:12:00+05:30,430.9,431.0,430.8,430.9,102602,ITC
2025-02-07 15:13:00+05:30,430.95,431.2,430.85,431.1,144061,ITC
2025-02-07 15:14:00+05:30,431.15,431.2,431.05,431.15,109205,ITC
2025-02-07 15:15:00+05:30,431.1,431.2,430.95,431.15,184957,ITC
2025-02-07 15:16:00+05:30,431.2,431.45,431.15,431.4,101259,ITC
2025-02-07 15:17:00+05:30,431.45,431.65,431.4,431.45,229094,ITC
2025-02-07 15:18:00+05:30,431.5,431.5,430.9,430.95,170061,ITC
2025-02-07 15:19:00+05:30,430.95,431.45,430.85,431.35,185938,ITC
2025-02-07 15:20:00+05:30,431.4,431.7,431.05,431.3,261130,ITC
2025-02-07 15:21:00+05:30,431.3,431.7,431.25,431.35,125116,ITC
2025-02-07 15:22:00+05:30,431.35,431.35,431.15,431.25,75105,ITC
2025-02-07 15:23:00+05:30,431.25,431.25,430.8,430.9,111136,ITC
2025-02-07 15:24:00+05:30,430.9,431.2,430.75,431.15,177084,ITC
2025-02-07 15:25:00+05:30,431.2,431.55,431.1,431.5,218108,ITC
2025-02-07 15:26:00+05:30,431.5,431.5,431.0,431.15,121989,ITC
2025-02-07 15:27:00+05:30,431.2,431.4,431.15,431.4,81838,ITC
2025-02-07 15:28:00+05:30,431.4,431.5,431.35,431.4,131178,ITC
2025-02-07 15:29:00+05:30,431.4,431.45,430.0,430.1,103849,ITC
2025-02-10 09:15:00+05:30,427.0,430.0,427.0,429.4,204448,ITC
2025-02-10 09:16:00+05:30,429.4,430.8,429.0,430.75,109896,ITC
2025-02-10 09:17:00+05:30,430.5,431.3,430.25,430.6,106684,ITC
2025-02-10 09:18:00+05:30,430.4,430.95,430.35,430.75,46613,ITC
2025-02-10 09:19:00+05:30,430.9,431.2,430.5,430.85,72203,ITC
2025-02-10 09:20:00+05:30,430.8,430.85,429.6,429.85,94648,ITC
2025-02-10 09:21:00+05:30,429.85,431.75,429.8,431.4,63889,ITC
2025-02-10 09:22:00+05:30,431.35,432.05,431.25,431.95,44047,ITC
2025-02-10 09:23:00+05:30,431.95,432.2,431.6,431.9,49524,ITC
2025-02-10 09:24:00+05:30,431.95,432.35,431.5,432.35,66887,ITC
2025-02-10 09:25:00+05:30,432.35,432.4,431.0,431.5,67300,ITC
2025-02-10 09:26:00+05:30,431.55,432.0,431.4,431.9,27911,ITC
2025-02-10 09:27:00+05:30,431.9,432.0,430.5,430.65,37659,ITC
2025-02-10 09:28:00+05:30,430.65,430.65,429.7,429.95,64030,ITC
2025-02-10 09:29:00+05:30,429.95,430.05,429.15,429.4,47266,ITC
2025-02-10 09:30:00+05:30,429.4,430.15,429.25,429.75,46055,ITC
2025-02-10 09:31:00+05:30,429.7,430.2,429.5,430.2,24219,ITC
2025-02-10 09:32:00+05:30,430.05,430.2,429.8,430.0,9276,ITC
2025-02-10 09:33:00+05:30,430.0,430.8,429.95,430.8,25010,ITC
2025-02-10 09:34:00+05:30,430.7,431.35,430.7,431.05,27739,ITC
2025-02-10 09:35:00+05:30,431.1,432.3,431.0,432.1,37751,ITC
2025-02-10 09:36:00+05:30,432.15,432.35,431.5,432.15,45399,ITC
2025-02-10 09:37:00+05:30,432.2,432.35,431.65,431.95,29749,ITC
2025-02-10 09:38:00+05:30,431.95,432.15,431.3,431.4,25894,ITC
2025-02-10 09:39:00+05:30,431.45,431.9,431.25,431.8,10234,ITC
2025-02-10 09:40:00+05:30,431.7,431.8,431.1,431.25,14492,ITC
2025-02-10 09:41:00+05:30,431.25,431.25,430.75,430.95,15106,ITC
2025-02-10 09:42:00+05:30,430.95,431.5,430.85,431.3,22314,ITC
2025-02-10 09:43:00+05:30,431.25,431.45,431.05,431.45,17379,ITC
2025-02-10 09:44:00+05:30,431.3,431.5,431.2,431.3,20107,ITC
2025-02-10 09:45:00+05:30,431.3,432.75,431.25,432.35,55636,ITC
2025-02-10 09:46:00+05:30,432.5,432.5,431.95,432.2,40543,ITC
2025-02-10 09:47:00+05:30,432.15,432.85,431.85,432.55,30381,ITC
2025-02-10 09:48:00+05:30,432.6,432.9,432.3,432.6,29677,ITC
2025-02-10 09:49:00+05:30,432.55,432.6,432.05,432.15,13103,ITC
2025-02-10 09:50:00+05:30,432.1,432.2,431.85,432.0,12429,ITC
2025-02-10 09:51:00+05:30,431.95,432.0,431.65,431.8,12662,ITC
2025-02-10 09:52:00+05:30,431.85,432.05,431.8,432.0,16027,ITC
2025-02-10 09:53:00+05:30,432.0,432.0,431.5,431.65,13070,ITC
2025-02-10 09:54:00+05:30,431.65,431.95,431.5,431.95,10169,ITC
2025-02-10 09:55:00+05:30,431.9,432.25,431.9,432.25,14778,ITC
2025-02-10 09:56:00+05:30,432.2,432.6,432.2,432.4,8407,ITC
2025-02-10 09:57:00+05:30,432.5,433.3,432.4,433.2,32845,ITC
2025-02-10 09:58:00+05:30,433.2,433.25,432.95,433.0,20804,ITC
2025-02-10 09:59:00+05:30,433.0,433.0,432.45,432.45,10975,ITC
2025-02-10 10:00:00+05:30,432.65,432.75,432.4,432.4,11248,ITC
2025-02-10 10:01:00+05:30,432.4,432.5,432.1,432.1,12127,ITC
2025-02-10 10:02:00+05:30,432.25,432.5,432.05,432.2,28871,ITC
2025-02-10 10:03:00+05:30,432.1,432.5,432.0,432.15,71329,ITC
2025-02-10 10:04:00+05:30,432.15,432.35,431.85,431.9,22467,ITC
2025-02-10 10:05:00+05:30,432.0,432.0,431.45,431.6,29255,ITC
2025-02-10 10:06:00+05:30,431.75,431.8,431.55,431.6,8052,ITC
2025-02-10 10:07:00+05:30,431.65,431.7,430.9,431.45,48700,ITC
2025-02-10 10:08:00+05:30,431.25,431.4,431.1,431.35,10081,ITC
2025-02-10 10:09:00+05:30,431.3,431.35,430.55,430.7,43421,ITC
2025-02-10 10:10:00+05:30,430.7,430.7,430.25,430.35,22710,ITC
2025-02-10 10:11:00+05:30,430.35,430.45,430.05,430.4,18901,ITC
2025-02-10 10:12:00+05:30,430.3,430.4,429.75,429.95,51274,ITC
2025-02-10 10:13:00+05:30,429.8,429.95,429.65,429.9,37523,ITC
2025-02-10 10:14:00+05:30,429.8,430.4,429.7,430.25,19231,ITC
2025-02-10 10:15:00+05:30,430.1,430.55,430.1,430.25,20332,ITC
2025-02-10 10:16:00+05:30,430.25,430.85,430.2,430.8,9107,ITC
2025-02-10 10:17:00+05:30,430.65,430.8,430.5,430.65,8793,ITC
2025-02-10 10:18:00+05:30,430.6,430.75,430.15,430.2,19322,ITC
2025-02-10 10:19:00+05:30,430.2,430.35,430.1,430.3,3619,ITC
2025-02-10 10:20:00+05:30,430.2,430.7,430.2,430.6,17718,ITC
2025-02-10 10:21:00+05:30,430.6,430.95,430.6,430.8,16449,ITC
2025-02-10 10:22:00+05:30,430.9,431.4,430.8,431.35,21620,ITC
2025-02-10 10:23:00+05:30,431.2,431.35,431.05,431.2,14934,ITC
2025-02-10 10:24:00+05:30,431.1,431.25,430.7,430.7,15931,ITC
2025-02-10 10:25:00+05:30,430.75,431.05,430.7,430.75,12146,ITC
2025-02-10 10:26:00+05:30,430.85,431.25,430.65,431.0,17236,ITC
2025-02-10 10:27:00+05:30,431.0,431.05,430.9,431.0,6476,ITC
2025-02-10 10:28:00+05:30,430.9,431.0,430.65,430.9,6605,ITC
2025-02-10 10:29:00+05:30,430.8,430.9,430.65,430.65,5599,ITC
2025-02-10 10:30:00+05:30,430.7,431.2,430.7,431.0,11546,ITC
2025-02-10 10:31:00+05:30,430.9,431.05,430.75,430.9,4604,ITC
2025-02-10 10:32:00+05:30,430.8,430.9,430.7,430.85,10219,ITC
2025-02-10 10:33:00+05:30,430.75,430.9,430.7,430.85,3441,ITC
2025-02-10 10:34:00+05:30,430.75,431.0,430.7,430.9,21712,ITC
2025-02-10 10:35:00+05:30,430.9,431.65,430.9,431.6,21287,ITC
2025-02-10 10:36:00+05:30,431.5,431.6,431.35,431.5,5368,ITC
2025-02-10 10:37:00+05:30,431.35,431.7,431.3,431.6,30343,ITC
2025-02-10 10:38:00+05:30,431.5,431.75,431.45,431.75,12768,ITC
2025-02-10 10:39:00+05:30,431.75,431.85,431.5,431.85,24544,ITC
2025-02-10 10:40:00+05:30,431.75,431.85,431.7,431.75,9635,ITC
2025-02-10 10:41:00+05:30,431.7,431.75,431.55,431.65,8709,ITC
2025-02-10 10:42:00+05:30,431.6,431.65,431.5,431.5,9211,ITC
2025-02-10 10:43:00+05:30,431.45,431.5,431.2,431.25,24700,ITC
2025-02-10 10:44:00+05:30,431.25,431.6,431.2,431.5,19290,ITC
2025-02-10 10:45:00+05:30,431.5,431.6,431.3,431.4,14221,ITC
2025-02-10 10:46:00+05:30,431.4,431.85,431.3,431.65,26627,ITC
2025-02-10 10:47:00+05:30,431.55,431.65,431.0,431.0,12111,ITC
2025-02-10 10:48:00+05:30,431.05,431.15,431.0,431.05,12490,ITC
2025-02-10 10:49:00+05:30,431.0,431.5,431.0,431.35,19392,ITC
2025-02-10 10:50:00+05:30,431.2,431.2,431.05,431.15,7816,ITC
2025-02-10 10:51:00+05:30,431.1,431.35,431.1,431.25,8307,ITC
2025-02-10 10:52:00+05:30,431.25,431.25,430.7,430.75,16073,ITC
2025-02-10 10:53:00+05:30,430.9,430.9,430.7,430.75,12768,ITC
2025-02-10 10:54:00+05:30,430.75,430.8,430.7,430.8,9468,ITC
2025-02-10 10:55:00+05:30,430.75,431.25,430.75,431.2,4082,ITC
2025-02-10 10:56:00+05:30,431.1,431.7,431.05,431.7,27166,ITC
2025-02-10 10:57:00+05:30,431.7,432.5,431.7,432.4,68304,ITC
2025-02-10 10:58:00+05:30,432.25,432.5,432.0,432.1,15336,ITC
2025-02-10 10:59:00+05:30,432.1,432.1,432.0,432.0,21076,ITC
2025-02-10 11:00:00+05:30,432.0,432.1,432.0,432.05,13609,ITC
2025-02-10 11:01:00+05:30,432.05,432.05,431.75,432.05,56626,ITC
2025-02-10 11:02:00+05:30,432.0,432.05,431.4,431.55,31894,ITC
2025-02-10 11:03:00+05:30,431.45,431.7,431.2,431.6,12770,ITC
2025-02-10 11:04:00+05:30,431.55,431.65,431.5,431.6,8952,ITC
2025-02-10 11:05:00+05:30,431.6,432.75,431.5,432.15,88848,ITC
2025-02-10 11:06:00+05:30,432.2,432.65,432.0,432.2,37858,ITC
2025-02-10 11:07:00+05:30,432.2,432.25,432.0,432.05,15521,ITC
2025-02-10 11:08:00+05:30,432.05,432.05,431.5,431.75,110608,ITC
2025-02-10 11:09:00+05:30,431.75,431.75,431.4,431.45,12502,ITC
2025-02-10 11:10:00+05:30,431.45,431.5,431.25,431.3,6765,ITC
2025-02-10 11:11:00+05:30,431.3,431.3,430.45,430.8,41429,ITC
2025-02-10 11:12:00+05:30,430.8,430.8,430.6,430.8,11434,ITC
2025-02-10 11:13:00+05:30,430.7,430.8,430.7,430.75,4943,ITC
2025-02-10 11:14:00+05:30,430.7,431.05,430.6,430.65,46999,ITC
2025-02-10 11:15:00+05:30,430.6,431.15,430.5,431.15,63549,ITC
2025-02-10 11:16:00+05:30,431.1,431.3,431.0,431.25,10047,ITC
2025-02-10 11:17:00+05:30,431.2,431.5,431.2,431.5,19512,ITC
2025-02-10 11:18:00+05:30,431.5,431.75,431.45,431.7,28929,ITC
2025-02-10 11:19:00+05:30,431.7,431.7,431.25,431.5,14217,ITC
2025-02-10 11:20:00+05:30,431.4,431.5,431.0,431.15,13259,ITC
2025-02-10 11:21:00+05:30,431.1,431.45,431.1,431.35,5120,ITC
2025-02-10 11:22:00+05:30,431.25,431.45,431.25,431.25,11668,ITC
2025-02-10 11:23:00+05:30,431.2,431.3,430.45,430.9,26662,ITC
2025-02-10 11:24:00+05:30,430.75,430.9,430.5,430.65,12161,ITC
2025-02-10 11:25:00+05:30,430.55,430.55,430.3,430.4,5909,ITC
2025-02-10 11:26:00+05:30,430.3,430.5,430.3,430.35,18391,ITC
2025-02-10 11:27:00+05:30,430.3,430.95,430.3,430.8,15095,ITC
2025-02-10 11:28:00+05:30,430.75,430.9,430.55,430.8,8706,ITC
2025-02-10 11:29:00+05:30,430.75,430.8,430.7,430.75,1381,ITC
2025-02-10 11:30:00+05:30,430.7,430.75,430.3,430.5,8006,ITC
2025-02-10 11:31:00+05:30,430.4,430.85,430.3,430.6,12529,ITC
2025-02-10 11:32:00+05:30,430.65,430.85,430.55,430.65,2606,ITC
2025-02-10 11:33:00+05:30,430.6,430.75,430.5,430.6,5049,ITC
2025-02-10 11:34:00+05:30,430.55,430.9,430.55,430.75,18523,ITC
2025-02-10 11:35:00+05:30,430.65,430.8,430.6,430.65,4482,ITC
2025-02-10 11:36:00+05:30,430.6,430.65,430.55,430.65,4226,ITC
2025-02-10 11:37:00+05:30,430.6,430.65,430.35,430.45,5115,ITC
2025-02-10 11:38:00+05:30,430.55,430.55,430.35,430.45,2340,ITC
2025-02-10 11:39:00+05:30,430.4,430.45,430.1,430.15,13067,ITC
2025-02-10 11:40:00+05:30,430.15,430.55,430.05,430.45,24760,ITC
2025-02-10 11:41:00+05:30,430.45,430.75,430.25,430.45,13199,ITC
2025-02-10 11:42:00+05:30,430.4,430.45,430.05,430.15,8691,ITC
2025-02-10 11:43:00+05:30,430.15,430.55,430.1,430.5,9386,ITC
2025-02-10 11:44:00+05:30,430.45,430.9,430.4,430.65,23366,ITC
2025-02-10 11:45:00+05:30,430.6,430.6,430.45,430.6,682,ITC
2025-02-10 11:46:00+05:30,430.6,430.6,430.35,430.4,8574,ITC
2025-02-10 11:47:00+05:30,430.35,430.45,430.3,430.35,4542,ITC
2025-02-10 11:48:00+05:30,430.4,430.4,430.25,430.25,8756,ITC
2025-02-10 11:49:00+05:30,430.2,430.55,430.2,430.4,27731,ITC
2025-02-10 11:50:00+05:30,430.35,430.35,429.3,429.35,88495,ITC
2025-02-10 11:51:00+05:30,429.35,429.8,429.3,429.45,24865,ITC
2025-02-10 11:52:00+05:30,429.5,429.9,429.45,429.85,17838,ITC
2025-02-10 11:53:00+05:30,429.8,429.9,429.6,429.75,22414,ITC
2025-02-10 11:54:00+05:30,429.8,430.0,429.75,430.0,10391,ITC
2025-02-10 11:55:00+05:30,429.9,430.0,429.65,429.9,12810,ITC
2025-02-10 11:56:00+05:30,429.8,429.95,429.55,429.6,8810,ITC
2025-02-10 11:57:00+05:30,429.6,429.6,429.25,429.4,13732,ITC
2025-02-10 11:58:00+05:30,429.35,429.4,429.25,429.3,7323,ITC
2025-02-10 11:59:00+05:30,429.3,429.3,429.0,429.3,39113,ITC
2025-02-10 12:00:00+05:30,429.3,429.5,429.0,429.2,16400,ITC
2025-02-10 12:01:00+05:30,429.2,429.2,428.8,429.0,34540,ITC
2025-02-10 12:02:00+05:30,428.85,429.0,428.7,428.9,25342,ITC
2025-02-10 12:03:00+05:30,428.9,429.4,428.75,429.35,29683,ITC
2025-02-10 12:04:00+05:30,429.3,429.65,429.3,429.5,15853,ITC
2025-02-10 12:05:00+05:30,429.4,429.65,429.25,429.6,28560,ITC
2025-02-10 12:06:00+05:30,429.4,429.6,429.1,429.3,52121,ITC
2025-02-10 12:07:00+05:30,429.2,429.2,428.25,428.3,80035,ITC
2025-02-10 12:08:00+05:30,428.3,428.7,428.25,428.5,27629,ITC
2025-02-10 12:09:00+05:30,428.5,428.8,428.35,428.7,60767,ITC
2025-02-10 12:10:00+05:30,428.7,429.1,428.5,428.9,23229,ITC
2025-02-10 12:11:00+05:30,428.85,429.15,428.6,428.6,19957,ITC
2025-02-10 12:12:00+05:30,428.6,428.75,428.55,428.7,7633,ITC
2025-02-10 12:13:00+05:30,428.6,428.7,428.5,428.6,11049,ITC
2025-02-10 12:14:00+05:30,428.55,428.9,428.5,428.8,10839,ITC
2025-02-10 12:15:00+05:30,428.85,428.9,428.6,428.75,17482,ITC
2025-02-10 12:16:00+05:30,428.75,428.75,428.5,428.55,23027,ITC
2025-02-10 12:17:00+05:30,428.6,428.85,428.55,428.65,16450,ITC
2025-02-10 12:18:00+05:30,428.6,428.6,428.3,428.5,23071,ITC
2025-02-10 12:19:00+05:30,428.3,428.6,428.15,428.6,30807,ITC
2025-02-10 12:20:00+05:30,428.4,428.65,428.3,428.5,14534,ITC
2025-02-10 12:21:00+05:30,428.65,428.7,428.45,428.7,23758,ITC
2025-02-10 12:22:00+05:30,428.7,428.8,428.45,428.75,13114,ITC
2025-02-10 12:23:00+05:30,428.75,428.8,428.45,428.5,12061,ITC
2025-02-10 12:24:00+05:30,428.55,428.9,428.4,428.65,26437,ITC
2025-02-10 12:25:00+05:30,428.7,429.0,428.55,428.8,13539,ITC
2025-02-10 12:26:00+05:30,428.9,428.9,428.5,428.5,17812,ITC
2025-02-10 12:27:00+05:30,428.65,428.85,428.45,428.65,14336,ITC
2025-02-10 12:28:00+05:30,428.65,428.9,428.55,428.9,16068,ITC
2025-02-10 12:29:00+05:30,428.85,428.9,428.6,428.9,15394,ITC
2025-02-10 12:30:00+05:30,428.85,428.9,428.7,428.9,9031,ITC
2025-02-10 12:31:00+05:30,428.85,429.1,428.75,428.9,19545,ITC
2025-02-10 12:32:00+05:30,428.9,429.05,428.75,428.95,15437,ITC
2025-02-10 12:33:00+05:30,428.95,428.95,428.65,428.8,10045,ITC
2025-02-10 12:34:00+05:30,428.7,428.8,428.5,428.7,12770,ITC
2025-02-10 12:35:00+05:30,428.7,428.85,428.5,428.7,16496,ITC
2025-02-10 12:36:00+05:30,428.75,428.85,428.5,428.65,23035,ITC
2025-02-10 12:37:00+05:30,428.65,428.65,428.3,428.45,18796,ITC
2025-02-10 12:38:00+05:30,428.4,428.7,428.25,428.4,23286,ITC
2025-02-10 12:39:00+05:30,428.4,428.65,428.4,428.5,8051,ITC
2025-02-10 12:40:00+05:30,428.55,428.55,428.3,428.45,14090,ITC
2025-02-10 12:41:00+05:30,428.45,428.5,428.3,428.35,14919,ITC
2025-02-10 12:42:00+05:30,428.5,428.55,428.3,428.3,16905,ITC
2025-02-10 12:43:00+05:30,428.35,428.55,428.3,428.55,12213,ITC
2025-02-10 12:44:00+05:30,428.4,428.7,428.35,428.7,12829,ITC
2025-02-10 12:45:00+05:30,428.6,428.75,428.3,428.45,32530,ITC
2025-02-10 12:46:00+05:30,428.3,428.5,428.3,428.3,10825,ITC
2025-02-10 12:47:00+05:30,428.5,428.5,428.3,428.4,11752,ITC
2025-02-10 12:48:00+05:30,428.3,428.45,428.3,428.35,15795,ITC
2025-02-10 12:49:00+05:30,428.35,428.4,428.1,428.2,29745,ITC
2025-02-10 12:50:00+05:30,428.15,428.3,428.1,428.2,18682,ITC
2025-02-10 12:51:00+05:30,428.2,428.35,428.1,428.15,12597,ITC
2025-02-10 12:52:00+05:30,428.15,428.3,428.1,428.15,10035,ITC
2025-02-10 12:53:00+05:30,428.15,428.35,427.95,428.3,84389,ITC
2025-02-10 12:54:00+05:30,428.3,428.5,428.25,428.3,10631,ITC
2025-02-10 12:55:00+05:30,428.25,428.5,428.2,428.45,7580,ITC
2025-02-10 12:56:00+05:30,428.35,428.5,428.25,428.25,8810,ITC
2025-02-10 12:57:00+05:30,428.25,428.6,428.25,428.55,20769,ITC
2025-02-10 12:58:00+05:30,428.4,428.55,428.3,428.55,17168,ITC
2025-02-10 12:59:00+05:30,428.5,428.55,428.35,428.5,7750,ITC
2025-02-10 13:00:00+05:30,428.4,428.5,428.05,428.2,19415,ITC
2025-02-10 13:01:00+05:30,428.15,428.35,428.05,428.15,13240,ITC
2025-02-10 13:02:00+05:30,428.1,428.35,428.05,428.2,14039,ITC
2025-02-10 13:03:00+05:30,428.1,428.4,428.1,428.2,15130,ITC
2025-02-10 13:04:00+05:30,428.2,428.4,428.1,428.1,9564,ITC
2025-02-10 13:05:00+05:30,428.25,428.25,428.0,428.0,15917,ITC
2025-02-10 13:06:00+05:30,428.0,428.15,428.0,428.05,9878,ITC
2025-02-10 13:07:00+05:30,428.05,428.1,428.0,428.05,14272,ITC
2025-02-10 13:08:00+05:30,428.0,428.1,428.0,428.1,13078,ITC
2025-02-10 13:09:00+05:30,428.1,428.35,427.95,428.05,70636,ITC
2025-02-10 13:10:00+05:30,428.0,428.45,428.0,428.05,26927,ITC
2025-02-10 13:11:00+05:30,428.1,428.3,427.9,428.0,20166,ITC
2025-02-10 13:12:00+05:30,428.0,428.05,427.5,427.5,36753,ITC
2025-02-10 13:13:00+05:30,427.5,427.75,427.05,427.5,68060,ITC
2025-02-10 13:14:00+05:30,427.4,427.5,427.05,427.4,26648,ITC
2025-02-10 13:15:00+05:30,427.4,427.4,427.0,427.0,38054,ITC
2025-02-10 13:16:00+05:30,427.0,427.05,426.5,426.7,71400,ITC
2025-02-10 13:17:00+05:30,426.6,426.9,426.55,426.9,39349,ITC
2025-02-10 13:18:00+05:30,426.8,427.3,426.75,427.25,34230,ITC
2025-02-10 13:19:00+05:30,427.15,427.4,427.1,427.25,20591,ITC
2025-02-10 13:20:00+05:30,427.25,427.4,427.1,427.35,12145,ITC
2025-02-10 13:21:00+05:30,427.2,427.4,427.2,427.35,10129,ITC
2025-02-10 13:22:00+05:30,427.25,427.35,427.05,427.25,18148,ITC
2025-02-10 13:23:00+05:30,427.1,427.4,427.05,427.25,24235,ITC
2025-02-10 13:24:00+05:30,427.15,427.35,426.85,427.05,19345,ITC
2025-02-10 13:25:00+05:30,427.05,427.25,426.85,427.1,18213,ITC
2025-02-10 13:26:00+05:30,427.15,427.25,427.05,427.2,16111,ITC
2025-02-10 13:27:00+05:30,427.1,427.4,427.1,427.35,13069,ITC
2025-02-10 13:28:00+05:30,427.25,427.85,427.25,427.7,29114,ITC
2025-02-10 13:29:00+05:30,427.7,427.7,427.15,427.35,94152,ITC
2025-02-10 13:30:00+05:30,427.45,427.65,427.25,427.6,23148,ITC
2025-02-10 13:31:00+05:30,427.5,427.75,427.5,427.7,18340,ITC
2025-02-10 13:32:00+05:30,427.7,427.7,427.45,427.65,13836,ITC
2025-02-10 13:33:00+05:30,427.5,427.55,427.3,427.45,19766,ITC
2025-02-10 13:34:00+05:30,427.4,427.45,426.75,426.85,46778,ITC
2025-02-10 13:35:00+05:30,426.85,427.35,426.75,427.2,62147,ITC
2025-02-10 13:36:00+05:30,427.1,427.4,427.05,427.2,36974,ITC
2025-02-10 13:37:00+05:30,427.2,427.2,427.05,427.1,22185,ITC
2025-02-10 13:38:00+05:30,427.05,427.2,427.05,427.2,9559,ITC
2025-02-10 13:39:00+05:30,427.2,427.3,427.05,427.3,21109,ITC
2025-02-10 13:40:00+05:30,427.2,427.35,427.05,427.1,9587,ITC
2025-02-10 13:41:00+05:30,427.1,427.5,427.05,427.5,21731,ITC
2025-02-10 13:42:00+05:30,427.45,427.7,427.4,427.5,17793,ITC
2025-02-10 13:43:00+05:30,427.5,427.8,427.4,427.8,14987,ITC
2025-02-10 13:44:00+05:30,427.7,428.35,427.7,428.2,32758,ITC
2025-02-10 13:45:00+05:30,428.1,428.35,428.0,428.15,16085,ITC
2025-02-10 13:46:00+05:30,428.15,428.3,427.95,428.0,18663,ITC
2025-02-10 13:47:00+05:30,428.0,428.15,427.85,428.05,18233,ITC
2025-02-10 13:48:00+05:30,428.0,428.05,427.8,427.95,14577,ITC
2025-02-10 13:49:00+05:30,427.85,427.95,427.7,427.85,17829,ITC
2025-02-10 13:50:00+05:30,427.85,428.0,427.7,428.0,31946,ITC
2025-02-10 13:51:00+05:30,427.9,428.55,427.85,428.45,115494,ITC
2025-02-10 13:52:00+05:30,428.4,428.7,428.3,428.6,21968,ITC
2025-02-10 13:53:00+05:30,428.4,428.45,427.9,428.1,12964,ITC
2025-02-10 13:54:00+05:30,428.0,428.95,427.85,428.6,136897,ITC
2025-02-10 13:55:00+05:30,428.55,428.55,428.05,428.15,10396,ITC
2025-02-10 13:56:00+05:30,428.0,428.5,428.0,428.3,17162,ITC
2025-02-10 13:57:00+05:30,428.3,428.5,428.1,428.15,18151,ITC
2025-02-10 13:58:00+05:30,428.15,428.5,428.1,428.35,14022,ITC
2025-02-10 13:59:00+05:30,428.2,428.55,428.05,428.35,20944,ITC
2025-02-10 14:00:00+05:30,428.55,428.6,428.35,428.45,13061,ITC
2025-02-10 14:01:00+05:30,428.35,428.45,428.15,428.2,12052,ITC
2025-02-10 14:02:00+05:30,428.25,428.55,428.2,428.5,16759,ITC
2025-02-10 14:03:00+05:30,428.4,428.5,428.25,428.4,17373,ITC
2025-02-10 14:04:00+05:30,428.35,428.5,428.1,428.25,24639,ITC
2025-02-10 14:05:00+05:30,428.15,428.55,428.15,428.55,27110,ITC
2025-02-10 14:06:00+05:30,428.55,428.55,428.2,428.35,21889,ITC
2025-02-10 14:07:00+05:30,428.35,428.4,428.0,428.2,11919,ITC
2025-02-10 14:08:00+05:30,428.05,428.2,427.75,427.85,24559,ITC
2025-02-10 14:09:00+05:30,427.85,428.05,427.65,428.0,19016,ITC
2025-02-10 14:10:00+05:30,427.9,428.15,427.9,428.1,18585,ITC
2025-02-10 14:11:00+05:30,427.95,428.0,427.8,427.95,15876,ITC
2025-02-10 14:12:00+05:30,427.8,427.95,427.7,427.8,24984,ITC
2025-02-10 14:13:00+05:30,427.7,427.9,427.55,427.75,14275,ITC
2025-02-10 14:14:00+05:30,427.7,427.75,427.5,427.6,32408,ITC
2025-02-10 14:15:00+05:30,427.5,427.7,427.4,427.65,31086,ITC
2025-02-10 14:16:00+05:30,427.65,427.95,427.45,427.95,23089,ITC
2025-02-10 14:17:00+05:30,427.8,428.0,427.6,427.75,16553,ITC
2025-02-10 14:18:00+05:30,427.65,427.75,427.55,427.75,24437,ITC
2025-02-10 14:19:00+05:30,427.75,427.95,427.6,427.8,24374,ITC
2025-02-10 14:20:00+05:30,427.8,427.8,427.55,427.8,22510,ITC
2025-02-10 14:21:00+05:30,427.6,427.8,427.5,427.55,21694,ITC
2025-02-10 14:22:00+05:30,427.55,427.65,427.3,427.4,15508,ITC
2025-02-10 14:23:00+05:30,427.4,427.55,427.05,427.2,34318,ITC
2025-02-10 14:24:00+05:30,427.05,427.45,427.05,427.45,40913,ITC
2025-02-10 14:25:00+05:30,427.25,427.4,427.1,427.1,23449,ITC
2025-02-10 14:26:00+05:30,427.25,427.35,427.1,427.25,17935,ITC
2025-02-10 14:27:00+05:30,427.1,427.6,427.1,427.55,44037,ITC
2025-02-10 14:28:00+05:30,427.45,427.55,427.3,427.5,18941,ITC
2025-02-10 14:29:00+05:30,427.35,427.7,427.3,427.65,43209,ITC
2025-02-10 14:30:00+05:30,427.5,427.85,427.5,427.75,38037,ITC
2025-02-10 14:31:00+05:30,427.75,427.95,427.75,427.9,28945,ITC
2025-02-10 14:32:00+05:30,427.85,428.1,427.5,427.5,49581,ITC
2025-02-10 14:33:00+05:30,427.5,427.7,427.5,427.7,28249,ITC
2025-02-10 14:34:00+05:30,427.6,427.7,427.5,427.55,27942,ITC
2025-02-10 14:35:00+05:30,427.5,427.7,427.1,427.3,76931,ITC
2025-02-10 14:36:00+05:30,427.1,427.3,427.0,427.1,85492,ITC
2025-02-10 14:37:00+05:30,427.0,427.5,427.0,427.4,40989,ITC
2025-02-10 14:38:00+05:30,427.25,427.4,427.1,427.3,24342,ITC
2025-02-10 14:39:00+05:30,427.2,427.4,427.15,427.3,30964,ITC
2025-02-10 14:40:00+05:30,427.25,427.95,427.2,427.75,78410,ITC
2025-02-10 14:41:00+05:30,427.65,427.9,427.3,427.5,31762,ITC
2025-02-10 14:42:00+05:30,427.4,427.5,427.05,427.25,54282,ITC
2025-02-10 14:43:00+05:30,427.2,427.3,426.75,426.8,154458,ITC
2025-02-10 14:44:00+05:30,426.8,426.9,426.75,426.75,42622,ITC
2025-02-10 14:45:00+05:30,426.75,427.45,426.7,427.2,48285,ITC
2025-02-10 14:46:00+05:30,427.2,427.25,427.0,427.05,23821,ITC
2025-02-10 14:47:00+05:30,427.0,427.4,426.9,427.4,54963,ITC
2025-02-10 14:48:00+05:30,427.35,427.75,427.35,427.75,41265,ITC
2025-02-10 14:49:00+05:30,427.6,427.75,427.35,427.5,32462,ITC
2025-02-10 14:50:00+05:30,427.5,428.0,427.5,427.65,71865,ITC
2025-02-10 14:51:00+05:30,427.55,427.75,427.45,427.65,31321,ITC
2025-02-10 14:52:00+05:30,427.6,427.7,427.35,427.7,41475,ITC
2025-02-10 14:53:00+05:30,427.6,428.0,427.55,427.95,22951,ITC
2025-02-10 14:54:00+05:30,427.9,427.95,427.75,427.9,19641,ITC
2025-02-10 14:55:00+05:30,427.75,427.9,427.7,427.85,25109,ITC
2025-02-10 14:56:00+05:30,427.85,427.95,427.7,427.95,49934,ITC
2025-02-10 14:57:00+05:30,427.95,428.15,427.85,427.95,38099,ITC
2025-02-10 14:58:00+05:30,427.95,427.95,427.65,427.8,21519,ITC
2025-02-10 14:59:00+05:30,427.7,427.8,427.6,427.65,26329,ITC
2025-02-10 15:00:00+05:30,427.65,427.85,427.4,427.4,140616,ITC
2025-02-10 15:01:00+05:30,427.55,427.55,427.2,427.45,86975,ITC
2025-02-10 15:02:00+05:30,427.55,427.55,427.25,427.3,28013,ITC
2025-02-10 15:03:00+05:30,427.35,427.7,427.25,427.65,95179,ITC
2025-02-10 15:04:00+05:30,427.65,427.7,427.45,427.55,22218,ITC
2025-02-10 15:05:00+05:30,427.5,427.55,427.4,427.45,54025,ITC
2025-02-10 15:06:00+05:30,427.5,427.6,427.3,427.35,67907,ITC
2025-02-10 15:07:00+05:30,427.35,427.45,427.15,427.25,56239,ITC
2025-02-10 15:08:00+05:30,427.2,427.35,427.05,427.25,107999,ITC
2025-02-10 15:09:00+05:30,427.25,427.3,427.05,427.2,60264,ITC
2025-02-10 15:10:00+05:30,427.25,427.3,427.05,427.15,78405,ITC
2025-02-10 15:11:00+05:30,427.15,427.15,426.75,426.8,55523,ITC
2025-02-10 15:12:00+05:30,426.8,426.9,426.75,426.8,106813,ITC
2025-02-10 15:13:00+05:30,426.9,426.95,426.8,426.95,106639,ITC
2025-02-10 15:14:00+05:30,426.95,426.95,426.8,426.9,73517,ITC
2025-02-10 15:15:00+05:30,426.9,427.35,426.9,427.25,381056,ITC
2025-02-10 15:16:00+05:30,427.25,427.35,427.0,427.15,148126,ITC
2025-02-10 15:17:00+05:30,427.2,427.25,427.1,427.15,50624,ITC
2025-02-10 15:18:00+05:30,427.2,427.2,427.0,427.15,110456,ITC
2025-02-10 15:19:00+05:30,427.05,427.2,427.0,427.15,51517,ITC
2025-02-10 15:20:00+05:30,427.1,427.15,426.75,426.9,134649,ITC
2025-02-10 15:21:00+05:30,426.85,427.15,426.85,427.15,167304,ITC
2025-02-10 15:22:00+05:30,427.05,427.15,426.8,426.95,185094,ITC
2025-02-10 15:23:00+05:30,426.9,427.05,426.85,427.05,76215,ITC
2025-02-10 15:24:00+05:30,427.05,427.8,426.9,427.7,138709,ITC
2025-02-10 15:25:00+05:30,427.65,427.95,427.55,427.85,58852,ITC
2025-02-10 15:26:00+05:30,427.8,427.85,427.65,427.75,34963,ITC
2025-02-10 15:27:00+05:30,427.75,427.75,427.35,427.75,155484,ITC
2025-02-10 15:28:00+05:30,427.7,427.7,427.25,427.7,85208,ITC
2025-02-10 15:29:00+05:30,427.7,427.7,427.4,427.7,42079,ITC
2025-02-11 09:15:00+05:30,428.8,430.55,427.7,429.0,212355,ITC
2025-02-11 09:16:00+05:30,429.25,430.15,429.0,429.75,77478,ITC
2025-02-11 09:17:00+05:30,429.75,430.15,429.35,429.7,46631,ITC
2025-02-11 09:18:00+05:30,429.9,430.05,429.7,429.95,48178,ITC
2025-02-11 09:19:00+05:30,429.8,430.4,429.5,429.75,78213,ITC
2025-02-11 09:20:00+05:30,429.75,429.85,429.3,429.55,41358,ITC
2025-02-11 09:21:00+05:30,429.45,430.1,429.45,430.1,99895,ITC
2025-02-11 09:22:00+05:30,430.0,430.25,429.5,429.75,49083,ITC
2025-02-11 09:23:00+05:30,429.6,429.95,429.6,429.7,37210,ITC
2025-02-11 09:24:00+05:30,429.7,429.75,428.8,428.9,68336,ITC
2025-02-11 09:25:00+05:30,428.9,428.95,428.6,428.8,27212,ITC
2025-02-11 09:26:00+05:30,428.8,429.2,428.75,428.95,26183,ITC
2025-02-11 09:27:00+05:30,429.05,429.1,428.7,428.85,18969,ITC
2025-02-11 09:28:00+05:30,428.95,429.0,428.1,428.1,32809,ITC
2025-02-11 09:29:00+05:30,428.2,428.6,428.05,428.4,41450,ITC
2025-02-11 09:30:00+05:30,428.4,428.9,428.05,428.6,35926,ITC
2025-02-11 09:31:00+05:30,428.65,429.15,428.55,429.0,26925,ITC
2025-02-11 09:32:00+05:30,428.85,429.25,428.6,428.65,16921,ITC
2025-02-11 09:33:00+05:30,428.65,428.9,428.55,428.9,9116,ITC
2025-02-11 09:34:00+05:30,428.75,429.0,428.55,428.55,16563,ITC
2025-02-11 09:35:00+05:30,428.7,428.7,427.75,427.9,41174,ITC
2025-02-11 09:36:00+05:30,427.9,428.2,427.75,428.05,24270,ITC
2025-02-11 09:37:00+05:30,428.1,428.35,427.9,428.2,20012,ITC
2025-02-11 09:38:00+05:30,428.2,428.5,428.1,428.2,14085,ITC
2025-02-11 09:39:00+05:30,428.1,428.2,427.2,427.4,35876,ITC
2025-02-11 09:40:00+05:30,427.45,427.85,427.4,427.75,14540,ITC
2025-02-11 09:41:00+05:30,427.85,428.0,427.5,427.8,20040,ITC
2025-02-11 09:42:00+05:30,427.9,428.5,427.7,428.5,14887,ITC
2025-02-11 09:43:00+05:30,428.4,428.7,427.7,427.9,23472,ITC
2025-02-11 09:44:00+05:30,427.9,428.05,427.5,427.65,17373,ITC
2025-02-11 09:45:00+05:30,427.6,427.7,427.35,427.55,9146,ITC
2025-02-11 09:46:00+05:30,427.6,427.6,426.65,426.8,52840,ITC
2025-02-11 09:47:00+05:30,426.75,427.0,426.1,426.1,56037,ITC
2025-02-11 09:48:00+05:30,426.2,426.3,425.6,425.85,63797,ITC
2025-02-11 09:49:00+05:30,425.75,426.55,425.75,426.2,44735,ITC
2025-02-11 09:50:00+05:30,426.15,427.15,426.1,426.8,41314,ITC
2025-02-11 09:51:00+05:30,426.85,426.9,426.25,426.45,49606,ITC
2025-02-11 09:52:00+05:30,426.45,426.9,426.25,426.35,35675,ITC
2025-02-11 09:53:00+05:30,426.45,426.65,426.3,426.3,28161,ITC
2025-02-11 09:54:00+05:30,426.35,426.7,426.2,426.4,22186,ITC
2025-02-11 09:55:00+05:30,426.4,426.4,426.1,426.3,14813,ITC
2025-02-11 09:56:00+05:30,426.25,426.65,425.85,426.6,53668,ITC
2025-02-11 09:57:00+05:30,426.55,426.7,426.25,426.35,29110,ITC
2025-02-11 09:58:00+05:30,426.35,426.5,426.1,426.5,21058,ITC
2025-02-11 09:59:00+05:30,426.4,426.55,426.2,426.3,21857,ITC
2025-02-11 10:00:00+05:30,426.3,426.65,426.3,426.6,19649,ITC
2025-02-11 10:01:00+05:30,426.5,426.65,426.4,426.6,17791,ITC
2025-02-11 10:02:00+05:30,426.5,426.85,426.3,426.45,18330,ITC
2025-02-11 10:03:00+05:30,426.45,426.65,426.3,426.4,15393,ITC
2025-02-11 10:04:00+05:30,426.4,426.6,426.3,426.3,14946,ITC
2025-02-11 10:05:00+05:30,426.3,426.6,426.2,426.5,21080,ITC
2025-02-11 10:06:00+05:30,426.4,426.5,425.8,425.9,51709,ITC
2025-02-11 10:07:00+05:30,425.9,425.9,425.6,425.65,18664,ITC
2025-02-11 10:08:00+05:30,425.6,425.7,425.5,425.5,45275,ITC
2025-02-11 10:09:00+05:30,425.55,425.65,425.1,425.1,44307,ITC
2025-02-11 10:10:00+05:30,425.3,425.55,425.05,425.15,36763,ITC
2025-02-11 10:11:00+05:30,425.2,425.3,424.6,424.65,94269,ITC
2025-02-11 10:12:00+05:30,424.8,425.0,424.6,424.95,42572,ITC
2025-02-11 10:13:00+05:30,424.95,425.1,424.7,425.05,47668,ITC
2025-02-11 10:14:00+05:30,425.05,425.15,424.9,425.15,25444,ITC
2025-02-11 10:15:00+05:30,425.1,425.2,424.8,425.2,25663,ITC
2025-02-11 10:16:00+05:30,425.2,425.4,425.0,425.05,18991,ITC
2025-02-11 10:17:00+05:30,425.05,425.05,424.75,424.8,21620,ITC
2025-02-11 10:18:00+05:30,424.8,425.15,424.75,425.0,21863,ITC
2025-02-11 10:19:00+05:30,425.05,425.35,424.9,425.1,30965,ITC
2025-02-11 10:20:00+05:30,425.15,425.5,425.05,425.45,24941,ITC
2025-02-11 10:21:00+05:30,425.45,425.5,425.25,425.5,19967,ITC
2025-02-11 10:22:00+05:30,425.5,425.5,424.9,425.2,13963,ITC
2025-02-11 10:23:00+05:30,425.2,425.25,424.7,424.75,20684,ITC
2025-02-11 10:24:00+05:30,424.75,424.95,424.35,424.9,46910,ITC
2025-02-11 10:25:00+05:30,424.75,425.0,424.65,424.8,17083,ITC
2025-02-11 10:26:00+05:30,424.8,425.0,424.5,424.8,17139,ITC
2025-02-11 10:27:00+05:30,424.8,424.9,424.6,424.8,10874,ITC
2025-02-11 10:28:00+05:30,424.8,424.95,424.55,424.95,9578,ITC
2025-02-11 10:29:00+05:30,424.9,425.25,424.85,424.9,49483,ITC
2025-02-11 10:30:00+05:30,424.9,425.05,424.65,424.8,18948,ITC
2025-02-11 10:31:00+05:30,424.8,425.3,424.6,425.2,22316,ITC
2025-02-11 10:32:00+05:30,425.2,425.25,424.8,425.05,18433,ITC
2025-02-11 10:33:00+05:30,425.05,425.05,424.6,424.65,9621,ITC
2025-02-11 10:34:00+05:30,424.65,424.8,424.55,424.65,13469,ITC
2025-02-11 10:35:00+05:30,424.65,424.9,424.55,424.75,14058,ITC
2025-02-11 10:36:00+05:30,424.75,424.85,424.6,424.65,11765,ITC
2025-02-11 10:37:00+05:30,424.65,424.85,424.55,424.65,9982,ITC
2025-02-11 10:38:00+05:30,424.65,425.2,424.55,425.2,54880,ITC
2025-02-11 10:39:00+05:30,425.2,425.2,424.35,424.45,94929,ITC
2025-02-11 10:40:00+05:30,424.4,424.5,424.1,424.3,24095,ITC
2025-02-11 10:41:00+05:30,424.3,424.3,424.05,424.1,23709,ITC
2025-02-11 10:42:00+05:30,424.15,424.3,424.05,424.2,18277,ITC
2025-02-11 10:43:00+05:30,424.2,424.3,424.0,424.25,19268,ITC
2025-02-11 10:44:00+05:30,424.15,424.25,424.0,424.05,32026,ITC
2025-02-11 10:45:00+05:30,424.0,424.3,423.85,424.15,34861,ITC
2025-02-11 10:46:00+05:30,424.15,424.35,423.95,424.2,29146,ITC
2025-02-11 10:47:00+05:30,424.1,424.4,424.05,424.4,18177,ITC
2025-02-11 10:48:00+05:30,424.4,424.5,424.0,424.1,30354,ITC
2025-02-11 10:49:00+05:30,424.1,424.2,424.0,424.15,10320,ITC
2025-02-11 10:50:00+05:30,424.15,424.25,424.0,424.2,17584,ITC
2025-02-11 10:51:00+05:30,424.2,424.45,424.15,424.45,19054,ITC
2025-02-11 10:52:00+05:30,424.45,424.95,424.4,424.4,130583,ITC
2025-02-11 10:53:00+05:30,424.5,424.6,424.4,424.6,19183,ITC
2025-02-11 10:54:00+05:30,424.5,424.6,424.1,424.3,18905,ITC
2025-02-11 10:55:00+05:30,424.3,424.5,424.1,424.45,25719,ITC
2025-02-11 10:56:00+05:30,424.35,424.7,424.35,424.5,24605,ITC
2025-02-11 10:57:00+05:30,424.5,424.55,424.3,424.45,12061,ITC
2025-02-11 10:58:00+05:30,424.45,424.65,424.3,424.45,14078,ITC
2025-02-11 10:59:00+05:30,424.4,424.5,424.25,424.45,8400,ITC
2025-02-11 11:00:00+05:30,424.45,424.65,424.35,424.6,18417,ITC
2025-02-11 11:01:00+05:30,424.6,424.8,424.5,424.8,6415,ITC
2025-02-11 11:02:00+05:30,424.8,424.85,424.6,424.8,20912,ITC
2025-02-11 11:03:00+05:30,424.75,424.8,424.7,424.8,12988,ITC
2025-02-11 11:04:00+05:30,424.8,424.95,424.75,424.95,21602,ITC
2025-02-11 11:05:00+05:30,424.95,425.0,424.55,424.7,20456,ITC
2025-02-11 11:06:00+05:30,424.75,425.1,424.7,425.05,15124,ITC
2025-02-11 11:07:00+05:30,425.05,425.1,424.75,424.9,13768,ITC
2025-02-11 11:08:00+05:30,424.9,424.95,424.8,424.9,9269,ITC
2025-02-11 11:09:00+05:30,424.85,424.9,424.8,424.85,5021,ITC
2025-02-11 11:10:00+05:30,424.85,424.85,423.7,424.0,148501,ITC
2025-02-11 11:11:00+05:30,423.9,424.1,423.75,424.0,98164,ITC
2025-02-11 11:12:00+05:30,424.0,424.0,423.85,424.0,26906,ITC
2025-02-11 11:13:00+05:30,423.95,424.0,423.2,423.4,36114,ITC
2025-02-11 11:14:00+05:30,423.2,423.5,423.05,423.05,28999,ITC
2025-02-11 11:15:00+05:30,423.2,423.35,423.05,423.35,21544,ITC
2025-02-11 11:16:00+05:30,423.35,423.95,423.25,423.9,66356,ITC
2025-02-11 11:17:00+05:30,423.9,423.9,423.6,423.85,10687,ITC
2025-02-11 11:18:00+05:30,423.85,424.0,423.75,423.95,16802,ITC
2025-02-11 11:19:00+05:30,423.95,424.0,423.8,423.95,12549,ITC
2025-02-11 11:20:00+05:30,423.95,424.0,423.85,423.95,11903,ITC
2025-02-11 11:21:00+05:30,423.95,424.15,423.8,423.95,49345,ITC
2025-02-11 11:22:00+05:30,423.9,423.95,423.75,423.85,8644,ITC
2025-02-11 11:23:00+05:30,423.85,423.95,423.6,423.8,10274,ITC
2025-02-11 11:24:00+05:30,423.8,423.9,423.75,423.75,16900,ITC
2025-02-11 11:25:00+05:30,423.75,423.85,423.6,423.75,11586,ITC
2025-02-11 11:26:00+05:30,423.75,423.85,423.6,423.75,13290,ITC
2025-02-11 11:27:00+05:30,423.75,423.85,423.35,423.4,23428,ITC
2025-02-11 11:28:00+05:30,423.5,423.55,423.25,423.35,18868,ITC
2025-02-11 11:29:00+05:30,423.35,423.35,422.8,422.9,80031,ITC
2025-02-11 11:30:00+05:30,422.85,422.95,422.65,422.95,33128,ITC
2025-02-11 11:31:00+05:30,422.95,422.95,422.7,422.8,17512,ITC
2025-02-11 11:32:00+05:30,422.8,422.9,422.55,422.75,26957,ITC
2025-02-11 11:33:00+05:30,422.75,422.95,422.55,422.85,21228,ITC
2025-02-11 11:34:00+05:30,422.8,422.85,422.6,422.8,11688,ITC
2025-02-11 11:35:00+05:30,422.8,422.9,422.55,422.8,15850,ITC
2025-02-11 11:36:00+05:30,422.8,422.8,422.55,422.75,11362,ITC
2025-02-11 11:37:00+05:30,422.7,422.9,422.6,422.9,22303,ITC
2025-02-11 11:38:00+05:30,422.95,423.3,422.85,423.15,24167,ITC
2025-02-11 11:39:00+05:30,423.15,423.2,422.9,423.05,8736,ITC
2025-02-11 11:40:00+05:30,423.1,423.15,422.75,422.95,8284,ITC
2025-02-11 11:41:00+05:30,422.95,423.0,422.7,422.7,11273,ITC
2025-02-11 11:42:00+05:30,422.8,423.15,422.75,422.95,37620,ITC
2025-02-11 11:43:00+05:30,422.95,422.95,422.65,422.75,8571,ITC
2025-02-11 11:44:00+05:30,422.75,422.8,422.65,422.7,6618,ITC
2025-02-11 11:45:00+05:30,422.7,422.8,422.6,422.75,11916,ITC
2025-02-11 11:46:00+05:30,422.75,422.85,422.6,422.8,10668,ITC
2025-02-11 11:47:00+05:30,422.8,422.85,422.6,422.6,15143,ITC
2025-02-11 11:48:00+05:30,422.55,422.55,422.3,422.55,24714,ITC
2025-02-11 11:49:00+05:30,422.55,422.6,422.35,422.55,8842,ITC
2025-02-11 11:50:00+05:30,422.5,422.75,422.45,422.65,5226,ITC
2025-02-11 11:51:00+05:30,422.65,422.75,422.55,422.7,5047,ITC
2025-02-11 11:52:00+05:30,422.65,422.7,422.5,422.55,8827,ITC
2025-02-11 11:53:00+05:30,422.6,422.8,422.5,422.75,8394,ITC
2025-02-11 11:54:00+05:30,422.75,422.85,422.65,422.85,6215,ITC
2025-02-11 11:55:00+05:30,422.85,422.85,422.5,422.7,10769,ITC
2025-02-11 11:56:00+05:30,422.7,422.85,422.5,422.8,10141,ITC
2025-02-11 11:57:00+05:30,422.8,422.85,422.6,422.75,5001,ITC
2025-02-11 11:58:00+05:30,422.75,423.0,422.6,422.9,16348,ITC
2025-02-11 11:59:00+05:30,422.9,423.0,422.8,422.95,10078,ITC
2025-02-11 12:00:00+05:30,422.95,422.95,422.65,422.65,10313,ITC
2025-02-11 12:01:00+05:30,422.8,422.85,422.6,422.6,5366,ITC
2025-02-11 12:02:00+05:30,422.7,422.9,422.6,422.8,8997,ITC
2025-02-11 12:03:00+05:30,422.85,422.85,422.7,422.8,5465,ITC
2025-02-11 12:04:00+05:30,422.8,422.8,422.6,422.7,15442,ITC
2025-02-11 12:05:00+05:30,422.7,422.95,422.65,422.9,11249,ITC
2025-02-11 12:06:00+05:30,422.95,422.95,422.65,422.75,14851,ITC
2025-02-11 12:07:00+05:30,422.75,422.75,422.7,422.75,9390,ITC
2025-02-11 12:08:00+05:30,422.75,422.85,422.7,422.75,14373,ITC
2025-02-11 12:09:00+05:30,422.75,422.9,422.65,422.9,22957,ITC
2025-02-11 12:10:00+05:30,422.8,422.9,422.5,422.65,37600,ITC
2025-02-11 12:11:00+05:30,422.65,423.0,422.55,423.0,48827,ITC
2025-02-11 12:12:00+05:30,423.0,423.15,422.95,423.1,36858,ITC
2025-02-11 12:13:00+05:30,423.0,423.2,423.0,423.15,30727,ITC
2025-02-11 12:14:00+05:30,423.15,423.15,422.8,422.95,31874,ITC
2025-02-11 12:15:00+05:30,422.9,423.1,422.6,422.75,35200,ITC
2025-02-11 12:16:00+05:30,422.75,422.9,422.55,422.65,17564,ITC
2025-02-11 12:17:00+05:30,422.65,422.9,422.6,422.8,19159,ITC
2025-02-11 12:18:00+05:30,422.8,422.95,422.65,422.95,20168,ITC
2025-02-11 12:19:00+05:30,422.85,423.1,422.75,422.75,14265,ITC
2025-02-11 12:20:00+05:30,422.9,422.9,422.75,422.85,23475,ITC
2025-02-11 12:21:00+05:30,422.85,423.1,422.75,423.05,34046,ITC
2025-02-11 12:22:00+05:30,423.05,423.2,422.95,423.0,21503,ITC
2025-02-11 12:23:00+05:30,423.1,423.6,423.0,423.45,34740,ITC
2025-02-11 12:24:00+05:30,423.4,423.45,423.1,423.15,7890,ITC
2025-02-11 12:25:00+05:30,423.2,423.3,423.1,423.3,7774,ITC
2025-02-11 12:26:00+05:30,423.3,423.45,423.2,423.4,12599,ITC
2025-02-11 12:27:00+05:30,423.3,423.5,423.3,423.45,18196,ITC
2025-02-11 12:28:00+05:30,423.45,423.5,423.3,423.45,9531,ITC
2025-02-11 12:29:00+05:30,423.45,423.45,423.35,423.45,3641,ITC
2025-02-11 12:30:00+05:30,423.4,423.5,423.35,423.5,7911,ITC
2025-02-11 12:31:00+05:30,423.5,423.6,423.45,423.45,13416,ITC
2025-02-11 12:32:00+05:30,423.5,423.55,423.45,423.45,18264,ITC
2025-02-11 12:33:00+05:30,423.5,423.75,423.45,423.7,18981,ITC
2025-02-11 12:34:00+05:30,423.7,423.75,423.6,423.75,15424,ITC
2025-02-11 12:35:00+05:30,423.75,423.75,423.6,423.7,6101,ITC
2025-02-11 12:36:00+05:30,423.65,424.0,423.65,424.0,18140,ITC
2025-02-11 12:37:00+05:30,423.95,424.15,423.85,424.0,53086,ITC
2025-02-11 12:38:00+05:30,423.95,423.95,423.75,423.8,18093,ITC
2025-02-11 12:39:00+05:30,423.8,423.9,423.75,423.85,9396,ITC
2025-02-11 12:40:00+05:30,423.85,423.95,423.8,423.9,12332,ITC
2025-02-11 12:41:00+05:30,423.9,423.95,423.7,423.9,11423,ITC
2025-02-11 12:42:00+05:30,423.9,423.95,423.8,423.85,11031,ITC
2025-02-11 12:43:00+05:30,423.9,423.95,423.7,423.8,14806,ITC
2025-02-11 12:44:00+05:30,423.85,423.9,423.35,423.45,11537,ITC
2025-02-11 12:45:00+05:30,423.6,423.8,423.5,423.7,10452,ITC
2025-02-11 12:46:00+05:30,423.7,423.8,423.55,423.65,5213,ITC
2025-02-11 12:47:00+05:30,423.65,423.85,423.45,423.6,23583,ITC
2025-02-11 12:48:00+05:30,423.6,423.75,423.5,423.6,7380,ITC
2025-02-11 12:49:00+05:30,423.6,423.75,423.35,423.45,8012,ITC
2025-02-11 12:50:00+05:30,423.35,423.55,423.2,423.4,33938,ITC
2025-02-11 12:51:00+05:30,423.35,423.6,423.35,423.5,10566,ITC
2025-02-11 12:52:00+05:30,423.5,423.65,423.3,423.4,10839,ITC
2025-02-11 12:53:00+05:30,423.4,423.65,423.4,423.65,4756,ITC
2025-02-11 12:54:00+05:30,423.5,423.7,423.5,423.65,11650,ITC
2025-02-11 12:55:00+05:30,423.65,423.75,422.55,422.75,70532,ITC
2025-02-11 12:56:00+05:30,422.7,423.15,422.5,422.6,65486,ITC
2025-02-11 12:57:00+05:30,422.5,422.75,422.5,422.5,12608,ITC
2025-02-11 12:58:00+05:30,422.55,422.8,422.35,422.45,51869,ITC
2025-02-11 12:59:00+05:30,422.35,422.55,422.3,422.4,11459,ITC
2025-02-11 13:00:00+05:30,422.45,422.45,421.7,421.95,78020,ITC
2025-02-11 13:01:00+05:30,421.95,422.0,421.55,421.7,46834,ITC
2025-02-11 13:02:00+05:30,421.75,421.75,421.45,421.5,46705,ITC
2025-02-11 13:03:00+05:30,421.5,421.7,421.45,421.55,30642,ITC
2025-02-11 13:04:00+05:30,421.6,421.85,421.4,421.55,55902,ITC
2025-02-11 13:05:00+05:30,421.55,421.55,421.05,421.3,97005,ITC
2025-02-11 13:06:00+05:30,421.25,421.35,420.95,421.2,122057,ITC
2025-02-11 13:07:00+05:30,421.2,421.35,420.8,421.2,38856,ITC
2025-02-11 13:08:00+05:30,421.2,421.25,420.8,421.05,34719,ITC
2025-02-11 13:09:00+05:30,421.0,421.45,421.0,421.35,29254,ITC
2025-02-11 13:10:00+05:30,421.3,421.5,420.5,420.55,60819,ITC
2025-02-11 13:11:00+05:30,420.6,420.7,420.25,420.25,82249,ITC
2025-02-11 13:12:00+05:30,420.25,420.65,420.1,420.25,73712,ITC
2025-02-11 13:13:00+05:30,420.25,420.3,419.5,419.65,173836,ITC
2025-02-11 13:14:00+05:30,419.65,419.8,418.8,418.8,82182,ITC
2025-02-11 13:15:00+05:30,418.8,419.9,418.6,419.6,62630,ITC
2025-02-11 13:16:00+05:30,419.65,420.25,419.6,420.1,50122,ITC
2025-02-11 13:17:00+05:30,420.05,420.7,419.65,420.65,37986,ITC
2025-02-11 13:18:00+05:30,420.55,420.7,420.0,420.25,24339,ITC
2025-02-11 13:19:00+05:30,420.25,420.3,419.75,420.0,26257,ITC
2025-02-11 13:20:00+05:30,419.85,420.1,419.55,420.1,36286,ITC
2025-02-11 13:21:00+05:30,420.1,420.15,419.8,419.9,25976,ITC
2025-02-11 13:22:00+05:30,419.95,420.3,419.5,419.65,34052,ITC
2025-02-11 13:23:00+05:30,419.7,420.0,419.7,419.9,18440,ITC
2025-02-11 13:24:00+05:30,419.9,420.05,419.7,419.8,11579,ITC
2025-02-11 13:25:00+05:30,419.8,420.2,419.7,420.1,21782,ITC
2025-02-11 13:26:00+05:30,420.1,420.15,419.6,419.65,18788,ITC
2025-02-11 13:27:00+05:30,419.65,419.75,419.5,419.55,14833,ITC
2025-02-11 13:28:00+05:30,419.55,419.7,419.15,419.3,30566,ITC
2025-02-11 13:29:00+05:30,419.1,419.35,419.05,419.2,17506,ITC
2025-02-11 13:30:00+05:30,419.1,419.55,419.1,419.4,45091,ITC
2025-02-11 13:31:00+05:30,419.35,419.55,419.25,419.45,11821,ITC
2025-02-11 13:32:00+05:30,419.45,419.45,419.1,419.15,10728,ITC
2025-02-11 13:33:00+05:30,419.15,419.25,419.0,419.0,20447,ITC
2025-02-11 13:34:00+05:30,419.05,419.2,418.6,419.15,51820,ITC
2025-02-11 13:35:00+05:30,419.2,419.35,419.0,419.05,23788,ITC
2025-02-11 13:36:00+05:30,419.05,419.25,418.85,419.15,26655,ITC
2025-02-11 13:37:00+05:30,419.1,419.15,418.8,418.9,40852,ITC
2025-02-11 13:38:00+05:30,418.9,418.95,418.65,418.8,34847,ITC
2025-02-11 13:39:00+05:30,418.8,419.4,418.65,419.3,24615,ITC
2025-02-11 13:40:00+05:30,419.3,419.7,419.0,419.15,26668,ITC
2025-02-11 13:41:00+05:30,419.15,419.4,419.0,419.25,33872,ITC
2025-02-11 13:42:00+05:30,419.2,419.6,419.15,419.35,18041,ITC
2025-02-11 13:43:00+05:30,419.4,419.6,419.2,419.35,22432,ITC
2025-02-11 13:44:00+05:30,419.45,419.7,419.35,419.6,12787,ITC
2025-02-11 13:45:00+05:30,419.6,419.8,419.5,419.75,19356,ITC
2025-02-11 13:46:00+05:30,419.75,419.8,419.2,419.3,31944,ITC
2025-02-11 13:47:00+05:30,419.3,419.8,419.3,419.65,34914,ITC
2025-02-11 13:48:00+05:30,419.6,419.75,419.4,419.55,15611,ITC
2025-02-11 13:49:00+05:30,419.6,419.9,419.45,419.8,24766,ITC
2025-02-11 13:50:00+05:30,419.8,419.85,419.5,419.75,21938,ITC
2025-02-11 13:51:00+05:30,419.75,419.75,419.5,419.7,16516,ITC
2025-02-11 13:52:00+05:30,419.7,419.9,419.3,419.8,31032,ITC
2025-02-11 13:53:00+05:30,419.8,419.85,419.45,419.6,13352,ITC
2025-02-11 13:54:00+05:30,419.5,419.6,419.0,419.0,63066,ITC
2025-02-11 13:55:00+05:30,419.15,419.3,418.95,418.95,16166,ITC
2025-02-11 13:56:00+05:30,419.0,419.2,418.8,418.9,30877,ITC
2025-02-11 13:57:00+05:30,418.8,419.05,418.8,419.05,19133,ITC
2025-02-11 13:58:00+05:30,419.05,419.05,418.8,418.8,13365,ITC
2025-02-11 13:59:00+05:30,418.9,419.05,418.8,418.95,13915,ITC
2025-02-11 14:00:00+05:30,418.95,419.0,418.7,418.8,36756,ITC
2025-02-11 14:01:00+05:30,418.75,419.05,418.6,418.75,40699,ITC
2025-02-11 14:02:00+05:30,418.75,418.85,418.55,418.75,34397,ITC
2025-02-11 14:03:00+05:30,418.7,418.8,417.85,418.0,125729,ITC
2025-02-11 14:04:00+05:30,418.05,418.15,417.75,417.85,32814,ITC
2025-02-11 14:05:00+05:30,417.9,418.25,417.8,418.2,30314,ITC
2025-02-11 14:06:00+05:30,418.2,418.45,417.85,418.45,59867,ITC
2025-02-11 14:07:00+05:30,418.4,418.4,417.8,418.0,44420,ITC
2025-02-11 14:08:00+05:30,418.0,418.4,417.95,418.4,22784,ITC
2025-02-11 14:09:00+05:30,418.4,418.45,418.2,418.35,37940,ITC
2025-02-11 14:10:00+05:30,418.4,419.1,418.25,418.95,47755,ITC
2025-02-11 14:11:00+05:30,419.1,419.45,418.8,419.1,34774,ITC
2025-02-11 14:12:00+05:30,419.1,419.45,419.1,419.4,23497,ITC
2025-02-11 14:13:00+05:30,419.35,419.45,419.15,419.45,28657,ITC
2025-02-11 14:14:00+05:30,419.4,419.85,419.4,419.7,21230,ITC
2025-02-11 14:15:00+05:30,419.7,419.85,419.45,419.6,18030,ITC
2025-02-11 14:16:00+05:30,419.5,419.75,419.35,419.6,17637,ITC
2025-02-11 14:17:00+05:30,419.6,419.7,418.95,419.15,26699,ITC
2025-02-11 14:18:00+05:30,419.15,419.2,418.95,419.05,19381,ITC
2025-02-11 14:19:00+05:30,419.0,419.2,418.85,418.85,16651,ITC
2025-02-11 14:20:00+05:30,419.0,419.15,418.7,418.95,28609,ITC
2025-02-11 14:21:00+05:30,418.9,418.95,418.55,418.7,30427,ITC
2025-02-11 14:22:00+05:30,418.65,418.8,418.45,418.5,28391,ITC
2025-02-11 14:23:00+05:30,418.5,418.75,418.35,418.65,23002,ITC
2025-02-11 14:24:00+05:30,418.5,418.8,418.4,418.7,20215,ITC
2025-02-11 14:25:00+05:30,418.7,418.85,418.5,418.75,14650,ITC
2025-02-11 14:26:00+05:30,418.75,419.0,418.65,418.85,32503,ITC
2025-02-11 14:27:00+05:30,418.85,419.35,418.85,419.15,24025,ITC
2025-02-11 14:28:00+05:30,419.1,419.35,418.8,418.9,49744,ITC
2025-02-11 14:29:00+05:30,418.9,418.95,418.4,418.5,42734,ITC
2025-02-11 14:30:00+05:30,418.5,418.95,418.5,418.6,27870,ITC
2025-02-11 14:31:00+05:30,418.7,419.5,418.65,419.35,36549,ITC
2025-02-11 14:32:00+05:30,419.35,419.5,419.05,419.2,37114,ITC
2025-02-11 14:33:00+05:30,419.3,419.6,419.25,419.35,39098,ITC
2025-02-11 14:34:00+05:30,419.35,419.55,419.15,419.4,49051,ITC
2025-02-11 14:35:00+05:30,419.3,419.4,418.25,418.5,176584,ITC
2025-02-11 14:36:00+05:30,418.5,419.05,418.45,418.7,58606,ITC
2025-02-11 14:37:00+05:30,418.7,419.15,418.55,418.85,33266,ITC
2025-02-11 14:38:00+05:30,418.9,419.15,418.65,418.75,60695,ITC
2025-02-11 14:39:00+05:30,418.75,419.15,418.6,418.6,58297,ITC
2025-02-11 14:40:00+05:30,418.7,418.8,418.35,418.35,43496,ITC
2025-02-11 14:41:00+05:30,418.55,418.55,418.0,418.05,87345,ITC
2025-02-11 14:42:00+05:30,418.05,418.3,417.8,417.8,215494,ITC
2025-02-11 14:43:00+05:30,417.9,418.05,417.75,417.75,96930,ITC
2025-02-11 14:44:00+05:30,417.8,418.45,417.8,418.0,261747,ITC
2025-02-11 14:45:00+05:30,417.95,418.5,417.8,418.35,348216,ITC
2025-02-11 14:46:00+05:30,418.35,418.7,418.15,418.6,85370,ITC
2025-02-11 14:47:00+05:30,418.6,418.75,418.3,418.45,85946,ITC
2025-02-11 14:48:00+05:30,418.4,418.85,418.3,418.75,189605,ITC
2025-02-11 14:49:00+05:30,418.65,419.0,418.6,419.0,43400,ITC
2025-02-11 14:50:00+05:30,419.0,419.6,419.0,419.6,52127,ITC
2025-02-11 14:51:00+05:30,419.6,420.4,419.55,420.3,63385,ITC
2025-02-11 14:52:00+05:30,420.3,420.85,420.15,420.5,50399,ITC
2025-02-11 14:53:00+05:30,420.4,420.7,420.2,420.45,15140,ITC
2025-02-11 14:54:00+05:30,420.5,420.95,420.45,420.9,38080,ITC
2025-02-11 14:55:00+05:30,420.9,420.95,420.45,420.5,43283,ITC
2025-02-11 14:56:00+05:30,420.5,420.7,419.4,419.45,45577,ITC
2025-02-11 14:57:00+05:30,419.4,419.5,418.8,418.85,68631,ITC
2025-02-11 14:58:00+05:30,418.9,419.15,418.55,418.8,50121,ITC
2025-02-11 14:59:00+05:30,418.8,419.25,418.7,419.15,48545,ITC
2025-02-11 15:00:00+05:30,419.15,419.5,418.85,419.3,91549,ITC
2025-02-11 15:01:00+05:30,419.3,419.35,418.95,419.3,73628,ITC
2025-02-11 15:02:00+05:30,419.35,419.65,419.1,419.6,50945,ITC
2025-02-11 15:03:00+05:30,419.6,419.65,418.9,419.15,90273,ITC
2025-02-11 15:04:00+05:30,419.15,419.4,418.95,419.2,48782,ITC
2025-02-11 15:05:00+05:30,419.2,419.35,419.0,419.2,41988,ITC
2025-02-11 15:06:00+05:30,419.2,419.3,419.05,419.25,33459,ITC
2025-02-11 15:07:00+05:30,419.25,419.3,418.65,418.8,67990,ITC
2025-02-11 15:08:00+05:30,418.8,418.8,418.3,418.35,61898,ITC
2025-02-11 15:09:00+05:30,418.45,418.75,418.35,418.75,71277,ITC
2025-02-11 15:10:00+05:30,418.75,418.9,418.35,418.4,67356,ITC
2025-02-11 15:11:00+05:30,418.4,418.55,418.35,418.55,73144,ITC
2025-02-11 15:12:00+05:30,418.55,418.65,418.35,418.4,69739,ITC
2025-02-11 15:13:00+05:30,418.5,418.65,417.5,417.8,297050,ITC
2025-02-11 15:14:00+05:30,417.9,418.0,417.75,418.0,137736,ITC
2025-02-11 15:15:00+05:30,418.0,418.3,417.8,418.2,231412,ITC
2025-02-11 15:16:00+05:30,418.3,418.35,418.1,418.3,43736,ITC
2025-02-11 15:17:00+05:30,418.25,418.65,418.15,418.45,45555,ITC
2025-02-11 15:18:00+05:30,418.6,418.6,418.0,418.05,99794,ITC
2025-02-11 15:19:00+05:30,418.05,418.2,418.0,418.05,44447,ITC
2025-02-11 15:20:00+05:30,418.0,418.2,417.75,418.05,129586,ITC
2025-02-11 15:21:00+05:30,418.05,418.2,417.75,418.2,41981,ITC
2025-02-11 15:22:00+05:30,418.2,418.25,418.05,418.1,28318,ITC
2025-02-11 15:23:00+05:30,418.05,418.3,418.05,418.1,33221,ITC
2025-02-11 15:24:00+05:30,418.1,418.4,418.0,418.25,49908,ITC
2025-02-11 15:25:00+05:30,418.3,418.4,418.2,418.4,31986,ITC
2025-02-11 15:26:00+05:30,418.4,418.4,417.9,418.05,52466,ITC
2025-02-11 15:27:00+05:30,418.05,418.05,417.5,417.6,127892,ITC
2025-02-11 15:28:00+05:30,417.7,418.05,417.5,418.05,184254,ITC
2025-02-11 15:29:00+05:30,418.0,418.1,417.5,418.05,173364,ITC
2025-02-12 09:15:00+05:30,413.15,413.8,410.5,411.85,422221,ITC
2025-02-12 09:16:00+05:30,411.7,412.45,411.0,411.85,173234,ITC
2025-02-12 09:17:00+05:30,411.85,412.4,411.4,411.9,103295,ITC
2025-02-12 09:18:00+05:30,411.95,412.45,411.0,411.15,85017,ITC
2025-02-12 09:19:00+05:30,411.1,411.1,409.9,410.2,156858,ITC
2025-02-12 09:20:00+05:30,410.05,410.35,409.4,410.0,149088,ITC
2025-02-12 09:21:00+05:30,410.0,410.0,409.15,409.3,104390,ITC
2025-02-12 09:22:00+05:30,409.55,409.55,409.2,409.5,55133,ITC
2025-02-12 09:23:00+05:30,409.5,410.3,409.15,409.45,121733,ITC
2025-02-12 09:24:00+05:30,409.35,409.9,409.0,409.15,130818,ITC
2025-02-12 09:25:00+05:30,409.0,409.95,409.0,409.75,51884,ITC
2025-02-12 09:26:00+05:30,409.8,410.6,409.6,409.9,157484,ITC
2025-02-12 09:27:00+05:30,409.75,410.65,409.6,410.5,82046,ITC
2025-02-12 09:28:00+05:30,410.5,410.55,410.05,410.3,46886,ITC
2025-02-12 09:29:00+05:30,410.3,410.65,410.05,410.2,85574,ITC
2025-02-12 09:30:00+05:30,410.3,410.75,410.2,410.3,58296,ITC
2025-02-12 09:31:00+05:30,410.3,410.35,409.9,410.0,72763,ITC
2025-02-12 09:32:00+05:30,410.15,410.35,409.75,410.35,45350,ITC
2025-02-12 09:33:00+05:30,410.35,411.4,410.2,411.1,99646,ITC
2025-02-12 09:34:00+05:30,411.2,411.5,411.0,411.3,32634,ITC
2025-02-12 09:35:00+05:30,411.3,412.0,411.1,411.65,59671,ITC
2025-02-12 09:36:00+05:30,411.65,411.8,411.25,411.4,53068,ITC
2025-02-12 09:37:00+05:30,411.45,411.9,411.4,411.8,41691,ITC
2025-02-12 09:38:00+05:30,411.8,411.9,411.5,411.8,29934,ITC
2025-02-12 09:39:00+05:30,411.9,412.15,411.55,411.95,51019,ITC
2025-02-12 09:40:00+05:30,411.95,411.95,411.05,411.3,31085,ITC
2025-02-12 09:41:00+05:30,411.1,411.45,411.05,411.45,42867,ITC
2025-02-12 09:42:00+05:30,411.3,412.0,411.25,411.75,35355,ITC
2025-02-12 09:43:00+05:30,411.75,412.35,411.55,412.3,35637,ITC
2025-02-12 09:44:00+05:30,412.3,412.3,411.65,411.75,25076,ITC
2025-02-12 09:45:00+05:30,411.75,411.9,411.05,411.3,38864,ITC
2025-02-12 09:46:00+05:30,411.3,411.3,410.2,410.55,48447,ITC
2025-02-12 09:47:00+05:30,410.55,411.1,410.4,410.85,44789,ITC
2025-02-12 09:48:00+05:30,411.0,411.15,410.75,411.0,119565,ITC
2025-02-12 09:49:00+05:30,411.0,411.35,410.5,410.6,55164,ITC
2025-02-12 09:50:00+05:30,410.6,410.7,409.9,410.0,79502,ITC
2025-02-12 09:51:00+05:30,410.0,410.45,409.9,410.1,48028,ITC
2025-02-12 09:52:00+05:30,410.15,410.5,410.0,410.5,30093,ITC
2025-02-12 09:53:00+05:30,410.5,410.65,410.35,410.65,22341,ITC
2025-02-12 09:54:00+05:30,410.65,410.8,410.25,410.35,24776,ITC
2025-02-12 09:55:00+05:30,410.35,410.55,410.15,410.55,28517,ITC
2025-02-12 09:56:00+05:30,410.55,411.2,410.5,411.05,30274,ITC
2025-02-12 09:57:00+05:30,411.1,411.25,410.25,410.5,29884,ITC
2025-02-12 09:58:00+05:30,410.5,410.9,410.35,410.5,44261,ITC
2025-02-12 09:59:00+05:30,410.5,410.5,409.8,410.0,26696,ITC
2025-02-12 10:00:00+05:30,410.0,410.5,409.9,410.15,35866,ITC
2025-02-12 10:01:00+05:30,410.1,410.15,409.7,409.8,15208,ITC
2025-02-12 10:02:00+05:30,409.8,410.4,409.65,410.3,24359,ITC
2025-02-12 10:03:00+05:30,410.3,410.3,410.0,410.1,17534,ITC
2025-02-12 10:04:00+05:30,410.1,410.1,409.8,409.95,13535,ITC
2025-02-12 10:05:00+05:30,409.95,410.0,409.65,409.95,23207,ITC
2025-02-12 10:06:00+05:30,409.95,410.05,409.85,409.9,20377,ITC
2025-02-12 10:07:00+05:30,409.9,410.0,409.5,409.65,36292,ITC
2025-02-12 10:08:00+05:30,409.65,409.9,409.5,409.6,22069,ITC
2025-02-12 10:09:00+05:30,409.75,409.8,409.5,409.65,18123,ITC
2025-02-12 10:10:00+05:30,409.7,409.75,409.45,409.55,13100,ITC
2025-02-12 10:11:00+05:30,409.55,410.05,409.25,409.25,50789,ITC
2025-02-12 10:12:00+05:30,409.35,409.35,408.75,409.3,102659,ITC
2025-02-12 10:13:00+05:30,409.3,409.3,409.05,409.15,16203,ITC
2025-02-12 10:14:00+05:30,409.2,409.8,409.1,409.25,48827,ITC
2025-02-12 10:15:00+05:30,409.25,409.25,409.0,409.1,25372,ITC
2025-02-12 10:16:00+05:30,409.1,409.5,408.75,409.5,80832,ITC
2025-02-12 10:17:00+05:30,409.3,409.5,409.0,409.1,35255,ITC
2025-02-12 10:18:00+05:30,409.1,409.15,408.8,409.05,32725,ITC
2025-02-12 10:19:00+05:30,409.05,409.9,408.9,409.7,37448,ITC
2025-02-12 10:20:00+05:30,409.7,409.7,409.4,409.55,31859,ITC
2025-02-12 10:21:00+05:30,409.55,409.65,409.05,409.65,54822,ITC
2025-02-12 10:22:00+05:30,409.65,409.65,409.15,409.3,22943,ITC
2025-02-12 10:23:00+05:30,409.3,409.7,409.2,409.4,44819,ITC
2025-02-12 10:24:00+05:30,409.35,409.4,409.2,409.25,18153,ITC
2025-02-12 10:25:00+05:30,409.25,409.6,409.1,409.45,41521,ITC
2025-02-12 10:26:00+05:30,409.45,410.05,409.25,410.0,62285,ITC
2025-02-12 10:27:00+05:30,410.0,410.05,409.5,409.55,42884,ITC
2025-02-12 10:28:00+05:30,409.55,409.6,409.15,409.4,35218,ITC
2025-02-12 10:29:00+05:30,409.35,410.0,409.25,409.85,48625,ITC
2025-02-12 10:30:00+05:30,409.85,410.0,409.65,410.0,24187,ITC
2025-02-12 10:31:00+05:30,410.0,410.3,409.75,409.85,62850,ITC
2025-02-12 10:32:00+05:30,409.75,410.15,409.65,410.15,38462,ITC
2025-02-12 10:33:00+05:30,410.15,410.15,409.75,409.95,24447,ITC
2025-02-12 10:34:00+05:30,409.95,410.15,409.6,409.8,51486,ITC
2025-02-12 10:35:00+05:30,409.75,409.8,409.05,409.25,40650,ITC
2025-02-12 10:36:00+05:30,409.25,409.45,409.15,409.4,32820,ITC
2025-02-12 10:37:00+05:30,409.4,410.1,409.3,409.85,49551,ITC
2025-02-12 10:38:00+05:30,409.95,410.4,409.45,410.15,68166,ITC
2025-02-12 10:39:00+05:30,410.35,411.4,410.2,410.45,106512,ITC
2025-02-12 10:40:00+05:30,410.45,410.65,410.25,410.55,30090,ITC
2025-02-12 10:41:00+05:30,410.55,410.55,410.05,410.4,34624,ITC
2025-02-12 10:42:00+05:30,410.4,410.75,410.05,410.6,28487,ITC
2025-02-12 10:43:00+05:30,410.6,411.2,410.45,410.7,120372,ITC
2025-02-12 10:44:00+05:30,410.65,410.9,409.75,410.0,66178,ITC
2025-02-12 10:45:00+05:30,410.0,410.2,409.7,410.05,40319,ITC
2025-02-12 10:46:00+05:30,410.0,410.45,409.6,410.4,30114,ITC
2025-02-12 10:47:00+05:30,410.4,410.45,410.0,410.15,18168,ITC
2025-02-12 10:48:00+05:30,410.2,410.2,409.75,410.1,32116,ITC
2025-02-12 10:49:00+05:30,410.1,410.95,409.9,410.75,22218,ITC
2025-02-12 10:50:00+05:30,410.7,410.75,410.15,410.4,16495,ITC
2025-02-12 10:51:00+05:30,410.4,410.4,410.0,410.05,57340,ITC
2025-02-12 10:52:00+05:30,410.05,410.65,410.05,410.45,36231,ITC
2025-02-12 10:53:00+05:30,410.6,410.6,410.2,410.5,15113,ITC
2025-02-12 10:54:00+05:30,410.5,410.5,409.85,409.9,57889,ITC
2025-02-12 10:55:00+05:30,409.9,410.3,409.1,410.25,85699,ITC
2025-02-12 10:56:00+05:30,410.25,410.5,410.0,410.15,21578,ITC
2025-02-12 10:57:00+05:30,410.15,410.15,409.8,409.95,19613,ITC
2025-02-12 10:58:00+05:30,409.95,410.05,409.75,410.05,27629,ITC
2025-02-12 10:59:00+05:30,410.05,410.35,409.85,409.85,20258,ITC
2025-02-12 11:00:00+05:30,409.9,409.9,409.35,409.55,17158,ITC
2025-02-12 11:01:00+05:30,409.55,409.85,409.0,409.7,91597,ITC
2025-02-12 11:02:00+05:30,409.55,409.7,409.15,409.35,21247,ITC
2025-02-12 11:03:00+05:30,409.35,409.85,409.35,409.65,27369,ITC
2025-02-12 11:04:00+05:30,409.65,410.15,409.6,409.65,68279,ITC
2025-02-12 11:05:00+05:30,409.7,409.8,409.35,409.7,38994,ITC
2025-02-12 11:06:00+05:30,409.65,409.8,409.5,409.5,24284,ITC
2025-02-12 11:07:00+05:30,409.55,409.95,409.5,409.95,28992,ITC
2025-02-12 11:08:00+05:30,409.95,410.35,409.9,410.3,25490,ITC
2025-02-12 11:09:00+05:30,410.3,410.6,410.25,410.5,37102,ITC
2025-02-12 11:10:00+05:30,410.5,410.65,410.2,410.65,25232,ITC
2025-02-12 11:11:00+05:30,410.65,411.4,410.5,411.0,115717,ITC
2025-02-12 11:12:00+05:30,411.0,411.05,410.6,410.75,25237,ITC
2025-02-12 11:13:00+05:30,410.75,410.8,410.5,410.55,30808,ITC
2025-02-12 11:14:00+05:30,410.55,410.55,410.15,410.3,18894,ITC
2025-02-12 11:15:00+05:30,410.3,410.3,409.45,409.85,32748,ITC
2025-02-12 11:16:00+05:30,409.85,409.95,409.65,409.85,16580,ITC
2025-02-12 11:17:00+05:30,409.85,410.0,409.7,409.75,17469,ITC
2025-02-12 11:18:00+05:30,409.8,409.8,409.5,409.75,15926,ITC
2025-02-12 11:19:00+05:30,409.75,409.8,409.5,409.7,18431,ITC
2025-02-12 11:20:00+05:30,409.75,409.75,409.4,409.45,17844,ITC
2025-02-12 11:21:00+05:30,409.45,409.45,409.1,409.2,19011,ITC
2025-02-12 11:22:00+05:30,409.2,409.25,409.05,409.2,19786,ITC
2025-02-12 11:23:00+05:30,409.15,409.5,409.15,409.25,15935,ITC
2025-02-12 11:24:00+05:30,409.3,409.55,409.1,409.5,18616,ITC
2025-02-12 11:25:00+05:30,409.5,409.5,409.2,409.4,16921,ITC
2025-02-12 11:26:00+05:30,409.4,409.4,409.1,409.35,16463,ITC
2025-02-12 11:27:00+05:30,409.35,409.35,409.05,409.35,17385,ITC
2025-02-12 11:28:00+05:30,409.35,409.45,409.1,409.25,14684,ITC
2025-02-12 11:29:00+05:30,409.25,409.4,409.1,409.4,18479,ITC
2025-02-12 11:30:00+05:30,409.4,409.45,409.1,409.45,17552,ITC
2025-02-12 11:31:00+05:30,409.45,409.95,409.4,409.7,28666,ITC
2025-02-12 11:32:00+05:30,409.95,409.95,409.55,409.85,29957,ITC
2025-02-12 11:33:00+05:30,409.75,409.9,409.6,409.65,14189,ITC
2025-02-12 11:34:00+05:30,409.6,409.65,409.4,409.45,15248,ITC
2025-02-12 11:35:00+05:30,409.4,409.55,409.2,409.3,19633,ITC
2025-02-12 11:36:00+05:30,409.3,409.35,409.05,409.3,23077,ITC
2025-02-12 11:37:00+05:30,409.3,409.4,409.1,409.3,38668,ITC
2025-02-12 11:38:00+05:30,409.3,409.45,409.05,409.15,16515,ITC
2025-02-12 11:39:00+05:30,409.2,409.45,409.05,409.35,20640,ITC
2025-02-12 11:40:00+05:30,409.35,410.0,409.3,409.8,58017,ITC
2025-02-12 11:41:00+05:30,409.8,409.85,409.55,409.7,17178,ITC
2025-02-12 11:42:00+05:30,409.75,409.9,409.6,409.85,20081,ITC
2025-02-12 11:43:00+05:30,409.85,410.35,409.85,410.3,90242,ITC
2025-02-12 11:44:00+05:30,410.25,410.95,410.1,410.95,66402,ITC
2025-02-12 11:45:00+05:30,410.95,412.0,410.85,411.7,166047,ITC
2025-02-12 11:46:00+05:30,411.65,411.7,410.9,411.05,78813,ITC
2025-02-12 11:47:00+05:30,411.05,411.5,410.65,410.75,115629,ITC
2025-02-12 11:48:00+05:30,410.85,410.9,410.4,410.5,65926,ITC
2025-02-12 11:49:00+05:30,410.5,410.95,410.35,410.95,100042,ITC
2025-02-12 11:50:00+05:30,410.95,411.25,410.85,411.15,36375,ITC
2025-02-12 11:51:00+05:30,411.15,411.25,410.55,411.0,46396,ITC
2025-02-12 11:52:00+05:30,411.1,411.3,411.0,411.2,34913,ITC
2025-02-12 11:53:00+05:30,411.15,411.15,410.7,411.0,20179,ITC
2025-02-12 11:54:00+05:30,410.95,411.85,410.95,411.7,36479,ITC
2025-02-12 11:55:00+05:30,411.75,412.15,411.4,412.15,45051,ITC
2025-02-12 11:56:00+05:30,412.15,412.65,411.9,412.25,59003,ITC
2025-02-12 11:57:00+05:30,412.15,412.25,411.9,412.0,33352,ITC
2025-02-12 11:58:00+05:30,411.95,412.5,411.9,412.3,39192,ITC
2025-02-12 11:59:00+05:30,412.25,412.25,411.55,411.9,31122,ITC
2025-02-12 12:00:00+05:30,412.0,412.4,411.85,412.3,31823,ITC
2025-02-12 12:01:00+05:30,412.25,412.4,412.1,412.3,22845,ITC
2025-02-12 12:02:00+05:30,412.35,412.35,412.0,412.1,19164,ITC
2025-02-12 12:03:00+05:30,412.1,412.5,412.1,412.1,55339,ITC
2025-02-12 12:04:00+05:30,412.1,412.2,412.0,412.15,26345,ITC
2025-02-12 12:05:00+05:30,412.15,412.2,411.8,411.95,39156,ITC
2025-02-12 12:06:00+05:30,411.95,412.05,411.8,411.95,19262,ITC
2025-02-12 12:07:00+05:30,411.95,411.95,411.6,411.8,11436,ITC
2025-02-12 12:08:00+05:30,411.8,411.85,411.55,411.8,14564,ITC
2025-02-12 12:09:00+05:30,411.75,411.8,411.75,411.8,9875,ITC
2025-02-12 12:10:00+05:30,411.8,412.0,411.75,412.0,25528,ITC
2025-02-12 12:11:00+05:30,412.0,412.2,411.95,412.0,31103,ITC
2025-02-12 12:12:00+05:30,412.0,412.0,411.8,411.9,8895,ITC
2025-02-12 12:13:00+05:30,411.9,411.95,411.75,411.9,10897,ITC
2025-02-12 12:14:00+05:30,411.85,411.9,411.65,411.75,17828,ITC
2025-02-12 12:15:00+05:30,411.75,411.95,411.65,411.7,9031,ITC
2025-02-12 12:16:00+05:30,411.7,412.0,411.5,412.0,19273,ITC
2025-02-12 12:17:00+05:30,412.0,412.0,411.6,411.75,11194,ITC
2025-02-12 12:18:00+05:30,411.75,412.0,411.65,411.75,16422,ITC
2025-02-12 12:19:00+05:30,411.75,411.8,411.5,411.6,11677,ITC
2025-02-12 12:20:00+05:30,411.6,411.65,411.4,411.55,12262,ITC
2025-02-12 12:21:00+05:30,411.55,411.6,411.35,411.4,12701,ITC
2025-02-12 12:22:00+05:30,411.4,411.75,411.25,411.65,20368,ITC
2025-02-12 12:23:00+05:30,411.55,411.9,411.55,411.55,13605,ITC
2025-02-12 12:24:00+05:30,411.6,411.6,411.2,411.3,14333,ITC
2025-02-12 12:25:00+05:30,411.3,411.7,411.2,411.45,12497,ITC
2025-02-12 12:26:00+05:30,411.45,411.6,411.25,411.45,11924,ITC
2025-02-12 12:27:00+05:30,411.35,411.45,411.05,411.15,21642,ITC
2025-02-12 12:28:00+05:30,411.15,411.55,411.15,411.5,12712,ITC
2025-02-12 12:29:00+05:30,411.5,411.8,411.2,411.7,48902,ITC
2025-02-12 12:30:00+05:30,411.7,412.0,411.6,411.75,14882,ITC
2025-02-12 12:31:00+05:30,411.85,412.05,411.7,411.8,23056,ITC
2025-02-12 12:32:00+05:30,411.8,412.05,411.8,411.8,8778,ITC
2025-02-12 12:33:00+05:30,411.9,411.95,411.75,411.9,13612,ITC
2025-02-12 12:34:00+05:30,411.95,412.3,411.8,411.9,41329,ITC
2025-02-12 12:35:00+05:30,411.9,411.9,411.7,411.75,10129,ITC
2025-02-12 12:36:00+05:30,411.75,412.0,411.7,411.9,74079,ITC
2025-02-12 12:37:00+05:30,411.9,411.9,411.6,411.85,16078,ITC
2025-02-12 12:38:00+05:30,411.85,411.9,411.6,411.7,10675,ITC
2025-02-12 12:39:00+05:30,411.7,411.85,411.5,411.65,13539,ITC
2025-02-12 12:40:00+05:30,411.65,411.95,411.55,411.95,8289,ITC
2025-02-12 12:41:00+05:30,411.95,412.0,411.6,411.95,10183,ITC
2025-02-12 12:42:00+05:30,411.9,411.95,411.5,411.6,9489,ITC
2025-02-12 12:43:00+05:30,411.6,411.75,411.2,411.45,17351,ITC
2025-02-12 12:44:00+05:30,411.4,411.45,411.25,411.45,10978,ITC
2025-02-12 12:45:00+05:30,411.4,411.85,411.4,411.7,13595,ITC
2025-02-12 12:46:00+05:30,411.7,411.85,411.4,411.8,29370,ITC
2025-02-12 12:47:00+05:30,411.8,411.8,411.3,411.5,11592,ITC
2025-02-12 12:48:00+05:30,411.45,411.6,411.1,411.4,15616,ITC
2025-02-12 12:49:00+05:30,411.4,411.55,411.3,411.5,10756,ITC
2025-02-12 12:50:00+05:30,411.5,411.7,411.25,411.7,13388,ITC
2025-02-12 12:51:00+05:30,411.75,411.95,411.55,411.9,14997,ITC
2025-02-12 12:52:00+05:30,411.85,412.0,411.8,411.85,11677,ITC
2025-02-12 12:53:00+05:30,411.85,412.0,411.6,411.7,22207,ITC
2025-02-12 12:54:00+05:30,411.8,411.9,411.4,411.4,17442,ITC
2025-02-12 12:55:00+05:30,411.4,411.75,411.4,411.65,13180,ITC
2025-02-12 12:56:00+05:30,411.65,411.75,411.45,411.65,37727,ITC
2025-02-12 12:57:00+05:30,411.65,411.75,411.45,411.5,8108,ITC
2025-02-12 12:58:00+05:30,411.5,411.65,411.45,411.65,9169,ITC
2025-02-12 12:59:00+05:30,411.65,411.75,411.5,411.75,10286,ITC
2025-02-12 13:00:00+05:30,411.75,411.85,411.55,411.8,13172,ITC
2025-02-12 13:01:00+05:30,411.85,411.85,411.65,411.7,10414,ITC
2025-02-12 13:02:00+05:30,411.7,411.8,411.2,411.5,48396,ITC
2025-02-12 13:03:00+05:30,411.5,411.55,411.2,411.45,16927,ITC
2025-02-12 13:04:00+05:30,411.5,411.55,411.25,411.4,10154,ITC
2025-02-12 13:05:00+05:30,411.4,411.55,411.3,411.45,13163,ITC
2025-02-12 13:06:00+05:30,411.45,411.5,411.25,411.25,10670,ITC
2025-02-12 13:07:00+05:30,411.4,412.0,411.25,411.75,16818,ITC
2025-02-12 13:08:00+05:30,411.75,411.95,411.65,411.8,12558,ITC
2025-02-12 13:09:00+05:30,411.8,411.85,411.45,411.6,12152,ITC
2025-02-12 13:10:00+05:30,411.65,411.9,411.6,411.7,10435,ITC
2025-02-12 13:11:00+05:30,411.7,411.8,411.5,411.8,8991,ITC
2025-02-12 13:12:00+05:30,411.8,412.05,411.7,412.05,36071,ITC
2025-02-12 13:13:00+05:30,412.0,412.4,411.95,412.3,34239,ITC
2025-02-12 13:14:00+05:30,412.3,412.3,411.8,412.0,14228,ITC
2025-02-12 13:15:00+05:30,412.0,412.0,411.5,411.55,19519,ITC
2025-02-12 13:16:00+05:30,411.6,411.6,411.3,411.45,10128,ITC
2025-02-12 13:17:00+05:30,411.45,411.95,411.25,411.5,23929,ITC
2025-02-12 13:18:00+05:30,411.65,411.9,411.5,411.7,14648,ITC
2025-02-12 13:19:00+05:30,411.65,412.0,411.55,411.9,31254,ITC
2025-02-12 13:20:00+05:30,411.85,412.05,411.7,411.9,21366,ITC
2025-02-12 13:21:00+05:30,411.95,412.45,411.75,412.3,41929,ITC
2025-02-12 13:22:00+05:30,412.15,412.35,412.0,412.0,20348,ITC
2025-02-12 13:23:00+05:30,412.15,412.45,412.0,412.45,30156,ITC
2025-02-12 13:24:00+05:30,412.45,412.5,412.45,412.5,29121,ITC
2025-02-12 13:25:00+05:30,412.45,412.5,412.4,412.5,50026,ITC
2025-02-12 13:26:00+05:30,412.5,412.55,412.15,412.25,109881,ITC
2025-02-12 13:27:00+05:30,412.15,412.25,411.8,411.9,15550,ITC
2025-02-12 13:28:00+05:30,411.9,411.95,411.6,411.65,7439,ITC
2025-02-12 13:29:00+05:30,411.7,411.95,411.5,411.75,34224,ITC
2025-02-12 13:30:00+05:30,411.8,411.95,411.55,411.65,14369,ITC
2025-02-12 13:31:00+05:30,411.65,411.75,411.5,411.55,18128,ITC
2025-02-12 13:32:00+05:30,411.55,411.6,411.25,411.25,11692,ITC
2025-02-12 13:33:00+05:30,411.3,411.65,411.25,411.55,16138,ITC
2025-02-12 13:34:00+05:30,411.55,411.75,411.35,411.4,13091,ITC
2025-02-12 13:35:00+05:30,411.4,411.4,411.15,411.4,14512,ITC
2025-02-12 13:36:00+05:30,411.4,411.4,411.25,411.25,10144,ITC
2025-02-12 13:37:00+05:30,411.3,411.3,411.2,411.2,14731,ITC
2025-02-12 13:38:00+05:30,411.25,411.4,411.2,411.2,15363,ITC
2025-02-12 13:39:00+05:30,411.35,411.35,411.2,411.25,11371,ITC
2025-02-12 13:40:00+05:30,411.25,411.3,411.05,411.1,19916,ITC
2025-02-12 13:41:00+05:30,411.1,411.1,410.7,410.9,34837,ITC
2025-02-12 13:42:00+05:30,410.9,411.0,410.6,410.75,23288,ITC
2025-02-12 13:43:00+05:30,410.7,410.75,410.15,410.35,31278,ITC
2025-02-12 13:44:00+05:30,410.3,410.8,410.25,410.65,25886,ITC
2025-02-12 13:45:00+05:30,410.65,410.8,410.3,410.4,26897,ITC
2025-02-12 13:46:00+05:30,410.55,410.55,410.2,410.35,18259,ITC
2025-02-12 13:47:00+05:30,410.35,410.35,410.15,410.2,19871,ITC
2025-02-12 13:48:00+05:30,410.25,410.25,409.7,409.85,52560,ITC
2025-02-12 13:49:00+05:30,409.9,409.9,409.55,409.8,17978,ITC
2025-02-12 13:50:00+05:30,409.8,410.0,409.6,409.95,17740,ITC
2025-02-12 13:51:00+05:30,409.95,410.0,409.7,409.95,11277,ITC
2025-02-12 13:52:00+05:30,409.95,410.05,409.85,410.0,20755,ITC
2025-02-12 13:53:00+05:30,409.95,410.0,409.7,409.85,15767,ITC
2025-02-12 13:54:00+05:30,409.9,409.95,409.6,409.6,11955,ITC
2025-02-12 13:55:00+05:30,409.7,409.7,409.2,409.3,28718,ITC
2025-02-12 13:56:00+05:30,409.3,409.5,409.15,409.4,15071,ITC
2025-02-12 13:57:00+05:30,409.4,409.85,409.4,409.6,11582,ITC
2025-02-12 13:58:00+05:30,409.6,409.8,409.35,409.65,13146,ITC
2025-02-12 13:59:00+05:30,409.6,409.65,409.2,409.35,15665,ITC
2025-02-12 14:00:00+05:30,409.35,409.5,409.1,409.3,18425,ITC
2025-02-12 14:01:00+05:30,409.3,409.6,409.2,409.55,12596,ITC
2025-02-12 14:02:00+05:30,409.45,409.65,409.2,409.25,24740,ITC
2025-02-12 14:03:00+05:30,409.2,409.25,409.0,409.1,55763,ITC
2025-02-12 14:04:00+05:30,409.0,409.55,409.0,409.5,15424,ITC
2025-02-12 14:05:00+05:30,409.5,409.5,409.2,409.4,13381,ITC
2025-02-12 14:06:00+05:30,409.4,409.55,409.15,409.3,19569,ITC
2025-02-12 14:07:00+05:30,409.3,409.35,409.0,409.05,24599,ITC
2025-02-12 14:08:00+05:30,409.05,409.15,409.0,409.05,10763,ITC
2025-02-12 14:09:00+05:30,409.05,409.15,409.0,409.05,10127,ITC
2025-02-12 14:10:00+05:30,409.0,409.1,409.0,409.05,11860,ITC
2025-02-12 14:11:00+05:30,409.05,409.15,409.0,409.1,12818,ITC
2025-02-12 14:12:00+05:30,409.1,409.2,409.0,409.2,16730,ITC
2025-02-12 14:13:00+05:30,409.15,409.45,409.1,409.3,8488,ITC
2025-02-12 14:14:00+05:30,409.3,409.55,409.05,409.3,21569,ITC
2025-02-12 14:15:00+05:30,409.3,409.45,409.05,409.35,16561,ITC
2025-02-12 14:16:00+05:30,409.4,409.45,409.25,409.35,9613,ITC
2025-02-12 14:17:00+05:30,409.35,409.5,409.25,409.35,9899,ITC
2025-02-12 14:18:00+05:30,409.25,409.5,409.25,409.35,11537,ITC
2025-02-12 14:19:00+05:30,409.35,409.45,409.15,409.3,10432,ITC
2025-02-12 14:20:00+05:30,409.3,409.45,409.2,409.25,13037,ITC
2025-02-12 14:21:00+05:30,409.2,409.75,409.2,409.6,17615,ITC
2025-02-12 14:22:00+05:30,409.55,409.6,409.15,409.25,14197,ITC
2025-02-12 14:23:00+05:30,409.2,409.3,409.15,409.25,10471,ITC
2025-02-12 14:24:00+05:30,409.25,409.3,409.1,409.2,16868,ITC
2025-02-12 14:25:00+05:30,409.2,409.2,409.1,409.15,14055,ITC
2025-02-12 14:26:00+05:30,409.2,409.2,409.1,409.1,12858,ITC
2025-02-12 14:27:00+05:30,409.1,409.15,408.65,408.85,120665,ITC
2025-02-12 14:28:00+05:30,408.9,409.15,408.8,409.0,23492,ITC
2025-02-12 14:29:00+05:30,408.95,409.15,408.75,409.0,24711,ITC
2025-02-12 14:30:00+05:30,409.0,409.05,408.65,408.85,20315,ITC
2025-02-12 14:31:00+05:30,408.85,408.9,408.55,408.8,25536,ITC
2025-02-12 14:32:00+05:30,408.75,408.85,408.6,408.85,20343,ITC
2025-02-12 14:33:00+05:30,408.8,408.95,408.65,408.7,20471,ITC
2025-02-12 14:34:00+05:30,408.9,408.95,408.65,408.9,22458,ITC
2025-02-12 14:35:00+05:30,408.95,408.95,407.85,407.95,186589,ITC
2025-02-12 14:36:00+05:30,407.95,408.0,407.6,407.75,103025,ITC
2025-02-12 14:37:00+05:30,407.9,408.0,407.7,408.0,27306,ITC
2025-02-12 14:38:00+05:30,408.0,408.4,407.85,408.3,51775,ITC
2025-02-12 14:39:00+05:30,408.15,408.45,408.1,408.4,34979,ITC
2025-02-12 14:40:00+05:30,408.4,408.5,408.25,408.45,35668,ITC
2025-02-12 14:41:00+05:30,408.45,408.75,408.25,408.75,51062,ITC
2025-02-12 14:42:00+05:30,408.7,408.95,408.6,408.9,31221,ITC
2025-02-12 14:43:00+05:30,408.85,408.95,408.6,408.7,16228,ITC
2025-02-12 14:44:00+05:30,408.65,408.7,408.5,408.7,13393,ITC
2025-02-12 14:45:00+05:30,408.7,408.7,408.2,408.35,22676,ITC
2025-02-12 14:46:00+05:30,408.35,408.75,408.25,408.45,23451,ITC
2025-02-12 14:47:00+05:30,408.45,408.7,408.4,408.4,15442,ITC
2025-02-12 14:48:00+05:30,408.5,408.75,408.5,408.6,13517,ITC
2025-02-12 14:49:00+05:30,408.7,408.75,408.5,408.7,14696,ITC
2025-02-12 14:50:00+05:30,408.75,408.95,408.7,408.9,23571,ITC
2025-02-12 14:51:00+05:30,408.95,409.05,408.8,408.95,28454,ITC
2025-02-12 14:52:00+05:30,409.0,409.0,408.25,408.25,21291,ITC
2025-02-12 14:53:00+05:30,408.5,408.5,408.25,408.4,13441,ITC
2025-02-12 14:54:00+05:30,408.4,408.85,408.4,408.7,31386,ITC
2025-02-12 14:55:00+05:30,408.65,408.95,408.55,408.95,19096,ITC
2025-02-12 14:56:00+05:30,408.9,409.0,408.7,408.8,9889,ITC
2025-02-12 14:57:00+05:30,408.8,408.95,408.5,408.85,22851,ITC
2025-02-12 14:58:00+05:30,408.85,409.0,408.75,408.85,10891,ITC
2025-02-12 14:59:00+05:30,408.85,409.25,408.65,409.2,28533,ITC
2025-02-12 15:00:00+05:30,409.15,409.25,408.95,409.05,47939,ITC
2025-02-12 15:01:00+05:30,409.0,409.35,409.0,409.25,31594,ITC
2025-02-12 15:02:00+05:30,409.2,409.25,408.9,408.9,20207,ITC
2025-02-12 15:03:00+05:30,408.95,409.0,408.6,408.65,44647,ITC
2025-02-12 15:04:00+05:30,408.7,409.15,408.7,409.15,30517,ITC
2025-02-12 15:05:00+05:30,409.1,409.45,409.05,409.4,29614,ITC
2025-02-12 15:06:00+05:30,409.4,409.45,409.2,409.2,26928,ITC
2025-02-12 15:07:00+05:30,409.3,409.35,409.05,409.15,31158,ITC
2025-02-12 15:08:00+05:30,409.1,409.25,409.05,409.1,29012,ITC
2025-02-12 15:09:00+05:30,409.1,409.35,409.05,409.3,63814,ITC
2025-02-12 15:10:00+05:30,409.35,409.5,409.25,409.35,61755,ITC
2025-02-12 15:11:00+05:30,409.4,409.6,409.35,409.5,32946,ITC
2025-02-12 15:12:00+05:30,409.45,409.5,409.35,409.5,48853,ITC
2025-02-12 15:13:00+05:30,409.45,409.6,409.25,409.55,72153,ITC
2025-02-12 15:14:00+05:30,409.5,409.6,409.3,409.35,66597,ITC
2025-02-12 15:15:00+05:30,409.4,409.45,409.1,409.3,40214,ITC
2025-02-12 15:16:00+05:30,409.3,409.65,409.25,409.6,122692,ITC
2025-02-12 15:17:00+05:30,409.55,409.75,409.5,409.65,37355,ITC
2025-02-12 15:18:00+05:30,409.65,409.65,409.5,409.65,63011,ITC
2025-02-12 15:19:00+05:30,409.55,409.7,409.5,409.55,62918,ITC
2025-02-12 15:20:00+05:30,409.55,409.75,409.5,409.65,80318,ITC
2025-02-12 15:21:00+05:30,409.65,409.95,409.6,409.9,59251,ITC
2025-02-12 15:22:00+05:30,409.95,410.3,409.85,410.25,101537,ITC
2025-02-12 15:23:00+05:30,410.25,410.5,410.15,410.4,66819,ITC
2025-02-12 15:24:00+05:30,410.4,410.6,410.25,410.5,87523,ITC
2025-02-12 15:25:00+05:30,410.6,410.8,410.45,410.65,144571,ITC
2025-02-12 15:26:00+05:30,410.65,410.9,410.5,410.85,106760,ITC
2025-02-12 15:27:00+05:30,410.8,410.9,410.45,410.85,84771,ITC
2025-02-12 15:28:00+05:30,410.6,411.45,410.55,410.95,169468,ITC
2025-02-12 15:29:00+05:30,410.95,411.45,410.75,411.2,43466,ITC
2025-02-13 09:15:00+05:30,409.95,413.0,409.95,410.85,213542,ITC
2025-02-13 09:16:00+05:30,410.85,410.95,410.05,410.75,43629,ITC
2025-02-13 09:17:00+05:30,410.8,410.85,409.9,410.4,70226,ITC
2025-02-13 09:18:00+05:30,410.4,410.95,410.0,410.95,137218,ITC
2025-02-13 09:19:00+05:30,410.9,411.15,410.5,410.85,65436,ITC
2025-02-13 09:20:00+05:30,410.85,411.05,410.7,410.9,35456,ITC
2025-02-13 09:21:00+05:30,410.8,411.75,410.8,411.45,94205,ITC
2025-02-13 09:22:00+05:30,411.4,411.8,410.95,411.15,72120,ITC
2025-02-13 09:23:00+05:30,411.15,411.2,410.25,410.45,51847,ITC
2025-02-13 09:24:00+05:30,410.4,410.4,409.15,409.75,215262,ITC
2025-02-13 09:25:00+05:30,409.75,409.9,409.2,409.55,121915,ITC
2025-02-13 09:26:00+05:30,409.55,409.6,409.1,409.6,57178,ITC
2025-02-13 09:27:00+05:30,409.5,410.6,409.45,410.3,19851,ITC
2025-02-13 09:28:00+05:30,410.35,410.35,409.65,409.95,22657,ITC
2025-02-13 09:29:00+05:30,409.9,410.05,409.65,409.85,21599,ITC
2025-02-13 09:30:00+05:30,409.7,410.15,409.7,410.15,14624,ITC
2025-02-13 09:31:00+05:30,410.1,410.1,409.65,409.65,16783,ITC
2025-02-13 09:32:00+05:30,409.7,410.5,409.65,410.5,27321,ITC
2025-02-13 09:33:00+05:30,410.45,410.9,410.3,410.45,24570,ITC
2025-02-13 09:34:00+05:30,410.45,411.0,410.2,410.95,18971,ITC
2025-02-13 09:35:00+05:30,410.9,410.95,410.5,410.75,19348,ITC
2025-02-13 09:36:00+05:30,410.75,410.8,410.55,410.65,14666,ITC
2025-02-13 09:37:00+05:30,410.65,411.15,410.5,410.7,35291,ITC
2025-02-13 09:38:00+05:30,410.7,410.8,410.5,410.75,32979,ITC
2025-02-13 09:39:00+05:30,410.7,410.75,410.25,410.6,33774,ITC
2025-02-13 09:40:00+05:30,410.7,410.7,410.25,410.45,19827,ITC
2025-02-13 09:41:00+05:30,410.45,410.5,410.2,410.4,27410,ITC
2025-02-13 09:42:00+05:30,410.4,410.8,410.25,410.75,12598,ITC
2025-02-13 09:43:00+05:30,410.7,410.85,410.45,410.65,30621,ITC
2025-02-13 09:44:00+05:30,410.6,410.6,410.1,410.3,19451,ITC
2025-02-13 09:45:00+05:30,410.3,410.4,410.25,410.4,24506,ITC
2025-02-13 09:46:00+05:30,410.4,410.6,410.3,410.55,23200,ITC
2025-02-13 09:47:00+05:30,410.5,410.85,410.4,410.65,26234,ITC
2025-02-13 09:48:00+05:30,410.65,410.65,410.5,410.6,6720,ITC
2025-02-13 09:49:00+05:30,410.6,410.9,410.5,410.8,17363,ITC
2025-02-13 09:50:00+05:30,410.85,410.85,410.75,410.8,13843,ITC
2025-02-13 09:51:00+05:30,410.85,411.2,410.75,411.15,49067,ITC
2025-02-13 09:52:00+05:30,411.15,411.2,410.95,411.1,10245,ITC
2025-02-13 09:53:00+05:30,411.1,411.45,411.1,411.25,26971,ITC
2025-02-13 09:54:00+05:30,411.2,411.2,411.05,411.15,9585,ITC
2025-02-13 09:55:00+05:30,411.15,411.45,411.0,411.3,35218,ITC
2025-02-13 09:56:00+05:30,411.3,411.3,411.1,411.15,9604,ITC
2025-02-13 09:57:00+05:30,411.2,411.45,411.0,411.3,50222,ITC
2025-02-13 09:58:00+05:30,411.35,411.8,411.05,411.25,38811,ITC
2025-02-13 09:59:00+05:30,411.1,411.25,411.05,411.2,12010,ITC
2025-02-13 10:00:00+05:30,411.2,411.25,410.65,411.2,49402,ITC
2025-02-13 10:01:00+05:30,411.2,411.2,410.7,411.0,58715,ITC
2025-02-13 10:02:00+05:30,411.0,411.0,410.8,410.9,16417,ITC
2025-02-13 10:03:00+05:30,410.9,411.15,410.75,411.0,36585,ITC
2025-02-13 10:04:00+05:30,411.0,411.0,410.65,410.95,14835,ITC
2025-02-13 10:05:00+05:30,410.95,411.0,410.8,410.95,12851,ITC
2025-02-13 10:06:00+05:30,410.85,411.0,410.6,410.8,40695,ITC
2025-02-13 10:07:00+05:30,410.8,410.9,410.55,410.75,23729,ITC
2025-02-13 10:08:00+05:30,410.85,410.9,410.65,410.8,13930,ITC
2025-02-13 10:09:00+05:30,410.8,410.95,410.4,410.8,106132,ITC
2025-02-13 10:10:00+05:30,410.8,411.0,410.55,410.95,23728,ITC
2025-02-13 10:11:00+05:30,410.95,411.0,410.65,410.9,21970,ITC
2025-02-13 10:12:00+05:30,410.95,410.95,410.3,410.3,35762,ITC
2025-02-13 10:13:00+05:30,410.3,410.4,410.1,410.3,44811,ITC
2025-02-13 10:14:00+05:30,410.3,410.65,410.1,410.5,12819,ITC
2025-02-13 10:15:00+05:30,410.5,410.8,410.4,410.7,7329,ITC
2025-02-13 10:16:00+05:30,410.8,410.8,410.45,410.5,8608,ITC
2025-02-13 10:17:00+05:30,410.65,410.75,410.5,410.75,5202,ITC
2025-02-13 10:18:00+05:30,410.75,410.85,410.6,410.85,10151,ITC
2025-02-13 10:19:00+05:30,410.8,410.9,410.8,410.85,8494,ITC
2025-02-13 10:20:00+05:30,410.85,410.85,410.7,410.85,6182,ITC
2025-02-13 10:21:00+05:30,410.85,410.9,410.75,410.9,5090,ITC
2025-02-13 10:22:00+05:30,410.9,411.1,410.75,411.0,8516,ITC
2025-02-13 10:23:00+05:30,411.1,411.9,411.0,411.75,21627,ITC
2025-02-13 10:24:00+05:30,411.75,411.8,411.25,411.4,10202,ITC
2025-02-13 10:25:00+05:30,411.25,411.5,411.05,411.5,9896,ITC
2025-02-13 10:26:00+05:30,411.45,411.55,411.05,411.25,9136,ITC
2025-02-13 10:27:00+05:30,411.25,411.25,411.0,411.15,17632,ITC
2025-02-13 10:28:00+05:30,411.15,411.15,410.85,411.1,33824,ITC
2025-02-13 10:29:00+05:30,411.15,411.45,411.05,411.2,27465,ITC
2025-02-13 10:30:00+05:30,411.2,411.45,411.05,411.4,16619,ITC
2025-02-13 10:31:00+05:30,411.4,411.5,411.2,411.5,24091,ITC
2025-02-13 10:32:00+05:30,411.5,411.5,411.1,411.25,15034,ITC
2025-02-13 10:33:00+05:30,411.25,411.6,411.15,411.5,33606,ITC
2025-02-13 10:34:00+05:30,411.5,411.5,411.15,411.25,26067,ITC
2025-02-13 10:35:00+05:30,411.25,411.8,411.25,411.8,21869,ITC
2025-02-13 10:36:00+05:30,411.7,411.8,411.4,411.6,13282,ITC
2025-02-13 10:37:00+05:30,411.6,411.75,411.4,411.7,15560,ITC
2025-02-13 10:38:00+05:30,411.7,412.65,411.5,412.6,229310,ITC
2025-02-13 10:39:00+05:30,412.6,412.6,412.5,412.5,31999,ITC
2025-02-13 10:40:00+05:30,412.5,412.55,412.5,412.55,65253,ITC
2025-02-13 10:41:00+05:30,412.5,412.55,411.85,412.0,43430,ITC
2025-02-13 10:42:00+05:30,411.9,412.05,411.6,411.95,14885,ITC
2025-02-13 10:43:00+05:30,411.95,411.95,411.55,411.7,18483,ITC
2025-02-13 10:44:00+05:30,411.7,412.05,411.5,412.0,29368,ITC
2025-02-13 10:45:00+05:30,412.0,412.25,411.95,412.2,9890,ITC
2025-02-13 10:46:00+05:30,412.2,412.3,412.1,412.2,8520,ITC
2025-02-13 10:47:00+05:30,412.2,412.55,412.2,412.45,17009,ITC
2025-02-13 10:48:00+05:30,412.45,412.5,412.3,412.45,7608,ITC
2025-02-13 10:49:00+05:30,412.4,412.45,412.15,412.15,4959,ITC
2025-02-13 10:50:00+05:30,412.25,412.35,412.0,412.2,18237,ITC
2025-02-13 10:51:00+05:30,412.05,412.2,411.75,411.85,15594,ITC
2025-02-13 10:52:00+05:30,411.8,412.2,411.75,411.95,18797,ITC
2025-02-13 10:53:00+05:30,411.8,411.95,411.75,411.95,9850,ITC
2025-02-13 10:54:00+05:30,411.95,412.3,411.8,412.2,29256,ITC
2025-02-13 10:55:00+05:30,412.2,412.2,411.75,411.8,12029,ITC
2025-02-13 10:56:00+05:30,411.75,411.8,411.45,411.55,22013,ITC
2025-02-13 10:57:00+05:30,411.5,411.7,411.35,411.65,26310,ITC
2025-02-13 10:58:00+05:30,411.65,411.65,411.5,411.55,11708,ITC
2025-02-13 10:59:00+05:30,411.55,411.6,411.3,411.6,62934,ITC
2025-02-13 11:00:00+05:30,411.6,411.95,411.45,411.85,32135,ITC
2025-02-13 11:01:00+05:30,411.85,412.05,411.6,411.8,16928,ITC
2025-02-13 11:02:00+05:30,411.6,412.3,411.55,412.05,78600,ITC
2025-02-13 11:03:00+05:30,412.0,412.15,411.8,412.0,167064,ITC
2025-02-13 11:04:00+05:30,412.05,412.2,411.8,411.9,22015,ITC
2025-02-13 11:05:00+05:30,411.85,412.45,411.85,412.25,39106,ITC
2025-02-13 11:06:00+05:30,412.25,412.4,412.15,412.35,25171,ITC
2025-02-13 11:07:00+05:30,412.35,412.35,412.05,412.25,19788,ITC
2025-02-13 11:08:00+05:30,412.25,412.35,412.05,412.2,24577,ITC
2025-02-13 11:09:00+05:30,412.1,412.2,411.85,412.05,50385,ITC
2025-02-13 11:10:00+05:30,412.05,412.15,411.9,412.05,19553,ITC
2025-02-13 11:11:00+05:30,412.05,412.05,411.9,411.9,10638,ITC
2025-02-13 11:12:00+05:30,412.0,412.05,411.95,412.0,10975,ITC
2025-02-13 11:13:00+05:30,412.05,412.2,412.0,412.2,14592,ITC
2025-02-13 11:14:00+05:30,412.2,412.2,412.05,412.05,9630,ITC
2025-02-13 11:15:00+05:30,412.2,412.5,412.1,412.5,20586,ITC
2025-02-13 11:16:00+05:30,412.5,412.65,412.45,412.6,22584,ITC
2025-02-13 11:17:00+05:30,412.55,412.6,412.3,412.55,25613,ITC
2025-02-13 11:18:00+05:30,412.5,412.55,412.3,412.3,15124,ITC
2025-02-13 11:19:00+05:30,412.5,412.5,412.2,412.4,12487,ITC
2025-02-13 11:20:00+05:30,412.4,412.5,412.2,412.35,12169,ITC
2025-02-13 11:21:00+05:30,412.4,412.45,412.2,412.45,11403,ITC
2025-02-13 11:22:00+05:30,412.45,412.6,412.35,412.6,19175,ITC
2025-02-13 11:23:00+05:30,412.6,412.6,412.5,412.55,9590,ITC
2025-02-13 11:24:00+05:30,412.55,412.55,412.5,412.55,11655,ITC
2025-02-13 11:25:00+05:30,412.55,412.55,412.4,412.4,19148,ITC
2025-02-13 11:26:00+05:30,412.45,412.5,412.15,412.3,11168,ITC
2025-02-13 11:27:00+05:30,412.3,412.35,412.1,412.25,11479,ITC
2025-02-13 11:28:00+05:30,412.2,412.35,412.0,412.25,45773,ITC
2025-02-13 11:29:00+05:30,412.3,412.55,412.25,412.4,28749,ITC
2025-02-13 11:30:00+05:30,412.4,412.55,412.3,412.5,14124,ITC
2025-02-13 11:31:00+05:30,412.45,412.5,412.3,412.5,9372,ITC
2025-02-13 11:32:00+05:30,412.5,412.5,412.3,412.45,10397,ITC
2025-02-13 11:33:00+05:30,412.45,412.45,412.25,412.4,12282,ITC
2025-02-13 11:34:00+05:30,412.4,412.45,412.15,412.3,17951,ITC
2025-02-13 11:35:00+05:30,412.25,412.35,412.2,412.3,14213,ITC
2025-02-13 11:36:00+05:30,412.3,412.35,412.15,412.3,17703,ITC
2025-02-13 11:37:00+05:30,412.35,412.5,412.3,412.45,21257,ITC
2025-02-13 11:38:00+05:30,412.5,412.5,412.35,412.5,11136,ITC
2025-02-13 11:39:00+05:30,412.5,412.65,412.3,412.65,21351,ITC
2025-02-13 11:40:00+05:30,412.6,412.65,412.4,412.6,12130,ITC
2025-02-13 11:41:00+05:30,412.5,412.6,412.3,412.4,11687,ITC
2025-02-13 11:42:00+05:30,412.5,412.5,412.3,412.5,13741,ITC
2025-02-13 11:43:00+05:30,412.5,412.75,412.45,412.7,13599,ITC
2025-02-13 11:44:00+05:30,412.7,413.2,412.45,413.1,103850,ITC
2025-02-13 11:45:00+05:30,413.1,413.1,412.7,412.7,86777,ITC
2025-02-13 11:46:00+05:30,412.8,413.5,412.8,413.1,59806,ITC
2025-02-13 11:47:00+05:30,413.2,413.5,413.05,413.4,45892,ITC
2025-02-13 11:48:00+05:30,413.4,413.5,413.3,413.3,38364,ITC
2025-02-13 11:49:00+05:30,413.4,413.5,413.05,413.5,81094,ITC
2025-02-13 11:50:00+05:30,413.5,413.95,413.3,413.9,48874,ITC
2025-02-13 11:51:00+05:30,413.85,413.85,413.5,413.7,23126,ITC
2025-02-13 11:52:00+05:30,413.7,413.75,413.5,413.65,19898,ITC
2025-02-13 11:53:00+05:30,413.65,413.75,413.35,413.7,37532,ITC
2025-02-13 11:54:00+05:30,413.7,413.7,413.25,413.45,26846,ITC
2025-02-13 11:55:00+05:30,413.45,413.5,413.15,413.15,20443,ITC
2025-02-13 11:56:00+05:30,413.3,413.4,413.1,413.4,28965,ITC
2025-02-13 11:57:00+05:30,413.4,413.45,413.05,413.05,18733,ITC
2025-02-13 11:58:00+05:30,413.05,413.4,412.85,413.4,29676,ITC
2025-02-13 11:59:00+05:30,413.4,413.4,413.1,413.25,17807,ITC
2025-02-13 12:00:00+05:30,413.25,413.3,413.0,413.25,15636,ITC
2025-02-13 12:01:00+05:30,413.3,413.3,412.95,413.1,9940,ITC
2025-02-13 12:02:00+05:30,413.1,413.1,412.9,413.1,11591,ITC
2025-02-13 12:03:00+05:30,413.0,413.1,412.9,413.0,10424,ITC
2025-02-13 12:04:00+05:30,413.1,413.15,412.9,413.15,14767,ITC
2025-02-13 12:05:00+05:30,413.15,413.15,412.8,413.0,10843,ITC
2025-02-13 12:06:00+05:30,413.05,413.1,412.85,413.1,19393,ITC
2025-02-13 12:07:00+05:30,413.0,413.2,412.9,412.9,16457,ITC
2025-02-13 12:08:00+05:30,413.1,413.15,412.85,413.05,13098,ITC
2025-02-13 12:09:00+05:30,413.05,413.05,412.8,413.05,15814,ITC
2025-02-13 12:10:00+05:30,413.05,413.05,412.85,413.05,25031,ITC
2025-02-13 12:11:00+05:30,413.05,413.05,412.85,413.05,14320,ITC
2025-02-13 12:12:00+05:30,413.05,413.15,412.85,413.05,25269,ITC
2025-02-13 12:13:00+05:30,413.0,413.05,412.6,412.7,49053,ITC
2025-02-13 12:14:00+05:30,412.7,413.0,412.55,412.75,26191,ITC
2025-02-13 12:15:00+05:30,412.8,412.85,412.6,412.75,14656,ITC
2025-02-13 12:16:00+05:30,412.75,412.95,412.55,412.55,16215,ITC
2025-02-13 12:17:00+05:30,412.75,412.75,412.55,412.7,20941,ITC
2025-02-13 12:18:00+05:30,412.7,412.75,412.55,412.7,17744,ITC
2025-02-13 12:19:00+05:30,412.75,412.75,412.1,412.7,116326,ITC
2025-02-13 12:20:00+05:30,412.75,412.75,412.45,412.5,40872,ITC
2025-02-13 12:21:00+05:30,412.55,412.6,412.5,412.5,25376,ITC
2025-02-13 12:22:00+05:30,412.55,412.55,412.45,412.55,20037,ITC
2025-02-13 12:23:00+05:30,412.55,412.55,412.2,412.35,27181,ITC
2025-02-13 12:24:00+05:30,412.35,412.35,412.2,412.35,24735,ITC
2025-02-13 12:25:00+05:30,412.35,412.45,412.1,412.4,22050,ITC
2025-02-13 12:26:00+05:30,412.4,412.45,412.2,412.35,19069,ITC
2025-02-13 12:27:00+05:30,412.3,412.35,412.15,412.15,24513,ITC
2025-02-13 12:28:00+05:30,412.3,412.3,412.05,412.1,21559,ITC
2025-02-13 12:29:00+05:30,412.2,412.25,412.05,412.25,16374,ITC
2025-02-13 12:30:00+05:30,412.25,412.3,412.05,412.2,24967,ITC
2025-02-13 12:31:00+05:30,412.2,412.3,412.05,412.2,14975,ITC
2025-02-13 12:32:00+05:30,412.2,412.2,411.85,412.0,66089,ITC
2025-02-13 12:33:00+05:30,412.05,412.05,411.85,412.0,16466,ITC
2025-02-13 12:34:00+05:30,412.0,412.05,411.8,412.0,15466,ITC
2025-02-13 12:35:00+05:30,411.95,412.0,411.75,411.95,13106,ITC
2025-02-13 12:36:00+05:30,411.9,411.95,411.75,411.95,17103,ITC
2025-02-13 12:37:00+05:30,411.95,411.95,411.75,411.95,14604,ITC
2025-02-13 12:38:00+05:30,411.95,412.05,411.8,412.05,20200,ITC
2025-02-13 12:39:00+05:30,412.0,412.15,411.9,412.1,15377,ITC
2025-02-13 12:40:00+05:30,412.1,412.25,411.95,412.15,62768,ITC
2025-02-13 12:41:00+05:30,412.1,412.2,411.9,411.95,17180,ITC
2025-02-13 12:42:00+05:30,411.9,411.95,411.8,411.95,12576,ITC
2025-02-13 12:43:00+05:30,411.9,412.1,411.8,412.0,13374,ITC
2025-02-13 12:44:00+05:30,412.0,412.0,411.8,411.9,13747,ITC
2025-02-13 12:45:00+05:30,411.9,412.5,411.7,412.5,80155,ITC
2025-02-13 12:46:00+05:30,412.55,412.75,412.45,412.5,10049,ITC
2025-02-13 12:47:00+05:30,412.5,412.75,412.4,412.4,14250,ITC
2025-02-13 12:48:00+05:30,412.5,412.6,412.1,412.35,24670,ITC
2025-02-13 12:49:00+05:30,412.35,412.4,412.05,412.05,13175,ITC
2025-02-13 12:50:00+05:30,412.1,412.1,411.85,411.95,12887,ITC
2025-02-13 12:51:00+05:30,411.9,412.3,411.9,412.15,40363,ITC
2025-02-13 12:52:00+05:30,412.15,412.2,411.9,412.0,10258,ITC
2025-02-13 12:53:00+05:30,412.1,412.2,411.9,412.05,12719,ITC
2025-02-13 12:54:00+05:30,412.15,412.25,411.95,412.1,12139,ITC
2025-02-13 12:55:00+05:30,412.1,412.35,412.0,412.35,10126,ITC
2025-02-13 12:56:00+05:30,412.35,412.4,412.0,412.2,6762,ITC
2025-02-13 12:57:00+05:30,412.1,412.25,411.85,412.0,29788,ITC
2025-02-13 12:58:00+05:30,412.2,412.35,412.05,412.1,14426,ITC
2025-02-13 12:59:00+05:30,412.15,412.5,412.05,412.35,9342,ITC
2025-02-13 13:00:00+05:30,412.35,412.5,412.2,412.4,11295,ITC
2025-02-13 13:01:00+05:30,412.35,412.5,412.05,412.25,24018,ITC
2025-02-13 13:02:00+05:30,412.25,412.35,412.05,412.15,9524,ITC
2025-02-13 13:03:00+05:30,412.15,412.3,412.0,412.15,10544,ITC
2025-02-13 13:04:00+05:30,412.1,412.35,412.0,412.15,22503,ITC
2025-02-13 13:05:00+05:30,412.15,412.15,411.85,412.0,13619,ITC
2025-02-13 13:06:00+05:30,412.0,412.35,411.9,412.35,42333,ITC
2025-02-13 13:07:00+05:30,412.35,412.45,412.15,412.35,9492,ITC
2025-02-13 13:08:00+05:30,412.35,412.4,412.1,412.1,11337,ITC
2025-02-13 13:09:00+05:30,412.3,412.3,412.05,412.3,11204,ITC
2025-02-13 13:10:00+05:30,412.2,412.3,412.0,412.0,9339,ITC
2025-02-13 13:11:00+05:30,412.15,412.25,412.05,412.2,9347,ITC
2025-02-13 13:12:00+05:30,412.2,412.2,412.05,412.1,9211,ITC
2025-02-13 13:13:00+05:30,412.05,412.15,411.9,412.0,14355,ITC
2025-02-13 13:14:00+05:30,412.0,412.15,411.8,411.95,25308,ITC
2025-02-13 13:15:00+05:30,412.0,412.15,411.85,411.95,44590,ITC
2025-02-13 13:16:00+05:30,412.1,412.2,411.95,412.0,14739,ITC
2025-02-13 13:17:00+05:30,412.0,412.1,411.85,411.95,20454,ITC
2025-02-13 13:18:00+05:30,412.0,412.15,411.9,412.0,12992,ITC
2025-02-13 13:19:00+05:30,411.9,412.4,411.9,412.25,59943,ITC
2025-02-13 13:20:00+05:30,412.35,412.4,412.15,412.2,14160,ITC
2025-02-13 13:21:00+05:30,412.15,412.35,412.0,412.35,66333,ITC
2025-02-13 13:22:00+05:30,412.2,412.45,412.2,412.25,14983,ITC
2025-02-13 13:23:00+05:30,412.45,412.45,412.2,412.3,8240,ITC
2025-02-13 13:24:00+05:30,412.3,412.4,412.0,412.0,17699,ITC
2025-02-13 13:25:00+05:30,412.1,412.3,412.0,412.1,18714,ITC
2025-02-13 13:26:00+05:30,412.1,412.2,411.9,412.0,28419,ITC
2025-02-13 13:27:00+05:30,412.0,412.4,411.85,412.4,66808,ITC
2025-02-13 13:28:00+05:30,412.35,412.55,412.15,412.4,16773,ITC
2025-02-13 13:29:00+05:30,412.4,412.5,412.2,412.45,16620,ITC
2025-02-13 13:30:00+05:30,412.4,412.45,412.15,412.25,13742,ITC
2025-02-13 13:31:00+05:30,412.15,412.25,411.9,412.05,19704,ITC
2025-02-13 13:32:00+05:30,412.0,412.05,411.75,411.85,26676,ITC
2025-02-13 13:33:00+05:30,411.8,411.95,411.5,411.8,47418,ITC
2025-02-13 13:34:00+05:30,411.8,411.9,411.45,411.6,36719,ITC
2025-02-13 13:35:00+05:30,411.55,411.75,411.4,411.55,65699,ITC
2025-02-13 13:36:00+05:30,411.5,411.7,411.2,411.45,188617,ITC
2025-02-13 13:37:00+05:30,411.45,411.7,411.4,411.65,27633,ITC
2025-02-13 13:38:00+05:30,411.65,411.95,411.55,411.75,31844,ITC
2025-02-13 13:39:00+05:30,411.8,411.95,411.5,411.6,43449,ITC
2025-02-13 13:40:00+05:30,411.5,411.7,411.25,411.45,51625,ITC
2025-02-13 13:41:00+05:30,411.45,411.55,411.25,411.4,73594,ITC
2025-02-13 13:42:00+05:30,411.4,411.65,411.3,411.65,54043,ITC
2025-02-13 13:43:00+05:30,411.5,411.7,411.35,411.4,27908,ITC
2025-02-13 13:44:00+05:30,411.4,411.6,411.35,411.45,29299,ITC
2025-02-13 13:45:00+05:30,411.45,411.7,411.4,411.45,20072,ITC
2025-02-13 13:46:00+05:30,411.45,411.65,411.35,411.4,29402,ITC
2025-02-13 13:47:00+05:30,411.45,411.65,411.3,411.4,20017,ITC
2025-02-13 13:48:00+05:30,411.4,411.45,411.25,411.45,14582,ITC
2025-02-13 13:49:00+05:30,411.4,411.5,411.25,411.3,15517,ITC
2025-02-13 13:50:00+05:30,411.35,411.6,411.15,411.3,33167,ITC
2025-02-13 13:51:00+05:30,411.3,411.65,411.25,411.4,34133,ITC
2025-02-13 13:52:00+05:30,411.5,411.65,411.3,411.4,23673,ITC
2025-02-13 13:53:00+05:30,411.35,411.6,411.25,411.4,29818,ITC
2025-02-13 13:54:00+05:30,411.35,411.55,411.3,411.4,41234,ITC
2025-02-13 13:55:00+05:30,411.4,411.55,411.3,411.35,25480,ITC
2025-02-13 13:56:00+05:30,411.35,411.5,411.3,411.35,28226,ITC
2025-02-13 13:57:00+05:30,411.4,411.55,411.35,411.35,19744,ITC
2025-02-13 13:58:00+05:30,411.4,411.4,411.3,411.35,16694,ITC
2025-02-13 13:59:00+05:30,411.4,411.4,411.3,411.35,12016,ITC
2025-02-13 14:00:00+05:30,411.35,411.65,411.35,411.55,22245,ITC
2025-02-13 14:01:00+05:30,411.55,411.65,411.3,411.45,12500,ITC
2025-02-13 14:02:00+05:30,411.4,411.45,411.35,411.4,10814,ITC
2025-02-13 14:03:00+05:30,411.4,411.5,411.3,411.4,14827,ITC
2025-02-13 14:04:00+05:30,411.35,411.6,411.15,411.15,25009,ITC
2025-02-13 14:05:00+05:30,411.25,411.3,411.1,411.1,18165,ITC
2025-02-13 14:06:00+05:30,411.25,411.25,410.75,410.75,33151,ITC
2025-02-13 14:07:00+05:30,410.75,410.95,410.7,410.8,20074,ITC
2025-02-13 14:08:00+05:30,410.8,410.9,410.7,410.75,27460,ITC
2025-02-13 14:09:00+05:30,410.8,410.85,410.65,410.65,72032,ITC
2025-02-13 14:10:00+05:30,410.75,410.95,410.6,410.95,63972,ITC
2025-02-13 14:11:00+05:30,411.0,411.05,410.75,410.9,14558,ITC
2025-02-13 14:12:00+05:30,411.05,411.15,410.8,410.85,23670,ITC
2025-02-13 14:13:00+05:30,410.95,411.25,410.85,411.15,21130,ITC
2025-02-13 14:14:00+05:30,411.15,411.3,410.9,411.15,26532,ITC
2025-02-13 14:15:00+05:30,411.2,411.2,410.9,411.0,13105,ITC
2025-02-13 14:16:00+05:30,411.0,411.1,410.85,410.9,13390,ITC
2025-02-13 14:17:00+05:30,410.95,411.3,410.85,410.95,26337,ITC
2025-02-13 14:18:00+05:30,411.05,411.4,410.9,411.2,19521,ITC
2025-02-13 14:19:00+05:30,411.15,411.5,411.05,411.05,32909,ITC
2025-02-13 14:20:00+05:30,411.1,411.2,410.9,411.1,17322,ITC
2025-02-13 14:21:00+05:30,411.1,411.25,410.95,411.05,16538,ITC
2025-02-13 14:22:00+05:30,411.0,411.1,410.95,411.0,31041,ITC
2025-02-13 14:23:00+05:30,411.05,411.25,410.85,411.0,52514,ITC
2025-02-13 14:24:00+05:30,411.0,411.3,411.0,411.0,42767,ITC
2025-02-13 14:25:00+05:30,411.0,411.05,410.85,411.0,43708,ITC
2025-02-13 14:26:00+05:30,411.0,411.05,410.65,410.8,110174,ITC
2025-02-13 14:27:00+05:30,410.8,411.05,410.7,410.7,23876,ITC
2025-02-13 14:28:00+05:30,410.7,410.8,410.7,410.7,14879,ITC
2025-02-13 14:29:00+05:30,410.8,410.95,410.7,410.85,21055,ITC
2025-02-13 14:30:00+05:30,410.85,411.0,410.7,410.75,83860,ITC
2025-02-13 14:31:00+05:30,410.7,410.9,410.7,410.85,32758,ITC
2025-02-13 14:32:00+05:30,410.75,410.95,410.7,410.75,30202,ITC
2025-02-13 14:33:00+05:30,410.7,410.8,410.7,410.75,76911,ITC
2025-02-13 14:34:00+05:30,410.75,410.75,410.7,410.75,28783,ITC
2025-02-13 14:35:00+05:30,410.7,410.8,410.35,410.4,203236,ITC
2025-02-13 14:36:00+05:30,410.4,410.65,410.25,410.45,33421,ITC
2025-02-13 14:37:00+05:30,410.35,410.5,410.3,410.4,20801,ITC
2025-02-13 14:38:00+05:30,410.4,410.65,410.3,410.65,15495,ITC
2025-02-13 14:39:00+05:30,410.45,410.65,410.35,410.5,15329,ITC
2025-02-13 14:40:00+05:30,410.4,410.5,410.3,410.45,24262,ITC
2025-02-13 14:41:00+05:30,410.4,410.65,410.3,410.45,25609,ITC
2025-02-13 14:42:00+05:30,410.45,410.6,410.25,410.5,62402,ITC
2025-02-13 14:43:00+05:30,410.55,410.65,410.3,410.4,14887,ITC
2025-02-13 14:44:00+05:30,410.4,410.5,410.3,410.35,18347,ITC
2025-02-13 14:45:00+05:30,410.35,410.5,410.3,410.5,25183,ITC
2025-02-13 14:46:00+05:30,410.5,410.6,410.3,410.3,20625,ITC
2025-02-13 14:47:00+05:30,410.45,410.5,410.3,410.4,17840,ITC
2025-02-13 14:48:00+05:30,410.35,410.5,410.3,410.35,20576,ITC
2025-02-13 14:49:00+05:30,410.3,410.35,410.3,410.35,14577,ITC
2025-02-13 14:50:00+05:30,410.35,410.4,410.3,410.4,38187,ITC
2025-02-13 14:51:00+05:30,410.3,410.4,410.3,410.4,23041,ITC
2025-02-13 14:52:00+05:30,410.3,410.45,410.3,410.35,20272,ITC
2025-02-13 14:53:00+05:30,410.3,410.4,410.3,410.35,16532,ITC
2025-02-13 14:54:00+05:30,410.3,410.55,410.3,410.45,16485,ITC
2025-02-13 14:55:00+05:30,410.45,410.7,410.3,410.5,21391,ITC
2025-02-13 14:56:00+05:30,410.4,410.6,410.3,410.35,16450,ITC
2025-02-13 14:57:00+05:30,410.3,410.5,410.3,410.35,16628,ITC
2025-02-13 14:58:00+05:30,410.3,410.4,410.3,410.35,17171,ITC
2025-02-13 14:59:00+05:30,410.35,410.65,410.3,410.5,23934,ITC
2025-02-13 15:00:00+05:30,410.5,410.5,410.3,410.35,77433,ITC
2025-02-13 15:01:00+05:30,410.3,410.35,409.5,409.6,182602,ITC
2025-02-13 15:02:00+05:30,409.6,409.8,409.45,409.8,113385,ITC
2025-02-13 15:03:00+05:30,409.75,409.8,409.7,409.8,73823,ITC
2025-02-13 15:04:00+05:30,409.75,409.8,409.65,409.8,85488,ITC
2025-02-13 15:05:00+05:30,409.75,410.5,409.75,410.05,91276,ITC
2025-02-13 15:06:00+05:30,410.0,410.05,409.95,410.0,74214,ITC
2025-02-13 15:07:00+05:30,410.0,410.05,409.45,409.6,87761,ITC
2025-02-13 15:08:00+05:30,409.55,409.6,409.45,409.6,86596,ITC
2025-02-13 15:09:00+05:30,409.55,411.0,409.45,410.3,211121,ITC
2025-02-13 15:10:00+05:30,410.3,410.4,409.9,409.95,67281,ITC
2025-02-13 15:11:00+05:30,409.9,409.95,409.85,409.95,64339,ITC
2025-02-13 15:12:00+05:30,409.9,409.95,409.7,409.75,72666,ITC
2025-02-13 15:13:00+05:30,409.7,409.9,409.5,409.65,74118,ITC
2025-02-13 15:14:00+05:30,409.55,409.65,409.45,409.6,79231,ITC
2025-02-13 15:15:00+05:30,409.55,409.75,409.45,409.7,85788,ITC
2025-02-13 15:16:00+05:30,409.6,409.7,409.55,409.65,73424,ITC
2025-02-13 15:17:00+05:30,409.6,409.65,409.5,409.6,69249,ITC
2025-02-13 15:18:00+05:30,409.55,409.65,409.55,409.65,92535,ITC
2025-02-13 15:19:00+05:30,409.6,409.7,409.55,409.65,74975,ITC
2025-02-13 15:20:00+05:30,409.65,409.65,409.4,409.65,94854,ITC
2025-02-13 15:21:00+05:30,409.6,409.7,409.4,409.6,92763,ITC
2025-02-13 15:22:00+05:30,409.6,409.65,409.5,409.65,75717,ITC
2025-02-13 15:23:00+05:30,409.65,409.65,409.5,409.6,90764,ITC
2025-02-13 15:24:00+05:30,409.6,409.65,409.5,409.65,101283,ITC
2025-02-13 15:25:00+05:30,409.65,409.75,409.6,409.65,80849,ITC
2025-02-13 15:26:00+05:30,409.65,409.65,409.35,409.6,69833,ITC
2025-02-13 15:27:00+05:30,409.55,409.6,409.2,409.2,100122,ITC
2025-02-13 15:28:00+05:30,409.25,409.5,409.0,409.25,91211,ITC
2025-02-13 15:29:00+05:30,409.25,410.0,409.15,410.0,112820,ITC
2025-02-14 09:15:00+05:30,411.75,412.4,410.6,411.35,161429,ITC
2025-02-14 09:16:00+05:30,411.35,412.5,411.25,412.25,127877,ITC
2025-02-14 09:17:00+05:30,412.2,412.6,411.1,411.35,75670,ITC
2025-02-14 09:18:00+05:30,411.3,411.7,411.0,411.1,33203,ITC
2025-02-14 09:19:00+05:30,411.15,411.2,410.75,411.0,20476,ITC
2025-02-14 09:20:00+05:30,410.95,411.35,410.7,410.8,33738,ITC
2025-02-14 09:21:00+05:30,410.85,412.0,410.8,411.85,55378,ITC
2025-02-14 09:22:00+05:30,411.85,411.9,410.8,411.05,61094,ITC
2025-02-14 09:23:00+05:30,411.05,411.45,410.8,411.35,38063,ITC
2025-02-14 09:24:00+05:30,411.35,411.45,411.0,411.25,29899,ITC
2025-02-14 09:25:00+05:30,411.25,411.25,410.95,411.05,53381,ITC
2025-02-14 09:26:00+05:30,411.05,411.05,410.3,410.95,94417,ITC
2025-02-14 09:27:00+05:30,410.95,410.95,410.7,410.85,12084,ITC
2025-02-14 09:28:00+05:30,410.85,411.0,410.7,410.85,19907,ITC
2025-02-14 09:29:00+05:30,411.0,411.0,409.75,410.3,178275,ITC
2025-02-14 09:30:00+05:30,410.3,411.25,410.15,411.0,38694,ITC
2025-02-14 09:31:00+05:30,411.1,411.2,410.95,411.1,23680,ITC
2025-02-14 09:32:00+05:30,411.1,411.85,410.95,411.7,70456,ITC
2025-02-14 09:33:00+05:30,411.55,411.85,411.45,411.75,21337,ITC
2025-02-14 09:34:00+05:30,411.75,411.8,411.45,411.65,19231,ITC
2025-02-14 09:35:00+05:30,411.6,411.8,411.15,411.45,44549,ITC
2025-02-14 09:36:00+05:30,411.45,411.75,411.2,411.6,26523,ITC
2025-02-14 09:37:00+05:30,411.6,412.95,411.6,412.85,59463,ITC
2025-02-14 09:38:00+05:30,412.75,413.55,412.5,413.15,66793,ITC
2025-02-14 09:39:00+05:30,413.15,413.25,412.75,412.95,18562,ITC
2025-02-14 09:40:00+05:30,412.9,413.25,412.25,412.55,81814,ITC
2025-02-14 09:41:00+05:30,412.55,413.3,412.5,412.9,68582,ITC
2025-02-14 09:42:00+05:30,412.9,413.25,412.75,413.15,30671,ITC
2025-02-14 09:43:00+05:30,413.3,413.7,413.1,413.3,43132,ITC
2025-02-14 09:44:00+05:30,413.45,413.55,412.9,413.55,45433,ITC
2025-02-14 09:45:00+05:30,413.5,414.35,413.2,414.3,66319,ITC
2025-02-14 09:46:00+05:30,414.2,414.45,413.9,414.4,46850,ITC
2025-02-14 09:47:00+05:30,414.4,414.4,413.75,413.95,38790,ITC
2025-02-14 09:48:00+05:30,413.95,414.45,413.95,414.3,38803,ITC
2025-02-14 09:49:00+05:30,414.3,414.65,414.2,414.55,85115,ITC
2025-02-14 09:50:00+05:30,414.6,414.95,414.5,414.8,48717,ITC
2025-02-14 09:51:00+05:30,414.8,415.5,414.75,415.35,190794,ITC
2025-02-14 09:52:00+05:30,415.1,415.3,414.25,414.9,63503,ITC
2025-02-14 09:53:00+05:30,414.9,415.2,414.4,414.75,65637,ITC
2025-02-14 09:54:00+05:30,414.65,414.75,413.7,413.85,124985,ITC
2025-02-14 09:55:00+05:30,413.85,414.25,413.5,413.7,112699,ITC
2025-02-14 09:56:00+05:30,413.7,413.95,413.55,413.55,21360,ITC
2025-02-14 09:57:00+05:30,413.55,413.7,412.85,412.9,52285,ITC
2025-02-14 09:58:00+05:30,412.9,413.05,412.6,412.75,43026,ITC
2025-02-14 09:59:00+05:30,412.75,413.5,412.7,413.2,24955,ITC
2025-02-14 10:00:00+05:30,413.2,413.45,413.1,413.35,12884,ITC
2025-02-14 10:01:00+05:30,413.3,413.4,413.1,413.25,10658,ITC
2025-02-14 10:02:00+05:30,413.1,413.25,412.95,412.95,21524,ITC
2025-02-14 10:03:00+05:30,412.95,413.75,412.85,413.65,32987,ITC
2025-02-14 10:04:00+05:30,413.5,413.75,413.3,413.65,18174,ITC
2025-02-14 10:05:00+05:30,413.65,414.55,413.6,414.4,44314,ITC
2025-02-14 10:06:00+05:30,414.3,414.4,414.0,414.15,21854,ITC
2025-02-14 10:07:00+05:30,414.05,414.25,414.0,414.1,37459,ITC
2025-02-14 10:08:00+05:30,414.1,414.45,414.0,414.25,34532,ITC
2025-02-14 10:09:00+05:30,414.15,414.45,414.1,414.2,15327,ITC
2025-02-14 10:10:00+05:30,414.2,415.1,414.15,414.6,66221,ITC
2025-02-14 10:11:00+05:30,414.6,414.6,414.0,414.4,51363,ITC
2025-02-14 10:12:00+05:30,414.4,414.85,414.3,414.85,40421,ITC
2025-02-14 10:13:00+05:30,414.8,414.95,414.5,414.65,16161,ITC
2025-02-14 10:14:00+05:30,414.65,414.85,414.55,414.85,25869,ITC
2025-02-14 10:15:00+05:30,414.8,415.2,414.75,415.05,33400,ITC
2025-02-14 10:16:00+05:30,414.95,415.25,414.95,415.15,31312,ITC
2025-02-14 10:17:00+05:30,415.15,415.5,415.1,415.25,32177,ITC
2025-02-14 10:18:00+05:30,415.45,415.8,415.2,415.8,59085,ITC
2025-02-14 10:19:00+05:30,415.8,415.8,415.45,415.55,31940,ITC
2025-02-14 10:20:00+05:30,415.6,415.6,415.35,415.45,21659,ITC
2025-02-14 10:21:00+05:30,415.5,415.5,415.3,415.35,25365,ITC
2025-02-14 10:22:00+05:30,415.35,415.5,415.25,415.4,14873,ITC
2025-02-14 10:23:00+05:30,415.35,415.4,415.0,415.15,42258,ITC
2025-02-14 10:24:00+05:30,415.25,415.75,415.05,415.7,40984,ITC
2025-02-14 10:25:00+05:30,415.75,416.2,415.6,415.9,65406,ITC
2025-02-14 10:26:00+05:30,415.85,416.05,415.55,415.6,31307,ITC
2025-02-14 10:27:00+05:30,415.65,415.95,415.5,415.8,38558,ITC
2025-02-14 10:28:00+05:30,415.75,415.85,415.25,415.25,34117,ITC
2025-02-14 10:29:00+05:30,415.3,415.3,414.85,415.1,35744,ITC
2025-02-14 10:30:00+05:30,415.05,415.45,415.0,415.35,15898,ITC
2025-02-14 10:31:00+05:30,415.3,415.5,415.1,415.5,27677,ITC
2025-02-14 10:32:00+05:30,415.45,415.7,415.25,415.3,22467,ITC
2025-02-14 10:33:00+05:30,415.35,415.35,414.9,415.05,23825,ITC
2025-02-14 10:34:00+05:30,415.05,415.05,414.3,414.55,47555,ITC
2025-02-14 10:35:00+05:30,414.65,414.8,414.05,414.15,42066,ITC
2025-02-14 10:36:00+05:30,414.2,414.25,412.7,412.95,107953,ITC
2025-02-14 10:37:00+05:30,412.9,412.95,412.4,412.55,71378,ITC
2025-02-14 10:38:00+05:30,412.55,413.55,412.4,413.35,163790,ITC
2025-02-14 10:39:00+05:30,413.3,413.5,412.9,413.1,56720,ITC
2025-02-14 10:40:00+05:30,413.1,413.3,413.0,413.05,82922,ITC
2025-02-14 10:41:00+05:30,413.05,413.6,413.0,413.6,48589,ITC
2025-02-14 10:42:00+05:30,413.6,413.9,413.4,413.5,25871,ITC
2025-02-14 10:43:00+05:30,413.45,413.6,413.35,413.5,21197,ITC
2025-02-14 10:44:00+05:30,413.35,413.45,413.0,413.35,29699,ITC
2025-02-14 10:45:00+05:30,413.25,413.65,413.15,413.65,35988,ITC
2025-02-14 10:46:00+05:30,413.5,413.6,413.1,413.1,24153,ITC
2025-02-14 10:47:00+05:30,413.1,413.5,413.1,413.35,17215,ITC
2025-02-14 10:48:00+05:30,413.3,413.35,413.0,413.1,81553,ITC
2025-02-14 10:49:00+05:30,413.0,413.3,413.0,413.1,33048,ITC
2025-02-14 10:50:00+05:30,413.2,413.35,413.0,413.25,13356,ITC
2025-02-14 10:51:00+05:30,413.25,413.35,413.05,413.25,21885,ITC
2025-02-14 10:52:00+05:30,413.15,413.25,413.0,413.2,27570,ITC
2025-02-14 10:53:00+05:30,413.15,413.3,413.0,413.15,11761,ITC
2025-02-14 10:54:00+05:30,413.1,413.1,412.45,412.55,72007,ITC
2025-02-14 10:55:00+05:30,412.55,412.7,412.35,412.55,28914,ITC
2025-02-14 10:56:00+05:30,412.4,412.85,412.2,412.65,46608,ITC
2025-02-14 10:57:00+05:30,412.65,413.1,412.5,413.05,28096,ITC
2025-02-14 10:58:00+05:30,413.05,413.05,412.6,412.9,44973,ITC
2025-02-14 10:59:00+05:30,412.8,413.1,412.8,412.95,19197,ITC
2025-02-14 11:00:00+05:30,412.85,413.1,412.7,412.9,117242,ITC
2025-02-14 11:01:00+05:30,412.95,413.1,412.7,413.05,68675,ITC
2025-02-14 11:02:00+05:30,413.05,413.1,412.8,412.95,19509,ITC
2025-02-14 11:03:00+05:30,412.9,413.0,412.5,412.65,47128,ITC
2025-02-14 11:04:00+05:30,412.7,412.85,411.1,411.1,70734,ITC
2025-02-14 11:05:00+05:30,411.1,411.35,410.8,411.3,53016,ITC
2025-02-14 11:06:00+05:30,411.3,411.4,410.6,410.85,27572,ITC
2025-02-14 11:07:00+05:30,410.8,411.1,410.5,410.55,62195,ITC
2025-02-14 11:08:00+05:30,410.5,410.9,410.45,410.65,31058,ITC
2025-02-14 11:09:00+05:30,410.75,410.8,410.5,410.7,20485,ITC
2025-02-14 11:10:00+05:30,410.6,411.6,410.5,411.35,41647,ITC
2025-02-14 11:11:00+05:30,411.2,411.65,411.2,411.4,37919,ITC
2025-02-14 11:12:00+05:30,411.4,411.75,411.25,411.75,16400,ITC
2025-02-14 11:13:00+05:30,411.75,411.95,411.45,411.9,49726,ITC
2025-02-14 11:14:00+05:30,411.95,411.95,411.8,411.9,18423,ITC
2025-02-14 11:15:00+05:30,411.8,411.95,411.8,411.9,14209,ITC
2025-02-14 11:16:00+05:30,411.9,411.9,411.75,411.9,20999,ITC
2025-02-14 11:17:00+05:30,411.8,412.3,411.75,412.25,34563,ITC
2025-02-14 11:18:00+05:30,412.1,412.3,411.95,412.1,28621,ITC
2025-02-14 11:19:00+05:30,412.1,412.25,411.75,411.9,32415,ITC
2025-02-14 11:20:00+05:30,411.9,411.95,411.75,411.85,21449,ITC
2025-02-14 11:21:00+05:30,411.8,411.85,411.75,411.8,16116,ITC
2025-02-14 11:22:00+05:30,411.85,411.95,411.15,411.25,96400,ITC
2025-02-14 11:23:00+05:30,411.25,411.6,411.2,411.4,13035,ITC
2025-02-14 11:24:00+05:30,411.25,411.4,411.05,411.25,15368,ITC
2025-02-14 11:25:00+05:30,411.2,411.4,411.05,411.1,13716,ITC
2025-02-14 11:26:00+05:30,411.1,411.35,411.0,411.25,21440,ITC
2025-02-14 11:27:00+05:30,411.3,411.3,411.05,411.25,12768,ITC
2025-02-14 11:28:00+05:30,411.2,411.25,411.0,411.15,15406,ITC
2025-02-14 11:29:00+05:30,411.0,411.15,410.8,410.95,31332,ITC
2025-02-14 11:30:00+05:30,410.8,411.1,410.7,411.05,21291,ITC
2025-02-14 11:31:00+05:30,411.05,411.25,410.85,411.0,20113,ITC
2025-02-14 11:32:00+05:30,411.0,411.1,410.7,410.95,13899,ITC
2025-02-14 11:33:00+05:30,410.85,410.95,410.65,410.8,15645,ITC
2025-02-14 11:34:00+05:30,410.7,410.85,410.5,410.55,13819,ITC
2025-02-14 11:35:00+05:30,410.55,410.85,410.55,410.7,13363,ITC
2025-02-14 11:36:00+05:30,410.6,410.75,410.5,410.65,19256,ITC
2025-02-14 11:37:00+05:30,410.5,410.7,410.3,410.45,17485,ITC
2025-02-14 11:38:00+05:30,410.35,410.45,410.15,410.3,14464,ITC
2025-02-14 11:39:00+05:30,410.15,410.35,410.1,410.25,16306,ITC
2025-02-14 11:40:00+05:30,410.1,410.45,410.05,410.3,25157,ITC
2025-02-14 11:41:00+05:30,410.25,410.5,410.2,410.45,75034,ITC
2025-02-14 11:42:00+05:30,410.45,410.5,410.2,410.5,17918,ITC
2025-02-14 11:43:00+05:30,410.45,410.95,410.3,410.6,103991,ITC
2025-02-14 11:44:00+05:30,410.6,410.8,410.55,410.6,11730,ITC
2025-02-14 11:45:00+05:30,410.65,410.85,410.6,410.8,15314,ITC
2025-02-14 11:46:00+05:30,410.8,410.8,410.5,410.6,17879,ITC
2025-02-14 11:47:00+05:30,410.65,410.65,410.4,410.55,19022,ITC
2025-02-14 11:48:00+05:30,410.4,410.5,410.3,410.4,15643,ITC
2025-02-14 11:49:00+05:30,410.4,410.45,410.3,410.4,10246,ITC
2025-02-14 11:50:00+05:30,410.3,410.5,410.3,410.5,14654,ITC
2025-02-14 11:51:00+05:30,410.5,410.65,410.35,410.5,16646,ITC
2025-02-14 11:52:00+05:30,410.5,410.55,410.35,410.35,25198,ITC
2025-02-14 11:53:00+05:30,410.45,410.65,410.3,410.4,19359,ITC
2025-02-14 11:54:00+05:30,410.4,410.65,410.35,410.55,14015,ITC
2025-02-14 11:55:00+05:30,410.5,410.55,410.25,410.45,16982,ITC
2025-02-14 11:56:00+05:30,410.45,410.65,410.25,410.65,12117,ITC
2025-02-14 11:57:00+05:30,410.6,410.9,410.6,410.8,16246,ITC
2025-02-14 11:58:00+05:30,410.7,410.9,410.5,410.75,23564,ITC
2025-02-14 11:59:00+05:30,410.55,410.9,410.45,410.9,18156,ITC
2025-02-14 12:00:00+05:30,410.7,410.9,410.6,410.65,13290,ITC
2025-02-14 12:01:00+05:30,410.75,410.85,410.45,410.5,18619,ITC
2025-02-14 12:02:00+05:30,410.5,410.75,410.0,410.2,98734,ITC
2025-02-14 12:03:00+05:30,410.35,410.55,409.75,409.9,175880,ITC
2025-02-14 12:04:00+05:30,409.95,410.0,409.75,409.9,21512,ITC
2025-02-14 12:05:00+05:30,409.8,409.9,409.7,409.9,22619,ITC
2025-02-14 12:06:00+05:30,409.8,409.9,409.6,409.75,20346,ITC
2025-02-14 12:07:00+05:30,409.75,409.75,409.2,409.35,37638,ITC
2025-02-14 12:08:00+05:30,409.4,409.45,409.0,409.4,45928,ITC
2025-02-14 12:09:00+05:30,409.3,409.45,409.0,409.15,20152,ITC
2025-02-14 12:10:00+05:30,409.15,409.3,409.0,409.2,17485,ITC
2025-02-14 12:11:00+05:30,409.2,409.4,409.05,409.2,17070,ITC
2025-02-14 12:12:00+05:30,409.3,409.4,409.0,409.4,22972,ITC
2025-02-14 12:13:00+05:30,409.4,409.6,409.2,409.3,13675,ITC
2025-02-14 12:14:00+05:30,409.3,409.65,409.25,409.45,18087,ITC
2025-02-14 12:15:00+05:30,409.45,409.75,409.35,409.65,20856,ITC
2025-02-14 12:16:00+05:30,409.65,409.65,409.2,409.2,27616,ITC
2025-02-14 12:17:00+05:30,409.35,409.5,409.2,409.4,22181,ITC
2025-02-14 12:18:00+05:30,409.35,409.6,409.25,409.45,20017,ITC
2025-02-14 12:19:00+05:30,409.45,409.6,409.25,409.4,16063,ITC
2025-02-14 12:20:00+05:30,409.3,409.65,409.25,409.55,28261,ITC
2025-02-14 12:21:00+05:30,409.5,410.4,409.3,409.65,46281,ITC
2025-02-14 12:22:00+05:30,409.65,409.7,409.05,409.25,16384,ITC
2025-02-14 12:23:00+05:30,409.25,409.25,409.05,409.2,21702,ITC
2025-02-14 12:24:00+05:30,409.1,409.2,409.0,409.05,25723,ITC
2025-02-14 12:25:00+05:30,409.05,409.35,408.6,408.75,121087,ITC
2025-02-14 12:26:00+05:30,408.75,409.25,408.6,408.8,25216,ITC
2025-02-14 12:27:00+05:30,408.65,409.0,408.65,408.9,17491,ITC
2025-02-14 12:28:00+05:30,408.95,409.05,408.75,408.95,22165,ITC
2025-02-14 12:29:00+05:30,408.95,409.1,408.7,409.0,19826,ITC
2025-02-14 12:30:00+05:30,409.0,409.0,408.55,408.85,27898,ITC
2025-02-14 12:31:00+05:30,408.85,408.85,408.5,408.55,29509,ITC
2025-02-14 12:32:00+05:30,408.65,408.8,408.5,408.65,21137,ITC
2025-02-14 12:33:00+05:30,408.6,408.85,408.5,408.7,22440,ITC
2025-02-14 12:34:00+05:30,408.7,408.85,408.5,408.75,16028,ITC
2025-02-14 12:35:00+05:30,408.55,409.4,408.5,408.95,48629,ITC
2025-02-14 12:36:00+05:30,408.9,409.3,408.8,409.2,16129,ITC
2025-02-14 12:37:00+05:30,409.15,409.3,409.05,409.25,12861,ITC
2025-02-14 12:38:00+05:30,409.25,409.55,409.05,409.55,15816,ITC
2025-02-14 12:39:00+05:30,409.45,409.9,409.4,409.8,18864,ITC
2025-02-14 12:40:00+05:30,409.8,409.95,409.65,409.9,22098,ITC
2025-02-14 12:41:00+05:30,409.8,409.9,409.65,409.8,10359,ITC
2025-02-14 12:42:00+05:30,409.65,409.9,409.6,409.8,14186,ITC
2025-02-14 12:43:00+05:30,409.65,409.9,409.6,409.8,11853,ITC
2025-02-14 12:44:00+05:30,409.65,409.85,409.65,409.85,13259,ITC
2025-02-14 12:45:00+05:30,409.75,409.9,409.6,409.8,16440,ITC
2025-02-14 12:46:00+05:30,409.75,409.8,409.6,409.8,13006,ITC
2025-02-14 12:47:00+05:30,409.8,409.8,409.25,409.5,18971,ITC
2025-02-14 12:48:00+05:30,409.35,409.7,409.35,409.6,15315,ITC
2025-02-14 12:49:00+05:30,409.4,409.65,409.4,409.55,14239,ITC
2025-02-14 12:50:00+05:30,409.5,409.75,409.4,409.7,20877,ITC
2025-02-14 12:51:00+05:30,409.65,410.0,409.5,409.85,66975,ITC
2025-02-14 12:52:00+05:30,409.7,410.0,409.6,409.9,18187,ITC
2025-02-14 12:53:00+05:30,409.95,410.0,409.6,409.75,21186,ITC
2025-02-14 12:54:00+05:30,409.6,409.85,409.5,409.7,18592,ITC
2025-02-14 12:55:00+05:30,409.7,409.8,409.4,409.55,27516,ITC
2025-02-14 12:56:00+05:30,409.55,409.8,409.55,409.6,13365,ITC
2025-02-14 12:57:00+05:30,409.6,409.8,409.5,409.75,15499,ITC
2025-02-14 12:58:00+05:30,409.6,409.75,409.25,409.3,19087,ITC
2025-02-14 12:59:00+05:30,409.4,409.45,408.5,408.75,90804,ITC
2025-02-14 13:00:00+05:30,408.7,409.0,408.55,408.95,28982,ITC
2025-02-14 13:01:00+05:30,408.95,409.3,408.8,409.15,43928,ITC
2025-02-14 13:02:00+05:30,409.1,409.15,408.7,408.85,18806,ITC
2025-02-14 13:03:00+05:30,408.85,408.9,408.5,408.65,27736,ITC
2025-02-14 13:04:00+05:30,408.65,408.9,408.4,408.65,29333,ITC
2025-02-14 13:05:00+05:30,408.7,408.9,408.55,408.75,16306,ITC
2025-02-14 13:06:00+05:30,408.6,408.95,408.55,408.8,21899,ITC
2025-02-14 13:07:00+05:30,408.75,408.95,408.55,408.7,19175,ITC
2025-02-14 13:08:00+05:30,408.6,408.85,408.55,408.75,10985,ITC
2025-02-14 13:09:00+05:30,408.7,408.8,408.55,408.75,11803,ITC
2025-02-14 13:10:00+05:30,408.7,408.85,408.5,408.7,16938,ITC
2025-02-14 13:11:00+05:30,408.7,409.0,408.55,408.8,40808,ITC
2025-02-14 13:12:00+05:30,408.75,408.85,408.55,408.8,19232,ITC
2025-02-14 13:13:00+05:30,408.8,408.95,408.5,408.75,35024,ITC
2025-02-14 13:14:00+05:30,408.95,409.0,408.7,408.85,12228,ITC
2025-02-14 13:15:00+05:30,408.85,409.0,408.7,408.95,12336,ITC
2025-02-14 13:16:00+05:30,408.95,409.0,408.85,409.0,13234,ITC
2025-02-14 13:17:00+05:30,408.9,409.35,408.8,409.25,107437,ITC
2025-02-14 13:18:00+05:30,409.25,409.35,408.95,409.15,17625,ITC
2025-02-14 13:19:00+05:30,409.15,409.3,408.85,409.25,21286,ITC
2025-02-14 13:20:00+05:30,409.15,409.35,409.05,409.3,20842,ITC
2025-02-14 13:21:00+05:30,409.2,409.5,409.1,409.5,28934,ITC
2025-02-14 13:22:00+05:30,409.35,409.5,409.3,409.3,13921,ITC
2025-02-14 13:23:00+05:30,409.5,409.5,409.25,409.35,18946,ITC
2025-02-14 13:24:00+05:30,409.35,409.45,409.1,409.3,14678,ITC
2025-02-14 13:25:00+05:30,409.3,409.3,409.05,409.3,10091,ITC
2025-02-14 13:26:00+05:30,409.3,409.35,409.1,409.3,15482,ITC
2025-02-14 13:27:00+05:30,409.15,409.35,409.05,409.15,10652,ITC
2025-02-14 13:28:00+05:30,409.1,409.35,409.05,409.3,17864,ITC
2025-02-14 13:29:00+05:30,409.1,409.6,409.05,409.55,86369,ITC
2025-02-14 13:30:00+05:30,409.4,409.65,409.35,409.6,34043,ITC
2025-02-14 13:31:00+05:30,409.45,409.75,409.35,409.75,43373,ITC
2025-02-14 13:32:00+05:30,409.7,409.85,409.6,409.75,23863,ITC
2025-02-14 13:33:00+05:30,409.75,409.75,409.25,409.5,48321,ITC
2025-02-14 13:34:00+05:30,409.5,409.75,409.3,409.75,40458,ITC
2025-02-14 13:35:00+05:30,409.75,409.75,409.5,409.55,15495,ITC
2025-02-14 13:36:00+05:30,409.55,409.7,409.35,409.5,77631,ITC
2025-02-14 13:37:00+05:30,409.5,409.65,409.1,409.6,55906,ITC
2025-02-14 13:38:00+05:30,409.5,409.65,409.4,409.6,22151,ITC
2025-02-14 13:39:00+05:30,409.5,409.65,409.45,409.65,33089,ITC
2025-02-14 13:40:00+05:30,409.55,409.75,409.5,409.65,15862,ITC
2025-02-14 13:41:00+05:30,409.65,409.85,409.65,409.85,34897,ITC
2025-02-14 13:42:00+05:30,409.8,409.85,409.45,409.55,43731,ITC
2025-02-14 13:43:00+05:30,409.5,412.2,409.4,410.5,679391,ITC
2025-02-14 13:44:00+05:30,410.35,410.95,410.1,410.6,43167,ITC
2025-02-14 13:45:00+05:30,410.7,411.0,410.55,410.95,24271,ITC
2025-02-14 13:46:00+05:30,410.95,411.0,410.9,411.0,19756,ITC
2025-02-14 13:47:00+05:30,410.9,411.0,410.75,410.9,24705,ITC
2025-02-14 13:48:00+05:30,410.95,410.95,410.75,410.8,13617,ITC
2025-02-14 13:49:00+05:30,410.85,410.85,410.2,410.45,23703,ITC
2025-02-14 13:50:00+05:30,410.4,410.45,410.1,410.3,19450,ITC
2025-02-14 13:51:00+05:30,410.3,410.4,410.0,410.2,15550,ITC
2025-02-14 13:52:00+05:30,410.15,410.45,410.05,410.45,12379,ITC
2025-02-14 13:53:00+05:30,410.4,410.5,410.25,410.45,13691,ITC
2025-02-14 13:54:00+05:30,410.4,410.5,410.25,410.5,12153,ITC
2025-02-14 13:55:00+05:30,410.35,410.55,410.35,410.4,24497,ITC
2025-02-14 13:56:00+05:30,410.4,410.5,410.3,410.35,10092,ITC
2025-02-14 13:57:00+05:30,410.4,410.5,410.25,410.5,10394,ITC
2025-02-14 13:58:00+05:30,410.4,410.5,410.05,410.5,32104,ITC
2025-02-14 13:59:00+05:30,410.5,410.5,410.15,410.4,15760,ITC
2025-02-14 14:00:00+05:30,410.25,410.6,410.15,410.5,18288,ITC
2025-02-14 14:01:00+05:30,410.5,410.9,410.35,410.75,22109,ITC
2025-02-14 14:02:00+05:30,410.6,410.9,410.6,410.85,19457,ITC
2025-02-14 14:03:00+05:30,410.85,410.9,410.7,410.75,20751,ITC
2025-02-14 14:04:00+05:30,410.85,410.85,410.55,410.65,15372,ITC
2025-02-14 14:05:00+05:30,410.65,410.85,410.5,410.75,29846,ITC
2025-02-14 14:06:00+05:30,410.75,411.2,410.65,411.05,75116,ITC
2025-02-14 14:07:00+05:30,411.0,411.15,410.8,411.0,29668,ITC
2025-02-14 14:08:00+05:30,410.95,411.0,410.1,410.45,27502,ITC
2025-02-14 14:09:00+05:30,410.45,410.8,410.1,410.7,26154,ITC
2025-02-14 14:10:00+05:30,410.6,410.85,410.55,410.85,17001,ITC
2025-02-14 14:11:00+05:30,410.85,410.85,410.35,410.45,22313,ITC
2025-02-14 14:12:00+05:30,410.45,410.65,410.3,410.35,43656,ITC
2025-02-14 14:13:00+05:30,410.35,410.9,410.35,410.6,44733,ITC
2025-02-14 14:14:00+05:30,410.8,410.9,410.55,410.9,23500,ITC
2025-02-14 14:15:00+05:30,410.9,411.3,410.7,411.3,42290,ITC
2025-02-14 14:16:00+05:30,411.2,411.55,411.05,411.45,48677,ITC
2025-02-14 14:17:00+05:30,411.4,411.5,411.2,411.3,32448,ITC
2025-02-14 14:18:00+05:30,411.35,411.7,411.1,411.65,34067,ITC
2025-02-14 14:19:00+05:30,411.5,411.75,411.4,411.6,28780,ITC
2025-02-14 14:20:00+05:30,411.6,411.95,411.4,411.55,43227,ITC
2025-02-14 14:21:00+05:30,411.4,411.65,411.4,411.45,25262,ITC
2025-02-14 14:22:00+05:30,411.45,411.75,411.35,411.55,41525,ITC
2025-02-14 14:23:00+05:30,411.45,411.85,411.4,411.65,42501,ITC
2025-02-14 14:24:00+05:30,411.6,411.7,411.2,411.3,31336,ITC
2025-02-14 14:25:00+05:30,411.4,411.4,410.45,411.0,33930,ITC
2025-02-14 14:26:00+05:30,410.95,411.2,410.9,411.1,23531,ITC
2025-02-14 14:27:00+05:30,411.05,411.3,410.85,411.05,29708,ITC
2025-02-14 14:28:00+05:30,411.0,411.1,410.55,410.6,18800,ITC
2025-02-14 14:29:00+05:30,410.7,411.2,410.7,410.85,17418,ITC
2025-02-14 14:30:00+05:30,410.85,411.1,410.75,411.0,20426,ITC
2025-02-14 14:31:00+05:30,410.95,411.0,410.8,410.9,14459,ITC
2025-02-14 14:32:00+05:30,410.9,411.0,410.8,410.95,16821,ITC
2025-02-14 14:33:00+05:30,410.95,411.0,410.7,410.9,20196,ITC
2025-02-14 14:34:00+05:30,410.75,411.0,410.55,411.0,49880,ITC
2025-02-14 14:35:00+05:30,410.9,411.5,410.75,411.45,49855,ITC
2025-02-14 14:36:00+05:30,411.45,411.65,411.25,411.35,33046,ITC
2025-02-14 14:37:00+05:30,411.3,411.4,411.05,411.15,29597,ITC
2025-02-14 14:38:00+05:30,411.2,411.65,411.1,411.55,39200,ITC
2025-02-14 14:39:00+05:30,411.4,411.55,410.85,411.05,41523,ITC
2025-02-14 14:40:00+05:30,411.05,411.25,410.8,411.0,30181,ITC
2025-02-14 14:41:00+05:30,410.9,411.1,410.45,410.5,27593,ITC
2025-02-14 14:42:00+05:30,410.65,411.0,410.5,411.0,15657,ITC
2025-02-14 14:43:00+05:30,410.9,411.3,410.85,411.3,16826,ITC
2025-02-14 14:44:00+05:30,411.2,411.55,411.15,411.45,21457,ITC
2025-02-14 14:45:00+05:30,411.35,411.55,411.0,411.15,43363,ITC
2025-02-14 14:46:00+05:30,411.15,411.55,410.9,411.4,35370,ITC
2025-02-14 14:47:00+05:30,411.4,411.55,411.2,411.3,22942,ITC
2025-02-14 14:48:00+05:30,411.4,411.45,410.95,411.05,22060,ITC
2025-02-14 14:49:00+05:30,411.15,411.45,411.05,411.2,27510,ITC
2025-02-14 14:50:00+05:30,411.2,411.4,410.85,411.1,30486,ITC
2025-02-14 14:51:00+05:30,410.95,411.1,410.65,411.05,26741,ITC
2025-02-14 14:52:00+05:30,410.95,411.3,410.75,410.95,24287,ITC
2025-02-14 14:53:00+05:30,410.9,411.2,410.75,411.15,32648,ITC
2025-02-14 14:54:00+05:30,411.15,411.2,410.65,410.9,39116,ITC
2025-02-14 14:55:00+05:30,410.9,410.95,410.55,410.6,34809,ITC
2025-02-14 14:56:00+05:30,410.6,410.75,410.1,410.25,44690,ITC
2025-02-14 14:57:00+05:30,410.15,410.55,410.05,410.3,62049,ITC
2025-02-14 14:58:00+05:30,410.15,410.35,410.0,410.35,51893,ITC
2025-02-14 14:59:00+05:30,410.35,411.3,410.2,411.25,80483,ITC
2025-02-14 15:00:00+05:30,411.2,411.6,410.9,411.05,82027,ITC
2025-02-14 15:01:00+05:30,411.05,411.3,410.8,410.95,38323,ITC
2025-02-14 15:02:00+05:30,410.95,411.0,410.7,410.8,34077,ITC
2025-02-14 15:03:00+05:30,410.85,411.0,410.4,411.0,44411,ITC
2025-02-14 15:04:00+05:30,411.0,411.35,410.65,411.1,164459,ITC
2025-02-14 15:05:00+05:30,411.05,411.3,410.5,410.6,42139,ITC
2025-02-14 15:06:00+05:30,410.6,410.6,410.2,410.5,38580,ITC
2025-02-14 15:07:00+05:30,410.55,410.55,410.1,410.3,34254,ITC
2025-02-14 15:08:00+05:30,410.3,410.5,410.0,410.1,73631,ITC
2025-02-14 15:09:00+05:30,410.1,410.15,409.7,409.9,47090,ITC
2025-02-14 15:10:00+05:30,409.9,410.35,409.85,410.25,62564,ITC
2025-02-14 15:11:00+05:30,410.25,410.55,410.1,410.45,37245,ITC
2025-02-14 15:12:00+05:30,410.5,410.5,410.2,410.4,33742,ITC
2025-02-14 15:13:00+05:30,410.35,410.4,410.2,410.3,36920,ITC
2025-02-14 15:14:00+05:30,410.35,410.4,410.15,410.25,39649,ITC
2025-02-14 15:15:00+05:30,410.25,410.25,409.7,410.15,82092,ITC
2025-02-14 15:16:00+05:30,410.15,410.2,410.0,410.1,42723,ITC
2025-02-14 15:17:00+05:30,410.0,410.3,409.95,410.15,40285,ITC
2025-02-14 15:18:00+05:30,410.15,410.4,409.85,410.2,75593,ITC
2025-02-14 15:19:00+05:30,410.2,410.4,410.1,410.4,46991,ITC
2025-02-14 15:20:00+05:30,410.4,410.4,409.6,409.85,73579,ITC
2025-02-14 15:21:00+05:30,409.85,409.9,409.6,409.85,44000,ITC
2025-02-14 15:22:00+05:30,409.85,409.9,409.7,409.9,38528,ITC
2025-02-14 15:23:00+05:30,409.9,409.9,409.4,409.6,43722,ITC
2025-02-14 15:24:00+05:30,409.6,409.8,409.35,409.6,51762,ITC
2025-02-14 15:25:00+05:30,409.75,409.95,409.6,409.8,42723,ITC
2025-02-14 15:26:00+05:30,409.75,409.85,409.4,409.6,47555,ITC
2025-02-14 15:27:00+05:30,409.6,409.9,409.5,409.9,31096,ITC
2025-02-14 15:28:00+05:30,409.9,410.2,409.5,409.55,40751,ITC
2025-02-14 15:29:00+05:30,409.75,410.0,409.6,410.0,19814,ITC
2025-02-17 09:15:00+05:30,409.8,411.4,408.3,409.7,290633,ITC
2025-02-17 09:16:00+05:30,409.85,410.25,407.6,408.75,213998,ITC
2025-02-17 09:17:00+05:30,408.95,410.0,408.6,409.6,133691,ITC
2025-02-17 09:18:00+05:30,409.7,409.7,408.25,408.55,113273,ITC
2025-02-17 09:19:00+05:30,408.55,408.65,407.8,408.1,92939,ITC
2025-02-17 09:20:00+05:30,408.2,409.25,407.8,409.15,71557,ITC
2025-02-17 09:21:00+05:30,409.05,410.35,408.8,410.2,77705,ITC
2025-02-17 09:22:00+05:30,410.3,410.3,409.45,409.6,46018,ITC
2025-02-17 09:23:00+05:30,409.5,409.7,409.0,409.55,27856,ITC
2025-02-17 09:24:00+05:30,409.4,409.55,409.05,409.45,37749,ITC
2025-02-17 09:25:00+05:30,409.45,409.65,409.15,409.65,26619,ITC
2025-02-17 09:26:00+05:30,409.5,409.8,409.35,409.75,18460,ITC
2025-02-17 09:27:00+05:30,409.75,410.0,409.35,409.9,19646,ITC
2025-02-17 09:28:00+05:30,409.9,409.9,409.2,409.4,20552,ITC
2025-02-17 09:29:00+05:30,409.4,410.4,409.4,409.95,66380,ITC
2025-02-17 09:30:00+05:30,409.85,410.55,409.5,410.55,29663,ITC
2025-02-17 09:31:00+05:30,410.55,410.75,409.5,409.6,68201,ITC
2025-02-17 09:32:00+05:30,409.7,410.2,409.4,409.4,28145,ITC
2025-02-17 09:33:00+05:30,409.55,409.65,409.1,409.45,57256,ITC
2025-02-17 09:34:00+05:30,409.45,409.75,408.95,409.5,71167,ITC
2025-02-17 09:35:00+05:30,409.5,409.55,408.75,409.0,19337,ITC
2025-02-17 09:36:00+05:30,409.0,409.5,408.8,409.1,52343,ITC
2025-02-17 09:37:00+05:30,409.0,409.25,408.95,409.25,28957,ITC
2025-02-17 09:38:00+05:30,409.2,409.65,409.2,409.45,24309,ITC
2025-02-17 09:39:00+05:30,409.4,409.4,408.8,408.95,15125,ITC
2025-02-17 09:40:00+05:30,408.9,408.9,407.65,407.8,61621,ITC
2025-02-17 09:41:00+05:30,407.8,408.0,407.6,407.7,33674,ITC
2025-02-17 09:42:00+05:30,407.8,407.8,407.55,407.8,23273,ITC
2025-02-17 09:43:00+05:30,407.7,408.25,407.7,408.0,20347,ITC
2025-02-17 09:44:00+05:30,408.0,408.5,407.95,408.25,31660,ITC
2025-02-17 09:45:00+05:30,408.45,408.45,408.05,408.4,19599,ITC
2025-02-17 09:46:00+05:30,408.2,408.4,407.95,408.0,18180,ITC
2025-02-17 09:47:00+05:30,408.0,408.15,407.9,408.0,15462,ITC
2025-02-17 09:48:00+05:30,408.05,408.85,408.05,408.55,57838,ITC
2025-02-17 09:49:00+05:30,408.55,408.55,408.1,408.3,12731,ITC
2025-02-17 09:50:00+05:30,408.3,408.5,408.25,408.3,13079,ITC
2025-02-17 09:51:00+05:30,408.3,408.65,408.3,408.65,26599,ITC
2025-02-17 09:52:00+05:30,408.65,408.65,408.55,408.6,12674,ITC
2025-02-17 09:53:00+05:30,408.6,409.0,408.55,408.7,46067,ITC
2025-02-17 09:54:00+05:30,408.7,408.7,408.1,408.55,79992,ITC
2025-02-17 09:55:00+05:30,408.55,409.0,408.5,408.8,29498,ITC
2025-02-17 09:56:00+05:30,408.85,408.85,408.6,408.7,10589,ITC
2025-02-17 09:57:00+05:30,408.7,408.85,408.65,408.8,54746,ITC
2025-02-17 09:58:00+05:30,408.8,409.2,408.75,408.85,28596,ITC
2025-02-17 09:59:00+05:30,408.85,409.0,408.65,409.0,25115,ITC
2025-02-17 10:00:00+05:30,409.0,409.9,408.95,409.65,61325,ITC
2025-02-17 10:01:00+05:30,409.65,409.8,409.55,409.75,38239,ITC
2025-02-17 10:02:00+05:30,409.75,409.95,409.7,409.7,55845,ITC
2025-02-17 10:03:00+05:30,409.8,409.8,409.15,409.35,20665,ITC
2025-02-17 10:04:00+05:30,409.35,409.85,409.25,409.6,53760,ITC
2025-02-17 10:05:00+05:30,409.65,409.7,409.45,409.5,25390,ITC
2025-02-17 10:06:00+05:30,409.6,409.65,409.45,409.55,37634,ITC
2025-02-17 10:07:00+05:30,409.55,409.55,409.4,409.45,24887,ITC
2025-02-17 10:08:00+05:30,409.45,409.95,409.4,409.9,77403,ITC
2025-02-17 10:09:00+05:30,409.95,410.15,409.55,409.65,53221,ITC
2025-02-17 10:10:00+05:30,409.65,409.85,409.15,409.7,16911,ITC
2025-02-17 10:11:00+05:30,409.75,409.9,409.55,409.65,23560,ITC
2025-02-17 10:12:00+05:30,409.65,409.8,409.55,409.75,27810,ITC
2025-02-17 10:13:00+05:30,409.8,409.8,409.6,409.6,28288,ITC
2025-02-17 10:14:00+05:30,409.6,409.65,409.45,409.5,22120,ITC
2025-02-17 10:15:00+05:30,409.45,409.5,409.3,409.3,9405,ITC
2025-02-17 10:16:00+05:30,409.3,409.3,409.0,409.3,49458,ITC
2025-02-17 10:17:00+05:30,409.3,409.85,409.15,409.75,45720,ITC
2025-02-17 10:18:00+05:30,409.75,409.85,409.3,409.45,34677,ITC
2025-02-17 10:19:00+05:30,409.45,409.5,409.3,409.4,9531,ITC
2025-02-17 10:20:00+05:30,409.4,409.8,409.3,409.7,54799,ITC
2025-02-17 10:21:00+05:30,409.8,410.3,409.8,410.05,54431,ITC
2025-02-17 10:22:00+05:30,410.05,410.2,410.05,410.1,22131,ITC
2025-02-17 10:23:00+05:30,410.15,410.2,410.1,410.15,16572,ITC
2025-02-17 10:24:00+05:30,410.2,410.25,409.7,409.75,23183,ITC
2025-02-17 10:25:00+05:30,409.75,409.75,409.6,409.7,24173,ITC
2025-02-17 10:26:00+05:30,409.7,410.0,409.55,409.85,75560,ITC
2025-02-17 10:27:00+05:30,409.9,410.55,409.85,410.05,106629,ITC
2025-02-17 10:28:00+05:30,410.25,410.25,409.85,409.85,23384,ITC
2025-02-17 10:29:00+05:30,409.9,410.1,409.9,410.1,12078,ITC
2025-02-17 10:30:00+05:30,410.1,410.2,410.0,410.15,10040,ITC
2025-02-17 10:31:00+05:30,410.15,410.35,410.1,410.3,18636,ITC
2025-02-17 10:32:00+05:30,410.3,410.35,410.0,410.0,25874,ITC
2025-02-17 10:33:00+05:30,410.1,410.1,409.65,409.8,17659,ITC
2025-02-17 10:34:00+05:30,409.8,409.9,409.7,409.75,7702,ITC
2025-02-17 10:35:00+05:30,409.75,410.2,409.7,410.15,27250,ITC
2025-02-17 10:36:00+05:30,410.15,410.7,410.1,410.6,45675,ITC
2025-02-17 10:37:00+05:30,410.65,411.0,410.6,410.95,40390,ITC
2025-02-17 10:38:00+05:30,410.95,411.2,410.8,410.85,40369,ITC
2025-02-17 10:39:00+05:30,410.8,410.85,410.5,410.55,23241,ITC
2025-02-17 10:40:00+05:30,410.55,410.55,410.5,410.55,33226,ITC
2025-02-17 10:41:00+05:30,410.55,410.75,410.5,410.6,50789,ITC
2025-02-17 10:42:00+05:30,410.6,410.7,410.55,410.7,67777,ITC
2025-02-17 10:43:00+05:30,410.7,410.75,410.6,410.75,12072,ITC
2025-02-17 10:44:00+05:30,410.75,410.9,410.7,410.8,10352,ITC
2025-02-17 10:45:00+05:30,410.9,410.95,410.8,410.9,13667,ITC
2025-02-17 10:46:00+05:30,410.95,411.0,410.7,410.8,22185,ITC
2025-02-17 10:47:00+05:30,410.7,410.8,410.5,410.75,33776,ITC
2025-02-17 10:48:00+05:30,410.7,410.7,410.5,410.7,14228,ITC
2025-02-17 10:49:00+05:30,410.7,410.7,410.55,410.65,8094,ITC
2025-02-17 10:50:00+05:30,410.65,410.65,410.5,410.6,29758,ITC
2025-02-17 10:51:00+05:30,410.6,410.75,410.55,410.55,13741,ITC
2025-02-17 10:52:00+05:30,410.6,410.65,410.5,410.65,18531,ITC
2025-02-17 10:53:00+05:30,410.65,410.8,410.55,410.7,6962,ITC
2025-02-17 10:54:00+05:30,410.8,410.8,410.6,410.6,9695,ITC
2025-02-17 10:55:00+05:30,410.65,410.65,410.5,410.5,11665,ITC
2025-02-17 10:56:00+05:30,410.55,410.6,410.5,410.55,16309,ITC
2025-02-17 10:57:00+05:30,410.5,410.55,410.45,410.5,42783,ITC
2025-02-17 10:58:00+05:30,410.45,410.5,410.05,410.15,50542,ITC
2025-02-17 10:59:00+05:30,410.05,410.55,409.7,410.5,104709,ITC
2025-02-17 11:00:00+05:30,410.5,410.6,410.15,410.5,66925,ITC
2025-02-17 11:01:00+05:30,410.55,410.7,410.5,410.5,9750,ITC
2025-02-17 11:02:00+05:30,410.55,410.55,410.5,410.55,23912,ITC
2025-02-17 11:03:00+05:30,410.55,410.55,410.05,410.1,62305,ITC
2025-02-17 11:04:00+05:30,410.1,410.1,409.7,409.85,14585,ITC
2025-02-17 11:05:00+05:30,409.75,409.85,409.65,409.75,11781,ITC
2025-02-17 11:06:00+05:30,409.7,409.95,409.7,409.95,51858,ITC
2025-02-17 11:07:00+05:30,409.85,410.75,409.85,410.0,172947,ITC
2025-02-17 11:08:00+05:30,410.0,410.1,409.7,409.75,20552,ITC
2025-02-17 11:09:00+05:30,409.7,409.75,409.7,409.7,24745,ITC
2025-02-17 11:10:00+05:30,409.7,409.75,409.2,409.3,21698,ITC
2025-02-17 11:11:00+05:30,409.3,409.7,409.2,409.6,18101,ITC
2025-02-17 11:12:00+05:30,409.4,409.5,409.1,409.25,62375,ITC
2025-02-17 11:13:00+05:30,409.25,409.25,409.1,409.25,40652,ITC
2025-02-17 11:14:00+05:30,409.2,409.6,409.2,409.2,41921,ITC
2025-02-17 11:15:00+05:30,409.2,409.25,409.1,409.25,45735,ITC
2025-02-17 11:16:00+05:30,409.25,409.25,408.9,409.1,36113,ITC
2025-02-17 11:17:00+05:30,409.0,409.1,408.75,409.05,21387,ITC
2025-02-17 11:18:00+05:30,409.0,409.1,408.85,409.05,44417,ITC
2025-02-17 11:19:00+05:30,409.05,409.25,409.0,409.05,25644,ITC
2025-02-17 11:20:00+05:30,409.05,409.2,409.0,409.15,28338,ITC
2025-02-17 11:21:00+05:30,409.1,409.4,409.05,409.25,29706,ITC
2025-02-17 11:22:00+05:30,409.35,409.45,409.1,409.35,13691,ITC
2025-02-17 11:23:00+05:30,409.35,409.4,409.2,409.35,5058,ITC
2025-02-17 11:24:00+05:30,409.3,409.95,409.3,409.9,45748,ITC
2025-02-17 11:25:00+05:30,409.8,410.0,409.7,409.85,30948,ITC
2025-02-17 11:26:00+05:30,409.85,409.85,409.35,409.5,13649,ITC
2025-02-17 11:27:00+05:30,409.5,409.55,409.4,409.55,3152,ITC
2025-02-17 11:28:00+05:30,409.45,409.75,409.45,409.55,13552,ITC
2025-02-17 11:29:00+05:30,409.6,409.7,409.55,409.65,6172,ITC
2025-02-17 11:30:00+05:30,409.6,409.8,409.55,409.8,20114,ITC
2025-02-17 11:31:00+05:30,409.8,409.85,409.7,409.8,5064,ITC
2025-02-17 11:32:00+05:30,409.8,410.0,409.7,409.7,23891,ITC
2025-02-17 11:33:00+05:30,409.7,410.0,409.7,410.0,8421,ITC
2025-02-17 11:34:00+05:30,410.0,410.0,409.7,409.85,15128,ITC
2025-02-17 11:35:00+05:30,410.0,410.0,409.75,409.9,49830,ITC
2025-02-17 11:36:00+05:30,409.8,409.9,409.7,409.75,11544,ITC
2025-02-17 11:37:00+05:30,409.75,409.75,409.55,409.7,25493,ITC
2025-02-17 11:38:00+05:30,409.75,409.75,409.6,409.75,4824,ITC
2025-02-17 11:39:00+05:30,409.7,409.75,409.7,409.7,3226,ITC
2025-02-17 11:40:00+05:30,409.75,409.8,409.45,409.8,49886,ITC
2025-02-17 11:41:00+05:30,409.8,410.0,409.75,409.8,13693,ITC
2025-02-17 11:42:00+05:30,409.8,409.9,409.7,409.7,5016,ITC
2025-02-17 11:43:00+05:30,409.75,409.8,409.7,409.75,14165,ITC
2025-02-17 11:44:00+05:30,409.75,409.75,409.6,409.75,12954,ITC
2025-02-17 11:45:00+05:30,409.75,409.75,409.7,409.75,10399,ITC
2025-02-17 11:46:00+05:30,409.7,409.85,409.7,409.8,5949,ITC
2025-02-17 11:47:00+05:30,409.75,409.8,409.7,409.75,5602,ITC
2025-02-17 11:48:00+05:30,409.75,409.75,409.7,409.75,14944,ITC
2025-02-17 11:49:00+05:30,409.75,410.0,409.7,409.8,23208,ITC
2025-02-17 11:50:00+05:30,409.9,409.9,409.65,409.75,10141,ITC
2025-02-17 11:51:00+05:30,409.75,409.75,409.6,409.7,14529,ITC
2025-02-17 11:52:00+05:30,409.7,409.75,409.7,409.75,2727,ITC
2025-02-17 11:53:00+05:30,409.75,409.75,409.7,409.75,8388,ITC
2025-02-17 11:54:00+05:30,409.7,409.75,409.7,409.75,15917,ITC
2025-02-17 11:55:00+05:30,409.7,409.75,409.6,409.7,5897,ITC
2025-02-17 11:56:00+05:30,409.7,410.1,409.7,410.05,59664,ITC
2025-02-17 11:57:00+05:30,410.05,410.1,410.0,410.05,31020,ITC
2025-02-17 11:58:00+05:30,410.1,410.2,410.0,410.05,12964,ITC
2025-02-17 11:59:00+05:30,410.05,410.05,410.0,410.0,19922,ITC
2025-02-17 12:00:00+05:30,410.0,410.05,410.0,410.0,27734,ITC
2025-02-17 12:01:00+05:30,410.0,410.05,409.6,409.75,48060,ITC
2025-02-17 12:02:00+05:30,409.75,409.75,409.6,409.75,4765,ITC
2025-02-17 12:03:00+05:30,409.7,409.75,409.25,409.4,22936,ITC
2025-02-17 12:04:00+05:30,409.35,409.4,409.2,409.35,7478,ITC
2025-02-17 12:05:00+05:30,409.3,409.35,409.25,409.35,7658,ITC
2025-02-17 12:06:00+05:30,409.3,409.4,409.3,409.4,10080,ITC
2025-02-17 12:07:00+05:30,409.4,409.45,409.3,409.35,7778,ITC
2025-02-17 12:08:00+05:30,409.35,409.4,409.2,409.25,6341,ITC
2025-02-17 12:09:00+05:30,409.25,409.35,409.2,409.35,21353,ITC
2025-02-17 12:10:00+05:30,409.35,409.35,409.2,409.35,4549,ITC
2025-02-17 12:11:00+05:30,409.35,409.35,409.2,409.3,2899,ITC
2025-02-17 12:12:00+05:30,409.25,409.3,409.2,409.25,5165,ITC
2025-02-17 12:13:00+05:30,409.25,409.25,409.2,409.25,7344,ITC
2025-02-17 12:14:00+05:30,409.2,409.25,409.2,409.25,5001,ITC
2025-02-17 12:15:00+05:30,409.2,409.25,409.2,409.2,10937,ITC
2025-02-17 12:16:00+05:30,409.25,409.25,409.05,409.1,16466,ITC
2025-02-17 12:17:00+05:30,409.1,409.1,409.0,409.05,38929,ITC
2025-02-17 12:18:00+05:30,409.05,409.1,409.0,409.1,6800,ITC
2025-02-17 12:19:00+05:30,409.05,409.1,409.05,409.1,26909,ITC
2025-02-17 12:20:00+05:30,409.1,409.1,409.0,409.05,16207,ITC
2025-02-17 12:21:00+05:30,409.1,409.1,409.05,409.1,9482,ITC
2025-02-17 12:22:00+05:30,409.1,409.1,409.05,409.1,12010,ITC
2025-02-17 12:23:00+05:30,409.1,409.1,409.05,409.05,12903,ITC
2025-02-17 12:24:00+05:30,409.05,409.1,409.0,409.05,11354,ITC
2025-02-17 12:25:00+05:30,409.0,409.05,408.85,408.9,14009,ITC
2025-02-17 12:26:00+05:30,408.95,408.95,408.85,408.9,12888,ITC
2025-02-17 12:27:00+05:30,408.95,408.95,408.85,408.95,8194,ITC
2025-02-17 12:28:00+05:30,408.95,408.95,408.85,408.9,17013,ITC
2025-02-17 12:29:00+05:30,408.9,408.95,408.85,408.9,11250,ITC
2025-02-17 12:30:00+05:30,408.9,408.95,408.9,408.95,7798,ITC
2025-02-17 12:31:00+05:30,408.95,408.95,408.9,408.95,14015,ITC
2025-02-17 12:32:00+05:30,408.9,408.95,408.8,408.9,12773,ITC
2025-02-17 12:33:00+05:30,408.95,408.95,408.9,408.95,12273,ITC
2025-02-17 12:34:00+05:30,408.95,408.95,408.9,408.95,8478,ITC
2025-02-17 12:35:00+05:30,408.95,408.95,408.8,408.95,13187,ITC
2025-02-17 12:36:00+05:30,408.95,408.95,408.65,408.8,26381,ITC
2025-02-17 12:37:00+05:30,408.8,408.85,408.65,408.8,33022,ITC
2025-02-17 12:38:00+05:30,408.85,408.85,408.35,408.55,102195,ITC
2025-02-17 12:39:00+05:30,408.55,408.55,408.5,408.55,13013,ITC
2025-02-17 12:40:00+05:30,408.55,408.6,408.5,408.55,47609,ITC
2025-02-17 12:41:00+05:30,408.6,408.65,408.55,408.6,23657,ITC
2025-02-17 12:42:00+05:30,408.6,408.65,408.55,408.65,15142,ITC
2025-02-17 12:43:00+05:30,408.65,408.65,408.5,408.55,16287,ITC
2025-02-17 12:44:00+05:30,408.55,408.6,408.5,408.6,17208,ITC
2025-02-17 12:45:00+05:30,408.6,408.6,408.5,408.6,10723,ITC
2025-02-17 12:46:00+05:30,408.6,408.75,408.55,408.7,12489,ITC
2025-02-17 12:47:00+05:30,408.75,408.75,408.5,408.6,13716,ITC
2025-02-17 12:48:00+05:30,408.6,408.6,408.45,408.6,8229,ITC
2025-02-17 12:49:00+05:30,408.6,408.6,408.2,408.55,129039,ITC
2025-02-17 12:50:00+05:30,408.55,408.55,407.9,407.9,109168,ITC
2025-02-17 12:51:00+05:30,408.0,408.15,407.75,408.05,66091,ITC
2025-02-17 12:52:00+05:30,408.0,408.05,408.0,408.05,11130,ITC
2025-02-17 12:53:00+05:30,408.05,408.35,407.95,408.15,25808,ITC
2025-02-17 12:54:00+05:30,408.2,408.4,408.1,408.35,23304,ITC
2025-02-17 12:55:00+05:30,408.35,408.5,408.15,408.4,27426,ITC
2025-02-17 12:56:00+05:30,408.45,408.45,408.25,408.35,17059,ITC
2025-02-17 12:57:00+05:30,408.4,408.6,408.3,408.55,19584,ITC
2025-02-17 12:58:00+05:30,408.55,408.9,408.5,408.7,14649,ITC
2025-02-17 12:59:00+05:30,408.7,408.9,408.6,408.65,14890,ITC
2025-02-17 13:00:00+05:30,408.7,408.85,408.6,408.75,14467,ITC
2025-02-17 13:01:00+05:30,408.75,408.85,408.6,408.85,16820,ITC
2025-02-17 13:02:00+05:30,408.8,408.85,408.35,408.45,53098,ITC
2025-02-17 13:03:00+05:30,408.45,408.7,408.3,408.45,28646,ITC
2025-02-17 13:04:00+05:30,408.45,408.45,408.1,408.15,17731,ITC
2025-02-17 13:05:00+05:30,408.15,408.15,407.9,408.0,19542,ITC
2025-02-17 13:06:00+05:30,408.0,408.5,407.7,407.85,460368,ITC
2025-02-17 13:07:00+05:30,407.85,407.85,407.6,407.7,15301,ITC
2025-02-17 13:08:00+05:30,407.7,407.7,407.55,407.6,51868,ITC
2025-02-17 13:09:00+05:30,407.6,407.6,407.0,407.1,117448,ITC
2025-02-17 13:10:00+05:30,407.1,407.25,407.05,407.15,23472,ITC
2025-02-17 13:11:00+05:30,407.15,407.2,407.05,407.15,17937,ITC
2025-02-17 13:12:00+05:30,407.15,407.45,407.0,407.3,42184,ITC
2025-02-17 13:13:00+05:30,407.3,407.35,407.0,407.0,37613,ITC
2025-02-17 13:14:00+05:30,407.05,407.05,406.75,406.85,35959,ITC
2025-02-17 13:15:00+05:30,406.85,406.95,406.75,406.85,25589,ITC
2025-02-17 13:16:00+05:30,406.85,407.05,406.8,406.8,31802,ITC
2025-02-17 13:17:00+05:30,406.85,406.95,406.75,406.95,28606,ITC
2025-02-17 13:18:00+05:30,406.9,407.1,406.9,407.05,20886,ITC
2025-02-17 13:19:00+05:30,407.1,407.2,406.9,407.15,14869,ITC
2025-02-17 13:20:00+05:30,407.15,407.15,406.95,407.05,16165,ITC
2025-02-17 13:21:00+05:30,407.15,407.15,407.0,407.1,15812,ITC
2025-02-17 13:22:00+05:30,407.15,407.25,407.05,407.2,20493,ITC
2025-02-17 13:23:00+05:30,407.1,407.45,407.1,407.4,21527,ITC
2025-02-17 13:24:00+05:30,407.4,407.6,407.25,407.5,21351,ITC
2025-02-17 13:25:00+05:30,407.55,407.75,407.5,407.6,26273,ITC
2025-02-17 13:26:00+05:30,407.6,407.7,407.4,407.65,60702,ITC
2025-02-17 13:27:00+05:30,407.7,407.75,407.5,407.7,29092,ITC
2025-02-17 13:28:00+05:30,407.7,408.35,407.65,408.0,36892,ITC
2025-02-17 13:29:00+05:30,408.0,408.0,407.7,407.75,20488,ITC
2025-02-17 13:30:00+05:30,407.75,407.9,407.7,407.8,17896,ITC
2025-02-17 13:31:00+05:30,407.8,407.85,407.7,407.85,16039,ITC
2025-02-17 13:32:00+05:30,407.85,407.9,407.7,407.85,18785,ITC
2025-02-17 13:33:00+05:30,407.9,408.25,407.85,408.25,35716,ITC
2025-02-17 13:34:00+05:30,408.25,408.5,408.05,408.1,59458,ITC
2025-02-17 13:35:00+05:30,408.1,408.25,407.7,407.85,47819,ITC
2025-02-17 13:36:00+05:30,407.85,407.85,407.55,407.65,60434,ITC
2025-02-17 13:37:00+05:30,407.65,407.8,407.55,407.8,51961,ITC
2025-02-17 13:38:00+05:30,407.8,408.15,407.65,407.85,63419,ITC
2025-02-17 13:39:00+05:30,407.85,407.85,407.5,407.65,60202,ITC
2025-02-17 13:40:00+05:30,407.65,407.75,407.5,407.65,46467,ITC
2025-02-17 13:41:00+05:30,407.65,408.25,407.65,408.05,54821,ITC
2025-02-17 13:42:00+05:30,408.05,408.4,408.05,408.3,65896,ITC
2025-02-17 13:43:00+05:30,408.35,408.45,408.2,408.35,32992,ITC
2025-02-17 13:44:00+05:30,408.35,408.5,408.15,408.35,48486,ITC
2025-02-17 13:45:00+05:30,408.35,408.5,408.1,408.35,50642,ITC
2025-02-17 13:46:00+05:30,408.35,408.45,407.9,408.1,31723,ITC
2025-02-17 13:47:00+05:30,408.1,408.15,407.9,408.05,42275,ITC
2025-02-17 13:48:00+05:30,408.05,408.2,408.0,408.1,27006,ITC
2025-02-17 13:49:00+05:30,408.15,408.45,408.1,408.3,24593,ITC
2025-02-17 13:50:00+05:30,408.4,408.55,408.25,408.4,22183,ITC
2025-02-17 13:51:00+05:30,408.5,408.75,408.4,408.6,19038,ITC
2025-02-17 13:52:00+05:30,408.6,408.65,408.3,408.5,31028,ITC
2025-02-17 13:53:00+05:30,408.5,408.6,408.4,408.45,45383,ITC
2025-02-17 13:54:00+05:30,408.5,408.5,408.4,408.45,17973,ITC
2025-02-17 13:55:00+05:30,408.5,408.5,408.35,408.4,12605,ITC
2025-02-17 13:56:00+05:30,408.4,408.45,408.2,408.3,17750,ITC
2025-02-17 13:57:00+05:30,408.25,408.3,408.1,408.25,20695,ITC
2025-02-17 13:58:00+05:30,408.15,408.5,408.0,408.5,48928,ITC
2025-02-17 13:59:00+05:30,408.5,408.75,408.35,408.65,60002,ITC
2025-02-17 14:00:00+05:30,408.7,409.0,408.6,408.8,37154,ITC
2025-02-17 14:01:00+05:30,408.8,408.95,408.8,408.9,21611,ITC
2025-02-17 14:02:00+05:30,408.95,408.95,408.7,408.9,19677,ITC
2025-02-17 14:03:00+05:30,408.8,408.95,408.7,408.9,16829,ITC
2025-02-17 14:04:00+05:30,408.85,408.9,408.5,408.6,18902,ITC
2025-02-17 14:05:00+05:30,408.65,408.7,408.5,408.6,21647,ITC
2025-02-17 14:06:00+05:30,408.65,408.7,408.5,408.5,15513,ITC
2025-02-17 14:07:00+05:30,408.55,408.55,408.05,408.15,26684,ITC
2025-02-17 14:08:00+05:30,408.2,408.2,408.1,408.15,15148,ITC
2025-02-17 14:09:00+05:30,408.1,408.15,408.1,408.15,16213,ITC
2025-02-17 14:10:00+05:30,408.1,408.15,408.0,408.05,16352,ITC
2025-02-17 14:11:00+05:30,408.0,408.1,408.0,408.05,51120,ITC
2025-02-17 14:12:00+05:30,408.05,408.1,408.0,408.05,17453,ITC
2025-02-17 14:13:00+05:30,408.05,408.05,407.7,408.05,41733,ITC
2025-02-17 14:14:00+05:30,408.05,408.2,408.0,408.15,15339,ITC
2025-02-17 14:15:00+05:30,408.1,408.6,408.05,408.45,13377,ITC
2025-02-17 14:16:00+05:30,408.45,408.6,408.45,408.55,11678,ITC
2025-02-17 14:17:00+05:30,408.55,408.6,408.4,408.6,20696,ITC
2025-02-17 14:18:00+05:30,408.55,408.6,408.45,408.55,12207,ITC
2025-02-17 14:19:00+05:30,408.55,408.7,408.5,408.7,12294,ITC
2025-02-17 14:20:00+05:30,408.7,408.7,408.5,408.55,14800,ITC
2025-02-17 14:21:00+05:30,408.55,408.65,408.45,408.55,14842,ITC
2025-02-17 14:22:00+05:30,408.55,408.6,408.45,408.5,11091,ITC
2025-02-17 14:23:00+05:30,408.5,408.65,408.45,408.5,15022,ITC
2025-02-17 14:24:00+05:30,408.5,408.5,408.35,408.4,14592,ITC
2025-02-17 14:25:00+05:30,408.4,408.5,408.25,408.5,38276,ITC
2025-02-17 14:26:00+05:30,408.5,408.65,408.2,408.5,20445,ITC
2025-02-17 14:27:00+05:30,408.45,408.5,408.2,408.3,13580,ITC
2025-02-17 14:28:00+05:30,408.3,408.6,408.2,408.55,13495,ITC
2025-02-17 14:29:00+05:30,408.4,408.55,408.35,408.5,11575,ITC
2025-02-17 14:30:00+05:30,408.5,408.6,408.35,408.35,9657,ITC
2025-02-17 14:31:00+05:30,408.45,408.55,408.3,408.35,17932,ITC
2025-02-17 14:32:00+05:30,408.35,408.35,408.05,408.2,10878,ITC
2025-02-17 14:33:00+05:30,408.2,408.3,408.0,408.05,17696,ITC
2025-02-17 14:34:00+05:30,408.1,408.2,408.0,408.0,15675,ITC
2025-02-17 14:35:00+05:30,408.05,408.25,407.75,408.15,31851,ITC
2025-02-17 14:36:00+05:30,408.15,408.3,408.05,408.2,37517,ITC
2025-02-17 14:37:00+05:30,408.2,408.2,408.0,408.1,17891,ITC
2025-02-17 14:38:00+05:30,408.0,408.1,408.0,408.1,14799,ITC
2025-02-17 14:39:00+05:30,408.1,408.45,408.0,408.3,19752,ITC
2025-02-17 14:40:00+05:30,408.3,408.4,408.2,408.3,13291,ITC
2025-02-17 14:41:00+05:30,408.3,408.65,408.3,408.6,18959,ITC
2025-02-17 14:42:00+05:30,408.6,408.75,408.4,408.75,18728,ITC
2025-02-17 14:43:00+05:30,408.7,408.75,408.55,408.7,11511,ITC
2025-02-17 14:44:00+05:30,408.7,408.75,408.6,408.75,11873,ITC
2025-02-17 14:45:00+05:30,408.75,408.75,408.4,408.6,15090,ITC
2025-02-17 14:46:00+05:30,408.6,408.95,408.45,408.45,24072,ITC
2025-02-17 14:47:00+05:30,408.45,408.85,408.35,408.85,20513,ITC
2025-02-17 14:48:00+05:30,408.8,409.15,408.7,409.1,28258,ITC
2025-02-17 14:49:00+05:30,409.0,409.4,408.95,409.15,42833,ITC
2025-02-17 14:50:00+05:30,409.15,409.3,408.7,408.8,20503,ITC
2025-02-17 14:51:00+05:30,408.7,408.95,408.7,408.75,22375,ITC
2025-02-17 14:52:00+05:30,408.75,409.0,408.75,408.75,15783,ITC
2025-02-17 14:53:00+05:30,408.75,408.85,408.55,408.7,12067,ITC
2025-02-17 14:54:00+05:30,408.65,408.8,408.65,408.7,18574,ITC
2025-02-17 14:55:00+05:30,408.65,408.8,408.55,408.65,18098,ITC
2025-02-17 14:56:00+05:30,408.65,408.95,408.55,408.8,15601,ITC
2025-02-17 14:57:00+05:30,408.8,408.85,408.55,408.8,19212,ITC
2025-02-17 14:58:00+05:30,408.8,409.0,408.7,408.9,22956,ITC
2025-02-17 14:59:00+05:30,408.7,408.9,408.5,408.6,16511,ITC
2025-02-17 15:00:00+05:30,408.6,408.9,408.45,408.85,45782,ITC
2025-02-17 15:01:00+05:30,408.85,409.0,408.65,408.9,34410,ITC
2025-02-17 15:02:00+05:30,408.9,409.0,408.45,408.85,43977,ITC
2025-02-17 15:03:00+05:30,408.85,409.2,408.7,409.0,39958,ITC
2025-02-17 15:04:00+05:30,409.0,409.15,408.75,408.9,31014,ITC
2025-02-17 15:05:00+05:30,408.9,409.05,408.7,408.9,20862,ITC
2025-02-17 15:06:00+05:30,408.9,409.0,408.7,408.75,20789,ITC
2025-02-17 15:07:00+05:30,408.75,408.95,408.65,408.75,22020,ITC
2025-02-17 15:08:00+05:30,408.9,409.0,408.75,408.95,20527,ITC
2025-02-17 15:09:00+05:30,408.95,409.0,408.7,409.0,22575,ITC
2025-02-17 15:10:00+05:30,409.0,409.0,408.6,408.85,19539,ITC
2025-02-17 15:11:00+05:30,408.85,408.9,408.6,408.75,24581,ITC
2025-02-17 15:12:00+05:30,408.75,408.85,408.55,408.7,28552,ITC
2025-02-17 15:13:00+05:30,408.65,408.9,408.6,408.75,20391,ITC
2025-02-17 15:14:00+05:30,408.75,408.8,408.55,408.8,38856,ITC
2025-02-17 15:15:00+05:30,408.8,408.8,408.5,408.6,53596,ITC
2025-02-17 15:16:00+05:30,408.6,408.75,408.3,408.5,87960,ITC
2025-02-17 15:17:00+05:30,408.55,408.8,408.4,408.6,65905,ITC
2025-02-17 15:18:00+05:30,408.6,408.6,408.05,408.55,153969,ITC
2025-02-17 15:19:00+05:30,408.4,408.6,408.15,408.55,96678,ITC
2025-02-17 15:20:00+05:30,408.55,408.55,408.35,408.5,57382,ITC
2025-02-17 15:21:00+05:30,408.55,408.55,408.05,408.1,59681,ITC
2025-02-17 15:22:00+05:30,408.1,408.5,408.05,408.5,29942,ITC
2025-02-17 15:23:00+05:30,408.5,408.55,408.3,408.45,20991,ITC
2025-02-17 15:24:00+05:30,408.45,408.55,408.15,408.5,23745,ITC
2025-02-17 15:25:00+05:30,408.45,408.55,408.1,408.55,43157,ITC
2025-02-17 15:26:00+05:30,408.55,408.9,408.45,408.75,46860,ITC
2025-02-17 15:27:00+05:30,408.75,408.75,408.4,408.5,33006,ITC
2025-02-17 15:28:00+05:30,408.65,408.85,408.5,408.8,26935,ITC
2025-02-17 15:29:00+05:30,408.8,408.85,408.55,408.6,11982,ITC
2025-02-18 09:15:00+05:30,408.0,410.85,407.9,408.55,101960,ITC
2025-02-18 09:16:00+05:30,408.6,408.95,408.15,408.8,42121,ITC
2025-02-18 09:17:00+05:30,408.8,409.05,408.0,408.25,32135,ITC
2025-02-18 09:18:00+05:30,408.25,408.25,407.5,407.65,20808,ITC
2025-02-18 09:19:00+05:30,407.5,407.95,407.5,407.65,22759,ITC
2025-02-18 09:20:00+05:30,407.7,408.3,407.6,408.05,16942,ITC
2025-02-18 09:21:00+05:30,408.05,408.85,407.95,408.05,36183,ITC
2025-02-18 09:22:00+05:30,408.05,408.25,407.8,408.1,15520,ITC
2025-02-18 09:23:00+05:30,408.1,408.3,407.8,408.1,15664,ITC
2025-02-18 09:24:00+05:30,408.1,408.3,407.9,408.0,12543,ITC
2025-02-18 09:25:00+05:30,408.05,408.5,407.9,408.2,19952,ITC
2025-02-18 09:26:00+05:30,408.2,408.35,407.9,408.2,24014,ITC
2025-02-18 09:27:00+05:30,408.25,408.35,407.75,407.95,42984,ITC
2025-02-18 09:28:00+05:30,407.85,408.5,407.8,408.5,38075,ITC
2025-02-18 09:29:00+05:30,408.45,408.85,408.25,408.35,17965,ITC
2025-02-18 09:30:00+05:30,408.35,408.7,408.15,408.3,15826,ITC
2025-02-18 09:31:00+05:30,408.3,408.3,408.0,408.1,13274,ITC
2025-02-18 09:32:00+05:30,408.1,408.3,407.7,408.1,59417,ITC
2025-02-18 09:33:00+05:30,407.9,408.1,407.65,407.85,59761,ITC
2025-02-18 09:34:00+05:30,407.7,407.9,407.0,407.0,47821,ITC
2025-02-18 09:35:00+05:30,407.0,407.4,407.0,407.2,20065,ITC
2025-02-18 09:36:00+05:30,407.3,407.5,407.0,407.15,33445,ITC
2025-02-18 09:37:00+05:30,407.1,407.4,407.0,407.35,21355,ITC
2025-02-18 09:38:00+05:30,407.25,407.7,407.25,407.35,43809,ITC
2025-02-18 09:39:00+05:30,407.3,407.8,407.3,407.65,20690,ITC
2025-02-18 09:40:00+05:30,407.65,407.8,407.3,407.6,105450,ITC
2025-02-18 09:41:00+05:30,407.55,407.7,407.5,407.65,18287,ITC
2025-02-18 09:42:00+05:30,407.65,407.85,407.65,407.7,9443,ITC
2025-02-18 09:43:00+05:30,407.75,407.9,407.6,407.7,21673,ITC
2025-02-18 09:44:00+05:30,407.7,407.9,407.6,407.85,54826,ITC
2025-02-18 09:45:00+05:30,407.85,408.0,407.7,407.9,17958,ITC
2025-02-18 09:46:00+05:30,407.9,408.0,407.85,408.0,6346,ITC
2025-02-18 09:47:00+05:30,407.95,408.0,407.65,407.85,31442,ITC
2025-02-18 09:48:00+05:30,407.9,408.15,407.85,408.05,11812,ITC
2025-02-18 09:49:00+05:30,408.05,408.35,408.0,408.05,19097,ITC
2025-02-18 09:50:00+05:30,408.0,408.5,408.0,408.4,10687,ITC
2025-02-18 09:51:00+05:30,408.4,408.9,408.35,408.7,19986,ITC
2025-02-18 09:52:00+05:30,408.85,409.0,408.65,408.8,59279,ITC
2025-02-18 09:53:00+05:30,408.8,408.85,408.3,408.3,30087,ITC
2025-02-18 09:54:00+05:30,408.4,408.4,408.05,408.25,6605,ITC
2025-02-18 09:55:00+05:30,408.25,408.25,408.0,408.25,17966,ITC
2025-02-18 09:56:00+05:30,408.25,408.3,408.0,408.2,8924,ITC
2025-02-18 09:57:00+05:30,408.25,408.65,408.25,408.65,11273,ITC
2025-02-18 09:58:00+05:30,408.65,408.7,408.45,408.6,6938,ITC
2025-02-18 09:59:00+05:30,408.55,408.65,408.3,408.5,8300,ITC
2025-02-18 10:00:00+05:30,408.55,408.8,408.45,408.75,15864,ITC
2025-02-18 10:01:00+05:30,408.75,409.0,408.65,409.0,13752,ITC
2025-02-18 10:02:00+05:30,409.0,409.25,408.9,409.1,17183,ITC
2025-02-18 10:03:00+05:30,409.1,409.1,408.65,408.9,64293,ITC
2025-02-18 10:04:00+05:30,409.0,409.05,408.9,408.95,17353,ITC
2025-02-18 10:05:00+05:30,408.95,409.1,408.75,408.9,19399,ITC
2025-02-18 10:06:00+05:30,409.0,409.25,408.9,409.1,22346,ITC
2025-02-18 10:07:00+05:30,409.15,409.25,409.0,409.0,9343,ITC
2025-02-18 10:08:00+05:30,409.05,409.1,408.6,408.95,33701,ITC
2025-02-18 10:09:00+05:30,408.9,409.1,408.9,409.0,11976,ITC
2025-02-18 10:10:00+05:30,408.9,408.95,408.45,408.5,70298,ITC
2025-02-18 10:11:00+05:30,408.4,408.6,408.3,408.6,20831,ITC
2025-02-18 10:12:00+05:30,408.6,408.95,408.45,408.8,19504,ITC
2025-02-18 10:13:00+05:30,408.75,409.0,408.5,408.75,1034559,ITC
2025-02-18 10:14:00+05:30,408.9,408.9,408.05,408.15,80324,ITC
2025-02-18 10:15:00+05:30,408.2,408.45,408.05,408.4,48848,ITC
2025-02-18 10:16:00+05:30,408.3,408.65,408.3,408.45,12777,ITC
2025-02-18 10:17:00+05:30,408.45,408.6,408.4,408.4,8993,ITC
2025-02-18 10:18:00+05:30,408.4,408.5,408.25,408.3,8616,ITC
2025-02-18 10:19:00+05:30,408.25,408.3,408.0,408.15,46645,ITC
2025-02-18 10:20:00+05:30,408.2,408.35,407.85,408.0,67991,ITC
2025-02-18 10:21:00+05:30,408.05,408.2,407.3,407.35,95293,ITC
2025-02-18 10:22:00+05:30,407.35,407.8,407.3,407.45,188211,ITC
2025-02-18 10:23:00+05:30,407.35,407.9,407.35,407.6,48599,ITC
2025-02-18 10:24:00+05:30,407.65,407.7,407.1,407.3,31755,ITC
2025-02-18 10:25:00+05:30,407.2,407.25,406.55,406.7,45816,ITC
2025-02-18 10:26:00+05:30,406.7,407.0,406.65,407.0,18576,ITC
2025-02-18 10:27:00+05:30,407.0,407.0,406.75,406.95,17081,ITC
2025-02-18 10:28:00+05:30,406.9,407.0,406.6,406.85,50899,ITC
2025-02-18 10:29:00+05:30,406.85,406.95,406.75,406.75,28628,ITC
2025-02-18 10:30:00+05:30,406.75,406.95,406.7,406.85,23529,ITC
2025-02-18 10:31:00+05:30,406.8,407.25,406.8,407.05,12798,ITC
2025-02-18 10:32:00+05:30,407.0,407.5,406.95,407.4,16630,ITC
2025-02-18 10:33:00+05:30,407.4,407.5,407.05,407.15,27067,ITC
2025-02-18 10:34:00+05:30,407.1,407.3,407.0,407.15,13979,ITC
2025-02-18 10:35:00+05:30,407.1,407.1,406.85,407.05,24532,ITC
2025-02-18 10:36:00+05:30,407.0,407.45,407.0,407.45,10558,ITC
2025-02-18 10:37:00+05:30,407.45,407.45,407.2,407.3,21342,ITC
2025-02-18 10:38:00+05:30,407.3,407.4,407.2,407.25,21028,ITC
2025-02-18 10:39:00+05:30,407.2,407.5,407.2,407.4,14498,ITC
2025-02-18 10:40:00+05:30,407.3,407.55,407.05,407.2,24881,ITC
2025-02-18 10:41:00+05:30,407.15,407.4,407.05,407.2,20564,ITC
2025-02-18 10:42:00+05:30,407.25,407.4,407.1,407.3,16224,ITC
2025-02-18 10:43:00+05:30,407.25,407.55,407.2,407.55,10220,ITC
2025-02-18 10:44:00+05:30,407.55,407.6,407.35,407.45,13770,ITC
2025-02-18 10:45:00+05:30,407.4,407.45,407.2,407.2,22242,ITC
2025-02-18 10:46:00+05:30,407.2,407.55,407.15,407.5,17902,ITC
2025-02-18 10:47:00+05:30,407.5,407.75,407.35,407.65,9953,ITC
2025-02-18 10:48:00+05:30,407.65,407.7,407.35,407.4,26905,ITC
2025-02-18 10:49:00+05:30,407.45,407.65,407.4,407.55,16303,ITC
2025-02-18 10:50:00+05:30,407.45,407.6,407.25,407.4,23834,ITC
2025-02-18 10:51:00+05:30,407.4,407.65,407.35,407.65,12207,ITC
2025-02-18 10:52:00+05:30,407.55,407.9,407.55,407.85,11346,ITC
2025-02-18 10:53:00+05:30,407.8,408.0,407.7,408.0,25789,ITC
2025-02-18 10:54:00+05:30,407.9,408.0,407.65,407.95,13377,ITC
2025-02-18 10:55:00+05:30,407.9,408.0,407.8,407.95,9916,ITC
2025-02-18 10:56:00+05:30,408.0,408.0,407.75,407.95,12328,ITC
2025-02-18 10:57:00+05:30,407.85,408.0,407.8,408.0,17308,ITC
2025-02-18 10:58:00+05:30,407.95,408.1,407.9,408.05,48359,ITC
2025-02-18 10:59:00+05:30,408.0,408.15,407.95,408.0,11869,ITC
2025-02-18 11:00:00+05:30,408.0,408.05,407.3,407.3,22689,ITC
2025-02-18 11:01:00+05:30,407.35,407.4,407.15,407.2,11232,ITC
2025-02-18 11:02:00+05:30,407.15,407.3,407.0,407.15,35844,ITC
2025-02-18 11:03:00+05:30,407.15,407.3,407.15,407.2,16041,ITC
2025-02-18 11:04:00+05:30,407.2,407.45,406.8,407.15,145742,ITC
2025-02-18 11:05:00+05:30,407.15,407.35,406.8,407.0,24307,ITC
2025-02-18 11:06:00+05:30,407.0,407.15,406.85,406.95,4549,ITC
2025-02-18 11:07:00+05:30,406.95,407.1,406.65,406.75,23820,ITC
2025-02-18 11:08:00+05:30,406.75,407.05,406.7,406.85,27460,ITC
2025-02-18 11:09:00+05:30,406.9,407.05,406.8,406.95,8613,ITC
2025-02-18 11:10:00+05:30,406.95,407.0,406.85,406.95,5869,ITC
2025-02-18 11:11:00+05:30,406.9,407.1,406.5,406.5,120143,ITC
2025-02-18 11:12:00+05:30,406.65,407.05,406.1,406.25,168457,ITC
2025-02-18 11:13:00+05:30,406.15,406.6,406.15,406.25,14014,ITC
2025-02-18 11:14:00+05:30,406.3,406.35,405.65,405.8,62152,ITC
2025-02-18 11:15:00+05:30,405.75,406.0,405.65,405.8,16745,ITC
2025-02-18 11:16:00+05:30,405.9,406.0,405.8,405.8,10692,ITC
2025-02-18 11:17:00+05:30,405.8,406.0,405.6,405.9,51566,ITC
2025-02-18 11:18:00+05:30,405.9,406.2,405.85,405.85,21981,ITC
2025-02-18 11:19:00+05:30,405.9,406.15,405.8,405.9,10575,ITC
2025-02-18 11:20:00+05:30,405.9,406.0,405.6,405.95,71445,ITC
2025-02-18 11:21:00+05:30,405.95,406.45,405.9,406.4,20364,ITC
2025-02-18 11:22:00+05:30,406.4,406.55,406.15,406.45,9798,ITC
2025-02-18 11:23:00+05:30,406.4,406.45,406.0,406.25,15619,ITC
2025-02-18 11:24:00+05:30,406.15,406.35,406.05,406.1,20449,ITC
2025-02-18 11:25:00+05:30,406.1,406.2,406.1,406.1,20779,ITC
2025-02-18 11:26:00+05:30,406.15,406.2,406.1,406.1,24022,ITC
2025-02-18 11:27:00+05:30,406.1,406.2,406.1,406.1,7987,ITC
2025-02-18 11:28:00+05:30,406.1,406.25,405.6,406.1,230474,ITC
2025-02-18 11:29:00+05:30,406.1,406.35,406.0,406.35,10369,ITC
2025-02-18 11:30:00+05:30,406.3,406.35,406.15,406.2,7707,ITC
2025-02-18 11:31:00+05:30,406.2,406.3,406.0,406.2,7554,ITC
2025-02-18 11:32:00+05:30,406.15,406.45,406.1,406.4,6744,ITC
2025-02-18 11:33:00+05:30,406.3,406.4,406.2,406.25,6366,ITC
2025-02-18 11:34:00+05:30,406.3,406.4,406.1,406.25,9499,ITC
2025-02-18 11:35:00+05:30,406.25,406.4,406.15,406.2,18613,ITC
2025-02-18 11:36:00+05:30,406.25,406.4,406.05,406.05,13384,ITC
2025-02-18 11:37:00+05:30,406.15,406.35,406.05,406.15,8559,ITC
2025-02-18 11:38:00+05:30,406.2,406.3,405.6,405.75,16045,ITC
2025-02-18 11:39:00+05:30,405.7,406.25,405.7,406.2,20296,ITC
2025-02-18 11:40:00+05:30,406.05,406.25,406.0,406.05,7639,ITC
2025-02-18 11:41:00+05:30,406.0,406.15,405.8,405.85,10169,ITC
2025-02-18 11:42:00+05:30,405.8,406.0,405.8,405.8,9209,ITC
2025-02-18 11:43:00+05:30,405.8,406.1,405.8,405.9,9898,ITC
2025-02-18 11:44:00+05:30,405.9,406.2,405.9,406.05,8525,ITC
2025-02-18 11:45:00+05:30,406.05,406.5,406.0,406.5,18980,ITC
2025-02-18 11:46:00+05:30,406.45,406.65,406.3,406.3,19338,ITC
2025-02-18 11:47:00+05:30,406.55,406.55,406.05,406.25,17504,ITC
2025-02-18 11:48:00+05:30,406.25,406.45,406.15,406.25,5832,ITC
2025-02-18 11:49:00+05:30,406.2,406.65,406.15,406.45,8619,ITC
2025-02-18 11:50:00+05:30,406.45,406.5,406.2,406.25,6259,ITC
2025-02-18 11:51:00+05:30,406.2,406.4,406.05,406.05,5771,ITC
2025-02-18 11:52:00+05:30,406.1,406.25,406.0,406.15,7983,ITC
2025-02-18 11:53:00+05:30,406.1,406.35,405.95,406.1,28521,ITC
2025-02-18 11:54:00+05:30,406.0,406.25,405.95,406.1,6751,ITC
2025-02-18 11:55:00+05:30,406.05,406.2,405.85,406.0,10450,ITC
2025-02-18 11:56:00+05:30,406.0,406.4,406.0,406.0,7942,ITC
2025-02-18 11:57:00+05:30,406.0,406.4,405.85,406.15,15947,ITC
2025-02-18 11:58:00+05:30,406.2,406.3,406.0,406.15,8876,ITC
2025-02-18 11:59:00+05:30,406.15,406.25,405.9,406.15,179436,ITC
2025-02-18 12:00:00+05:30,406.1,406.2,406.1,406.15,19606,ITC
2025-02-18 12:01:00+05:30,406.15,406.3,406.1,406.25,10995,ITC
2025-02-18 12:02:00+05:30,406.15,406.25,406.0,406.2,16050,ITC
2025-02-18 12:03:00+05:30,406.15,406.2,405.85,406.0,114449,ITC
2025-02-18 12:04:00+05:30,406.05,406.1,405.85,406.05,21875,ITC
2025-02-18 12:05:00+05:30,406.1,406.1,406.0,406.05,13661,ITC
2025-02-18 12:06:00+05:30,406.05,406.1,405.9,406.05,18279,ITC
2025-02-18 12:07:00+05:30,406.0,406.1,405.8,405.95,15214,ITC
2025-02-18 12:08:00+05:30,406.0,406.1,405.85,406.05,9776,ITC
2025-02-18 12:09:00+05:30,406.1,406.15,405.9,406.1,10508,ITC
2025-02-18 12:10:00+05:30,406.05,406.35,406.0,406.3,33373,ITC
2025-02-18 12:11:00+05:30,406.25,406.25,405.85,406.25,21475,ITC
2025-02-18 12:12:00+05:30,406.1,406.35,405.95,406.2,16003,ITC
2025-02-18 12:13:00+05:30,406.25,406.3,406.1,406.15,9064,ITC
2025-02-18 12:14:00+05:30,406.2,406.25,406.0,406.15,39560,ITC
2025-02-18 12:15:00+05:30,406.15,406.35,405.9,406.15,150689,ITC
2025-02-18 12:16:00+05:30,406.2,406.45,406.05,406.25,9023,ITC
2025-02-18 12:17:00+05:30,406.3,406.5,406.1,406.2,10513,ITC
2025-02-18 12:18:00+05:30,406.25,406.45,406.1,406.1,15256,ITC
2025-02-18 12:19:00+05:30,406.15,406.5,406.1,406.4,9857,ITC
2025-02-18 12:20:00+05:30,406.35,406.5,406.1,406.1,11039,ITC
2025-02-18 12:21:00+05:30,406.15,406.4,406.1,406.2,9773,ITC
2025-02-18 12:22:00+05:30,406.25,406.5,406.15,406.3,10343,ITC
2025-02-18 12:23:00+05:30,406.3,406.45,406.1,406.35,8996,ITC
2025-02-18 12:24:00+05:30,406.35,406.45,406.1,406.3,9055,ITC
2025-02-18 12:25:00+05:30,406.15,406.3,406.05,406.2,13319,ITC
2025-02-18 12:26:00+05:30,406.15,406.35,406.1,406.15,19897,ITC
2025-02-18 12:27:00+05:30,406.15,406.4,406.05,406.15,12559,ITC
2025-02-18 12:28:00+05:30,406.15,406.45,406.1,406.4,18405,ITC
2025-02-18 12:29:00+05:30,406.45,406.5,406.2,406.25,14959,ITC
2025-02-18 12:30:00+05:30,406.3,406.65,406.2,406.5,12804,ITC
2025-02-18 12:31:00+05:30,406.55,406.6,406.3,406.35,15799,ITC
2025-02-18 12:32:00+05:30,406.4,406.65,406.35,406.5,17231,ITC
2025-02-18 12:33:00+05:30,406.4,406.65,406.35,406.55,12902,ITC
2025-02-18 12:34:00+05:30,406.45,406.6,406.35,406.45,12714,ITC
2025-02-18 12:35:00+05:30,406.45,406.65,406.35,406.55,11361,ITC
2025-02-18 12:36:00+05:30,406.3,406.5,406.2,406.35,9622,ITC
2025-02-18 12:37:00+05:30,406.35,406.55,406.05,406.2,18589,ITC
2025-02-18 12:38:00+05:30,406.1,406.3,406.05,406.1,22406,ITC
2025-02-18 12:39:00+05:30,406.1,406.25,406.05,406.2,14389,ITC
2025-02-18 12:40:00+05:30,406.1,406.25,406.05,406.25,28323,ITC
2025-02-18 12:41:00+05:30,406.2,406.3,406.1,406.2,21524,ITC
2025-02-18 12:42:00+05:30,406.1,406.2,405.5,405.65,163900,ITC
2025-02-18 12:43:00+05:30,405.7,405.95,405.65,405.7,15125,ITC
2025-02-18 12:44:00+05:30,405.7,405.95,405.65,405.7,9956,ITC
2025-02-18 12:45:00+05:30,405.7,406.2,405.6,405.9,14351,ITC
2025-02-18 12:46:00+05:30,405.95,406.3,405.9,406.15,31604,ITC
2025-02-18 12:47:00+05:30,406.2,406.65,406.1,406.6,63382,ITC
2025-02-18 12:48:00+05:30,406.55,406.65,406.3,406.4,14644,ITC
2025-02-18 12:49:00+05:30,406.35,406.5,406.15,406.25,12998,ITC
2025-02-18 12:50:00+05:30,406.15,406.35,406.0,406.05,10333,ITC
2025-02-18 12:51:00+05:30,406.05,406.25,405.85,405.85,17967,ITC
2025-02-18 12:52:00+05:30,405.8,406.15,405.7,405.9,21794,ITC
2025-02-18 12:53:00+05:30,405.9,406.05,405.8,406.0,23128,ITC
2025-02-18 12:54:00+05:30,405.85,406.2,405.8,406.2,20936,ITC
2025-02-18 12:55:00+05:30,406.05,406.35,406.0,406.15,11873,ITC
2025-02-18 12:56:00+05:30,406.15,406.3,405.9,405.95,12075,ITC
2025-02-18 12:57:00+05:30,405.95,406.15,405.9,405.9,14517,ITC
2025-02-18 12:58:00+05:30,405.9,406.2,405.9,405.9,15162,ITC
2025-02-18 12:59:00+05:30,405.95,406.25,405.9,405.95,11206,ITC
2025-02-18 13:00:00+05:30,405.9,406.0,405.65,405.8,16922,ITC
2025-02-18 13:01:00+05:30,405.8,406.0,405.65,405.8,13552,ITC
2025-02-18 13:02:00+05:30,405.8,406.0,405.75,405.8,24756,ITC
2025-02-18 13:03:00+05:30,405.85,405.9,405.7,405.85,18430,ITC
2025-02-18 13:04:00+05:30,405.8,405.9,405.6,405.65,23589,ITC
2025-02-18 13:05:00+05:30,405.75,406.0,405.5,405.85,22979,ITC
2025-02-18 13:06:00+05:30,405.9,406.05,405.65,405.95,14319,ITC
2025-02-18 13:07:00+05:30,405.9,406.2,405.65,406.1,16482,ITC
2025-02-18 13:08:00+05:30,406.05,406.4,406.0,406.25,19561,ITC
2025-02-18 13:09:00+05:30,406.15,406.5,406.0,406.2,19827,ITC
2025-02-18 13:10:00+05:30,406.2,406.5,406.2,406.3,13356,ITC
2025-02-18 13:11:00+05:30,406.25,406.45,406.05,406.15,20239,ITC
2025-02-18 13:12:00+05:30,406.15,406.25,406.0,406.0,13510,ITC
2025-02-18 13:13:00+05:30,405.95,406.15,405.85,406.1,12849,ITC
2025-02-18 13:14:00+05:30,405.9,406.2,405.65,405.95,15249,ITC
2025-02-18 13:15:00+05:30,405.95,406.4,405.85,406.25,27886,ITC
2025-02-18 13:16:00+05:30,406.2,406.45,406.15,406.35,14624,ITC
2025-02-18 13:17:00+05:30,406.25,406.45,406.15,406.35,11826,ITC
2025-02-18 13:18:00+05:30,406.3,406.5,406.15,406.4,15276,ITC
2025-02-18 13:19:00+05:30,406.4,406.5,406.2,406.35,19808,ITC
2025-02-18 13:20:00+05:30,406.35,406.45,406.3,406.3,25473,ITC
2025-02-18 13:21:00+05:30,406.35,406.55,406.2,406.35,13992,ITC
2025-02-18 13:22:00+05:30,406.25,406.4,406.05,406.25,14868,ITC
2025-02-18 13:23:00+05:30,406.2,406.35,406.05,406.15,8942,ITC
2025-02-18 13:24:00+05:30,406.1,406.35,406.05,406.2,13406,ITC
2025-02-18 13:25:00+05:30,406.2,406.45,406.15,406.15,13742,ITC
2025-02-18 13:26:00+05:30,406.15,406.5,406.05,406.25,16847,ITC
2025-02-18 13:27:00+05:30,406.25,406.55,406.15,406.55,32774,ITC
2025-02-18 13:28:00+05:30,406.45,406.55,406.25,406.4,17740,ITC
2025-02-18 13:29:00+05:30,406.4,406.7,406.3,406.4,21232,ITC
2025-02-18 13:30:00+05:30,406.4,406.65,406.35,406.5,11494,ITC
2025-02-18 13:31:00+05:30,406.45,406.65,406.1,406.35,14995,ITC
2025-02-18 13:32:00+05:30,406.25,406.6,406.1,406.35,12704,ITC
2025-02-18 13:33:00+05:30,406.4,406.6,406.25,406.3,13973,ITC
2025-02-18 13:34:00+05:30,406.3,406.6,406.25,406.55,12193,ITC
2025-02-18 13:35:00+05:30,406.4,406.7,406.25,406.7,12962,ITC
2025-02-18 13:36:00+05:30,406.5,406.7,406.35,406.45,15938,ITC
2025-02-18 13:37:00+05:30,406.45,406.7,406.4,406.5,17929,ITC
2025-02-18 13:38:00+05:30,406.45,406.65,406.4,406.45,16980,ITC
2025-02-18 13:39:00+05:30,406.35,406.6,406.25,406.4,21385,ITC
2025-02-18 13:40:00+05:30,406.4,406.7,406.3,406.65,16595,ITC
2025-02-18 13:41:00+05:30,406.5,406.7,406.4,406.4,13882,ITC
2025-02-18 13:42:00+05:30,406.4,406.6,406.25,406.25,13071,ITC
2025-02-18 13:43:00+05:30,406.25,406.65,406.2,406.65,10103,ITC
2025-02-18 13:44:00+05:30,406.55,406.7,406.35,406.5,20032,ITC
2025-02-18 13:45:00+05:30,406.5,406.7,406.35,406.45,22110,ITC
2025-02-18 13:46:00+05:30,406.45,406.7,406.2,406.35,20954,ITC
2025-02-18 13:47:00+05:30,406.3,406.55,406.2,406.35,9996,ITC
2025-02-18 13:48:00+05:30,406.3,406.5,406.0,406.3,51615,ITC
2025-02-18 13:49:00+05:30,406.3,406.55,406.25,406.45,12226,ITC
2025-02-18 13:50:00+05:30,406.35,406.55,406.25,406.35,9350,ITC
2025-02-18 13:51:00+05:30,406.25,406.5,406.2,406.3,13369,ITC
2025-02-18 13:52:00+05:30,406.25,406.5,406.15,406.3,12137,ITC
2025-02-18 13:53:00+05:30,406.3,406.55,406.15,406.5,8937,ITC
2025-02-18 13:54:00+05:30,406.4,406.6,406.25,406.4,10144,ITC
2025-02-18 13:55:00+05:30,406.3,406.6,406.2,406.3,21450,ITC
2025-02-18 13:56:00+05:30,406.2,406.3,406.05,406.25,12217,ITC
2025-02-18 13:57:00+05:30,406.15,406.35,406.05,406.05,13359,ITC
2025-02-18 13:58:00+05:30,406.05,406.2,406.0,406.0,27941,ITC
2025-02-18 13:59:00+05:30,406.0,406.15,405.7,405.75,26372,ITC
2025-02-18 14:00:00+05:30,405.75,406.15,405.65,405.85,30193,ITC
2025-02-18 14:01:00+05:30,405.9,406.05,405.65,405.75,18260,ITC
2025-02-18 14:02:00+05:30,405.75,406.15,405.7,406.0,19570,ITC
2025-02-18 14:03:00+05:30,406.05,406.25,405.9,406.05,14790,ITC
2025-02-18 14:04:00+05:30,406.1,406.2,405.6,405.65,40663,ITC
2025-02-18 14:05:00+05:30,405.6,405.9,405.55,405.8,20285,ITC
2025-02-18 14:06:00+05:30,405.8,405.8,405.55,405.7,29498,ITC
2025-02-18 14:07:00+05:30,405.6,406.05,405.55,405.95,76780,ITC
2025-02-18 14:08:00+05:30,405.95,406.3,405.95,406.1,17859,ITC
2025-02-18 14:09:00+05:30,406.1,406.2,405.7,406.0,54339,ITC
2025-02-18 14:10:00+05:30,405.8,406.0,405.75,405.8,15853,ITC
2025-02-18 14:11:00+05:30,405.8,406.0,405.75,405.8,17424,ITC
2025-02-18 14:12:00+05:30,405.8,406.0,405.75,405.85,12288,ITC
2025-02-18 14:13:00+05:30,405.85,406.05,405.75,405.9,15488,ITC
2025-02-18 14:14:00+05:30,405.85,406.05,405.75,405.8,12834,ITC
2025-02-18 14:15:00+05:30,405.8,406.1,405.75,405.85,32245,ITC
2025-02-18 14:16:00+05:30,405.8,406.1,405.75,405.85,37716,ITC
2025-02-18 14:17:00+05:30,405.9,406.05,405.75,406.0,16898,ITC
2025-02-18 14:18:00+05:30,405.95,406.05,405.75,405.75,19102,ITC
2025-02-18 14:19:00+05:30,405.8,406.05,405.75,405.8,25141,ITC
2025-02-18 14:20:00+05:30,405.8,405.85,405.75,405.8,26785,ITC
2025-02-18 14:21:00+05:30,405.8,405.95,405.75,405.85,10627,ITC
2025-02-18 14:22:00+05:30,405.8,406.0,405.75,405.75,14988,ITC
2025-02-18 14:23:00+05:30,405.75,406.05,405.75,405.95,12155,ITC
2025-02-18 14:24:00+05:30,405.95,406.1,405.85,405.95,12074,ITC
2025-02-18 14:25:00+05:30,406.0,406.15,405.9,406.05,13459,ITC
2025-02-18 14:26:00+05:30,406.1,406.15,405.9,405.95,15750,ITC
2025-02-18 14:27:00+05:30,406.0,406.1,405.8,405.85,10901,ITC
2025-02-18 14:28:00+05:30,405.85,406.15,405.8,405.85,18194,ITC
2025-02-18 14:29:00+05:30,405.85,406.0,405.75,405.95,18028,ITC
2025-02-18 14:30:00+05:30,405.95,406.0,405.75,405.9,17521,ITC
2025-02-18 14:31:00+05:30,405.95,406.0,405.7,405.85,62521,ITC
2025-02-18 14:32:00+05:30,405.9,406.05,405.75,405.8,27344,ITC
2025-02-18 14:33:00+05:30,405.8,405.95,405.75,405.75,36506,ITC
2025-02-18 14:34:00+05:30,405.75,406.05,405.75,405.95,30857,ITC
2025-02-18 14:35:00+05:30,405.95,406.05,405.75,405.9,44336,ITC
2025-02-18 14:36:00+05:30,405.85,406.1,405.8,406.0,28591,ITC
2025-02-18 14:37:00+05:30,406.0,406.1,405.8,406.05,35105,ITC
2025-02-18 14:38:00+05:30,406.0,406.1,405.8,405.8,40204,ITC
2025-02-18 14:39:00+05:30,406.0,406.2,405.8,406.15,47523,ITC
2025-02-18 14:40:00+05:30,406.15,406.2,405.75,405.85,35440,ITC
2025-02-18 14:41:00+05:30,405.85,406.1,405.75,406.0,27232,ITC
2025-02-18 14:42:00+05:30,405.85,406.2,405.8,406.1,18003,ITC
2025-02-18 14:43:00+05:30,406.1,406.2,405.9,406.15,17981,ITC
2025-02-18 14:44:00+05:30,406.05,406.2,405.8,406.1,15522,ITC
2025-02-18 14:45:00+05:30,406.05,406.2,405.85,406.0,12327,ITC
2025-02-18 14:46:00+05:30,406.05,406.2,405.85,406.1,14838,ITC
2025-02-18 14:47:00+05:30,406.15,406.2,405.95,405.95,12591,ITC
2025-02-18 14:48:00+05:30,405.95,406.2,405.9,406.15,16693,ITC
2025-02-18 14:49:00+05:30,406.05,406.2,405.9,406.1,15521,ITC
2025-02-18 14:50:00+05:30,406.1,406.2,406.0,406.05,14765,ITC
2025-02-18 14:51:00+05:30,406.0,406.2,406.0,406.1,19680,ITC
2025-02-18 14:52:00+05:30,406.05,406.2,405.95,406.05,20528,ITC
2025-02-18 14:53:00+05:30,406.05,406.25,405.95,406.15,15569,ITC
2025-02-18 14:54:00+05:30,406.15,406.25,406.0,406.05,11565,ITC
2025-02-18 14:55:00+05:30,406.1,406.25,405.95,406.1,26984,ITC
2025-02-18 14:56:00+05:30,406.0,406.15,405.8,405.95,29245,ITC
2025-02-18 14:57:00+05:30,405.95,406.05,405.75,405.75,23903,ITC
2025-02-18 14:58:00+05:30,405.8,406.0,405.75,405.9,28052,ITC
2025-02-18 14:59:00+05:30,405.85,406.1,405.8,406.05,18741,ITC
2025-02-18 15:00:00+05:30,405.9,406.15,405.8,405.85,41582,ITC
2025-02-18 15:01:00+05:30,405.85,406.0,405.8,405.85,33340,ITC
2025-02-18 15:02:00+05:30,405.9,405.95,405.75,405.85,46473,ITC
2025-02-18 15:03:00+05:30,405.95,405.95,405.7,405.9,72061,ITC
2025-02-18 15:04:00+05:30,405.9,405.95,405.75,405.85,42328,ITC
2025-02-18 15:05:00+05:30,405.85,405.95,405.75,405.95,30894,ITC
2025-02-18 15:06:00+05:30,405.9,405.95,405.8,405.95,29717,ITC
2025-02-18 15:07:00+05:30,405.95,405.95,405.75,405.8,39826,ITC
2025-02-18 15:08:00+05:30,405.8,405.95,405.6,405.8,104474,ITC
2025-02-18 15:09:00+05:30,405.8,406.15,405.7,405.9,159823,ITC
2025-02-18 15:10:00+05:30,405.9,406.1,405.55,405.6,110806,ITC
2025-02-18 15:11:00+05:30,405.6,405.65,405.05,405.45,129939,ITC
2025-02-18 15:12:00+05:30,405.45,405.65,405.1,405.55,130261,ITC
2025-02-18 15:13:00+05:30,405.55,405.55,405.1,405.45,77538,ITC
2025-02-18 15:14:00+05:30,405.4,405.5,405.05,405.45,80920,ITC
2025-02-18 15:15:00+05:30,405.45,405.5,405.0,405.3,108919,ITC
2025-02-18 15:16:00+05:30,405.3,405.35,405.0,405.2,104731,ITC
2025-02-18 15:17:00+05:30,405.2,405.25,404.8,405.1,87951,ITC
2025-02-18 15:18:00+05:30,405.1,405.2,405.0,405.15,102322,ITC
2025-02-18 15:19:00+05:30,405.15,405.4,404.95,405.3,171854,ITC
2025-02-18 15:20:00+05:30,405.3,405.35,405.0,405.35,167261,ITC
2025-02-18 15:21:00+05:30,405.25,405.4,405.0,405.25,147573,ITC
2025-02-18 15:22:00+05:30,405.25,405.35,405.0,405.3,143080,ITC
2025-02-18 15:23:00+05:30,405.3,405.45,404.95,405.15,118759,ITC
2025-02-18 15:24:00+05:30,405.15,405.35,405.0,405.1,112546,ITC
2025-02-18 15:25:00+05:30,405.1,405.4,404.95,405.4,119308,ITC
2025-02-18 15:26:00+05:30,405.25,405.3,404.9,404.95,125166,ITC
2025-02-18 15:27:00+05:30,404.95,405.3,404.7,404.7,247024,ITC
2025-02-18 15:28:00+05:30,404.7,405.4,404.0,404.7,264768,ITC
2025-02-18 15:29:00+05:30,404.95,405.45,404.2,404.9,237746,ITC
2025-02-19 09:15:00+05:30,404.8,406.5,404.5,405.7,84232,ITC
2025-02-19 09:16:00+05:30,405.7,406.0,405.4,406.0,43854,ITC
2025-02-19 09:17:00+05:30,406.0,406.0,405.45,405.45,32283,ITC
2025-02-19 09:18:00+05:30,405.5,406.0,405.5,405.95,28827,ITC
2025-02-19 09:19:00+05:30,405.95,406.0,405.0,405.45,41183,ITC
2025-02-19 09:20:00+05:30,405.45,405.8,405.05,405.3,31950,ITC
2025-02-19 09:21:00+05:30,405.45,405.7,405.25,405.65,16208,ITC
2025-02-19 09:22:00+05:30,405.65,405.75,405.35,405.6,60497,ITC
2025-02-19 09:23:00+05:30,405.65,405.9,405.6,405.75,25022,ITC
2025-02-19 09:24:00+05:30,405.75,405.9,405.55,405.65,55624,ITC
2025-02-19 09:25:00+05:30,405.7,405.9,405.15,405.55,150510,ITC
2025-02-19 09:26:00+05:30,405.55,405.55,405.0,405.3,69292,ITC
2025-02-19 09:27:00+05:30,405.3,405.45,405.1,405.25,20595,ITC
2025-02-19 09:28:00+05:30,405.4,405.65,405.25,405.65,28906,ITC
2025-02-19 09:29:00+05:30,405.4,405.9,405.4,405.8,17553,ITC
2025-02-19 09:30:00+05:30,405.8,406.0,405.6,405.7,111913,ITC
2025-02-19 09:31:00+05:30,405.7,405.95,405.65,405.65,14442,ITC
2025-02-19 09:32:00+05:30,405.75,405.8,405.55,405.7,6098,ITC
2025-02-19 09:33:00+05:30,405.75,405.95,405.65,405.95,25174,ITC
2025-02-19 09:34:00+05:30,405.9,405.9,405.6,405.7,18448,ITC
2025-02-19 09:35:00+05:30,405.85,406.0,405.7,405.95,9460,ITC
2025-02-19 09:36:00+05:30,405.9,406.0,405.7,405.9,9153,ITC
2025-02-19 09:37:00+05:30,405.85,406.0,405.55,405.75,19446,ITC
2025-02-19 09:38:00+05:30,405.75,405.75,405.5,405.7,25355,ITC
2025-02-19 09:39:00+05:30,405.65,405.7,405.4,405.7,71087,ITC
2025-02-19 09:40:00+05:30,405.7,405.75,405.35,405.65,53940,ITC
2025-02-19 09:41:00+05:30,405.65,405.7,405.55,405.55,7560,ITC
2025-02-19 09:42:00+05:30,405.55,405.55,405.15,405.45,29862,ITC
2025-02-19 09:43:00+05:30,405.45,405.45,405.2,405.25,10981,ITC
2025-02-19 09:44:00+05:30,405.35,405.45,405.25,405.3,11884,ITC
2025-02-19 09:45:00+05:30,405.35,405.5,405.3,405.5,7708,ITC
2025-02-19 09:46:00+05:30,405.5,405.5,405.45,405.5,5633,ITC
2025-02-19 09:47:00+05:30,405.5,405.5,405.2,405.4,30060,ITC
2025-02-19 09:48:00+05:30,405.3,405.6,405.3,405.6,18713,ITC
2025-02-19 09:49:00+05:30,405.6,405.95,405.6,405.9,20160,ITC
2025-02-19 09:50:00+05:30,405.9,405.95,405.5,405.7,25960,ITC
2025-02-19 09:51:00+05:30,405.7,405.75,405.5,405.6,19919,ITC
2025-02-19 09:52:00+05:30,405.6,405.9,405.55,405.9,14225,ITC
2025-02-19 09:53:00+05:30,405.95,406.8,405.8,406.4,178583,ITC
2025-02-19 09:54:00+05:30,406.4,406.75,406.25,406.75,20459,ITC
2025-02-19 09:55:00+05:30,406.6,407.2,406.6,407.1,28727,ITC
2025-02-19 09:56:00+05:30,407.25,407.65,407.0,407.4,23046,ITC
2025-02-19 09:57:00+05:30,407.4,407.5,406.95,407.0,13425,ITC
2025-02-19 09:58:00+05:30,407.0,407.2,406.85,407.15,10688,ITC
2025-02-19 09:59:00+05:30,407.15,407.2,406.9,407.15,12310,ITC
2025-02-19 10:00:00+05:30,407.05,407.15,406.85,406.9,13764,ITC
2025-02-19 10:01:00+05:30,406.9,406.9,406.65,406.85,8707,ITC
2025-02-19 10:02:00+05:30,406.85,407.15,406.75,407.1,11470,ITC
2025-02-19 10:03:00+05:30,407.15,407.35,407.05,407.3,11789,ITC
2025-02-19 10:04:00+05:30,407.3,407.4,407.1,407.2,10536,ITC
2025-02-19 10:05:00+05:30,407.25,407.5,407.15,407.45,15692,ITC
2025-02-19 10:06:00+05:30,407.3,407.45,406.7,406.8,25452,ITC
2025-02-19 10:07:00+05:30,406.7,406.9,406.65,406.8,28521,ITC
2025-02-19 10:08:00+05:30,406.8,407.05,406.35,406.95,29832,ITC
2025-02-19 10:09:00+05:30,406.95,407.05,406.9,407.05,4877,ITC
2025-02-19 10:10:00+05:30,406.9,407.0,406.8,406.8,9062,ITC
2025-02-19 10:11:00+05:30,406.8,406.95,406.7,406.9,10893,ITC
2025-02-19 10:12:00+05:30,406.9,406.95,406.7,406.75,11264,ITC
2025-02-19 10:13:00+05:30,406.9,407.85,406.75,407.4,72477,ITC
2025-02-19 10:14:00+05:30,407.4,407.6,407.15,407.35,14834,ITC
2025-02-19 10:15:00+05:30,407.35,408.45,407.2,408.35,54716,ITC
2025-02-19 10:16:00+05:30,408.35,408.4,408.1,408.35,18653,ITC
2025-02-19 10:17:00+05:30,408.35,408.35,407.85,407.95,46179,ITC
2025-02-19 10:18:00+05:30,408.05,408.2,407.65,407.7,31451,ITC
2025-02-19 10:19:00+05:30,407.7,407.95,407.5,407.95,16863,ITC
2025-02-19 10:20:00+05:30,407.95,408.3,407.8,408.3,10915,ITC
2025-02-19 10:21:00+05:30,408.3,408.35,408.05,408.15,7861,ITC
2025-02-19 10:22:00+05:30,408.1,408.15,407.95,408.05,5736,ITC
2025-02-19 10:23:00+05:30,408.0,408.2,407.95,408.1,6342,ITC
2025-02-19 10:24:00+05:30,408.1,408.35,408.0,408.25,8521,ITC
2025-02-19 10:25:00+05:30,408.25,408.35,407.85,407.95,19157,ITC
2025-02-19 10:26:00+05:30,407.85,407.85,407.5,407.6,5304,ITC
2025-02-19 10:27:00+05:30,407.7,407.7,407.5,407.65,2969,ITC
2025-02-19 10:28:00+05:30,407.6,407.7,407.5,407.6,8334,ITC
2025-02-19 10:29:00+05:30,407.5,407.7,407.5,407.6,25777,ITC
2025-02-19 10:30:00+05:30,407.5,407.7,407.5,407.55,9483,ITC
2025-02-19 10:31:00+05:30,407.7,407.8,407.5,407.65,4905,ITC
2025-02-19 10:32:00+05:30,407.5,407.7,407.5,407.65,7067,ITC
2025-02-19 10:33:00+05:30,407.6,407.65,407.5,407.65,3948,ITC
2025-02-19 10:34:00+05:30,407.55,407.65,407.4,407.5,8216,ITC
2025-02-19 10:35:00+05:30,407.55,407.65,407.5,407.55,6064,ITC
2025-02-19 10:36:00+05:30,407.55,407.8,407.5,407.8,14757,ITC
2025-02-19 10:37:00+05:30,407.8,407.8,407.7,407.75,3845,ITC
2025-02-19 10:38:00+05:30,407.7,407.8,407.6,407.75,4570,ITC
2025-02-19 10:39:00+05:30,407.75,407.95,407.7,407.95,5753,ITC
2025-02-19 10:40:00+05:30,407.95,408.05,407.8,408.0,20305,ITC
2025-02-19 10:41:00+05:30,408.0,408.05,407.8,407.9,3801,ITC
2025-02-19 10:42:00+05:30,408.0,408.05,407.85,407.95,6919,ITC
2025-02-19 10:43:00+05:30,407.9,408.2,407.9,408.15,4241,ITC
2025-02-19 10:44:00+05:30,408.15,408.15,407.8,407.9,5447,ITC
2025-02-19 10:45:00+05:30,407.8,407.95,407.65,407.8,4717,ITC
2025-02-19 10:46:00+05:30,407.75,408.0,407.75,407.95,5266,ITC
2025-02-19 10:47:00+05:30,407.95,407.95,407.7,407.75,3942,ITC
2025-02-19 10:48:00+05:30,407.9,407.9,407.55,407.65,3960,ITC
2025-02-19 10:49:00+05:30,407.55,407.65,407.5,407.6,5587,ITC
2025-02-19 10:50:00+05:30,407.6,407.6,407.2,407.4,21669,ITC
2025-02-19 10:51:00+05:30,407.25,407.4,407.2,407.4,8075,ITC
2025-02-19 10:52:00+05:30,407.4,407.4,407.1,407.1,6094,ITC
2025-02-19 10:53:00+05:30,407.1,407.2,407.05,407.1,9063,ITC
2025-02-19 10:54:00+05:30,407.05,407.1,406.9,406.9,18345,ITC
2025-02-19 10:55:00+05:30,407.0,407.0,406.7,406.75,20585,ITC
2025-02-19 10:56:00+05:30,406.75,406.8,406.5,406.75,28671,ITC
2025-02-19 10:57:00+05:30,406.75,406.85,406.7,406.75,8526,ITC
2025-02-19 10:58:00+05:30,406.85,406.85,406.7,406.75,17153,ITC
2025-02-19 10:59:00+05:30,406.75,406.8,406.35,406.7,71748,ITC
2025-02-19 11:00:00+05:30,406.7,406.85,406.65,406.8,14995,ITC
2025-02-19 11:01:00+05:30,406.8,406.85,406.6,406.85,10600,ITC
2025-02-19 11:02:00+05:30,406.8,406.9,406.65,406.9,8899,ITC
2025-02-19 11:03:00+05:30,406.8,407.0,406.8,407.0,5019,ITC
2025-02-19 11:04:00+05:30,406.95,407.2,406.9,407.05,18249,ITC
2025-02-19 11:05:00+05:30,407.05,407.2,407.0,407.1,13262,ITC
2025-02-19 11:06:00+05:30,407.1,407.4,407.05,407.35,7971,ITC
2025-02-19 11:07:00+05:30,407.4,407.4,407.0,407.15,14069,ITC
2025-02-19 11:08:00+05:30,407.1,407.25,407.05,407.2,7309,ITC
2025-02-19 11:09:00+05:30,407.15,407.4,407.0,407.4,8054,ITC
2025-02-19 11:10:00+05:30,407.4,407.4,407.0,407.1,13798,ITC
2025-02-19 11:11:00+05:30,407.15,407.2,406.9,407.2,5560,ITC
2025-02-19 11:12:00+05:30,407.1,407.25,406.9,407.15,13926,ITC
2025-02-19 11:13:00+05:30,407.15,407.35,407.05,407.3,8180,ITC
2025-02-19 11:14:00+05:30,407.15,407.4,407.15,407.4,5792,ITC
2025-02-19 11:15:00+05:30,407.4,407.55,407.35,407.55,5386,ITC
2025-02-19 11:16:00+05:30,407.5,407.55,407.1,407.2,6858,ITC
2025-02-19 11:17:00+05:30,407.2,407.4,407.1,407.4,8199,ITC
2025-02-19 11:18:00+05:30,407.25,407.4,407.1,407.25,4294,ITC
2025-02-19 11:19:00+05:30,407.25,407.35,407.05,407.35,5500,ITC
2025-02-19 11:20:00+05:30,407.35,407.4,407.25,407.4,7084,ITC
2025-02-19 11:21:00+05:30,407.3,407.9,407.3,407.85,109416,ITC
2025-02-19 11:22:00+05:30,407.85,408.1,407.75,408.0,115395,ITC
2025-02-19 11:23:00+05:30,408.0,408.05,407.8,408.0,46523,ITC
2025-02-19 11:24:00+05:30,408.0,408.1,407.8,408.0,7457,ITC
2025-02-19 11:25:00+05:30,408.05,408.1,408.0,408.05,5822,ITC
2025-02-19 11:26:00+05:30,408.05,408.15,408.0,408.05,4939,ITC
2025-02-19 11:27:00+05:30,408.05,408.1,407.85,407.85,48748,ITC
2025-02-19 11:28:00+05:30,407.95,408.05,407.8,408.05,15546,ITC
2025-02-19 11:29:00+05:30,408.05,408.35,408.0,408.3,16493,ITC
2025-02-19 11:30:00+05:30,408.3,408.4,408.1,408.3,11576,ITC
2025-02-19 11:31:00+05:30,408.25,408.3,408.1,408.3,6372,ITC
2025-02-19 11:32:00+05:30,408.25,408.3,408.1,408.3,6001,ITC
2025-02-19 11:33:00+05:30,408.2,408.4,408.15,408.35,16385,ITC
2025-02-19 11:34:00+05:30,408.3,408.45,408.1,408.35,18947,ITC
2025-02-19 11:35:00+05:30,408.25,408.4,408.1,408.15,4185,ITC
2025-02-19 11:36:00+05:30,408.35,408.4,408.15,408.3,13323,ITC
2025-02-19 11:37:00+05:30,408.4,408.4,408.2,408.35,2538,ITC
2025-02-19 11:38:00+05:30,408.25,408.4,408.2,408.35,6734,ITC
2025-02-19 11:39:00+05:30,408.35,408.45,408.2,408.45,10024,ITC
2025-02-19 11:40:00+05:30,408.4,408.4,408.2,408.25,5828,ITC
2025-02-19 11:41:00+05:30,408.3,408.4,408.2,408.35,8301,ITC
2025-02-19 11:42:00+05:30,408.3,408.35,408.0,408.25,21298,ITC
2025-02-19 11:43:00+05:30,408.25,408.25,408.0,408.2,5728,ITC
2025-02-19 11:44:00+05:30,408.05,408.25,408.0,408.2,11884,ITC
2025-02-19 11:45:00+05:30,408.2,408.2,408.0,408.1,8901,ITC
2025-02-19 11:46:00+05:30,408.0,408.3,408.0,408.3,10594,ITC
2025-02-19 11:47:00+05:30,408.25,408.4,408.15,408.35,4246,ITC
2025-02-19 11:48:00+05:30,408.25,408.35,408.2,408.25,8228,ITC
2025-02-19 11:49:00+05:30,408.2,408.3,408.1,408.3,7241,ITC
2025-02-19 11:50:00+05:30,408.2,408.4,408.1,408.2,7535,ITC
2025-02-19 11:51:00+05:30,408.2,408.35,408.15,408.15,7008,ITC
2025-02-19 11:52:00+05:30,408.35,408.35,408.1,408.3,10751,ITC
2025-02-19 11:53:00+05:30,408.3,408.4,408.2,408.3,26774,ITC
2025-02-19 11:54:00+05:30,408.3,408.35,408.1,408.1,6381,ITC
2025-02-19 11:55:00+05:30,408.25,408.35,408.05,408.3,6111,ITC
2025-02-19 11:56:00+05:30,408.2,408.35,408.05,408.2,7049,ITC
2025-02-19 11:57:00+05:30,408.2,408.35,408.05,408.2,6667,ITC
2025-02-19 11:58:00+05:30,408.15,408.35,408.05,408.2,6249,ITC
2025-02-19 11:59:00+05:30,408.2,408.4,408.1,408.25,8756,ITC
2025-02-19 12:00:00+05:30,408.4,408.45,408.2,408.35,7034,ITC
2025-02-19 12:01:00+05:30,408.35,408.4,408.2,408.35,4342,ITC
2025-02-19 12:02:00+05:30,408.3,408.4,408.2,408.3,6417,ITC
2025-02-19 12:03:00+05:30,408.2,408.4,408.2,408.35,7957,ITC
2025-02-19 12:04:00+05:30,408.3,408.6,408.2,408.5,18333,ITC
2025-02-19 12:05:00+05:30,408.6,408.6,408.35,408.4,7417,ITC
2025-02-19 12:06:00+05:30,408.4,408.55,408.2,408.2,10011,ITC
2025-02-19 12:07:00+05:30,408.35,408.45,408.2,408.3,7477,ITC
2025-02-19 12:08:00+05:30,408.45,408.5,408.3,408.35,6531,ITC
2025-02-19 12:09:00+05:30,408.35,408.5,408.3,408.4,7446,ITC
2025-02-19 12:10:00+05:30,408.4,408.45,408.2,408.25,9623,ITC
2025-02-19 12:11:00+05:30,408.25,408.4,408.2,408.3,10355,ITC
2025-02-19 12:12:00+05:30,408.3,408.35,408.0,408.05,12704,ITC
2025-02-19 12:13:00+05:30,408.0,408.1,407.85,408.0,45711,ITC
2025-02-19 12:14:00+05:30,408.05,408.4,408.0,408.4,10932,ITC
2025-02-19 12:15:00+05:30,408.4,408.4,408.0,408.3,11415,ITC
2025-02-19 12:16:00+05:30,408.3,408.45,408.1,408.45,8239,ITC
2025-02-19 12:17:00+05:30,408.4,408.8,408.35,408.5,14939,ITC
2025-02-19 12:18:00+05:30,408.6,408.6,408.2,408.25,8966,ITC
2025-02-19 12:19:00+05:30,408.2,408.45,408.2,408.25,10261,ITC
2025-02-19 12:20:00+05:30,408.25,408.4,408.2,408.2,6412,ITC
2025-02-19 12:21:00+05:30,408.2,408.35,408.2,408.2,7636,ITC
2025-02-19 12:22:00+05:30,408.3,408.35,408.2,408.3,8685,ITC
2025-02-19 12:23:00+05:30,408.2,408.3,408.05,408.3,11427,ITC
2025-02-19 12:24:00+05:30,408.3,408.3,408.0,408.1,13850,ITC
2025-02-19 12:25:00+05:30,408.1,408.15,408.0,408.1,14094,ITC
2025-02-19 12:26:00+05:30,408.1,408.15,408.0,408.0,29265,ITC
2025-02-19 12:27:00+05:30,408.0,408.15,407.8,408.1,36847,ITC
2025-02-19 12:28:00+05:30,408.1,408.2,408.05,408.1,5297,ITC
2025-02-19 12:29:00+05:30,408.15,408.2,408.0,408.05,27479,ITC
2025-02-19 12:30:00+05:30,408.05,408.15,408.0,408.05,6836,ITC
2025-02-19 12:31:00+05:30,408.05,408.2,408.0,408.1,6996,ITC
2025-02-19 12:32:00+05:30,408.1,408.1,408.0,408.1,6815,ITC
2025-02-19 12:33:00+05:30,408.05,408.1,408.0,408.05,52527,ITC
2025-02-19 12:34:00+05:30,408.05,408.2,408.0,408.1,12068,ITC
2025-02-19 12:35:00+05:30,408.1,408.2,408.0,408.05,8938,ITC
2025-02-19 12:36:00+05:30,408.05,408.25,408.0,408.2,8709,ITC
2025-02-19 12:37:00+05:30,408.2,408.25,408.0,408.2,10211,ITC
2025-02-19 12:38:00+05:30,408.05,408.2,408.0,408.0,6413,ITC
2025-02-19 12:39:00+05:30,408.1,408.15,407.75,408.0,89926,ITC
2025-02-19 12:40:00+05:30,408.05,408.15,407.75,408.0,83485,ITC
2025-02-19 12:41:00+05:30,407.9,408.1,407.4,407.6,90373,ITC
2025-02-19 12:42:00+05:30,407.6,407.75,407.6,407.75,12348,ITC
2025-02-19 12:43:00+05:30,407.6,407.75,407.55,407.6,10541,ITC
2025-02-19 12:44:00+05:30,407.65,407.8,407.55,407.7,12973,ITC
2025-02-19 12:45:00+05:30,407.7,407.8,407.6,407.7,8920,ITC
2025-02-19 12:46:00+05:30,407.75,408.0,407.6,407.9,44855,ITC
2025-02-19 12:47:00+05:30,407.9,408.0,407.75,407.9,9849,ITC
2025-02-19 12:48:00+05:30,407.9,408.0,407.6,407.6,8844,ITC
2025-02-19 12:49:00+05:30,407.6,407.8,407.6,407.6,15344,ITC
2025-02-19 12:50:00+05:30,407.75,407.85,407.6,407.85,11802,ITC
2025-02-19 12:51:00+05:30,407.8,407.85,407.6,407.65,6219,ITC
2025-02-19 12:52:00+05:30,407.65,407.85,407.6,407.8,9315,ITC
2025-02-19 12:53:00+05:30,407.8,407.85,407.6,407.6,11334,ITC
2025-02-19 12:54:00+05:30,407.7,407.8,407.6,407.6,5803,ITC
2025-02-19 12:55:00+05:30,407.6,407.8,407.6,407.7,10116,ITC
2025-02-19 12:56:00+05:30,407.7,407.75,407.6,407.65,6369,ITC
2025-02-19 12:57:00+05:30,407.65,407.75,407.6,407.65,6894,ITC
2025-02-19 12:58:00+05:30,407.65,407.7,407.55,407.6,12975,ITC
2025-02-19 12:59:00+05:30,407.6,407.7,407.6,407.7,7672,ITC
2025-02-19 13:00:00+05:30,407.7,407.8,407.55,407.7,9420,ITC
2025-02-19 13:01:00+05:30,407.7,407.85,407.6,407.65,4951,ITC
2025-02-19 13:02:00+05:30,407.65,407.8,407.6,407.65,4708,ITC
2025-02-19 13:03:00+05:30,407.65,407.8,407.6,407.7,5689,ITC
2025-02-19 13:04:00+05:30,407.65,407.85,407.6,407.75,8918,ITC
2025-02-19 13:05:00+05:30,407.75,407.85,407.6,407.75,6548,ITC
2025-02-19 13:06:00+05:30,407.7,407.9,407.6,407.7,8502,ITC
2025-02-19 13:07:00+05:30,407.7,407.8,407.6,407.6,6272,ITC
2025-02-19 13:08:00+05:30,407.6,407.75,407.55,407.75,30442,ITC
2025-02-19 13:09:00+05:30,407.6,407.75,407.5,407.6,8715,ITC
2025-02-19 13:10:00+05:30,407.7,407.7,407.5,407.7,9937,ITC
2025-02-19 13:11:00+05:30,407.6,407.7,407.4,407.4,12482,ITC
2025-02-19 13:12:00+05:30,407.4,407.6,407.05,407.2,17958,ITC
2025-02-19 13:13:00+05:30,407.2,407.3,407.1,407.2,7657,ITC
2025-02-19 13:14:00+05:30,407.2,407.4,407.1,407.4,5956,ITC
2025-02-19 13:15:00+05:30,407.4,407.5,407.2,407.35,13890,ITC
2025-02-19 13:16:00+05:30,407.35,407.55,407.3,407.55,4222,ITC
2025-02-19 13:17:00+05:30,407.5,407.5,407.2,407.5,6496,ITC
2025-02-19 13:18:00+05:30,407.5,407.55,407.25,407.45,5985,ITC
2025-02-19 13:19:00+05:30,407.45,407.5,407.25,407.4,9722,ITC
2025-02-19 13:20:00+05:30,407.4,407.5,407.25,407.25,4963,ITC
2025-02-19 13:21:00+05:30,407.25,407.5,407.2,407.4,5718,ITC
2025-02-19 13:22:00+05:30,407.5,407.5,407.2,407.35,6215,ITC
2025-02-19 13:23:00+05:30,407.35,407.4,407.25,407.25,9209,ITC
2025-02-19 13:24:00+05:30,407.25,407.45,407.1,407.15,18375,ITC
2025-02-19 13:25:00+05:30,407.15,407.3,407.1,407.2,8850,ITC
2025-02-19 13:26:00+05:30,407.3,407.5,407.2,407.45,7397,ITC
2025-02-19 13:27:00+05:30,407.45,407.7,407.3,407.3,14969,ITC
2025-02-19 13:28:00+05:30,407.3,407.4,407.2,407.3,4813,ITC
2025-02-19 13:29:00+05:30,407.4,407.45,407.2,407.35,5124,ITC
2025-02-19 13:30:00+05:30,407.35,407.35,407.1,407.1,6735,ITC
2025-02-19 13:31:00+05:30,407.1,407.3,407.1,407.3,7762,ITC
2025-02-19 13:32:00+05:30,407.3,407.3,407.1,407.3,11297,ITC
2025-02-19 13:33:00+05:30,407.15,407.3,407.1,407.2,8523,ITC
2025-02-19 13:34:00+05:30,407.25,407.35,407.15,407.3,10442,ITC
2025-02-19 13:35:00+05:30,407.3,407.4,407.2,407.35,5071,ITC
2025-02-19 13:36:00+05:30,407.4,407.45,407.2,407.25,8505,ITC
2025-02-19 13:37:00+05:30,407.25,407.45,407.1,407.4,13532,ITC
2025-02-19 13:38:00+05:30,407.25,407.5,407.25,407.45,5139,ITC
2025-02-19 13:39:00+05:30,407.45,407.5,407.4,407.5,7620,ITC
2025-02-19 13:40:00+05:30,407.5,407.6,407.45,407.55,10189,ITC
2025-02-19 13:41:00+05:30,407.55,407.75,407.45,407.7,9265,ITC
2025-02-19 13:42:00+05:30,407.7,407.7,407.4,407.45,15240,ITC
2025-02-19 13:43:00+05:30,407.45,407.6,407.35,407.45,5667,ITC
2025-02-19 13:44:00+05:30,407.45,407.5,407.3,407.3,11538,ITC
2025-02-19 13:45:00+05:30,407.3,407.5,407.25,407.3,9181,ITC
2025-02-19 13:46:00+05:30,407.3,407.55,407.25,407.5,8951,ITC
2025-02-19 13:47:00+05:30,407.45,407.5,407.2,407.25,6263,ITC
2025-02-19 13:48:00+05:30,407.25,407.45,407.2,407.4,10877,ITC
2025-02-19 13:49:00+05:30,407.3,407.4,407.15,407.3,8456,ITC
2025-02-19 13:50:00+05:30,407.3,407.3,407.1,407.3,8791,ITC
2025-02-19 13:51:00+05:30,407.2,407.3,407.1,407.1,6033,ITC
2025-02-19 13:52:00+05:30,407.15,407.15,407.1,407.1,6497,ITC
2025-02-19 13:53:00+05:30,407.15,407.15,407.1,407.15,20201,ITC
2025-02-19 13:54:00+05:30,407.1,407.15,407.1,407.15,23301,ITC
2025-02-19 13:55:00+05:30,407.15,407.15,407.05,407.1,16546,ITC
2025-02-19 13:56:00+05:30,407.15,407.15,407.1,407.15,35422,ITC
2025-02-19 13:57:00+05:30,407.1,407.15,407.05,407.1,23461,ITC
2025-02-19 13:58:00+05:30,407.1,407.15,407.1,407.1,11419,ITC
2025-02-19 13:59:00+05:30,407.1,407.15,407.05,407.1,10871,ITC
2025-02-19 14:00:00+05:30,407.15,407.15,407.1,407.15,11050,ITC
2025-02-19 14:01:00+05:30,407.1,407.15,407.1,407.1,9483,ITC
2025-02-19 14:02:00+05:30,407.1,407.15,407.1,407.1,12692,ITC
2025-02-19 14:03:00+05:30,407.1,407.1,406.7,406.85,37949,ITC
2025-02-19 14:04:00+05:30,406.85,406.9,406.55,406.85,20126,ITC
2025-02-19 14:05:00+05:30,406.85,406.9,406.7,406.8,10866,ITC
2025-02-19 14:06:00+05:30,406.8,406.85,406.65,406.8,16643,ITC
2025-02-19 14:07:00+05:30,406.8,406.85,406.7,406.8,9334,ITC
2025-02-19 14:08:00+05:30,406.8,406.85,406.8,406.8,7035,ITC
2025-02-19 14:09:00+05:30,406.8,406.85,406.65,406.8,35950,ITC
2025-02-19 14:10:00+05:30,406.8,406.85,406.7,406.8,8028,ITC
2025-02-19 14:11:00+05:30,406.8,406.85,406.7,406.75,9895,ITC
2025-02-19 14:12:00+05:30,406.75,407.05,406.7,406.95,21975,ITC
2025-02-19 14:13:00+05:30,406.95,406.95,406.75,406.8,9818,ITC
2025-02-19 14:14:00+05:30,406.8,406.9,406.75,406.9,15798,ITC
2025-02-19 14:15:00+05:30,406.9,407.2,406.75,407.1,25892,ITC
2025-02-19 14:16:00+05:30,407.0,407.0,406.85,406.9,14478,ITC
2025-02-19 14:17:00+05:30,406.9,406.95,406.7,406.7,45760,ITC
2025-02-19 14:18:00+05:30,406.7,406.75,406.6,406.7,24916,ITC
2025-02-19 14:19:00+05:30,406.7,406.75,406.4,406.7,50678,ITC
2025-02-19 14:20:00+05:30,406.75,406.8,406.7,406.75,13444,ITC
2025-02-19 14:21:00+05:30,406.75,406.8,406.7,406.75,9402,ITC
2025-02-19 14:22:00+05:30,406.7,406.75,406.7,406.7,18008,ITC
2025-02-19 14:23:00+05:30,406.7,406.8,406.4,406.6,44630,ITC
2025-02-19 14:24:00+05:30,406.6,406.65,406.45,406.6,13858,ITC
2025-02-19 14:25:00+05:30,406.6,406.65,406.45,406.65,15063,ITC
2025-02-19 14:26:00+05:30,406.6,406.65,406.5,406.65,15741,ITC
2025-02-19 14:27:00+05:30,406.6,406.75,406.45,406.6,12608,ITC
2025-02-19 14:28:00+05:30,406.6,406.75,406.4,406.6,12867,ITC
2025-02-19 14:29:00+05:30,406.6,406.65,406.25,406.25,40347,ITC
2025-02-19 14:30:00+05:30,406.3,406.4,406.2,406.25,13936,ITC
2025-02-19 14:31:00+05:30,406.25,406.4,406.2,406.3,9590,ITC
2025-02-19 14:32:00+05:30,406.3,406.35,406.2,406.3,15747,ITC
2025-02-19 14:33:00+05:30,406.25,406.6,406.25,406.25,12936,ITC
2025-02-19 14:34:00+05:30,406.25,406.35,406.2,406.35,17563,ITC
2025-02-19 14:35:00+05:30,406.25,406.6,406.25,406.45,22806,ITC
2025-02-19 14:36:00+05:30,406.45,406.65,406.25,406.55,19847,ITC
2025-02-19 14:37:00+05:30,406.4,406.85,406.4,406.8,14783,ITC
2025-02-19 14:38:00+05:30,406.75,406.8,406.45,406.6,13372,ITC
2025-02-19 14:39:00+05:30,406.5,406.6,406.3,406.45,17842,ITC
2025-02-19 14:40:00+05:30,406.45,406.5,406.3,406.4,7216,ITC
2025-02-19 14:41:00+05:30,406.35,406.4,406.2,406.35,13520,ITC
2025-02-19 14:42:00+05:30,406.3,406.35,406.25,406.3,7941,ITC
2025-02-19 14:43:00+05:30,406.3,406.35,406.2,406.35,11323,ITC
2025-02-19 14:44:00+05:30,406.3,406.4,406.25,406.35,18645,ITC
2025-02-19 14:45:00+05:30,406.3,406.35,406.2,406.35,15387,ITC
2025-02-19 14:46:00+05:30,406.3,406.35,406.2,406.35,12730,ITC
2025-02-19 14:47:00+05:30,406.3,406.35,406.15,406.35,14451,ITC
2025-02-19 14:48:00+05:30,406.3,406.45,406.15,406.45,21721,ITC
2025-02-19 14:49:00+05:30,406.3,406.45,406.15,406.4,11888,ITC
2025-02-19 14:50:00+05:30,406.4,406.7,406.25,406.7,15541,ITC
2025-02-19 14:51:00+05:30,406.6,406.7,406.45,406.65,14559,ITC
2025-02-19 14:52:00+05:30,406.55,406.75,406.5,406.65,16014,ITC
2025-02-19 14:53:00+05:30,406.55,406.7,406.4,406.5,16479,ITC
2025-02-19 14:54:00+05:30,406.45,406.8,406.4,406.6,9923,ITC
2025-02-19 14:55:00+05:30,406.55,406.75,406.5,406.55,9155,ITC
2025-02-19 14:56:00+05:30,406.55,406.7,406.45,406.5,15102,ITC
2025-02-19 14:57:00+05:30,406.65,406.75,406.5,406.65,17837,ITC
2025-02-19 14:58:00+05:30,406.65,406.65,406.35,406.65,15330,ITC
2025-02-19 14:59:00+05:30,406.55,406.8,406.5,406.65,13503,ITC
2025-02-19 15:00:00+05:30,406.6,406.95,406.5,406.85,21920,ITC
2025-02-19 15:01:00+05:30,406.75,407.0,406.6,406.9,11882,ITC
2025-02-19 15:02:00+05:30,406.85,406.95,406.75,406.75,12930,ITC
2025-02-19 15:03:00+05:30,406.8,406.9,406.6,406.6,9856,ITC
2025-02-19 15:04:00+05:30,406.6,406.75,406.6,406.7,11177,ITC
2025-02-19 15:05:00+05:30,406.7,406.85,406.6,406.75,29028,ITC
2025-02-19 15:06:00+05:30,406.7,406.9,406.65,406.9,13134,ITC
2025-02-19 15:07:00+05:30,406.9,406.9,406.6,406.65,14597,ITC
2025-02-19 15:08:00+05:30,406.7,406.7,406.5,406.7,15174,ITC
2025-02-19 15:09:00+05:30,406.7,406.9,406.65,406.8,28904,ITC
2025-02-19 15:10:00+05:30,406.9,407.0,406.6,406.75,27166,ITC
2025-02-19 15:11:00+05:30,406.7,406.8,406.7,406.75,16007,ITC
2025-02-19 15:12:00+05:30,406.7,406.9,406.7,406.7,29812,ITC
2025-02-19 15:13:00+05:30,406.75,406.85,406.6,406.7,45044,ITC
2025-02-19 15:14:00+05:30,406.75,406.8,406.65,406.75,33726,ITC
2025-02-19 15:15:00+05:30,406.75,406.75,406.55,406.6,33988,ITC
2025-02-19 15:16:00+05:30,406.6,406.65,406.45,406.5,45503,ITC
2025-02-19 15:17:00+05:30,406.55,406.6,406.2,406.3,50454,ITC
2025-02-19 15:18:00+05:30,406.3,406.4,406.05,406.3,64752,ITC
2025-02-19 15:19:00+05:30,406.35,406.5,406.15,406.4,50695,ITC
2025-02-19 15:20:00+05:30,406.4,406.5,406.15,406.3,50492,ITC
2025-02-19 15:21:00+05:30,406.4,406.5,406.25,406.35,27338,ITC
2025-02-19 15:22:00+05:30,406.3,406.5,406.3,406.4,26776,ITC
2025-02-19 15:23:00+05:30,406.35,406.5,406.3,406.45,28137,ITC
2025-02-19 15:24:00+05:30,406.4,406.5,406.2,406.35,35686,ITC
2025-02-19 15:25:00+05:30,406.3,406.4,406.1,406.15,83291,ITC
2025-02-19 15:26:00+05:30,406.25,406.35,405.8,406.2,123212,ITC
2025-02-19 15:27:00+05:30,406.15,406.4,406.0,406.25,45517,ITC
2025-02-19 15:28:00+05:30,406.25,406.25,406.0,406.0,33712,ITC
2025-02-19 15:29:00+05:30,406.05,406.2,405.75,406.2,109192,ITC
2025-02-20 09:15:00+05:30,399.95,401.5,396.2,398.75,875563,ITC
2025-02-20 09:16:00+05:30,398.75,400.8,398.3,400.6,255222,ITC
2025-02-20 09:17:00+05:30,400.55,401.4,399.95,400.65,296554,ITC
2025-02-20 09:18:00+05:30,400.65,400.9,400.15,400.85,92057,ITC
2025-02-20 09:19:00+05:30,400.8,401.0,400.5,401.0,87520,ITC
2025-02-20 09:20:00+05:30,401.0,401.2,400.2,400.2,686749,ITC
2025-02-20 09:21:00+05:30,400.4,401.95,400.2,401.7,135394,ITC
2025-02-20 09:22:00+05:30,401.7,402.55,400.9,401.35,202729,ITC
2025-02-20 09:23:00+05:30,401.45,402.15,401.3,401.9,137555,ITC
2025-02-20 09:24:00+05:30,402.0,402.0,401.5,401.75,60776,ITC
2025-02-20 09:25:00+05:30,401.7,402.2,401.7,401.9,54427,ITC
2025-02-20 09:26:00+05:30,401.8,402.4,401.8,402.0,59495,ITC
2025-02-20 09:27:00+05:30,402.0,402.05,400.55,401.05,95399,ITC
2025-02-20 09:28:00+05:30,401.0,401.35,400.8,400.85,38887,ITC
2025-02-20 09:29:00+05:30,400.85,401.25,400.75,401.1,19503,ITC
2025-02-20 09:30:00+05:30,401.1,401.2,400.25,400.6,106827,ITC
2025-02-20 09:31:00+05:30,400.6,400.7,400.15,400.65,35192,ITC
2025-02-20 09:32:00+05:30,400.6,400.85,400.35,400.5,19954,ITC
2025-02-20 09:33:00+05:30,400.5,401.05,400.5,400.85,36913,ITC
2025-02-20 09:34:00+05:30,400.85,400.85,400.3,400.55,31468,ITC
2025-02-20 09:35:00+05:30,400.55,400.6,400.15,400.5,65035,ITC
2025-02-20 09:36:00+05:30,400.5,400.8,400.0,400.55,197184,ITC
2025-02-20 09:37:00+05:30,400.55,400.6,399.95,400.5,289899,ITC
2025-02-20 09:38:00+05:30,400.5,401.0,400.45,400.8,485865,ITC
2025-02-20 09:39:00+05:30,400.8,400.95,400.0,400.8,141992,ITC
2025-02-20 09:40:00+05:30,400.8,400.9,400.5,400.8,23813,ITC
2025-02-20 09:41:00+05:30,400.7,401.0,400.55,400.95,25868,ITC
2025-02-20 09:42:00+05:30,400.85,400.95,400.55,400.6,29439,ITC
2025-02-20 09:43:00+05:30,400.6,400.6,400.45,400.6,9617,ITC
2025-02-20 09:44:00+05:30,400.6,400.8,400.45,400.8,19299,ITC
2025-02-20 09:45:00+05:30,400.8,400.8,400.1,400.15,44936,ITC
2025-02-20 09:46:00+05:30,400.1,400.5,399.5,400.15,198025,ITC
2025-02-20 09:47:00+05:30,400.15,400.9,400.1,400.65,27422,ITC
2025-02-20 09:48:00+05:30,400.8,400.85,399.95,400.6,212784,ITC
2025-02-20 09:49:00+05:30,400.6,400.6,400.0,400.35,82488,ITC
2025-02-20 09:50:00+05:30,400.3,400.45,399.65,400.4,245895,ITC
2025-02-20 09:51:00+05:30,400.4,400.6,400.0,400.1,18353,ITC
2025-02-20 09:52:00+05:30,400.05,400.55,400.0,400.55,24140,ITC
2025-02-20 09:53:00+05:30,400.55,401.45,400.5,401.35,54346,ITC
2025-02-20 09:54:00+05:30,401.45,401.95,401.35,401.9,40232,ITC
2025-02-20 09:55:00+05:30,401.9,402.75,401.6,401.8,106334,ITC
2025-02-20 09:56:00+05:30,401.8,402.2,401.6,402.0,117438,ITC
2025-02-20 09:57:00+05:30,402.05,402.15,402.0,402.1,14744,ITC
2025-02-20 09:58:00+05:30,402.15,402.15,401.55,402.1,18467,ITC
2025-02-20 09:59:00+05:30,402.0,403.5,401.95,403.25,78406,ITC
2025-02-20 10:00:00+05:30,403.25,403.55,402.9,403.35,77396,ITC
2025-02-20 10:01:00+05:30,403.35,403.4,402.95,403.1,50332,ITC
2025-02-20 10:02:00+05:30,403.2,403.9,403.1,403.55,55668,ITC
2025-02-20 10:03:00+05:30,403.6,403.65,403.15,403.55,46197,ITC
2025-02-20 10:04:00+05:30,403.5,403.7,403.2,403.3,21241,ITC
2025-02-20 10:05:00+05:30,403.35,403.35,402.55,402.85,28667,ITC
2025-02-20 10:06:00+05:30,402.9,402.95,402.4,402.55,16240,ITC
2025-02-20 10:07:00+05:30,402.4,402.55,402.3,402.3,8054,ITC
2025-02-20 10:08:00+05:30,402.5,402.5,402.3,402.4,7713,ITC
2025-02-20 10:09:00+05:30,402.35,402.55,402.3,402.55,17868,ITC
2025-02-20 10:10:00+05:30,402.55,403.2,402.5,402.95,90292,ITC
2025-02-20 10:11:00+05:30,403.15,403.45,402.9,403.0,27681,ITC
2025-02-20 10:12:00+05:30,403.0,403.15,402.25,402.4,21584,ITC
2025-02-20 10:13:00+05:30,402.3,402.4,402.1,402.3,15658,ITC
2025-02-20 10:14:00+05:30,402.3,402.3,402.25,402.3,9957,ITC
2025-02-20 10:15:00+05:30,402.25,402.35,402.25,402.25,13253,ITC
2025-02-20 10:16:00+05:30,402.25,402.3,401.5,401.7,110532,ITC
2025-02-20 10:17:00+05:30,401.75,401.8,401.35,401.4,107424,ITC
2025-02-20 10:18:00+05:30,401.4,402.05,401.35,401.65,37038,ITC
2025-02-20 10:19:00+05:30,401.65,401.85,401.6,401.7,7642,ITC
2025-02-20 10:20:00+05:30,401.65,401.8,401.5,401.75,19978,ITC
2025-02-20 10:21:00+05:30,401.75,401.9,401.7,401.8,6876,ITC
2025-02-20 10:22:00+05:30,401.8,402.3,401.6,401.8,20513,ITC
2025-02-20 10:23:00+05:30,401.95,402.55,401.85,402.0,79447,ITC
2025-02-20 10:24:00+05:30,402.0,402.0,401.2,401.5,31981,ITC
2025-02-20 10:25:00+05:30,401.5,401.55,401.3,401.45,16644,ITC
2025-02-20 10:26:00+05:30,401.45,401.7,401.3,401.45,21955,ITC
2025-02-20 10:27:00+05:30,401.45,401.5,401.2,401.3,17435,ITC
2025-02-20 10:28:00+05:30,401.3,401.4,401.3,401.35,14667,ITC
2025-02-20 10:29:00+05:30,401.35,401.35,401.1,401.15,10331,ITC
2025-02-20 10:30:00+05:30,401.15,401.2,401.1,401.1,13204,ITC
2025-02-20 10:31:00+05:30,401.15,401.25,401.1,401.2,9621,ITC
2025-02-20 10:32:00+05:30,401.15,401.35,401.0,401.35,17470,ITC
2025-02-20 10:33:00+05:30,401.35,401.35,401.3,401.35,7279,ITC
2025-02-20 10:34:00+05:30,401.3,401.4,401.3,401.4,8681,ITC
2025-02-20 10:35:00+05:30,401.4,401.4,401.35,401.35,14101,ITC
2025-02-20 10:36:00+05:30,401.4,401.45,401.3,401.4,22261,ITC
2025-02-20 10:37:00+05:30,401.4,401.4,401.35,401.4,10455,ITC
2025-02-20 10:38:00+05:30,401.35,401.4,401.35,401.4,9036,ITC
2025-02-20 10:39:00+05:30,401.4,401.4,401.15,401.25,16796,ITC
2025-02-20 10:40:00+05:30,401.2,401.25,401.0,401.1,20061,ITC
2025-02-20 10:41:00+05:30,401.15,401.25,401.1,401.2,16809,ITC
2025-02-20 10:42:00+05:30,401.2,401.25,401.1,401.25,6263,ITC
2025-02-20 10:43:00+05:30,401.2,401.25,400.75,401.1,87388,ITC
2025-02-20 10:44:00+05:30,401.15,401.15,400.6,400.85,133199,ITC
2025-02-20 10:45:00+05:30,400.85,400.9,400.55,400.7,10435,ITC
2025-02-20 10:46:00+05:30,400.7,401.05,400.6,401.0,14292,ITC
2025-02-20 10:47:00+05:30,401.0,401.1,400.9,401.1,5292,ITC
2025-02-20 10:48:00+05:30,401.1,401.4,401.05,401.4,9656,ITC
2025-02-20 10:49:00+05:30,401.3,401.4,400.85,401.15,20833,ITC
2025-02-20 10:50:00+05:30,401.15,401.15,400.95,401.1,20012,ITC
2025-02-20 10:51:00+05:30,401.1,401.1,400.95,401.0,5203,ITC
2025-02-20 10:52:00+05:30,401.0,401.15,400.85,401.1,27686,ITC
2025-02-20 10:53:00+05:30,401.1,401.15,400.75,400.9,13708,ITC
2025-02-20 10:54:00+05:30,400.9,400.9,400.7,400.75,7206,ITC
2025-02-20 10:55:00+05:30,400.75,400.75,400.55,400.7,12919,ITC
2025-02-20 10:56:00+05:30,400.7,400.75,400.5,400.5,17036,ITC
2025-02-20 10:57:00+05:30,400.5,400.6,400.5,400.6,13314,ITC
2025-02-20 10:58:00+05:30,400.6,400.7,400.55,400.7,13228,ITC
2025-02-20 10:59:00+05:30,400.7,400.95,400.5,400.85,50767,ITC
2025-02-20 11:00:00+05:30,400.85,401.2,400.7,400.9,39071,ITC
2025-02-20 11:01:00+05:30,400.9,401.1,400.7,401.05,18077,ITC
2025-02-20 11:02:00+05:30,401.05,401.05,400.8,401.0,14396,ITC
2025-02-20 11:03:00+05:30,401.05,401.1,400.85,401.1,20546,ITC
2025-02-20 11:04:00+05:30,400.95,401.1,400.9,401.05,19189,ITC
2025-02-20 11:05:00+05:30,401.05,401.1,400.7,400.8,14025,ITC
2025-02-20 11:06:00+05:30,400.75,400.8,400.55,400.75,13451,ITC
2025-02-20 11:07:00+05:30,400.75,400.75,400.7,400.75,6492,ITC
2025-02-20 11:08:00+05:30,400.75,401.1,400.5,400.9,34234,ITC
2025-02-20 11:09:00+05:30,400.85,400.85,400.6,400.8,7636,ITC
2025-02-20 11:10:00+05:30,400.8,400.85,400.6,400.85,16411,ITC
2025-02-20 11:11:00+05:30,400.85,400.95,400.75,400.85,8299,ITC
2025-02-20 11:12:00+05:30,400.95,401.0,400.8,400.9,6493,ITC
2025-02-20 11:13:00+05:30,400.9,401.1,400.9,401.1,7441,ITC
2025-02-20 11:14:00+05:30,401.1,401.1,400.95,401.1,12218,ITC
2025-02-20 11:15:00+05:30,401.1,401.35,401.1,401.1,18502,ITC
2025-02-20 11:16:00+05:30,401.15,401.25,401.0,401.05,10445,ITC
2025-02-20 11:17:00+05:30,401.1,401.25,401.05,401.25,9415,ITC
2025-02-20 11:18:00+05:30,401.25,401.75,401.2,401.75,19489,ITC
2025-02-20 11:19:00+05:30,401.75,401.95,401.7,401.9,17410,ITC
2025-02-20 11:20:00+05:30,401.9,401.9,401.65,401.7,32248,ITC
2025-02-20 11:21:00+05:30,401.7,402.05,401.65,402.05,67561,ITC
2025-02-20 11:22:00+05:30,402.05,402.1,401.95,402.05,109059,ITC
2025-02-20 11:23:00+05:30,402.05,402.05,402.0,402.05,34315,ITC
2025-02-20 11:24:00+05:30,402.05,402.15,401.45,402.15,189435,ITC
2025-02-20 11:25:00+05:30,402.1,402.25,401.95,402.25,63340,ITC
2025-02-20 11:26:00+05:30,402.2,402.25,402.05,402.15,18402,ITC
2025-02-20 11:27:00+05:30,402.2,402.2,402.05,402.15,3950,ITC
2025-02-20 11:28:00+05:30,402.15,402.15,402.05,402.05,3600,ITC
2025-02-20 11:29:00+05:30,402.15,402.2,402.0,402.15,28114,ITC
2025-02-20 11:30:00+05:30,402.15,402.3,402.05,402.3,32503,ITC
2025-02-20 11:31:00+05:30,402.35,402.6,402.3,402.6,33419,ITC
2025-02-20 11:32:00+05:30,402.6,402.6,402.35,402.6,20236,ITC
2025-02-20 11:33:00+05:30,402.6,402.85,402.5,402.8,13689,ITC
2025-02-20 11:34:00+05:30,402.8,402.9,402.55,402.75,12780,ITC
2025-02-20 11:35:00+05:30,402.75,402.8,402.5,402.65,5726,ITC
2025-02-20 11:36:00+05:30,402.6,402.65,402.45,402.55,39747,ITC
2025-02-20 11:37:00+05:30,402.5,402.55,402.5,402.55,5423,ITC
2025-02-20 11:38:00+05:30,402.55,402.55,402.5,402.55,5514,ITC
2025-02-20 11:39:00+05:30,402.55,402.55,402.5,402.5,7757,ITC
2025-02-20 11:40:00+05:30,402.55,402.7,402.5,402.65,14423,ITC
2025-02-20 11:41:00+05:30,402.65,402.75,402.6,402.65,9554,ITC
2025-02-20 11:42:00+05:30,402.65,402.7,402.55,402.7,11613,ITC
2025-02-20 11:43:00+05:30,402.65,402.8,402.5,402.5,62740,ITC
2025-02-20 11:44:00+05:30,402.65,402.9,402.6,402.85,21818,ITC
2025-02-20 11:45:00+05:30,402.8,402.85,402.8,402.85,7000,ITC
2025-02-20 11:46:00+05:30,402.8,402.85,402.5,402.75,16536,ITC
2025-02-20 11:47:00+05:30,402.7,402.75,402.05,402.25,67096,ITC
2025-02-20 11:48:00+05:30,402.25,402.35,402.0,402.05,54575,ITC
2025-02-20 11:49:00+05:30,402.1,402.15,402.0,402.0,9330,ITC
2025-02-20 11:50:00+05:30,402.05,402.05,402.0,402.05,10875,ITC
2025-02-20 11:51:00+05:30,402.05,402.1,402.0,402.05,13880,ITC
2025-02-20 11:52:00+05:30,402.0,402.1,402.0,402.05,11410,ITC
2025-02-20 11:53:00+05:30,402.05,402.1,402.0,402.1,6797,ITC
2025-02-20 11:54:00+05:30,402.1,402.15,402.0,402.15,6709,ITC
2025-02-20 11:55:00+05:30,402.15,402.15,402.05,402.1,6218,ITC
2025-02-20 11:56:00+05:30,402.05,402.15,402.05,402.05,4620,ITC
2025-02-20 11:57:00+05:30,402.1,402.25,402.05,402.25,16033,ITC
2025-02-20 11:58:00+05:30,402.25,402.3,402.05,402.15,18284,ITC
2025-02-20 11:59:00+05:30,402.15,402.2,402.0,402.1,9572,ITC
2025-02-20 12:00:00+05:30,402.1,402.25,402.05,402.2,81683,ITC
2025-02-20 12:01:00+05:30,402.2,402.2,402.05,402.05,9813,ITC
2025-02-20 12:02:00+05:30,402.1,402.1,402.05,402.1,14147,ITC
2025-02-20 12:03:00+05:30,402.1,402.1,401.6,401.6,58107,ITC
2025-02-20 12:04:00+05:30,401.75,401.75,401.5,401.65,10091,ITC
2025-02-20 12:05:00+05:30,401.65,401.65,401.5,401.5,12001,ITC
2025-02-20 12:06:00+05:30,401.65,401.65,401.5,401.65,19685,ITC
2025-02-20 12:07:00+05:30,401.65,401.65,401.6,401.65,8571,ITC
2025-02-20 12:08:00+05:30,401.65,401.65,401.6,401.65,9732,ITC
2025-02-20 12:09:00+05:30,401.65,401.65,401.5,401.65,11363,ITC
2025-02-20 12:10:00+05:30,401.65,401.65,401.5,401.6,11615,ITC
2025-02-20 12:11:00+05:30,401.65,401.65,401.4,401.6,19027,ITC
2025-02-20 12:12:00+05:30,401.65,401.65,401.45,401.45,18481,ITC
2025-02-20 12:13:00+05:30,401.45,401.5,401.3,401.35,22281,ITC
2025-02-20 12:14:00+05:30,401.4,401.4,401.3,401.35,6458,ITC
2025-02-20 12:15:00+05:30,401.35,401.6,401.3,401.55,48858,ITC
2025-02-20 12:16:00+05:30,401.6,401.6,401.3,401.35,8672,ITC
2025-02-20 12:17:00+05:30,401.4,401.5,401.3,401.5,16599,ITC
2025-02-20 12:18:00+05:30,401.5,401.65,401.4,401.65,24505,ITC
2025-02-20 12:19:00+05:30,401.65,401.7,401.6,401.7,26128,ITC
2025-02-20 12:20:00+05:30,401.7,401.75,401.6,401.65,31832,ITC
2025-02-20 12:21:00+05:30,401.6,401.7,401.55,401.65,30633,ITC
2025-02-20 12:22:00+05:30,401.65,401.65,401.6,401.65,26184,ITC
2025-02-20 12:23:00+05:30,401.65,401.65,401.6,401.65,22889,ITC
2025-02-20 12:24:00+05:30,401.65,402.0,401.6,401.65,126624,ITC
2025-02-20 12:25:00+05:30,401.6,401.65,401.45,401.65,35693,ITC
2025-02-20 12:26:00+05:30,401.6,401.9,401.6,401.85,80457,ITC
2025-02-20 12:27:00+05:30,401.9,401.9,401.85,401.9,32983,ITC
2025-02-20 12:28:00+05:30,401.9,401.9,401.8,401.85,11411,ITC
2025-02-20 12:29:00+05:30,401.8,401.8,401.45,401.5,17103,ITC
2025-02-20 12:30:00+05:30,401.45,401.5,401.35,401.45,45465,ITC
2025-02-20 12:31:00+05:30,401.4,401.5,401.4,401.4,16462,ITC
2025-02-20 12:32:00+05:30,401.4,401.85,401.4,401.75,31597,ITC
2025-02-20 12:33:00+05:30,401.6,401.9,401.6,401.8,26146,ITC
2025-02-20 12:34:00+05:30,401.8,402.15,401.75,402.15,24806,ITC
2025-02-20 12:35:00+05:30,402.05,402.15,402.0,402.05,8504,ITC
2025-02-20 12:36:00+05:30,402.05,402.1,402.0,402.1,7109,ITC
2025-02-20 12:37:00+05:30,402.05,402.15,402.05,402.1,11068,ITC
2025-02-20 12:38:00+05:30,402.1,402.55,402.1,402.45,23627,ITC
2025-02-20 12:39:00+05:30,402.45,402.8,402.4,402.65,21047,ITC
2025-02-20 12:40:00+05:30,402.65,402.7,402.45,402.6,11903,ITC
2025-02-20 12:41:00+05:30,402.6,402.65,402.35,402.4,10641,ITC
2025-02-20 12:42:00+05:30,402.4,402.5,402.15,402.4,13616,ITC
2025-02-20 12:43:00+05:30,402.4,402.45,402.15,402.35,10209,ITC
2025-02-20 12:44:00+05:30,402.35,402.35,402.1,402.25,11165,ITC
2025-02-20 12:45:00+05:30,402.2,402.25,402.0,402.1,18330,ITC
2025-02-20 12:46:00+05:30,402.1,402.2,402.0,402.1,9408,ITC
2025-02-20 12:47:00+05:30,402.15,402.2,402.05,402.15,11614,ITC
2025-02-20 12:48:00+05:30,402.15,402.2,402.05,402.15,10912,ITC
2025-02-20 12:49:00+05:30,402.15,402.25,402.05,402.25,9092,ITC
2025-02-20 12:50:00+05:30,402.25,402.25,402.05,402.25,9791,ITC
2025-02-20 12:51:00+05:30,402.25,402.25,402.05,402.1,9999,ITC
2025-02-20 12:52:00+05:30,402.2,402.25,402.0,402.1,11244,ITC
2025-02-20 12:53:00+05:30,402.1,402.2,402.05,402.15,20681,ITC
2025-02-20 12:54:00+05:30,402.15,402.15,402.0,402.05,20183,ITC
2025-02-20 12:55:00+05:30,402.05,402.2,402.0,402.15,17502,ITC
2025-02-20 12:56:00+05:30,402.15,402.2,401.8,402.0,22664,ITC
2025-02-20 12:57:00+05:30,402.0,402.0,401.45,401.45,44054,ITC
2025-02-20 12:58:00+05:30,401.45,401.8,401.4,401.65,24693,ITC
2025-02-20 12:59:00+05:30,401.65,401.8,401.55,401.8,17443,ITC
2025-02-20 13:00:00+05:30,401.8,401.85,401.55,401.8,13096,ITC
2025-02-20 13:01:00+05:30,401.75,401.8,401.45,401.5,32373,ITC
2025-02-20 13:02:00+05:30,401.55,401.55,401.4,401.55,13805,ITC
2025-02-20 13:03:00+05:30,401.5,401.6,401.5,401.55,16458,ITC
2025-02-20 13:04:00+05:30,401.5,401.55,401.35,401.5,43283,ITC
2025-02-20 13:05:00+05:30,401.5,401.6,401.4,401.5,18010,ITC
2025-02-20 13:06:00+05:30,401.55,401.55,401.4,401.55,13369,ITC
2025-02-20 13:07:00+05:30,401.55,401.7,401.35,401.7,26614,ITC
2025-02-20 13:08:00+05:30,401.7,401.8,401.55,401.65,14407,ITC
2025-02-20 13:09:00+05:30,401.6,401.7,401.5,401.55,16485,ITC
2025-02-20 13:10:00+05:30,401.6,401.7,401.5,401.7,18115,ITC
2025-02-20 13:11:00+05:30,401.7,401.9,401.5,401.5,18714,ITC
2025-02-20 13:12:00+05:30,401.7,401.7,401.5,401.55,13997,ITC
2025-02-20 13:13:00+05:30,401.55,401.65,401.45,401.65,15600,ITC
2025-02-20 13:14:00+05:30,401.65,401.85,401.55,401.7,14995,ITC
2025-02-20 13:15:00+05:30,401.7,401.85,401.55,401.7,19561,ITC
2025-02-20 13:16:00+05:30,401.65,401.95,401.55,401.65,17713,ITC
2025-02-20 13:17:00+05:30,401.85,401.95,401.7,401.85,15476,ITC
2025-02-20 13:18:00+05:30,401.9,401.9,401.6,401.65,15171,ITC
2025-02-20 13:19:00+05:30,401.8,401.85,401.55,401.85,16545,ITC
2025-02-20 13:20:00+05:30,401.85,402.05,401.8,402.05,19265,ITC
2025-02-20 13:21:00+05:30,402.05,402.2,401.85,402.15,18744,ITC
2025-02-20 13:22:00+05:30,402.15,402.15,401.7,402.05,48659,ITC
2025-02-20 13:23:00+05:30,402.05,402.1,401.8,402.1,20234,ITC
2025-02-20 13:24:00+05:30,402.1,402.15,401.9,402.1,13397,ITC
2025-02-20 13:25:00+05:30,402.15,402.15,401.85,402.1,14976,ITC
2025-02-20 13:26:00+05:30,402.15,402.35,401.95,402.2,29988,ITC
2025-02-20 13:27:00+05:30,402.35,402.35,402.0,402.1,13088,ITC
2025-02-20 13:28:00+05:30,402.1,402.35,402.0,402.25,25750,ITC
2025-02-20 13:29:00+05:30,402.25,402.35,402.05,402.3,16283,ITC
2025-02-20 13:30:00+05:30,402.35,402.4,402.15,402.25,16306,ITC
2025-02-20 13:31:00+05:30,402.35,402.4,402.15,402.3,23688,ITC
2025-02-20 13:32:00+05:30,402.3,402.5,402.3,402.45,37590,ITC
2025-02-20 13:33:00+05:30,402.5,402.9,402.45,402.6,78262,ITC
2025-02-20 13:34:00+05:30,402.6,402.65,402.15,402.2,23052,ITC
2025-02-20 13:35:00+05:30,402.35,402.35,402.05,402.2,15818,ITC
2025-02-20 13:36:00+05:30,402.2,402.25,402.0,402.0,17450,ITC
2025-02-20 13:37:00+05:30,402.0,402.25,401.95,402.05,31290,ITC
2025-02-20 13:38:00+05:30,402.1,402.15,401.75,401.85,15453,ITC
2025-02-20 13:39:00+05:30,401.85,402.1,401.8,402.0,24226,ITC
2025-02-20 13:40:00+05:30,402.0,402.2,401.75,402.15,23884,ITC
2025-02-20 13:41:00+05:30,402.2,402.25,402.0,402.1,11834,ITC
2025-02-20 13:42:00+05:30,402.2,402.25,402.05,402.2,12915,ITC
2025-02-20 13:43:00+05:30,402.2,402.25,401.8,402.1,102222,ITC
2025-02-20 13:44:00+05:30,402.1,402.15,401.95,402.05,12871,ITC
2025-02-20 13:45:00+05:30,402.1,402.1,401.8,402.0,19821,ITC
2025-02-20 13:46:00+05:30,402.05,402.1,401.8,402.0,24153,ITC
2025-02-20 13:47:00+05:30,402.05,402.05,401.85,402.0,10422,ITC
2025-02-20 13:48:00+05:30,402.05,402.1,401.75,402.0,58920,ITC
2025-02-20 13:49:00+05:30,402.05,402.1,401.45,401.5,40046,ITC
2025-02-20 13:50:00+05:30,401.5,401.65,401.4,401.55,32668,ITC
2025-02-20 13:51:00+05:30,401.55,401.6,401.45,401.5,16056,ITC
2025-02-20 13:52:00+05:30,401.55,402.0,401.45,401.65,26198,ITC
2025-02-20 13:53:00+05:30,401.7,401.75,401.5,401.6,18740,ITC
2025-02-20 13:54:00+05:30,401.65,401.7,401.35,401.45,17001,ITC
2025-02-20 13:55:00+05:30,401.5,401.6,401.4,401.45,20283,ITC
2025-02-20 13:56:00+05:30,401.5,401.65,401.35,401.45,25189,ITC
2025-02-20 13:57:00+05:30,401.5,401.5,401.25,401.5,41086,ITC
2025-02-20 13:58:00+05:30,401.5,401.5,401.4,401.45,36596,ITC
2025-02-20 13:59:00+05:30,401.5,401.5,401.25,401.45,23053,ITC
2025-02-20 14:00:00+05:30,401.5,401.5,401.25,401.45,35175,ITC
2025-02-20 14:01:00+05:30,401.45,401.55,401.3,401.5,26124,ITC
2025-02-20 14:02:00+05:30,401.5,401.55,401.1,401.35,32683,ITC
2025-02-20 14:03:00+05:30,401.35,401.4,401.2,401.35,20607,ITC
2025-02-20 14:04:00+05:30,401.35,401.45,401.15,401.3,20669,ITC
2025-02-20 14:05:00+05:30,401.35,401.35,401.1,401.3,13452,ITC
2025-02-20 14:06:00+05:30,401.3,401.7,401.15,401.55,52212,ITC
2025-02-20 14:07:00+05:30,401.55,401.55,401.3,401.3,14458,ITC
2025-02-20 14:08:00+05:30,401.35,401.5,401.2,401.5,30146,ITC
2025-02-20 14:09:00+05:30,401.5,401.5,401.3,401.5,19665,ITC
2025-02-20 14:10:00+05:30,401.45,401.5,401.35,401.45,20721,ITC
2025-02-20 14:11:00+05:30,401.45,401.5,401.3,401.45,16110,ITC
2025-02-20 14:12:00+05:30,401.45,401.95,401.3,401.45,82079,ITC
2025-02-20 14:13:00+05:30,401.55,401.75,401.4,401.7,27177,ITC
2025-02-20 14:14:00+05:30,401.7,402.0,401.4,402.0,32700,ITC
2025-02-20 14:15:00+05:30,402.0,402.1,401.85,402.1,26343,ITC
2025-02-20 14:16:00+05:30,402.1,402.1,401.8,401.9,18581,ITC
2025-02-20 14:17:00+05:30,401.9,401.95,401.7,401.95,13578,ITC
2025-02-20 14:18:00+05:30,401.9,401.95,401.7,401.9,20351,ITC
2025-02-20 14:19:00+05:30,401.9,401.95,401.8,401.95,13159,ITC
2025-02-20 14:20:00+05:30,401.95,402.0,401.85,401.95,16570,ITC
2025-02-20 14:21:00+05:30,401.95,402.25,401.8,402.2,56453,ITC
2025-02-20 14:22:00+05:30,402.1,402.25,402.0,402.15,19728,ITC
2025-02-20 14:23:00+05:30,402.15,402.2,401.85,401.9,11956,ITC
2025-02-20 14:24:00+05:30,401.9,401.95,401.8,401.95,12932,ITC
2025-02-20 14:25:00+05:30,401.95,402.0,401.8,402.0,18711,ITC
2025-02-20 14:26:00+05:30,402.0,402.15,401.8,402.1,21347,ITC
2025-02-20 14:27:00+05:30,402.1,402.25,402.1,402.15,12661,ITC
2025-02-20 14:28:00+05:30,402.15,402.4,402.1,402.25,16360,ITC
2025-02-20 14:29:00+05:30,402.35,402.4,402.15,402.25,16561,ITC
2025-02-20 14:30:00+05:30,402.3,402.35,402.2,402.35,12884,ITC
2025-02-20 14:31:00+05:30,402.35,402.5,402.25,402.5,39195,ITC
2025-02-20 14:32:00+05:30,402.5,402.5,402.35,402.5,11816,ITC
2025-02-20 14:33:00+05:30,402.45,402.55,402.35,402.55,15946,ITC
2025-02-20 14:34:00+05:30,402.55,402.65,402.15,402.25,36274,ITC
2025-02-20 14:35:00+05:30,402.25,402.45,402.1,402.45,20719,ITC
2025-02-20 14:36:00+05:30,402.4,402.6,402.3,402.4,23190,ITC
2025-02-20 14:37:00+05:30,402.4,402.8,402.4,402.8,71211,ITC
2025-02-20 14:38:00+05:30,402.8,402.9,402.55,402.75,47197,ITC
2025-02-20 14:39:00+05:30,402.75,402.9,402.55,402.8,26788,ITC
2025-02-20 14:40:00+05:30,402.75,402.8,402.5,402.7,37194,ITC
2025-02-20 14:41:00+05:30,402.65,402.85,402.65,402.85,21830,ITC
2025-02-20 14:42:00+05:30,402.85,402.95,402.8,402.95,40242,ITC
2025-02-20 14:43:00+05:30,402.95,403.0,402.85,403.0,34536,ITC
2025-02-20 14:44:00+05:30,403.0,403.0,402.55,402.7,44894,ITC
2025-02-20 14:45:00+05:30,402.7,402.95,402.7,402.95,17422,ITC
2025-02-20 14:46:00+05:30,402.95,403.0,402.35,402.35,82960,ITC
2025-02-20 14:47:00+05:30,402.6,402.6,402.2,402.25,31197,ITC
2025-02-20 14:48:00+05:30,402.25,402.25,402.2,402.25,13645,ITC
2025-02-20 14:49:00+05:30,402.25,402.45,402.2,402.25,28835,ITC
2025-02-20 14:50:00+05:30,402.2,402.25,402.15,402.25,22571,ITC
2025-02-20 14:51:00+05:30,402.2,402.25,402.1,402.25,21176,ITC
2025-02-20 14:52:00+05:30,402.25,402.25,401.45,401.8,200415,ITC
2025-02-20 14:53:00+05:30,401.8,401.95,401.5,401.55,37414,ITC
2025-02-20 14:54:00+05:30,401.65,401.7,401.45,401.6,36871,ITC
2025-02-20 14:55:00+05:30,401.6,401.6,401.5,401.55,14776,ITC
2025-02-20 14:56:00+05:30,401.55,401.55,401.5,401.55,23469,ITC
2025-02-20 14:57:00+05:30,401.55,401.65,401.5,401.55,20350,ITC
2025-02-20 14:58:00+05:30,401.55,401.8,401.5,401.75,15805,ITC
2025-02-20 14:59:00+05:30,401.65,401.85,401.5,401.75,24958,ITC
2025-02-20 15:00:00+05:30,401.75,401.9,401.7,401.9,54277,ITC
2025-02-20 15:01:00+05:30,401.9,401.95,401.85,401.95,49362,ITC
2025-02-20 15:02:00+05:30,401.95,402.0,401.8,402.0,78087,ITC
2025-02-20 15:03:00+05:30,402.0,402.0,401.85,401.95,39121,ITC
2025-02-20 15:04:00+05:30,402.0,402.0,401.8,401.85,48620,ITC
2025-02-20 15:05:00+05:30,401.85,401.85,401.8,401.85,34783,ITC
2025-02-20 15:06:00+05:30,401.85,401.95,401.8,401.95,32940,ITC
2025-02-20 15:07:00+05:30,401.95,401.95,401.85,401.95,33097,ITC
2025-02-20 15:08:00+05:30,401.95,401.95,401.9,401.95,51654,ITC
2025-02-20 15:09:00+05:30,401.95,402.0,401.9,402.0,55423,ITC
2025-02-20 15:10:00+05:30,402.0,402.0,401.8,401.95,78999,ITC
2025-02-20 15:11:00+05:30,401.95,402.0,401.65,401.75,82710,ITC
2025-02-20 15:12:00+05:30,401.75,401.85,401.6,401.85,69982,ITC
2025-02-20 15:13:00+05:30,401.85,402.15,401.8,402.15,43421,ITC
2025-02-20 15:14:00+05:30,402.15,402.25,402.1,402.2,37617,ITC
2025-02-20 15:15:00+05:30,402.2,402.35,402.15,402.35,63705,ITC
2025-02-20 15:16:00+05:30,402.35,402.35,402.1,402.2,55024,ITC
2025-02-20 15:17:00+05:30,402.2,402.2,402.05,402.1,44129,ITC
2025-02-20 15:18:00+05:30,402.1,402.1,402.0,402.1,53107,ITC
2025-02-20 15:19:00+05:30,402.1,402.25,402.05,402.25,38281,ITC
2025-02-20 15:20:00+05:30,402.2,402.3,402.1,402.15,81701,ITC
2025-02-20 15:21:00+05:30,402.2,402.3,402.1,402.25,67303,ITC
2025-02-20 15:22:00+05:30,402.25,402.4,402.25,402.3,26504,ITC
2025-02-20 15:23:00+05:30,402.35,402.5,402.3,402.5,55460,ITC
2025-02-20 15:24:00+05:30,402.5,402.5,402.0,402.0,72782,ITC
2025-02-20 15:25:00+05:30,402.0,402.05,401.8,401.95,63925,ITC
2025-02-20 15:26:00+05:30,401.9,402.05,401.9,402.05,40235,ITC
2025-02-20 15:27:00+05:30,402.05,402.15,401.5,401.95,81978,ITC
2025-02-20 15:28:00+05:30,401.95,402.1,401.7,401.95,34368,ITC
2025-02-20 15:29:00+05:30,401.95,402.1,401.8,402.0,16601,ITC
2025-02-21 09:15:00+05:30,402.05,403.25,401.65,403.15,58316,ITC
2025-02-21 09:16:00+05:30,403.0,403.1,402.15,402.5,31325,ITC
2025-02-21 09:17:00+05:30,402.5,402.85,402.3,402.75,19837,ITC
2025-02-21 09:18:00+05:30,402.7,402.9,402.35,402.55,28383,ITC
2025-02-21 09:19:00+05:30,402.55,402.9,402.1,402.6,62413,ITC
2025-02-21 09:20:00+05:30,402.6,402.7,402.05,402.5,35486,ITC
2025-02-21 09:21:00+05:30,402.4,402.8,402.3,402.45,26875,ITC
2025-02-21 09:22:00+05:30,402.4,402.65,402.2,402.25,35102,ITC
2025-02-21 09:23:00+05:30,402.25,402.4,402.05,402.2,27525,ITC
2025-02-21 09:24:00+05:30,402.2,402.2,401.3,401.45,36890,ITC
2025-02-21 09:25:00+05:30,401.4,401.4,401.0,401.25,27642,ITC
2025-02-21 09:26:00+05:30,401.2,401.6,401.05,401.25,36451,ITC
2025-02-21 09:27:00+05:30,401.25,401.7,401.15,401.25,35590,ITC
2025-02-21 09:28:00+05:30,401.25,401.5,401.1,401.3,18171,ITC
2025-02-21 09:29:00+05:30,401.2,401.2,400.7,400.85,36841,ITC
2025-02-21 09:30:00+05:30,400.9,401.05,400.85,401.0,10949,ITC
2025-02-21 09:31:00+05:30,401.0,401.4,400.85,401.2,19460,ITC
2025-02-21 09:32:00+05:30,401.25,401.25,400.85,400.85,26892,ITC
2025-02-21 09:33:00+05:30,401.05,401.3,400.9,401.15,14216,ITC
2025-02-21 09:34:00+05:30,401.15,401.15,400.8,401.05,28507,ITC
2025-02-21 09:35:00+05:30,401.05,401.1,401.0,401.05,12442,ITC
2025-02-21 09:36:00+05:30,401.05,401.3,400.8,401.0,50485,ITC
2025-02-21 09:37:00+05:30,400.95,401.0,400.5,400.6,22473,ITC
2025-02-21 09:38:00+05:30,400.6,400.85,400.5,400.55,52487,ITC
2025-02-21 09:39:00+05:30,400.55,400.9,400.4,400.7,37050,ITC
2025-02-21 09:40:00+05:30,400.6,400.85,400.35,400.7,35525,ITC
2025-02-21 09:41:00+05:30,400.7,400.8,400.2,400.35,67978,ITC
2025-02-21 09:42:00+05:30,400.3,400.7,400.1,400.2,62857,ITC
2025-02-21 09:43:00+05:30,400.15,400.45,400.0,400.2,90739,ITC
2025-02-21 09:44:00+05:30,400.2,400.35,400.0,400.25,60434,ITC
2025-02-21 09:45:00+05:30,400.25,400.4,400.0,400.25,65345,ITC
2025-02-21 09:46:00+05:30,400.25,400.3,400.1,400.25,35283,ITC
2025-02-21 09:47:00+05:30,400.3,400.3,400.1,400.2,16365,ITC
2025-02-21 09:48:00+05:30,400.2,400.2,400.0,400.05,23607,ITC
2025-02-21 09:49:00+05:30,400.0,400.15,399.9,400.05,187750,ITC
2025-02-21 09:50:00+05:30,400.05,400.2,399.85,400.15,58742,ITC
2025-02-21 09:51:00+05:30,400.15,400.45,400.05,400.25,28468,ITC
2025-02-21 09:52:00+05:30,400.25,400.3,400.05,400.2,23442,ITC
2025-02-21 09:53:00+05:30,400.2,400.25,400.05,400.2,18400,ITC
2025-02-21 09:54:00+05:30,400.05,400.1,400.0,400.0,48126,ITC
2025-02-21 09:55:00+05:30,400.05,400.55,400.05,400.45,51136,ITC
2025-02-21 09:56:00+05:30,400.45,400.8,400.4,400.6,44728,ITC
2025-02-21 09:57:00+05:30,400.6,400.8,400.5,400.6,26411,ITC
2025-02-21 09:58:00+05:30,400.8,400.8,400.5,400.5,12741,ITC
2025-02-21 09:59:00+05:30,400.5,400.6,400.3,400.6,11730,ITC
2025-02-21 10:00:00+05:30,400.55,400.9,400.45,400.85,13980,ITC
2025-02-21 10:01:00+05:30,400.85,400.95,400.75,400.95,15328,ITC
2025-02-21 10:02:00+05:30,400.95,401.4,400.9,401.3,36864,ITC
2025-02-21 10:03:00+05:30,401.3,401.6,401.2,401.55,31282,ITC
2025-02-21 10:04:00+05:30,401.55,401.75,401.4,401.65,21813,ITC
2025-02-21 10:05:00+05:30,401.65,401.7,401.55,401.55,13156,ITC
2025-02-21 10:06:00+05:30,401.55,401.95,401.45,401.9,20961,ITC
2025-02-21 10:07:00+05:30,401.8,401.9,401.6,401.65,15849,ITC
2025-02-21 10:08:00+05:30,401.75,402.05,401.6,401.85,37116,ITC
2025-02-21 10:09:00+05:30,401.9,402.2,401.75,402.1,20524,ITC
2025-02-21 10:10:00+05:30,402.1,402.35,401.95,402.3,22231,ITC
2025-02-21 10:11:00+05:30,402.3,402.4,402.2,402.35,38604,ITC
2025-02-21 10:12:00+05:30,402.3,402.35,401.5,401.7,38169,ITC
2025-02-21 10:13:00+05:30,401.6,401.8,401.3,401.5,30866,ITC
2025-02-21 10:14:00+05:30,401.45,401.75,401.3,401.75,32952,ITC
2025-02-21 10:15:00+05:30,401.7,401.75,401.35,401.5,21072,ITC
2025-02-21 10:16:00+05:30,401.5,401.65,401.2,401.65,39194,ITC
2025-02-21 10:17:00+05:30,401.6,401.7,401.5,401.65,26361,ITC
2025-02-21 10:18:00+05:30,401.6,401.95,401.6,401.85,29828,ITC
2025-02-21 10:19:00+05:30,401.85,401.95,401.75,401.8,10961,ITC
2025-02-21 10:20:00+05:30,401.75,402.0,401.75,401.95,18501,ITC
2025-02-21 10:21:00+05:30,401.9,402.0,401.8,401.9,28711,ITC
2025-02-21 10:22:00+05:30,401.9,401.9,401.3,401.65,15341,ITC
2025-02-21 10:23:00+05:30,401.65,401.65,401.25,401.3,9533,ITC
2025-02-21 10:24:00+05:30,401.3,401.3,401.0,401.0,22176,ITC
2025-02-21 10:25:00+05:30,400.95,401.25,400.85,401.25,97618,ITC
2025-02-21 10:26:00+05:30,401.25,401.25,401.05,401.2,6422,ITC
2025-02-21 10:27:00+05:30,401.2,401.35,401.1,401.25,8621,ITC
2025-02-21 10:28:00+05:30,401.2,401.25,401.1,401.25,5405,ITC
2025-02-21 10:29:00+05:30,401.15,401.25,401.0,401.05,5669,ITC
2025-02-21 10:30:00+05:30,401.1,401.25,401.0,401.1,10398,ITC
2025-02-21 10:31:00+05:30,401.1,401.2,401.0,401.05,6718,ITC
2025-02-21 10:32:00+05:30,401.05,401.3,401.05,401.25,16463,ITC
2025-02-21 10:33:00+05:30,401.25,401.45,401.1,401.2,32389,ITC
2025-02-21 10:34:00+05:30,401.1,401.45,401.1,401.45,10891,ITC
2025-02-21 10:35:00+05:30,401.35,401.55,401.25,401.5,14929,ITC
2025-02-21 10:36:00+05:30,401.5,401.55,401.2,401.25,8935,ITC
2025-02-21 10:37:00+05:30,401.25,401.45,401.1,401.4,11832,ITC
2025-02-21 10:38:00+05:30,401.4,401.55,401.2,401.3,15527,ITC
2025-02-21 10:39:00+05:30,401.3,401.35,401.15,401.3,6394,ITC
2025-02-21 10:40:00+05:30,401.2,401.25,401.05,401.05,5695,ITC
2025-02-21 10:41:00+05:30,401.1,401.2,401.05,401.15,4019,ITC
2025-02-21 10:42:00+05:30,401.15,401.2,401.05,401.2,6509,ITC
2025-02-21 10:43:00+05:30,401.15,401.4,401.1,401.25,16748,ITC
2025-02-21 10:44:00+05:30,401.3,401.3,401.0,401.15,20154,ITC
2025-02-21 10:45:00+05:30,401.1,401.2,401.0,401.2,5843,ITC
2025-02-21 10:46:00+05:30,401.2,401.3,401.05,401.15,8339,ITC
2025-02-21 10:47:00+05:30,401.15,401.25,401.1,401.25,6090,ITC
2025-02-21 10:48:00+05:30,401.25,401.25,401.0,401.05,4697,ITC
2025-02-21 10:49:00+05:30,401.1,401.1,401.0,401.05,10398,ITC
2025-02-21 10:50:00+05:30,401.05,401.25,400.85,400.95,14111,ITC
2025-02-21 10:51:00+05:30,400.8,400.95,400.5,400.6,25344,ITC
2025-02-21 10:52:00+05:30,400.6,400.7,400.5,400.6,9112,ITC
2025-02-21 10:53:00+05:30,400.55,400.85,400.4,400.7,28030,ITC
2025-02-21 10:54:00+05:30,400.7,400.9,400.65,400.85,12317,ITC
2025-02-21 10:55:00+05:30,400.85,400.95,400.6,400.95,13964,ITC
2025-02-21 10:56:00+05:30,400.85,400.9,400.75,400.8,6661,ITC
2025-02-21 10:57:00+05:30,400.8,400.95,400.7,400.9,7695,ITC
2025-02-21 10:58:00+05:30,400.9,400.9,400.5,400.75,35508,ITC
2025-02-21 10:59:00+05:30,400.75,400.75,400.55,400.75,9431,ITC
2025-02-21 11:00:00+05:30,400.7,401.0,400.7,400.9,18555,ITC
2025-02-21 11:01:00+05:30,400.9,401.0,400.7,400.8,11724,ITC
2025-02-21 11:02:00+05:30,400.8,400.8,400.25,400.7,53588,ITC
2025-02-21 11:03:00+05:30,400.7,401.4,400.6,401.4,46234,ITC
2025-02-21 11:04:00+05:30,401.4,401.4,401.15,401.25,11086,ITC
2025-02-21 11:05:00+05:30,401.25,401.25,401.0,401.15,15758,ITC
2025-02-21 11:06:00+05:30,401.15,401.25,401.0,401.15,14637,ITC
2025-02-21 11:07:00+05:30,401.15,401.25,401.1,401.2,6069,ITC
2025-02-21 11:08:00+05:30,401.2,401.35,401.1,401.25,8232,ITC
2025-02-21 11:09:00+05:30,401.25,401.25,400.8,400.95,19137,ITC
2025-02-21 11:10:00+05:30,400.9,400.95,400.8,400.85,8688,ITC
2025-02-21 11:11:00+05:30,400.85,401.15,400.8,401.15,42594,ITC
2025-02-21 11:12:00+05:30,401.15,401.25,401.0,401.25,18223,ITC
2025-02-21 11:13:00+05:30,401.2,401.55,401.2,401.5,33033,ITC
2025-02-21 11:14:00+05:30,401.5,401.5,401.45,401.5,14154,ITC
2025-02-21 11:15:00+05:30,401.5,401.5,401.25,401.35,14269,ITC
2025-02-21 11:16:00+05:30,401.35,401.35,401.15,401.25,4282,ITC
2025-02-21 11:17:00+05:30,401.2,401.25,401.15,401.2,7363,ITC
2025-02-21 11:18:00+05:30,401.2,401.2,401.0,401.15,5583,ITC
2025-02-21 11:19:00+05:30,401.15,401.2,401.0,401.0,24528,ITC
2025-02-21 11:20:00+05:30,401.05,401.1,401.0,401.1,9085,ITC
2025-02-21 11:21:00+05:30,401.1,401.1,401.0,401.1,10213,ITC
2025-02-21 11:22:00+05:30,401.05,401.2,401.0,401.2,20213,ITC
2025-02-21 11:23:00+05:30,401.2,401.2,401.1,401.15,2955,ITC
2025-02-21 11:24:00+05:30,401.15,401.15,400.9,401.0,36910,ITC
2025-02-21 11:25:00+05:30,401.0,401.05,400.8,401.05,40288,ITC
2025-02-21 11:26:00+05:30,401.0,401.2,401.0,401.15,28156,ITC
2025-02-21 11:27:00+05:30,401.15,401.2,401.1,401.15,6346,ITC
2025-02-21 11:28:00+05:30,401.15,401.4,401.1,401.3,70767,ITC
2025-02-21 11:29:00+05:30,401.25,401.3,401.15,401.3,6513,ITC
2025-02-21 11:30:00+05:30,401.25,401.3,401.15,401.15,12551,ITC
2025-02-21 11:31:00+05:30,401.2,401.25,401.1,401.2,5768,ITC
2025-02-21 11:32:00+05:30,401.25,401.3,401.15,401.2,4629,ITC
2025-02-21 11:33:00+05:30,401.2,401.3,401.2,401.2,4855,ITC
2025-02-21 11:34:00+05:30,401.25,401.3,401.2,401.3,5408,ITC
2025-02-21 11:35:00+05:30,401.25,401.5,401.25,401.35,40001,ITC
2025-02-21 11:36:00+05:30,401.35,401.4,401.25,401.3,14266,ITC
2025-02-21 11:37:00+05:30,401.25,401.3,401.25,401.3,4111,ITC
2025-02-21 11:38:00+05:30,401.3,401.4,401.15,401.4,13754,ITC
2025-02-21 11:39:00+05:30,401.4,401.4,401.2,401.3,12125,ITC
2025-02-21 11:40:00+05:30,401.3,401.35,401.1,401.1,8860,ITC
2025-02-21 11:41:00+05:30,401.1,401.3,401.0,401.2,7706,ITC
2025-02-21 11:42:00+05:30,401.2,401.3,401.1,401.3,4707,ITC
2025-02-21 11:43:00+05:30,401.25,401.3,401.1,401.15,16345,ITC
2025-02-21 11:44:00+05:30,401.15,401.15,401.0,401.05,7038,ITC
2025-02-21 11:45:00+05:30,401.0,401.05,400.8,400.9,32003,ITC
2025-02-21 11:46:00+05:30,400.85,400.9,400.8,400.9,13704,ITC
2025-02-21 11:47:00+05:30,400.9,400.9,400.85,400.9,7300,ITC
2025-02-21 11:48:00+05:30,400.9,400.9,400.75,400.8,40949,ITC
2025-02-21 11:49:00+05:30,400.8,400.8,400.7,400.7,25425,ITC
2025-02-21 11:50:00+05:30,400.75,400.8,400.6,400.65,11957,ITC
2025-02-21 11:51:00+05:30,400.8,400.95,400.5,400.85,27424,ITC
2025-02-21 11:52:00+05:30,400.85,400.85,400.7,400.75,3925,ITC
2025-02-21 11:53:00+05:30,400.75,400.75,400.5,400.6,6055,ITC
2025-02-21 11:54:00+05:30,400.65,400.8,400.6,400.7,6881,ITC
2025-02-21 11:55:00+05:30,400.7,400.9,400.65,400.9,9240,ITC
2025-02-21 11:56:00+05:30,400.8,400.9,400.7,400.8,37582,ITC
2025-02-21 11:57:00+05:30,400.85,400.9,400.7,400.8,11131,ITC
2025-02-21 11:58:00+05:30,400.8,400.8,400.4,400.4,19408,ITC
2025-02-21 11:59:00+05:30,400.5,401.0,400.35,400.6,161916,ITC
2025-02-21 12:00:00+05:30,400.6,400.6,400.25,400.3,14578,ITC
2025-02-21 12:01:00+05:30,400.3,400.4,400.15,400.25,15892,ITC
2025-02-21 12:02:00+05:30,400.25,400.4,400.15,400.25,14058,ITC
2025-02-21 12:03:00+05:30,400.3,400.45,400.2,400.35,17684,ITC
2025-02-21 12:04:00+05:30,400.25,400.4,400.25,400.4,6684,ITC
2025-02-21 12:05:00+05:30,400.4,400.55,400.3,400.55,24325,ITC
2025-02-21 12:06:00+05:30,400.55,400.55,400.5,400.55,8278,ITC
2025-02-21 12:07:00+05:30,400.5,400.7,400.5,400.7,21786,ITC
2025-02-21 12:08:00+05:30,400.7,401.1,400.55,401.05,64102,ITC
2025-02-21 12:09:00+05:30,401.1,401.1,401.0,401.05,19426,ITC
2025-02-21 12:10:00+05:30,401.05,401.15,401.0,401.1,14382,ITC
2025-02-21 12:11:00+05:30,401.1,401.1,401.0,401.05,8887,ITC
2025-02-21 12:12:00+05:30,401.05,401.05,400.55,400.9,19409,ITC
2025-02-21 12:13:00+05:30,400.85,400.9,400.7,400.9,5879,ITC
2025-02-21 12:14:00+05:30,400.85,400.9,400.7,400.75,10217,ITC
2025-02-21 12:15:00+05:30,400.75,400.8,400.6,400.7,13182,ITC
2025-02-21 12:16:00+05:30,400.7,400.85,400.55,400.8,5805,ITC
2025-02-21 12:17:00+05:30,400.85,400.9,400.65,400.85,8648,ITC
2025-02-21 12:18:00+05:30,400.85,400.9,400.65,400.65,6765,ITC
2025-02-21 12:19:00+05:30,400.85,400.95,400.75,400.95,8314,ITC
2025-02-21 12:20:00+05:30,400.95,401.0,400.65,400.8,7981,ITC
2025-02-21 12:21:00+05:30,400.75,400.8,400.5,400.6,7811,ITC
2025-02-21 12:22:00+05:30,400.55,400.9,400.5,400.9,7373,ITC
2025-02-21 12:23:00+05:30,400.85,400.85,400.65,400.8,6218,ITC
2025-02-21 12:24:00+05:30,400.7,400.8,400.5,400.7,12985,ITC
2025-02-21 12:25:00+05:30,400.7,400.8,400.5,400.8,7452,ITC
2025-02-21 12:26:00+05:30,400.8,400.8,400.5,400.7,9339,ITC
2025-02-21 12:27:00+05:30,400.6,400.8,400.55,400.8,8488,ITC
2025-02-21 12:28:00+05:30,400.7,400.8,400.55,400.55,12808,ITC
2025-02-21 12:29:00+05:30,400.6,400.7,400.5,400.65,9601,ITC
2025-02-21 12:30:00+05:30,400.6,400.65,400.5,400.55,15607,ITC
2025-02-21 12:31:00+05:30,400.5,400.65,400.5,400.6,8432,ITC
2025-02-21 12:32:00+05:30,400.55,400.7,400.5,400.7,7508,ITC
2025-02-21 12:33:00+05:30,400.5,400.7,400.5,400.65,10326,ITC
2025-02-21 12:34:00+05:30,400.55,400.7,400.55,400.7,9755,ITC
2025-02-21 12:35:00+05:30,400.65,400.9,400.55,400.7,21536,ITC
2025-02-21 12:36:00+05:30,400.6,400.85,400.55,400.65,10509,ITC
2025-02-21 12:37:00+05:30,400.65,400.8,400.5,400.7,10579,ITC
2025-02-21 12:38:00+05:30,400.6,400.7,400.5,400.6,8582,ITC
2025-02-21 12:39:00+05:30,400.5,400.7,400.5,400.7,6459,ITC
2025-02-21 12:40:00+05:30,400.6,400.7,400.5,400.7,10439,ITC
2025-02-21 12:41:00+05:30,400.55,400.7,400.5,400.7,12491,ITC
2025-02-21 12:42:00+05:30,400.65,400.7,400.5,400.7,7313,ITC
2025-02-21 12:43:00+05:30,400.65,400.75,400.55,400.75,7449,ITC
2025-02-21 12:44:00+05:30,400.6,400.8,400.5,400.5,19764,ITC
2025-02-21 12:45:00+05:30,400.5,400.55,400.05,400.1,37889,ITC
2025-02-21 12:46:00+05:30,400.05,400.5,400.05,400.5,18673,ITC
2025-02-21 12:47:00+05:30,400.45,400.65,400.25,400.5,12814,ITC
2025-02-21 12:48:00+05:30,400.45,400.6,400.35,400.6,9679,ITC
2025-02-21 12:49:00+05:30,400.55,400.65,400.4,400.65,8920,ITC
2025-02-21 12:50:00+05:30,400.55,400.65,400.45,400.6,8380,ITC
2025-02-21 12:51:00+05:30,400.5,400.6,400.35,400.5,7592,ITC
2025-02-21 12:52:00+05:30,400.35,400.6,400.35,400.45,9062,ITC
2025-02-21 12:53:00+05:30,400.35,400.6,400.25,400.5,13151,ITC
2025-02-21 12:54:00+05:30,400.4,400.6,400.3,400.55,12934,ITC
2025-02-21 12:55:00+05:30,400.5,400.55,400.3,400.3,9757,ITC
2025-02-21 12:56:00+05:30,400.3,400.6,400.3,400.55,8528,ITC
2025-02-21 12:57:00+05:30,400.55,400.55,400.3,400.45,8930,ITC
2025-02-21 12:58:00+05:30,400.35,400.5,400.3,400.35,12327,ITC
2025-02-21 12:59:00+05:30,400.4,400.45,400.0,400.15,23100,ITC
2025-02-21 13:00:00+05:30,400.0,400.1,399.7,400.05,213442,ITC
2025-02-21 13:01:00+05:30,400.0,400.05,400.0,400.05,12544,ITC
2025-02-21 13:02:00+05:30,400.0,400.05,399.8,400.0,18447,ITC
2025-02-21 13:03:00+05:30,399.85,400.0,399.8,400.0,12670,ITC
2025-02-21 13:04:00+05:30,400.0,400.0,399.65,399.85,13047,ITC
2025-02-21 13:05:00+05:30,399.8,399.95,399.7,399.95,8056,ITC
2025-02-21 13:06:00+05:30,399.85,400.0,399.8,399.9,10494,ITC
2025-02-21 13:07:00+05:30,399.9,399.95,399.75,399.95,8457,ITC
2025-02-21 13:08:00+05:30,399.9,399.95,399.75,399.9,7037,ITC
2025-02-21 13:09:00+05:30,399.85,399.95,399.7,399.85,8745,ITC
2025-02-21 13:10:00+05:30,399.75,399.95,399.7,399.75,9217,ITC
2025-02-21 13:11:00+05:30,399.7,399.95,399.65,399.95,18990,ITC
2025-02-21 13:12:00+05:30,399.95,399.95,399.75,399.8,8872,ITC
2025-02-21 13:13:00+05:30,399.85,399.95,399.7,399.95,10922,ITC
2025-02-21 13:14:00+05:30,399.85,399.95,399.65,399.8,11342,ITC
2025-02-21 13:15:00+05:30,399.75,399.95,399.65,399.75,12166,ITC
2025-02-21 13:16:00+05:30,399.65,399.8,399.55,399.75,13650,ITC
2025-02-21 13:17:00+05:30,399.6,399.85,399.6,399.65,11472,ITC
2025-02-21 13:18:00+05:30,399.6,399.95,399.6,399.9,11452,ITC
2025-02-21 13:19:00+05:30,399.75,399.95,399.7,399.95,7638,ITC
2025-02-21 13:20:00+05:30,399.9,399.95,399.75,399.9,8198,ITC
2025-02-21 13:21:00+05:30,399.9,399.95,399.8,399.95,12494,ITC
2025-02-21 13:22:00+05:30,399.95,399.95,399.75,399.95,11967,ITC
2025-02-21 13:23:00+05:30,399.9,399.95,399.7,399.85,17119,ITC
2025-02-21 13:24:00+05:30,399.85,399.95,399.65,399.9,30927,ITC
2025-02-21 13:25:00+05:30,399.85,399.95,399.65,399.95,26185,ITC
2025-02-21 13:26:00+05:30,399.85,399.95,399.75,399.95,15616,ITC
2025-02-21 13:27:00+05:30,399.95,400.0,399.8,399.9,22066,ITC
2025-02-21 13:28:00+05:30,399.9,400.5,399.9,400.0,104268,ITC
2025-02-21 13:29:00+05:30,399.95,400.0,399.95,400.0,15468,ITC
2025-02-21 13:30:00+05:30,399.95,400.15,399.95,400.1,20138,ITC
2025-02-21 13:31:00+05:30,400.0,400.15,399.95,400.15,25821,ITC
2025-02-21 13:32:00+05:30,400.15,400.25,400.05,400.2,15756,ITC
2025-02-21 13:33:00+05:30,400.15,400.2,400.0,400.1,8169,ITC
2025-02-21 13:34:00+05:30,400.05,400.1,399.95,400.0,18523,ITC
2025-02-21 13:35:00+05:30,399.95,400.0,399.95,400.0,19477,ITC
2025-02-21 13:36:00+05:30,399.95,400.15,399.95,400.15,6919,ITC
2025-02-21 13:37:00+05:30,400.0,400.15,399.8,400.0,13688,ITC
2025-02-21 13:38:00+05:30,400.0,400.15,399.85,400.15,22031,ITC
2025-02-21 13:39:00+05:30,400.2,400.2,399.7,399.95,25026,ITC
2025-02-21 13:40:00+05:30,399.9,400.0,399.7,399.95,12585,ITC
2025-02-21 13:41:00+05:30,399.9,400.15,399.85,400.15,28042,ITC
2025-02-21 13:42:00+05:30,400.05,400.35,400.0,400.25,20540,ITC
2025-02-21 13:43:00+05:30,400.2,400.25,400.0,400.05,49487,ITC
2025-02-21 13:44:00+05:30,400.05,400.15,399.85,400.0,25001,ITC
2025-02-21 13:45:00+05:30,399.95,400.1,399.8,399.9,15165,ITC
2025-02-21 13:46:00+05:30,399.8,400.0,399.75,399.95,23018,ITC
2025-02-21 13:47:00+05:30,399.85,400.0,399.75,400.0,14108,ITC
2025-02-21 13:48:00+05:30,399.9,400.0,399.8,399.85,13884,ITC
2025-02-21 13:49:00+05:30,399.85,400.15,399.85,400.0,20035,ITC
2025-02-21 13:50:00+05:30,400.0,400.25,399.9,400.2,11770,ITC
2025-02-21 13:51:00+05:30,400.15,400.3,400.1,400.2,26850,ITC
2025-02-21 13:52:00+05:30,400.15,400.3,400.05,400.05,32296,ITC
2025-02-21 13:53:00+05:30,400.1,400.25,400.0,400.15,33687,ITC
2025-02-21 13:54:00+05:30,400.1,400.45,400.0,400.0,34393,ITC
2025-02-21 13:55:00+05:30,400.0,400.05,399.95,400.0,8071,ITC
2025-02-21 13:56:00+05:30,400.0,400.05,399.95,400.0,13861,ITC
2025-02-21 13:57:00+05:30,399.95,400.0,399.85,399.9,12481,ITC
2025-02-21 13:58:00+05:30,399.85,400.0,399.45,399.85,76348,ITC
2025-02-21 13:59:00+05:30,399.8,400.0,399.7,400.0,10177,ITC
2025-02-21 14:00:00+05:30,399.95,400.0,399.75,399.9,6569,ITC
2025-02-21 14:01:00+05:30,399.9,400.0,399.6,399.75,32291,ITC
2025-02-21 14:02:00+05:30,399.75,399.8,399.35,399.65,87193,ITC
2025-02-21 14:03:00+05:30,399.55,399.75,399.2,399.75,42556,ITC
2025-02-21 14:04:00+05:30,399.7,400.0,399.6,399.95,10575,ITC
2025-02-21 14:05:00+05:30,399.95,400.0,399.8,400.0,7044,ITC
2025-02-21 14:06:00+05:30,399.95,400.0,399.75,399.95,19197,ITC
2025-02-21 14:07:00+05:30,400.0,400.0,399.8,399.9,10467,ITC
2025-02-21 14:08:00+05:30,399.9,400.0,399.85,400.0,10968,ITC
2025-02-21 14:09:00+05:30,399.95,400.0,399.9,400.0,8118,ITC
2025-02-21 14:10:00+05:30,399.95,400.35,399.95,400.25,51692,ITC
2025-02-21 14:11:00+05:30,400.25,400.3,400.15,400.15,11265,ITC
2025-02-21 14:12:00+05:30,400.15,400.35,400.1,400.2,10943,ITC
2025-02-21 14:13:00+05:30,400.15,400.35,400.15,400.2,8531,ITC
2025-02-21 14:14:00+05:30,400.2,400.35,400.2,400.25,8335,ITC
2025-02-21 14:15:00+05:30,400.35,400.75,400.3,400.65,33966,ITC
2025-02-21 14:16:00+05:30,400.6,400.75,400.6,400.75,8565,ITC
2025-02-21 14:17:00+05:30,400.7,401.0,400.6,401.0,28023,ITC
2025-02-21 14:18:00+05:30,400.85,401.25,400.85,400.95,57051,ITC
2025-02-21 14:19:00+05:30,400.9,400.95,400.65,400.75,13732,ITC
2025-02-21 14:20:00+05:30,400.65,400.85,400.65,400.7,10109,ITC
2025-02-21 14:21:00+05:30,400.7,400.8,400.6,400.7,15113,ITC
2025-02-21 14:22:00+05:30,400.7,400.9,400.65,400.9,9238,ITC
2025-02-21 14:23:00+05:30,400.85,401.1,400.8,401.1,13213,ITC
2025-02-21 14:24:00+05:30,401.0,401.1,401.0,401.1,10231,ITC
2025-02-21 14:25:00+05:30,401.05,401.1,400.95,401.05,39312,ITC
2025-02-21 14:26:00+05:30,401.0,401.1,400.9,401.05,18967,ITC
2025-02-21 14:27:00+05:30,401.0,401.1,400.95,401.1,15551,ITC
2025-02-21 14:28:00+05:30,401.0,401.1,400.95,401.0,17922,ITC
2025-02-21 14:29:00+05:30,401.0,401.1,400.95,401.0,10718,ITC
2025-02-21 14:30:00+05:30,401.0,401.15,400.95,401.1,14982,ITC
2025-02-21 14:31:00+05:30,401.05,401.2,401.0,401.2,12308,ITC
2025-02-21 14:32:00+05:30,401.1,401.2,400.95,401.15,11128,ITC
2025-02-21 14:33:00+05:30,401.1,401.15,401.0,401.05,8336,ITC
2025-02-21 14:34:00+05:30,401.0,401.15,401.0,401.15,12458,ITC
2025-02-21 14:35:00+05:30,401.05,401.35,401.05,401.35,20717,ITC
2025-02-21 14:36:00+05:30,401.3,401.5,401.15,401.35,33721,ITC
2025-02-21 14:37:00+05:30,401.35,401.4,401.05,401.15,11349,ITC
2025-02-21 14:38:00+05:30,401.05,401.3,401.0,401.15,9987,ITC
2025-02-21 14:39:00+05:30,401.2,401.3,401.0,401.05,8546,ITC
2025-02-21 14:40:00+05:30,401.1,401.3,401.0,401.1,13106,ITC
2025-02-21 14:41:00+05:30,401.0,401.2,401.0,401.2,13645,ITC
2025-02-21 14:42:00+05:30,401.2,401.2,401.0,401.1,6659,ITC
2025-02-21 14:43:00+05:30,401.05,401.2,401.0,401.15,10424,ITC
2025-02-21 14:44:00+05:30,401.15,401.15,401.1,401.1,11605,ITC
2025-02-21 14:45:00+05:30,401.1,401.15,401.1,401.15,8712,ITC
2025-02-21 14:46:00+05:30,401.1,401.15,401.1,401.15,13927,ITC
2025-02-21 14:47:00+05:30,401.1,401.2,401.1,401.2,14855,ITC
2025-02-21 14:48:00+05:30,401.1,401.2,401.1,401.15,12181,ITC
2025-02-21 14:49:00+05:30,401.1,401.2,401.1,401.2,9720,ITC
2025-02-21 14:50:00+05:30,401.1,401.15,401.0,401.05,10704,ITC
2025-02-21 14:51:00+05:30,401.0,401.1,400.85,401.1,63580,ITC
2025-02-21 14:52:00+05:30,401.1,401.2,401.0,401.1,9257,ITC
2025-02-21 14:53:00+05:30,401.05,401.15,401.05,401.1,22525,ITC
2025-02-21 14:54:00+05:30,401.1,401.2,400.9,401.2,31127,ITC
2025-02-21 14:55:00+05:30,401.15,401.2,400.55,400.8,52875,ITC
2025-02-21 14:56:00+05:30,400.75,400.8,400.3,400.4,11291,ITC
2025-02-21 14:57:00+05:30,400.35,400.4,400.25,400.35,13170,ITC
2025-02-21 14:58:00+05:30,400.3,400.5,400.25,400.45,8868,ITC
2025-02-21 14:59:00+05:30,400.35,400.5,400.2,400.45,12703,ITC
2025-02-21 15:00:00+05:30,400.3,400.6,400.15,400.45,42660,ITC
2025-02-21 15:01:00+05:30,400.45,400.5,400.35,400.45,24978,ITC
2025-02-21 15:02:00+05:30,400.4,400.45,400.3,400.35,16232,ITC
2025-02-21 15:03:00+05:30,400.3,400.35,400.2,400.25,18973,ITC
2025-02-21 15:04:00+05:30,400.2,400.25,400.15,400.25,19429,ITC
2025-02-21 15:05:00+05:30,400.25,400.75,400.1,400.75,22010,ITC
2025-02-21 15:06:00+05:30,400.6,400.85,400.5,400.85,13590,ITC
2025-02-21 15:07:00+05:30,400.8,400.95,400.75,400.95,30341,ITC
2025-02-21 15:08:00+05:30,400.9,400.95,400.8,400.9,13676,ITC
2025-02-21 15:09:00+05:30,400.85,401.45,400.85,401.25,67845,ITC
2025-02-21 15:10:00+05:30,401.15,401.15,401.05,401.15,32434,ITC
2025-02-21 15:11:00+05:30,401.1,401.15,400.95,401.05,49471,ITC
2025-02-21 15:12:00+05:30,401.0,401.05,400.85,400.9,30587,ITC
2025-02-21 15:13:00+05:30,400.85,401.0,400.85,401.0,19863,ITC
2025-02-21 15:14:00+05:30,400.95,401.0,400.9,401.0,19694,ITC
2025-02-21 15:15:00+05:30,401.0,401.0,400.7,400.8,44947,ITC
2025-02-21 15:16:00+05:30,400.75,400.8,400.7,400.8,23450,ITC
2025-02-21 15:17:00+05:30,400.8,400.85,400.7,400.85,19992,ITC
2025-02-21 15:18:00+05:30,400.85,401.0,400.75,400.9,24378,ITC
2025-02-21 15:19:00+05:30,400.9,401.0,400.85,401.0,19048,ITC
2025-02-21 15:20:00+05:30,401.0,401.1,400.95,401.05,47654,ITC
2025-02-21 15:21:00+05:30,401.0,401.2,401.0,401.2,54971,ITC
2025-02-21 15:22:00+05:30,401.2,401.2,401.1,401.15,32322,ITC
2025-02-21 15:23:00+05:30,401.15,401.15,401.1,401.15,19858,ITC
2025-02-21 15:24:00+05:30,401.1,401.15,401.1,401.1,25638,ITC
2025-02-21 15:25:00+05:30,401.15,401.5,401.1,401.4,72727,ITC
2025-02-21 15:26:00+05:30,401.4,401.4,400.9,400.95,47833,ITC
2025-02-21 15:27:00+05:30,400.95,400.95,400.7,400.8,27018,ITC
2025-02-21 15:28:00+05:30,400.8,400.8,400.5,400.8,18040,ITC
2025-02-21 15:29:00+05:30,400.8,400.9,400.5,400.7,11732,ITC
2025-02-24 09:15:00+05:30,400.0,400.05,398.75,399.65,90443,ITC
2025-02-24 09:16:00+05:30,399.85,400.45,398.95,399.7,58152,ITC
2025-02-24 09:17:00+05:30,399.7,400.5,399.6,400.5,54690,ITC
2025-02-24 09:18:00+05:30,400.5,401.4,400.25,401.35,66433,ITC
2025-02-24 09:19:00+05:30,401.4,401.65,401.3,401.4,45790,ITC
2025-02-24 09:20:00+05:30,401.4,401.6,401.1,401.15,35047,ITC
2025-02-24 09:21:00+05:30,401.2,401.35,400.85,401.25,57062,ITC
2025-02-24 09:22:00+05:30,401.3,401.45,401.15,401.3,30280,ITC
2025-02-24 09:23:00+05:30,401.3,401.4,400.5,400.7,45536,ITC
2025-02-24 09:24:00+05:30,400.7,401.75,400.55,401.75,33511,ITC
2025-02-24 09:25:00+05:30,401.7,401.85,401.25,401.7,96393,ITC
2025-02-24 09:26:00+05:30,401.7,401.85,401.05,401.65,92866,ITC
2025-02-24 09:27:00+05:30,401.7,402.0,401.5,401.55,46105,ITC
2025-02-24 09:28:00+05:30,401.6,401.75,401.3,401.5,25760,ITC
2025-02-24 09:29:00+05:30,401.65,401.95,401.5,401.65,29062,ITC
2025-02-24 09:30:00+05:30,401.6,401.95,401.5,401.85,38982,ITC
2025-02-24 09:31:00+05:30,401.7,402.0,401.6,401.95,19048,ITC
2025-02-24 09:32:00+05:30,401.95,402.7,401.9,402.6,96376,ITC
2025-02-24 09:33:00+05:30,402.6,402.7,402.0,402.2,31381,ITC
2025-02-24 09:34:00+05:30,402.2,402.3,402.0,402.3,30141,ITC
2025-02-24 09:35:00+05:30,402.3,402.35,402.1,402.2,10841,ITC
2025-02-24 09:36:00+05:30,402.2,402.2,401.75,402.05,30642,ITC
2025-02-24 09:37:00+05:30,402.15,402.2,401.35,401.45,158633,ITC
2025-02-24 09:38:00+05:30,401.45,401.55,401.0,401.25,39418,ITC
2025-02-24 09:39:00+05:30,401.35,401.85,401.2,401.85,15956,ITC
2025-02-24 09:40:00+05:30,401.9,402.2,401.8,401.8,15461,ITC
2025-02-24 09:41:00+05:30,401.95,402.3,401.75,402.2,31440,ITC
2025-02-24 09:42:00+05:30,402.2,402.5,402.0,402.0,28469,ITC
2025-02-24 09:43:00+05:30,402.15,402.35,401.95,402.15,16913,ITC
2025-02-24 09:44:00+05:30,402.15,402.15,401.7,401.7,22809,ITC
2025-02-24 09:45:00+05:30,401.75,401.95,401.25,401.35,20750,ITC
2025-02-24 09:46:00+05:30,401.45,402.3,401.25,402.15,18902,ITC
2025-02-24 09:47:00+05:30,402.3,402.4,402.05,402.2,15986,ITC
2025-02-24 09:48:00+05:30,402.15,402.4,402.0,402.35,8250,ITC
2025-02-24 09:49:00+05:30,402.35,402.45,402.1,402.25,10078,ITC
2025-02-24 09:50:00+05:30,402.25,402.25,401.8,402.0,15490,ITC
2025-02-24 09:51:00+05:30,402.0,402.0,401.8,401.85,10209,ITC
2025-02-24 09:52:00+05:30,401.95,402.25,401.85,402.05,9937,ITC
2025-02-24 09:53:00+05:30,402.1,402.3,402.0,402.3,12446,ITC
2025-02-24 09:54:00+05:30,402.3,402.3,402.0,402.2,10166,ITC
2025-02-24 09:55:00+05:30,402.2,402.45,402.0,402.45,15251,ITC
2025-02-24 09:56:00+05:30,402.45,402.45,401.75,402.05,25203,ITC
2025-02-24 09:57:00+05:30,402.05,402.05,401.75,401.9,14112,ITC
2025-02-24 09:58:00+05:30,401.9,401.9,401.15,401.2,52804,ITC
2025-02-24 09:59:00+05:30,401.2,401.35,401.0,401.25,14974,ITC
2025-02-24 10:00:00+05:30,401.25,401.4,401.05,401.35,18385,ITC
2025-02-24 10:01:00+05:30,401.35,401.4,401.0,401.15,12867,ITC
2025-02-24 10:02:00+05:30,401.15,401.2,400.8,401.2,12675,ITC
2025-02-24 10:03:00+05:30,401.2,401.3,400.95,401.2,13745,ITC
2025-02-24 10:04:00+05:30,401.15,401.25,401.0,401.05,10196,ITC
2025-02-24 10:05:00+05:30,401.2,401.2,400.85,400.9,7861,ITC
2025-02-24 10:06:00+05:30,400.95,401.1,400.85,401.1,9414,ITC
2025-02-24 10:07:00+05:30,401.1,401.1,400.85,401.1,8727,ITC
2025-02-24 10:08:00+05:30,401.1,401.35,401.0,401.3,7687,ITC
2025-02-24 10:09:00+05:30,401.3,401.35,401.05,401.25,8802,ITC
2025-02-24 10:10:00+05:30,401.25,401.6,401.2,401.35,12743,ITC
2025-02-24 10:11:00+05:30,401.35,401.6,401.0,401.3,11536,ITC
2025-02-24 10:12:00+05:30,401.3,401.3,400.4,400.6,28954,ITC
2025-02-24 10:13:00+05:30,400.6,400.95,400.25,400.9,53056,ITC
2025-02-24 10:14:00+05:30,400.7,400.95,400.6,400.95,12194,ITC
2025-02-24 10:15:00+05:30,400.95,401.35,400.85,401.25,9424,ITC
2025-02-24 10:16:00+05:30,401.25,401.4,401.0,401.15,9045,ITC
2025-02-24 10:17:00+05:30,401.15,401.4,401.1,401.2,5734,ITC
2025-02-24 10:18:00+05:30,401.2,401.3,401.05,401.3,4853,ITC
2025-02-24 10:19:00+05:30,401.3,401.3,401.05,401.05,4723,ITC
2025-02-24 10:20:00+05:30,401.2,401.25,401.05,401.25,8687,ITC
2025-02-24 10:21:00+05:30,401.25,401.4,401.15,401.4,7522,ITC
2025-02-24 10:22:00+05:30,401.4,401.4,401.05,401.25,9249,ITC
2025-02-24 10:23:00+05:30,401.25,401.4,401.05,401.35,12209,ITC
2025-02-24 10:24:00+05:30,401.35,401.4,401.1,401.3,21138,ITC
2025-02-24 10:25:00+05:30,401.3,401.4,401.2,401.35,6077,ITC
2025-02-24 10:26:00+05:30,401.3,401.4,401.25,401.4,5198,ITC
2025-02-24 10:27:00+05:30,401.4,401.4,401.05,401.35,9116,ITC
2025-02-24 10:28:00+05:30,401.35,401.4,401.15,401.25,6917,ITC
2025-02-24 10:29:00+05:30,401.25,401.35,401.15,401.35,11737,ITC
2025-02-24 10:30:00+05:30,401.35,401.4,401.05,401.15,6574,ITC
2025-02-24 10:31:00+05:30,401.3,401.4,401.15,401.25,5366,ITC
2025-02-24 10:32:00+05:30,401.35,401.4,401.2,401.3,7260,ITC
2025-02-24 10:33:00+05:30,401.4,401.45,401.25,401.4,7196,ITC
2025-02-24 10:34:00+05:30,401.45,401.45,401.25,401.4,4560,ITC
2025-02-24 10:35:00+05:30,401.35,401.4,401.2,401.4,11138,ITC
2025-02-24 10:36:00+05:30,401.4,401.4,400.7,400.9,10762,ITC
2025-02-24 10:37:00+05:30,400.9,400.95,400.55,400.7,13945,ITC
2025-02-24 10:38:00+05:30,400.7,400.75,400.25,400.5,48022,ITC
2025-02-24 10:39:00+05:30,400.5,400.65,400.3,400.55,31324,ITC
2025-02-24 10:40:00+05:30,400.55,400.6,400.3,400.6,16911,ITC
2025-02-24 10:41:00+05:30,400.6,400.8,400.5,400.7,5409,ITC
2025-02-24 10:42:00+05:30,400.7,400.95,400.6,400.75,28534,ITC
2025-02-24 10:43:00+05:30,400.8,400.9,400.7,400.9,14960,ITC
2025-02-24 10:44:00+05:30,400.9,401.15,400.75,401.0,30873,ITC
2025-02-24 10:45:00+05:30,401.05,401.3,401.0,401.25,31753,ITC
2025-02-24 10:46:00+05:30,401.3,401.3,401.1,401.3,10251,ITC
2025-02-24 10:47:00+05:30,401.3,401.3,401.0,401.3,20849,ITC
2025-02-24 10:48:00+05:30,401.3,402.0,401.25,401.45,171107,ITC
2025-02-24 10:49:00+05:30,401.45,401.6,401.25,401.5,10852,ITC
2025-02-24 10:50:00+05:30,401.5,401.75,401.15,401.65,34670,ITC
2025-02-24 10:51:00+05:30,401.8,401.8,401.5,401.8,13269,ITC
2025-02-24 10:52:00+05:30,401.8,402.0,401.45,401.95,25085,ITC
2025-02-24 10:53:00+05:30,401.95,402.1,401.8,402.0,5396,ITC
2025-02-24 10:54:00+05:30,402.05,402.1,401.9,402.0,4025,ITC
2025-02-24 10:55:00+05:30,402.05,402.4,401.85,402.3,17861,ITC
2025-02-24 10:56:00+05:30,402.3,402.4,402.15,402.25,10120,ITC
2025-02-24 10:57:00+05:30,402.25,402.3,402.05,402.25,8738,ITC
2025-02-24 10:58:00+05:30,402.2,402.2,401.85,401.9,11539,ITC
2025-02-24 10:59:00+05:30,401.9,402.0,401.8,401.9,21135,ITC
2025-02-24 11:00:00+05:30,401.9,401.9,401.8,401.9,21136,ITC
2025-02-24 11:01:00+05:30,401.9,402.25,401.75,402.05,86157,ITC
2025-02-24 11:02:00+05:30,402.2,402.35,402.05,402.25,13564,ITC
2025-02-24 11:03:00+05:30,402.25,402.5,402.15,402.45,22127,ITC
2025-02-24 11:04:00+05:30,402.4,402.5,402.1,402.15,12633,ITC
2025-02-24 11:05:00+05:30,402.1,402.25,402.0,402.2,11537,ITC
2025-02-24 11:06:00+05:30,402.2,402.2,402.05,402.2,11889,ITC
2025-02-24 11:07:00+05:30,402.2,402.25,402.05,402.25,12533,ITC
2025-02-24 11:08:00+05:30,402.2,402.25,402.05,402.25,4151,ITC
2025-02-24 11:09:00+05:30,402.25,402.25,402.15,402.25,11284,ITC
2025-02-24 11:10:00+05:30,402.25,402.35,402.1,402.3,20777,ITC
2025-02-24 11:11:00+05:30,402.3,402.45,402.25,402.4,7031,ITC
2025-02-24 11:12:00+05:30,402.4,402.4,402.1,402.3,9312,ITC
2025-02-24 11:13:00+05:30,402.3,402.4,402.15,402.3,9876,ITC
2025-02-24 11:14:00+05:30,402.3,402.45,402.25,402.45,8314,ITC
2025-02-24 11:15:00+05:30,402.45,402.5,402.25,402.35,9572,ITC
2025-02-24 11:16:00+05:30,402.35,402.45,402.15,402.15,8458,ITC
2025-02-24 11:17:00+05:30,402.35,402.4,402.1,402.3,5007,ITC
2025-02-24 11:18:00+05:30,402.3,402.3,402.15,402.2,5280,ITC
2025-02-24 11:19:00+05:30,402.2,402.3,402.05,402.2,7547,ITC
2025-02-24 11:20:00+05:30,402.2,402.4,402.1,402.3,14429,ITC
2025-02-24 11:21:00+05:30,402.3,402.45,402.25,402.4,9334,ITC
2025-02-24 11:22:00+05:30,402.4,402.65,402.25,402.45,66992,ITC
2025-02-24 11:23:00+05:30,402.45,402.55,402.3,402.55,6368,ITC
2025-02-24 11:24:00+05:30,402.55,402.65,402.45,402.65,18257,ITC
2025-02-24 11:25:00+05:30,402.65,402.7,402.55,402.6,13824,ITC
2025-02-24 11:26:00+05:30,402.6,402.7,402.45,402.6,6840,ITC
2025-02-24 11:27:00+05:30,402.6,402.6,402.4,402.5,4711,ITC
2025-02-24 11:28:00+05:30,402.5,402.6,402.35,402.5,6705,ITC
2025-02-24 11:29:00+05:30,402.45,402.6,402.4,402.6,7703,ITC
2025-02-24 11:30:00+05:30,402.6,402.65,402.4,402.55,12954,ITC
2025-02-24 11:31:00+05:30,402.6,402.6,402.45,402.5,5150,ITC
2025-02-24 11:32:00+05:30,402.5,402.7,402.45,402.7,7678,ITC
2025-02-24 11:33:00+05:30,402.7,403.0,402.5,402.85,66684,ITC
2025-02-24 11:34:00+05:30,402.85,402.9,402.55,402.85,15462,ITC
2025-02-24 11:35:00+05:30,402.85,403.0,402.7,402.95,30709,ITC
2025-02-24 11:36:00+05:30,402.95,403.1,402.8,403.05,23988,ITC
2025-02-24 11:37:00+05:30,403.05,403.1,402.95,403.1,11068,ITC
2025-02-24 11:38:00+05:30,403.1,403.15,403.0,403.05,9119,ITC
2025-02-24 11:39:00+05:30,403.05,403.2,402.95,403.0,24632,ITC
2025-02-24 11:40:00+05:30,403.1,403.15,403.0,403.15,7212,ITC
2025-02-24 11:41:00+05:30,403.15,403.35,403.0,403.1,22574,ITC
2025-02-24 11:42:00+05:30,403.1,403.4,403.0,403.35,38085,ITC
2025-02-24 11:43:00+05:30,403.35,403.35,403.05,403.1,13457,ITC
2025-02-24 11:44:00+05:30,403.15,403.2,403.0,403.1,7812,ITC
2025-02-24 11:45:00+05:30,403.1,403.15,402.75,402.8,44391,ITC
2025-02-24 11:46:00+05:30,402.8,402.8,402.55,402.7,12250,ITC
2025-02-24 11:47:00+05:30,402.7,402.7,402.6,402.6,7963,ITC
2025-02-24 11:48:00+05:30,402.65,402.8,402.6,402.6,12303,ITC
2025-02-24 11:49:00+05:30,402.65,402.75,402.5,402.55,26405,ITC
2025-02-24 11:50:00+05:30,402.55,402.55,402.1,402.3,31654,ITC
2025-02-24 11:51:00+05:30,402.3,402.45,402.15,402.45,12077,ITC
2025-02-24 11:52:00+05:30,402.35,402.6,402.3,402.5,12876,ITC
2025-02-24 11:53:00+05:30,402.5,402.55,402.3,402.55,7767,ITC
2025-02-24 11:54:00+05:30,402.55,402.55,402.2,402.4,9473,ITC
2025-02-24 11:55:00+05:30,402.4,402.4,402.15,402.35,8849,ITC
2025-02-24 11:56:00+05:30,402.25,402.5,402.2,402.45,10798,ITC
2025-02-24 11:57:00+05:30,402.45,402.6,402.35,402.5,7517,ITC
2025-02-24 11:58:00+05:30,402.5,402.6,402.25,402.25,7541,ITC
2025-02-24 11:59:00+05:30,402.4,402.65,402.25,402.45,14582,ITC
2025-02-24 12:00:00+05:30,402.65,402.65,402.3,402.45,7313,ITC
2025-02-24 12:01:00+05:30,402.45,402.6,402.25,402.35,7323,ITC
2025-02-24 12:02:00+05:30,402.4,402.55,402.25,402.35,9166,ITC
2025-02-24 12:03:00+05:30,402.35,402.5,402.2,402.3,8419,ITC
2025-02-24 12:04:00+05:30,402.35,402.55,402.25,402.3,7191,ITC
2025-02-24 12:05:00+05:30,402.35,402.6,402.2,402.5,25668,ITC
2025-02-24 12:06:00+05:30,402.5,402.5,402.1,402.15,13677,ITC
2025-02-24 12:07:00+05:30,402.15,402.35,402.1,402.25,12250,ITC
2025-02-24 12:08:00+05:30,402.3,402.4,402.15,402.25,9114,ITC
2025-02-24 12:09:00+05:30,402.25,402.45,402.1,402.45,8310,ITC
2025-02-24 12:10:00+05:30,402.45,402.65,402.25,402.5,9837,ITC
2025-02-24 12:11:00+05:30,402.5,402.75,402.45,402.45,10964,ITC
2025-02-24 12:12:00+05:30,402.55,402.75,402.4,402.55,10321,ITC
2025-02-24 12:13:00+05:30,402.55,402.65,402.35,402.5,11720,ITC
2025-02-24 12:14:00+05:30,402.5,402.55,402.3,402.5,12035,ITC
2025-02-24 12:15:00+05:30,402.5,402.55,402.25,402.5,9466,ITC
2025-02-24 12:16:00+05:30,402.5,402.5,402.1,402.35,15346,ITC
2025-02-24 12:17:00+05:30,402.35,402.4,402.1,402.4,12263,ITC
2025-02-24 12:18:00+05:30,402.4,402.5,402.25,402.4,9613,ITC
2025-02-24 12:19:00+05:30,402.45,402.6,402.4,402.5,8100,ITC
2025-02-24 12:20:00+05:30,402.5,402.6,402.3,402.5,11047,ITC
2025-02-24 12:21:00+05:30,402.5,402.5,402.2,402.3,13932,ITC
2025-02-24 12:22:00+05:30,402.3,402.5,402.2,402.3,7862,ITC
2025-02-24 12:23:00+05:30,402.4,402.5,402.25,402.5,10625,ITC
2025-02-24 12:24:00+05:30,402.4,402.6,402.35,402.55,11632,ITC
2025-02-24 12:25:00+05:30,402.55,402.65,402.4,402.65,9063,ITC
2025-02-24 12:26:00+05:30,402.65,402.8,402.5,402.65,17915,ITC
2025-02-24 12:27:00+05:30,402.7,402.75,402.4,402.45,31127,ITC
2025-02-24 12:28:00+05:30,402.6,402.65,402.4,402.45,16680,ITC
2025-02-24 12:29:00+05:30,402.6,402.75,402.4,402.55,12473,ITC
2025-02-24 12:30:00+05:30,402.55,402.8,402.45,402.75,22545,ITC
2025-02-24 12:31:00+05:30,402.75,402.75,402.4,402.45,19065,ITC
2025-02-24 12:32:00+05:30,402.65,402.65,402.2,402.4,32351,ITC
2025-02-24 12:33:00+05:30,402.4,402.45,402.2,402.4,12848,ITC
2025-02-24 12:34:00+05:30,402.4,402.5,402.2,402.4,12054,ITC
2025-02-24 12:35:00+05:30,402.3,402.5,402.2,402.45,18556,ITC
2025-02-24 12:36:00+05:30,402.35,402.45,402.15,402.25,19255,ITC
2025-02-24 12:37:00+05:30,402.4,402.5,402.2,402.45,13082,ITC
2025-02-24 12:38:00+05:30,402.5,402.5,402.25,402.4,84972,ITC
2025-02-24 12:39:00+05:30,402.45,402.5,402.1,402.5,15153,ITC
2025-02-24 12:40:00+05:30,402.5,402.5,402.2,402.45,16825,ITC
2025-02-24 12:41:00+05:30,402.45,402.85,402.4,402.85,37951,ITC
2025-02-24 12:42:00+05:30,402.85,402.85,402.6,402.75,17901,ITC
2025-02-24 12:43:00+05:30,402.85,402.85,402.5,402.7,19821,ITC
2025-02-24 12:44:00+05:30,402.7,402.75,402.45,402.5,12142,ITC
2025-02-24 12:45:00+05:30,402.6,402.8,402.45,402.7,15923,ITC
2025-02-24 12:46:00+05:30,402.8,402.8,402.5,402.7,12963,ITC
2025-02-24 12:47:00+05:30,402.7,402.8,402.55,402.65,11208,ITC
2025-02-24 12:48:00+05:30,402.65,402.8,402.55,402.7,13462,ITC
2025-02-24 12:49:00+05:30,402.55,402.75,402.4,402.6,14042,ITC
2025-02-24 12:50:00+05:30,402.6,402.65,402.4,402.5,10580,ITC
2025-02-24 12:51:00+05:30,402.6,402.65,402.35,402.4,10900,ITC
2025-02-24 12:52:00+05:30,402.45,402.6,402.4,402.55,12108,ITC
2025-02-24 12:53:00+05:30,402.55,402.75,402.5,402.55,12873,ITC
2025-02-24 12:54:00+05:30,402.7,402.75,402.5,402.75,12833,ITC
2025-02-24 12:55:00+05:30,402.75,402.8,402.55,402.75,10570,ITC
2025-02-24 12:56:00+05:30,402.75,402.8,402.55,402.75,9466,ITC
2025-02-24 12:57:00+05:30,402.75,402.75,402.55,402.6,9385,ITC
2025-02-24 12:58:00+05:30,402.7,402.7,402.35,402.45,12695,ITC
2025-02-24 12:59:00+05:30,402.55,402.7,402.35,402.5,8791,ITC
2025-02-24 13:00:00+05:30,402.65,402.8,402.5,402.75,11968,ITC
2025-02-24 13:01:00+05:30,402.75,402.75,402.35,402.5,10994,ITC
2025-02-24 13:02:00+05:30,402.65,402.75,402.5,402.55,11333,ITC
2025-02-24 13:03:00+05:30,402.65,402.75,402.45,402.7,12443,ITC
2025-02-24 13:04:00+05:30,402.7,402.75,402.45,402.6,15210,ITC
2025-02-24 13:05:00+05:30,402.7,402.8,402.5,402.7,12177,ITC
2025-02-24 13:06:00+05:30,402.7,402.8,402.45,402.65,16185,ITC
2025-02-24 13:07:00+05:30,402.6,402.75,402.35,402.65,18255,ITC
2025-02-24 13:08:00+05:30,402.65,402.7,402.35,402.55,11027,ITC
2025-02-24 13:09:00+05:30,402.55,402.7,402.5,402.7,7448,ITC
2025-02-24 13:10:00+05:30,402.7,402.7,402.3,402.3,22574,ITC
2025-02-24 13:11:00+05:30,402.4,402.5,402.3,402.5,10721,ITC
2025-02-24 13:12:00+05:30,402.5,402.5,402.3,402.4,10343,ITC
2025-02-24 13:13:00+05:30,402.4,402.5,402.25,402.35,7945,ITC
2025-02-24 13:14:00+05:30,402.35,402.45,402.15,402.25,14937,ITC
2025-02-24 13:15:00+05:30,402.3,402.45,402.15,402.45,14130,ITC
2025-02-24 13:16:00+05:30,402.45,402.5,402.15,402.35,14188,ITC
2025-02-24 13:17:00+05:30,402.35,402.5,402.2,402.45,12635,ITC
2025-02-24 13:18:00+05:30,402.45,402.5,402.4,402.45,11109,ITC
2025-02-24 13:19:00+05:30,402.5,402.5,402.3,402.5,11968,ITC
2025-02-24 13:20:00+05:30,402.5,402.5,402.15,402.35,11313,ITC
2025-02-24 13:21:00+05:30,402.35,402.5,402.15,402.2,9330,ITC
2025-02-24 13:22:00+05:30,402.2,402.4,402.15,402.4,8105,ITC
2025-02-24 13:23:00+05:30,402.4,402.5,402.2,402.35,14582,ITC
2025-02-24 13:24:00+05:30,402.35,402.5,402.2,402.4,12990,ITC
2025-02-24 13:25:00+05:30,402.4,402.5,402.3,402.5,17895,ITC
2025-02-24 13:26:00+05:30,402.5,402.5,402.3,402.3,10917,ITC
2025-02-24 13:27:00+05:30,402.5,402.5,402.25,402.5,11584,ITC
2025-02-24 13:28:00+05:30,402.5,402.5,402.25,402.5,9505,ITC
2025-02-24 13:29:00+05:30,402.5,402.5,402.3,402.35,13856,ITC
2025-02-24 13:30:00+05:30,402.45,402.5,402.25,402.45,7890,ITC
2025-02-24 13:31:00+05:30,402.3,402.5,402.25,402.3,24213,ITC
2025-02-24 13:32:00+05:30,402.45,402.5,402.25,402.35,11175,ITC
2025-02-24 13:33:00+05:30,402.45,402.5,402.25,402.45,8541,ITC
2025-02-24 13:34:00+05:30,402.45,402.5,402.25,402.5,20946,ITC
2025-02-24 13:35:00+05:30,402.5,402.5,402.3,402.5,11797,ITC
2025-02-24 13:36:00+05:30,402.3,402.5,402.25,402.45,8312,ITC
2025-02-24 13:37:00+05:30,402.45,402.45,402.1,402.45,16857,ITC
2025-02-24 13:38:00+05:30,402.4,402.4,401.9,401.95,31053,ITC
2025-02-24 13:39:00+05:30,401.9,402.1,401.8,401.9,19645,ITC
2025-02-24 13:40:00+05:30,402.05,402.4,401.9,402.35,13408,ITC
2025-02-24 13:41:00+05:30,402.35,402.4,402.2,402.3,11040,ITC
2025-02-24 13:42:00+05:30,402.3,402.5,402.2,402.4,12223,ITC
2025-02-24 13:43:00+05:30,402.5,402.5,402.4,402.5,10336,ITC
2025-02-24 13:44:00+05:30,402.5,402.5,402.2,402.5,17697,ITC
2025-02-24 13:45:00+05:30,402.4,402.5,402.25,402.45,10691,ITC
2025-02-24 13:46:00+05:30,402.45,402.5,402.2,402.35,9177,ITC
2025-02-24 13:47:00+05:30,402.35,402.5,402.2,402.45,14958,ITC
2025-02-24 13:48:00+05:30,402.45,402.5,402.25,402.45,11056,ITC
2025-02-24 13:49:00+05:30,402.45,402.5,402.15,402.4,18449,ITC
2025-02-24 13:50:00+05:30,402.3,402.45,402.2,402.45,10361,ITC
2025-02-24 13:51:00+05:30,402.3,402.5,402.2,402.4,16346,ITC
2025-02-24 13:52:00+05:30,402.3,402.5,402.3,402.45,8675,ITC
2025-02-24 13:53:00+05:30,402.3,402.45,402.2,402.3,24970,ITC
2025-02-24 13:54:00+05:30,402.3,402.5,402.2,402.5,14265,ITC
2025-02-24 13:55:00+05:30,402.5,402.5,402.25,402.45,10480,ITC
2025-02-24 13:56:00+05:30,402.45,402.5,402.2,402.4,11102,ITC
2025-02-24 13:57:00+05:30,402.4,402.5,402.2,402.4,13682,ITC
2025-02-24 13:58:00+05:30,402.4,402.5,402.2,402.4,12420,ITC
2025-02-24 13:59:00+05:30,402.4,402.5,402.25,402.5,8389,ITC
2025-02-24 14:00:00+05:30,402.5,402.5,402.25,402.5,11368,ITC
2025-02-24 14:01:00+05:30,402.5,402.5,402.25,402.45,12887,ITC
2025-02-24 14:02:00+05:30,402.45,402.5,402.25,402.45,9624,ITC
2025-02-24 14:03:00+05:30,402.5,402.5,402.25,402.4,8126,ITC
2025-02-24 14:04:00+05:30,402.3,402.45,402.2,402.45,9841,ITC
2025-02-24 14:05:00+05:30,402.45,402.45,402.2,402.4,10323,ITC
2025-02-24 14:06:00+05:30,402.4,402.5,402.25,402.5,11252,ITC
2025-02-24 14:07:00+05:30,402.5,402.5,402.2,402.45,19671,ITC
2025-02-24 14:08:00+05:30,402.45,402.45,402.2,402.25,12220,ITC
2025-02-24 14:09:00+05:30,402.45,402.5,402.1,402.3,27495,ITC
2025-02-24 14:10:00+05:30,402.3,402.5,402.2,402.4,23090,ITC
2025-02-24 14:11:00+05:30,402.3,402.45,402.2,402.45,10583,ITC
2025-02-24 14:12:00+05:30,402.45,402.5,402.2,402.45,9587,ITC
2025-02-24 14:13:00+05:30,402.45,402.5,402.05,402.3,22985,ITC
2025-02-24 14:14:00+05:30,402.15,402.4,402.0,402.2,23387,ITC
2025-02-24 14:15:00+05:30,402.15,402.3,402.05,402.3,11290,ITC
2025-02-24 14:16:00+05:30,402.05,402.25,401.85,402.0,17611,ITC
2025-02-24 14:17:00+05:30,401.95,402.2,401.85,402.2,9706,ITC
2025-02-24 14:18:00+05:30,402.15,402.2,401.9,402.1,13962,ITC
2025-02-24 14:19:00+05:30,402.0,402.2,401.9,402.15,13126,ITC
2025-02-24 14:20:00+05:30,402.05,402.2,402.0,402.2,9943,ITC
2025-02-24 14:21:00+05:30,402.15,402.35,402.0,402.35,12257,ITC
2025-02-24 14:22:00+05:30,402.25,402.45,402.1,402.4,11727,ITC
2025-02-24 14:23:00+05:30,402.25,402.45,402.15,402.3,14869,ITC
2025-02-24 14:24:00+05:30,402.2,402.4,402.2,402.35,9440,ITC
2025-02-24 14:25:00+05:30,402.2,402.5,402.2,402.5,11777,ITC
2025-02-24 14:26:00+05:30,402.4,402.5,402.15,402.4,13552,ITC
2025-02-24 14:27:00+05:30,402.35,402.4,402.15,402.4,8542,ITC
2025-02-24 14:28:00+05:30,402.25,402.45,402.15,402.4,14861,ITC
2025-02-24 14:29:00+05:30,402.4,402.5,402.3,402.5,9333,ITC
2025-02-24 14:30:00+05:30,402.4,402.5,402.3,402.45,12224,ITC
2025-02-24 14:31:00+05:30,402.45,402.5,402.25,402.5,9819,ITC
2025-02-24 14:32:00+05:30,402.5,402.5,402.15,402.4,22293,ITC
2025-02-24 14:33:00+05:30,402.4,402.5,402.2,402.45,14258,ITC
2025-02-24 14:34:00+05:30,402.45,402.5,402.2,402.25,12602,ITC
2025-02-24 14:35:00+05:30,402.35,402.5,402.2,402.45,8955,ITC
2025-02-24 14:36:00+05:30,402.5,402.5,402.25,402.45,14373,ITC
2025-02-24 14:37:00+05:30,402.25,402.45,402.15,402.45,13050,ITC
2025-02-24 14:38:00+05:30,402.35,402.45,402.15,402.4,13216,ITC
2025-02-24 14:39:00+05:30,402.4,402.5,402.2,402.4,19798,ITC
2025-02-24 14:40:00+05:30,402.4,402.5,402.15,402.4,21205,ITC
2025-02-24 14:41:00+05:30,402.3,402.5,402.2,402.45,11429,ITC
2025-02-24 14:42:00+05:30,402.5,402.5,402.05,402.05,38962,ITC
2025-02-24 14:43:00+05:30,402.15,402.25,401.85,402.25,24784,ITC
2025-02-24 14:44:00+05:30,402.25,402.3,402.0,402.25,10886,ITC
2025-02-24 14:45:00+05:30,402.3,402.5,402.2,402.45,15472,ITC
2025-02-24 14:46:00+05:30,402.2,402.5,402.2,402.4,13407,ITC
2025-02-24 14:47:00+05:30,402.4,402.45,402.25,402.45,7656,ITC
2025-02-24 14:48:00+05:30,402.45,402.5,402.25,402.4,8311,ITC
2025-02-24 14:49:00+05:30,402.3,402.4,402.2,402.3,13117,ITC
2025-02-24 14:50:00+05:30,402.3,402.3,402.2,402.2,10882,ITC
2025-02-24 14:51:00+05:30,402.25,402.3,402.0,402.2,16788,ITC
2025-02-24 14:52:00+05:30,402.2,402.2,401.85,401.85,17013,ITC
2025-02-24 14:53:00+05:30,401.85,402.05,401.8,401.85,13992,ITC
2025-02-24 14:54:00+05:30,401.95,402.05,401.8,402.0,9360,ITC
2025-02-24 14:55:00+05:30,402.0,402.15,401.6,402.05,29477,ITC
2025-02-24 14:56:00+05:30,402.05,402.1,401.85,402.0,22706,ITC
2025-02-24 14:57:00+05:30,401.85,402.25,401.75,402.2,25509,ITC
2025-02-24 14:58:00+05:30,402.25,402.3,401.9,402.1,12843,ITC
2025-02-24 14:59:00+05:30,402.15,402.2,401.9,402.2,9160,ITC
2025-02-24 15:00:00+05:30,402.2,402.45,402.05,402.4,35493,ITC
2025-02-24 15:01:00+05:30,402.45,402.45,401.9,401.95,59865,ITC
2025-02-24 15:02:00+05:30,402.0,402.0,401.75,401.85,18605,ITC
2025-02-24 15:03:00+05:30,401.85,401.9,401.6,401.65,15833,ITC
2025-02-24 15:04:00+05:30,401.75,401.85,401.6,401.85,20542,ITC
2025-02-24 15:05:00+05:30,401.85,401.9,401.7,401.9,15197,ITC
2025-02-24 15:06:00+05:30,401.85,401.9,401.75,401.8,16269,ITC
2025-02-24 15:07:00+05:30,401.8,401.95,401.75,401.95,17995,ITC
2025-02-24 15:08:00+05:30,401.95,402.0,401.8,401.9,11237,ITC
2025-02-24 15:09:00+05:30,402.0,402.0,401.8,401.95,14632,ITC
2025-02-24 15:10:00+05:30,401.95,401.95,401.8,401.9,14603,ITC
2025-02-24 15:11:00+05:30,401.9,401.95,401.75,401.95,21817,ITC
2025-02-24 15:12:00+05:30,401.95,402.0,401.85,401.9,18213,ITC
2025-02-24 15:13:00+05:30,401.9,402.0,401.8,402.0,30038,ITC
2025-02-24 15:14:00+05:30,402.0,402.0,401.8,401.85,22422,ITC
2025-02-24 15:15:00+05:30,401.85,401.9,401.8,401.9,23144,ITC
2025-02-24 15:16:00+05:30,401.9,402.2,401.8,402.0,134245,ITC
2025-02-24 15:17:00+05:30,402.0,402.0,401.8,401.9,34131,ITC
2025-02-24 15:18:00+05:30,401.9,401.95,401.7,401.95,28001,ITC
2025-02-24 15:19:00+05:30,401.95,402.0,401.7,401.9,24562,ITC
2025-02-24 15:20:00+05:30,401.9,402.0,401.7,401.95,45578,ITC
2025-02-24 15:21:00+05:30,401.95,402.0,401.75,401.95,16002,ITC
2025-02-24 15:22:00+05:30,401.9,402.0,401.8,401.9,14735,ITC
2025-02-24 15:23:00+05:30,401.9,402.0,401.75,401.8,26654,ITC
2025-02-24 15:24:00+05:30,401.75,402.0,401.7,401.85,20625,ITC
2025-02-24 15:25:00+05:30,401.9,401.95,401.7,401.85,22604,ITC
2025-02-24 15:26:00+05:30,401.85,402.0,401.8,401.95,18921,ITC
2025-02-24 15:27:00+05:30,401.9,401.95,401.35,401.5,38887,ITC
2025-02-24 15:28:00+05:30,401.6,401.85,401.45,401.7,16600,ITC
2025-02-24 15:29:00+05:30,401.7,402.0,401.4,402.0,16493,ITC
2025-02-25 09:15:00+05:30,402.0,402.85,401.15,401.8,156649,ITC
2025-02-25 09:16:00+05:30,402.05,402.15,401.3,401.35,91111,ITC
2025-02-25 09:17:00+05:30,401.45,401.65,401.05,401.2,67029,ITC
2025-02-25 09:18:00+05:30,401.2,401.9,401.2,401.7,64873,ITC
2025-02-25 09:19:00+05:30,401.75,402.3,401.55,402.1,49400,ITC
2025-02-25 09:20:00+05:30,402.1,402.5,401.9,402.3,47480,ITC
2025-02-25 09:21:00+05:30,402.3,402.4,402.05,402.15,38862,ITC
2025-02-25 09:22:00+05:30,402.15,402.35,401.85,402.05,40776,ITC
2025-02-25 09:23:00+05:30,402.05,402.1,401.75,401.85,17450,ITC
2025-02-25 09:24:00+05:30,401.85,402.0,401.65,401.7,25618,ITC
2025-02-25 09:25:00+05:30,401.7,401.7,401.2,401.6,42703,ITC
2025-02-25 09:26:00+05:30,401.6,402.0,401.5,401.95,47920,ITC
2025-02-25 09:27:00+05:30,401.85,402.0,401.7,401.9,74970,ITC
2025-02-25 09:28:00+05:30,401.95,402.2,401.9,402.0,47989,ITC
2025-02-25 09:29:00+05:30,401.8,402.1,401.8,402.1,25101,ITC
2025-02-25 09:30:00+05:30,402.1,402.4,402.1,402.35,31819,ITC
2025-02-25 09:31:00+05:30,402.35,402.35,402.1,402.35,23890,ITC
2025-02-25 09:32:00+05:30,402.35,402.8,402.3,402.8,90513,ITC
2025-02-25 09:33:00+05:30,402.8,402.85,402.4,402.75,32782,ITC
2025-02-25 09:34:00+05:30,402.7,402.7,402.05,402.5,38439,ITC
2025-02-25 09:35:00+05:30,402.5,402.65,402.35,402.6,29096,ITC
2025-02-25 09:36:00+05:30,402.6,402.6,402.4,402.55,22927,ITC
2025-02-25 09:37:00+05:30,402.55,402.65,402.4,402.55,33556,ITC
2025-02-25 09:38:00+05:30,402.65,403.0,402.5,402.75,52129,ITC
2025-02-25 09:39:00+05:30,402.75,402.8,402.6,402.7,28338,ITC
2025-02-25 09:40:00+05:30,402.7,402.75,402.3,402.5,34727,ITC
2025-02-25 09:41:00+05:30,402.5,402.65,402.25,402.25,24837,ITC
2025-02-25 09:42:00+05:30,402.35,402.5,402.25,402.4,17834,ITC
2025-02-25 09:43:00+05:30,402.45,402.45,402.15,402.2,22025,ITC
2025-02-25 09:44:00+05:30,402.2,402.35,402.05,402.35,22615,ITC
2025-02-25 09:45:00+05:30,402.35,402.35,402.05,402.25,34626,ITC
2025-02-25 09:46:00+05:30,402.15,402.35,402.0,402.05,35831,ITC
2025-02-25 09:47:00+05:30,402.05,402.3,401.55,401.75,73716,ITC
2025-02-25 09:48:00+05:30,401.65,401.8,401.5,401.7,27410,ITC
2025-02-25 09:49:00+05:30,401.65,402.0,401.6,401.9,32894,ITC
2025-02-25 09:50:00+05:30,401.9,402.0,401.8,402.0,24773,ITC
2025-02-25 09:51:00+05:30,402.0,402.1,401.8,402.1,29536,ITC
2025-02-25 09:52:00+05:30,402.05,402.15,401.9,402.1,21452,ITC
2025-02-25 09:53:00+05:30,402.0,402.15,401.85,402.0,25179,ITC
2025-02-25 09:54:00+05:30,402.05,402.15,401.8,402.15,20332,ITC
2025-02-25 09:55:00+05:30,402.15,402.15,402.0,402.0,26153,ITC
2025-02-25 09:56:00+05:30,402.0,402.15,401.85,402.15,26870,ITC
2025-02-25 09:57:00+05:30,402.1,402.15,401.9,401.9,7043,ITC
2025-02-25 09:58:00+05:30,401.9,402.05,401.75,401.95,22693,ITC
2025-02-25 09:59:00+05:30,401.95,401.95,401.7,401.85,11354,ITC
2025-02-25 10:00:00+05:30,401.8,401.95,401.7,401.8,11764,ITC
2025-02-25 10:01:00+05:30,401.8,401.85,401.6,401.75,14112,ITC
2025-02-25 10:02:00+05:30,401.75,401.8,401.5,401.7,21699,ITC
2025-02-25 10:03:00+05:30,401.7,401.7,401.55,401.7,12685,ITC
2025-02-25 10:04:00+05:30,401.7,401.7,401.5,401.7,13820,ITC
2025-02-25 10:05:00+05:30,401.7,401.75,401.5,401.75,8688,ITC
2025-02-25 10:06:00+05:30,401.75,401.75,401.6,401.7,7175,ITC
2025-02-25 10:07:00+05:30,401.7,401.7,401.3,401.3,29288,ITC
2025-02-25 10:08:00+05:30,401.45,401.55,401.25,401.4,14150,ITC
2025-02-25 10:09:00+05:30,401.4,401.45,401.1,401.1,22491,ITC
2025-02-25 10:10:00+05:30,401.2,401.2,400.9,401.0,40979,ITC
2025-02-25 10:11:00+05:30,400.9,401.0,400.85,400.9,10826,ITC
2025-02-25 10:12:00+05:30,400.9,400.9,400.7,400.9,25253,ITC
2025-02-25 10:13:00+05:30,400.85,401.2,400.8,401.05,40147,ITC
2025-02-25 10:14:00+05:30,401.05,401.05,400.85,400.95,8893,ITC
2025-02-25 10:15:00+05:30,400.95,400.95,400.75,400.9,17954,ITC
2025-02-25 10:16:00+05:30,400.9,401.1,400.8,401.05,13029,ITC
2025-02-25 10:17:00+05:30,401.0,401.05,400.8,401.0,8009,ITC
2025-02-25 10:18:00+05:30,401.0,401.0,400.5,400.7,28875,ITC
2025-02-25 10:19:00+05:30,400.7,400.8,400.55,400.75,17303,ITC
2025-02-25 10:20:00+05:30,400.75,400.8,400.55,400.75,15036,ITC
2025-02-25 10:21:00+05:30,400.75,400.75,400.5,400.5,15287,ITC
2025-02-25 10:22:00+05:30,400.6,400.85,400.5,400.85,16454,ITC
2025-02-25 10:23:00+05:30,400.85,401.0,400.65,400.95,15832,ITC
2025-02-25 10:24:00+05:30,401.0,401.1,400.8,401.0,14795,ITC
2025-02-25 10:25:00+05:30,400.95,401.2,400.8,401.1,19844,ITC
2025-02-25 10:26:00+05:30,401.2,401.6,401.15,401.35,48468,ITC
2025-02-25 10:27:00+05:30,401.45,401.55,401.25,401.3,14847,ITC
2025-02-25 10:28:00+05:30,401.3,401.55,401.2,401.5,20059,ITC
2025-02-25 10:29:00+05:30,401.5,401.6,401.4,401.55,15958,ITC
2025-02-25 10:30:00+05:30,401.6,401.7,401.45,401.45,16801,ITC
2025-02-25 10:31:00+05:30,401.5,401.55,401.35,401.5,12323,ITC
2025-02-25 10:32:00+05:30,401.55,401.6,401.35,401.5,12582,ITC
2025-02-25 10:33:00+05:30,401.5,401.5,401.2,401.35,13573,ITC
2025-02-25 10:34:00+05:30,401.35,401.45,401.25,401.45,15510,ITC
2025-02-25 10:35:00+05:30,401.45,401.45,401.25,401.3,10756,ITC
2025-02-25 10:36:00+05:30,401.25,401.4,401.15,401.35,9343,ITC
2025-02-25 10:37:00+05:30,401.3,401.45,401.1,401.45,16916,ITC
2025-02-25 10:38:00+05:30,401.45,401.85,401.4,401.85,49541,ITC
2025-02-25 10:39:00+05:30,401.75,402.0,401.65,401.95,134489,ITC
2025-02-25 10:40:00+05:30,401.95,402.0,401.6,401.8,65387,ITC
2025-02-25 10:41:00+05:30,401.8,401.8,401.35,401.55,26175,ITC
2025-02-25 10:42:00+05:30,401.55,402.0,401.4,401.75,171935,ITC
2025-02-25 10:43:00+05:30,401.85,401.85,401.6,401.8,16479,ITC
2025-02-25 10:44:00+05:30,401.75,401.8,401.55,401.75,20407,ITC
2025-02-25 10:45:00+05:30,401.75,402.1,401.55,402.0,105903,ITC
2025-02-25 10:46:00+05:30,402.0,402.2,401.95,402.2,34283,ITC
2025-02-25 10:47:00+05:30,402.2,402.25,401.95,402.05,37639,ITC
2025-02-25 10:48:00+05:30,402.0,402.15,402.0,402.05,27855,ITC
2025-02-25 10:49:00+05:30,402.05,402.25,401.85,402.2,70925,ITC
2025-02-25 10:50:00+05:30,402.25,402.3,402.05,402.2,17405,ITC
2025-02-25 10:51:00+05:30,402.2,402.3,402.1,402.3,11810,ITC
2025-02-25 10:52:00+05:30,402.3,402.4,402.05,402.3,42794,ITC
2025-02-25 10:53:00+05:30,402.25,402.3,401.95,402.05,19165,ITC
2025-02-25 10:54:00+05:30,402.05,402.3,401.95,402.25,63381,ITC
2025-02-25 10:55:00+05:30,402.25,402.3,402.1,402.25,11356,ITC
2025-02-25 10:56:00+05:30,402.3,402.35,402.15,402.3,15697,ITC
2025-02-25 10:57:00+05:30,402.3,402.3,402.1,402.2,8260,ITC
2025-02-25 10:58:00+05:30,402.3,402.3,402.1,402.25,16402,ITC
2025-02-25 10:59:00+05:30,402.25,402.35,402.05,402.25,16174,ITC
2025-02-25 11:00:00+05:30,402.25,402.3,402.2,402.25,10475,ITC
2025-02-25 11:01:00+05:30,402.2,402.3,402.1,402.25,61817,ITC
2025-02-25 11:02:00+05:30,402.25,402.3,402.1,402.3,14243,ITC
2025-02-25 11:03:00+05:30,402.3,402.3,402.1,402.3,16724,ITC
2025-02-25 11:04:00+05:30,402.25,402.3,402.2,402.3,13429,ITC
2025-02-25 11:05:00+05:30,402.3,402.55,402.25,402.45,42142,ITC
2025-02-25 11:06:00+05:30,402.55,402.6,402.45,402.6,19626,ITC
2025-02-25 11:07:00+05:30,402.6,402.6,402.5,402.55,12517,ITC
2025-02-25 11:08:00+05:30,402.55,402.55,402.4,402.5,12224,ITC
2025-02-25 11:09:00+05:30,402.5,402.5,402.35,402.45,9559,ITC
2025-02-25 11:10:00+05:30,402.45,402.5,402.3,402.5,16974,ITC
2025-02-25 11:11:00+05:30,402.5,402.5,402.4,402.5,72193,ITC
2025-02-25 11:12:00+05:30,402.5,402.5,402.35,402.5,11191,ITC
2025-02-25 11:13:00+05:30,402.5,402.65,402.45,402.65,42547,ITC
2025-02-25 11:14:00+05:30,402.65,402.65,402.45,402.65,12352,ITC
2025-02-25 11:15:00+05:30,402.65,402.65,402.4,402.55,13012,ITC
2025-02-25 11:16:00+05:30,402.55,402.65,402.3,402.45,15321,ITC
2025-02-25 11:17:00+05:30,402.45,402.55,402.4,402.55,6584,ITC
2025-02-25 11:18:00+05:30,402.55,402.6,402.5,402.55,11143,ITC
2025-02-25 11:19:00+05:30,402.55,402.55,402.4,402.55,7316,ITC
2025-02-25 11:20:00+05:30,402.5,402.55,402.35,402.45,7301,ITC
2025-02-25 11:21:00+05:30,402.45,402.45,402.3,402.35,12365,ITC
2025-02-25 11:22:00+05:30,402.35,402.4,402.25,402.35,8862,ITC
2025-02-25 11:23:00+05:30,402.35,402.4,402.15,402.25,16299,ITC
2025-02-25 11:24:00+05:30,402.3,402.35,402.15,402.2,11109,ITC
2025-02-25 11:25:00+05:30,402.2,402.3,402.0,402.2,29679,ITC
2025-02-25 11:26:00+05:30,402.2,402.25,402.15,402.25,8840,ITC
2025-02-25 11:27:00+05:30,402.2,402.3,402.1,402.25,21348,ITC
2025-02-25 11:28:00+05:30,402.25,402.25,402.2,402.25,5628,ITC
2025-02-25 11:29:00+05:30,402.2,402.25,402.0,402.1,15457,ITC
2025-02-25 11:30:00+05:30,402.1,402.1,401.75,401.75,28306,ITC
2025-02-25 11:31:00+05:30,401.75,401.8,401.55,401.55,32037,ITC
2025-02-25 11:32:00+05:30,401.55,401.75,401.4,401.45,28927,ITC
2025-02-25 11:33:00+05:30,401.45,401.8,401.4,401.8,19435,ITC
2025-02-25 11:34:00+05:30,401.8,401.85,401.65,401.75,10177,ITC
2025-02-25 11:35:00+05:30,401.8,401.95,401.65,401.95,34110,ITC
2025-02-25 11:36:00+05:30,401.95,402.3,401.9,402.3,56226,ITC
2025-02-25 11:37:00+05:30,402.3,402.45,402.25,402.45,10493,ITC
2025-02-25 11:38:00+05:30,402.45,402.45,402.35,402.35,8799,ITC
2025-02-25 11:39:00+05:30,402.4,402.5,402.2,402.2,12403,ITC
2025-02-25 11:40:00+05:30,402.2,402.4,402.15,402.35,18186,ITC
2025-02-25 11:41:00+05:30,402.4,402.4,402.25,402.4,11452,ITC
2025-02-25 11:42:00+05:30,402.4,402.95,402.35,402.75,130106,ITC
2025-02-25 11:43:00+05:30,402.7,402.8,402.35,402.45,23386,ITC
2025-02-25 11:44:00+05:30,402.5,402.5,402.3,402.4,9448,ITC
2025-02-25 11:45:00+05:30,402.4,402.55,402.3,402.5,7375,ITC
2025-02-25 11:46:00+05:30,402.5,402.5,402.3,402.35,9206,ITC
2025-02-25 11:47:00+05:30,402.4,402.4,402.2,402.35,9930,ITC
2025-02-25 11:48:00+05:30,402.3,402.35,402.2,402.35,13742,ITC
2025-02-25 11:49:00+05:30,402.3,402.35,402.15,402.15,8059,ITC
2025-02-25 11:50:00+05:30,402.2,402.25,402.15,402.15,9566,ITC
2025-02-25 11:51:00+05:30,402.2,402.25,402.15,402.2,5642,ITC
2025-02-25 11:52:00+05:30,402.25,402.25,402.15,402.2,10042,ITC
2025-02-25 11:53:00+05:30,402.2,402.25,402.15,402.2,8955,ITC
2025-02-25 11:54:00+05:30,402.2,402.25,402.1,402.15,11109,ITC
2025-02-25 11:55:00+05:30,402.2,402.2,402.05,402.2,13634,ITC
2025-02-25 11:56:00+05:30,402.15,402.2,402.1,402.1,11469,ITC
2025-02-25 11:57:00+05:30,402.15,402.2,402.1,402.15,7998,ITC
2025-02-25 11:58:00+05:30,402.15,402.2,402.15,402.15,5852,ITC
2025-02-25 11:59:00+05:30,402.2,402.2,402.05,402.05,11293,ITC
2025-02-25 12:00:00+05:30,402.05,402.15,401.85,401.85,54123,ITC
2025-02-25 12:01:00+05:30,401.95,402.2,401.7,401.95,89080,ITC
2025-02-25 12:02:00+05:30,401.95,402.05,401.9,402.05,11201,ITC
2025-02-25 12:03:00+05:30,402.05,402.25,402.0,402.25,21607,ITC
2025-02-25 12:04:00+05:30,402.25,402.3,402.2,402.2,14156,ITC
2025-02-25 12:05:00+05:30,402.15,402.3,402.1,402.25,19951,ITC
2025-02-25 12:06:00+05:30,402.25,402.5,402.15,402.4,29921,ITC
2025-02-25 12:07:00+05:30,402.4,402.5,402.25,402.25,24086,ITC
2025-02-25 12:08:00+05:30,402.3,402.5,402.2,402.35,19475,ITC
2025-02-25 12:09:00+05:30,402.4,402.45,402.25,402.4,16499,ITC
2025-02-25 12:10:00+05:30,402.35,402.5,402.25,402.5,32409,ITC
2025-02-25 12:11:00+05:30,402.5,402.95,402.45,402.85,96407,ITC
2025-02-25 12:12:00+05:30,402.85,402.95,402.65,402.85,65673,ITC
2025-02-25 12:13:00+05:30,402.85,403.0,402.8,402.85,91893,ITC
2025-02-25 12:14:00+05:30,402.95,403.0,402.8,402.8,61152,ITC
2025-02-25 12:15:00+05:30,402.85,402.95,402.8,402.85,31549,ITC
2025-02-25 12:16:00+05:30,402.85,403.0,402.8,402.9,130305,ITC
2025-02-25 12:17:00+05:30,402.95,403.35,402.85,402.9,154113,ITC
2025-02-25 12:18:00+05:30,403.0,403.25,402.95,403.25,35805,ITC
2025-02-25 12:19:00+05:30,403.25,403.3,403.2,403.3,16197,ITC
2025-02-25 12:20:00+05:30,403.25,403.5,403.1,403.3,149560,ITC
2025-02-25 12:21:00+05:30,403.45,403.8,403.3,403.65,118296,ITC
2025-02-25 12:22:00+05:30,403.65,403.75,403.55,403.7,10077,ITC
2025-02-25 12:23:00+05:30,403.7,403.7,403.45,403.45,20685,ITC
2025-02-25 12:24:00+05:30,403.55,403.6,403.4,403.6,16056,ITC
2025-02-25 12:25:00+05:30,403.6,403.7,403.5,403.7,16989,ITC
2025-02-25 12:26:00+05:30,403.7,403.75,403.6,403.7,19562,ITC
2025-02-25 12:27:00+05:30,403.65,403.7,403.55,403.7,10760,ITC
2025-02-25 12:28:00+05:30,403.7,403.75,403.6,403.7,21727,ITC
2025-02-25 12:29:00+05:30,403.7,403.75,403.7,403.75,11946,ITC
2025-02-25 12:30:00+05:30,403.75,403.75,403.65,403.7,21117,ITC
2025-02-25 12:31:00+05:30,403.7,403.7,403.55,403.65,31562,ITC
2025-02-25 12:32:00+05:30,403.7,403.7,403.6,403.6,10342,ITC
2025-02-25 12:33:00+05:30,403.65,403.65,403.45,403.65,34706,ITC
2025-02-25 12:34:00+05:30,403.65,403.65,403.6,403.65,8073,ITC
2025-02-25 12:35:00+05:30,403.65,403.65,403.6,403.65,9599,ITC
2025-02-25 12:36:00+05:30,403.65,403.65,403.6,403.65,9152,ITC
2025-02-25 12:37:00+05:30,403.6,403.7,403.6,403.6,23694,ITC
2025-02-25 12:38:00+05:30,403.65,403.75,403.6,403.7,6081,ITC
2025-02-25 12:39:00+05:30,403.7,403.75,403.6,403.7,13564,ITC
2025-02-25 12:40:00+05:30,403.75,403.75,403.55,403.65,13630,ITC
2025-02-25 12:41:00+05:30,403.65,403.65,403.6,403.65,11046,ITC
2025-02-25 12:42:00+05:30,403.65,403.7,403.5,403.6,27966,ITC
2025-02-25 12:43:00+05:30,403.65,403.9,403.55,403.85,47445,ITC
2025-02-25 12:44:00+05:30,403.85,403.9,403.75,403.9,17478,ITC
2025-02-25 12:45:00+05:30,403.85,403.95,403.75,403.85,17719,ITC
2025-02-25 12:46:00+05:30,403.85,404.0,403.8,403.9,16457,ITC
2025-02-25 12:47:00+05:30,403.9,403.95,403.7,403.75,17985,ITC
2025-02-25 12:48:00+05:30,403.85,404.0,403.7,403.85,13313,ITC
2025-02-25 12:49:00+05:30,403.9,404.0,403.85,403.9,9872,ITC
2025-02-25 12:50:00+05:30,403.95,404.0,403.8,404.0,19783,ITC
2025-02-25 12:51:00+05:30,404.0,404.0,403.85,403.9,13070,ITC
2025-02-25 12:52:00+05:30,404.0,404.0,403.9,403.9,16271,ITC
2025-02-25 12:53:00+05:30,404.0,404.0,403.9,403.9,22506,ITC
2025-02-25 12:54:00+05:30,403.9,404.0,403.85,403.9,11763,ITC
2025-02-25 12:55:00+05:30,403.9,404.0,403.85,404.0,27164,ITC
2025-02-25 12:56:00+05:30,404.0,404.0,403.8,403.95,22684,ITC
2025-02-25 12:57:00+05:30,403.95,404.0,403.85,403.95,16785,ITC
2025-02-25 12:58:00+05:30,403.95,404.0,403.85,404.0,19084,ITC
2025-02-25 12:59:00+05:30,404.0,404.0,403.85,403.85,12615,ITC
2025-02-25 13:00:00+05:30,403.95,404.0,403.85,403.85,16237,ITC
2025-02-25 13:01:00+05:30,403.95,403.95,403.85,403.95,17672,ITC
2025-02-25 13:02:00+05:30,403.95,403.95,403.85,403.9,37596,ITC
2025-02-25 13:03:00+05:30,403.95,404.0,403.85,404.0,35497,ITC
2025-02-25 13:04:00+05:30,404.0,404.45,403.95,404.4,164183,ITC
2025-02-25 13:05:00+05:30,404.35,404.4,404.2,404.35,21913,ITC
2025-02-25 13:06:00+05:30,404.35,404.4,404.2,404.25,10836,ITC
2025-02-25 13:07:00+05:30,404.3,404.45,404.25,404.3,28903,ITC
2025-02-25 13:08:00+05:30,404.3,404.45,404.25,404.35,29844,ITC
2025-02-25 13:09:00+05:30,404.35,404.45,404.25,404.45,40006,ITC
2025-02-25 13:10:00+05:30,404.3,404.65,404.2,404.65,64578,ITC
2025-02-25 13:11:00+05:30,404.65,404.85,404.45,404.85,46549,ITC
2025-02-25 13:12:00+05:30,404.85,404.95,404.7,404.9,53658,ITC
2025-02-25 13:13:00+05:30,404.9,405.0,404.9,405.0,37165,ITC
2025-02-25 13:14:00+05:30,405.0,405.0,404.75,404.85,35499,ITC
2025-02-25 13:15:00+05:30,404.8,404.95,404.7,404.75,46048,ITC
2025-02-25 13:16:00+05:30,404.75,405.1,404.75,405.1,50340,ITC
2025-02-25 13:17:00+05:30,405.1,405.25,405.05,405.1,45655,ITC
2025-02-25 13:18:00+05:30,405.1,405.25,405.05,405.2,30356,ITC
2025-02-25 13:19:00+05:30,405.2,405.25,405.05,405.05,25768,ITC
2025-02-25 13:20:00+05:30,405.25,405.25,404.7,404.75,43510,ITC
2025-02-25 13:21:00+05:30,404.8,404.9,404.55,404.65,21855,ITC
2025-02-25 13:22:00+05:30,404.65,404.8,404.55,404.6,12617,ITC
2025-02-25 13:23:00+05:30,404.6,404.95,404.55,404.8,24543,ITC
2025-02-25 13:24:00+05:30,404.95,405.1,404.8,404.85,22248,ITC
2025-02-25 13:25:00+05:30,404.85,405.15,404.85,405.05,34246,ITC
2025-02-25 13:26:00+05:30,405.05,405.15,404.8,404.85,39651,ITC
2025-02-25 13:27:00+05:30,404.95,405.1,404.85,405.1,34117,ITC
2025-02-25 13:28:00+05:30,405.0,405.15,405.0,405.15,23568,ITC
2025-02-25 13:29:00+05:30,405.15,405.2,405.0,405.2,23812,ITC
2025-02-25 13:30:00+05:30,405.25,405.25,404.9,405.05,71308,ITC
2025-02-25 13:31:00+05:30,405.05,405.2,404.9,405.15,10538,ITC
2025-02-25 13:32:00+05:30,405.15,405.35,405.05,405.25,17833,ITC
2025-02-25 13:33:00+05:30,405.25,405.4,405.25,405.4,11655,ITC
2025-02-25 13:34:00+05:30,405.4,405.45,405.3,405.35,10710,ITC
2025-02-25 13:35:00+05:30,405.35,405.5,405.3,405.5,40423,ITC
2025-02-25 13:36:00+05:30,405.5,405.6,405.3,405.45,40562,ITC
2025-02-25 13:37:00+05:30,405.4,405.5,405.35,405.5,14228,ITC
2025-02-25 13:38:00+05:30,405.5,405.6,405.35,405.35,31230,ITC
2025-02-25 13:39:00+05:30,405.35,405.45,405.2,405.3,16043,ITC
2025-02-25 13:40:00+05:30,405.3,405.45,405.25,405.4,29007,ITC
2025-02-25 13:41:00+05:30,405.35,405.45,405.15,405.25,20870,ITC
2025-02-25 13:42:00+05:30,405.25,405.5,405.1,405.25,149940,ITC
2025-02-25 13:43:00+05:30,405.35,405.65,405.1,405.2,120977,ITC
2025-02-25 13:44:00+05:30,405.25,405.4,405.0,405.25,49864,ITC
2025-02-25 13:45:00+05:30,405.4,405.4,405.25,405.25,38688,ITC
2025-02-25 13:46:00+05:30,405.25,405.4,405.2,405.3,40288,ITC
2025-02-25 13:47:00+05:30,405.35,405.45,405.25,405.4,26274,ITC
2025-02-25 13:48:00+05:30,405.4,405.5,405.25,405.5,28625,ITC
2025-02-25 13:49:00+05:30,405.45,405.6,405.45,405.55,29408,ITC
2025-02-25 13:50:00+05:30,405.6,405.7,405.55,405.65,44623,ITC
2025-02-25 13:51:00+05:30,405.7,405.7,405.5,405.5,31563,ITC
2025-02-25 13:52:00+05:30,405.6,405.6,405.35,405.6,17162,ITC
2025-02-25 13:53:00+05:30,405.45,406.2,405.45,406.15,145357,ITC
2025-02-25 13:54:00+05:30,406.0,406.5,406.0,406.2,117668,ITC
2025-02-25 13:55:00+05:30,406.2,406.4,406.05,406.1,83223,ITC
2025-02-25 13:56:00+05:30,406.1,406.6,406.1,406.6,87267,ITC
2025-02-25 13:57:00+05:30,406.6,406.6,406.3,406.45,37987,ITC
2025-02-25 13:58:00+05:30,406.5,406.65,406.2,406.45,99437,ITC
2025-02-25 13:59:00+05:30,406.45,406.5,406.15,406.25,34847,ITC
2025-02-25 14:00:00+05:30,406.3,406.8,406.2,406.65,119382,ITC
2025-02-25 14:01:00+05:30,406.7,407.0,406.3,406.5,99254,ITC
2025-02-25 14:02:00+05:30,406.55,406.55,406.05,406.2,35357,ITC
2025-02-25 14:03:00+05:30,406.25,406.35,406.05,406.1,46719,ITC
2025-02-25 14:04:00+05:30,406.05,406.2,405.8,406.05,30911,ITC
2025-02-25 14:05:00+05:30,406.1,406.15,405.9,406.1,48106,ITC
2025-02-25 14:06:00+05:30,406.1,406.15,405.9,406.0,27766,ITC
2025-02-25 14:07:00+05:30,406.1,406.25,405.9,406.15,30750,ITC
2025-02-25 14:08:00+05:30,406.1,406.3,405.8,406.25,53181,ITC
2025-02-25 14:09:00+05:30,406.2,406.3,406.0,406.05,11617,ITC
2025-02-25 14:10:00+05:30,406.05,406.2,406.0,406.1,29222,ITC
2025-02-25 14:11:00+05:30,406.1,406.2,406.0,406.1,20742,ITC
2025-02-25 14:12:00+05:30,406.1,406.35,406.0,406.3,54240,ITC
2025-02-25 14:13:00+05:30,406.35,406.35,406.0,406.1,37234,ITC
2025-02-25 14:14:00+05:30,406.25,406.3,406.1,406.2,31065,ITC
2025-02-25 14:15:00+05:30,406.2,406.45,406.1,406.1,57292,ITC
2025-02-25 14:16:00+05:30,406.25,406.35,406.15,406.3,26920,ITC
2025-02-25 14:17:00+05:30,406.35,406.4,406.2,406.35,33462,ITC
2025-02-25 14:18:00+05:30,406.4,406.55,406.3,406.5,26599,ITC
2025-02-25 14:19:00+05:30,406.5,406.55,406.1,406.5,65619,ITC
2025-02-25 14:20:00+05:30,406.45,406.8,406.15,406.55,112484,ITC
2025-02-25 14:21:00+05:30,406.45,406.75,406.25,406.7,32970,ITC
2025-02-25 14:22:00+05:30,406.65,406.95,406.6,406.75,95665,ITC
2025-02-25 14:23:00+05:30,406.75,406.75,406.4,406.75,30681,ITC
2025-02-25 14:24:00+05:30,406.75,406.8,406.55,406.75,14921,ITC
2025-02-25 14:25:00+05:30,406.75,406.8,406.5,406.7,31428,ITC
2025-02-25 14:26:00+05:30,406.65,406.85,406.5,406.75,41070,ITC
2025-02-25 14:27:00+05:30,406.85,406.95,406.45,406.6,85860,ITC
2025-02-25 14:28:00+05:30,406.6,406.85,406.5,406.55,44137,ITC
2025-02-25 14:29:00+05:30,406.6,406.8,406.55,406.65,54837,ITC
2025-02-25 14:30:00+05:30,406.65,406.7,406.35,406.6,29585,ITC
2025-02-25 14:31:00+05:30,406.5,406.65,406.35,406.6,41607,ITC
2025-02-25 14:32:00+05:30,406.6,406.65,406.45,406.6,15947,ITC
2025-02-25 14:33:00+05:30,406.6,406.75,406.5,406.65,25464,ITC
2025-02-25 14:34:00+05:30,406.65,407.0,406.45,407.0,46347,ITC
2025-02-25 14:35:00+05:30,406.95,407.0,406.5,406.65,67183,ITC
2025-02-25 14:36:00+05:30,406.75,406.85,406.6,406.75,22334,ITC
2025-02-25 14:37:00+05:30,406.75,406.8,406.55,406.6,28298,ITC
2025-02-25 14:38:00+05:30,406.6,406.7,406.3,406.45,31786,ITC
2025-02-25 14:39:00+05:30,406.45,406.5,406.2,406.5,41938,ITC
2025-02-25 14:40:00+05:30,406.5,406.55,406.25,406.3,22989,ITC
2025-02-25 14:41:00+05:30,406.3,406.45,406.15,406.25,14752,ITC
2025-02-25 14:42:00+05:30,406.25,406.55,406.15,406.5,36257,ITC
2025-02-25 14:43:00+05:30,406.5,406.7,406.35,406.65,58747,ITC
2025-02-25 14:44:00+05:30,406.7,407.0,406.55,406.7,71559,ITC
2025-02-25 14:45:00+05:30,406.7,406.7,406.35,406.5,39001,ITC
2025-02-25 14:46:00+05:30,406.45,406.6,406.05,406.05,14191,ITC
2025-02-25 14:47:00+05:30,406.05,406.3,406.0,406.0,38362,ITC
2025-02-25 14:48:00+05:30,406.0,406.1,405.5,405.5,44830,ITC
2025-02-25 14:49:00+05:30,405.6,405.75,405.5,405.55,18276,ITC
2025-02-25 14:50:00+05:30,405.65,405.8,405.5,405.5,33719,ITC
2025-02-25 14:51:00+05:30,405.5,405.55,405.25,405.35,36981,ITC
2025-02-25 14:52:00+05:30,405.35,405.45,405.2,405.3,19292,ITC
2025-02-25 14:53:00+05:30,405.3,405.35,405.05,405.2,38702,ITC
2025-02-25 14:54:00+05:30,405.1,405.25,405.05,405.2,39286,ITC
2025-02-25 14:55:00+05:30,405.2,405.2,405.05,405.05,13146,ITC
2025-02-25 14:56:00+05:30,405.1,405.15,405.0,405.05,31162,ITC
2025-02-25 14:57:00+05:30,405.1,405.4,405.0,405.3,70880,ITC
2025-02-25 14:58:00+05:30,405.15,405.3,405.1,405.2,39887,ITC
2025-02-25 14:59:00+05:30,405.15,405.3,405.0,405.15,92092,ITC
2025-02-25 15:00:00+05:30,405.15,405.15,404.9,405.05,101070,ITC
2025-02-25 15:01:00+05:30,405.1,405.2,404.9,405.0,156834,ITC
2025-02-25 15:02:00+05:30,405.05,405.1,404.7,404.9,101637,ITC
2025-02-25 15:03:00+05:30,404.9,405.25,404.9,404.95,74760,ITC
2025-02-25 15:04:00+05:30,405.05,405.1,404.8,404.8,85119,ITC
2025-02-25 15:05:00+05:30,404.9,405.15,404.8,405.1,217346,ITC
2025-02-25 15:06:00+05:30,405.1,405.1,404.85,405.0,98558,ITC
2025-02-25 15:07:00+05:30,405.05,405.2,404.75,405.0,154679,ITC
2025-02-25 15:08:00+05:30,405.05,405.1,404.7,404.95,136233,ITC
2025-02-25 15:09:00+05:30,404.95,405.25,404.7,404.9,166854,ITC
2025-02-25 15:10:00+05:30,404.95,405.25,404.7,404.85,219096,ITC
2025-02-25 15:11:00+05:30,404.9,405.25,404.85,405.0,160262,ITC
2025-02-25 15:12:00+05:30,405.05,405.2,404.85,405.0,114549,ITC
2025-02-25 15:13:00+05:30,405.05,405.1,404.9,404.9,106967,ITC
2025-02-25 15:14:00+05:30,404.95,405.3,404.85,405.0,162887,ITC
2025-02-25 15:15:00+05:30,405.05,405.1,404.7,404.95,111793,ITC
2025-02-25 15:16:00+05:30,404.9,405.2,404.7,404.8,167754,ITC
2025-02-25 15:17:00+05:30,404.9,405.0,404.5,404.7,98426,ITC
2025-02-25 15:18:00+05:30,404.75,405.05,404.65,404.75,157380,ITC
2025-02-25 15:19:00+05:30,404.75,405.05,404.65,405.0,115904,ITC
2025-02-25 15:20:00+05:30,405.0,405.05,404.65,404.8,224654,ITC
2025-02-25 15:21:00+05:30,404.75,405.0,404.65,404.75,217689,ITC
2025-02-25 15:22:00+05:30,404.75,404.9,404.5,404.7,156701,ITC
2025-02-25 15:23:00+05:30,404.65,404.8,404.35,404.65,100358,ITC
2025-02-25 15:24:00+05:30,404.75,404.95,404.55,404.7,152289,ITC
2025-02-25 15:25:00+05:30,404.7,404.9,404.4,404.65,118859,ITC
2025-02-25 15:26:00+05:30,404.65,404.9,404.3,404.6,138422,ITC
2025-02-25 15:27:00+05:30,404.6,404.6,403.75,403.95,88073,ITC
2025-02-25 15:28:00+05:30,403.95,404.2,402.75,403.65,132067,ITC
2025-02-25 15:29:00+05:30,403.85,404.2,403.4,404.0,29912,ITC
2025-02-27 09:15:00+05:30,404.85,406.5,404.45,404.7,175810,ITC
2025-02-27 09:16:00+05:30,404.6,405.4,404.2,405.0,70868,ITC
2025-02-27 09:17:00+05:30,405.0,405.05,404.5,404.95,35780,ITC
2025-02-27 09:18:00+05:30,404.8,406.2,404.8,405.95,38242,ITC
2025-02-27 09:19:00+05:30,406.1,406.4,405.55,405.7,43826,ITC
2025-02-27 09:20:00+05:30,405.7,405.8,405.4,405.7,31346,ITC
2025-02-27 09:21:00+05:30,405.7,406.2,405.6,406.1,36939,ITC
2025-02-27 09:22:00+05:30,406.1,406.35,405.95,406.2,57252,ITC
2025-02-27 09:23:00+05:30,406.2,406.3,405.3,405.35,53692,ITC
2025-02-27 09:24:00+05:30,405.5,405.6,405.2,405.4,35912,ITC
2025-02-27 09:25:00+05:30,405.4,405.45,405.0,405.2,51521,ITC
2025-02-27 09:26:00+05:30,405.05,405.25,404.8,405.15,47279,ITC
2025-02-27 09:27:00+05:30,405.15,405.8,405.0,405.0,34253,ITC
2025-02-27 09:28:00+05:30,405.05,405.75,404.95,405.7,54069,ITC
2025-02-27 09:29:00+05:30,405.7,405.85,405.0,405.2,37423,ITC
2025-02-27 09:30:00+05:30,405.25,405.25,404.3,404.3,55173,ITC
2025-02-27 09:31:00+05:30,404.3,404.95,404.25,404.9,60986,ITC
2025-02-27 09:32:00+05:30,404.8,405.05,404.55,404.7,37089,ITC
2025-02-27 09:33:00+05:30,404.85,405.05,404.6,404.8,16224,ITC
2025-02-27 09:34:00+05:30,404.85,404.9,404.45,404.5,19536,ITC
2025-02-27 09:35:00+05:30,404.5,404.7,404.0,404.3,62399,ITC
2025-02-27 09:36:00+05:30,404.35,405.05,404.35,405.0,30096,ITC
2025-02-27 09:37:00+05:30,404.9,404.95,404.25,404.25,11623,ITC
2025-02-27 09:38:00+05:30,404.45,404.45,403.8,404.0,42533,ITC
2025-02-27 09:39:00+05:30,404.05,404.7,403.85,404.55,45901,ITC
2025-02-27 09:40:00+05:30,404.45,404.7,404.3,404.4,76105,ITC
2025-02-27 09:41:00+05:30,404.5,404.85,404.45,404.8,50968,ITC
2025-02-27 09:42:00+05:30,404.8,405.25,404.65,405.05,38405,ITC
2025-02-27 09:43:00+05:30,405.2,405.4,404.9,405.3,42534,ITC
2025-02-27 09:44:00+05:30,405.2,405.25,404.7,404.85,42612,ITC
2025-02-27 09:45:00+05:30,404.8,404.95,404.5,404.65,31547,ITC
2025-02-27 09:46:00+05:30,404.65,404.75,404.4,404.45,31541,ITC
2025-02-27 09:47:00+05:30,404.5,404.6,404.1,404.25,22001,ITC
2025-02-27 09:48:00+05:30,404.2,404.25,403.6,403.7,46826,ITC
2025-02-27 09:49:00+05:30,403.7,403.7,403.25,403.4,28089,ITC
2025-02-27 09:50:00+05:30,403.5,403.5,403.0,403.05,45765,ITC
2025-02-27 09:51:00+05:30,403.15,403.15,402.8,402.95,53555,ITC
2025-02-27 09:52:00+05:30,402.9,403.05,402.65,403.0,36329,ITC
2025-02-27 09:53:00+05:30,403.0,403.1,402.5,402.75,32874,ITC
2025-02-27 09:54:00+05:30,402.75,402.95,402.6,402.7,40682,ITC
2025-02-27 09:55:00+05:30,402.7,403.05,402.5,402.85,25340,ITC
2025-02-27 09:56:00+05:30,402.9,403.0,402.7,403.0,24496,ITC
2025-02-27 09:57:00+05:30,403.0,403.0,402.7,402.85,15780,ITC
2025-02-27 09:58:00+05:30,402.85,402.85,402.5,402.6,11699,ITC
2025-02-27 09:59:00+05:30,402.6,402.6,402.4,402.5,25246,ITC
2025-02-27 10:00:00+05:30,402.5,402.65,402.25,402.5,20484,ITC
2025-02-27 10:01:00+05:30,402.5,402.55,402.25,402.45,7720,ITC
2025-02-27 10:02:00+05:30,402.45,402.45,402.2,402.25,11793,ITC
2025-02-27 10:03:00+05:30,402.35,402.35,402.1,402.25,8940,ITC
2025-02-27 10:04:00+05:30,402.25,402.5,402.1,402.5,45694,ITC
2025-02-27 10:05:00+05:30,402.5,402.75,402.45,402.55,20479,ITC
2025-02-27 10:06:00+05:30,402.55,402.7,402.4,402.45,11727,ITC
2025-02-27 10:07:00+05:30,402.6,402.65,402.05,402.25,13137,ITC
2025-02-27 10:08:00+05:30,402.25,402.25,401.6,401.9,52225,ITC
2025-02-27 10:09:00+05:30,401.9,401.9,401.75,401.8,18410,ITC
2025-02-27 10:10:00+05:30,401.8,401.8,401.5,401.6,15300,ITC
2025-02-27 10:11:00+05:30,401.6,401.6,401.25,401.3,21318,ITC
2025-02-27 10:12:00+05:30,401.3,401.35,401.2,401.3,19017,ITC
2025-02-27 10:13:00+05:30,401.3,401.95,401.25,401.6,68592,ITC
2025-02-27 10:14:00+05:30,401.6,401.6,401.45,401.55,10855,ITC
2025-02-27 10:15:00+05:30,401.55,401.8,401.3,401.7,16406,ITC
2025-02-27 10:16:00+05:30,401.8,402.0,401.65,401.9,15291,ITC
2025-02-27 10:17:00+05:30,401.9,402.1,401.85,402.0,19097,ITC
2025-02-27 10:18:00+05:30,402.0,402.1,401.85,401.9,10191,ITC
2025-02-27 10:19:00+05:30,401.9,401.9,401.4,401.55,7868,ITC
2025-02-27 10:20:00+05:30,401.55,401.7,401.35,401.45,45467,ITC
2025-02-27 10:21:00+05:30,401.45,401.45,401.2,401.25,17311,ITC
2025-02-27 10:22:00+05:30,401.2,401.2,400.75,401.05,52737,ITC
2025-02-27 10:23:00+05:30,401.05,401.1,400.9,401.1,13350,ITC
2025-02-27 10:24:00+05:30,401.05,401.1,400.4,400.5,57620,ITC
2025-02-27 10:25:00+05:30,400.5,400.55,400.1,400.3,35119,ITC
2025-02-27 10:26:00+05:30,400.35,400.45,400.15,400.45,27243,ITC
2025-02-27 10:27:00+05:30,400.35,400.55,400.2,400.55,27520,ITC
2025-02-27 10:28:00+05:30,400.5,400.7,400.4,400.65,9439,ITC
2025-02-27 10:29:00+05:30,400.65,400.95,400.6,400.65,22763,ITC
2025-02-27 10:30:00+05:30,400.65,401.05,400.5,400.9,62653,ITC
2025-02-27 10:31:00+05:30,400.95,401.1,400.65,400.9,15050,ITC
2025-02-27 10:32:00+05:30,400.9,400.9,400.6,400.6,9921,ITC
2025-02-27 10:33:00+05:30,400.6,400.9,400.45,400.8,21541,ITC
2025-02-27 10:34:00+05:30,400.8,400.85,400.4,400.5,13228,ITC
2025-02-27 10:35:00+05:30,400.45,400.5,400.25,400.45,23200,ITC
2025-02-27 10:36:00+05:30,400.45,400.45,400.4,400.45,8219,ITC
2025-02-27 10:37:00+05:30,400.4,400.45,400.4,400.45,7592,ITC
2025-02-27 10:38:00+05:30,400.45,400.75,400.35,400.7,73383,ITC
2025-02-27 10:39:00+05:30,400.7,400.8,400.55,400.7,8912,ITC
2025-02-27 10:40:00+05:30,400.7,401.15,400.65,401.0,40905,ITC
2025-02-27 10:41:00+05:30,400.9,400.95,400.6,400.95,55877,ITC
2025-02-27 10:42:00+05:30,400.8,401.05,400.8,400.85,30612,ITC
2025-02-27 10:43:00+05:30,401.05,401.05,400.85,401.0,12700,ITC
2025-02-27 10:44:00+05:30,401.0,401.05,400.95,401.05,20931,ITC
2025-02-27 10:45:00+05:30,401.05,401.05,401.0,401.05,14618,ITC
2025-02-27 10:46:00+05:30,401.05,401.05,400.95,401.05,22108,ITC
2025-02-27 10:47:00+05:30,401.0,401.05,400.75,400.8,56236,ITC
2025-02-27 10:48:00+05:30,400.8,400.85,400.75,400.8,37052,ITC
2025-02-27 10:49:00+05:30,400.8,400.9,400.7,400.9,18688,ITC
2025-02-27 10:50:00+05:30,400.7,400.9,400.7,400.9,12641,ITC
2025-02-27 10:51:00+05:30,400.9,401.05,400.75,401.05,29387,ITC
2025-02-27 10:52:00+05:30,401.05,401.05,400.85,401.05,16577,ITC
2025-02-27 10:53:00+05:30,401.05,401.05,400.7,400.85,18076,ITC
2025-02-27 10:54:00+05:30,400.85,400.85,400.65,400.75,10051,ITC
2025-02-27 10:55:00+05:30,400.85,400.85,400.7,400.85,11701,ITC
2025-02-27 10:56:00+05:30,400.85,400.85,400.65,400.85,8603,ITC
2025-02-27 10:57:00+05:30,400.8,400.85,400.3,400.5,38920,ITC
2025-02-27 10:58:00+05:30,400.45,400.5,400.2,400.2,24863,ITC
2025-02-27 10:59:00+05:30,400.2,401.2,400.2,401.0,118379,ITC
2025-02-27 11:00:00+05:30,400.9,401.2,400.9,401.15,44526,ITC
2025-02-27 11:01:00+05:30,401.1,401.15,400.65,401.15,39837,ITC
2025-02-27 11:02:00+05:30,401.15,401.2,400.9,401.05,25653,ITC
2025-02-27 11:03:00+05:30,400.95,401.05,400.65,401.0,51726,ITC
2025-02-27 11:04:00+05:30,400.95,401.15,400.85,401.0,38134,ITC
2025-02-27 11:05:00+05:30,401.0,401.05,400.75,400.8,14187,ITC
2025-02-27 11:06:00+05:30,400.75,400.8,400.6,400.75,13069,ITC
2025-02-27 11:07:00+05:30,400.75,400.75,400.45,400.65,18586,ITC
2025-02-27 11:08:00+05:30,400.65,400.65,400.35,400.4,13365,ITC
2025-02-27 11:09:00+05:30,400.45,400.5,400.15,400.4,48818,ITC
2025-02-27 11:10:00+05:30,400.35,400.45,400.25,400.4,25939,ITC
2025-02-27 11:11:00+05:30,400.35,400.65,400.3,400.65,28446,ITC
2025-02-27 11:12:00+05:30,400.65,400.65,400.4,400.55,14208,ITC
2025-02-27 11:13:00+05:30,400.55,400.75,400.4,400.65,27628,ITC
2025-02-27 11:14:00+05:30,400.7,401.35,400.7,401.2,75251,ITC
2025-02-27 11:15:00+05:30,401.15,401.55,401.05,401.4,78525,ITC
2025-02-27 11:16:00+05:30,401.4,401.4,401.2,401.2,20281,ITC
2025-02-27 11:17:00+05:30,401.3,401.3,401.0,401.1,35199,ITC
2025-02-27 11:18:00+05:30,401.05,401.2,401.0,401.05,25370,ITC
2025-02-27 11:19:00+05:30,401.1,401.2,401.05,401.15,18859,ITC
2025-02-27 11:20:00+05:30,401.1,401.2,401.0,401.15,24389,ITC
2025-02-27 11:21:00+05:30,401.15,401.15,401.0,401.15,24733,ITC
2025-02-27 11:22:00+05:30,401.05,401.25,401.0,401.2,47822,ITC
2025-02-27 11:23:00+05:30,401.25,401.25,400.85,400.95,39010,ITC
2025-02-27 11:24:00+05:30,400.95,401.0,400.4,400.45,15515,ITC
2025-02-27 11:25:00+05:30,400.45,400.45,400.25,400.35,26659,ITC
2025-02-27 11:26:00+05:30,400.45,400.45,400.3,400.45,5462,ITC
2025-02-27 11:27:00+05:30,400.45,400.45,400.2,400.35,9684,ITC
2025-02-27 11:28:00+05:30,400.35,400.35,400.15,400.3,16913,ITC
2025-02-27 11:29:00+05:30,400.3,400.3,400.1,400.3,10369,ITC
2025-02-27 11:30:00+05:30,400.3,400.3,400.1,400.25,17953,ITC
2025-02-27 11:31:00+05:30,400.1,400.45,400.1,400.4,21089,ITC
2025-02-27 11:32:00+05:30,400.35,400.5,400.3,400.45,11803,ITC
2025-02-27 11:33:00+05:30,400.4,400.5,400.2,400.35,13099,ITC
2025-02-27 11:34:00+05:30,400.35,400.35,400.05,400.2,30228,ITC
2025-02-27 11:35:00+05:30,400.15,400.35,400.1,400.35,13058,ITC
2025-02-27 11:36:00+05:30,400.35,400.35,400.15,400.35,9249,ITC
2025-02-27 11:37:00+05:30,400.3,400.5,400.2,400.5,16583,ITC
2025-02-27 11:38:00+05:30,400.5,400.55,400.4,400.55,12213,ITC
2025-02-27 11:39:00+05:30,400.55,400.55,400.4,400.55,7463,ITC
2025-02-27 11:40:00+05:30,400.55,400.55,400.3,400.3,10596,ITC
2025-02-27 11:41:00+05:30,400.5,400.5,400.25,400.4,10572,ITC
2025-02-27 11:42:00+05:30,400.3,400.4,400.1,400.3,20299,ITC
2025-02-27 11:43:00+05:30,400.3,400.45,400.1,400.25,9650,ITC
2025-02-27 11:44:00+05:30,400.3,400.35,400.15,400.35,6153,ITC
2025-02-27 11:45:00+05:30,400.35,400.4,400.2,400.3,19768,ITC
2025-02-27 11:46:00+05:30,400.3,400.4,400.05,400.3,24079,ITC
2025-02-27 11:47:00+05:30,400.3,400.3,400.05,400.2,14360,ITC
2025-02-27 11:48:00+05:30,400.2,400.3,400.1,400.2,20354,ITC
2025-02-27 11:49:00+05:30,400.2,400.35,400.1,400.35,18013,ITC
2025-02-27 11:50:00+05:30,400.35,400.35,400.2,400.2,9412,ITC
2025-02-27 11:51:00+05:30,400.35,400.45,400.2,400.45,14659,ITC
2025-02-27 11:52:00+05:30,400.45,400.45,400.3,400.4,7302,ITC
2025-02-27 11:53:00+05:30,400.4,400.4,400.25,400.35,9819,ITC
2025-02-27 11:54:00+05:30,400.35,400.8,400.3,400.65,28379,ITC
2025-02-27 11:55:00+05:30,400.5,400.7,400.3,400.45,18177,ITC
2025-02-27 11:56:00+05:30,400.45,400.45,400.25,400.3,5103,ITC
2025-02-27 11:57:00+05:30,400.3,400.3,400.15,400.25,9749,ITC
2025-02-27 11:58:00+05:30,400.25,400.25,400.1,400.2,6231,ITC
2025-02-27 11:59:00+05:30,400.1,400.2,400.0,400.2,20583,ITC
2025-02-27 12:00:00+05:30,400.2,400.55,399.9,400.45,106010,ITC
2025-02-27 12:01:00+05:30,400.45,400.45,400.15,400.3,4325,ITC
2025-02-27 12:02:00+05:30,400.3,400.3,400.05,400.25,12808,ITC
2025-02-27 12:03:00+05:30,400.2,400.25,400.05,400.2,7093,ITC
2025-02-27 12:04:00+05:30,400.2,400.35,400.05,400.3,14193,ITC
2025-02-27 12:05:00+05:30,400.3,400.3,400.05,400.15,17403,ITC
2025-02-27 12:06:00+05:30,400.15,400.15,399.95,400.05,27549,ITC
2025-02-27 12:07:00+05:30,400.1,400.25,400.0,400.15,20350,ITC
2025-02-27 12:08:00+05:30,400.15,400.15,400.0,400.1,8173,ITC
2025-02-27 12:09:00+05:30,400.05,400.1,400.05,400.05,7894,ITC
2025-02-27 12:10:00+05:30,400.1,400.1,400.0,400.1,6806,ITC
2025-02-27 12:11:00+05:30,400.1,400.1,399.85,400.0,20894,ITC
2025-02-27 12:12:00+05:30,399.85,400.0,399.7,399.95,20190,ITC
2025-02-27 12:13:00+05:30,399.95,400.0,399.7,400.0,22955,ITC
2025-02-27 12:14:00+05:30,400.0,400.25,399.9,400.2,71572,ITC
2025-02-27 12:15:00+05:30,400.2,400.45,400.05,400.25,29401,ITC
2025-02-27 12:16:00+05:30,400.25,400.3,400.15,400.25,16933,ITC
2025-02-27 12:17:00+05:30,400.15,400.25,400.05,400.2,5191,ITC
2025-02-27 12:18:00+05:30,400.2,400.2,400.05,400.05,8875,ITC
2025-02-27 12:19:00+05:30,400.2,400.2,400.05,400.1,7265,ITC
2025-02-27 12:20:00+05:30,400.2,400.2,400.05,400.2,40649,ITC
2025-02-27 12:21:00+05:30,400.2,400.25,400.1,400.2,7133,ITC
2025-02-27 12:22:00+05:30,400.2,400.5,400.2,400.5,29224,ITC
2025-02-27 12:23:00+05:30,400.5,400.5,400.3,400.4,11304,ITC
2025-02-27 12:24:00+05:30,400.4,400.4,400.1,400.1,13591,ITC
2025-02-27 12:25:00+05:30,400.25,400.25,400.1,400.2,8990,ITC
2025-02-27 12:26:00+05:30,400.2,400.25,400.05,400.25,28066,ITC
2025-02-27 12:27:00+05:30,400.25,400.3,400.05,400.2,8489,ITC
2025-02-27 12:28:00+05:30,400.2,400.2,399.95,400.0,16237,ITC
2025-02-27 12:29:00+05:30,400.0,400.0,399.8,399.9,22737,ITC
2025-02-27 12:30:00+05:30,399.9,399.9,399.65,399.85,9426,ITC
2025-02-27 12:31:00+05:30,399.85,399.85,399.7,399.85,5282,ITC
2025-02-27 12:32:00+05:30,399.85,399.85,399.5,399.65,18752,ITC
2025-02-27 12:33:00+05:30,399.65,399.8,399.5,399.55,22785,ITC
2025-02-27 12:34:00+05:30,399.8,399.8,399.6,399.6,8972,ITC
2025-02-27 12:35:00+05:30,399.65,399.65,399.5,399.6,16479,ITC
2025-02-27 12:36:00+05:30,399.55,399.8,399.5,399.6,19766,ITC
2025-02-27 12:37:00+05:30,399.6,399.9,399.6,399.8,13194,ITC
2025-02-27 12:38:00+05:30,399.7,399.85,399.5,399.85,26471,ITC
2025-02-27 12:39:00+05:30,399.8,399.95,399.65,399.95,16161,ITC
2025-02-27 12:40:00+05:30,399.9,400.0,399.75,400.0,7354,ITC
2025-02-27 12:41:00+05:30,399.9,400.1,399.9,400.1,13989,ITC
2025-02-27 12:42:00+05:30,400.1,400.15,399.95,400.0,3522,ITC
2025-02-27 12:43:00+05:30,400.15,400.15,399.8,399.95,10846,ITC
2025-02-27 12:44:00+05:30,399.95,400.0,399.8,400.0,14377,ITC
2025-02-27 12:45:00+05:30,400.0,400.5,399.9,400.45,48135,ITC
2025-02-27 12:46:00+05:30,400.45,400.5,400.35,400.45,10325,ITC
2025-02-27 12:47:00+05:30,400.45,400.45,400.3,400.4,12355,ITC
2025-02-27 12:48:00+05:30,400.4,400.45,400.25,400.4,10254,ITC
2025-02-27 12:49:00+05:30,400.4,400.7,400.4,400.65,22237,ITC
2025-02-27 12:50:00+05:30,400.7,400.95,400.6,400.8,14572,ITC
2025-02-27 12:51:00+05:30,400.8,401.0,400.75,401.0,13648,ITC
2025-02-27 12:52:00+05:30,401.0,401.0,400.8,401.0,13828,ITC
2025-02-27 12:53:00+05:30,401.0,401.2,400.9,401.1,17002,ITC
2025-02-27 12:54:00+05:30,401.05,401.15,401.0,401.1,8481,ITC
2025-02-27 12:55:00+05:30,401.1,401.25,401.0,401.2,12113,ITC
2025-02-27 12:56:00+05:30,401.25,401.35,401.05,401.3,16449,ITC
2025-02-27 12:57:00+05:30,401.25,401.3,401.1,401.15,9106,ITC
2025-02-27 12:58:00+05:30,401.25,401.25,401.0,401.05,12547,ITC
2025-02-27 12:59:00+05:30,401.1,401.2,400.9,401.2,15428,ITC
2025-02-27 13:00:00+05:30,401.2,401.75,401.15,401.7,33820,ITC
2025-02-27 13:01:00+05:30,401.7,401.8,401.4,401.55,25820,ITC
2025-02-27 13:02:00+05:30,401.6,401.65,401.25,401.45,17308,ITC
2025-02-27 13:03:00+05:30,401.45,401.55,401.25,401.55,18507,ITC
2025-02-27 13:04:00+05:30,401.55,401.65,401.3,401.4,21231,ITC
2025-02-27 13:05:00+05:30,401.6,401.7,401.35,401.55,19771,ITC
2025-02-27 13:06:00+05:30,401.55,401.6,401.35,401.35,13827,ITC
2025-02-27 13:07:00+05:30,401.35,401.55,401.2,401.35,33751,ITC
2025-02-27 13:08:00+05:30,401.35,401.6,401.25,401.3,15363,ITC
2025-02-27 13:09:00+05:30,401.45,401.5,401.25,401.3,25204,ITC
2025-02-27 13:10:00+05:30,401.4,401.5,401.1,401.15,30701,ITC
2025-02-27 13:11:00+05:30,401.2,401.2,401.1,401.15,14249,ITC
2025-02-27 13:12:00+05:30,401.15,401.15,400.45,400.7,36360,ITC
2025-02-27 13:13:00+05:30,400.75,400.9,400.5,400.85,28490,ITC
2025-02-27 13:14:00+05:30,400.9,400.95,400.6,400.75,32277,ITC
2025-02-27 13:15:00+05:30,400.75,401.15,400.5,400.95,48853,ITC
2025-02-27 13:16:00+05:30,401.05,401.2,400.85,401.0,28040,ITC
2025-02-27 13:17:00+05:30,401.1,401.15,400.85,401.0,22917,ITC
2025-02-27 13:18:00+05:30,401.0,401.15,400.8,400.95,22249,ITC
2025-02-27 13:19:00+05:30,400.95,401.15,400.9,401.1,21405,ITC
2025-02-27 13:20:00+05:30,401.1,401.15,400.85,401.0,19981,ITC
2025-02-27 13:21:00+05:30,401.05,401.05,400.8,401.0,23053,ITC
2025-02-27 13:22:00+05:30,401.05,401.2,400.8,401.15,26073,ITC
2025-02-27 13:23:00+05:30,401.1,401.3,401.05,401.15,42389,ITC
2025-02-27 13:24:00+05:30,401.2,401.65,401.1,401.55,64731,ITC
2025-02-27 13:25:00+05:30,401.55,401.65,401.35,401.5,62268,ITC
2025-02-27 13:26:00+05:30,401.6,401.7,401.4,401.6,37917,ITC
2025-02-27 13:27:00+05:30,401.7,401.85,401.5,401.75,52785,ITC
2025-02-27 13:28:00+05:30,401.8,401.8,401.45,401.55,46007,ITC
2025-02-27 13:29:00+05:30,401.6,401.8,401.35,401.75,51325,ITC
2025-02-27 13:30:00+05:30,401.75,401.8,401.55,401.55,23046,ITC
2025-02-27 13:31:00+05:30,401.7,401.7,401.25,401.55,63655,ITC
2025-02-27 13:32:00+05:30,401.55,401.7,401.5,401.55,39360,ITC
2025-02-27 13:33:00+05:30,401.55,401.8,401.5,401.5,25953,ITC
2025-02-27 13:34:00+05:30,401.65,401.65,401.25,401.3,99156,ITC
2025-02-27 13:35:00+05:30,401.3,401.45,401.1,401.35,35470,ITC
2025-02-27 13:36:00+05:30,401.35,401.4,401.1,401.3,30152,ITC
2025-02-27 13:37:00+05:30,401.35,401.35,401.1,401.15,16659,ITC
2025-02-27 13:38:00+05:30,401.25,401.4,400.6,401.35,105823,ITC
2025-02-27 13:39:00+05:30,401.35,401.4,401.0,401.3,32957,ITC
2025-02-27 13:40:00+05:30,401.3,401.45,401.05,401.3,46786,ITC
2025-02-27 13:41:00+05:30,401.45,401.5,401.15,401.25,44528,ITC
2025-02-27 13:42:00+05:30,401.4,401.45,401.1,401.25,64438,ITC
2025-02-27 13:43:00+05:30,401.25,401.45,401.1,401.45,43357,ITC
2025-02-27 13:44:00+05:30,401.5,401.5,401.2,401.4,34201,ITC
2025-02-27 13:45:00+05:30,401.45,401.6,401.25,401.5,39374,ITC
2025-02-27 13:46:00+05:30,401.6,401.6,401.35,401.5,24271,ITC
2025-02-27 13:47:00+05:30,401.5,401.65,401.35,401.55,17765,ITC
2025-02-27 13:48:00+05:30,401.6,401.8,401.4,401.8,34802,ITC
2025-02-27 13:49:00+05:30,401.8,401.8,401.5,401.5,15035,ITC
2025-02-27 13:50:00+05:30,401.55,401.6,401.3,401.5,44206,ITC
2025-02-27 13:51:00+05:30,401.5,401.7,401.35,401.65,25762,ITC
2025-02-27 13:52:00+05:30,401.65,401.75,401.35,401.6,45098,ITC
2025-02-27 13:53:00+05:30,401.75,401.85,401.5,401.75,31100,ITC
2025-02-27 13:54:00+05:30,401.75,401.8,401.55,401.7,27608,ITC
2025-02-27 13:55:00+05:30,401.8,401.9,401.55,401.8,52210,ITC
2025-02-27 13:56:00+05:30,401.75,401.9,401.5,401.8,1124787,ITC
2025-02-27 13:57:00+05:30,401.8,401.95,401.75,401.85,58734,ITC
2025-02-27 13:58:00+05:30,401.85,401.85,401.55,401.6,27064,ITC
2025-02-27 13:59:00+05:30,401.8,401.9,401.5,401.9,52266,ITC
2025-02-27 14:00:00+05:30,401.9,402.3,401.5,402.3,2219697,ITC
2025-02-27 14:01:00+05:30,402.3,402.6,402.0,402.2,123634,ITC
2025-02-27 14:02:00+05:30,402.2,402.3,401.75,401.9,49567,ITC
2025-02-27 14:03:00+05:30,401.9,402.15,401.55,402.15,92364,ITC
2025-02-27 14:04:00+05:30,402.15,402.35,401.95,402.1,34302,ITC
2025-02-27 14:05:00+05:30,402.1,402.2,401.95,402.15,20645,ITC
2025-02-27 14:06:00+05:30,402.15,402.55,402.05,402.3,43154,ITC
2025-02-27 14:07:00+05:30,402.35,402.5,402.15,402.4,50071,ITC
2025-02-27 14:08:00+05:30,402.45,402.6,402.3,402.5,49880,ITC
2025-02-27 14:09:00+05:30,402.5,402.7,402.3,402.5,41871,ITC
2025-02-27 14:10:00+05:30,402.5,402.7,402.2,402.5,46302,ITC
2025-02-27 14:11:00+05:30,402.5,402.5,402.15,402.45,25263,ITC
2025-02-27 14:12:00+05:30,402.45,402.6,402.3,402.6,37503,ITC
2025-02-27 14:13:00+05:30,402.6,402.6,402.3,402.45,20004,ITC
2025-02-27 14:14:00+05:30,402.5,402.6,402.25,402.45,26107,ITC
2025-02-27 14:15:00+05:30,402.45,402.55,402.2,402.25,34471,ITC
2025-02-27 14:16:00+05:30,402.35,402.35,402.15,402.15,37019,ITC
2025-02-27 14:17:00+05:30,402.3,402.3,402.0,402.25,20128,ITC
2025-02-27 14:18:00+05:30,402.25,402.35,402.05,402.25,39222,ITC
2025-02-27 14:19:00+05:30,402.25,402.25,401.8,401.95,38964,ITC
2025-02-27 14:20:00+05:30,402.0,402.05,401.55,402.0,101676,ITC
2025-02-27 14:21:00+05:30,402.0,402.0,401.65,401.65,16530,ITC
2025-02-27 14:22:00+05:30,401.75,401.75,401.5,401.6,20833,ITC
2025-02-27 14:23:00+05:30,401.6,401.7,401.5,401.7,29164,ITC
2025-02-27 14:24:00+05:30,401.7,402.0,401.6,401.85,35402,ITC
2025-02-27 14:25:00+05:30,401.85,402.0,401.7,401.9,20816,ITC
2025-02-27 14:26:00+05:30,401.9,402.0,401.8,401.95,34808,ITC
2025-02-27 14:27:00+05:30,402.0,402.0,401.65,401.8,13225,ITC
2025-02-27 14:28:00+05:30,401.8,401.8,401.5,401.75,27383,ITC
2025-02-27 14:29:00+05:30,401.75,401.8,401.6,401.65,18707,ITC
2025-02-27 14:30:00+05:30,401.65,402.05,401.6,402.0,52016,ITC
2025-02-27 14:31:00+05:30,402.0,402.1,401.6,401.75,24893,ITC
2025-02-27 14:32:00+05:30,401.75,401.9,401.5,401.9,37732,ITC
2025-02-27 14:33:00+05:30,401.9,402.0,401.65,401.75,38225,ITC
2025-02-27 14:34:00+05:30,401.85,401.85,401.5,401.6,33792,ITC
2025-02-27 14:35:00+05:30,401.6,402.1,401.5,401.9,85463,ITC
2025-02-27 14:36:00+05:30,401.9,401.9,401.55,401.55,18363,ITC
2025-02-27 14:37:00+05:30,401.65,401.9,401.5,401.85,84434,ITC
2025-02-27 14:38:00+05:30,401.9,401.9,401.5,401.6,41805,ITC
2025-02-27 14:39:00+05:30,401.6,401.8,401.5,401.7,22334,ITC
2025-02-27 14:40:00+05:30,401.7,402.15,401.55,401.9,128380,ITC
2025-02-27 14:41:00+05:30,401.9,402.0,401.7,402.0,52586,ITC
2025-02-27 14:42:00+05:30,402.0,402.05,401.65,401.95,40570,ITC
2025-02-27 14:43:00+05:30,402.05,402.05,401.65,401.8,50026,ITC
2025-02-27 14:44:00+05:30,401.8,401.85,401.35,401.75,135096,ITC
2025-02-27 14:45:00+05:30,401.85,402.05,401.55,401.75,119874,ITC
2025-02-27 14:46:00+05:30,401.75,401.95,401.6,401.85,78540,ITC
2025-02-27 14:47:00+05:30,401.85,402.05,401.7,401.9,64857,ITC
2025-02-27 14:48:00+05:30,401.95,402.05,401.75,401.75,30332,ITC
2025-02-27 14:49:00+05:30,401.8,402.0,401.7,401.95,35608,ITC
2025-02-27 14:50:00+05:30,401.95,402.1,401.7,402.05,44855,ITC
2025-02-27 14:51:00+05:30,402.05,402.05,401.9,401.95,51304,ITC
2025-02-27 14:52:00+05:30,402.05,402.05,401.8,401.8,25133,ITC
2025-02-27 14:53:00+05:30,401.85,401.85,401.7,401.8,51978,ITC
2025-02-27 14:54:00+05:30,401.8,401.8,401.65,401.65,25728,ITC
2025-02-27 14:55:00+05:30,401.7,402.05,401.65,401.9,86688,ITC
2025-02-27 14:56:00+05:30,401.9,402.05,401.7,401.95,54217,ITC
2025-02-27 14:57:00+05:30,401.95,402.0,401.7,401.8,44148,ITC
2025-02-27 14:58:00+05:30,401.8,401.95,401.65,401.85,51547,ITC
2025-02-27 14:59:00+05:30,401.85,401.9,401.55,401.6,31013,ITC
2025-02-27 15:00:00+05:30,401.55,402.1,401.5,402.05,171909,ITC
2025-02-27 15:01:00+05:30,402.0,402.25,401.8,402.1,164132,ITC
2025-02-27 15:02:00+05:30,402.2,402.2,402.0,402.0,82782,ITC
2025-02-27 15:03:00+05:30,402.0,402.15,401.95,402.05,92313,ITC
2025-02-27 15:04:00+05:30,402.0,402.05,401.85,402.0,122198,ITC
2025-02-27 15:05:00+05:30,402.0,402.1,401.9,402.0,107843,ITC
2025-02-27 15:06:00+05:30,402.0,402.0,401.95,402.0,62042,ITC
2025-02-27 15:07:00+05:30,401.95,402.1,401.95,402.0,90968,ITC
2025-02-27 15:08:00+05:30,401.95,402.2,401.9,401.95,131969,ITC
2025-02-27 15:09:00+05:30,402.0,402.1,401.65,401.7,132510,ITC
2025-02-27 15:10:00+05:30,401.65,401.75,401.55,401.75,87268,ITC
2025-02-27 15:11:00+05:30,401.7,402.0,401.65,401.8,126799,ITC
2025-02-27 15:12:00+05:30,401.8,401.85,401.5,401.5,61289,ITC
2025-02-27 15:13:00+05:30,401.55,401.8,401.35,401.45,488995,ITC
2025-02-27 15:14:00+05:30,401.5,401.5,400.8,400.95,201862,ITC
2025-02-27 15:15:00+05:30,401.0,401.85,400.95,401.7,157547,ITC
2025-02-27 15:16:00+05:30,401.8,401.9,401.5,401.65,53093,ITC
2025-02-27 15:17:00+05:30,401.7,401.9,401.6,401.7,67362,ITC
2025-02-27 15:18:00+05:30,401.75,401.9,401.6,401.85,80594,ITC
2025-02-27 15:19:00+05:30,401.9,401.9,401.5,401.6,71181,ITC
2025-02-27 15:20:00+05:30,401.65,401.65,400.75,401.25,180403,ITC
2025-02-27 15:21:00+05:30,401.3,401.35,401.25,401.3,61568,ITC
2025-02-27 15:22:00+05:30,401.35,401.4,401.25,401.3,63653,ITC
2025-02-27 15:23:00+05:30,401.35,401.75,401.3,401.6,88371,ITC
2025-02-27 15:24:00+05:30,401.55,401.65,401.5,401.55,54727,ITC
2025-02-27 15:25:00+05:30,401.6,401.75,401.45,401.6,85151,ITC
2025-02-27 15:26:00+05:30,401.5,402.05,401.3,401.9,96831,ITC
2025-02-27 15:27:00+05:30,401.9,401.95,400.35,400.6,44868,ITC
2025-02-27 15:28:00+05:30,400.85,401.65,400.2,401.25,1624797,ITC
2025-02-27 15:29:00+05:30,401.25,401.65,401.0,401.5,32377,ITC
2025-02-28 09:15:00+05:30,399.0,401.7,398.75,400.4,236716,ITC
2025-02-28 09:16:00+05:30,400.4,401.2,400.0,400.95,114231,ITC
2025-02-28 09:17:00+05:30,400.95,400.95,400.2,400.65,56573,ITC
2025-02-28 09:18:00+05:30,400.6,401.35,400.5,401.25,65193,ITC
2025-02-28 09:19:00+05:30,401.25,401.6,400.65,401.05,77764,ITC
2025-02-28 09:20:00+05:30,400.9,401.25,400.8,401.25,57128,ITC
2025-02-28 09:21:00+05:30,401.2,402.0,401.1,401.15,60393,ITC
2025-02-28 09:22:00+05:30,401.15,401.25,399.85,400.1,46286,ITC
2025-02-28 09:23:00+05:30,400.2,400.2,399.85,400.05,49126,ITC
2025-02-28 09:24:00+05:30,400.1,401.0,399.9,400.55,65675,ITC
2025-02-28 09:25:00+05:30,400.5,401.45,400.5,400.95,78284,ITC
2025-02-28 09:26:00+05:30,400.95,401.25,400.7,400.95,53999,ITC
2025-02-28 09:27:00+05:30,400.9,401.5,400.9,401.35,60682,ITC
2025-02-28 09:28:00+05:30,401.5,401.65,401.2,401.55,61023,ITC
2025-02-28 09:29:00+05:30,401.55,401.85,401.35,401.55,75287,ITC
2025-02-28 09:30:00+05:30,401.7,402.25,401.3,401.95,150808,ITC
2025-02-28 09:31:00+05:30,401.75,402.5,401.6,402.05,105338,ITC
2025-02-28 09:32:00+05:30,401.9,401.9,400.95,401.1,56755,ITC
2025-02-28 09:33:00+05:30,401.1,401.3,400.6,400.8,41773,ITC
2025-02-28 09:34:00+05:30,400.8,401.0,400.6,400.85,65797,ITC
2025-02-28 09:35:00+05:30,400.85,400.95,400.5,400.75,61693,ITC
2025-02-28 09:36:00+05:30,400.75,400.8,399.7,399.95,67618,ITC
2025-02-28 09:37:00+05:30,400.15,400.25,399.5,400.0,69132,ITC
2025-02-28 09:38:00+05:30,400.0,400.35,399.7,400.1,79605,ITC
2025-02-28 09:39:00+05:30,400.1,400.45,399.9,400.1,93895,ITC
2025-02-28 09:40:00+05:30,400.25,400.7,400.1,400.45,88313,ITC
2025-02-28 09:41:00+05:30,400.7,400.7,400.25,400.55,89984,ITC
2025-02-28 09:42:00+05:30,400.55,400.9,400.3,400.35,55340,ITC
2025-02-28 09:43:00+05:30,400.35,400.4,400.0,400.1,67173,ITC
2025-02-28 09:44:00+05:30,400.25,400.75,400.05,400.4,60916,ITC
2025-02-28 09:45:00+05:30,400.25,400.4,399.55,399.75,48020,ITC
2025-02-28 09:46:00+05:30,399.75,399.95,399.25,399.35,68142,ITC
2025-02-28 09:47:00+05:30,399.35,399.75,399.1,399.2,57692,ITC
2025-02-28 09:48:00+05:30,399.2,399.5,399.1,399.2,53002,ITC
2025-02-28 09:49:00+05:30,399.15,399.15,398.65,398.65,75177,ITC
2025-02-28 09:50:00+05:30,398.7,398.95,398.45,398.6,57482,ITC
2025-02-28 09:51:00+05:30,398.6,398.75,398.25,398.25,88113,ITC
2025-02-28 09:52:00+05:30,398.25,398.45,398.05,398.15,48730,ITC
2025-02-28 09:53:00+05:30,398.15,398.4,398.0,398.15,41814,ITC
2025-02-28 09:54:00+05:30,398.15,398.3,397.8,397.9,57137,ITC
2025-02-28 09:55:00+05:30,397.9,398.25,397.8,398.1,59334,ITC
2025-02-28 09:56:00+05:30,398.05,398.2,397.6,397.9,58129,ITC
2025-02-28 09:57:00+05:30,397.85,397.9,397.1,397.15,113255,ITC
2025-02-28 09:58:00+05:30,397.3,397.5,397.05,397.35,75239,ITC
2025-02-28 09:59:00+05:30,397.35,397.45,397.05,397.15,41184,ITC
2025-02-28 10:00:00+05:30,397.15,397.15,396.65,396.8,80426,ITC
2025-02-28 10:01:00+05:30,396.65,396.8,396.45,396.5,98968,ITC
2025-02-28 10:02:00+05:30,396.55,396.55,395.9,396.15,105522,ITC
2025-02-28 10:03:00+05:30,396.0,396.15,395.8,396.05,67850,ITC
2025-02-28 10:04:00+05:30,396.05,396.2,395.75,396.1,87385,ITC
2025-02-28 10:05:00+05:30,396.1,396.2,395.6,395.85,59339,ITC
2025-02-28 10:06:00+05:30,395.8,395.85,395.6,395.75,33333,ITC
2025-02-28 10:07:00+05:30,395.75,395.8,395.5,395.65,52903,ITC
2025-02-28 10:08:00+05:30,395.7,396.35,395.6,396.2,45648,ITC
2025-02-28 10:09:00+05:30,396.3,396.35,395.75,396.0,42916,ITC
2025-02-28 10:10:00+05:30,395.9,396.0,395.7,395.95,27763,ITC
2025-02-28 10:11:00+05:30,395.95,396.0,395.65,395.85,42360,ITC
2025-02-28 10:12:00+05:30,395.85,395.95,395.65,395.95,31390,ITC
2025-02-28 10:13:00+05:30,395.9,396.0,395.55,395.7,32678,ITC
2025-02-28 10:14:00+05:30,395.7,396.0,395.6,395.85,41408,ITC
2025-02-28 10:15:00+05:30,396.0,396.0,395.55,395.65,29077,ITC
2025-02-28 10:16:00+05:30,395.7,395.8,395.5,395.7,24517,ITC
2025-02-28 10:17:00+05:30,395.7,396.2,395.6,396.0,37188,ITC
2025-02-28 10:18:00+05:30,396.0,396.25,395.7,395.9,35736,ITC
2025-02-28 10:19:00+05:30,395.9,396.2,395.8,396.1,29244,ITC
2025-02-28 10:20:00+05:30,396.1,396.2,395.95,396.15,27522,ITC
2025-02-28 10:21:00+05:30,396.1,396.45,396.0,396.15,44356,ITC
2025-02-28 10:22:00+05:30,396.15,396.2,395.7,395.8,36326,ITC
2025-02-28 10:23:00+05:30,395.8,396.0,395.6,395.8,34014,ITC
2025-02-28 10:24:00+05:30,395.8,396.05,395.65,395.9,25992,ITC
2025-02-28 10:25:00+05:30,395.9,396.1,395.75,395.95,30740,ITC
2025-02-28 10:26:00+05:30,395.95,395.95,395.8,395.85,15448,ITC
2025-02-28 10:27:00+05:30,395.85,395.85,395.55,395.6,17848,ITC
2025-02-28 10:28:00+05:30,395.6,395.65,395.2,395.5,33602,ITC
2025-02-28 10:29:00+05:30,395.35,395.5,395.2,395.35,22605,ITC
2025-02-28 10:30:00+05:30,395.4,395.55,395.2,395.5,20985,ITC
2025-02-28 10:31:00+05:30,395.55,395.9,395.35,395.7,34010,ITC
2025-02-28 10:32:00+05:30,395.7,395.8,395.55,395.75,9909,ITC
2025-02-28 10:33:00+05:30,395.75,395.8,395.5,395.65,11671,ITC
2025-02-28 10:34:00+05:30,395.65,395.7,395.5,395.6,10899,ITC
2025-02-28 10:35:00+05:30,395.6,395.7,395.5,395.65,21329,ITC
2025-02-28 10:36:00+05:30,395.65,395.75,395.6,395.6,15328,ITC
2025-02-28 10:37:00+05:30,395.7,395.7,395.25,395.45,17351,ITC
2025-02-28 10:38:00+05:30,395.45,395.55,395.3,395.5,15177,ITC
2025-02-28 10:39:00+05:30,395.5,395.5,395.3,395.35,12874,ITC
2025-02-28 10:40:00+05:30,395.4,395.8,395.2,395.25,52814,ITC
2025-02-28 10:41:00+05:30,395.35,395.65,395.2,395.6,28252,ITC
2025-02-28 10:42:00+05:30,395.55,395.65,395.35,395.65,19399,ITC
2025-02-28 10:43:00+05:30,395.65,395.65,395.45,395.6,24036,ITC
2025-02-28 10:44:00+05:30,395.6,395.6,395.3,395.6,41722,ITC
2025-02-28 10:45:00+05:30,395.6,395.6,395.3,395.6,58318,ITC
2025-02-28 10:46:00+05:30,395.6,395.6,395.4,395.6,26632,ITC
2025-02-28 10:47:00+05:30,395.6,395.6,395.5,395.6,14214,ITC
2025-02-28 10:48:00+05:30,395.6,395.6,395.3,395.6,33229,ITC
2025-02-28 10:49:00+05:30,395.6,395.65,395.35,395.55,41676,ITC
2025-02-28 10:50:00+05:30,395.55,395.6,395.25,395.6,33860,ITC
2025-02-28 10:51:00+05:30,395.6,395.6,394.35,394.45,116900,ITC
2025-02-28 10:52:00+05:30,394.45,394.75,394.15,394.65,41005,ITC
2025-02-28 10:53:00+05:30,394.65,394.65,394.25,394.4,17564,ITC
2025-02-28 10:54:00+05:30,394.4,394.75,394.4,394.6,36223,ITC
2025-02-28 10:55:00+05:30,394.55,394.85,394.55,394.75,22317,ITC
2025-02-28 10:56:00+05:30,394.75,394.75,394.35,394.7,25398,ITC
2025-02-28 10:57:00+05:30,394.7,394.7,394.3,394.45,14134,ITC
2025-02-28 10:58:00+05:30,394.4,394.4,394.0,394.15,44167,ITC
2025-02-28 10:59:00+05:30,394.1,394.15,393.85,394.0,49133,ITC
2025-02-28 11:00:00+05:30,394.0,394.0,393.65,393.85,28080,ITC
2025-02-28 11:01:00+05:30,393.85,394.85,393.7,394.2,174145,ITC
2025-02-28 11:02:00+05:30,394.2,394.5,394.15,394.35,28405,ITC
2025-02-28 11:03:00+05:30,394.35,394.35,393.8,393.85,33608,ITC
2025-02-28 11:04:00+05:30,394.0,394.0,393.75,393.85,23340,ITC
2025-02-28 11:05:00+05:30,393.9,393.9,393.55,393.7,46161,ITC
2025-02-28 11:06:00+05:30,393.7,395.15,393.6,394.0,197459,ITC
2025-02-28 11:07:00+05:30,394.0,394.1,393.7,393.75,23847,ITC
2025-02-28 11:08:00+05:30,393.75,393.8,393.4,393.6,38516,ITC
2025-02-28 11:09:00+05:30,393.55,393.6,393.0,393.25,55305,ITC
2025-02-28 11:10:00+05:30,393.25,393.4,392.75,393.4,70467,ITC
2025-02-28 11:11:00+05:30,393.4,393.7,393.25,393.7,42992,ITC
2025-02-28 11:12:00+05:30,393.7,393.7,393.35,393.5,20605,ITC
2025-02-28 11:13:00+05:30,393.5,393.5,393.05,393.3,30122,ITC
2025-02-28 11:14:00+05:30,393.3,393.3,393.0,393.2,25571,ITC
2025-02-28 11:15:00+05:30,393.0,393.5,393.0,393.5,25138,ITC
2025-02-28 11:16:00+05:30,393.5,393.7,393.25,393.45,62004,ITC
2025-02-28 11:17:00+05:30,393.45,393.7,393.4,393.65,24588,ITC
2025-02-28 11:18:00+05:30,393.65,393.65,393.2,393.35,26808,ITC
2025-02-28 11:19:00+05:30,393.35,393.35,393.1,393.3,20524,ITC
2025-02-28 11:20:00+05:30,393.3,393.35,393.15,393.35,14127,ITC
2025-02-28 11:21:00+05:30,393.35,394.4,393.3,393.95,162468,ITC
2025-02-28 11:22:00+05:30,393.9,394.1,393.65,394.1,1447578,ITC
2025-02-28 11:23:00+05:30,394.1,394.1,393.45,393.45,128410,ITC
2025-02-28 11:24:00+05:30,393.6,394.0,393.5,393.95,36859,ITC
2025-02-28 11:25:00+05:30,393.95,393.95,393.45,393.7,15680,ITC
2025-02-28 11:26:00+05:30,393.7,393.7,393.45,393.65,19902,ITC
2025-02-28 11:27:00+05:30,393.7,393.9,393.65,393.75,28876,ITC
2025-02-28 11:28:00+05:30,393.75,393.75,393.25,393.45,15644,ITC
2025-02-28 11:29:00+05:30,393.45,393.65,393.3,393.6,23062,ITC
2025-02-28 11:30:00+05:30,393.6,393.65,393.55,393.6,17921,ITC
2025-02-28 11:31:00+05:30,393.6,393.6,393.15,393.3,15205,ITC
2025-02-28 11:32:00+05:30,393.3,393.3,393.05,393.3,19490,ITC
2025-02-28 11:33:00+05:30,393.3,393.7,393.05,393.4,1566375,ITC
2025-02-28 11:34:00+05:30,393.35,393.4,393.1,393.25,15003,ITC
2025-02-28 11:35:00+05:30,393.2,393.5,393.1,393.5,30076,ITC
2025-02-28 11:36:00+05:30,393.5,393.7,393.3,393.7,42379,ITC
2025-02-28 11:37:00+05:30,393.7,393.7,393.35,393.6,43516,ITC
2025-02-28 11:38:00+05:30,393.6,393.6,393.15,393.2,15242,ITC
2025-02-28 11:39:00+05:30,393.35,393.35,393.05,393.2,15674,ITC
2025-02-28 11:40:00+05:30,393.2,393.2,393.0,393.15,16691,ITC
2025-02-28 11:41:00+05:30,393.15,393.7,392.8,393.3,5109116,ITC
2025-02-28 11:42:00+05:30,393.3,393.3,392.65,392.7,33189,ITC
2025-02-28 11:43:00+05:30,392.8,392.8,392.5,392.7,57765,ITC
2025-02-28 11:44:00+05:30,392.75,392.75,392.25,392.5,41846,ITC
2025-02-28 11:45:00+05:30,392.5,393.0,392.35,392.9,38848,ITC
2025-02-28 11:46:00+05:30,392.9,392.9,392.7,392.85,17445,ITC
2025-02-28 11:47:00+05:30,392.85,393.7,392.75,393.2,2482909,ITC
2025-02-28 11:48:00+05:30,393.25,393.75,393.25,393.7,57878,ITC
2025-02-28 11:49:00+05:30,393.7,393.75,393.55,393.7,27643,ITC
2025-02-28 11:50:00+05:30,393.7,393.7,393.45,393.55,45925,ITC
2025-02-28 11:51:00+05:30,393.65,393.65,393.4,393.55,13281,ITC
2025-02-28 11:52:00+05:30,393.55,393.95,393.35,393.7,39934,ITC
2025-02-28 11:53:00+05:30,393.7,394.5,393.6,394.45,147781,ITC
2025-02-28 11:54:00+05:30,394.45,394.9,394.4,394.55,34519,ITC
2025-02-28 11:55:00+05:30,394.75,394.8,394.55,394.65,14922,ITC
2025-02-28 11:56:00+05:30,394.65,394.65,394.55,394.65,21267,ITC
2025-02-28 11:57:00+05:30,394.65,395.35,394.5,395.2,149142,ITC
2025-02-28 11:58:00+05:30,395.3,395.3,394.85,395.25,141066,ITC
2025-02-28 11:59:00+05:30,395.25,395.3,395.15,395.3,35083,ITC
2025-02-28 12:00:00+05:30,395.3,395.6,395.2,395.55,93287,ITC
2025-02-28 12:01:00+05:30,395.6,395.8,395.5,395.75,12812,ITC
2025-02-28 12:02:00+05:30,395.75,396.3,395.55,396.2,35406,ITC
2025-02-28 12:03:00+05:30,396.15,396.2,396.0,396.2,23052,ITC
2025-02-28 12:04:00+05:30,396.2,396.4,396.15,396.25,30489,ITC
2025-02-28 12:05:00+05:30,396.25,396.75,396.2,396.6,131300,ITC
2025-02-28 12:06:00+05:30,396.65,396.7,396.35,396.7,25697,ITC
2025-02-28 12:07:00+05:30,396.7,396.7,396.25,396.4,20289,ITC
2025-02-28 12:08:00+05:30,396.4,396.5,396.15,396.45,39349,ITC
2025-02-28 12:09:00+05:30,396.45,396.5,396.0,396.15,55100,ITC
2025-02-28 12:10:00+05:30,396.15,396.8,396.0,396.2,184897,ITC
2025-02-28 12:11:00+05:30,396.1,396.3,396.0,396.3,14181,ITC
2025-02-28 12:12:00+05:30,396.3,396.3,396.1,396.25,13439,ITC
2025-02-28 12:13:00+05:30,396.25,396.35,396.0,396.35,27918,ITC
2025-02-28 12:14:00+05:30,396.45,396.5,396.35,396.5,16669,ITC
2025-02-28 12:15:00+05:30,396.5,396.5,396.15,396.25,22113,ITC
2025-02-28 12:16:00+05:30,396.25,396.25,396.05,396.25,11101,ITC
2025-02-28 12:17:00+05:30,396.25,396.25,396.0,396.25,7295,ITC
2025-02-28 12:18:00+05:30,396.25,396.25,396.0,396.2,27521,ITC
2025-02-28 12:19:00+05:30,396.25,396.25,396.1,396.15,12254,ITC
2025-02-28 12:20:00+05:30,396.25,396.6,396.05,396.05,27621,ITC
2025-02-28 12:21:00+05:30,396.25,396.25,396.0,396.25,16783,ITC
2025-02-28 12:22:00+05:30,396.25,396.25,395.75,395.9,34880,ITC
2025-02-28 12:23:00+05:30,395.95,396.35,395.8,396.2,34288,ITC
2025-02-28 12:24:00+05:30,396.2,396.6,396.1,396.4,25805,ITC
2025-02-28 12:25:00+05:30,396.4,396.85,396.25,396.75,43509,ITC
2025-02-28 12:26:00+05:30,396.6,397.05,396.45,397.0,75523,ITC
2025-02-28 12:27:00+05:30,397.05,397.4,397.0,397.15,37127,ITC
2025-02-28 12:28:00+05:30,397.05,397.2,397.0,397.05,23962,ITC
2025-02-28 12:29:00+05:30,397.05,397.55,397.05,397.25,33046,ITC
2025-02-28 12:30:00+05:30,397.25,397.25,395.85,396.0,22546,ITC
2025-02-28 12:31:00+05:30,396.0,396.05,395.8,395.8,21635,ITC
2025-02-28 12:32:00+05:30,396.0,396.0,395.5,395.8,60616,ITC
2025-02-28 12:33:00+05:30,395.8,395.95,395.6,395.75,12481,ITC
2025-02-28 12:34:00+05:30,395.75,395.75,395.3,395.5,11652,ITC
2025-02-28 12:35:00+05:30,395.35,395.55,395.15,395.35,28126,ITC
2025-02-28 12:36:00+05:30,395.35,395.5,395.1,395.3,18107,ITC
2025-02-28 12:37:00+05:30,395.3,395.6,395.1,395.6,16765,ITC
2025-02-28 12:38:00+05:30,395.55,395.7,395.35,395.5,16847,ITC
2025-02-28 12:39:00+05:30,395.4,395.6,395.1,395.3,23394,ITC
2025-02-28 12:40:00+05:30,395.3,395.3,394.6,394.7,27092,ITC
2025-02-28 12:41:00+05:30,394.8,394.8,394.55,394.7,20378,ITC
2025-02-28 12:42:00+05:30,394.7,394.85,394.55,394.7,26004,ITC
2025-02-28 12:43:00+05:30,394.7,394.7,394.25,394.4,11301,ITC
2025-02-28 12:44:00+05:30,394.4,394.5,394.25,394.5,20914,ITC
2025-02-28 12:45:00+05:30,394.5,394.9,394.5,394.65,16662,ITC
2025-02-28 12:46:00+05:30,394.65,395.2,394.55,394.75,18976,ITC
2025-02-28 12:47:00+05:30,394.95,395.1,394.75,395.1,10643,ITC
2025-02-28 12:48:00+05:30,395.1,395.3,394.95,395.3,26535,ITC
2025-02-28 12:49:00+05:30,395.3,395.3,395.0,395.1,11300,ITC
2025-02-28 12:50:00+05:30,395.1,395.15,394.75,394.95,16017,ITC
2025-02-28 12:51:00+05:30,394.95,395.1,394.85,395.0,17332,ITC
2025-02-28 12:52:00+05:30,394.9,395.0,394.5,394.8,25860,ITC
2025-02-28 12:53:00+05:30,394.8,394.8,394.05,394.05,19525,ITC
2025-02-28 12:54:00+05:30,394.25,394.25,393.8,393.95,22843,ITC
2025-02-28 12:55:00+05:30,393.95,393.95,393.2,393.35,33353,ITC
2025-02-28 12:56:00+05:30,393.35,393.35,392.8,393.0,43170,ITC
2025-02-28 12:57:00+05:30,393.1,393.6,392.8,393.55,42715,ITC
2025-02-28 12:58:00+05:30,393.55,393.65,393.35,393.45,13397,ITC
2025-02-28 12:59:00+05:30,393.45,393.45,393.25,393.35,15069,ITC
2025-02-28 13:00:00+05:30,393.35,393.9,393.3,393.8,30615,ITC
2025-02-28 13:01:00+05:30,393.75,393.8,393.55,393.7,11129,ITC
2025-02-28 13:02:00+05:30,393.7,393.7,393.3,393.4,15700,ITC
2025-02-28 13:03:00+05:30,393.4,393.5,393.3,393.45,19832,ITC
2025-02-28 13:04:00+05:30,393.45,393.45,393.2,393.3,14735,ITC
2025-02-28 13:05:00+05:30,393.3,393.6,393.05,393.1,31576,ITC
2025-02-28 13:06:00+05:30,393.1,393.25,393.0,393.0,26428,ITC
2025-02-28 13:07:00+05:30,393.05,393.35,392.8,393.15,20674,ITC
2025-02-28 13:08:00+05:30,393.15,393.2,393.0,393.1,13337,ITC
2025-02-28 13:09:00+05:30,393.1,393.1,392.55,392.65,28273,ITC
2025-02-28 13:10:00+05:30,392.65,393.0,392.5,392.85,25406,ITC
2025-02-28 13:11:00+05:30,392.85,392.85,392.5,392.65,21300,ITC
2025-02-28 13:12:00+05:30,392.65,392.9,392.6,392.7,19331,ITC
2025-02-28 13:13:00+05:30,392.7,393.0,392.55,392.85,24354,ITC
2025-02-28 13:14:00+05:30,392.8,392.85,392.5,392.65,16140,ITC
2025-02-28 13:15:00+05:30,392.55,392.65,392.3,392.5,22831,ITC
2025-02-28 13:16:00+05:30,392.5,393.0,392.35,392.9,32307,ITC
2025-02-28 13:17:00+05:30,392.8,393.0,392.5,393.0,31883,ITC
2025-02-28 13:18:00+05:30,393.0,393.0,392.6,392.8,17981,ITC
2025-02-28 13:19:00+05:30,392.8,393.05,392.65,393.0,33463,ITC
2025-02-28 13:20:00+05:30,393.0,393.05,392.75,392.9,24455,ITC
2025-02-28 13:21:00+05:30,392.8,392.95,392.65,392.65,25441,ITC
2025-02-28 13:22:00+05:30,392.6,393.0,392.45,392.95,49695,ITC
2025-02-28 13:23:00+05:30,392.95,393.05,392.75,392.85,18580,ITC
2025-02-28 13:24:00+05:30,392.85,392.9,392.7,392.75,28484,ITC
2025-02-28 13:25:00+05:30,392.75,393.05,392.6,393.05,29905,ITC
2025-02-28 13:26:00+05:30,393.05,393.25,392.85,393.1,47633,ITC
2025-02-28 13:27:00+05:30,393.1,393.1,392.8,393.0,30408,ITC
2025-02-28 13:28:00+05:30,393.0,393.0,392.65,392.8,28257,ITC
2025-02-28 13:29:00+05:30,392.8,393.3,392.55,392.85,43831,ITC
2025-02-28 13:30:00+05:30,392.85,393.0,392.5,392.8,35408,ITC
2025-02-28 13:31:00+05:30,392.8,392.85,392.55,392.6,33586,ITC
2025-02-28 13:32:00+05:30,392.6,392.8,392.55,392.8,34634,ITC
2025-02-28 13:33:00+05:30,392.8,392.8,392.55,392.8,29518,ITC
2025-02-28 13:34:00+05:30,392.6,393.0,392.5,392.85,48609,ITC
2025-02-28 13:35:00+05:30,392.85,392.9,392.6,392.8,22294,ITC
2025-02-28 13:36:00+05:30,392.7,392.8,392.55,392.8,37953,ITC
2025-02-28 13:37:00+05:30,392.8,392.9,392.5,392.6,37477,ITC
2025-02-28 13:38:00+05:30,392.75,392.8,392.5,392.8,26105,ITC
2025-02-28 13:39:00+05:30,392.8,392.8,392.55,392.8,27279,ITC
2025-02-28 13:40:00+05:30,392.8,392.8,392.6,392.8,25054,ITC
2025-02-28 13:41:00+05:30,392.8,393.0,392.6,392.9,35247,ITC
2025-02-28 13:42:00+05:30,392.85,392.9,392.65,392.8,19450,ITC
2025-02-28 13:43:00+05:30,392.8,392.85,392.6,392.85,24665,ITC
2025-02-28 13:44:00+05:30,392.7,392.85,392.6,392.8,28197,ITC
2025-02-28 13:45:00+05:30,392.8,392.85,392.6,392.75,31671,ITC
2025-02-28 13:46:00+05:30,392.75,392.8,392.6,392.75,60139,ITC
2025-02-28 13:47:00+05:30,392.75,392.85,392.6,392.6,27299,ITC
2025-02-28 13:48:00+05:30,392.6,392.85,392.55,392.8,30163,ITC
2025-02-28 13:49:00+05:30,392.8,393.4,392.8,393.4,44626,ITC
2025-02-28 13:50:00+05:30,393.4,393.85,393.2,393.55,64096,ITC
2025-02-28 13:51:00+05:30,393.45,393.55,393.0,393.0,19294,ITC
2025-02-28 13:52:00+05:30,393.15,393.2,392.7,392.8,15471,ITC
2025-02-28 13:53:00+05:30,392.8,392.8,392.55,392.8,16424,ITC
2025-02-28 13:54:00+05:30,392.8,392.8,392.6,392.8,34263,ITC
2025-02-28 13:55:00+05:30,392.6,392.8,392.55,392.8,25297,ITC
2025-02-28 13:56:00+05:30,392.8,392.8,392.55,392.8,16373,ITC
2025-02-28 13:57:00+05:30,392.75,392.85,392.55,392.85,20648,ITC
2025-02-28 13:58:00+05:30,392.8,392.85,392.45,392.6,99638,ITC
2025-02-28 13:59:00+05:30,392.7,392.85,392.5,392.8,31146,ITC
2025-02-28 14:00:00+05:30,392.8,392.8,392.55,392.8,14700,ITC
2025-02-28 14:01:00+05:30,392.8,392.9,392.55,392.8,24416,ITC
2025-02-28 14:02:00+05:30,392.8,392.85,392.5,392.75,53224,ITC
2025-02-28 14:03:00+05:30,392.75,392.8,392.5,392.8,23543,ITC
2025-02-28 14:04:00+05:30,392.8,392.8,392.55,392.75,54521,ITC
2025-02-28 14:05:00+05:30,392.75,392.8,392.45,392.8,37593,ITC
2025-02-28 14:06:00+05:30,392.8,392.8,392.5,392.75,43147,ITC
2025-02-28 14:07:00+05:30,392.7,392.85,392.55,392.8,21615,ITC
2025-02-28 14:08:00+05:30,392.7,392.85,392.55,392.85,29454,ITC
2025-02-28 14:09:00+05:30,392.85,392.85,392.6,392.7,25905,ITC
2025-02-28 14:10:00+05:30,392.7,392.85,392.55,392.8,26878,ITC
2025-02-28 14:11:00+05:30,392.8,392.8,392.5,392.8,31448,ITC
2025-02-28 14:12:00+05:30,392.8,392.85,392.6,392.85,33295,ITC
2025-02-28 14:13:00+05:30,392.85,392.85,392.5,392.85,34165,ITC
2025-02-28 14:14:00+05:30,392.8,392.85,392.55,392.8,35513,ITC
2025-02-28 14:15:00+05:30,392.8,392.8,392.3,392.65,98384,ITC
2025-02-28 14:16:00+05:30,392.65,393.0,392.55,392.95,43340,ITC
2025-02-28 14:17:00+05:30,392.9,392.95,392.55,392.8,30117,ITC
2025-02-28 14:18:00+05:30,392.8,392.85,392.6,392.8,43459,ITC
2025-02-28 14:19:00+05:30,392.85,393.1,392.6,392.85,35053,ITC
2025-02-28 14:20:00+05:30,392.8,392.9,392.6,392.85,32133,ITC
2025-02-28 14:21:00+05:30,392.85,392.95,392.6,392.85,38524,ITC
2025-02-28 14:22:00+05:30,392.85,393.15,392.65,392.75,29526,ITC
2025-02-28 14:23:00+05:30,392.95,392.95,392.65,392.8,25524,ITC
2025-02-28 14:24:00+05:30,392.8,393.0,392.55,392.95,37953,ITC
2025-02-28 14:25:00+05:30,392.95,393.2,392.8,393.05,34392,ITC
2025-02-28 14:26:00+05:30,392.9,393.1,392.65,393.0,29658,ITC
2025-02-28 14:27:00+05:30,393.0,393.05,392.75,392.85,25000,ITC
2025-02-28 14:28:00+05:30,392.85,393.0,392.7,392.95,31738,ITC
2025-02-28 14:29:00+05:30,392.95,393.0,392.75,393.0,34683,ITC
2025-02-28 14:30:00+05:30,393.0,393.0,392.7,392.9,28594,ITC
2025-02-28 14:31:00+05:30,392.9,392.9,392.65,392.85,26176,ITC
2025-02-28 14:32:00+05:30,392.8,392.85,392.55,392.8,46345,ITC
2025-02-28 14:33:00+05:30,392.8,393.0,392.6,392.9,40376,ITC
2025-02-28 14:34:00+05:30,392.9,392.9,392.5,392.75,37340,ITC
2025-02-28 14:35:00+05:30,392.75,392.85,392.5,392.7,70726,ITC
2025-02-28 14:36:00+05:30,392.7,392.9,392.5,392.7,66854,ITC
2025-02-28 14:37:00+05:30,392.7,392.9,392.5,392.8,40828,ITC
2025-02-28 14:38:00+05:30,392.8,392.85,392.5,392.75,51501,ITC
2025-02-28 14:39:00+05:30,392.75,392.8,392.5,392.6,47082,ITC
2025-02-28 14:40:00+05:30,392.6,392.85,392.5,392.8,61232,ITC
2025-02-28 14:41:00+05:30,392.8,392.8,392.5,392.75,37068,ITC
2025-02-28 14:42:00+05:30,392.75,393.15,392.55,393.05,54061,ITC
2025-02-28 14:43:00+05:30,393.05,393.1,392.65,392.9,39175,ITC
2025-02-28 14:44:00+05:30,392.95,393.05,392.7,393.0,47136,ITC
2025-02-28 14:45:00+05:30,392.8,393.15,392.65,392.95,66788,ITC
2025-02-28 14:46:00+05:30,393.0,393.05,392.6,392.8,35885,ITC
2025-02-28 14:47:00+05:30,392.6,392.9,392.5,392.85,92697,ITC
2025-02-28 14:48:00+05:30,392.75,392.95,392.55,392.6,65189,ITC
2025-02-28 14:49:00+05:30,392.8,393.0,392.5,393.0,55218,ITC
2025-02-28 14:50:00+05:30,392.9,393.15,392.5,393.0,88484,ITC
2025-02-28 14:51:00+05:30,393.0,393.1,392.8,393.05,34747,ITC
2025-02-28 14:52:00+05:30,393.0,393.05,392.75,392.9,34241,ITC
2025-02-28 14:53:00+05:30,392.9,392.95,392.55,392.8,57982,ITC
2025-02-28 14:54:00+05:30,392.8,393.0,392.55,392.8,39870,ITC
2025-02-28 14:55:00+05:30,392.8,392.95,392.6,392.85,44449,ITC
2025-02-28 14:56:00+05:30,392.85,392.85,392.55,392.8,27936,ITC
2025-02-28 14:57:00+05:30,392.8,392.9,392.5,392.85,63537,ITC
2025-02-28 14:58:00+05:30,392.85,393.0,392.7,392.95,34960,ITC
2025-02-28 14:59:00+05:30,392.95,393.05,392.8,392.95,45984,ITC
2025-02-28 15:00:00+05:30,392.9,393.0,392.8,392.8,120929,ITC
2025-02-28 15:01:00+05:30,392.85,392.85,392.3,392.8,242911,ITC
2025-02-28 15:02:00+05:30,392.75,392.85,392.35,392.75,205233,ITC
2025-02-28 15:03:00+05:30,392.75,392.8,392.2,392.75,262681,ITC
2025-02-28 15:04:00+05:30,392.7,392.8,392.55,392.8,132577,ITC
2025-02-28 15:05:00+05:30,392.7,392.8,392.55,392.8,128515,ITC
2025-02-28 15:06:00+05:30,392.7,392.8,392.45,392.7,188058,ITC
2025-02-28 15:07:00+05:30,392.65,392.8,392.5,392.8,184150,ITC
2025-02-28 15:08:00+05:30,392.75,392.8,392.6,392.75,100913,ITC
2025-02-28 15:09:00+05:30,392.7,392.8,392.4,392.8,135881,ITC
2025-02-28 15:10:00+05:30,392.8,392.8,392.35,392.8,201754,ITC
2025-02-28 15:11:00+05:30,392.75,392.8,392.4,392.8,174647,ITC
2025-02-28 15:12:00+05:30,392.75,392.8,392.5,392.8,147506,ITC
2025-02-28 15:13:00+05:30,392.8,395.1,392.7,394.85,381331,ITC
2025-02-28 15:14:00+05:30,394.85,395.85,394.45,395.75,286793,ITC
2025-02-28 15:15:00+05:30,395.75,396.65,395.55,396.5,484219,ITC
2025-02-28 15:16:00+05:30,396.5,396.6,396.0,396.3,383793,ITC
2025-02-28 15:17:00+05:30,396.4,396.6,395.9,396.55,328875,ITC
2025-02-28 15:18:00+05:30,396.55,396.6,396.3,396.55,218034,ITC
2025-02-28 15:19:00+05:30,396.55,396.55,396.05,396.55,228927,ITC
2025-02-28 15:20:00+05:30,396.55,396.6,396.05,396.5,282627,ITC
2025-02-28 15:21:00+05:30,396.45,396.65,396.1,396.55,337765,ITC
2025-02-28 15:22:00+05:30,396.55,396.6,396.3,396.55,194351,ITC
2025-02-28 15:23:00+05:30,396.55,396.55,396.3,396.55,225026,ITC
2025-02-28 15:24:00+05:30,396.55,396.55,396.05,396.45,226440,ITC
2025-02-28 15:25:00+05:30,396.25,396.6,396.1,396.45,245404,ITC
2025-02-28 15:26:00+05:30,396.45,396.6,396.0,396.3,345490,ITC
2025-02-28 15:27:00+05:30,396.35,397.1,395.0,396.25,436336,ITC
2025-02-28 15:28:00+05:30,396.4,396.7,395.1,395.55,235655,ITC
2025-02-28 15:29:00+05:30,395.4,396.5,394.5,395.9,29857,ITC
2025-03-03 09:15:00+05:30,395.95,395.95,391.2,394.4,205008,ITC
2025-03-03 09:16:00+05:30,394.25,396.4,394.0,396.4,92104,ITC
2025-03-03 09:17:00+05:30,396.25,396.6,395.45,396.5,61456,ITC
2025-03-03 09:18:00+05:30,396.5,397.25,395.85,396.45,78494,ITC
2025-03-03 09:19:00+05:30,396.45,397.2,396.0,396.9,80210,ITC
2025-03-03 09:20:00+05:30,396.9,398.0,394.85,397.9,215231,ITC
2025-03-03 09:21:00+05:30,397.9,399.0,397.75,398.45,68291,ITC
2025-03-03 09:22:00+05:30,398.55,398.7,396.85,397.6,27399,ITC
2025-03-03 09:23:00+05:30,397.6,397.9,397.05,397.4,26001,ITC
2025-03-03 09:24:00+05:30,397.5,398.25,397.4,397.85,64153,ITC
2025-03-03 09:25:00+05:30,397.85,398.1,397.0,397.65,73843,ITC
2025-03-03 09:26:00+05:30,397.65,397.95,396.9,397.45,51848,ITC
2025-03-03 09:27:00+05:30,397.25,398.35,397.15,397.95,49338,ITC
2025-03-03 09:28:00+05:30,397.95,398.65,397.7,397.75,62932,ITC
2025-03-03 09:29:00+05:30,397.85,398.2,397.55,398.2,44515,ITC
2025-03-03 09:30:00+05:30,398.2,398.85,398.05,398.85,32505,ITC
2025-03-03 09:31:00+05:30,398.85,398.85,398.1,398.75,22685,ITC
2025-03-03 09:32:00+05:30,398.75,398.85,398.35,398.6,31730,ITC
2025-03-03 09:33:00+05:30,398.55,398.85,398.4,398.7,22886,ITC
2025-03-03 09:34:00+05:30,398.7,399.0,398.4,398.9,20109,ITC
2025-03-03 09:35:00+05:30,398.85,398.95,398.1,398.25,33623,ITC
2025-03-03 09:36:00+05:30,398.25,398.5,397.75,398.5,28714,ITC
2025-03-03 09:37:00+05:30,398.3,398.6,398.05,398.2,18989,ITC
2025-03-03 09:38:00+05:30,398.05,398.3,397.85,398.0,15421,ITC
2025-03-03 09:39:00+05:30,398.15,398.45,398.0,398.2,17282,ITC
2025-03-03 09:40:00+05:30,398.2,398.3,397.7,397.9,8243,ITC
2025-03-03 09:41:00+05:30,397.9,398.7,397.6,398.6,36494,ITC
2025-03-03 09:42:00+05:30,398.55,398.85,398.4,398.8,7148,ITC
2025-03-03 09:43:00+05:30,398.8,399.0,398.35,398.55,47770,ITC
2025-03-03 09:44:00+05:30,398.5,398.6,398.05,398.25,18425,ITC
2025-03-03 09:45:00+05:30,398.25,398.25,397.3,397.5,40848,ITC
2025-03-03 09:46:00+05:30,397.35,397.85,397.3,397.6,27325,ITC
2025-03-03 09:47:00+05:30,397.6,397.75,397.3,397.5,12042,ITC
2025-03-03 09:48:00+05:30,397.45,397.55,396.85,397.45,40161,ITC
2025-03-03 09:49:00+05:30,397.45,397.5,396.8,397.0,18339,ITC
2025-03-03 09:50:00+05:30,397.0,397.35,396.8,397.0,35144,ITC
2025-03-03 09:51:00+05:30,397.0,397.0,396.55,396.7,22905,ITC
2025-03-03 09:52:00+05:30,396.7,396.7,396.05,396.25,20332,ITC
2025-03-03 09:53:00+05:30,396.05,396.25,396.0,396.2,9181,ITC
2025-03-03 09:54:00+05:30,396.15,396.75,396.1,396.4,9797,ITC
2025-03-03 09:55:00+05:30,396.3,396.7,396.2,396.7,24697,ITC
2025-03-03 09:56:00+05:30,396.7,396.7,396.0,396.25,18037,ITC
2025-03-03 09:57:00+05:30,396.2,396.3,396.0,396.1,8682,ITC
2025-03-03 09:58:00+05:30,396.2,396.3,396.0,396.1,11106,ITC
2025-03-03 09:59:00+05:30,396.1,396.2,396.0,396.1,10832,ITC
2025-03-03 10:00:00+05:30,396.1,396.8,396.1,396.6,22061,ITC
2025-03-03 10:01:00+05:30,396.6,396.75,396.05,396.3,26194,ITC
2025-03-03 10:02:00+05:30,396.3,396.3,395.8,396.0,51783,ITC
2025-03-03 10:03:00+05:30,396.0,396.0,395.6,395.9,53104,ITC
2025-03-03 10:04:00+05:30,395.8,396.4,395.7,396.0,109503,ITC
2025-03-03 10:05:00+05:30,396.05,396.15,395.85,396.0,25950,ITC
2025-03-03 10:06:00+05:30,395.9,396.1,395.7,395.9,19284,ITC
2025-03-03 10:07:00+05:30,395.8,396.45,395.8,396.3,51951,ITC
2025-03-03 10:08:00+05:30,396.2,396.3,395.5,395.7,31168,ITC
2025-03-03 10:09:00+05:30,395.65,396.25,395.5,396.25,49556,ITC
2025-03-03 10:10:00+05:30,396.15,396.25,395.75,396.25,20426,ITC
2025-03-03 10:11:00+05:30,396.2,396.3,396.0,396.2,22889,ITC
2025-03-03 10:12:00+05:30,396.15,396.3,395.9,396.25,30890,ITC
2025-03-03 10:13:00+05:30,396.25,396.5,396.15,396.5,18241,ITC
2025-03-03 10:14:00+05:30,396.45,397.0,396.45,397.0,27390,ITC
2025-03-03 10:15:00+05:30,396.9,397.45,396.85,397.3,24523,ITC
2025-03-03 10:16:00+05:30,397.2,397.6,397.0,397.6,23018,ITC
2025-03-03 10:17:00+05:30,397.6,397.7,396.8,396.95,40077,ITC
2025-03-03 10:18:00+05:30,396.95,397.45,396.9,397.25,44368,ITC
2025-03-03 10:19:00+05:30,397.25,397.5,397.0,397.0,15900,ITC
2025-03-03 10:20:00+05:30,397.0,397.4,396.85,397.4,21516,ITC
2025-03-03 10:21:00+05:30,397.35,397.5,397.2,397.5,18730,ITC
2025-03-03 10:22:00+05:30,397.45,397.65,397.2,397.5,30250,ITC
2025-03-03 10:23:00+05:30,397.5,397.5,397.0,397.05,17957,ITC
2025-03-03 10:24:00+05:30,397.0,397.2,396.75,397.0,20391,ITC
2025-03-03 10:25:00+05:30,396.95,397.2,396.8,397.0,21865,ITC
2025-03-03 10:26:00+05:30,396.9,397.2,396.85,397.1,13510,ITC
2025-03-03 10:27:00+05:30,397.05,397.25,396.9,397.05,10733,ITC
2025-03-03 10:28:00+05:30,397.0,397.4,396.9,397.4,13947,ITC
2025-03-03 10:29:00+05:30,397.2,397.85,397.2,397.7,13466,ITC
2025-03-03 10:30:00+05:30,397.6,397.75,397.1,397.2,12406,ITC
2025-03-03 10:31:00+05:30,397.05,397.4,396.9,397.0,12066,ITC
2025-03-03 10:32:00+05:30,396.95,397.1,396.8,396.95,8120,ITC
2025-03-03 10:33:00+05:30,396.8,396.95,396.1,396.3,13964,ITC
2025-03-03 10:34:00+05:30,396.3,396.5,396.15,396.35,9803,ITC
2025-03-03 10:35:00+05:30,396.4,396.6,396.35,396.55,7689,ITC
2025-03-03 10:36:00+05:30,396.55,396.55,396.2,396.35,6098,ITC
2025-03-03 10:37:00+05:30,396.4,396.5,396.3,396.35,6743,ITC
2025-03-03 10:38:00+05:30,396.35,396.4,396.15,396.2,7542,ITC
2025-03-03 10:39:00+05:30,396.25,396.35,396.05,396.2,11434,ITC
2025-03-03 10:40:00+05:30,396.2,396.25,396.0,396.15,14184,ITC
2025-03-03 10:41:00+05:30,396.15,396.25,395.8,396.25,25447,ITC
2025-03-03 10:42:00+05:30,396.2,396.3,396.0,396.1,10559,ITC
2025-03-03 10:43:00+05:30,396.0,396.25,396.0,396.1,11568,ITC
2025-03-03 10:44:00+05:30,396.1,396.3,396.0,396.15,19625,ITC
2025-03-03 10:45:00+05:30,396.15,396.45,396.0,396.2,16081,ITC
2025-03-03 10:46:00+05:30,396.4,396.7,396.1,396.45,18587,ITC
2025-03-03 10:47:00+05:30,396.5,396.65,396.35,396.6,14601,ITC
2025-03-03 10:48:00+05:30,396.6,396.95,396.6,396.9,6633,ITC
2025-03-03 10:49:00+05:30,396.9,397.0,396.8,396.95,7383,ITC
2025-03-03 10:50:00+05:30,396.95,397.0,396.75,396.9,6200,ITC
2025-03-03 10:51:00+05:30,396.9,397.0,396.55,397.0,14801,ITC
2025-03-03 10:52:00+05:30,397.0,397.2,396.85,397.1,10559,ITC
2025-03-03 10:53:00+05:30,397.15,397.2,396.9,397.0,9379,ITC
2025-03-03 10:54:00+05:30,397.0,397.0,396.5,396.65,8522,ITC
2025-03-03 10:55:00+05:30,396.65,396.85,396.5,396.6,22240,ITC
2025-03-03 10:56:00+05:30,396.7,396.75,396.35,396.55,14207,ITC
2025-03-03 10:57:00+05:30,396.6,396.8,396.5,396.7,11673,ITC
2025-03-03 10:58:00+05:30,396.8,397.0,396.75,397.0,7874,ITC
2025-03-03 10:59:00+05:30,397.0,397.0,396.75,396.95,6359,ITC
2025-03-03 11:00:00+05:30,396.95,397.2,396.8,397.2,17928,ITC
2025-03-03 11:01:00+05:30,397.2,397.35,397.0,397.2,10073,ITC
2025-03-03 11:02:00+05:30,397.2,397.35,396.8,397.0,14621,ITC
2025-03-03 11:03:00+05:30,397.0,397.0,396.75,396.85,7767,ITC
2025-03-03 11:04:00+05:30,396.85,397.2,396.75,397.1,10462,ITC
2025-03-03 11:05:00+05:30,396.9,397.15,396.75,397.15,12942,ITC
2025-03-03 11:06:00+05:30,397.0,397.1,396.65,396.8,17014,ITC
2025-03-03 11:07:00+05:30,396.8,397.0,396.7,396.9,10601,ITC
2025-03-03 11:08:00+05:30,396.8,397.0,396.75,396.9,7999,ITC
2025-03-03 11:09:00+05:30,396.9,396.95,396.75,396.8,6812,ITC
2025-03-03 11:10:00+05:30,396.8,396.8,396.55,396.65,7194,ITC
2025-03-03 11:11:00+05:30,396.6,397.0,396.35,396.85,30958,ITC
2025-03-03 11:12:00+05:30,396.85,397.0,396.7,397.0,21638,ITC
2025-03-03 11:13:00+05:30,397.0,397.6,396.9,397.55,23821,ITC
2025-03-03 11:14:00+05:30,397.55,397.9,397.3,397.85,24194,ITC
2025-03-03 11:15:00+05:30,397.85,397.85,397.5,397.55,11438,ITC
2025-03-03 11:16:00+05:30,397.55,397.6,397.25,397.3,7114,ITC
2025-03-03 11:17:00+05:30,397.35,397.45,397.15,397.2,12984,ITC
2025-03-03 11:18:00+05:30,397.25,397.3,397.1,397.3,6080,ITC
2025-03-03 11:19:00+05:30,397.15,397.25,397.05,397.1,7687,ITC
2025-03-03 11:20:00+05:30,397.2,397.25,397.05,397.1,7179,ITC
2025-03-03 11:21:00+05:30,397.15,397.35,397.05,397.15,9208,ITC
2025-03-03 11:22:00+05:30,397.1,397.3,397.0,397.1,36642,ITC
2025-03-03 11:23:00+05:30,397.3,397.35,397.0,397.2,12742,ITC
2025-03-03 11:24:00+05:30,397.25,397.3,397.05,397.1,8336,ITC
2025-03-03 11:25:00+05:30,397.1,397.35,397.0,397.0,9592,ITC
2025-03-03 11:26:00+05:30,397.15,397.25,397.0,397.1,12117,ITC
2025-03-03 11:27:00+05:30,397.2,397.35,396.85,397.25,36123,ITC
2025-03-03 11:28:00+05:30,397.25,397.35,397.05,397.25,5482,ITC
2025-03-03 11:29:00+05:30,397.3,397.5,397.2,397.4,8740,ITC
2025-03-03 11:30:00+05:30,397.5,397.5,397.2,397.3,7276,ITC
2025-03-03 11:31:00+05:30,397.3,397.3,397.05,397.1,9497,ITC
2025-03-03 11:32:00+05:30,397.2,397.25,397.05,397.05,4735,ITC
2025-03-03 11:33:00+05:30,397.25,397.3,397.0,397.15,8755,ITC
2025-03-03 11:34:00+05:30,397.2,397.4,397.1,397.15,5973,ITC
2025-03-03 11:35:00+05:30,397.15,397.3,397.0,397.1,10564,ITC
2025-03-03 11:36:00+05:30,397.15,397.2,396.7,396.75,7877,ITC
2025-03-03 11:37:00+05:30,396.9,397.0,396.7,396.7,13100,ITC
2025-03-03 11:38:00+05:30,396.75,396.9,396.45,396.6,13314,ITC
2025-03-03 11:39:00+05:30,396.6,396.9,396.5,396.85,20911,ITC
2025-03-03 11:40:00+05:30,396.85,396.85,396.55,396.6,7971,ITC
2025-03-03 11:41:00+05:30,396.65,396.8,396.5,396.5,10962,ITC
2025-03-03 11:42:00+05:30,396.55,397.0,396.5,396.55,39937,ITC
2025-03-03 11:43:00+05:30,396.7,396.8,396.5,396.5,29691,ITC
2025-03-03 11:44:00+05:30,396.65,396.9,396.4,396.65,8490,ITC
2025-03-03 11:45:00+05:30,396.7,396.8,396.35,396.5,29873,ITC
2025-03-03 11:46:00+05:30,396.55,396.65,396.5,396.55,23358,ITC
2025-03-03 11:47:00+05:30,396.55,396.65,396.4,396.5,22070,ITC
2025-03-03 11:48:00+05:30,396.55,396.65,396.45,396.5,16525,ITC
2025-03-03 11:49:00+05:30,396.55,396.65,396.35,396.5,22562,ITC
2025-03-03 11:50:00+05:30,396.5,396.65,396.35,396.55,27452,ITC
2025-03-03 11:51:00+05:30,396.55,396.65,396.5,396.55,13050,ITC
2025-03-03 11:52:00+05:30,396.5,396.7,396.05,396.5,156046,ITC
2025-03-03 11:53:00+05:30,396.6,396.6,396.35,396.5,32449,ITC
2025-03-03 11:54:00+05:30,396.5,396.6,396.1,396.3,35905,ITC
2025-03-03 11:55:00+05:30,396.35,396.5,396.1,396.1,11409,ITC
2025-03-03 11:56:00+05:30,396.25,396.45,396.0,396.15,21648,ITC
2025-03-03 11:57:00+05:30,396.0,396.3,395.95,396.05,50177,ITC
2025-03-03 11:58:00+05:30,396.2,396.25,396.0,396.05,21693,ITC
2025-03-03 11:59:00+05:30,396.15,396.2,395.8,395.9,38384,ITC
2025-03-03 12:00:00+05:30,396.0,396.35,396.0,396.15,40229,ITC
2025-03-03 12:01:00+05:30,396.3,396.55,396.15,396.55,23368,ITC
2025-03-03 12:02:00+05:30,396.55,396.6,396.25,396.35,12598,ITC
2025-03-03 12:03:00+05:30,396.45,396.5,396.25,396.4,7659,ITC
2025-03-03 12:04:00+05:30,396.4,396.55,396.3,396.5,18923,ITC
2025-03-03 12:05:00+05:30,396.5,396.5,396.15,396.25,13032,ITC
2025-03-03 12:06:00+05:30,396.45,396.5,396.05,396.1,11207,ITC
2025-03-03 12:07:00+05:30,396.25,396.25,396.0,396.0,15754,ITC
2025-03-03 12:08:00+05:30,396.05,396.2,395.9,396.05,25336,ITC
2025-03-03 12:09:00+05:30,396.15,396.15,396.0,396.0,22919,ITC
2025-03-03 12:10:00+05:30,396.15,396.15,395.95,396.05,23567,ITC
2025-03-03 12:11:00+05:30,396.15,396.4,396.0,396.3,30451,ITC
2025-03-03 12:12:00+05:30,396.4,396.85,396.2,396.6,26570,ITC
2025-03-03 12:13:00+05:30,396.8,396.9,396.5,396.5,20488,ITC
2025-03-03 12:14:00+05:30,396.5,396.85,396.5,396.7,30490,ITC
2025-03-03 12:15:00+05:30,396.8,396.85,396.55,396.7,27962,ITC
2025-03-03 12:16:00+05:30,396.75,397.0,396.6,396.85,34403,ITC
2025-03-03 12:17:00+05:30,397.0,397.25,396.95,397.05,18059,ITC
2025-03-03 12:18:00+05:30,397.15,397.15,397.0,397.0,11167,ITC
2025-03-03 12:19:00+05:30,397.15,397.35,397.0,397.15,7141,ITC
2025-03-03 12:20:00+05:30,397.2,397.3,397.05,397.25,9351,ITC
2025-03-03 12:21:00+05:30,397.3,397.5,397.15,397.35,19649,ITC
2025-03-03 12:22:00+05:30,397.45,397.6,397.15,397.2,32233,ITC
2025-03-03 12:23:00+05:30,397.3,397.35,397.0,397.0,18728,ITC
2025-03-03 12:24:00+05:30,397.0,397.15,396.85,397.0,15206,ITC
2025-03-03 12:25:00+05:30,397.1,397.15,396.9,396.9,9102,ITC
2025-03-03 12:26:00+05:30,396.9,397.15,396.75,397.0,33879,ITC
2025-03-03 12:27:00+05:30,397.1,397.2,396.7,396.8,9731,ITC
2025-03-03 12:28:00+05:30,396.85,397.0,396.6,396.7,12363,ITC
2025-03-03 12:29:00+05:30,396.9,396.95,396.7,396.7,19175,ITC
2025-03-03 12:30:00+05:30,396.8,397.0,396.55,396.8,32044,ITC
2025-03-03 12:31:00+05:30,396.95,397.1,396.8,396.95,20815,ITC
2025-03-03 12:32:00+05:30,397.0,397.2,396.85,397.0,11884,ITC
2025-03-03 12:33:00+05:30,397.1,397.2,396.85,396.85,14682,ITC
2025-03-03 12:34:00+05:30,396.9,397.0,396.6,396.85,14053,ITC
2025-03-03 12:35:00+05:30,396.95,397.05,396.5,396.55,40579,ITC
2025-03-03 12:36:00+05:30,396.75,396.75,396.3,396.5,71290,ITC
2025-03-03 12:37:00+05:30,396.5,396.65,395.85,395.9,85640,ITC
2025-03-03 12:38:00+05:30,396.05,396.5,395.9,396.35,25615,ITC
2025-03-03 12:39:00+05:30,396.45,396.5,396.0,396.1,22688,ITC
2025-03-03 12:40:00+05:30,396.15,396.2,395.95,396.0,34416,ITC
2025-03-03 12:41:00+05:30,396.0,396.35,396.0,396.15,17568,ITC
2025-03-03 12:42:00+05:30,396.05,396.75,395.85,396.65,253145,ITC
2025-03-03 12:43:00+05:30,396.55,396.8,396.5,396.6,59078,ITC
2025-03-03 12:44:00+05:30,396.55,396.95,396.5,396.6,68655,ITC
2025-03-03 12:45:00+05:30,396.6,396.8,396.45,396.8,41216,ITC
2025-03-03 12:46:00+05:30,396.75,397.45,396.6,397.15,92364,ITC
2025-03-03 12:47:00+05:30,397.1,397.4,396.85,397.05,235987,ITC
2025-03-03 12:48:00+05:30,397.05,397.1,396.6,396.95,48871,ITC
2025-03-03 12:49:00+05:30,396.9,397.25,396.85,397.1,23935,ITC
2025-03-03 12:50:00+05:30,397.1,397.2,396.5,396.8,25268,ITC
2025-03-03 12:51:00+05:30,396.75,397.0,396.6,396.9,24701,ITC
2025-03-03 12:52:00+05:30,396.8,397.1,396.5,396.55,52597,ITC
2025-03-03 12:53:00+05:30,396.55,396.85,396.5,396.85,22991,ITC
2025-03-03 12:54:00+05:30,396.7,396.95,396.6,396.85,12238,ITC
2025-03-03 12:55:00+05:30,396.8,396.95,396.55,396.75,17138,ITC
2025-03-03 12:56:00+05:30,396.75,396.95,396.55,396.75,12261,ITC
2025-03-03 12:57:00+05:30,396.7,397.1,396.7,397.1,17324,ITC
2025-03-03 12:58:00+05:30,397.0,397.15,396.55,396.75,34713,ITC
2025-03-03 12:59:00+05:30,396.6,397.0,396.55,397.0,27527,ITC
2025-03-03 13:00:00+05:30,396.95,397.5,396.95,397.5,43669,ITC
2025-03-03 13:01:00+05:30,397.45,397.55,397.1,397.55,39010,ITC
2025-03-03 13:02:00+05:30,397.45,397.6,397.1,397.3,25297,ITC
2025-03-03 13:03:00+05:30,397.15,397.6,397.15,397.6,16612,ITC
2025-03-03 13:04:00+05:30,397.4,397.65,397.4,397.6,17298,ITC
2025-03-03 13:05:00+05:30,397.5,397.65,397.35,397.5,15947,ITC
2025-03-03 13:06:00+05:30,397.45,397.55,397.3,397.5,13326,ITC
2025-03-03 13:07:00+05:30,397.5,397.75,397.45,397.75,18818,ITC
2025-03-03 13:08:00+05:30,397.7,397.75,397.45,397.55,24248,ITC
2025-03-03 13:09:00+05:30,397.45,397.75,397.4,397.75,17235,ITC
2025-03-03 13:10:00+05:30,397.7,397.85,397.55,397.85,13573,ITC
2025-03-03 13:11:00+05:30,397.8,398.35,397.8,398.15,90891,ITC
2025-03-03 13:12:00+05:30,398.05,398.2,398.0,398.2,18634,ITC
2025-03-03 13:13:00+05:30,398.15,398.25,398.0,398.2,14215,ITC
2025-03-03 13:14:00+05:30,398.05,398.25,397.9,398.25,11053,ITC
2025-03-03 13:15:00+05:30,398.1,398.25,397.4,397.65,86823,ITC
2025-03-03 13:16:00+05:30,397.65,397.9,397.55,397.85,13390,ITC
2025-03-03 13:17:00+05:30,397.8,398.0,397.65,398.0,11436,ITC
2025-03-03 13:18:00+05:30,397.85,398.1,397.8,398.0,20571,ITC
2025-03-03 13:19:00+05:30,397.9,398.1,397.65,397.9,18394,ITC
2025-03-03 13:20:00+05:30,397.7,397.9,397.3,397.6,30014,ITC
2025-03-03 13:21:00+05:30,397.45,397.65,397.15,397.45,31040,ITC
2025-03-03 13:22:00+05:30,397.55,397.85,397.4,397.75,36386,ITC
2025-03-03 13:23:00+05:30,397.65,398.0,397.65,397.9,88829,ITC
2025-03-03 13:24:00+05:30,397.85,398.05,397.35,397.55,57948,ITC
2025-03-03 13:25:00+05:30,397.55,397.95,397.5,397.85,14025,ITC
2025-03-03 13:26:00+05:30,397.8,397.9,397.55,397.8,15288,ITC
2025-03-03 13:27:00+05:30,397.6,397.85,397.5,397.5,19382,ITC
2025-03-03 13:28:00+05:30,397.5,397.75,397.4,397.45,14579,ITC
2025-03-03 13:29:00+05:30,397.4,397.55,397.0,397.2,33974,ITC
2025-03-03 13:30:00+05:30,397.05,397.2,396.75,397.0,40127,ITC
2025-03-03 13:31:00+05:30,397.0,397.2,396.55,396.6,66077,ITC
2025-03-03 13:32:00+05:30,396.55,396.85,396.2,396.8,80418,ITC
2025-03-03 13:33:00+05:30,396.65,396.9,396.5,396.6,16846,ITC
2025-03-03 13:34:00+05:30,396.55,396.8,396.55,396.8,19813,ITC
2025-03-03 13:35:00+05:30,396.65,396.9,396.6,396.9,23339,ITC
2025-03-03 13:36:00+05:30,396.85,397.0,396.7,396.75,29405,ITC
2025-03-03 13:37:00+05:30,396.75,397.0,396.6,396.7,16661,ITC
2025-03-03 13:38:00+05:30,396.7,397.15,396.65,396.95,18440,ITC
2025-03-03 13:39:00+05:30,396.95,397.15,396.8,397.05,15238,ITC
2025-03-03 13:40:00+05:30,396.9,397.1,396.5,396.55,19194,ITC
2025-03-03 13:41:00+05:30,396.65,396.9,396.55,396.55,22088,ITC
2025-03-03 13:42:00+05:30,396.5,396.8,396.5,396.7,16470,ITC
2025-03-03 13:43:00+05:30,396.6,396.8,396.5,396.55,27388,ITC
2025-03-03 13:44:00+05:30,396.55,396.95,396.45,396.9,17028,ITC
2025-03-03 13:45:00+05:30,396.95,397.0,396.7,397.0,19159,ITC
2025-03-03 13:46:00+05:30,396.9,397.15,396.8,396.95,14845,ITC
2025-03-03 13:47:00+05:30,396.95,397.1,396.75,397.1,22163,ITC
2025-03-03 13:48:00+05:30,396.95,397.15,396.7,397.0,16838,ITC
2025-03-03 13:49:00+05:30,396.85,397.15,396.75,397.0,19509,ITC
2025-03-03 13:50:00+05:30,397.0,397.2,396.8,397.0,22293,ITC
2025-03-03 13:51:00+05:30,397.0,397.45,397.0,397.1,15543,ITC
2025-03-03 13:52:00+05:30,397.1,397.4,397.05,397.25,13465,ITC
2025-03-03 13:53:00+05:30,397.2,397.4,397.05,397.05,15032,ITC
2025-03-03 13:54:00+05:30,397.25,397.25,397.0,397.05,21776,ITC
2025-03-03 13:55:00+05:30,397.0,397.2,397.0,397.05,14189,ITC
2025-03-03 13:56:00+05:30,397.05,397.25,397.05,397.25,13527,ITC
2025-03-03 13:57:00+05:30,397.05,397.25,397.0,397.25,23713,ITC
2025-03-03 13:58:00+05:30,397.05,397.25,397.0,397.25,20960,ITC
2025-03-03 13:59:00+05:30,397.2,397.25,397.0,397.0,16208,ITC
2025-03-03 14:00:00+05:30,397.1,397.3,397.0,397.05,17685,ITC
2025-03-03 14:01:00+05:30,397.05,397.4,397.05,397.4,13400,ITC
2025-03-03 14:02:00+05:30,397.25,397.65,397.2,397.4,18204,ITC
2025-03-03 14:03:00+05:30,397.4,397.6,397.25,397.45,14063,ITC
2025-03-03 14:04:00+05:30,397.4,397.6,397.35,397.35,13819,ITC
2025-03-03 14:05:00+05:30,397.35,397.5,397.1,397.1,20267,ITC
2025-03-03 14:06:00+05:30,397.2,397.35,397.05,397.2,24087,ITC
2025-03-03 14:07:00+05:30,397.15,397.3,397.0,397.2,24157,ITC
2025-03-03 14:08:00+05:30,397.0,397.3,396.95,397.05,19127,ITC
2025-03-03 14:09:00+05:30,397.05,397.3,397.0,397.1,18716,ITC
2025-03-03 14:10:00+05:30,397.05,397.35,397.05,397.25,16151,ITC
2025-03-03 14:11:00+05:30,397.25,397.5,397.1,397.3,22084,ITC
2025-03-03 14:12:00+05:30,397.3,397.75,397.3,397.55,19223,ITC
2025-03-03 14:13:00+05:30,397.55,397.75,397.35,397.6,27994,ITC
2025-03-03 14:14:00+05:30,397.6,397.75,397.4,397.4,24539,ITC
2025-03-03 14:15:00+05:30,397.6,398.0,397.3,397.7,95374,ITC
2025-03-03 14:16:00+05:30,397.85,397.9,397.2,397.45,22889,ITC
2025-03-03 14:17:00+05:30,397.45,397.45,397.05,397.05,30123,ITC
2025-03-03 14:18:00+05:30,397.05,397.25,397.0,397.1,22553,ITC
2025-03-03 14:19:00+05:30,397.1,397.4,397.05,397.2,23628,ITC
2025-03-03 14:20:00+05:30,397.4,397.5,397.15,397.25,25153,ITC
2025-03-03 14:21:00+05:30,397.25,397.45,397.2,397.35,12568,ITC
2025-03-03 14:22:00+05:30,397.4,397.5,397.25,397.45,13733,ITC
2025-03-03 14:23:00+05:30,397.45,397.5,397.25,397.4,10111,ITC
2025-03-03 14:24:00+05:30,397.4,397.55,397.3,397.5,15079,ITC
2025-03-03 14:25:00+05:30,397.4,397.5,397.2,397.4,18557,ITC
2025-03-03 14:26:00+05:30,397.2,397.45,397.2,397.35,9772,ITC
2025-03-03 14:27:00+05:30,397.35,397.4,397.05,397.05,19700,ITC
2025-03-03 14:28:00+05:30,397.05,397.4,397.05,397.35,20244,ITC
2025-03-03 14:29:00+05:30,397.3,397.5,396.9,397.3,135011,ITC
2025-03-03 14:30:00+05:30,397.45,397.45,397.05,397.15,21352,ITC
2025-03-03 14:31:00+05:30,397.1,397.15,396.9,397.15,28720,ITC
2025-03-03 14:32:00+05:30,397.1,397.3,396.9,397.05,27650,ITC
2025-03-03 14:33:00+05:30,397.15,397.3,397.0,397.2,12157,ITC
2025-03-03 14:34:00+05:30,397.0,397.25,396.9,397.15,19340,ITC
2025-03-03 14:35:00+05:30,397.15,397.4,397.0,397.15,33887,ITC
2025-03-03 14:36:00+05:30,397.15,397.4,397.05,397.25,27939,ITC
2025-03-03 14:37:00+05:30,397.4,397.55,397.2,397.55,30299,ITC
2025-03-03 14:38:00+05:30,397.55,397.75,397.3,397.5,54132,ITC
2025-03-03 14:39:00+05:30,397.35,397.55,397.25,397.3,16361,ITC
2025-03-03 14:40:00+05:30,397.3,397.55,397.3,397.3,14069,ITC
2025-03-03 14:41:00+05:30,397.3,397.55,397.25,397.5,14733,ITC
2025-03-03 14:42:00+05:30,397.55,397.55,397.05,397.25,17496,ITC
2025-03-03 14:43:00+05:30,397.05,397.3,397.05,397.3,12522,ITC
2025-03-03 14:44:00+05:30,397.3,397.45,397.1,397.2,14830,ITC
2025-03-03 14:45:00+05:30,397.4,397.4,397.15,397.3,16891,ITC
2025-03-03 14:46:00+05:30,397.25,397.4,397.05,397.1,27791,ITC
2025-03-03 14:47:00+05:30,397.3,397.3,396.95,397.25,29878,ITC
2025-03-03 14:48:00+05:30,397.25,397.3,396.95,397.0,21292,ITC
2025-03-03 14:49:00+05:30,397.2,397.2,396.9,397.15,26883,ITC
2025-03-03 14:50:00+05:30,397.15,397.3,397.0,397.05,31696,ITC
2025-03-03 14:51:00+05:30,397.25,397.3,397.0,397.05,30366,ITC
2025-03-03 14:52:00+05:30,397.05,397.3,397.05,397.25,12039,ITC
2025-03-03 14:53:00+05:30,397.15,397.25,397.0,397.1,16588,ITC
2025-03-03 14:54:00+05:30,397.25,397.4,397.05,397.35,21309,ITC
2025-03-03 14:55:00+05:30,397.25,397.55,397.25,397.55,20383,ITC
2025-03-03 14:56:00+05:30,397.55,397.6,397.2,397.4,19967,ITC
2025-03-03 14:57:00+05:30,397.4,397.45,397.15,397.35,13121,ITC
2025-03-03 14:58:00+05:30,397.35,397.4,397.1,397.15,20040,ITC
2025-03-03 14:59:00+05:30,397.2,397.6,397.15,397.45,22702,ITC
2025-03-03 15:00:00+05:30,397.6,397.6,397.2,397.3,45565,ITC
2025-03-03 15:01:00+05:30,397.45,397.5,397.1,397.1,38162,ITC
2025-03-03 15:02:00+05:30,397.2,397.35,397.1,397.25,46068,ITC
2025-03-03 15:03:00+05:30,397.3,397.75,397.05,397.7,77231,ITC
2025-03-03 15:04:00+05:30,397.7,397.75,397.1,397.2,40835,ITC
2025-03-03 15:05:00+05:30,397.35,397.45,397.05,397.45,42331,ITC
2025-03-03 15:06:00+05:30,397.45,397.65,397.3,397.45,30102,ITC
2025-03-03 15:07:00+05:30,397.6,397.65,397.2,397.4,35357,ITC
2025-03-03 15:08:00+05:30,397.4,397.5,397.25,397.4,33884,ITC
2025-03-03 15:09:00+05:30,397.35,397.5,397.2,397.4,31312,ITC
2025-03-03 15:10:00+05:30,397.5,397.8,397.4,397.75,35840,ITC
2025-03-03 15:11:00+05:30,397.65,397.8,397.35,397.5,29690,ITC
2025-03-03 15:12:00+05:30,397.5,397.65,397.25,397.55,35308,ITC
2025-03-03 15:13:00+05:30,397.55,397.6,397.3,397.4,32593,ITC
2025-03-03 15:14:00+05:30,397.45,397.6,397.4,397.5,37493,ITC
2025-03-03 15:15:00+05:30,397.5,397.8,397.4,397.75,46956,ITC
2025-03-03 15:16:00+05:30,397.65,397.85,397.5,397.65,48139,ITC
2025-03-03 15:17:00+05:30,397.7,397.8,397.4,397.6,38058,ITC
2025-03-03 15:18:00+05:30,397.6,397.6,397.35,397.5,36013,ITC
2025-03-03 15:19:00+05:30,397.45,397.55,397.1,397.3,35662,ITC
2025-03-03 15:20:00+05:30,397.35,397.45,397.1,397.45,45556,ITC
2025-03-03 15:21:00+05:30,397.45,397.55,397.3,397.5,47369,ITC
2025-03-03 15:22:00+05:30,397.45,397.55,397.3,397.55,44348,ITC
2025-03-03 15:23:00+05:30,397.5,397.55,397.4,397.5,53277,ITC
2025-03-03 15:24:00+05:30,397.5,397.55,397.1,397.35,72143,ITC
2025-03-03 15:25:00+05:30,397.3,397.45,397.0,397.4,83620,ITC
2025-03-03 15:26:00+05:30,397.35,397.8,397.15,397.65,66326,ITC
2025-03-03 15:27:00+05:30,397.45,397.85,397.2,397.7,61560,ITC
2025-03-03 15:28:00+05:30,397.7,397.95,397.15,397.5,29833,ITC
2025-03-03 15:29:00+05:30,397.85,398.0,397.0,397.0,36880,ITC
2025-03-04 09:15:00+05:30,395.4,397.2,395.3,396.2,164041,ITC
2025-03-04 09:16:00+05:30,396.2,396.2,395.0,395.7,211610,ITC
2025-03-04 09:17:00+05:30,395.9,396.2,395.1,395.55,128388,ITC
2025-03-04 09:18:00+05:30,395.3,395.6,395.05,395.35,61724,ITC
2025-03-04 09:19:00+05:30,395.35,395.55,395.15,395.4,39718,ITC
2025-03-04 09:20:00+05:30,395.45,396.0,395.35,395.65,34559,ITC
2025-03-04 09:21:00+05:30,395.65,395.65,394.85,395.2,65567,ITC
2025-03-04 09:22:00+05:30,395.25,395.4,395.05,395.3,72919,ITC
2025-03-04 09:23:00+05:30,395.35,396.15,395.0,396.0,97939,ITC
2025-03-04 09:24:00+05:30,395.95,396.65,395.95,396.15,35959,ITC
2025-03-04 09:25:00+05:30,396.25,396.25,395.65,395.8,34007,ITC
2025-03-04 09:26:00+05:30,395.8,395.85,395.65,395.8,8540,ITC
2025-03-04 09:27:00+05:30,395.75,395.95,395.7,395.7,24199,ITC
2025-03-04 09:28:00+05:30,395.75,396.0,395.6,396.0,17215,ITC
2025-03-04 09:29:00+05:30,396.0,396.0,395.7,395.95,13886,ITC
2025-03-04 09:30:00+05:30,395.9,396.05,395.8,396.05,33315,ITC
2025-03-04 09:31:00+05:30,396.05,396.1,395.2,395.4,73973,ITC
2025-03-04 09:32:00+05:30,395.25,396.0,395.25,395.75,20861,ITC
2025-03-04 09:33:00+05:30,395.85,395.85,395.55,395.65,14393,ITC
2025-03-04 09:34:00+05:30,395.65,396.05,395.05,396.05,60287,ITC
2025-03-04 09:35:00+05:30,396.05,396.05,395.45,395.55,15259,ITC
2025-03-04 09:36:00+05:30,395.6,395.6,395.25,395.3,14006,ITC
2025-03-04 09:37:00+05:30,395.3,395.4,395.25,395.3,13493,ITC
2025-03-04 09:38:00+05:30,395.3,395.55,395.1,395.45,165122,ITC
2025-03-04 09:39:00+05:30,395.45,395.55,395.15,395.45,116977,ITC
2025-03-04 09:40:00+05:30,395.4,396.0,395.2,396.0,68654,ITC
2025-03-04 09:41:00+05:30,395.85,396.65,395.85,396.0,37586,ITC
2025-03-04 09:42:00+05:30,396.0,396.1,395.7,395.85,55145,ITC
2025-03-04 09:43:00+05:30,395.85,395.9,395.5,395.6,22961,ITC
2025-03-04 09:44:00+05:30,395.6,395.6,395.0,395.25,403831,ITC
2025-03-04 09:45:00+05:30,395.3,395.3,394.15,394.7,252621,ITC
2025-03-04 09:46:00+05:30,394.7,395.0,394.5,394.75,250530,ITC
2025-03-04 09:47:00+05:30,394.75,394.75,394.5,394.65,32584,ITC
2025-03-04 09:48:00+05:30,394.65,394.9,394.5,394.8,117388,ITC
2025-03-04 09:49:00+05:30,394.8,394.95,394.55,394.7,30668,ITC
2025-03-04 09:50:00+05:30,394.65,394.7,394.4,394.55,35239,ITC
2025-03-04 09:51:00+05:30,394.55,394.75,394.5,394.7,132246,ITC
2025-03-04 09:52:00+05:30,394.75,395.1,394.65,394.75,29271,ITC
2025-03-04 09:53:00+05:30,394.75,394.8,394.5,394.7,30124,ITC
2025-03-04 09:54:00+05:30,394.65,394.9,394.5,394.85,24161,ITC
2025-03-04 09:55:00+05:30,394.85,395.05,394.5,395.05,19022,ITC
2025-03-04 09:56:00+05:30,395.05,395.25,394.7,395.25,26562,ITC
2025-03-04 09:57:00+05:30,395.25,395.3,394.75,395.0,25531,ITC
2025-03-04 09:58:00+05:30,395.0,395.05,394.85,395.05,16734,ITC
2025-03-04 09:59:00+05:30,394.9,395.05,394.7,394.85,7994,ITC
2025-03-04 10:00:00+05:30,394.85,394.85,394.65,394.85,11232,ITC
2025-03-04 10:01:00+05:30,394.85,395.05,394.8,395.05,13588,ITC
2025-03-04 10:02:00+05:30,395.05,395.3,394.8,395.0,25826,ITC
2025-03-04 10:03:00+05:30,395.0,395.0,394.75,394.9,11107,ITC
2025-03-04 10:04:00+05:30,394.9,395.0,394.8,395.0,25414,ITC
2025-03-04 10:05:00+05:30,395.0,395.55,394.85,395.15,158381,ITC
2025-03-04 10:06:00+05:30,395.15,395.15,394.95,395.1,111911,ITC
2025-03-04 10:07:00+05:30,395.1,395.15,395.0,395.05,10799,ITC
2025-03-04 10:08:00+05:30,395.05,395.05,395.0,395.05,3472,ITC
2025-03-04 10:09:00+05:30,395.05,395.05,394.85,395.05,32818,ITC
2025-03-04 10:10:00+05:30,395.05,395.05,395.0,395.05,6717,ITC
2025-03-04 10:11:00+05:30,395.05,395.05,394.95,395.05,15089,ITC
2025-03-04 10:12:00+05:30,395.05,395.05,395.0,395.05,7258,ITC
2025-03-04 10:13:00+05:30,395.0,395.05,395.0,395.05,11897,ITC
2025-03-04 10:14:00+05:30,395.0,395.05,395.0,395.05,6201,ITC
2025-03-04 10:15:00+05:30,395.05,395.05,394.9,395.05,37636,ITC
2025-03-04 10:16:00+05:30,395.05,395.05,394.35,394.55,60485,ITC
2025-03-04 10:17:00+05:30,394.55,394.55,394.5,394.55,10137,ITC
2025-03-04 10:18:00+05:30,394.55,394.55,394.5,394.55,7130,ITC
2025-03-04 10:19:00+05:30,394.5,394.55,394.45,394.55,19512,ITC
2025-03-04 10:20:00+05:30,394.55,394.55,394.3,394.55,21581,ITC
2025-03-04 10:21:00+05:30,394.55,394.55,394.5,394.5,9180,ITC
2025-03-04 10:22:00+05:30,394.55,394.75,394.4,394.55,50745,ITC
2025-03-04 10:23:00+05:30,394.5,394.55,394.25,394.55,190619,ITC
2025-03-04 10:24:00+05:30,394.55,394.55,394.4,394.55,16981,ITC
2025-03-04 10:25:00+05:30,394.55,394.55,394.05,394.3,81548,ITC
2025-03-04 10:26:00+05:30,394.25,394.3,394.1,394.3,72684,ITC
2025-03-04 10:27:00+05:30,394.3,394.3,393.55,393.8,102249,ITC
2025-03-04 10:28:00+05:30,393.75,393.8,393.6,393.8,14715,ITC
2025-03-04 10:29:00+05:30,393.75,393.8,393.6,393.8,39915,ITC
2025-03-04 10:30:00+05:30,393.75,393.9,393.45,393.9,244670,ITC
2025-03-04 10:31:00+05:30,393.8,393.9,393.6,393.85,37012,ITC
2025-03-04 10:32:00+05:30,393.85,393.9,393.8,393.85,12063,ITC
2025-03-04 10:33:00+05:30,393.85,394.0,393.85,393.95,19494,ITC
2025-03-04 10:34:00+05:30,393.9,394.0,393.85,394.0,9635,ITC
2025-03-04 10:35:00+05:30,394.0,394.0,393.8,393.9,6150,ITC
2025-03-04 10:36:00+05:30,393.8,393.9,393.8,393.85,19030,ITC
2025-03-04 10:37:00+05:30,393.85,393.85,393.8,393.85,19756,ITC
2025-03-04 10:38:00+05:30,393.85,393.9,393.8,393.9,6172,ITC
2025-03-04 10:39:00+05:30,393.9,393.9,393.85,393.9,6847,ITC
2025-03-04 10:40:00+05:30,393.9,393.9,393.85,393.9,7705,ITC
2025-03-04 10:41:00+05:30,393.9,393.9,393.8,393.85,6929,ITC
2025-03-04 10:42:00+05:30,393.85,393.85,393.6,393.85,52051,ITC
2025-03-04 10:43:00+05:30,393.8,393.85,393.15,393.4,90144,ITC
2025-03-04 10:44:00+05:30,393.35,393.4,392.85,393.3,106390,ITC
2025-03-04 10:45:00+05:30,393.3,393.75,393.1,393.6,41479,ITC
2025-03-04 10:46:00+05:30,393.5,393.65,393.3,393.3,12307,ITC
2025-03-04 10:47:00+05:30,393.35,393.6,393.3,393.6,17961,ITC
2025-03-04 10:48:00+05:30,393.5,393.6,393.3,393.4,21396,ITC
2025-03-04 10:49:00+05:30,393.4,393.65,393.2,393.65,27840,ITC
2025-03-04 10:50:00+05:30,393.65,393.7,393.5,393.65,7876,ITC
2025-03-04 10:51:00+05:30,393.65,393.95,393.6,393.95,15418,ITC
2025-03-04 10:52:00+05:30,393.95,394.15,393.8,393.9,87469,ITC
2025-03-04 10:53:00+05:30,393.9,393.95,393.75,393.85,8239,ITC
2025-03-04 10:54:00+05:30,393.75,393.85,393.3,393.4,20374,ITC
2025-03-04 10:55:00+05:30,393.3,393.45,393.25,393.3,29207,ITC
2025-03-04 10:56:00+05:30,393.3,394.1,393.25,393.85,190149,ITC
2025-03-04 10:57:00+05:30,393.8,393.9,393.5,393.85,36611,ITC
2025-03-04 10:58:00+05:30,393.85,394.45,393.8,394.2,99111,ITC
2025-03-04 10:59:00+05:30,394.2,394.3,394.0,394.25,92194,ITC
2025-03-04 11:00:00+05:30,394.3,394.3,394.05,394.15,21414,ITC
2025-03-04 11:01:00+05:30,394.1,394.15,394.0,394.1,23652,ITC
2025-03-04 11:02:00+05:30,394.05,394.65,394.05,394.45,139443,ITC
2025-03-04 11:03:00+05:30,394.45,394.65,394.05,394.1,44423,ITC
2025-03-04 11:04:00+05:30,394.05,394.1,393.25,393.95,144037,ITC
2025-03-04 11:05:00+05:30,393.9,394.0,393.8,393.9,8560,ITC
2025-03-04 11:06:00+05:30,393.9,394.15,393.85,394.15,32539,ITC
2025-03-04 11:07:00+05:30,394.1,394.2,394.05,394.05,10189,ITC
2025-03-04 11:08:00+05:30,394.05,394.2,394.0,394.2,15380,ITC
2025-03-04 11:09:00+05:30,394.15,394.2,394.1,394.15,9315,ITC
2025-03-04 11:10:00+05:30,394.2,394.2,393.7,393.85,27298,ITC
2025-03-04 11:11:00+05:30,393.85,393.9,393.8,393.85,9152,ITC
2025-03-04 11:12:00+05:30,393.85,393.9,393.45,393.85,208046,ITC
2025-03-04 11:13:00+05:30,393.8,394.0,393.6,393.95,88245,ITC
2025-03-04 11:14:00+05:30,393.95,393.95,393.9,393.95,3121,ITC
2025-03-04 11:15:00+05:30,393.95,393.95,393.7,393.75,19003,ITC
2025-03-04 11:16:00+05:30,393.8,393.8,393.75,393.75,13254,ITC
2025-03-04 11:17:00+05:30,393.75,393.8,393.75,393.8,10217,ITC
2025-03-04 11:18:00+05:30,393.8,393.8,393.7,393.8,10026,ITC
2025-03-04 11:19:00+05:30,393.8,393.8,393.5,393.6,17726,ITC
2025-03-04 11:20:00+05:30,393.55,393.6,393.55,393.55,3062,ITC
2025-03-04 11:21:00+05:30,393.55,393.6,393.5,393.55,12967,ITC
2025-03-04 11:22:00+05:30,393.55,393.55,393.5,393.55,5679,ITC
2025-03-04 11:23:00+05:30,393.5,393.55,393.5,393.55,13106,ITC
2025-03-04 11:24:00+05:30,393.5,393.55,393.5,393.5,4117,ITC
2025-03-04 11:25:00+05:30,393.55,393.6,393.5,393.55,14554,ITC
2025-03-04 11:26:00+05:30,393.55,393.6,393.25,393.3,25027,ITC
2025-03-04 11:27:00+05:30,393.3,393.3,393.25,393.3,6545,ITC
2025-03-04 11:28:00+05:30,393.25,393.35,393.15,393.35,23437,ITC
2025-03-04 11:29:00+05:30,393.35,393.35,393.15,393.3,33026,ITC
2025-03-04 11:30:00+05:30,393.25,393.3,393.25,393.25,7300,ITC
2025-03-04 11:31:00+05:30,393.25,393.3,393.25,393.25,20561,ITC
2025-03-04 11:32:00+05:30,393.3,393.3,393.25,393.3,10353,ITC
2025-03-04 11:33:00+05:30,393.3,393.5,393.25,393.45,22795,ITC
2025-03-04 11:34:00+05:30,393.45,393.55,393.35,393.45,8430,ITC
2025-03-04 11:35:00+05:30,393.4,393.55,393.35,393.55,6555,ITC
2025-03-04 11:36:00+05:30,393.5,393.6,393.4,393.5,7410,ITC
2025-03-04 11:37:00+05:30,393.5,393.65,393.4,393.65,6010,ITC
2025-03-04 11:38:00+05:30,393.65,393.65,393.4,393.6,15230,ITC
2025-03-04 11:39:00+05:30,393.6,393.65,393.5,393.65,6293,ITC
2025-03-04 11:40:00+05:30,393.55,393.65,393.5,393.5,15888,ITC
2025-03-04 11:41:00+05:30,393.5,393.6,393.5,393.6,2777,ITC
2025-03-04 11:42:00+05:30,393.55,393.6,393.5,393.6,5474,ITC
2025-03-04 11:43:00+05:30,393.6,393.7,393.5,393.7,16923,ITC
2025-03-04 11:44:00+05:30,393.7,393.7,393.6,393.6,13263,ITC
2025-03-04 11:45:00+05:30,393.6,393.7,393.45,393.65,19243,ITC
2025-03-04 11:46:00+05:30,393.65,393.65,393.5,393.5,24897,ITC
2025-03-04 11:47:00+05:30,393.5,393.6,393.45,393.55,22737,ITC
2025-03-04 11:48:00+05:30,393.5,393.6,393.5,393.55,35518,ITC
2025-03-04 11:49:00+05:30,393.5,393.55,393.5,393.55,4879,ITC
2025-03-04 11:50:00+05:30,393.55,393.55,393.5,393.55,5801,ITC
2025-03-04 11:51:00+05:30,393.5,393.7,393.3,393.55,96882,ITC
2025-03-04 11:52:00+05:30,393.55,393.7,393.5,393.6,42782,ITC
2025-03-04 11:53:00+05:30,393.6,393.7,393.5,393.7,7564,ITC
2025-03-04 11:54:00+05:30,393.7,393.7,393.5,393.7,10185,ITC
2025-03-04 11:55:00+05:30,393.7,393.7,393.5,393.5,3261,ITC
2025-03-04 11:56:00+05:30,393.65,394.05,393.5,394.05,37108,ITC
2025-03-04 11:57:00+05:30,394.0,394.3,394.0,394.25,7352,ITC
2025-03-04 11:58:00+05:30,394.15,394.25,394.05,394.1,7710,ITC
2025-03-04 11:59:00+05:30,394.05,394.2,394.0,394.1,8790,ITC
2025-03-04 12:00:00+05:30,394.0,394.2,393.95,393.95,12407,ITC
2025-03-04 12:01:00+05:30,393.9,394.05,393.75,393.85,6630,ITC
2025-03-04 12:02:00+05:30,393.85,393.95,393.7,393.75,18491,ITC
2025-03-04 12:03:00+05:30,393.75,393.95,393.75,393.95,5492,ITC
2025-03-04 12:04:00+05:30,393.95,394.0,393.75,393.9,9958,ITC
2025-03-04 12:05:00+05:30,393.85,393.95,393.45,393.75,263754,ITC
2025-03-04 12:06:00+05:30,393.75,393.9,393.45,393.6,188671,ITC
2025-03-04 12:07:00+05:30,393.6,393.6,393.15,393.25,27319,ITC
2025-03-04 12:08:00+05:30,393.25,393.35,393.15,393.3,13692,ITC
2025-03-04 12:09:00+05:30,393.35,393.5,393.2,393.3,36119,ITC
2025-03-04 12:10:00+05:30,393.25,393.3,393.15,393.3,9775,ITC
2025-03-04 12:11:00+05:30,393.25,393.3,393.2,393.3,8366,ITC
2025-03-04 12:12:00+05:30,393.25,393.3,393.25,393.3,17218,ITC
2025-03-04 12:13:00+05:30,393.25,393.35,393.25,393.3,19961,ITC
2025-03-04 12:14:00+05:30,393.25,393.3,393.2,393.3,18124,ITC
2025-03-04 12:15:00+05:30,393.3,393.3,393.25,393.3,7181,ITC
2025-03-04 12:16:00+05:30,393.25,393.3,393.25,393.3,7679,ITC
2025-03-04 12:17:00+05:30,393.25,393.3,393.15,393.3,24868,ITC
2025-03-04 12:18:00+05:30,393.3,393.4,393.15,393.3,37348,ITC
2025-03-04 12:19:00+05:30,393.3,393.35,393.3,393.3,11402,ITC
2025-03-04 12:20:00+05:30,393.3,393.4,393.15,393.3,38569,ITC
2025-03-04 12:21:00+05:30,393.25,393.4,393.2,393.3,22711,ITC
2025-03-04 12:22:00+05:30,393.3,393.35,393.2,393.3,27765,ITC
2025-03-04 12:23:00+05:30,393.25,393.5,393.1,393.45,67422,ITC
2025-03-04 12:24:00+05:30,393.45,393.45,393.25,393.3,15308,ITC
2025-03-04 12:25:00+05:30,393.25,393.4,393.25,393.3,15319,ITC
2025-03-04 12:26:00+05:30,393.25,393.45,393.25,393.4,11069,ITC
2025-03-04 12:27:00+05:30,393.35,393.4,393.25,393.3,12291,ITC
2025-03-04 12:28:00+05:30,393.25,393.5,393.25,393.5,17221,ITC
2025-03-04 12:29:00+05:30,393.5,393.5,393.25,393.3,8436,ITC
2025-03-04 12:30:00+05:30,393.3,393.35,393.25,393.3,7846,ITC
2025-03-04 12:31:00+05:30,393.25,393.45,393.25,393.25,11730,ITC
2025-03-04 12:32:00+05:30,393.45,393.5,393.3,393.4,11105,ITC
2025-03-04 12:33:00+05:30,393.4,393.45,393.3,393.4,28180,ITC
2025-03-04 12:34:00+05:30,393.3,393.4,393.3,393.4,8476,ITC
2025-03-04 12:35:00+05:30,393.4,393.4,393.25,393.25,16240,ITC
2025-03-04 12:36:00+05:30,393.3,393.45,393.25,393.35,28263,ITC
2025-03-04 12:37:00+05:30,393.3,393.6,393.3,393.45,20080,ITC
2025-03-04 12:38:00+05:30,393.5,393.5,393.3,393.5,19484,ITC
2025-03-04 12:39:00+05:30,393.5,393.5,393.3,393.5,7596,ITC
2025-03-04 12:40:00+05:30,393.45,393.5,393.35,393.5,6987,ITC
2025-03-04 12:41:00+05:30,393.45,393.55,393.25,393.25,19675,ITC
2025-03-04 12:42:00+05:30,393.45,393.5,393.25,393.5,17742,ITC
2025-03-04 12:43:00+05:30,393.45,393.5,393.3,393.5,8485,ITC
2025-03-04 12:44:00+05:30,393.4,393.5,393.2,393.2,69904,ITC
2025-03-04 12:45:00+05:30,393.2,393.65,393.15,393.6,108506,ITC
2025-03-04 12:46:00+05:30,393.6,393.6,393.35,393.5,11629,ITC
2025-03-04 12:47:00+05:30,393.4,393.65,393.35,393.5,17892,ITC
2025-03-04 12:48:00+05:30,393.5,393.65,393.4,393.55,12730,ITC
2025-03-04 12:49:00+05:30,393.55,393.55,393.35,393.5,12283,ITC
2025-03-04 12:50:00+05:30,393.55,393.7,393.5,393.6,11988,ITC
2025-03-04 12:51:00+05:30,393.55,393.6,393.3,393.45,8875,ITC
2025-03-04 12:52:00+05:30,393.4,393.65,393.3,393.6,12110,ITC
2025-03-04 12:53:00+05:30,393.4,393.6,393.35,393.4,8607,ITC
2025-03-04 12:54:00+05:30,393.4,393.55,393.35,393.5,7699,ITC
2025-03-04 12:55:00+05:30,393.45,393.5,393.3,393.45,9411,ITC
2025-03-04 12:56:00+05:30,393.45,393.55,393.35,393.35,11376,ITC
2025-03-04 12:57:00+05:30,393.35,393.55,393.35,393.4,9441,ITC
2025-03-04 12:58:00+05:30,393.35,393.5,393.3,393.5,30336,ITC
2025-03-04 12:59:00+05:30,393.5,393.6,393.25,393.6,17096,ITC
2025-03-04 13:00:00+05:30,393.6,393.65,393.35,393.6,23700,ITC
2025-03-04 13:01:00+05:30,393.6,393.65,393.4,393.5,14186,ITC
2025-03-04 13:02:00+05:30,393.5,393.7,393.35,393.65,20284,ITC
2025-03-04 13:03:00+05:30,393.55,393.75,393.5,393.65,14109,ITC
2025-03-04 13:04:00+05:30,393.6,393.75,393.5,393.7,11276,ITC
2025-03-04 13:05:00+05:30,393.7,393.75,393.5,393.65,9720,ITC
2025-03-04 13:06:00+05:30,393.55,393.75,393.5,393.7,14974,ITC
2025-03-04 13:07:00+05:30,393.6,393.75,393.5,393.65,13860,ITC
2025-03-04 13:08:00+05:30,393.55,393.75,393.5,393.75,22708,ITC
2025-03-04 13:09:00+05:30,393.7,394.3,393.65,394.25,56215,ITC
2025-03-04 13:10:00+05:30,394.25,394.3,394.0,394.05,14414,ITC
2025-03-04 13:11:00+05:30,394.0,394.05,393.7,394.0,28367,ITC
2025-03-04 13:12:00+05:30,393.8,394.05,393.8,393.8,17510,ITC
2025-03-04 13:13:00+05:30,393.8,394.05,393.8,394.0,12958,ITC
2025-03-04 13:14:00+05:30,393.95,394.0,393.65,393.7,11980,ITC
2025-03-04 13:15:00+05:30,393.7,393.95,393.5,393.75,23051,ITC
2025-03-04 13:16:00+05:30,393.75,393.85,393.45,393.8,25243,ITC
2025-03-04 13:17:00+05:30,393.65,394.0,393.6,393.85,10143,ITC
2025-03-04 13:18:00+05:30,393.9,394.0,393.75,393.8,10168,ITC
2025-03-04 13:19:00+05:30,393.8,394.0,393.75,393.95,14037,ITC
2025-03-04 13:20:00+05:30,393.8,394.0,393.75,393.85,17634,ITC
2025-03-04 13:21:00+05:30,393.9,394.0,393.7,393.85,18381,ITC
2025-03-04 13:22:00+05:30,393.75,393.9,393.6,393.85,13382,ITC
2025-03-04 13:23:00+05:30,393.7,393.85,393.55,393.75,12980,ITC
2025-03-04 13:24:00+05:30,393.6,393.75,393.55,393.75,10884,ITC
2025-03-04 13:25:00+05:30,393.65,393.85,393.6,393.8,18547,ITC
2025-03-04 13:26:00+05:30,393.8,393.85,393.6,393.7,15156,ITC
2025-03-04 13:27:00+05:30,393.7,393.85,393.6,393.85,11342,ITC
2025-03-04 13:28:00+05:30,393.85,393.85,393.6,393.75,14436,ITC
2025-03-04 13:29:00+05:30,393.75,393.9,393.6,393.85,19314,ITC
2025-03-04 13:30:00+05:30,393.65,393.9,393.6,393.9,18273,ITC
2025-03-04 13:31:00+05:30,393.85,393.9,393.6,393.9,19797,ITC
2025-03-04 13:32:00+05:30,393.75,394.0,393.65,393.85,19622,ITC
2025-03-04 13:33:00+05:30,393.8,394.0,393.65,394.0,22579,ITC
2025-03-04 13:34:00+05:30,393.9,394.0,393.7,393.95,15252,ITC
2025-03-04 13:35:00+05:30,393.8,394.1,393.75,393.9,20364,ITC
2025-03-04 13:36:00+05:30,394.05,394.05,393.75,393.85,9134,ITC
2025-03-04 13:37:00+05:30,393.8,393.9,393.7,393.9,13850,ITC
2025-03-04 13:38:00+05:30,393.9,394.0,393.7,394.0,11166,ITC
2025-03-04 13:39:00+05:30,393.85,394.0,393.7,394.0,12016,ITC
2025-03-04 13:40:00+05:30,393.9,394.0,393.8,394.0,15603,ITC
2025-03-04 13:41:00+05:30,393.95,394.3,393.85,394.2,16640,ITC
2025-03-04 13:42:00+05:30,394.2,394.3,394.05,394.2,15527,ITC
2025-03-04 13:43:00+05:30,394.25,394.25,394.0,394.25,10205,ITC
2025-03-04 13:44:00+05:30,394.05,394.45,394.05,394.45,22643,ITC
2025-03-04 13:45:00+05:30,394.25,394.35,393.9,393.95,25841,ITC
2025-03-04 13:46:00+05:30,393.85,393.95,393.8,393.8,9113,ITC
2025-03-04 13:47:00+05:30,393.9,393.95,393.8,393.8,13747,ITC
2025-03-04 13:48:00+05:30,393.8,393.95,393.65,393.95,15331,ITC
2025-03-04 13:49:00+05:30,393.85,393.95,393.75,393.85,16411,ITC
2025-03-04 13:50:00+05:30,393.85,393.9,393.7,393.85,26596,ITC
2025-03-04 13:51:00+05:30,393.75,393.85,393.65,393.7,17844,ITC
2025-03-04 13:52:00+05:30,393.7,394.15,393.65,394.0,47478,ITC
2025-03-04 13:53:00+05:30,394.0,394.15,393.85,394.1,10947,ITC
2025-03-04 13:54:00+05:30,394.05,394.1,393.9,394.05,11942,ITC
2025-03-04 13:55:00+05:30,394.0,394.1,393.9,394.1,12672,ITC
2025-03-04 13:56:00+05:30,393.9,394.15,393.9,394.15,11097,ITC
2025-03-04 13:57:00+05:30,394.1,394.2,394.05,394.2,9912,ITC
2025-03-04 13:58:00+05:30,394.15,394.2,394.05,394.2,10034,ITC
2025-03-04 13:59:00+05:30,394.1,394.2,393.95,394.1,11583,ITC
2025-03-04 14:00:00+05:30,394.05,394.2,393.95,394.15,14123,ITC
2025-03-04 14:01:00+05:30,394.1,394.2,394.0,394.1,8739,ITC
2025-03-04 14:02:00+05:30,394.0,394.15,393.95,394.1,9675,ITC
2025-03-04 14:03:00+05:30,394.05,394.1,393.8,393.8,12061,ITC
2025-03-04 14:04:00+05:30,393.8,394.05,393.8,393.95,12650,ITC
2025-03-04 14:05:00+05:30,393.9,394.2,393.85,394.2,14895,ITC
2025-03-04 14:06:00+05:30,394.15,394.25,394.0,394.25,12161,ITC
2025-03-04 14:07:00+05:30,394.25,394.4,394.1,394.35,14647,ITC
2025-03-04 14:08:00+05:30,394.3,394.35,394.05,394.25,11263,ITC
2025-03-04 14:09:00+05:30,394.1,394.2,393.95,394.05,13972,ITC
2025-03-04 14:10:00+05:30,394.0,394.2,393.95,394.1,18670,ITC
2025-03-04 14:11:00+05:30,394.1,394.25,393.9,394.0,17414,ITC
2025-03-04 14:12:00+05:30,394.1,394.2,393.9,394.05,17847,ITC
2025-03-04 14:13:00+05:30,393.9,394.15,393.7,393.9,25491,ITC
2025-03-04 14:14:00+05:30,393.75,393.95,393.65,393.85,39323,ITC
2025-03-04 14:15:00+05:30,393.8,393.95,393.65,393.8,18847,ITC
2025-03-04 14:16:00+05:30,393.85,393.85,393.6,393.8,42529,ITC
2025-03-04 14:17:00+05:30,393.75,393.85,393.6,393.75,25962,ITC
2025-03-04 14:18:00+05:30,393.75,393.85,393.6,393.85,20498,ITC
2025-03-04 14:19:00+05:30,393.8,393.85,393.6,393.8,19898,ITC
2025-03-04 14:20:00+05:30,393.75,393.85,393.65,393.8,15664,ITC
2025-03-04 14:21:00+05:30,393.75,393.85,393.6,393.85,12529,ITC
2025-03-04 14:22:00+05:30,393.8,393.85,393.7,393.85,11998,ITC
2025-03-04 14:23:00+05:30,393.75,393.85,393.7,393.85,20345,ITC
2025-03-04 14:24:00+05:30,393.8,393.9,393.7,393.8,13859,ITC
2025-03-04 14:25:00+05:30,393.8,393.85,393.65,393.85,23805,ITC
2025-03-04 14:26:00+05:30,393.8,393.9,393.7,393.9,44215,ITC
2025-03-04 14:27:00+05:30,393.8,393.95,393.7,393.9,54450,ITC
2025-03-04 14:28:00+05:30,393.85,393.95,393.7,393.95,25791,ITC
2025-03-04 14:29:00+05:30,393.8,393.95,393.7,393.9,39840,ITC
2025-03-04 14:30:00+05:30,393.75,393.95,393.7,393.8,40617,ITC
2025-03-04 14:31:00+05:30,393.8,393.95,393.7,393.85,16314,ITC
2025-03-04 14:32:00+05:30,393.85,393.9,393.7,393.9,21724,ITC
2025-03-04 14:33:00+05:30,393.8,393.9,393.7,393.9,28204,ITC
2025-03-04 14:34:00+05:30,393.9,393.95,393.8,393.95,16380,ITC
2025-03-04 14:35:00+05:30,393.95,394.25,393.85,394.25,23979,ITC
2025-03-04 14:36:00+05:30,394.1,394.3,394.05,394.3,12849,ITC
2025-03-04 14:37:00+05:30,394.25,394.3,394.15,394.3,11897,ITC
2025-03-04 14:38:00+05:30,394.25,394.3,394.15,394.25,12062,ITC
2025-03-04 14:39:00+05:30,394.25,394.3,394.1,394.25,10436,ITC
2025-03-04 14:40:00+05:30,394.15,394.25,394.05,394.1,8893,ITC
2025-03-04 14:41:00+05:30,394.1,394.3,394.05,394.3,17116,ITC
2025-03-04 14:42:00+05:30,394.25,394.3,394.15,394.15,11997,ITC
2025-03-04 14:43:00+05:30,394.1,394.3,394.05,394.05,19581,ITC
2025-03-04 14:44:00+05:30,394.2,394.35,394.1,394.35,18006,ITC
2025-03-04 14:45:00+05:30,394.3,394.4,394.2,394.3,13935,ITC
2025-03-04 14:46:00+05:30,394.3,394.4,394.15,394.25,11677,ITC
2025-03-04 14:47:00+05:30,394.15,394.3,394.05,394.3,18841,ITC
2025-03-04 14:48:00+05:30,394.25,394.35,394.05,394.3,14299,ITC
2025-03-04 14:49:00+05:30,394.3,394.35,394.15,394.3,13072,ITC
2025-03-04 14:50:00+05:30,394.3,394.45,394.15,394.3,17832,ITC
2025-03-04 14:51:00+05:30,394.35,394.45,394.25,394.4,21452,ITC
2025-03-04 14:52:00+05:30,394.4,394.5,394.3,394.5,19961,ITC
2025-03-04 14:53:00+05:30,394.5,394.5,394.3,394.5,24754,ITC
2025-03-04 14:54:00+05:30,394.5,394.5,394.0,394.4,81748,ITC
2025-03-04 14:55:00+05:30,394.3,394.45,394.1,394.4,17891,ITC
2025-03-04 14:56:00+05:30,394.4,394.5,394.2,394.45,29898,ITC
2025-03-04 14:57:00+05:30,394.3,394.5,394.25,394.5,19963,ITC
2025-03-04 14:58:00+05:30,394.45,394.55,394.3,394.5,18803,ITC
2025-03-04 14:59:00+05:30,394.5,394.7,394.45,394.55,30966,ITC
2025-03-04 15:00:00+05:30,394.55,395.0,394.5,394.8,121077,ITC
2025-03-04 15:01:00+05:30,394.8,394.95,394.7,394.8,33831,ITC
2025-03-04 15:02:00+05:30,394.8,395.0,394.7,395.0,61225,ITC
2025-03-04 15:03:00+05:30,394.9,395.55,394.85,395.4,100783,ITC
2025-03-04 15:04:00+05:30,395.4,395.7,395.35,395.65,58657,ITC
2025-03-04 15:05:00+05:30,395.6,395.65,395.0,395.1,177788,ITC
2025-03-04 15:06:00+05:30,395.15,395.25,394.8,394.8,50966,ITC
2025-03-04 15:07:00+05:30,394.8,394.85,394.5,394.7,117923,ITC
2025-03-04 15:08:00+05:30,394.7,394.85,394.55,394.75,51357,ITC
2025-03-04 15:09:00+05:30,394.75,394.9,394.7,394.8,46673,ITC
2025-03-04 15:10:00+05:30,394.8,394.95,394.65,394.9,68035,ITC
2025-03-04 15:11:00+05:30,394.9,395.0,394.8,394.85,87938,ITC
2025-03-04 15:12:00+05:30,394.8,394.95,394.75,394.8,26399,ITC
2025-03-04 15:13:00+05:30,394.8,394.85,394.5,394.85,65477,ITC
2025-03-04 15:14:00+05:30,394.75,394.85,394.55,394.7,26165,ITC
2025-03-04 15:15:00+05:30,394.6,394.7,394.5,394.65,45438,ITC
2025-03-04 15:16:00+05:30,394.5,394.65,394.5,394.55,273175,ITC
2025-03-04 15:17:00+05:30,394.55,395.0,394.55,394.7,246991,ITC
2025-03-04 15:18:00+05:30,394.7,394.85,394.5,394.55,33898,ITC
2025-03-04 15:19:00+05:30,394.55,394.9,394.5,394.8,50051,ITC
2025-03-04 15:20:00+05:30,394.75,394.85,394.5,394.7,59270,ITC
2025-03-04 15:21:00+05:30,394.7,394.8,394.6,394.7,63028,ITC
2025-03-04 15:22:00+05:30,394.75,395.5,394.7,395.45,215371,ITC
2025-03-04 15:23:00+05:30,395.3,395.5,395.0,395.0,53036,ITC
2025-03-04 15:24:00+05:30,395.0,395.05,394.6,394.65,42421,ITC
2025-03-04 15:25:00+05:30,394.7,394.7,394.6,394.6,29595,ITC
2025-03-04 15:26:00+05:30,394.65,394.7,394.55,394.65,35306,ITC
2025-03-04 15:27:00+05:30,394.6,394.75,394.5,394.5,29740,ITC
2025-03-04 15:28:00+05:30,394.7,394.7,394.0,394.55,47734,ITC
2025-03-04 15:29:00+05:30,394.25,394.55,394.05,394.45,17154,ITC
2025-03-05 09:15:00+05:30,394.5,397.5,394.5,396.6,250394,ITC
2025-03-05 09:16:00+05:30,396.6,396.65,396.05,396.45,88635,ITC
2025-03-05 09:17:00+05:30,396.5,396.95,396.25,396.4,44887,ITC
2025-03-05 09:18:00+05:30,396.35,396.35,395.5,395.8,50140,ITC
2025-03-05 09:19:00+05:30,395.75,395.85,395.15,395.45,32057,ITC
2025-03-05 09:20:00+05:30,395.45,396.55,395.15,396.45,138032,ITC
2025-03-05 09:21:00+05:30,396.45,396.55,396.0,396.3,42004,ITC
2025-03-05 09:22:00+05:30,396.25,397.45,396.15,397.3,92349,ITC
2025-03-05 09:23:00+05:30,397.3,397.8,397.1,397.35,93261,ITC
2025-03-05 09:24:00+05:30,397.35,397.7,397.3,397.7,47026,ITC
2025-03-05 09:25:00+05:30,397.65,398.0,397.6,397.8,44725,ITC
2025-03-05 09:26:00+05:30,397.8,397.8,397.4,397.7,43510,ITC
2025-03-05 09:27:00+05:30,397.65,397.9,397.35,397.4,23394,ITC
2025-03-05 09:28:00+05:30,397.5,397.5,396.8,397.0,63534,ITC
2025-03-05 09:29:00+05:30,397.15,397.75,396.9,397.65,33865,ITC
2025-03-05 09:30:00+05:30,397.65,397.75,397.4,397.65,29214,ITC
2025-03-05 09:31:00+05:30,397.65,397.65,397.15,397.3,19631,ITC
2025-03-05 09:32:00+05:30,397.2,398.25,397.2,398.05,75558,ITC
2025-03-05 09:33:00+05:30,398.05,398.75,398.0,398.65,46720,ITC
2025-03-05 09:34:00+05:30,398.65,398.8,398.05,398.2,52754,ITC
2025-03-05 09:35:00+05:30,398.2,398.2,397.3,397.5,40279,ITC
2025-03-05 09:36:00+05:30,397.6,397.85,397.4,397.6,29131,ITC
2025-03-05 09:37:00+05:30,397.55,397.9,397.55,397.65,25793,ITC
2025-03-05 09:38:00+05:30,397.65,397.85,397.2,397.5,39530,ITC
2025-03-05 09:39:00+05:30,397.7,397.85,397.4,397.55,49615,ITC
2025-03-05 09:40:00+05:30,397.7,397.8,397.4,397.4,25651,ITC
2025-03-05 09:41:00+05:30,397.4,397.8,397.25,397.3,29284,ITC
2025-03-05 09:42:00+05:30,397.3,397.45,396.85,397.25,128050,ITC
2025-03-05 09:43:00+05:30,397.25,397.25,396.8,397.05,42898,ITC
2025-03-05 09:44:00+05:30,397.15,397.15,396.8,397.0,48377,ITC
2025-03-05 09:45:00+05:30,396.9,397.0,396.85,396.95,32143,ITC
2025-03-05 09:46:00+05:30,396.95,397.2,396.8,397.0,29202,ITC
2025-03-05 09:47:00+05:30,397.0,397.3,396.95,397.0,70823,ITC
2025-03-05 09:48:00+05:30,396.95,397.35,396.95,397.0,35478,ITC
2025-03-05 09:49:00+05:30,397.0,397.2,396.9,397.0,41623,ITC
2025-03-05 09:50:00+05:30,397.0,397.0,396.6,396.75,23321,ITC
2025-03-05 09:51:00+05:30,396.6,396.65,396.5,396.65,22030,ITC
2025-03-05 09:52:00+05:30,396.65,396.65,396.6,396.65,20857,ITC
2025-03-05 09:53:00+05:30,396.65,396.85,396.6,396.75,11397,ITC
2025-03-05 09:54:00+05:30,396.75,396.75,396.6,396.65,9665,ITC
2025-03-05 09:55:00+05:30,396.6,396.65,396.55,396.65,25837,ITC
2025-03-05 09:56:00+05:30,396.65,397.05,396.6,397.0,30905,ITC
2025-03-05 09:57:00+05:30,396.95,397.0,396.7,396.85,11369,ITC
2025-03-05 09:58:00+05:30,396.85,397.0,396.7,397.0,23511,ITC
2025-03-05 09:59:00+05:30,397.0,397.0,396.75,396.8,34288,ITC
2025-03-05 10:00:00+05:30,396.8,396.8,396.3,396.65,41473,ITC
2025-03-05 10:01:00+05:30,396.65,396.95,396.55,396.7,21563,ITC
2025-03-05 10:02:00+05:30,396.7,396.7,396.55,396.65,24454,ITC
2025-03-05 10:03:00+05:30,396.65,396.65,396.6,396.65,7762,ITC
2025-03-05 10:04:00+05:30,396.65,396.65,396.6,396.65,14049,ITC
2025-03-05 10:05:00+05:30,396.65,396.65,396.6,396.65,8455,ITC
2025-03-05 10:06:00+05:30,396.65,396.7,396.6,396.7,32348,ITC
2025-03-05 10:07:00+05:30,396.7,396.7,396.6,396.65,7751,ITC
2025-03-05 10:08:00+05:30,396.7,397.1,396.6,396.7,100710,ITC
2025-03-05 10:09:00+05:30,396.65,396.65,396.45,396.65,71637,ITC
2025-03-05 10:10:00+05:30,396.65,396.75,396.45,396.7,20500,ITC
2025-03-05 10:11:00+05:30,396.7,396.7,396.65,396.7,5183,ITC
2025-03-05 10:12:00+05:30,396.7,396.7,396.65,396.7,16549,ITC
2025-03-05 10:13:00+05:30,396.7,397.25,396.65,397.15,25623,ITC
2025-03-05 10:14:00+05:30,397.15,397.15,397.05,397.15,10600,ITC
2025-03-05 10:15:00+05:30,397.15,397.15,396.75,396.9,21506,ITC
2025-03-05 10:16:00+05:30,396.9,396.9,396.65,396.75,22788,ITC
2025-03-05 10:17:00+05:30,396.75,397.0,396.65,396.7,53958,ITC
2025-03-05 10:18:00+05:30,396.65,396.9,396.6,396.9,9161,ITC
2025-03-05 10:19:00+05:30,396.85,396.9,396.7,396.75,22452,ITC
2025-03-05 10:20:00+05:30,396.7,396.75,396.65,396.75,10812,ITC
2025-03-05 10:21:00+05:30,396.7,396.75,396.7,396.75,50628,ITC
2025-03-05 10:22:00+05:30,396.7,397.0,396.55,396.95,73752,ITC
2025-03-05 10:23:00+05:30,397.0,397.5,396.9,397.15,51454,ITC
2025-03-05 10:24:00+05:30,397.2,397.2,397.0,397.1,9207,ITC
2025-03-05 10:25:00+05:30,397.1,397.1,396.6,396.7,19189,ITC
2025-03-05 10:26:00+05:30,396.6,396.7,396.6,396.7,19800,ITC
2025-03-05 10:27:00+05:30,396.65,396.85,396.65,396.85,15395,ITC
2025-03-05 10:28:00+05:30,396.75,396.8,396.6,396.7,7908,ITC
2025-03-05 10:29:00+05:30,396.6,396.7,396.6,396.7,7469,ITC
2025-03-05 10:30:00+05:30,396.6,397.0,396.6,397.0,24549,ITC
2025-03-05 10:31:00+05:30,397.0,397.0,396.7,396.8,7124,ITC
2025-03-05 10:32:00+05:30,396.8,396.8,396.45,396.65,30716,ITC
2025-03-05 10:33:00+05:30,396.6,397.05,396.6,396.85,49114,ITC
2025-03-05 10:34:00+05:30,396.85,397.45,396.5,397.1,248128,ITC
2025-03-05 10:35:00+05:30,397.1,397.1,396.8,396.85,6404,ITC
2025-03-05 10:36:00+05:30,396.8,396.85,396.75,396.85,11234,ITC
2025-03-05 10:37:00+05:30,396.85,397.15,396.75,396.95,33820,ITC
2025-03-05 10:38:00+05:30,397.0,397.0,396.8,396.95,11800,ITC
2025-03-05 10:39:00+05:30,396.95,397.0,396.75,396.8,11031,ITC
2025-03-05 10:40:00+05:30,396.8,396.8,396.7,396.75,18575,ITC
2025-03-05 10:41:00+05:30,396.75,396.75,396.7,396.75,7929,ITC
2025-03-05 10:42:00+05:30,396.7,396.75,396.6,396.7,9967,ITC
2025-03-05 10:43:00+05:30,396.7,396.7,396.6,396.65,19313,ITC
2025-03-05 10:44:00+05:30,396.6,396.65,396.45,396.65,23605,ITC
2025-03-05 10:45:00+05:30,396.65,396.65,396.55,396.65,13144,ITC
2025-03-05 10:46:00+05:30,396.65,396.65,396.55,396.6,24137,ITC
2025-03-05 10:47:00+05:30,396.65,397.75,396.6,397.15,236915,ITC
2025-03-05 10:48:00+05:30,397.1,397.15,396.6,396.6,22297,ITC
2025-03-05 10:49:00+05:30,396.65,396.7,396.55,396.65,17652,ITC
2025-03-05 10:50:00+05:30,396.6,396.7,396.6,396.65,16540,ITC
2025-03-05 10:51:00+05:30,396.65,396.95,396.6,396.7,30850,ITC
2025-03-05 10:52:00+05:30,396.7,396.7,396.55,396.6,13297,ITC
2025-03-05 10:53:00+05:30,396.6,396.65,396.5,396.6,18802,ITC
2025-03-05 10:54:00+05:30,396.5,396.75,396.4,396.65,32919,ITC
2025-03-05 10:55:00+05:30,396.65,397.15,396.55,397.0,42505,ITC
2025-03-05 10:56:00+05:30,397.0,397.05,396.8,396.95,32130,ITC
2025-03-05 10:57:00+05:30,396.95,396.95,396.7,396.75,23321,ITC
2025-03-05 10:58:00+05:30,396.75,397.2,396.6,397.1,101302,ITC
2025-03-05 10:59:00+05:30,397.0,397.1,396.7,396.75,36817,ITC
2025-03-05 11:00:00+05:30,396.7,397.05,396.6,396.85,41023,ITC
2025-03-05 11:01:00+05:30,396.9,396.9,396.6,396.65,18988,ITC
2025-03-05 11:02:00+05:30,396.6,396.65,396.6,396.65,17190,ITC
2025-03-05 11:03:00+05:30,396.65,396.65,396.6,396.65,11065,ITC
2025-03-05 11:04:00+05:30,396.65,396.9,396.6,396.75,25427,ITC
2025-03-05 11:05:00+05:30,396.7,396.7,396.6,396.65,11596,ITC
2025-03-05 11:06:00+05:30,396.65,396.65,396.55,396.65,14954,ITC
2025-03-05 11:07:00+05:30,396.6,396.65,396.55,396.65,11533,ITC
2025-03-05 11:08:00+05:30,396.65,396.65,396.55,396.65,15666,ITC
2025-03-05 11:09:00+05:30,396.65,397.0,396.6,396.85,39915,ITC
2025-03-05 11:10:00+05:30,396.85,397.1,396.65,396.7,60308,ITC
2025-03-05 11:11:00+05:30,396.7,396.7,396.6,396.65,14194,ITC
2025-03-05 11:12:00+05:30,396.6,396.65,396.6,396.65,15814,ITC
2025-03-05 11:13:00+05:30,396.6,396.65,396.55,396.65,12369,ITC
2025-03-05 11:14:00+05:30,396.6,396.65,396.6,396.65,11145,ITC
2025-03-05 11:15:00+05:30,396.6,396.65,396.55,396.55,17005,ITC
2025-03-05 11:16:00+05:30,396.55,396.65,396.5,396.65,22586,ITC
2025-03-05 11:17:00+05:30,396.6,396.65,396.6,396.65,15676,ITC
2025-03-05 11:18:00+05:30,396.6,396.65,396.55,396.65,11718,ITC
2025-03-05 11:19:00+05:30,396.6,396.65,396.55,396.65,12872,ITC
2025-03-05 11:20:00+05:30,396.6,396.65,396.55,396.65,15404,ITC
2025-03-05 11:21:00+05:30,396.6,396.65,396.5,396.65,16619,ITC
2025-03-05 11:22:00+05:30,396.6,397.0,396.6,396.7,48835,ITC
2025-03-05 11:23:00+05:30,396.7,396.7,396.6,396.65,8018,ITC
2025-03-05 11:24:00+05:30,396.6,396.65,396.6,396.65,11818,ITC
2025-03-05 11:25:00+05:30,396.6,396.65,396.5,396.65,28839,ITC
2025-03-05 11:26:00+05:30,396.6,396.75,396.35,396.65,57795,ITC
2025-03-05 11:27:00+05:30,396.6,396.7,396.5,396.6,25952,ITC
2025-03-05 11:28:00+05:30,396.5,396.7,396.1,396.1,50619,ITC
2025-03-05 11:29:00+05:30,396.1,396.15,396.05,396.1,16483,ITC
2025-03-05 11:30:00+05:30,396.1,396.15,396.0,396.15,68830,ITC
2025-03-05 11:31:00+05:30,396.15,396.15,396.0,396.1,15020,ITC
2025-03-05 11:32:00+05:30,396.15,396.15,396.0,396.1,33773,ITC
2025-03-05 11:33:00+05:30,396.1,396.15,396.0,396.15,33528,ITC
2025-03-05 11:34:00+05:30,396.1,396.15,396.0,396.05,11799,ITC
2025-03-05 11:35:00+05:30,396.05,396.15,396.0,396.1,41844,ITC
2025-03-05 11:36:00+05:30,396.05,396.2,395.65,396.0,160029,ITC
2025-03-05 11:37:00+05:30,396.0,396.1,395.85,396.05,47178,ITC
2025-03-05 11:38:00+05:30,396.0,396.15,395.8,396.0,75955,ITC
2025-03-05 11:39:00+05:30,395.9,396.0,395.75,395.9,60373,ITC
2025-03-05 11:40:00+05:30,395.9,396.2,395.85,396.15,57667,ITC
2025-03-05 11:41:00+05:30,396.05,396.3,395.85,395.95,432447,ITC
2025-03-05 11:42:00+05:30,395.9,396.15,395.8,395.8,84530,ITC
2025-03-05 11:43:00+05:30,395.8,396.1,395.55,395.95,165851,ITC
2025-03-05 11:44:00+05:30,395.95,396.05,395.95,395.95,34754,ITC
2025-03-05 11:45:00+05:30,395.95,396.0,395.95,395.95,43959,ITC
2025-03-05 11:46:00+05:30,396.0,396.0,395.75,395.75,32660,ITC
2025-03-05 11:47:00+05:30,395.75,396.15,395.75,396.05,40437,ITC
2025-03-05 11:48:00+05:30,396.1,396.3,396.05,396.2,24118,ITC
2025-03-05 11:49:00+05:30,396.2,396.85,396.2,396.85,24284,ITC
2025-03-05 11:50:00+05:30,396.7,397.6,396.7,397.6,70166,ITC
2025-03-05 11:51:00+05:30,397.5,397.6,397.2,397.5,33930,ITC
2025-03-05 11:52:00+05:30,397.5,397.6,397.05,397.3,45455,ITC
2025-03-05 11:53:00+05:30,397.15,397.65,397.15,397.55,32215,ITC
2025-03-05 11:54:00+05:30,397.45,397.6,397.15,397.35,41797,ITC
2025-03-05 11:55:00+05:30,397.3,397.65,397.3,397.35,31777,ITC
2025-03-05 11:56:00+05:30,397.45,397.5,397.35,397.4,13276,ITC
2025-03-05 11:57:00+05:30,397.4,397.6,397.35,397.6,26172,ITC
2025-03-05 11:58:00+05:30,397.5,397.6,397.3,397.3,22634,ITC
2025-03-05 11:59:00+05:30,397.3,397.4,397.15,397.3,23072,ITC
2025-03-05 12:00:00+05:30,397.3,397.7,397.2,397.6,29640,ITC
2025-03-05 12:01:00+05:30,397.65,397.8,397.3,397.3,55619,ITC
2025-03-05 12:02:00+05:30,397.4,397.5,397.15,397.15,24944,ITC
2025-03-05 12:03:00+05:30,397.35,397.4,397.05,397.1,23571,ITC
2025-03-05 12:04:00+05:30,397.2,397.3,397.1,397.25,36599,ITC
2025-03-05 12:05:00+05:30,397.25,397.35,397.05,397.1,23975,ITC
2025-03-05 12:06:00+05:30,397.25,397.5,397.1,397.25,29503,ITC
2025-03-05 12:07:00+05:30,397.25,397.45,397.15,397.35,20328,ITC
2025-03-05 12:08:00+05:30,397.35,397.45,397.15,397.15,12515,ITC
2025-03-05 12:09:00+05:30,397.15,397.2,397.05,397.15,13952,ITC
2025-03-05 12:10:00+05:30,397.15,397.3,397.05,397.05,15530,ITC
2025-03-05 12:11:00+05:30,397.05,397.35,397.05,397.15,17431,ITC
2025-03-05 12:12:00+05:30,397.2,397.3,397.15,397.15,10421,ITC
2025-03-05 12:13:00+05:30,397.2,397.4,397.1,397.25,20172,ITC
2025-03-05 12:14:00+05:30,397.25,397.3,397.2,397.3,14102,ITC
2025-03-05 12:15:00+05:30,397.3,397.65,397.2,397.4,31767,ITC
2025-03-05 12:16:00+05:30,397.4,397.55,397.3,397.4,16008,ITC
2025-03-05 12:17:00+05:30,397.4,397.55,397.4,397.55,19916,ITC
2025-03-05 12:18:00+05:30,397.55,397.8,397.45,397.5,71310,ITC
2025-03-05 12:19:00+05:30,397.65,397.75,397.45,397.5,19845,ITC
2025-03-05 12:20:00+05:30,397.6,397.7,397.4,397.5,23878,ITC
2025-03-05 12:21:00+05:30,397.7,397.7,397.4,397.5,11592,ITC
2025-03-05 12:22:00+05:30,397.4,397.55,397.3,397.35,26318,ITC
2025-03-05 12:23:00+05:30,397.55,397.7,397.3,397.6,18961,ITC
2025-03-05 12:24:00+05:30,397.6,397.8,397.45,397.75,24735,ITC
2025-03-05 12:25:00+05:30,397.8,398.6,397.7,398.6,126434,ITC
2025-03-05 12:26:00+05:30,398.6,399.4,398.55,399.2,80962,ITC
2025-03-05 12:27:00+05:30,399.25,399.75,399.15,399.4,71747,ITC
2025-03-05 12:28:00+05:30,399.35,399.5,399.0,399.3,44321,ITC
2025-03-05 12:29:00+05:30,399.3,399.6,399.05,399.3,109728,ITC
2025-03-05 12:30:00+05:30,399.45,399.8,399.35,399.4,41598,ITC
2025-03-05 12:31:00+05:30,399.5,399.9,399.35,399.85,59133,ITC
2025-03-05 12:32:00+05:30,399.75,399.95,399.65,399.8,29304,ITC
2025-03-05 12:33:00+05:30,399.75,399.85,399.35,399.55,32850,ITC
2025-03-05 12:34:00+05:30,399.45,399.9,399.4,399.55,40786,ITC
2025-03-05 12:35:00+05:30,399.55,399.85,399.4,399.65,27285,ITC
2025-03-05 12:36:00+05:30,399.65,399.9,399.65,399.8,12191,ITC
2025-03-05 12:37:00+05:30,399.7,400.0,399.5,399.95,157544,ITC
2025-03-05 12:38:00+05:30,400.0,400.7,399.85,400.3,162761,ITC
2025-03-05 12:39:00+05:30,400.3,400.4,400.05,400.4,19638,ITC
2025-03-05 12:40:00+05:30,400.4,400.5,400.15,400.2,26525,ITC
2025-03-05 12:41:00+05:30,400.15,400.35,400.1,400.25,19086,ITC
2025-03-05 12:42:00+05:30,400.25,400.6,400.05,400.55,34847,ITC
2025-03-05 12:43:00+05:30,400.55,401.0,400.5,400.8,26668,ITC
2025-03-05 12:44:00+05:30,400.8,401.4,400.55,400.6,54016,ITC
2025-03-05 12:45:00+05:30,400.7,400.85,400.5,400.75,19940,ITC
2025-03-05 12:46:00+05:30,400.7,400.75,400.2,400.5,19607,ITC
2025-03-05 12:47:00+05:30,400.5,400.55,400.05,400.25,14352,ITC
2025-03-05 12:48:00+05:30,400.35,400.45,400.15,400.35,16503,ITC
2025-03-05 12:49:00+05:30,400.3,400.75,400.2,400.55,22931,ITC
2025-03-05 12:50:00+05:30,400.7,400.9,400.35,400.65,30404,ITC
2025-03-05 12:51:00+05:30,400.65,400.7,400.3,400.45,18114,ITC
2025-03-05 12:52:00+05:30,400.55,400.75,400.45,400.55,12750,ITC
2025-03-05 12:53:00+05:30,400.6,400.75,400.5,400.55,21636,ITC
2025-03-05 12:54:00+05:30,400.7,401.0,400.55,400.85,31728,ITC
2025-03-05 12:55:00+05:30,400.85,401.35,400.75,400.9,51036,ITC
2025-03-05 12:56:00+05:30,400.9,401.0,400.7,400.9,31071,ITC
2025-03-05 12:57:00+05:30,400.9,401.0,400.8,400.8,22652,ITC
2025-03-05 12:58:00+05:30,400.85,400.85,400.55,400.55,10030,ITC
2025-03-05 12:59:00+05:30,400.65,401.0,400.55,400.75,19539,ITC
2025-03-05 13:00:00+05:30,400.7,401.0,400.65,400.95,25398,ITC
2025-03-05 13:01:00+05:30,400.95,401.35,400.8,401.0,36478,ITC
2025-03-05 13:02:00+05:30,400.95,401.2,400.95,401.05,10868,ITC
2025-03-05 13:03:00+05:30,401.0,401.25,400.95,401.1,18989,ITC
2025-03-05 13:04:00+05:30,401.2,401.25,400.95,400.95,13904,ITC
2025-03-05 13:05:00+05:30,401.1,401.1,400.75,400.75,27946,ITC
2025-03-05 13:06:00+05:30,400.9,400.95,400.55,400.7,21730,ITC
2025-03-05 13:07:00+05:30,400.75,401.25,400.65,401.25,38189,ITC
2025-03-05 13:08:00+05:30,401.15,401.25,400.95,401.25,19888,ITC
2025-03-05 13:09:00+05:30,401.25,401.65,401.05,401.5,47155,ITC
2025-03-05 13:10:00+05:30,401.55,401.6,401.1,401.3,21299,ITC
2025-03-05 13:11:00+05:30,401.3,401.55,401.0,401.15,15097,ITC
2025-03-05 13:12:00+05:30,401.15,401.4,401.0,401.25,36031,ITC
2025-03-05 13:13:00+05:30,401.3,401.55,401.2,401.35,21794,ITC
2025-03-05 13:14:00+05:30,401.5,401.7,401.3,401.35,13426,ITC
2025-03-05 13:15:00+05:30,401.45,401.45,401.2,401.25,11733,ITC
2025-03-05 13:16:00+05:30,401.25,401.25,400.7,400.75,27435,ITC
2025-03-05 13:17:00+05:30,400.8,401.15,400.75,400.9,21180,ITC
2025-03-05 13:18:00+05:30,401.0,401.05,400.75,400.95,15745,ITC
2025-03-05 13:19:00+05:30,401.0,401.15,400.85,401.05,18396,ITC
2025-03-05 13:20:00+05:30,401.05,401.05,400.7,400.7,14608,ITC
2025-03-05 13:21:00+05:30,400.7,400.95,400.7,400.9,21902,ITC
2025-03-05 13:22:00+05:30,400.8,401.1,400.7,400.85,21427,ITC
2025-03-05 13:23:00+05:30,400.95,401.5,400.85,401.25,33033,ITC
2025-03-05 13:24:00+05:30,401.25,401.55,401.05,401.1,30424,ITC
2025-03-05 13:25:00+05:30,401.25,401.25,401.0,401.05,8287,ITC
2025-03-05 13:26:00+05:30,401.15,401.15,401.05,401.15,14792,ITC
2025-03-05 13:27:00+05:30,401.05,401.3,401.05,401.2,18323,ITC
2025-03-05 13:28:00+05:30,401.2,401.3,401.1,401.1,13122,ITC
2025-03-05 13:29:00+05:30,401.1,401.5,401.1,401.25,19504,ITC
2025-03-05 13:30:00+05:30,401.25,401.4,401.2,401.3,14678,ITC
2025-03-05 13:31:00+05:30,401.2,401.35,401.0,401.1,22240,ITC
2025-03-05 13:32:00+05:30,401.1,401.15,400.85,400.85,19045,ITC
2025-03-05 13:33:00+05:30,401.05,401.1,400.85,400.9,15855,ITC
2025-03-05 13:34:00+05:30,400.9,401.25,400.85,401.0,18540,ITC
2025-03-05 13:35:00+05:30,400.95,401.0,400.75,400.75,12095,ITC
2025-03-05 13:36:00+05:30,400.8,401.0,400.65,400.9,35141,ITC
2025-03-05 13:37:00+05:30,400.9,401.0,400.7,400.8,17456,ITC
2025-03-05 13:38:00+05:30,400.8,400.95,400.55,400.75,46819,ITC
2025-03-05 13:39:00+05:30,400.75,400.9,400.05,400.4,132689,ITC
2025-03-05 13:40:00+05:30,400.6,400.6,400.05,400.05,19858,ITC
2025-03-05 13:41:00+05:30,400.15,400.35,400.0,400.1,31994,ITC
2025-03-05 13:42:00+05:30,400.2,400.25,400.0,400.0,11814,ITC
2025-03-05 13:43:00+05:30,400.1,400.15,399.75,400.0,48162,ITC
2025-03-05 13:44:00+05:30,400.05,400.55,400.0,400.35,36697,ITC
2025-03-05 13:45:00+05:30,400.55,400.55,400.05,400.15,12308,ITC
2025-03-05 13:46:00+05:30,400.2,400.2,400.05,400.15,15567,ITC
2025-03-05 13:47:00+05:30,400.05,400.15,399.85,400.0,17428,ITC
2025-03-05 13:48:00+05:30,400.05,400.05,400.0,400.05,10580,ITC
2025-03-05 13:49:00+05:30,400.0,400.35,400.0,400.0,25259,ITC
2025-03-05 13:50:00+05:30,400.0,400.3,400.0,400.15,26591,ITC
2025-03-05 13:51:00+05:30,400.15,400.5,400.15,400.2,22939,ITC
2025-03-05 13:52:00+05:30,400.25,400.6,400.2,400.5,25732,ITC
2025-03-05 13:53:00+05:30,400.55,400.65,400.3,400.6,27129,ITC
2025-03-05 13:54:00+05:30,400.6,400.6,400.3,400.35,11648,ITC
2025-03-05 13:55:00+05:30,400.35,400.35,400.05,400.05,24559,ITC
2025-03-05 13:56:00+05:30,400.15,400.25,400.05,400.1,20217,ITC
2025-03-05 13:57:00+05:30,400.25,400.25,400.05,400.05,8458,ITC
2025-03-05 13:58:00+05:30,400.1,400.1,400.0,400.0,15853,ITC
2025-03-05 13:59:00+05:30,400.0,400.05,399.8,399.95,19220,ITC
2025-03-05 14:00:00+05:30,399.9,399.95,399.75,399.9,14010,ITC
2025-03-05 14:01:00+05:30,399.9,399.9,399.7,399.85,21771,ITC
2025-03-05 14:02:00+05:30,399.85,399.9,399.5,399.7,21450,ITC
2025-03-05 14:03:00+05:30,399.55,399.75,399.5,399.7,20696,ITC
2025-03-05 14:04:00+05:30,399.6,399.9,399.5,399.85,21903,ITC
2025-03-05 14:05:00+05:30,399.75,399.85,399.7,399.85,18389,ITC
2025-03-05 14:06:00+05:30,399.75,400.05,399.7,400.05,24919,ITC
2025-03-05 14:07:00+05:30,400.0,400.05,400.0,400.0,6210,ITC
2025-03-05 14:08:00+05:30,400.0,400.05,399.95,400.05,17255,ITC
2025-03-05 14:09:00+05:30,400.05,400.05,399.85,400.05,18595,ITC
2025-03-05 14:10:00+05:30,400.0,400.05,399.9,400.05,22271,ITC
2025-03-05 14:11:00+05:30,400.0,400.05,400.0,400.05,13025,ITC
2025-03-05 14:12:00+05:30,400.0,400.5,400.0,400.25,37028,ITC
2025-03-05 14:13:00+05:30,400.3,400.5,400.0,400.05,15506,ITC
2025-03-05 14:14:00+05:30,400.0,400.05,399.8,399.9,13551,ITC
2025-03-05 14:15:00+05:30,399.9,400.0,399.8,399.95,9954,ITC
2025-03-05 14:16:00+05:30,400.0,400.0,399.7,399.8,12987,ITC
2025-03-05 14:17:00+05:30,399.8,399.9,399.7,399.9,37414,ITC
2025-03-05 14:18:00+05:30,399.8,399.95,399.7,399.75,20675,ITC
2025-03-05 14:19:00+05:30,399.75,400.0,399.7,399.9,16066,ITC
2025-03-05 14:20:00+05:30,399.85,400.0,399.7,399.75,12461,ITC
2025-03-05 14:21:00+05:30,399.85,400.05,399.7,400.0,29452,ITC
2025-03-05 14:22:00+05:30,399.95,400.05,399.9,400.0,9732,ITC
2025-03-05 14:23:00+05:30,400.0,400.05,399.85,400.05,14071,ITC
2025-03-05 14:24:00+05:30,400.05,400.15,399.9,400.15,13159,ITC
2025-03-05 14:25:00+05:30,400.15,400.25,400.0,400.25,14605,ITC
2025-03-05 14:26:00+05:30,400.2,400.3,400.0,400.05,11920,ITC
2025-03-05 14:27:00+05:30,400.0,400.9,399.95,400.6,284702,ITC
2025-03-05 14:28:00+05:30,400.45,400.65,400.35,400.5,12803,ITC
2025-03-05 14:29:00+05:30,400.5,400.5,400.25,400.45,8877,ITC
2025-03-05 14:30:00+05:30,400.4,400.45,400.15,400.3,8718,ITC
2025-03-05 14:31:00+05:30,400.3,400.3,400.05,400.2,17022,ITC
2025-03-05 14:32:00+05:30,400.15,400.2,400.05,400.2,9492,ITC
2025-03-05 14:33:00+05:30,400.15,400.15,400.0,400.1,11500,ITC
2025-03-05 14:34:00+05:30,400.0,400.15,400.0,400.15,18995,ITC
2025-03-05 14:35:00+05:30,400.05,400.15,400.0,400.05,59658,ITC
2025-03-05 14:36:00+05:30,400.0,400.15,400.0,400.15,14052,ITC
2025-03-05 14:37:00+05:30,400.1,400.25,400.05,400.25,20999,ITC
2025-03-05 14:38:00+05:30,400.2,400.6,400.2,400.6,26989,ITC
2025-03-05 14:39:00+05:30,400.5,400.7,400.4,400.65,16153,ITC
2025-03-05 14:40:00+05:30,400.55,400.65,400.4,400.55,11797,ITC
2025-03-05 14:41:00+05:30,400.55,400.55,400.1,400.25,17613,ITC
2025-03-05 14:42:00+05:30,400.15,400.25,400.1,400.2,10745,ITC
2025-03-05 14:43:00+05:30,400.15,400.25,400.1,400.2,16064,ITC
2025-03-05 14:44:00+05:30,400.15,400.2,400.1,400.15,13326,ITC
2025-03-05 14:45:00+05:30,400.15,400.15,400.05,400.1,12981,ITC
2025-03-05 14:46:00+05:30,400.05,400.35,400.05,400.25,11736,ITC
2025-03-05 14:47:00+05:30,400.15,400.3,400.15,400.3,13227,ITC
2025-03-05 14:48:00+05:30,400.2,400.4,400.2,400.3,12491,ITC
2025-03-05 14:49:00+05:30,400.25,400.25,400.05,400.1,16985,ITC
2025-03-05 14:50:00+05:30,400.05,400.1,400.0,400.05,13756,ITC
2025-03-05 14:51:00+05:30,400.0,400.2,400.0,400.2,25795,ITC
2025-03-05 14:52:00+05:30,400.15,400.3,400.05,400.15,27997,ITC
2025-03-05 14:53:00+05:30,400.15,400.2,400.0,400.1,30287,ITC
2025-03-05 14:54:00+05:30,400.05,400.4,400.05,400.3,25204,ITC
2025-03-05 14:55:00+05:30,400.25,400.3,400.0,400.15,39124,ITC
2025-03-05 14:56:00+05:30,400.1,400.15,400.0,400.05,21343,ITC
2025-03-05 14:57:00+05:30,400.05,400.05,400.0,400.0,26110,ITC
2025-03-05 14:58:00+05:30,400.0,400.15,400.0,400.15,34821,ITC
2025-03-05 14:59:00+05:30,400.05,400.2,400.05,400.1,16332,ITC
2025-03-05 15:00:00+05:30,400.1,400.2,400.1,400.15,24805,ITC
2025-03-05 15:01:00+05:30,400.1,401.7,400.1,401.35,160719,ITC
2025-03-05 15:02:00+05:30,401.35,401.5,401.25,401.5,49353,ITC
2025-03-05 15:03:00+05:30,401.4,401.5,401.15,401.35,58953,ITC
2025-03-05 15:04:00+05:30,401.3,401.35,401.3,401.35,46345,ITC
2025-03-05 15:05:00+05:30,401.3,401.75,401.3,401.5,85226,ITC
2025-03-05 15:06:00+05:30,401.5,401.75,401.4,401.75,45808,ITC
2025-03-05 15:07:00+05:30,401.7,402.55,401.7,402.25,177993,ITC
2025-03-05 15:08:00+05:30,402.35,402.8,402.15,402.75,71425,ITC
2025-03-05 15:09:00+05:30,402.75,402.85,402.5,402.75,54222,ITC
2025-03-05 15:10:00+05:30,402.7,402.8,402.3,402.7,74402,ITC
2025-03-05 15:11:00+05:30,402.75,402.75,402.55,402.65,76901,ITC
2025-03-05 15:12:00+05:30,402.65,402.8,402.55,402.65,76215,ITC
2025-03-05 15:13:00+05:30,402.65,403.15,402.65,402.95,116348,ITC
2025-03-05 15:14:00+05:30,402.95,403.05,402.75,402.85,62008,ITC
2025-03-05 15:15:00+05:30,402.8,402.95,402.65,402.8,51839,ITC
2025-03-05 15:16:00+05:30,402.75,403.5,402.65,403.35,146665,ITC
2025-03-05 15:17:00+05:30,403.35,404.0,403.25,403.75,88121,ITC
2025-03-05 15:18:00+05:30,403.75,405.35,403.75,405.1,272181,ITC
2025-03-05 15:19:00+05:30,405.1,405.3,404.05,404.25,165223,ITC
2025-03-05 15:20:00+05:30,404.3,405.65,404.2,405.0,154651,ITC
2025-03-05 15:21:00+05:30,405.0,405.35,404.4,404.75,91367,ITC
2025-03-05 15:22:00+05:30,404.75,404.85,404.5,404.55,36461,ITC
2025-03-05 15:23:00+05:30,404.55,405.45,404.5,405.3,118916,ITC
2025-03-05 15:24:00+05:30,405.2,405.65,405.0,405.4,64561,ITC
2025-03-05 15:25:00+05:30,405.1,407.7,405.1,406.65,349182,ITC
2025-03-05 15:26:00+05:30,406.75,407.95,405.65,406.95,424458,ITC
2025-03-05 15:27:00+05:30,406.95,408.3,406.3,407.55,234027,ITC
2025-03-05 15:28:00+05:30,407.5,412.75,406.95,409.7,497855,ITC
2025-03-05 15:29:00+05:30,409.5,411.55,408.6,409.2,88456,ITC
2025-03-06 09:15:00+05:30,409.15,409.7,406.3,407.4,210973,ITC
2025-03-06 09:16:00+05:30,407.3,408.0,406.3,406.75,107751,ITC
2025-03-06 09:17:00+05:30,406.75,406.75,405.65,405.85,100443,ITC
2025-03-06 09:18:00+05:30,405.65,406.25,405.5,405.95,72215,ITC
2025-03-06 09:19:00+05:30,405.9,406.2,405.75,405.85,72386,ITC
2025-03-06 09:20:00+05:30,405.8,406.1,405.4,405.5,90005,ITC
2025-03-06 09:21:00+05:30,405.5,406.15,405.45,405.8,139980,ITC
2025-03-06 09:22:00+05:30,405.9,405.9,405.4,405.55,127880,ITC
2025-03-06 09:23:00+05:30,405.5,405.55,404.4,404.6,167281,ITC
2025-03-06 09:24:00+05:30,404.7,405.1,403.65,403.75,122534,ITC
2025-03-06 09:25:00+05:30,403.75,404.4,403.6,403.9,106071,ITC
2025-03-06 09:26:00+05:30,403.75,404.3,403.65,403.9,68204,ITC
2025-03-06 09:27:00+05:30,403.9,404.45,403.65,403.85,50108,ITC
2025-03-06 09:28:00+05:30,403.85,404.2,403.6,403.75,84706,ITC
2025-03-06 09:29:00+05:30,403.7,403.75,403.55,403.7,54029,ITC
2025-03-06 09:30:00+05:30,403.75,404.05,403.0,403.05,177701,ITC
2025-03-06 09:31:00+05:30,403.0,403.1,402.4,402.9,127582,ITC
2025-03-06 09:32:00+05:30,402.8,403.45,402.7,402.75,83903,ITC
2025-03-06 09:33:00+05:30,402.75,403.0,402.45,402.65,87849,ITC
2025-03-06 09:34:00+05:30,402.65,402.65,402.05,402.6,149109,ITC
2025-03-06 09:35:00+05:30,402.55,402.8,402.45,402.5,77799,ITC
2025-03-06 09:36:00+05:30,402.55,402.7,402.45,402.5,50210,ITC
2025-03-06 09:37:00+05:30,402.5,402.65,401.8,401.85,101760,ITC
2025-03-06 09:38:00+05:30,401.85,402.0,401.5,401.55,60042,ITC
2025-03-06 09:39:00+05:30,401.6,401.65,401.1,401.45,66228,ITC
2025-03-06 09:40:00+05:30,401.45,401.95,401.3,401.8,71473,ITC
2025-03-06 09:41:00+05:30,401.75,402.2,401.5,401.8,47355,ITC
2025-03-06 09:42:00+05:30,401.9,401.95,401.35,401.5,33045,ITC
2025-03-06 09:43:00+05:30,401.5,401.55,401.3,401.35,48461,ITC
2025-03-06 09:44:00+05:30,401.4,401.75,401.3,401.55,49850,ITC
2025-03-06 09:45:00+05:30,401.55,401.55,401.35,401.45,31740,ITC
2025-03-06 09:46:00+05:30,401.4,401.9,401.3,401.9,47280,ITC
2025-03-06 09:47:00+05:30,401.8,401.9,401.25,401.35,61950,ITC
2025-03-06 09:48:00+05:30,401.45,401.5,401.25,401.4,68332,ITC
2025-03-06 09:49:00+05:30,401.35,401.4,400.6,400.85,157291,ITC
2025-03-06 09:50:00+05:30,400.8,401.35,400.75,401.1,72813,ITC
2025-03-06 09:51:00+05:30,401.1,401.35,400.9,401.0,80874,ITC
2025-03-06 09:52:00+05:30,401.0,401.25,400.8,401.05,70677,ITC
2025-03-06 09:53:00+05:30,401.05,401.75,401.0,401.75,52786,ITC
2025-03-06 09:54:00+05:30,401.7,402.25,401.6,402.15,66789,ITC
2025-03-06 09:55:00+05:30,402.15,402.7,402.1,402.6,64672,ITC
2025-03-06 09:56:00+05:30,402.55,402.65,401.85,402.15,24125,ITC
2025-03-06 09:57:00+05:30,402.15,402.2,402.05,402.15,24331,ITC
2025-03-06 09:58:00+05:30,402.15,402.7,402.1,402.6,60214,ITC
2025-03-06 09:59:00+05:30,402.6,402.65,402.15,402.25,19435,ITC
2025-03-06 10:00:00+05:30,402.2,402.25,401.75,401.75,19391,ITC
2025-03-06 10:01:00+05:30,401.75,401.85,401.25,401.55,43908,ITC
2025-03-06 10:02:00+05:30,401.55,401.6,401.35,401.55,31691,ITC
2025-03-06 10:03:00+05:30,401.55,401.65,401.55,401.6,25461,ITC
2025-03-06 10:04:00+05:30,401.65,401.65,401.25,401.3,36018,ITC
2025-03-06 10:05:00+05:30,401.3,401.85,401.25,401.75,90765,ITC
2025-03-06 10:06:00+05:30,401.75,402.15,401.55,402.05,45052,ITC
2025-03-06 10:07:00+05:30,402.05,402.05,401.85,402.0,20994,ITC
2025-03-06 10:08:00+05:30,402.0,402.0,401.55,401.65,20231,ITC
2025-03-06 10:09:00+05:30,401.65,401.65,401.1,401.3,46871,ITC
2025-03-06 10:10:00+05:30,401.3,401.4,401.2,401.25,26371,ITC
2025-03-06 10:11:00+05:30,401.3,401.3,400.9,401.0,48560,ITC
2025-03-06 10:12:00+05:30,400.9,401.15,400.65,401.1,65932,ITC
2025-03-06 10:13:00+05:30,401.05,401.1,400.95,401.05,31083,ITC
2025-03-06 10:14:00+05:30,401.0,401.2,400.95,401.0,27036,ITC
2025-03-06 10:15:00+05:30,401.05,401.1,400.9,401.05,22574,ITC
2025-03-06 10:16:00+05:30,401.0,401.5,400.95,401.4,58133,ITC
2025-03-06 10:17:00+05:30,401.4,401.5,400.9,400.95,21559,ITC
2025-03-06 10:18:00+05:30,400.9,401.35,400.9,401.25,42026,ITC
2025-03-06 10:19:00+05:30,401.25,401.35,401.1,401.1,42759,ITC
2025-03-06 10:20:00+05:30,401.15,401.25,401.05,401.15,22361,ITC
2025-03-06 10:21:00+05:30,401.15,401.3,401.05,401.15,30316,ITC
2025-03-06 10:22:00+05:30,401.3,401.3,401.0,401.15,33112,ITC
2025-03-06 10:23:00+05:30,401.1,401.15,400.6,400.75,42150,ITC
2025-03-06 10:24:00+05:30,400.7,401.0,400.55,400.9,57971,ITC
2025-03-06 10:25:00+05:30,400.9,401.0,400.75,400.9,26797,ITC
2025-03-06 10:26:00+05:30,400.9,401.3,400.75,401.0,132243,ITC
2025-03-06 10:27:00+05:30,401.05,401.4,400.85,401.2,122131,ITC
2025-03-06 10:28:00+05:30,401.15,401.8,401.15,401.7,73462,ITC
2025-03-06 10:29:00+05:30,401.7,401.95,401.55,401.7,34682,ITC
2025-03-06 10:30:00+05:30,401.6,401.8,401.3,401.8,41333,ITC
2025-03-06 10:31:00+05:30,401.85,401.95,401.45,401.55,26021,ITC
2025-03-06 10:32:00+05:30,401.55,401.6,401.3,401.45,11562,ITC
2025-03-06 10:33:00+05:30,401.3,401.45,401.2,401.35,26347,ITC
2025-03-06 10:34:00+05:30,401.3,401.6,401.05,401.6,44084,ITC
2025-03-06 10:35:00+05:30,401.6,401.6,401.35,401.4,19885,ITC
2025-03-06 10:36:00+05:30,401.4,401.5,401.1,401.25,24588,ITC
2025-03-06 10:37:00+05:30,401.25,401.25,401.0,401.1,34471,ITC
2025-03-06 10:38:00+05:30,401.1,401.45,401.05,401.45,24877,ITC
2025-03-06 10:39:00+05:30,401.3,401.45,401.15,401.35,39525,ITC
2025-03-06 10:40:00+05:30,401.3,401.4,401.2,401.25,28500,ITC
2025-03-06 10:41:00+05:30,401.35,401.5,401.25,401.5,27713,ITC
2025-03-06 10:42:00+05:30,401.45,401.5,401.15,401.4,27647,ITC
2025-03-06 10:43:00+05:30,401.35,401.5,401.35,401.5,23891,ITC
2025-03-06 10:44:00+05:30,401.5,401.7,401.35,401.6,37489,ITC
2025-03-06 10:45:00+05:30,401.7,401.7,401.5,401.65,30330,ITC
2025-03-06 10:46:00+05:30,401.65,401.7,401.3,401.5,21377,ITC
2025-03-06 10:47:00+05:30,401.5,401.5,401.3,401.45,14015,ITC
2025-03-06 10:48:00+05:30,401.45,401.6,401.2,401.6,40034,ITC
2025-03-06 10:49:00+05:30,401.5,401.6,401.2,401.4,14606,ITC
2025-03-06 10:50:00+05:30,401.35,401.35,401.1,401.2,18911,ITC
2025-03-06 10:51:00+05:30,401.2,401.4,400.9,401.35,39366,ITC
2025-03-06 10:52:00+05:30,401.35,401.55,401.1,401.55,22492,ITC
2025-03-06 10:53:00+05:30,401.55,401.55,401.2,401.2,15683,ITC
2025-03-06 10:54:00+05:30,401.35,401.45,401.1,401.45,21241,ITC
2025-03-06 10:55:00+05:30,401.45,401.7,401.25,401.4,35001,ITC
2025-03-06 10:56:00+05:30,401.4,401.7,401.3,401.6,22800,ITC
2025-03-06 10:57:00+05:30,401.6,401.95,401.5,401.9,45162,ITC
2025-03-06 10:58:00+05:30,401.85,401.9,401.6,401.75,16906,ITC
2025-03-06 10:59:00+05:30,401.75,401.8,401.5,401.55,16509,ITC
2025-03-06 11:00:00+05:30,401.55,401.6,401.25,401.5,32398,ITC
2025-03-06 11:01:00+05:30,401.5,401.6,401.5,401.55,14520,ITC
2025-03-06 11:02:00+05:30,401.55,401.6,401.3,401.4,22685,ITC
2025-03-06 11:03:00+05:30,401.55,401.8,401.35,401.7,40301,ITC
2025-03-06 11:04:00+05:30,401.7,401.7,401.55,401.7,29247,ITC
2025-03-06 11:05:00+05:30,401.7,401.75,401.5,401.7,41735,ITC
2025-03-06 11:06:00+05:30,401.7,402.85,401.65,402.7,119229,ITC
2025-03-06 11:07:00+05:30,402.75,403.0,402.35,402.4,69111,ITC
2025-03-06 11:08:00+05:30,402.4,402.4,402.1,402.15,22328,ITC
2025-03-06 11:09:00+05:30,402.2,403.0,401.95,402.6,189027,ITC
2025-03-06 11:10:00+05:30,402.7,402.75,402.5,402.6,33517,ITC
2025-03-06 11:11:00+05:30,402.55,402.6,402.15,402.15,16093,ITC
2025-03-06 11:12:00+05:30,402.25,402.7,402.15,402.7,78337,ITC
2025-03-06 11:13:00+05:30,402.7,403.45,402.55,403.1,82508,ITC
2025-03-06 11:14:00+05:30,403.2,403.25,403.0,403.15,49637,ITC
2025-03-06 11:15:00+05:30,403.15,403.15,403.0,403.1,31970,ITC
2025-03-06 11:16:00+05:30,403.1,403.45,403.0,403.45,59758,ITC
2025-03-06 11:17:00+05:30,403.45,403.9,403.3,403.7,71942,ITC
2025-03-06 11:18:00+05:30,403.6,403.7,403.2,403.3,77789,ITC
2025-03-06 11:19:00+05:30,403.4,404.1,403.1,403.9,65511,ITC
2025-03-06 11:20:00+05:30,403.9,403.9,403.5,403.85,26636,ITC
2025-03-06 11:21:00+05:30,403.8,403.9,403.5,403.5,28196,ITC
2025-03-06 11:22:00+05:30,403.65,403.65,402.45,402.9,133093,ITC
2025-03-06 11:23:00+05:30,402.9,403.05,402.5,402.8,28944,ITC
2025-03-06 11:24:00+05:30,402.8,403.15,402.55,403.0,128114,ITC
2025-03-06 11:25:00+05:30,403.0,403.2,403.0,403.1,25090,ITC
2025-03-06 11:26:00+05:30,403.1,403.15,402.65,402.7,34562,ITC
2025-03-06 11:27:00+05:30,402.7,402.75,402.15,402.15,66866,ITC
2025-03-06 11:28:00+05:30,402.35,402.35,401.7,402.05,61255,ITC
2025-03-06 11:29:00+05:30,402.05,402.3,401.85,401.9,36758,ITC
2025-03-06 11:30:00+05:30,401.85,402.05,401.5,401.75,39158,ITC
2025-03-06 11:31:00+05:30,401.7,402.0,401.5,401.9,31369,ITC
2025-03-06 11:32:00+05:30,401.9,402.0,401.45,401.55,50878,ITC
2025-03-06 11:33:00+05:30,401.5,401.6,401.35,401.55,33564,ITC
2025-03-06 11:34:00+05:30,401.55,401.8,401.4,401.65,23656,ITC
2025-03-06 11:35:00+05:30,401.65,401.95,401.45,401.8,26548,ITC
2025-03-06 11:36:00+05:30,401.8,402.1,401.6,402.1,21438,ITC
2025-03-06 11:37:00+05:30,402.1,402.1,401.95,401.95,24004,ITC
2025-03-06 11:38:00+05:30,401.9,402.15,401.75,402.05,30603,ITC
2025-03-06 11:39:00+05:30,402.05,402.15,402.0,402.1,22936,ITC
2025-03-06 11:40:00+05:30,402.05,402.1,401.85,401.85,21527,ITC
2025-03-06 11:41:00+05:30,401.8,402.15,401.7,401.9,37018,ITC
2025-03-06 11:42:00+05:30,402.0,402.0,401.65,401.9,19795,ITC
2025-03-06 11:43:00+05:30,402.0,402.35,401.9,402.2,45517,ITC
2025-03-06 11:44:00+05:30,402.1,402.35,402.1,402.25,37246,ITC
2025-03-06 11:45:00+05:30,402.3,402.45,402.1,402.2,35563,ITC
2025-03-06 11:46:00+05:30,402.2,402.55,401.95,402.1,62248,ITC
2025-03-06 11:47:00+05:30,402.15,402.55,401.85,402.4,67548,ITC
2025-03-06 11:48:00+05:30,402.35,402.5,402.2,402.2,24928,ITC
2025-03-06 11:49:00+05:30,402.2,402.3,402.05,402.1,16873,ITC
2025-03-06 11:50:00+05:30,402.1,402.3,402.0,402.2,15622,ITC
2025-03-06 11:51:00+05:30,402.2,402.3,402.15,402.25,23669,ITC
2025-03-06 11:52:00+05:30,402.3,402.6,402.3,402.4,22697,ITC
2025-03-06 11:53:00+05:30,402.45,402.45,402.05,402.2,12945,ITC
2025-03-06 11:54:00+05:30,402.1,402.2,401.9,402.0,16150,ITC
2025-03-06 11:55:00+05:30,402.0,402.2,401.85,401.9,24340,ITC
2025-03-06 11:56:00+05:30,401.9,401.9,401.55,401.65,10713,ITC
2025-03-06 11:57:00+05:30,401.7,401.95,401.6,401.75,16853,ITC
2025-03-06 11:58:00+05:30,401.75,401.8,401.55,401.65,11029,ITC
2025-03-06 11:59:00+05:30,401.65,402.25,401.55,401.95,37160,ITC
2025-03-06 12:00:00+05:30,402.0,402.05,401.9,402.05,20573,ITC
2025-03-06 12:01:00+05:30,402.0,402.7,402.0,402.35,41118,ITC
2025-03-06 12:02:00+05:30,402.5,402.75,402.25,402.7,47102,ITC
2025-03-06 12:03:00+05:30,402.6,403.45,402.6,403.15,48882,ITC
2025-03-06 12:04:00+05:30,403.3,403.35,402.95,403.0,38945,ITC
2025-03-06 12:05:00+05:30,403.15,403.15,402.45,402.6,41360,ITC
2025-03-06 12:06:00+05:30,402.6,402.6,402.15,402.6,39105,ITC
2025-03-06 12:07:00+05:30,402.6,402.85,402.3,402.75,15198,ITC
2025-03-06 12:08:00+05:30,402.85,403.15,402.75,403.05,31788,ITC
2025-03-06 12:09:00+05:30,403.0,403.05,402.65,402.95,21075,ITC
2025-03-06 12:10:00+05:30,402.95,403.25,402.85,403.25,41678,ITC
2025-03-06 12:11:00+05:30,403.25,403.25,402.75,402.95,24011,ITC
2025-03-06 12:12:00+05:30,402.95,403.05,402.75,403.05,16074,ITC
2025-03-06 12:13:00+05:30,403.05,403.5,402.85,403.45,27484,ITC
2025-03-06 12:14:00+05:30,403.3,403.7,403.2,403.6,31342,ITC
2025-03-06 12:15:00+05:30,403.6,403.75,403.45,403.7,26716,ITC
2025-03-06 12:16:00+05:30,403.65,403.8,403.45,403.7,30129,ITC
2025-03-06 12:17:00+05:30,403.7,403.7,403.4,403.65,24288,ITC
2025-03-06 12:18:00+05:30,403.45,403.65,403.1,403.3,36134,ITC
2025-03-06 12:19:00+05:30,403.3,403.3,403.0,403.15,21976,ITC
2025-03-06 12:20:00+05:30,403.0,403.5,403.0,403.3,25451,ITC
2025-03-06 12:21:00+05:30,403.45,403.5,403.25,403.45,21512,ITC
2025-03-06 12:22:00+05:30,403.45,403.5,403.2,403.4,19641,ITC
2025-03-06 12:23:00+05:30,403.45,403.45,403.2,403.45,15377,ITC
2025-03-06 12:24:00+05:30,403.45,403.45,403.3,403.4,12037,ITC
2025-03-06 12:25:00+05:30,403.4,403.4,403.1,403.1,10391,ITC
2025-03-06 12:26:00+05:30,403.2,403.4,403.05,403.3,20394,ITC
2025-03-06 12:27:00+05:30,403.3,403.3,403.0,403.15,12141,ITC
2025-03-06 12:28:00+05:30,403.15,403.3,403.0,403.3,19135,ITC
2025-03-06 12:29:00+05:30,403.3,403.3,403.1,403.2,18007,ITC
2025-03-06 12:30:00+05:30,403.2,403.8,403.05,403.6,39259,ITC
2025-03-06 12:31:00+05:30,403.6,403.8,403.4,403.65,45664,ITC
2025-03-06 12:32:00+05:30,403.65,403.65,403.4,403.55,24321,ITC
2025-03-06 12:33:00+05:30,403.55,403.55,403.1,403.25,9923,ITC
2025-03-06 12:34:00+05:30,403.25,403.5,403.05,403.3,20342,ITC
2025-03-06 12:35:00+05:30,403.3,403.45,403.2,403.35,15190,ITC
2025-03-06 12:36:00+05:30,403.4,403.5,403.15,403.25,22990,ITC
2025-03-06 12:37:00+05:30,403.25,403.45,403.05,403.35,16413,ITC
2025-03-06 12:38:00+05:30,403.25,403.4,403.1,403.4,20649,ITC
2025-03-06 12:39:00+05:30,403.4,403.45,403.2,403.45,15817,ITC
2025-03-06 12:40:00+05:30,403.45,403.85,403.35,403.7,52200,ITC
2025-03-06 12:41:00+05:30,403.7,403.75,403.25,403.25,10705,ITC
2025-03-06 12:42:00+05:30,403.4,403.4,402.95,403.0,17188,ITC
2025-03-06 12:43:00+05:30,403.0,403.35,402.8,403.05,20083,ITC
2025-03-06 12:44:00+05:30,403.3,403.4,403.05,403.3,13494,ITC
2025-03-06 12:45:00+05:30,403.3,403.3,403.0,403.15,12861,ITC
2025-03-06 12:46:00+05:30,403.15,403.15,402.8,403.0,15226,ITC
2025-03-06 12:47:00+05:30,403.0,403.05,402.8,403.05,12528,ITC
2025-03-06 12:48:00+05:30,403.05,403.35,402.9,403.35,43114,ITC
2025-03-06 12:49:00+05:30,403.35,403.35,403.0,403.1,15522,ITC
2025-03-06 12:50:00+05:30,403.1,403.4,402.85,403.4,38991,ITC
2025-03-06 12:51:00+05:30,403.4,403.75,403.2,403.65,32470,ITC
2025-03-06 12:52:00+05:30,403.65,403.8,403.5,403.7,28424,ITC
2025-03-06 12:53:00+05:30,403.7,403.75,403.4,403.55,16929,ITC
2025-03-06 12:54:00+05:30,403.5,403.6,403.3,403.6,23950,ITC
2025-03-06 12:55:00+05:30,403.6,403.7,403.35,403.65,47266,ITC
2025-03-06 12:56:00+05:30,403.65,403.7,403.25,403.5,31489,ITC
2025-03-06 12:57:00+05:30,403.5,403.7,403.2,403.65,30966,ITC
2025-03-06 12:58:00+05:30,403.6,403.65,403.3,403.6,22237,ITC
2025-03-06 12:59:00+05:30,403.6,403.6,403.05,403.2,28681,ITC
2025-03-06 13:00:00+05:30,403.1,403.15,402.85,402.85,24643,ITC
2025-03-06 13:01:00+05:30,403.0,403.05,402.8,402.8,37885,ITC
2025-03-06 13:02:00+05:30,402.8,402.85,402.3,402.4,22987,ITC
2025-03-06 13:03:00+05:30,402.35,402.8,402.25,402.6,26738,ITC
2025-03-06 13:04:00+05:30,402.6,402.7,402.35,402.7,23608,ITC
2025-03-06 13:05:00+05:30,402.7,402.7,402.4,402.55,19975,ITC
2025-03-06 13:06:00+05:30,402.55,402.6,402.4,402.55,23426,ITC
2025-03-06 13:07:00+05:30,402.6,402.6,402.4,402.5,22150,ITC
2025-03-06 13:08:00+05:30,402.5,402.85,402.4,402.85,59715,ITC
2025-03-06 13:09:00+05:30,402.85,403.2,402.8,403.2,65523,ITC
2025-03-06 13:10:00+05:30,403.2,403.2,402.8,403.0,25003,ITC
2025-03-06 13:11:00+05:30,403.05,403.35,402.95,403.25,26510,ITC
2025-03-06 13:12:00+05:30,403.25,403.25,402.7,402.85,20188,ITC
2025-03-06 13:13:00+05:30,402.85,402.85,402.5,402.6,18420,ITC
2025-03-06 13:14:00+05:30,402.5,402.65,402.45,402.65,25731,ITC
2025-03-06 13:15:00+05:30,402.65,402.65,402.5,402.5,18489,ITC
2025-03-06 13:16:00+05:30,402.65,402.9,402.5,402.75,23111,ITC
2025-03-06 13:17:00+05:30,402.75,402.75,402.25,402.45,23721,ITC
2025-03-06 13:18:00+05:30,402.4,402.85,402.3,402.65,34159,ITC
2025-03-06 13:19:00+05:30,402.75,402.85,402.55,402.85,19095,ITC
2025-03-06 13:20:00+05:30,402.8,402.8,402.55,402.75,19582,ITC
2025-03-06 13:21:00+05:30,402.75,402.75,402.4,402.7,25643,ITC
2025-03-06 13:22:00+05:30,402.65,402.7,402.3,402.6,20324,ITC
2025-03-06 13:23:00+05:30,402.6,402.6,402.35,402.6,22706,ITC
2025-03-06 13:24:00+05:30,402.6,402.85,402.5,402.75,36797,ITC
2025-03-06 13:25:00+05:30,402.8,402.8,402.45,402.7,24046,ITC
2025-03-06 13:26:00+05:30,402.7,403.0,402.55,402.9,42888,ITC
2025-03-06 13:27:00+05:30,402.95,403.0,402.65,402.85,26027,ITC
2025-03-06 13:28:00+05:30,402.85,403.0,402.8,403.0,28580,ITC
2025-03-06 13:29:00+05:30,403.0,403.0,402.8,402.9,32722,ITC
2025-03-06 13:30:00+05:30,402.9,402.95,402.8,402.9,23484,ITC
2025-03-06 13:31:00+05:30,402.9,402.95,402.65,402.85,24185,ITC
2025-03-06 13:32:00+05:30,402.85,403.0,402.65,402.95,37238,ITC
2025-03-06 13:33:00+05:30,402.95,403.05,402.75,403.05,31115,ITC
2025-03-06 13:34:00+05:30,403.1,403.1,402.8,403.1,25161,ITC
2025-03-06 13:35:00+05:30,403.05,403.25,403.0,403.1,33446,ITC
2025-03-06 13:36:00+05:30,403.1,403.1,402.95,403.0,21243,ITC
2025-03-06 13:37:00+05:30,403.1,403.2,403.0,403.15,31196,ITC
2025-03-06 13:38:00+05:30,403.1,403.2,403.0,403.05,52254,ITC
2025-03-06 13:39:00+05:30,403.0,403.15,402.95,403.05,45601,ITC
2025-03-06 13:40:00+05:30,403.05,403.15,402.9,403.0,38944,ITC
2025-03-06 13:41:00+05:30,403.1,403.5,402.95,403.4,65898,ITC
2025-03-06 13:42:00+05:30,403.4,403.4,403.0,403.05,28251,ITC
2025-03-06 13:43:00+05:30,403.05,403.35,403.0,403.25,17898,ITC
2025-03-06 13:44:00+05:30,403.3,403.3,403.1,403.25,33501,ITC
2025-03-06 13:45:00+05:30,403.25,403.6,403.05,403.6,59370,ITC
2025-03-06 13:46:00+05:30,403.55,403.6,403.25,403.5,23357,ITC
2025-03-06 13:47:00+05:30,403.5,403.65,403.35,403.65,34890,ITC
2025-03-06 13:48:00+05:30,403.65,403.7,403.5,403.7,28899,ITC
2025-03-06 13:49:00+05:30,403.7,403.95,403.55,403.95,37002,ITC
2025-03-06 13:50:00+05:30,403.9,403.95,403.7,403.9,29128,ITC
2025-03-06 13:51:00+05:30,403.85,403.95,403.75,403.9,28525,ITC
2025-03-06 13:52:00+05:30,403.9,404.4,403.8,404.4,77104,ITC
2025-03-06 13:53:00+05:30,404.35,404.45,404.2,404.4,50893,ITC
2025-03-06 13:54:00+05:30,404.4,404.6,404.3,404.4,67262,ITC
2025-03-06 13:55:00+05:30,404.4,404.45,404.05,404.45,48707,ITC
2025-03-06 13:56:00+05:30,404.4,404.85,404.4,404.85,57247,ITC
2025-03-06 13:57:00+05:30,404.85,404.9,404.65,404.85,45603,ITC
2025-03-06 13:58:00+05:30,404.85,405.0,404.7,404.95,48496,ITC
2025-03-06 13:59:00+05:30,405.0,405.15,404.95,405.1,74132,ITC
2025-03-06 14:00:00+05:30,405.15,405.15,404.95,405.0,60643,ITC
2025-03-06 14:01:00+05:30,405.0,405.2,404.85,405.2,47726,ITC
2025-03-06 14:02:00+05:30,405.2,405.45,404.85,405.25,60859,ITC
2025-03-06 14:03:00+05:30,405.25,405.35,405.1,405.25,52915,ITC
2025-03-06 14:04:00+05:30,405.25,405.3,404.95,405.05,47884,ITC
2025-03-06 14:05:00+05:30,405.2,405.35,404.9,405.3,97070,ITC
2025-03-06 14:06:00+05:30,405.25,405.3,404.8,405.0,63155,ITC
2025-03-06 14:07:00+05:30,405.1,405.3,404.85,405.3,53743,ITC
2025-03-06 14:08:00+05:30,405.3,405.3,405.0,405.1,26890,ITC
2025-03-06 14:09:00+05:30,405.15,405.3,404.9,405.2,81492,ITC
2025-03-06 14:10:00+05:30,405.25,405.25,405.0,405.05,22745,ITC
2025-03-06 14:11:00+05:30,405.05,405.1,404.85,405.0,25068,ITC
2025-03-06 14:12:00+05:30,405.05,405.25,404.95,405.25,40327,ITC
2025-03-06 14:13:00+05:30,405.25,405.4,405.0,405.35,44781,ITC
2025-03-06 14:14:00+05:30,405.35,405.35,404.9,404.95,17900,ITC
2025-03-06 14:15:00+05:30,404.9,404.95,404.5,404.75,44726,ITC
2025-03-06 14:16:00+05:30,404.75,405.15,404.5,405.1,56978,ITC
2025-03-06 14:17:00+05:30,405.1,405.15,404.85,404.95,36341,ITC
2025-03-06 14:18:00+05:30,405.1,405.1,404.9,405.1,31649,ITC
2025-03-06 14:19:00+05:30,405.1,405.1,404.8,405.05,31337,ITC
2025-03-06 14:20:00+05:30,405.05,405.15,404.9,404.95,44993,ITC
2025-03-06 14:21:00+05:30,405.0,405.3,405.0,405.25,39994,ITC
2025-03-06 14:22:00+05:30,405.25,405.3,405.05,405.25,25491,ITC
2025-03-06 14:23:00+05:30,405.25,405.3,405.05,405.15,33512,ITC
2025-03-06 14:24:00+05:30,405.2,405.35,405.05,405.25,32553,ITC
2025-03-06 14:25:00+05:30,405.2,405.3,405.0,405.15,32336,ITC
2025-03-06 14:26:00+05:30,405.2,405.3,405.1,405.15,50078,ITC
2025-03-06 14:27:00+05:30,405.1,405.15,404.7,405.1,57654,ITC
2025-03-06 14:28:00+05:30,405.0,405.1,404.8,405.0,47934,ITC
2025-03-06 14:29:00+05:30,404.9,405.05,404.6,405.0,61694,ITC
2025-03-06 14:30:00+05:30,404.95,405.0,404.55,404.85,33658,ITC
2025-03-06 14:31:00+05:30,404.9,405.05,404.7,404.95,47888,ITC
2025-03-06 14:32:00+05:30,404.85,405.05,404.7,405.05,48114,ITC
2025-03-06 14:33:00+05:30,405.1,405.1,404.7,404.9,49572,ITC
2025-03-06 14:34:00+05:30,404.9,404.9,404.5,404.55,44919,ITC
2025-03-06 14:35:00+05:30,404.7,404.95,404.55,404.95,45225,ITC
2025-03-06 14:36:00+05:30,404.9,405.0,404.6,404.95,29325,ITC
2025-03-06 14:37:00+05:30,404.95,404.95,404.5,404.55,28747,ITC
2025-03-06 14:38:00+05:30,404.75,404.8,404.5,404.6,35075,ITC
2025-03-06 14:39:00+05:30,404.7,404.75,404.5,404.7,21393,ITC
2025-03-06 14:40:00+05:30,404.7,404.75,404.65,404.7,26915,ITC
2025-03-06 14:41:00+05:30,404.7,405.0,404.6,405.0,59975,ITC
2025-03-06 14:42:00+05:30,405.0,405.1,404.8,405.05,55175,ITC
2025-03-06 14:43:00+05:30,405.05,405.05,404.8,405.0,36517,ITC
2025-03-06 14:44:00+05:30,405.0,405.0,404.8,405.0,27039,ITC
2025-03-06 14:45:00+05:30,405.0,405.0,404.75,404.95,32557,ITC
2025-03-06 14:46:00+05:30,404.95,405.0,404.85,404.95,36039,ITC
2025-03-06 14:47:00+05:30,404.95,405.0,404.7,404.85,42317,ITC
2025-03-06 14:48:00+05:30,404.85,404.85,404.55,404.8,22407,ITC
2025-03-06 14:49:00+05:30,404.8,404.9,404.65,404.9,47739,ITC
2025-03-06 14:50:00+05:30,404.8,405.35,404.8,405.35,86528,ITC
2025-03-06 14:51:00+05:30,405.35,405.35,405.05,405.25,42251,ITC
2025-03-06 14:52:00+05:30,405.25,405.4,405.05,405.2,62422,ITC
2025-03-06 14:53:00+05:30,405.15,405.4,405.0,405.15,59711,ITC
2025-03-06 14:54:00+05:30,405.25,405.3,405.0,405.3,42903,ITC
2025-03-06 14:55:00+05:30,405.2,405.3,405.0,405.2,38885,ITC
2025-03-06 14:56:00+05:30,405.2,405.2,405.05,405.15,29537,ITC
2025-03-06 14:57:00+05:30,405.2,405.3,405.0,405.3,55361,ITC
2025-03-06 14:58:00+05:30,405.3,405.35,405.05,405.25,58513,ITC
2025-03-06 14:59:00+05:30,405.25,405.4,405.05,405.25,73099,ITC
2025-03-06 15:00:00+05:30,405.25,405.9,405.15,405.75,130336,ITC
2025-03-06 15:01:00+05:30,405.85,405.95,405.55,405.55,63990,ITC
2025-03-06 15:02:00+05:30,405.7,405.75,405.5,405.7,69521,ITC
2025-03-06 15:03:00+05:30,405.65,405.9,405.15,405.65,183417,ITC
2025-03-06 15:04:00+05:30,405.7,405.75,405.3,405.6,113671,ITC
2025-03-06 15:05:00+05:30,405.65,405.7,405.25,405.45,95937,ITC
2025-03-06 15:06:00+05:30,405.55,405.7,405.25,405.5,86989,ITC
2025-03-06 15:07:00+05:30,405.55,405.7,405.4,405.6,74536,ITC
2025-03-06 15:08:00+05:30,405.6,405.8,405.5,405.75,94100,ITC
2025-03-06 15:09:00+05:30,405.8,405.8,405.35,405.5,64870,ITC
2025-03-06 15:10:00+05:30,405.55,405.55,405.05,405.3,75659,ITC
2025-03-06 15:11:00+05:30,405.3,405.6,405.1,405.55,75012,ITC
2025-03-06 15:12:00+05:30,405.55,405.55,405.05,405.15,55745,ITC
2025-03-06 15:13:00+05:30,405.15,405.35,405.0,405.2,101335,ITC
2025-03-06 15:14:00+05:30,405.25,405.7,405.2,405.3,199661,ITC
2025-03-06 15:15:00+05:30,405.3,405.5,405.15,405.35,81833,ITC
2025-03-06 15:16:00+05:30,405.35,405.4,405.1,405.25,67205,ITC
2025-03-06 15:17:00+05:30,405.25,405.35,405.1,405.3,81177,ITC
2025-03-06 15:18:00+05:30,405.35,405.55,405.2,405.5,98449,ITC
2025-03-06 15:19:00+05:30,405.5,405.7,405.3,405.55,101058,ITC
2025-03-06 15:20:00+05:30,405.6,406.1,405.55,406.0,218719,ITC
2025-03-06 15:21:00+05:30,406.05,406.15,406.0,406.1,95415,ITC
2025-03-06 15:22:00+05:30,406.1,406.25,406.0,406.1,79867,ITC
2025-03-06 15:23:00+05:30,406.05,406.3,406.0,406.25,104803,ITC
2025-03-06 15:24:00+05:30,406.25,406.4,406.1,406.25,90438,ITC
2025-03-06 15:25:00+05:30,406.2,406.45,406.0,406.3,134062,ITC
2025-03-06 15:26:00+05:30,406.25,406.5,406.05,406.3,79616,ITC
2025-03-06 15:27:00+05:30,406.4,406.45,406.05,406.1,128942,ITC
2025-03-06 15:28:00+05:30,406.35,407.0,406.0,406.3,179679,ITC
2025-03-06 15:29:00+05:30,406.3,406.35,406.0,406.2,55317,ITC
2025-03-07 09:15:00+05:30,403.55,404.9,402.75,404.7,147518,ITC
2025-03-07 09:16:00+05:30,404.85,405.25,404.2,404.7,67173,ITC
2025-03-07 09:17:00+05:30,404.9,405.85,404.6,405.55,71274,ITC
2025-03-07 09:18:00+05:30,405.8,405.8,404.15,404.15,31744,ITC
2025-03-07 09:19:00+05:30,404.3,404.35,403.55,404.15,91317,ITC
2025-03-07 09:20:00+05:30,404.2,404.25,403.6,404.05,30241,ITC
2025-03-07 09:21:00+05:30,404.05,404.3,403.6,403.85,48932,ITC
2025-03-07 09:22:00+05:30,403.8,403.85,403.6,403.7,17635,ITC
2025-03-07 09:23:00+05:30,403.7,403.8,403.3,403.6,60736,ITC
2025-03-07 09:24:00+05:30,403.6,404.15,403.4,403.75,63534,ITC
2025-03-07 09:25:00+05:30,403.95,404.0,403.2,403.25,33851,ITC
2025-03-07 09:26:00+05:30,403.3,404.0,403.25,403.65,54835,ITC
2025-03-07 09:27:00+05:30,403.6,403.7,403.1,403.2,17747,ITC
2025-03-07 09:28:00+05:30,403.1,403.2,402.8,402.9,43712,ITC
2025-03-07 09:29:00+05:30,402.9,403.0,402.7,402.9,46994,ITC
2025-03-07 09:30:00+05:30,403.0,403.7,403.0,403.45,90976,ITC
2025-03-07 09:31:00+05:30,403.45,403.55,403.15,403.3,35975,ITC
2025-03-07 09:32:00+05:30,403.2,403.5,403.0,403.15,22317,ITC
2025-03-07 09:33:00+05:30,403.15,403.15,402.5,402.95,36258,ITC
2025-03-07 09:34:00+05:30,402.8,403.95,402.8,403.65,73671,ITC
2025-03-07 09:35:00+05:30,403.65,403.65,402.75,402.9,30279,ITC
2025-03-07 09:36:00+05:30,402.9,403.55,402.8,403.1,89454,ITC
2025-03-07 09:37:00+05:30,403.1,403.1,402.4,402.55,47047,ITC
2025-03-07 09:38:00+05:30,402.55,402.7,402.4,402.55,26910,ITC
2025-03-07 09:39:00+05:30,402.5,402.55,402.1,402.2,37167,ITC
2025-03-07 09:40:00+05:30,402.2,402.25,402.0,402.1,34014,ITC
2025-03-07 09:41:00+05:30,402.15,402.3,402.05,402.15,42087,ITC
2025-03-07 09:42:00+05:30,402.15,402.5,402.05,402.3,36520,ITC
2025-03-07 09:43:00+05:30,402.35,402.8,402.25,402.35,37707,ITC
2025-03-07 09:44:00+05:30,402.35,402.65,402.2,402.6,26696,ITC
2025-03-07 09:45:00+05:30,402.6,402.95,402.15,402.35,44513,ITC
2025-03-07 09:46:00+05:30,402.35,402.8,402.1,402.4,46519,ITC
2025-03-07 09:47:00+05:30,402.4,402.45,401.7,401.95,61981,ITC
2025-03-07 09:48:00+05:30,401.9,402.45,401.9,402.1,29612,ITC
2025-03-07 09:49:00+05:30,402.1,402.15,401.95,402.15,17671,ITC
2025-03-07 09:50:00+05:30,402.1,402.65,402.1,402.55,17487,ITC
2025-03-07 09:51:00+05:30,402.5,402.5,402.2,402.2,14081,ITC
2025-03-07 09:52:00+05:30,402.3,402.4,402.15,402.35,40175,ITC
2025-03-07 09:53:00+05:30,402.35,402.65,402.2,402.6,17314,ITC
2025-03-07 09:54:00+05:30,402.6,402.65,402.35,402.65,23772,ITC
2025-03-07 09:55:00+05:30,402.65,402.65,402.3,402.5,9456,ITC
2025-03-07 09:56:00+05:30,402.45,402.5,402.25,402.35,19845,ITC
2025-03-07 09:57:00+05:30,402.35,402.35,402.3,402.3,10213,ITC
2025-03-07 09:58:00+05:30,402.35,402.75,402.3,402.55,23643,ITC
2025-03-07 09:59:00+05:30,402.55,402.75,402.45,402.75,17777,ITC
2025-03-07 10:00:00+05:30,402.6,402.75,402.55,402.6,16842,ITC
2025-03-07 10:01:00+05:30,402.6,402.85,402.55,402.65,16001,ITC
2025-03-07 10:02:00+05:30,402.65,402.7,402.35,402.5,22564,ITC
2025-03-07 10:03:00+05:30,402.5,402.85,402.35,402.85,21620,ITC
2025-03-07 10:04:00+05:30,402.85,402.85,402.7,402.85,15404,ITC
2025-03-07 10:05:00+05:30,402.8,402.85,402.7,402.8,9856,ITC
2025-03-07 10:06:00+05:30,402.8,403.25,402.75,403.2,47361,ITC
2025-03-07 10:07:00+05:30,403.2,403.2,403.0,403.1,21640,ITC
2025-03-07 10:08:00+05:30,403.1,403.45,403.0,403.45,30037,ITC
2025-03-07 10:09:00+05:30,403.45,403.5,403.25,403.3,20931,ITC
2025-03-07 10:10:00+05:30,403.4,403.45,403.25,403.3,17154,ITC
2025-03-07 10:11:00+05:30,403.3,403.45,403.1,403.4,28272,ITC
2025-03-07 10:12:00+05:30,403.4,403.45,403.25,403.4,9148,ITC
2025-03-07 10:13:00+05:30,403.4,403.4,403.3,403.35,17759,ITC
2025-03-07 10:14:00+05:30,403.35,403.95,403.3,403.8,39943,ITC
2025-03-07 10:15:00+05:30,403.7,403.9,403.45,403.6,20136,ITC
2025-03-07 10:16:00+05:30,403.5,403.6,403.4,403.45,11091,ITC
2025-03-07 10:17:00+05:30,403.45,403.75,403.3,403.6,31807,ITC
2025-03-07 10:18:00+05:30,403.75,403.75,403.45,403.5,19607,ITC
2025-03-07 10:19:00+05:30,403.5,403.75,403.45,403.75,23724,ITC
2025-03-07 10:20:00+05:30,403.75,403.8,403.5,403.55,15945,ITC
2025-03-07 10:21:00+05:30,403.55,403.55,403.4,403.45,4285,ITC
2025-03-07 10:22:00+05:30,403.45,403.45,403.1,403.15,17844,ITC
2025-03-07 10:23:00+05:30,403.2,403.2,402.8,403.05,57309,ITC
2025-03-07 10:24:00+05:30,403.05,403.1,402.9,402.95,14790,ITC
2025-03-07 10:25:00+05:30,402.95,403.0,402.75,402.9,12301,ITC
2025-03-07 10:26:00+05:30,402.9,402.9,402.6,402.75,27532,ITC
2025-03-07 10:27:00+05:30,402.7,403.25,402.7,403.1,24367,ITC
2025-03-07 10:28:00+05:30,403.05,403.2,403.0,403.15,16904,ITC
2025-03-07 10:29:00+05:30,403.15,403.6,403.1,403.55,33699,ITC
2025-03-07 10:30:00+05:30,403.55,403.6,403.4,403.5,23729,ITC
2025-03-07 10:31:00+05:30,403.5,403.5,403.3,403.45,14193,ITC
2025-03-07 10:32:00+05:30,403.45,403.45,403.2,403.35,10400,ITC
2025-03-07 10:33:00+05:30,403.35,404.15,403.35,403.8,159985,ITC
2025-03-07 10:34:00+05:30,403.9,403.95,403.6,403.65,8065,ITC
2025-03-07 10:35:00+05:30,403.7,403.85,403.55,403.75,30455,ITC
2025-03-07 10:36:00+05:30,403.75,404.15,403.7,404.05,18368,ITC
2025-03-07 10:37:00+05:30,404.15,404.2,404.0,404.15,13849,ITC
2025-03-07 10:38:00+05:30,404.15,404.55,404.0,404.35,28756,ITC
2025-03-07 10:39:00+05:30,404.5,404.55,404.1,404.4,46512,ITC
2025-03-07 10:40:00+05:30,404.4,404.4,404.15,404.2,9389,ITC
2025-03-07 10:41:00+05:30,404.2,404.25,404.05,404.2,30349,ITC
2025-03-07 10:42:00+05:30,404.25,404.3,404.1,404.25,11419,ITC
2025-03-07 10:43:00+05:30,404.25,404.45,404.2,404.35,27522,ITC
2025-03-07 10:44:00+05:30,404.35,404.6,404.2,404.3,12019,ITC
2025-03-07 10:45:00+05:30,404.3,404.3,404.05,404.1,9475,ITC
2025-03-07 10:46:00+05:30,404.05,404.15,404.05,404.15,25095,ITC
2025-03-07 10:47:00+05:30,404.15,404.15,404.1,404.15,8991,ITC
2025-03-07 10:48:00+05:30,404.1,404.35,404.1,404.35,35004,ITC
2025-03-07 10:49:00+05:30,404.35,404.65,404.35,404.5,18228,ITC
2025-03-07 10:50:00+05:30,404.5,404.6,404.35,404.6,27148,ITC
2025-03-07 10:51:00+05:30,404.55,404.6,404.5,404.6,17487,ITC
2025-03-07 10:52:00+05:30,404.55,404.55,404.4,404.5,8203,ITC
2025-03-07 10:53:00+05:30,404.5,404.5,404.25,404.35,15229,ITC
2025-03-07 10:54:00+05:30,404.35,404.35,404.05,404.05,9480,ITC
2025-03-07 10:55:00+05:30,404.1,404.3,404.05,404.2,42369,ITC
2025-03-07 10:56:00+05:30,404.3,404.35,404.05,404.25,20616,ITC
2025-03-07 10:57:00+05:30,404.25,404.25,404.1,404.2,11384,ITC
2025-03-07 10:58:00+05:30,404.2,404.2,404.15,404.2,22439,ITC
2025-03-07 10:59:00+05:30,404.2,404.2,404.05,404.05,23771,ITC
2025-03-07 11:00:00+05:30,404.15,404.2,404.0,404.15,37051,ITC
2025-03-07 11:01:00+05:30,404.15,404.45,404.05,404.4,29747,ITC
2025-03-07 11:02:00+05:30,404.35,404.5,404.35,404.45,18593,ITC
2025-03-07 11:03:00+05:30,404.45,404.55,404.3,404.45,46247,ITC
2025-03-07 11:04:00+05:30,404.5,404.5,404.3,404.45,10643,ITC
2025-03-07 11:05:00+05:30,404.45,404.55,404.35,404.55,18662,ITC
2025-03-07 11:06:00+05:30,404.55,404.6,404.4,404.4,13785,ITC
2025-03-07 11:07:00+05:30,404.45,404.45,404.2,404.35,21323,ITC
2025-03-07 11:08:00+05:30,404.35,404.5,404.3,404.5,18642,ITC
2025-03-07 11:09:00+05:30,404.5,404.8,404.5,404.8,51494,ITC
2025-03-07 11:10:00+05:30,404.8,404.85,404.7,404.8,16916,ITC
2025-03-07 11:11:00+05:30,404.8,404.95,404.8,404.9,17350,ITC
2025-03-07 11:12:00+05:30,404.9,404.9,404.7,404.85,13394,ITC
2025-03-07 11:13:00+05:30,404.85,404.95,404.65,404.95,50604,ITC
2025-03-07 11:14:00+05:30,404.95,405.05,404.95,405.05,19912,ITC
2025-03-07 11:15:00+05:30,405.05,405.2,405.0,405.15,26123,ITC
2025-03-07 11:16:00+05:30,405.15,405.65,405.05,405.65,86496,ITC
2025-03-07 11:17:00+05:30,405.55,405.55,405.3,405.35,8710,ITC
2025-03-07 11:18:00+05:30,405.35,405.35,405.0,405.0,18924,ITC
2025-03-07 11:19:00+05:30,405.05,405.05,404.85,405.05,28587,ITC
2025-03-07 11:20:00+05:30,405.0,405.05,405.0,405.05,16520,ITC
2025-03-07 11:21:00+05:30,405.05,405.05,405.0,405.05,14891,ITC
2025-03-07 11:22:00+05:30,405.0,405.25,405.0,405.2,38560,ITC
2025-03-07 11:23:00+05:30,405.2,405.2,405.0,405.1,8823,ITC
2025-03-07 11:24:00+05:30,405.1,405.15,405.0,405.1,5888,ITC
2025-03-07 11:25:00+05:30,405.0,405.1,405.0,405.0,19289,ITC
2025-03-07 11:26:00+05:30,405.0,405.05,405.0,405.05,14506,ITC
2025-03-07 11:27:00+05:30,405.05,405.05,404.75,404.8,19248,ITC
2025-03-07 11:28:00+05:30,404.8,404.85,404.35,404.5,29209,ITC
2025-03-07 11:29:00+05:30,404.5,404.5,404.35,404.45,13887,ITC
2025-03-07 11:30:00+05:30,404.5,404.75,404.35,404.5,30045,ITC
2025-03-07 11:31:00+05:30,404.5,404.5,404.3,404.35,9108,ITC
2025-03-07 11:32:00+05:30,404.45,404.5,404.35,404.5,9408,ITC
2025-03-07 11:33:00+05:30,404.4,404.5,404.4,404.5,9927,ITC
2025-03-07 11:34:00+05:30,404.4,404.5,404.35,404.5,22211,ITC
2025-03-07 11:35:00+05:30,404.5,404.7,404.35,404.35,20404,ITC
2025-03-07 11:36:00+05:30,404.4,404.4,404.05,404.1,26677,ITC
2025-03-07 11:37:00+05:30,404.1,404.3,404.0,404.2,31049,ITC
2025-03-07 11:38:00+05:30,404.25,404.25,404.05,404.2,9592,ITC
2025-03-07 11:39:00+05:30,404.2,404.2,404.0,404.15,9409,ITC
2025-03-07 11:40:00+05:30,404.15,404.2,404.05,404.15,10232,ITC
2025-03-07 11:41:00+05:30,404.15,404.2,404.05,404.15,10693,ITC
2025-03-07 11:42:00+05:30,404.2,404.2,404.0,404.0,7565,ITC
2025-03-07 11:43:00+05:30,404.05,404.1,404.0,404.0,17854,ITC
2025-03-07 11:44:00+05:30,404.0,404.05,404.0,404.05,28352,ITC
2025-03-07 11:45:00+05:30,404.05,404.1,403.65,403.75,140686,ITC
2025-03-07 11:46:00+05:30,403.75,403.9,403.7,403.7,16219,ITC
2025-03-07 11:47:00+05:30,403.75,403.75,403.5,403.55,17435,ITC
2025-03-07 11:48:00+05:30,403.55,403.55,403.05,403.2,15961,ITC
2025-03-07 11:49:00+05:30,403.15,403.15,402.75,402.95,27728,ITC
2025-03-07 11:50:00+05:30,402.95,403.55,402.8,403.45,54915,ITC
2025-03-07 11:51:00+05:30,403.4,403.65,403.2,403.65,35027,ITC
2025-03-07 11:52:00+05:30,403.45,403.65,403.2,403.25,10997,ITC
2025-03-07 11:53:00+05:30,403.3,403.8,403.2,403.5,76089,ITC
2025-03-07 11:54:00+05:30,403.45,403.9,403.3,403.7,68250,ITC
2025-03-07 11:55:00+05:30,403.6,403.7,403.35,403.5,29301,ITC
2025-03-07 11:56:00+05:30,403.5,403.65,403.45,403.55,7096,ITC
2025-03-07 11:57:00+05:30,403.5,403.5,403.35,403.4,4329,ITC
2025-03-07 11:58:00+05:30,403.45,403.5,403.35,403.45,25923,ITC
2025-03-07 11:59:00+05:30,403.5,403.8,403.45,403.75,9438,ITC
2025-03-07 12:00:00+05:30,403.75,403.75,403.65,403.65,8998,ITC
2025-03-07 12:01:00+05:30,403.7,403.8,403.65,403.75,17391,ITC
2025-03-07 12:02:00+05:30,403.75,403.75,403.55,403.65,14438,ITC
2025-03-07 12:03:00+05:30,403.7,403.7,403.45,403.6,23366,ITC
2025-03-07 12:04:00+05:30,403.55,403.7,403.5,403.7,21536,ITC
2025-03-07 12:05:00+05:30,403.65,403.8,403.65,403.75,12069,ITC
2025-03-07 12:06:00+05:30,403.8,404.2,403.7,404.05,42548,ITC
2025-03-07 12:07:00+05:30,404.05,404.05,403.85,404.0,16753,ITC
2025-03-07 12:08:00+05:30,404.05,404.05,403.8,404.0,17789,ITC
2025-03-07 12:09:00+05:30,404.0,404.0,403.7,403.7,6434,ITC
2025-03-07 12:10:00+05:30,403.8,403.85,403.65,403.7,21657,ITC
2025-03-07 12:11:00+05:30,403.7,403.7,403.5,403.55,2407,ITC
2025-03-07 12:12:00+05:30,403.55,403.55,403.35,403.4,31290,ITC
2025-03-07 12:13:00+05:30,403.4,403.5,403.1,403.1,5240,ITC
2025-03-07 12:14:00+05:30,403.25,403.25,403.0,403.2,34201,ITC
2025-03-07 12:15:00+05:30,403.2,403.3,403.1,403.3,23410,ITC
2025-03-07 12:16:00+05:30,403.3,403.3,403.0,403.2,10847,ITC
2025-03-07 12:17:00+05:30,403.05,403.2,403.0,403.1,8929,ITC
2025-03-07 12:18:00+05:30,403.0,403.1,402.85,403.1,32890,ITC
2025-03-07 12:19:00+05:30,403.0,403.2,402.8,402.8,12759,ITC
2025-03-07 12:20:00+05:30,402.85,402.85,402.6,402.7,22264,ITC
2025-03-07 12:21:00+05:30,402.7,403.05,402.65,402.7,23406,ITC
2025-03-07 12:22:00+05:30,402.7,402.95,402.5,402.8,35444,ITC
2025-03-07 12:23:00+05:30,402.8,402.95,402.7,402.9,17940,ITC
2025-03-07 12:24:00+05:30,402.85,403.0,402.8,403.0,18820,ITC
2025-03-07 12:25:00+05:30,402.95,403.35,402.95,403.25,21884,ITC
2025-03-07 12:26:00+05:30,403.3,403.3,403.1,403.1,4235,ITC
2025-03-07 12:27:00+05:30,403.2,403.2,403.1,403.1,18230,ITC
2025-03-07 12:28:00+05:30,403.15,403.15,403.0,403.1,24358,ITC
2025-03-07 12:29:00+05:30,403.15,403.2,403.1,403.15,22622,ITC
2025-03-07 12:30:00+05:30,403.2,403.3,403.1,403.3,19512,ITC
2025-03-07 12:31:00+05:30,403.3,403.5,403.2,403.5,16444,ITC
2025-03-07 12:32:00+05:30,403.5,403.5,403.25,403.3,8956,ITC
2025-03-07 12:33:00+05:30,403.35,403.35,403.3,403.35,11503,ITC
2025-03-07 12:34:00+05:30,403.35,403.35,403.3,403.35,17426,ITC
2025-03-07 12:35:00+05:30,403.35,403.35,403.2,403.3,21952,ITC
2025-03-07 12:36:00+05:30,403.3,403.7,403.25,403.5,45265,ITC
2025-03-07 12:37:00+05:30,403.5,404.1,403.5,403.95,45931,ITC
2025-03-07 12:38:00+05:30,404.05,404.05,403.6,403.7,9858,ITC
2025-03-07 12:39:00+05:30,403.7,403.7,403.6,403.7,26832,ITC
2025-03-07 12:40:00+05:30,403.7,403.7,403.5,403.6,6687,ITC
2025-03-07 12:41:00+05:30,403.5,403.6,403.4,403.45,10819,ITC
2025-03-07 12:42:00+05:30,403.5,403.6,403.45,403.55,33405,ITC
2025-03-07 12:43:00+05:30,403.55,403.7,403.5,403.65,19083,ITC
2025-03-07 12:44:00+05:30,403.7,403.8,403.65,403.75,16288,ITC
2025-03-07 12:45:00+05:30,403.8,404.0,403.5,403.65,9564,ITC
2025-03-07 12:46:00+05:30,403.5,403.65,403.35,403.35,5563,ITC
2025-03-07 12:47:00+05:30,403.45,403.45,403.1,403.25,15557,ITC
2025-03-07 12:48:00+05:30,403.25,403.25,403.1,403.1,20638,ITC
2025-03-07 12:49:00+05:30,403.15,403.15,403.0,403.0,25321,ITC
2025-03-07 12:50:00+05:30,403.1,403.1,403.0,403.0,17934,ITC
2025-03-07 12:51:00+05:30,403.05,403.05,403.0,403.05,13593,ITC
2025-03-07 12:52:00+05:30,403.05,403.1,403.0,403.1,23175,ITC
2025-03-07 12:53:00+05:30,403.1,403.1,403.05,403.05,9705,ITC
2025-03-07 12:54:00+05:30,403.1,403.1,403.0,403.0,37701,ITC
2025-03-07 12:55:00+05:30,403.05,403.25,403.0,403.25,38278,ITC
2025-03-07 12:56:00+05:30,403.25,403.5,403.2,403.35,14808,ITC
2025-03-07 12:57:00+05:30,403.4,403.45,403.2,403.4,16870,ITC
2025-03-07 12:58:00+05:30,403.45,403.65,403.3,403.45,27748,ITC
2025-03-07 12:59:00+05:30,403.55,403.7,403.35,403.45,11955,ITC
2025-03-07 13:00:00+05:30,403.5,403.55,403.4,403.45,22935,ITC
2025-03-07 13:01:00+05:30,403.45,403.45,403.3,403.3,11221,ITC
2025-03-07 13:02:00+05:30,403.35,403.35,403.0,403.0,7848,ITC
2025-03-07 13:03:00+05:30,403.05,403.25,403.0,403.25,46852,ITC
2025-03-07 13:04:00+05:30,403.2,403.25,403.05,403.15,11080,ITC
2025-03-07 13:05:00+05:30,403.2,403.2,403.05,403.1,7411,ITC
2025-03-07 13:06:00+05:30,403.1,403.15,403.05,403.05,13636,ITC
2025-03-07 13:07:00+05:30,403.1,403.1,403.05,403.05,18669,ITC
2025-03-07 13:08:00+05:30,403.05,403.05,403.0,403.05,20911,ITC
2025-03-07 13:09:00+05:30,403.05,403.05,403.0,403.0,14882,ITC
2025-03-07 13:10:00+05:30,403.05,403.05,402.85,402.9,15016,ITC
2025-03-07 13:11:00+05:30,402.9,402.95,402.6,402.7,56666,ITC
2025-03-07 13:12:00+05:30,402.75,402.75,402.65,402.65,9755,ITC
2025-03-07 13:13:00+05:30,402.7,402.7,402.6,402.7,20359,ITC
2025-03-07 13:14:00+05:30,402.7,402.75,402.6,402.7,14489,ITC
2025-03-07 13:15:00+05:30,402.7,402.8,402.6,402.75,30767,ITC
2025-03-07 13:16:00+05:30,402.8,402.8,402.65,402.75,14054,ITC
2025-03-07 13:17:00+05:30,402.75,402.75,402.6,402.65,16098,ITC
2025-03-07 13:18:00+05:30,402.65,402.8,402.6,402.75,30324,ITC
2025-03-07 13:19:00+05:30,402.8,402.95,402.7,402.95,22937,ITC
2025-03-07 13:20:00+05:30,403.0,403.0,402.8,402.9,19439,ITC
2025-03-07 13:21:00+05:30,402.9,403.3,402.8,403.15,28947,ITC
2025-03-07 13:22:00+05:30,403.15,403.25,402.85,402.95,20344,ITC
2025-03-07 13:23:00+05:30,403.0,403.05,402.9,402.9,11359,ITC
2025-03-07 13:24:00+05:30,402.95,402.95,402.9,402.95,18582,ITC
2025-03-07 13:25:00+05:30,402.95,402.95,402.85,402.9,14199,ITC
2025-03-07 13:26:00+05:30,402.95,403.15,402.9,403.0,31052,ITC
2025-03-07 13:27:00+05:30,403.05,403.15,403.0,403.05,18101,ITC
2025-03-07 13:28:00+05:30,403.1,403.15,403.0,403.05,18133,ITC
2025-03-07 13:29:00+05:30,403.1,403.55,403.1,403.15,16337,ITC
2025-03-07 13:30:00+05:30,403.2,403.2,403.15,403.2,9977,ITC
2025-03-07 13:31:00+05:30,403.2,403.2,403.0,403.05,17676,ITC
2025-03-07 13:32:00+05:30,403.05,403.25,402.95,403.15,41504,ITC
2025-03-07 13:33:00+05:30,403.15,403.2,403.05,403.15,7481,ITC
2025-03-07 13:34:00+05:30,403.2,403.35,403.0,403.2,21926,ITC
2025-03-07 13:35:00+05:30,403.35,403.45,403.2,403.4,14101,ITC
2025-03-07 13:36:00+05:30,403.4,403.5,403.35,403.45,17419,ITC
2025-03-07 13:37:00+05:30,403.5,403.65,403.2,403.45,28743,ITC
2025-03-07 13:38:00+05:30,403.5,403.6,403.4,403.4,16259,ITC
2025-03-07 13:39:00+05:30,403.45,403.45,403.2,403.3,15164,ITC
2025-03-07 13:40:00+05:30,403.3,403.7,403.25,403.45,29915,ITC
2025-03-07 13:41:00+05:30,403.5,403.5,403.25,403.25,12384,ITC
2025-03-07 13:42:00+05:30,403.3,403.4,403.25,403.3,21846,ITC
2025-03-07 13:43:00+05:30,403.35,403.6,403.3,403.55,19825,ITC
2025-03-07 13:44:00+05:30,403.55,403.55,403.4,403.4,18068,ITC
2025-03-07 13:45:00+05:30,403.45,403.65,403.35,403.55,16991,ITC
2025-03-07 13:46:00+05:30,403.6,403.65,403.45,403.5,16532,ITC
2025-03-07 13:47:00+05:30,403.55,403.55,403.45,403.55,20986,ITC
2025-03-07 13:48:00+05:30,403.5,403.55,403.4,403.5,18421,ITC
2025-03-07 13:49:00+05:30,403.5,403.65,403.45,403.55,20629,ITC
2025-03-07 13:50:00+05:30,403.55,403.55,403.25,403.4,18753,ITC
2025-03-07 13:51:00+05:30,403.4,403.5,403.25,403.3,20935,ITC
2025-03-07 13:52:00+05:30,403.3,403.35,403.0,403.05,10536,ITC
2025-03-07 13:53:00+05:30,403.05,403.45,403.0,403.15,37431,ITC
2025-03-07 13:54:00+05:30,403.2,403.3,403.05,403.15,14536,ITC
2025-03-07 13:55:00+05:30,403.15,403.15,403.0,403.1,15057,ITC
2025-03-07 13:56:00+05:30,403.1,403.1,402.8,402.95,31821,ITC
2025-03-07 13:57:00+05:30,402.95,403.0,402.85,403.0,21860,ITC
2025-03-07 13:58:00+05:30,403.0,403.1,402.9,403.0,18599,ITC
2025-03-07 13:59:00+05:30,403.0,403.05,402.85,403.0,29641,ITC
2025-03-07 14:00:00+05:30,403.05,403.2,403.05,403.15,15355,ITC
2025-03-07 14:01:00+05:30,403.2,403.4,403.05,403.15,14788,ITC
2025-03-07 14:02:00+05:30,403.25,403.3,403.1,403.2,18728,ITC
2025-03-07 14:03:00+05:30,403.2,403.7,403.2,403.5,28867,ITC
2025-03-07 14:04:00+05:30,403.5,403.5,403.35,403.5,15944,ITC
2025-03-07 14:05:00+05:30,403.5,403.5,403.35,403.4,13890,ITC
2025-03-07 14:06:00+05:30,403.45,403.5,403.4,403.45,27886,ITC
2025-03-07 14:07:00+05:30,403.45,403.45,403.4,403.45,16454,ITC
2025-03-07 14:08:00+05:30,403.45,403.45,403.4,403.45,16788,ITC
2025-03-07 14:09:00+05:30,403.45,403.8,403.4,403.75,38369,ITC
2025-03-07 14:10:00+05:30,403.65,403.75,403.4,403.45,21969,ITC
2025-03-07 14:11:00+05:30,403.45,403.45,403.4,403.45,14741,ITC
2025-03-07 14:12:00+05:30,403.45,403.55,403.4,403.55,31878,ITC
2025-03-07 14:13:00+05:30,403.55,403.55,403.4,403.45,14958,ITC
2025-03-07 14:14:00+05:30,403.45,403.55,403.4,403.55,23449,ITC
2025-03-07 14:15:00+05:30,403.55,403.6,403.5,403.55,14356,ITC
2025-03-07 14:16:00+05:30,403.55,403.55,403.5,403.5,19528,ITC
2025-03-07 14:17:00+05:30,403.55,403.85,403.55,403.55,25440,ITC
2025-03-07 14:18:00+05:30,403.65,403.8,403.65,403.7,15975,ITC
2025-03-07 14:19:00+05:30,403.75,403.75,403.55,403.55,13552,ITC
2025-03-07 14:20:00+05:30,403.6,403.7,403.5,403.65,27393,ITC
2025-03-07 14:21:00+05:30,403.65,403.65,403.55,403.6,19532,ITC
2025-03-07 14:22:00+05:30,403.65,403.75,403.55,403.6,22711,ITC
2025-03-07 14:23:00+05:30,403.65,403.7,403.6,403.65,14076,ITC
2025-03-07 14:24:00+05:30,403.65,403.7,403.55,403.65,20648,ITC
2025-03-07 14:25:00+05:30,403.65,403.7,403.6,403.65,16364,ITC
2025-03-07 14:26:00+05:30,403.65,404.15,403.65,404.1,46241,ITC
2025-03-07 14:27:00+05:30,404.15,404.5,403.95,404.35,48600,ITC
2025-03-07 14:28:00+05:30,404.25,404.3,404.05,404.1,18581,ITC
2025-03-07 14:29:00+05:30,404.1,404.15,404.05,404.05,16654,ITC
2025-03-07 14:30:00+05:30,404.1,404.1,403.7,403.75,14678,ITC
2025-03-07 14:31:00+05:30,403.85,404.0,403.7,403.7,27337,ITC
2025-03-07 14:32:00+05:30,403.75,403.8,403.6,403.75,28913,ITC
2025-03-07 14:33:00+05:30,403.8,404.0,403.7,403.9,26212,ITC
2025-03-07 14:34:00+05:30,403.95,404.1,403.75,403.95,24081,ITC
2025-03-07 14:35:00+05:30,404.0,404.25,403.95,404.15,27194,ITC
2025-03-07 14:36:00+05:30,404.2,404.3,404.0,404.0,17998,ITC
2025-03-07 14:37:00+05:30,404.05,404.05,403.8,403.8,24959,ITC
2025-03-07 14:38:00+05:30,403.8,403.85,403.7,403.7,15637,ITC
2025-03-07 14:39:00+05:30,403.75,403.85,403.65,403.8,38512,ITC
2025-03-07 14:40:00+05:30,403.85,404.05,403.7,403.9,23544,ITC
2025-03-07 14:41:00+05:30,403.8,403.8,403.6,403.7,16695,ITC
2025-03-07 14:42:00+05:30,403.7,403.95,403.6,403.8,23003,ITC
2025-03-07 14:43:00+05:30,403.8,404.55,403.7,404.3,76895,ITC
2025-03-07 14:44:00+05:30,404.45,404.5,404.05,404.1,27298,ITC
2025-03-07 14:45:00+05:30,404.1,404.8,404.05,404.6,73251,ITC
2025-03-07 14:46:00+05:30,404.6,404.65,404.25,404.35,21136,ITC
2025-03-07 14:47:00+05:30,404.35,404.35,404.25,404.3,17598,ITC
2025-03-07 14:48:00+05:30,404.3,404.3,404.15,404.25,15655,ITC
2025-03-07 14:49:00+05:30,404.25,404.3,404.0,404.25,40634,ITC
2025-03-07 14:50:00+05:30,404.3,404.3,403.95,403.95,12348,ITC
2025-03-07 14:51:00+05:30,404.05,404.15,403.9,404.1,32579,ITC
2025-03-07 14:52:00+05:30,404.1,404.25,404.05,404.15,20169,ITC
2025-03-07 14:53:00+05:30,404.15,404.2,403.85,403.85,18147,ITC
2025-03-07 14:54:00+05:30,403.9,404.2,403.85,404.1,40054,ITC
2025-03-07 14:55:00+05:30,404.05,404.2,404.0,404.1,19617,ITC
2025-03-07 14:56:00+05:30,404.1,404.45,404.05,404.2,36917,ITC
2025-03-07 14:57:00+05:30,404.15,404.2,404.0,404.1,33167,ITC
2025-03-07 14:58:00+05:30,404.15,404.45,404.05,404.3,22900,ITC
2025-03-07 14:59:00+05:30,404.35,404.35,404.1,404.15,38721,ITC
2025-03-07 15:00:00+05:30,404.2,404.4,404.1,404.35,104349,ITC
2025-03-07 15:01:00+05:30,404.4,404.5,404.2,404.5,63565,ITC
2025-03-07 15:02:00+05:30,404.5,404.65,404.4,404.5,52635,ITC
2025-03-07 15:03:00+05:30,404.5,404.6,404.15,404.2,37821,ITC
2025-03-07 15:04:00+05:30,404.2,404.3,404.0,404.05,73734,ITC
2025-03-07 15:05:00+05:30,404.05,404.15,404.0,404.15,58681,ITC
2025-03-07 15:06:00+05:30,404.1,404.15,404.0,404.1,48465,ITC
2025-03-07 15:07:00+05:30,404.1,404.2,404.0,404.2,67371,ITC
2025-03-07 15:08:00+05:30,404.2,404.2,404.0,404.1,94042,ITC
2025-03-07 15:09:00+05:30,404.1,404.2,403.9,403.9,63912,ITC
2025-03-07 15:10:00+05:30,403.95,404.2,403.7,404.05,173850,ITC
2025-03-07 15:11:00+05:30,404.1,404.35,404.05,404.25,55901,ITC
2025-03-07 15:12:00+05:30,404.3,404.35,404.1,404.15,55419,ITC
2025-03-07 15:13:00+05:30,404.15,404.25,404.0,404.15,121138,ITC
2025-03-07 15:14:00+05:30,404.15,404.25,404.05,404.1,51241,ITC
2025-03-07 15:15:00+05:30,404.1,404.15,403.5,403.6,97647,ITC
2025-03-07 15:16:00+05:30,403.5,403.75,403.45,403.65,131569,ITC
2025-03-07 15:17:00+05:30,403.65,403.65,403.45,403.55,65631,ITC
2025-03-07 15:18:00+05:30,403.55,403.65,403.2,403.45,90405,ITC
2025-03-07 15:19:00+05:30,403.45,403.55,403.35,403.5,83529,ITC
2025-03-07 15:20:00+05:30,403.5,403.6,403.4,403.6,79780,ITC
2025-03-07 15:21:00+05:30,403.6,403.7,403.5,403.65,62616,ITC
2025-03-07 15:22:00+05:30,403.65,403.75,403.6,403.7,89919,ITC
2025-03-07 15:23:00+05:30,403.65,403.75,403.6,403.65,70221,ITC
2025-03-07 15:24:00+05:30,403.65,403.65,403.55,403.65,90094,ITC
2025-03-07 15:25:00+05:30,403.65,404.0,403.6,403.95,109610,ITC
2025-03-07 15:26:00+05:30,403.95,404.1,403.9,404.05,77919,ITC
2025-03-07 15:27:00+05:30,404.0,404.05,403.55,403.7,92329,ITC
2025-03-07 15:28:00+05:30,403.75,403.85,403.4,403.8,100659,ITC
2025-03-07 15:29:00+05:30,403.8,403.9,403.35,403.75,54000,ITC
2025-03-10 09:15:00+05:30,401.05,402.95,400.4,401.25,163936,ITC
2025-03-10 09:16:00+05:30,401.25,402.0,400.95,401.65,78465,ITC
2025-03-10 09:17:00+05:30,401.75,401.9,400.6,401.05,70242,ITC
2025-03-10 09:18:00+05:30,401.05,402.0,400.8,401.45,54213,ITC
2025-03-10 09:19:00+05:30,401.3,401.95,401.0,401.85,75464,ITC
2025-03-10 09:20:00+05:30,401.95,402.1,401.25,401.85,58025,ITC
2025-03-10 09:21:00+05:30,401.85,402.1,401.5,401.75,40119,ITC
2025-03-10 09:22:00+05:30,401.7,402.15,401.45,402.0,26938,ITC
2025-03-10 09:23:00+05:30,401.9,402.7,401.75,402.25,31300,ITC
2025-03-10 09:24:00+05:30,402.25,402.6,402.05,402.25,44296,ITC
2025-03-10 09:25:00+05:30,402.25,402.3,402.0,402.2,25113,ITC
2025-03-10 09:26:00+05:30,402.2,402.9,402.1,402.85,30743,ITC
2025-03-10 09:27:00+05:30,402.6,402.85,402.45,402.6,17758,ITC
2025-03-10 09:28:00+05:30,402.65,402.7,402.1,402.45,20284,ITC
2025-03-10 09:29:00+05:30,402.45,402.45,401.75,401.95,30133,ITC
2025-03-10 09:30:00+05:30,401.75,402.35,401.75,402.2,22028,ITC
2025-03-10 09:31:00+05:30,402.1,403.35,401.95,403.2,25727,ITC
2025-03-10 09:32:00+05:30,403.2,403.45,403.15,403.45,15535,ITC
2025-03-10 09:33:00+05:30,403.4,403.8,403.25,403.75,31727,ITC
2025-03-10 09:34:00+05:30,403.55,404.3,403.5,404.05,35226,ITC
2025-03-10 09:35:00+05:30,404.2,404.75,404.1,404.5,20205,ITC
2025-03-10 09:36:00+05:30,404.5,404.8,404.4,404.5,21994,ITC
2025-03-10 09:37:00+05:30,404.5,405.5,404.25,405.4,80353,ITC
2025-03-10 09:38:00+05:30,405.4,405.55,405.2,405.3,21965,ITC
2025-03-10 09:39:00+05:30,405.3,405.35,405.05,405.1,15248,ITC
2025-03-10 09:40:00+05:30,405.2,405.2,405.05,405.05,9700,ITC
2025-03-10 09:41:00+05:30,405.2,405.35,405.05,405.25,39488,ITC
2025-03-10 09:42:00+05:30,405.25,405.8,405.2,405.6,37100,ITC
2025-03-10 09:43:00+05:30,405.5,405.9,405.45,405.75,36703,ITC
2025-03-10 09:44:00+05:30,405.9,405.95,405.3,405.5,20485,ITC
2025-03-10 09:45:00+05:30,405.45,405.65,405.35,405.45,18340,ITC
2025-03-10 09:46:00+05:30,405.45,405.95,405.35,405.95,35405,ITC
2025-03-10 09:47:00+05:30,405.9,405.95,405.65,405.8,18249,ITC
2025-03-10 09:48:00+05:30,405.8,405.95,405.65,405.95,22195,ITC
2025-03-10 09:49:00+05:30,405.85,406.25,405.85,406.2,21868,ITC
2025-03-10 09:50:00+05:30,406.25,406.25,405.95,406.0,22291,ITC
2025-03-10 09:51:00+05:30,405.95,405.95,405.55,405.75,11676,ITC
2025-03-10 09:52:00+05:30,405.75,405.75,405.55,405.75,10191,ITC
2025-03-10 09:53:00+05:30,405.7,405.9,405.7,405.8,15374,ITC
2025-03-10 09:54:00+05:30,405.75,405.95,405.7,405.75,16290,ITC
2025-03-10 09:55:00+05:30,405.7,406.0,405.7,405.8,27660,ITC
2025-03-10 09:56:00+05:30,405.9,406.3,405.7,406.3,25497,ITC
2025-03-10 09:57:00+05:30,406.25,406.5,406.25,406.4,23014,ITC
2025-03-10 09:58:00+05:30,406.45,406.75,406.25,406.45,26848,ITC
2025-03-10 09:59:00+05:30,406.4,406.4,406.2,406.3,9161,ITC
2025-03-10 10:00:00+05:30,406.3,406.7,406.25,406.5,24127,ITC
2025-03-10 10:01:00+05:30,406.5,406.5,406.3,406.5,8222,ITC
2025-03-10 10:02:00+05:30,406.45,406.55,406.25,406.5,26615,ITC
2025-03-10 10:03:00+05:30,406.45,406.5,405.75,406.25,31663,ITC
2025-03-10 10:04:00+05:30,406.25,406.45,406.05,406.35,17481,ITC
2025-03-10 10:05:00+05:30,406.35,406.4,406.05,406.2,22041,ITC
2025-03-10 10:06:00+05:30,406.2,406.3,405.95,406.25,15074,ITC
2025-03-10 10:07:00+05:30,406.25,406.25,406.05,406.25,14359,ITC
2025-03-10 10:08:00+05:30,406.2,406.25,406.05,406.15,6748,ITC
2025-03-10 10:09:00+05:30,406.15,406.45,406.05,406.3,16441,ITC
2025-03-10 10:10:00+05:30,406.3,406.5,406.25,406.5,9989,ITC
2025-03-10 10:11:00+05:30,406.55,406.7,406.3,406.7,17080,ITC
2025-03-10 10:12:00+05:30,406.5,406.7,406.5,406.7,6327,ITC
2025-03-10 10:13:00+05:30,406.7,406.7,406.35,406.55,19851,ITC
2025-03-10 10:14:00+05:30,406.55,406.7,406.5,406.65,6807,ITC
2025-03-10 10:15:00+05:30,406.65,406.65,406.3,406.4,9031,ITC
2025-03-10 10:16:00+05:30,406.35,406.35,406.15,406.25,25023,ITC
2025-03-10 10:17:00+05:30,406.25,406.25,405.9,406.05,17640,ITC
2025-03-10 10:18:00+05:30,406.0,406.7,406.0,406.7,31744,ITC
2025-03-10 10:19:00+05:30,406.7,406.7,406.2,406.3,16055,ITC
2025-03-10 10:20:00+05:30,406.4,406.7,406.3,406.65,19013,ITC
2025-03-10 10:21:00+05:30,406.55,406.7,406.35,406.35,9780,ITC
2025-03-10 10:22:00+05:30,406.35,406.4,406.3,406.4,5433,ITC
2025-03-10 10:23:00+05:30,406.35,406.45,406.3,406.35,20642,ITC
2025-03-10 10:24:00+05:30,406.35,406.4,406.05,406.3,20326,ITC
2025-03-10 10:25:00+05:30,406.3,406.35,406.05,406.05,17357,ITC
2025-03-10 10:26:00+05:30,406.15,406.15,406.05,406.1,8431,ITC
2025-03-10 10:27:00+05:30,406.1,406.1,405.85,406.0,12128,ITC
2025-03-10 10:28:00+05:30,405.85,406.0,405.7,405.9,23417,ITC
2025-03-10 10:29:00+05:30,405.9,405.9,405.75,405.9,7681,ITC
2025-03-10 10:30:00+05:30,405.9,405.9,405.85,405.9,5678,ITC
2025-03-10 10:31:00+05:30,405.9,406.1,405.65,405.8,34664,ITC
2025-03-10 10:32:00+05:30,405.75,406.1,405.55,406.05,26515,ITC
2025-03-10 10:33:00+05:30,406.05,406.1,405.75,405.75,15524,ITC
2025-03-10 10:34:00+05:30,405.8,405.95,405.8,405.95,3219,ITC
2025-03-10 10:35:00+05:30,405.95,405.95,405.75,405.85,20168,ITC
2025-03-10 10:36:00+05:30,405.85,405.95,405.75,405.95,8635,ITC
2025-03-10 10:37:00+05:30,405.95,405.95,405.75,405.9,19018,ITC
2025-03-10 10:38:00+05:30,405.9,405.9,405.85,405.9,4491,ITC
2025-03-10 10:39:00+05:30,405.9,406.15,405.85,406.05,16505,ITC
2025-03-10 10:40:00+05:30,406.05,406.2,406.0,406.15,11659,ITC
2025-03-10 10:41:00+05:30,406.15,406.15,406.1,406.15,9486,ITC
2025-03-10 10:42:00+05:30,406.15,406.2,406.05,406.2,14833,ITC
2025-03-10 10:43:00+05:30,406.15,406.45,406.15,406.35,25383,ITC
2025-03-10 10:44:00+05:30,406.3,406.7,406.3,406.7,33707,ITC
2025-03-10 10:45:00+05:30,406.7,406.75,406.6,406.7,21867,ITC
2025-03-10 10:46:00+05:30,406.7,406.7,406.6,406.65,13386,ITC
2025-03-10 10:47:00+05:30,406.65,406.85,406.6,406.6,38143,ITC
2025-03-10 10:48:00+05:30,406.65,406.65,406.6,406.65,240,ITC
2025-03-10 10:49:00+05:30,406.5,406.5,406.2,406.25,44652,ITC
2025-03-10 10:50:00+05:30,406.25,406.45,406.1,406.45,29918,ITC
2025-03-10 10:51:00+05:30,406.45,406.45,406.2,406.4,10523,ITC
2025-03-10 10:52:00+05:30,406.35,406.4,406.2,406.2,2726,ITC
2025-03-10 10:53:00+05:30,406.2,406.3,406.05,406.2,6927,ITC
2025-03-10 10:54:00+05:30,406.1,406.2,406.05,406.1,8837,ITC
2025-03-10 10:55:00+05:30,406.1,406.1,406.0,406.1,9587,ITC
2025-03-10 10:56:00+05:30,406.1,406.4,405.8,406.0,45550,ITC
2025-03-10 10:57:00+05:30,406.0,406.0,405.8,405.85,9407,ITC
2025-03-10 10:58:00+05:30,405.85,405.85,405.75,405.85,13846,ITC
2025-03-10 10:59:00+05:30,405.85,406.4,405.8,406.1,77985,ITC
2025-03-10 11:00:00+05:30,406.1,406.25,405.5,405.8,154209,ITC
2025-03-10 11:01:00+05:30,405.75,406.0,405.6,405.9,25934,ITC
2025-03-10 11:02:00+05:30,405.9,406.25,405.55,406.1,51553,ITC
2025-03-10 11:03:00+05:30,406.2,406.2,405.85,406.1,13499,ITC
2025-03-10 11:04:00+05:30,406.15,406.15,406.0,406.05,4654,ITC
2025-03-10 11:05:00+05:30,406.05,406.2,406.0,406.1,27666,ITC
2025-03-10 11:06:00+05:30,406.0,406.05,405.45,405.75,138165,ITC
2025-03-10 11:07:00+05:30,405.7,406.2,405.7,405.75,68819,ITC
2025-03-10 11:08:00+05:30,405.85,406.15,405.7,405.95,100711,ITC
2025-03-10 11:09:00+05:30,405.75,405.9,405.6,405.7,14681,ITC
2025-03-10 11:10:00+05:30,405.7,405.7,405.2,405.25,16905,ITC
2025-03-10 11:11:00+05:30,405.2,405.4,405.2,405.35,45055,ITC
2025-03-10 11:12:00+05:30,405.35,405.35,405.2,405.3,10324,ITC
2025-03-10 11:13:00+05:30,405.2,405.3,405.1,405.1,30661,ITC
2025-03-10 11:14:00+05:30,405.1,405.3,405.1,405.25,6570,ITC
2025-03-10 11:15:00+05:30,405.15,405.25,405.1,405.25,11421,ITC
2025-03-10 11:16:00+05:30,405.15,405.2,405.05,405.05,12402,ITC
2025-03-10 11:17:00+05:30,405.05,405.1,405.05,405.05,9647,ITC
2025-03-10 11:18:00+05:30,405.1,405.1,404.85,404.85,29596,ITC
2025-03-10 11:19:00+05:30,404.85,404.85,404.7,404.8,12365,ITC
2025-03-10 11:20:00+05:30,404.8,404.8,404.7,404.7,9473,ITC
2025-03-10 11:21:00+05:30,404.7,404.75,404.7,404.75,6004,ITC
2025-03-10 11:22:00+05:30,404.7,404.75,404.7,404.75,8815,ITC
2025-03-10 11:23:00+05:30,404.7,404.75,404.4,404.4,57310,ITC
2025-03-10 11:24:00+05:30,404.25,404.35,404.25,404.3,19283,ITC
2025-03-10 11:25:00+05:30,404.3,404.3,404.25,404.3,3546,ITC
2025-03-10 11:26:00+05:30,404.25,404.3,404.25,404.3,7999,ITC
2025-03-10 11:27:00+05:30,404.25,404.4,404.25,404.3,21927,ITC
2025-03-10 11:28:00+05:30,404.4,404.4,404.25,404.35,7645,ITC
2025-03-10 11:29:00+05:30,404.35,404.35,404.0,404.0,139990,ITC
2025-03-10 11:30:00+05:30,404.0,404.2,404.0,404.1,110466,ITC
2025-03-10 11:31:00+05:30,404.05,404.35,404.05,404.25,3941,ITC
2025-03-10 11:32:00+05:30,404.05,404.2,404.05,404.2,7060,ITC
2025-03-10 11:33:00+05:30,404.15,404.65,404.15,404.45,18360,ITC
2025-03-10 11:34:00+05:30,404.3,404.5,404.3,404.4,2144,ITC
2025-03-10 11:35:00+05:30,404.65,404.75,404.6,404.75,16793,ITC
2025-03-10 11:36:00+05:30,404.75,404.75,404.65,404.75,3391,ITC
2025-03-10 11:37:00+05:30,404.65,404.75,404.65,404.75,5384,ITC
2025-03-10 11:38:00+05:30,404.75,404.9,404.7,404.85,9385,ITC
2025-03-10 11:39:00+05:30,404.85,404.9,404.55,404.8,9342,ITC
2025-03-10 11:40:00+05:30,404.75,404.8,404.6,404.65,2284,ITC
2025-03-10 11:41:00+05:30,404.65,404.65,404.5,404.65,9556,ITC
2025-03-10 11:42:00+05:30,404.65,404.85,404.5,404.85,11967,ITC
2025-03-10 11:43:00+05:30,404.8,405.2,404.8,405.2,13178,ITC
2025-03-10 11:44:00+05:30,405.1,405.35,405.1,405.3,15431,ITC
2025-03-10 11:45:00+05:30,405.1,405.4,405.1,405.4,14104,ITC
2025-03-10 11:46:00+05:30,405.35,405.75,405.35,405.75,11239,ITC
2025-03-10 11:47:00+05:30,405.75,405.75,405.5,405.55,8217,ITC
2025-03-10 11:48:00+05:30,405.55,405.7,405.4,405.7,10831,ITC
2025-03-10 11:49:00+05:30,405.7,405.75,405.6,405.75,14338,ITC
2025-03-10 11:50:00+05:30,405.7,405.85,405.65,405.7,17906,ITC
2025-03-10 11:51:00+05:30,405.75,405.75,405.65,405.7,12050,ITC
2025-03-10 11:52:00+05:30,405.6,405.7,405.5,405.6,7894,ITC
2025-03-10 11:53:00+05:30,405.6,405.65,405.4,405.4,7121,ITC
2025-03-10 11:54:00+05:30,405.35,405.4,404.95,404.95,14427,ITC
2025-03-10 11:55:00+05:30,404.9,405.0,404.9,404.95,25489,ITC
2025-03-10 11:56:00+05:30,404.85,405.0,404.75,404.9,12973,ITC
2025-03-10 11:57:00+05:30,404.7,404.8,404.65,404.65,13140,ITC
2025-03-10 11:58:00+05:30,404.8,404.8,404.7,404.7,14998,ITC
2025-03-10 11:59:00+05:30,404.7,404.95,404.65,404.85,19219,ITC
2025-03-10 12:00:00+05:30,404.95,404.95,404.7,404.7,6555,ITC
2025-03-10 12:01:00+05:30,404.85,404.95,404.85,404.95,7617,ITC
2025-03-10 12:02:00+05:30,404.95,404.95,404.7,404.7,9324,ITC
2025-03-10 12:03:00+05:30,404.7,404.8,404.65,404.75,6471,ITC
2025-03-10 12:04:00+05:30,404.75,404.8,404.65,404.8,14229,ITC
2025-03-10 12:05:00+05:30,404.75,404.75,404.7,404.75,5940,ITC
2025-03-10 12:06:00+05:30,404.65,404.8,404.65,404.8,6929,ITC
2025-03-10 12:07:00+05:30,404.8,405.0,404.75,404.95,10890,ITC
2025-03-10 12:08:00+05:30,404.85,405.0,404.65,404.65,7964,ITC
2025-03-10 12:09:00+05:30,404.75,404.75,404.65,404.7,20502,ITC
2025-03-10 12:10:00+05:30,404.65,404.9,404.65,404.8,13657,ITC
2025-03-10 12:11:00+05:30,404.9,404.9,404.75,404.85,8244,ITC
2025-03-10 12:12:00+05:30,404.85,404.85,404.75,404.85,7069,ITC
2025-03-10 12:13:00+05:30,404.7,404.85,404.65,404.75,8298,ITC
2025-03-10 12:14:00+05:30,404.65,405.0,404.65,404.85,10910,ITC
2025-03-10 12:15:00+05:30,404.95,405.0,404.8,404.95,11340,ITC
2025-03-10 12:16:00+05:30,404.9,404.95,404.7,404.85,6479,ITC
2025-03-10 12:17:00+05:30,404.75,404.85,404.7,404.7,17617,ITC
2025-03-10 12:18:00+05:30,404.7,404.75,404.65,404.65,14528,ITC
2025-03-10 12:19:00+05:30,404.65,404.7,404.65,404.7,33919,ITC
2025-03-10 12:20:00+05:30,404.95,404.95,404.8,404.8,9829,ITC
2025-03-10 12:21:00+05:30,404.9,405.0,404.9,405.0,32259,ITC
2025-03-10 12:22:00+05:30,405.0,405.0,404.95,405.0,9158,ITC
2025-03-10 12:23:00+05:30,404.9,405.0,404.9,405.0,9999,ITC
2025-03-10 12:24:00+05:30,405.0,405.0,404.9,405.0,23863,ITC
2025-03-10 12:25:00+05:30,405.0,405.0,404.95,404.95,36764,ITC
2025-03-10 12:26:00+05:30,404.95,405.0,404.85,404.95,9383,ITC
2025-03-10 12:27:00+05:30,405.0,405.0,404.9,405.0,9972,ITC
2025-03-10 12:28:00+05:30,405.0,405.0,404.8,404.95,13062,ITC
2025-03-10 12:29:00+05:30,405.0,405.0,404.85,404.95,8149,ITC
2025-03-10 12:30:00+05:30,404.95,404.95,404.85,404.9,10926,ITC
2025-03-10 12:31:00+05:30,404.9,404.9,404.7,404.85,9202,ITC
2025-03-10 12:32:00+05:30,404.85,405.0,404.7,405.0,24181,ITC
2025-03-10 12:33:00+05:30,405.0,405.0,404.9,404.9,29818,ITC
2025-03-10 12:34:00+05:30,404.75,404.95,404.7,404.95,11205,ITC
2025-03-10 12:35:00+05:30,404.95,404.95,404.75,404.9,9677,ITC
2025-03-10 12:36:00+05:30,404.9,404.9,404.65,404.75,9832,ITC
2025-03-10 12:37:00+05:30,404.75,404.75,404.65,404.75,10875,ITC
2025-03-10 12:38:00+05:30,404.75,404.75,404.65,404.75,15591,ITC
2025-03-10 12:39:00+05:30,404.75,404.75,404.55,404.7,11906,ITC
2025-03-10 12:40:00+05:30,404.7,405.0,404.65,404.95,19685,ITC
2025-03-10 12:41:00+05:30,405.0,405.0,404.75,404.8,19340,ITC
2025-03-10 12:42:00+05:30,404.85,405.0,404.65,404.7,11433,ITC
2025-03-10 12:43:00+05:30,404.7,404.95,404.65,404.95,12435,ITC
2025-03-10 12:44:00+05:30,404.9,404.9,404.75,404.85,12266,ITC
2025-03-10 12:45:00+05:30,404.85,404.95,404.7,404.8,18723,ITC
2025-03-10 12:46:00+05:30,404.8,404.9,404.7,404.9,12756,ITC
2025-03-10 12:47:00+05:30,404.75,404.85,404.65,404.75,17128,ITC
2025-03-10 12:48:00+05:30,404.75,404.95,404.65,404.7,14902,ITC
2025-03-10 12:49:00+05:30,404.7,404.85,404.65,404.85,12856,ITC
2025-03-10 12:50:00+05:30,404.8,404.85,404.65,404.7,9353,ITC
2025-03-10 12:51:00+05:30,404.7,404.7,404.65,404.7,12265,ITC
2025-03-10 12:52:00+05:30,404.8,404.9,404.65,404.65,8967,ITC
2025-03-10 12:53:00+05:30,404.65,404.8,404.65,404.75,20774,ITC
2025-03-10 12:54:00+05:30,404.7,404.75,404.7,404.75,9259,ITC
2025-03-10 12:55:00+05:30,404.9,404.95,404.65,404.95,10080,ITC
2025-03-10 12:56:00+05:30,404.9,404.9,404.75,404.85,10410,ITC
2025-03-10 12:57:00+05:30,404.95,404.95,404.7,404.8,10177,ITC
2025-03-10 12:58:00+05:30,404.85,404.85,404.65,404.75,8972,ITC
2025-03-10 12:59:00+05:30,404.75,404.8,404.65,404.65,9964,ITC
2025-03-10 13:00:00+05:30,404.7,404.7,404.65,404.65,17976,ITC
2025-03-10 13:01:00+05:30,404.7,404.7,404.65,404.65,12275,ITC
2025-03-10 13:02:00+05:30,404.65,404.7,404.65,404.7,17219,ITC
2025-03-10 13:03:00+05:30,404.7,404.7,404.65,404.7,12851,ITC
2025-03-10 13:04:00+05:30,404.75,404.75,404.65,404.7,13469,ITC
2025-03-10 13:05:00+05:30,404.85,404.85,404.7,404.7,8000,ITC
2025-03-10 13:06:00+05:30,404.75,404.9,404.7,404.8,13088,ITC
2025-03-10 13:07:00+05:30,404.8,404.95,404.8,404.95,24008,ITC
2025-03-10 13:08:00+05:30,404.95,405.0,404.75,404.8,17808,ITC
2025-03-10 13:09:00+05:30,404.75,404.85,404.75,404.8,11798,ITC
2025-03-10 13:10:00+05:30,404.8,404.8,404.7,404.8,12236,ITC
2025-03-10 13:11:00+05:30,404.8,404.8,404.7,404.8,11689,ITC
2025-03-10 13:12:00+05:30,404.65,404.7,404.55,404.7,32106,ITC
2025-03-10 13:13:00+05:30,404.65,404.65,404.25,404.4,16918,ITC
2025-03-10 13:14:00+05:30,404.5,404.65,404.5,404.55,15191,ITC
2025-03-10 13:15:00+05:30,404.55,404.55,404.2,404.2,18383,ITC
2025-03-10 13:16:00+05:30,404.35,404.35,404.1,404.1,17339,ITC
2025-03-10 13:17:00+05:30,404.1,404.3,404.1,404.25,13450,ITC
2025-03-10 13:18:00+05:30,404.15,404.25,404.1,404.2,11419,ITC
2025-03-10 13:19:00+05:30,404.1,404.2,404.1,404.15,10739,ITC
2025-03-10 13:20:00+05:30,404.15,404.4,404.1,404.35,15754,ITC
2025-03-10 13:21:00+05:30,404.35,404.55,404.2,404.55,11466,ITC
2025-03-10 13:22:00+05:30,404.65,404.65,404.4,404.4,12415,ITC
2025-03-10 13:23:00+05:30,404.25,404.5,404.25,404.4,29978,ITC
2025-03-10 13:24:00+05:30,404.4,404.45,404.35,404.4,11093,ITC
2025-03-10 13:25:00+05:30,404.45,404.45,404.1,404.2,34533,ITC
2025-03-10 13:26:00+05:30,404.15,404.45,404.15,404.45,12620,ITC
2025-03-10 13:27:00+05:30,404.45,404.6,404.25,404.55,14581,ITC
2025-03-10 13:28:00+05:30,404.7,404.7,404.45,404.6,8536,ITC
2025-03-10 13:29:00+05:30,404.6,404.6,404.5,404.6,9722,ITC
2025-03-10 13:30:00+05:30,404.6,404.8,404.5,404.75,11866,ITC
2025-03-10 13:31:00+05:30,404.55,404.85,404.55,404.85,12363,ITC
2025-03-10 13:32:00+05:30,404.75,404.8,404.6,404.6,9581,ITC
2025-03-10 13:33:00+05:30,404.55,404.6,404.35,404.55,14082,ITC
2025-03-10 13:34:00+05:30,404.6,404.8,404.4,404.75,53225,ITC
2025-03-10 13:35:00+05:30,404.6,404.8,404.6,404.65,16831,ITC
2025-03-10 13:36:00+05:30,404.65,404.7,404.5,404.6,21545,ITC
2025-03-10 13:37:00+05:30,404.65,404.65,404.55,404.65,9084,ITC
2025-03-10 13:38:00+05:30,404.55,404.65,404.55,404.65,11941,ITC
2025-03-10 13:39:00+05:30,404.6,404.7,404.45,404.7,31812,ITC
2025-03-10 13:40:00+05:30,404.7,404.7,404.5,404.6,9924,ITC
2025-03-10 13:41:00+05:30,404.6,404.65,404.45,404.55,9602,ITC
2025-03-10 13:42:00+05:30,404.55,404.8,404.55,404.8,16296,ITC
2025-03-10 13:43:00+05:30,404.7,404.85,404.7,404.7,12287,ITC
2025-03-10 13:44:00+05:30,404.65,404.65,404.55,404.6,9837,ITC
2025-03-10 13:45:00+05:30,404.55,404.65,404.55,404.65,22271,ITC
2025-03-10 13:46:00+05:30,404.55,404.75,404.5,404.55,28211,ITC
2025-03-10 13:47:00+05:30,404.65,404.65,404.45,404.55,8239,ITC
2025-03-10 13:48:00+05:30,404.35,404.55,404.25,404.35,13657,ITC
2025-03-10 13:49:00+05:30,404.3,404.4,404.3,404.4,15383,ITC
2025-03-10 13:50:00+05:30,404.4,404.5,404.35,404.35,12066,ITC
2025-03-10 13:51:00+05:30,404.35,404.35,404.1,404.25,22406,ITC
2025-03-10 13:52:00+05:30,404.25,404.35,404.2,404.3,20309,ITC
2025-03-10 13:53:00+05:30,404.4,404.4,404.25,404.4,13874,ITC
2025-03-10 13:54:00+05:30,404.3,404.5,404.3,404.4,9276,ITC
2025-03-10 13:55:00+05:30,404.35,404.4,404.35,404.4,11565,ITC
2025-03-10 13:56:00+05:30,404.4,404.6,404.35,404.6,14798,ITC
2025-03-10 13:57:00+05:30,404.5,404.55,404.35,404.4,15676,ITC
2025-03-10 13:58:00+05:30,404.4,404.6,404.35,404.55,16325,ITC
2025-03-10 13:59:00+05:30,404.55,404.75,404.5,404.55,23407,ITC
2025-03-10 14:00:00+05:30,404.6,404.6,404.45,404.55,14048,ITC
2025-03-10 14:01:00+05:30,404.5,404.65,404.5,404.6,13134,ITC
2025-03-10 14:02:00+05:30,404.6,404.6,404.5,404.55,6006,ITC
2025-03-10 14:03:00+05:30,404.55,404.75,404.35,404.5,21108,ITC
2025-03-10 14:04:00+05:30,404.35,404.55,404.35,404.45,10347,ITC
2025-03-10 14:05:00+05:30,404.45,404.75,404.45,404.6,13115,ITC
2025-03-10 14:06:00+05:30,404.6,404.75,404.55,404.75,15016,ITC
2025-03-10 14:07:00+05:30,404.55,404.7,404.45,404.65,32657,ITC
2025-03-10 14:08:00+05:30,404.7,404.7,404.5,404.6,18622,ITC
2025-03-10 14:09:00+05:30,404.55,404.75,404.35,404.65,18449,ITC
2025-03-10 14:10:00+05:30,404.6,404.7,404.5,404.5,15126,ITC
2025-03-10 14:11:00+05:30,404.5,404.6,404.4,404.5,5633,ITC
2025-03-10 14:12:00+05:30,404.55,404.55,404.35,404.5,6567,ITC
2025-03-10 14:13:00+05:30,404.5,404.75,404.45,404.55,17389,ITC
2025-03-10 14:14:00+05:30,404.55,404.55,404.4,404.55,9837,ITC
2025-03-10 14:15:00+05:30,404.55,404.55,404.35,404.35,5750,ITC
2025-03-10 14:16:00+05:30,404.4,404.4,404.35,404.4,8245,ITC
2025-03-10 14:17:00+05:30,404.35,404.4,404.3,404.35,8444,ITC
2025-03-10 14:18:00+05:30,404.35,404.4,404.35,404.4,16227,ITC
2025-03-10 14:19:00+05:30,404.35,404.4,404.35,404.35,21986,ITC
2025-03-10 14:20:00+05:30,404.4,404.6,404.35,404.6,34373,ITC
2025-03-10 14:21:00+05:30,404.65,404.7,404.5,404.55,12147,ITC
2025-03-10 14:22:00+05:30,404.55,404.7,404.5,404.5,14738,ITC
2025-03-10 14:23:00+05:30,404.6,404.7,404.4,404.6,27686,ITC
2025-03-10 14:24:00+05:30,404.5,404.7,404.35,404.7,46967,ITC
2025-03-10 14:25:00+05:30,404.65,404.7,404.4,404.4,26994,ITC
2025-03-10 14:26:00+05:30,404.45,404.5,404.35,404.4,48709,ITC
2025-03-10 14:27:00+05:30,404.4,404.7,404.35,404.7,25298,ITC
2025-03-10 14:28:00+05:30,404.7,404.8,404.6,404.8,29901,ITC
2025-03-10 14:29:00+05:30,404.8,404.95,404.75,404.8,43435,ITC
2025-03-10 14:30:00+05:30,404.75,404.8,404.55,404.65,14780,ITC
2025-03-10 14:31:00+05:30,404.5,404.75,404.45,404.75,16960,ITC
2025-03-10 14:32:00+05:30,404.75,404.75,404.45,404.45,8851,ITC
2025-03-10 14:33:00+05:30,404.5,404.65,404.35,404.65,26239,ITC
2025-03-10 14:34:00+05:30,404.4,404.4,404.35,404.4,68552,ITC
2025-03-10 14:35:00+05:30,404.35,404.85,404.35,404.65,60575,ITC
2025-03-10 14:36:00+05:30,404.5,404.75,404.4,404.7,20621,ITC
2025-03-10 14:37:00+05:30,404.7,404.75,404.4,404.4,83150,ITC
2025-03-10 14:38:00+05:30,404.35,404.55,404.35,404.45,751587,ITC
2025-03-10 14:39:00+05:30,404.35,404.5,404.25,404.35,58535,ITC
2025-03-10 14:40:00+05:30,404.4,404.5,404.4,404.4,33969,ITC
2025-03-10 14:41:00+05:30,404.4,404.45,404.35,404.35,21868,ITC
2025-03-10 14:42:00+05:30,404.4,404.8,404.35,404.65,67446,ITC
2025-03-10 14:43:00+05:30,404.6,404.7,404.45,404.45,26946,ITC
2025-03-10 14:44:00+05:30,404.25,404.4,404.1,404.15,27168,ITC
2025-03-10 14:45:00+05:30,404.15,404.35,404.05,404.35,31683,ITC
2025-03-10 14:46:00+05:30,404.2,404.35,404.05,404.2,27257,ITC
2025-03-10 14:47:00+05:30,404.15,404.3,404.05,404.25,29170,ITC
2025-03-10 14:48:00+05:30,404.4,404.4,404.05,404.05,26764,ITC
2025-03-10 14:49:00+05:30,404.15,404.2,404.05,404.15,21401,ITC
2025-03-10 14:50:00+05:30,404.15,404.15,404.05,404.15,39900,ITC
2025-03-10 14:51:00+05:30,404.05,404.15,404.05,404.1,29027,ITC
2025-03-10 14:52:00+05:30,404.05,404.1,404.05,404.1,40577,ITC
2025-03-10 14:53:00+05:30,404.1,404.4,404.05,404.4,48463,ITC
2025-03-10 14:54:00+05:30,404.3,404.35,404.1,404.1,13174,ITC
2025-03-10 14:55:00+05:30,404.1,404.15,404.1,404.1,19961,ITC
2025-03-10 14:56:00+05:30,404.1,404.1,404.0,404.1,34323,ITC
2025-03-10 14:57:00+05:30,404.1,404.45,404.1,404.35,57625,ITC
2025-03-10 14:58:00+05:30,404.3,404.35,404.0,404.35,35387,ITC
2025-03-10 14:59:00+05:30,404.35,404.4,404.35,404.4,17342,ITC
2025-03-10 15:00:00+05:30,404.35,404.55,404.35,404.55,58038,ITC
2025-03-10 15:01:00+05:30,404.55,404.65,404.4,404.65,29496,ITC
2025-03-10 15:02:00+05:30,404.6,404.8,404.55,404.6,72107,ITC
2025-03-10 15:03:00+05:30,404.75,404.75,404.6,404.75,23825,ITC
2025-03-10 15:04:00+05:30,404.75,404.9,404.65,404.85,49500,ITC
2025-03-10 15:05:00+05:30,404.8,405.05,404.8,405.05,97644,ITC
2025-03-10 15:06:00+05:30,405.15,405.15,404.95,405.0,37956,ITC
2025-03-10 15:07:00+05:30,405.05,405.1,404.95,404.95,23768,ITC
2025-03-10 15:08:00+05:30,404.95,405.3,404.95,405.3,48072,ITC
2025-03-10 15:09:00+05:30,405.45,405.45,405.4,405.4,55909,ITC
2025-03-10 15:10:00+05:30,405.4,405.45,405.25,405.4,66211,ITC
2025-03-10 15:11:00+05:30,405.4,405.5,405.3,405.45,29891,ITC
2025-03-10 15:12:00+05:30,405.4,405.5,405.4,405.4,48138,ITC
2025-03-10 15:13:00+05:30,405.35,405.4,405.35,405.4,60130,ITC
2025-03-10 15:14:00+05:30,405.3,405.4,405.3,405.35,73366,ITC
2025-03-10 15:15:00+05:30,405.35,405.35,405.25,405.35,31435,ITC
2025-03-10 15:16:00+05:30,405.25,405.25,405.0,405.0,58605,ITC
2025-03-10 15:17:00+05:30,405.05,405.05,404.85,404.85,44082,ITC
2025-03-10 15:18:00+05:30,404.9,404.95,404.7,404.75,54749,ITC
2025-03-10 15:19:00+05:30,404.8,404.95,404.75,404.95,50417,ITC
2025-03-10 15:20:00+05:30,404.75,404.9,404.75,404.85,53882,ITC
2025-03-10 15:21:00+05:30,404.75,405.1,404.75,405.1,67172,ITC
2025-03-10 15:22:00+05:30,405.1,405.1,405.0,405.0,46845,ITC
2025-03-10 15:23:00+05:30,404.95,404.95,404.8,404.8,33677,ITC
2025-03-10 15:24:00+05:30,404.85,404.9,404.75,404.9,42294,ITC
2025-03-10 15:25:00+05:30,404.9,405.1,404.9,404.95,40742,ITC
2025-03-10 15:26:00+05:30,405.05,405.05,404.8,405.0,56869,ITC
2025-03-10 15:27:00+05:30,405.0,405.25,405.0,405.0,74031,ITC
2025-03-10 15:28:00+05:30,405.1,405.2,404.55,404.75,41537,ITC
2025-03-10 15:29:00+05:30,404.9,405.0,404.7,404.8,32922,ITC
2025-03-11 09:15:00+05:30,401.5,405.0,401.2,404.55,218347,ITC
2025-03-11 09:16:00+05:30,404.6,405.7,404.1,405.2,205098,ITC
2025-03-11 09:17:00+05:30,405.2,406.0,405.15,405.45,132583,ITC
2025-03-11 09:18:00+05:30,405.6,405.9,405.25,405.4,115763,ITC
2025-03-11 09:19:00+05:30,405.4,406.85,405.35,406.5,105136,ITC
2025-03-11 09:20:00+05:30,406.4,407.15,406.0,407.1,145983,ITC
2025-03-11 09:21:00+05:30,407.1,407.2,405.85,406.5,91139,ITC
2025-03-11 09:22:00+05:30,406.35,407.1,406.3,407.0,64487,ITC
2025-03-11 09:23:00+05:30,407.0,407.05,406.6,406.75,53692,ITC
2025-03-11 09:24:00+05:30,406.6,406.75,405.7,406.25,46112,ITC
2025-03-11 09:25:00+05:30,406.25,406.25,405.5,405.75,42958,ITC
2025-03-11 09:26:00+05:30,405.9,406.3,405.75,406.1,39812,ITC
2025-03-11 09:27:00+05:30,406.25,406.5,405.7,405.9,51123,ITC
2025-03-11 09:28:00+05:30,405.7,405.8,404.75,404.8,76348,ITC
2025-03-11 09:29:00+05:30,404.95,405.3,404.8,405.05,56811,ITC
2025-03-11 09:30:00+05:30,405.05,405.2,404.4,404.95,85138,ITC
2025-03-11 09:31:00+05:30,404.75,405.8,404.7,405.8,51655,ITC
2025-03-11 09:32:00+05:30,405.8,406.4,405.5,406.05,53487,ITC
2025-03-11 09:33:00+05:30,405.85,406.2,405.5,405.6,33270,ITC
2025-03-11 09:34:00+05:30,405.6,405.8,405.3,405.6,23737,ITC
2025-03-11 09:35:00+05:30,405.65,405.95,405.6,405.9,22375,ITC
2025-03-11 09:36:00+05:30,405.75,405.95,405.7,405.7,17388,ITC
2025-03-11 09:37:00+05:30,405.9,405.95,405.4,405.5,22708,ITC
2025-03-11 09:38:00+05:30,405.5,405.75,405.3,405.6,20295,ITC
2025-03-11 09:39:00+05:30,405.6,405.7,405.5,405.7,11024,ITC
2025-03-11 09:40:00+05:30,405.65,406.0,405.65,405.95,25294,ITC
2025-03-11 09:41:00+05:30,405.95,406.15,405.65,405.85,74573,ITC
2025-03-11 09:42:00+05:30,405.85,406.35,405.55,406.1,57972,ITC
2025-03-11 09:43:00+05:30,406.15,406.4,406.0,406.2,54700,ITC
2025-03-11 09:44:00+05:30,406.25,406.35,406.05,406.05,29052,ITC
2025-03-11 09:45:00+05:30,406.2,406.95,406.15,406.85,37150,ITC
2025-03-11 09:46:00+05:30,406.75,407.1,406.35,407.0,64624,ITC
2025-03-11 09:47:00+05:30,406.95,407.05,406.85,406.85,25975,ITC
2025-03-11 09:48:00+05:30,406.9,407.2,406.85,407.15,22961,ITC
2025-03-11 09:49:00+05:30,407.1,407.5,406.7,406.7,66628,ITC
2025-03-11 09:50:00+05:30,406.85,406.95,406.3,406.75,27600,ITC
2025-03-11 09:51:00+05:30,406.6,407.05,406.55,406.9,23511,ITC
2025-03-11 09:52:00+05:30,406.9,407.25,406.65,406.7,40903,ITC
2025-03-11 09:53:00+05:30,406.85,407.1,406.7,407.0,26198,ITC
2025-03-11 09:54:00+05:30,406.9,407.25,406.9,407.2,36303,ITC
2025-03-11 09:55:00+05:30,407.2,407.2,406.55,407.05,67049,ITC
2025-03-11 09:56:00+05:30,407.05,407.1,406.75,407.0,31081,ITC
2025-03-11 09:57:00+05:30,407.05,407.3,407.0,407.2,18942,ITC
2025-03-11 09:58:00+05:30,407.15,407.2,406.8,406.95,26709,ITC
2025-03-11 09:59:00+05:30,407.0,407.75,406.95,407.75,40886,ITC
2025-03-11 10:00:00+05:30,407.75,407.9,407.05,407.15,49025,ITC
2025-03-11 10:01:00+05:30,407.05,407.2,406.8,407.05,32990,ITC
2025-03-11 10:02:00+05:30,407.05,407.5,407.0,407.25,27145,ITC
2025-03-11 10:03:00+05:30,407.25,407.4,407.0,407.3,21608,ITC
2025-03-11 10:04:00+05:30,407.1,407.3,407.05,407.1,29697,ITC
2025-03-11 10:05:00+05:30,407.1,407.4,406.85,407.05,39801,ITC
2025-03-11 10:06:00+05:30,407.0,407.2,406.85,407.2,30826,ITC
2025-03-11 10:07:00+05:30,407.2,407.4,407.05,407.25,37491,ITC
2025-03-11 10:08:00+05:30,407.25,407.7,407.15,407.5,38953,ITC
2025-03-11 10:09:00+05:30,407.6,407.9,407.5,407.7,21814,ITC
2025-03-11 10:10:00+05:30,407.65,407.7,407.3,407.3,25209,ITC
2025-03-11 10:11:00+05:30,407.4,407.4,407.0,407.2,12340,ITC
2025-03-11 10:12:00+05:30,407.2,407.2,406.8,406.9,39119,ITC
2025-03-11 10:13:00+05:30,406.95,407.2,406.75,407.05,38296,ITC
2025-03-11 10:14:00+05:30,407.15,407.5,407.15,407.35,44237,ITC
2025-03-11 10:15:00+05:30,407.35,407.35,406.75,407.05,31055,ITC
2025-03-11 10:16:00+05:30,407.15,407.3,406.85,406.9,20855,ITC
2025-03-11 10:17:00+05:30,406.85,407.2,406.7,407.0,11620,ITC
2025-03-11 10:18:00+05:30,407.1,407.2,406.8,406.8,15058,ITC
2025-03-11 10:19:00+05:30,406.9,407.1,406.8,406.9,11667,ITC
2025-03-11 10:20:00+05:30,406.95,406.95,406.35,406.55,23917,ITC
2025-03-11 10:21:00+05:30,406.55,406.7,406.2,406.2,14501,ITC
2025-03-11 10:22:00+05:30,406.35,406.6,406.15,406.6,13185,ITC
2025-03-11 10:23:00+05:30,406.6,406.65,406.35,406.65,9879,ITC
2025-03-11 10:24:00+05:30,406.65,406.7,406.5,406.7,9386,ITC
2025-03-11 10:25:00+05:30,406.7,406.85,406.65,406.85,12341,ITC
2025-03-11 10:26:00+05:30,406.8,406.95,406.75,406.75,10344,ITC
2025-03-11 10:27:00+05:30,406.75,406.8,406.4,406.6,11095,ITC
2025-03-11 10:28:00+05:30,406.6,406.7,406.5,406.65,6512,ITC
2025-03-11 10:29:00+05:30,406.6,406.85,406.6,406.85,6686,ITC
2025-03-11 10:30:00+05:30,406.85,406.85,406.6,406.6,15090,ITC
2025-03-11 10:31:00+05:30,406.6,406.6,406.35,406.4,19492,ITC
2025-03-11 10:32:00+05:30,406.4,406.4,406.05,406.2,37137,ITC
2025-03-11 10:33:00+05:30,406.2,406.6,406.1,406.5,24112,ITC
2025-03-11 10:34:00+05:30,406.5,406.8,406.45,406.7,8062,ITC
2025-03-11 10:35:00+05:30,406.75,406.85,406.55,406.65,11067,ITC
2025-03-11 10:36:00+05:30,406.65,406.65,406.6,406.6,7663,ITC
2025-03-11 10:37:00+05:30,406.65,406.75,406.35,406.6,11077,ITC
2025-03-11 10:38:00+05:30,406.5,406.65,406.5,406.6,4246,ITC
2025-03-11 10:39:00+05:30,406.6,406.7,406.5,406.7,9748,ITC
2025-03-11 10:40:00+05:30,406.7,406.85,406.65,406.7,4874,ITC
2025-03-11 10:41:00+05:30,406.7,406.85,406.7,406.8,2687,ITC
2025-03-11 10:42:00+05:30,406.8,406.8,406.8,406.8,0,ITC
2025-03-11 10:43:00+05:30,406.9,406.95,406.85,406.85,9825,ITC
2025-03-11 10:44:00+05:30,406.95,406.95,406.7,406.9,12463,ITC
2025-03-11 10:45:00+05:30,406.9,406.9,406.35,406.6,16468,ITC
2025-03-11 10:46:00+05:30,406.6,406.6,406.3,406.55,20547,ITC
2025-03-11 10:47:00+05:30,406.55,406.7,406.3,406.65,22858,ITC
2025-03-11 10:48:00+05:30,406.65,406.8,406.5,406.65,9367,ITC
2025-03-11 10:49:00+05:30,406.65,406.7,406.45,406.7,6706,ITC
2025-03-11 10:50:00+05:30,406.7,406.75,406.35,406.7,53281,ITC
2025-03-11 10:51:00+05:30,406.7,406.7,406.55,406.7,6063,ITC
2025-03-11 10:52:00+05:30,406.7,407.6,406.65,407.45,74188,ITC
2025-03-11 10:53:00+05:30,407.45,407.5,407.3,407.35,36884,ITC
2025-03-11 10:54:00+05:30,407.35,407.5,407.2,407.3,25270,ITC
2025-03-11 10:55:00+05:30,407.3,407.6,407.2,407.5,27300,ITC
2025-03-11 10:56:00+05:30,407.6,407.8,407.5,407.65,17063,ITC
2025-03-11 10:57:00+05:30,407.75,407.85,407.6,407.8,15351,ITC
2025-03-11 10:58:00+05:30,407.8,407.85,407.55,407.65,9375,ITC
2025-03-11 10:59:00+05:30,407.7,407.8,407.3,407.4,50698,ITC
2025-03-11 11:00:00+05:30,407.4,407.5,407.2,407.45,31755,ITC
2025-03-11 11:01:00+05:30,407.45,407.65,407.3,407.65,15251,ITC
2025-03-11 11:02:00+05:30,407.6,407.9,407.4,407.8,67663,ITC
2025-03-11 11:03:00+05:30,407.8,408.35,407.65,407.85,126623,ITC
2025-03-11 11:04:00+05:30,407.8,407.9,407.6,407.65,25783,ITC
2025-03-11 11:05:00+05:30,407.8,408.0,407.5,407.65,23692,ITC
2025-03-11 11:06:00+05:30,407.65,407.9,407.35,407.8,24450,ITC
2025-03-11 11:07:00+05:30,407.8,408.4,407.8,408.05,83479,ITC
2025-03-11 11:08:00+05:30,408.05,408.1,407.65,407.85,199816,ITC
2025-03-11 11:09:00+05:30,407.85,407.85,407.55,407.7,22032,ITC
2025-03-11 11:10:00+05:30,407.7,407.95,407.65,407.85,20596,ITC
2025-03-11 11:11:00+05:30,407.85,407.85,407.7,407.8,15172,ITC
2025-03-11 11:12:00+05:30,407.8,407.8,407.6,407.6,14107,ITC
2025-03-11 11:13:00+05:30,407.65,407.65,407.4,407.45,15742,ITC
2025-03-11 11:14:00+05:30,407.45,407.5,407.4,407.4,8151,ITC
2025-03-11 11:15:00+05:30,407.45,407.5,407.4,407.45,16103,ITC
2025-03-11 11:16:00+05:30,407.45,407.45,407.15,407.3,16181,ITC
2025-03-11 11:17:00+05:30,407.3,407.35,407.0,407.15,45594,ITC
2025-03-11 11:18:00+05:30,407.35,407.55,407.05,407.45,33769,ITC
2025-03-11 11:19:00+05:30,407.45,407.65,407.15,407.6,21027,ITC
2025-03-11 11:20:00+05:30,407.4,407.6,407.2,407.35,12278,ITC
2025-03-11 11:21:00+05:30,407.35,407.35,407.15,407.15,11239,ITC
2025-03-11 11:22:00+05:30,407.25,407.25,407.0,407.2,16371,ITC
2025-03-11 11:23:00+05:30,407.2,407.45,407.15,407.4,10851,ITC
2025-03-11 11:24:00+05:30,407.4,407.4,407.4,407.4,0,ITC
2025-03-11 11:25:00+05:30,407.2,407.7,407.15,407.7,21168,ITC
2025-03-11 11:26:00+05:30,407.7,407.85,407.55,407.8,33111,ITC
2025-03-11 11:27:00+05:30,407.6,407.8,407.6,407.8,28525,ITC
2025-03-11 11:28:00+05:30,407.8,407.8,407.65,407.65,23320,ITC
2025-03-11 11:29:00+05:30,407.75,407.75,407.5,407.6,19563,ITC
2025-03-11 11:30:00+05:30,407.55,407.6,407.45,407.6,24840,ITC
2025-03-11 11:31:00+05:30,407.6,407.65,407.45,407.65,20233,ITC
2025-03-11 11:32:00+05:30,407.45,407.75,407.45,407.75,29545,ITC
2025-03-11 11:33:00+05:30,407.7,407.8,407.55,407.55,40117,ITC
2025-03-11 11:34:00+05:30,407.55,407.6,407.5,407.55,25661,ITC
2025-03-11 11:35:00+05:30,407.55,407.8,407.55,407.8,20363,ITC
2025-03-11 11:36:00+05:30,407.85,407.9,407.75,407.9,18147,ITC
2025-03-11 11:37:00+05:30,407.85,407.85,407.55,407.7,23445,ITC
2025-03-11 11:38:00+05:30,407.7,407.7,407.6,407.6,19042,ITC
2025-03-11 11:39:00+05:30,407.6,407.8,407.6,407.8,14401,ITC
2025-03-11 11:40:00+05:30,407.85,407.85,407.7,407.7,14994,ITC
2025-03-11 11:41:00+05:30,407.7,407.7,407.55,407.55,12486,ITC
2025-03-11 11:42:00+05:30,407.65,407.7,407.5,407.5,25307,ITC
2025-03-11 11:43:00+05:30,407.55,407.65,407.5,407.5,20296,ITC
2025-03-11 11:44:00+05:30,407.5,407.7,407.5,407.65,15639,ITC
2025-03-11 11:45:00+05:30,407.7,407.7,407.6,407.65,12755,ITC
2025-03-11 11:46:00+05:30,407.65,407.7,407.6,407.7,11951,ITC
2025-03-11 11:47:00+05:30,407.7,407.7,407.55,407.6,11598,ITC
2025-03-11 11:48:00+05:30,407.6,407.65,407.6,407.65,11821,ITC
2025-03-11 11:49:00+05:30,407.7,407.7,407.6,407.6,13324,ITC
2025-03-11 11:50:00+05:30,407.6,407.6,407.45,407.5,12516,ITC
2025-03-11 11:51:00+05:30,407.4,407.5,407.15,407.25,18664,ITC
2025-03-11 11:52:00+05:30,407.35,407.35,407.15,407.35,11704,ITC
2025-03-11 11:53:00+05:30,407.25,407.4,407.15,407.3,19846,ITC
2025-03-11 11:54:00+05:30,407.2,407.3,407.05,407.2,11416,ITC
2025-03-11 11:55:00+05:30,407.05,407.25,407.05,407.25,15600,ITC
2025-03-11 11:56:00+05:30,407.2,407.25,407.05,407.1,25562,ITC
2025-03-11 11:57:00+05:30,407.1,407.25,407.1,407.15,16194,ITC
2025-03-11 11:58:00+05:30,407.15,407.25,407.1,407.1,10669,ITC
2025-03-11 11:59:00+05:30,407.1,407.25,407.1,407.25,9711,ITC
2025-03-11 12:00:00+05:30,407.25,407.25,407.05,407.15,17997,ITC
2025-03-11 12:01:00+05:30,407.15,407.2,407.0,407.0,37636,ITC
2025-03-11 12:02:00+05:30,406.65,407.0,406.65,406.9,32088,ITC
2025-03-11 12:03:00+05:30,406.9,406.9,406.7,406.85,12849,ITC
2025-03-11 12:04:00+05:30,406.8,407.0,406.7,406.95,13810,ITC
2025-03-11 12:05:00+05:30,407.0,407.15,406.85,406.9,12071,ITC
2025-03-11 12:06:00+05:30,406.9,406.95,406.85,406.95,10820,ITC
2025-03-11 12:07:00+05:30,406.9,407.0,406.85,406.95,16473,ITC
2025-03-11 12:08:00+05:30,406.85,406.95,406.7,406.9,14635,ITC
2025-03-11 12:09:00+05:30,406.8,406.9,406.7,406.9,18199,ITC
2025-03-11 12:10:00+05:30,406.9,406.9,406.75,406.8,15432,ITC
2025-03-11 12:11:00+05:30,406.7,406.85,406.65,406.7,16966,ITC
2025-03-11 12:12:00+05:30,406.8,406.9,406.8,406.85,10366,ITC
2025-03-11 12:13:00+05:30,406.85,406.9,406.8,406.8,13172,ITC
2025-03-11 12:14:00+05:30,406.9,406.9,406.8,406.8,21320,ITC
2025-03-11 12:15:00+05:30,406.8,406.9,406.7,406.8,11496,ITC
2025-03-11 12:16:00+05:30,406.85,406.9,406.75,406.9,12016,ITC
2025-03-11 12:17:00+05:30,406.85,406.95,406.85,406.85,15875,ITC
2025-03-11 12:18:00+05:30,406.85,406.95,406.85,406.85,14703,ITC
2025-03-11 12:19:00+05:30,406.85,406.9,406.8,406.9,13835,ITC
2025-03-11 12:20:00+05:30,406.85,406.9,406.75,406.9,12977,ITC
2025-03-11 12:21:00+05:30,406.7,407.0,406.7,407.0,25610,ITC
2025-03-11 12:22:00+05:30,407.0,407.25,407.0,407.25,21461,ITC
2025-03-11 12:23:00+05:30,407.25,407.25,407.15,407.2,14067,ITC
2025-03-11 12:24:00+05:30,407.2,407.25,407.1,407.2,11039,ITC
2025-03-11 12:25:00+05:30,407.2,407.25,407.1,407.25,15650,ITC
2025-03-11 12:26:00+05:30,407.25,407.35,407.0,407.0,16744,ITC
2025-03-11 12:27:00+05:30,407.0,407.15,406.7,406.7,17232,ITC
2025-03-11 12:28:00+05:30,406.85,407.1,406.75,406.95,16013,ITC
2025-03-11 12:29:00+05:30,406.8,406.95,406.8,406.9,9799,ITC
2025-03-11 12:30:00+05:30,406.9,406.9,406.85,406.9,7999,ITC
2025-03-11 12:31:00+05:30,407.0,407.0,406.75,406.85,29881,ITC
2025-03-11 12:32:00+05:30,406.85,406.85,406.7,406.7,10757,ITC
2025-03-11 12:33:00+05:30,406.8,406.95,406.7,406.95,10673,ITC
2025-03-11 12:34:00+05:30,406.9,407.0,406.9,407.0,7699,ITC
2025-03-11 12:35:00+05:30,407.0,407.0,406.75,406.9,35439,ITC
2025-03-11 12:36:00+05:30,406.9,407.05,406.8,406.95,13644,ITC
2025-03-11 12:37:00+05:30,407.05,407.1,407.0,407.0,8408,ITC
2025-03-11 12:38:00+05:30,407.1,407.15,407.0,407.15,10918,ITC
2025-03-11 12:39:00+05:30,407.2,407.4,407.15,407.4,12244,ITC
2025-03-11 12:40:00+05:30,407.4,407.5,407.3,407.3,15808,ITC
2025-03-11 12:41:00+05:30,407.25,407.3,407.15,407.15,10736,ITC
2025-03-11 12:42:00+05:30,407.25,407.25,407.1,407.25,7681,ITC
2025-03-11 12:43:00+05:30,407.3,407.4,407.2,407.25,18694,ITC
2025-03-11 12:44:00+05:30,407.25,407.35,407.15,407.35,8082,ITC
2025-03-11 12:45:00+05:30,407.35,407.35,407.15,407.25,15600,ITC
2025-03-11 12:46:00+05:30,407.1,407.25,407.1,407.25,14597,ITC
2025-03-11 12:47:00+05:30,407.25,407.35,407.1,407.25,11941,ITC
2025-03-11 12:48:00+05:30,407.35,407.45,407.2,407.35,12259,ITC
2025-03-11 12:49:00+05:30,407.4,407.5,407.25,407.35,13770,ITC
2025-03-11 12:50:00+05:30,407.35,407.5,407.25,407.4,15713,ITC
2025-03-11 12:51:00+05:30,407.45,407.8,407.45,407.6,41114,ITC
2025-03-11 12:52:00+05:30,407.55,407.55,407.3,407.5,10423,ITC
2025-03-11 12:53:00+05:30,407.45,407.5,407.25,407.25,8655,ITC
2025-03-11 12:54:00+05:30,407.3,407.5,407.3,407.45,11001,ITC
2025-03-11 12:55:00+05:30,407.4,407.55,407.4,407.5,13172,ITC
2025-03-11 12:56:00+05:30,407.45,407.5,407.4,407.45,14229,ITC
2025-03-11 12:57:00+05:30,407.45,407.45,407.2,407.35,17747,ITC
2025-03-11 12:58:00+05:30,407.35,407.35,407.25,407.25,15575,ITC
2025-03-11 12:59:00+05:30,407.25,407.45,407.2,407.3,40836,ITC
2025-03-11 13:00:00+05:30,407.3,407.3,407.1,407.3,9540,ITC
2025-03-11 13:01:00+05:30,407.3,407.35,407.25,407.35,10754,ITC
2025-03-11 13:02:00+05:30,407.4,407.5,407.3,407.5,15995,ITC
2025-03-11 13:03:00+05:30,407.5,407.5,407.2,407.4,19468,ITC
2025-03-11 13:04:00+05:30,407.45,407.45,407.3,407.45,16702,ITC
2025-03-11 13:05:00+05:30,407.45,407.5,407.3,407.3,20691,ITC
2025-03-11 13:06:00+05:30,407.3,407.45,407.15,407.35,18260,ITC
2025-03-11 13:07:00+05:30,407.4,407.4,407.25,407.3,25277,ITC
2025-03-11 13:08:00+05:30,407.35,407.35,407.0,407.0,25386,ITC
2025-03-11 13:09:00+05:30,407.2,407.35,407.2,407.35,19388,ITC
2025-03-11 13:10:00+05:30,407.35,407.35,407.2,407.2,12889,ITC
2025-03-11 13:11:00+05:30,407.25,407.45,407.25,407.35,13342,ITC
2025-03-11 13:12:00+05:30,407.35,407.45,407.35,407.4,10470,ITC
2025-03-11 13:13:00+05:30,407.4,407.5,407.4,407.4,15768,ITC
2025-03-11 13:14:00+05:30,407.4,407.5,407.4,407.5,12684,ITC
2025-03-11 13:15:00+05:30,407.45,407.45,407.3,407.3,12959,ITC
2025-03-11 13:16:00+05:30,407.4,407.4,407.2,407.3,19086,ITC
2025-03-11 13:17:00+05:30,407.3,407.4,407.2,407.3,12956,ITC
2025-03-11 13:18:00+05:30,407.35,407.4,407.2,407.3,18426,ITC
2025-03-11 13:19:00+05:30,407.2,407.25,407.05,407.15,19945,ITC
2025-03-11 13:20:00+05:30,407.15,407.2,407.0,407.2,45024,ITC
2025-03-11 13:21:00+05:30,407.05,407.25,407.0,407.05,20300,ITC
2025-03-11 13:22:00+05:30,407.1,407.2,407.05,407.2,14272,ITC
2025-03-11 13:23:00+05:30,407.2,407.2,407.0,407.15,42583,ITC
2025-03-11 13:24:00+05:30,407.0,407.15,406.85,407.05,31222,ITC
2025-03-11 13:25:00+05:30,407.0,407.1,406.85,407.0,19656,ITC
2025-03-11 13:26:00+05:30,406.95,407.05,406.9,407.0,16990,ITC
2025-03-11 13:27:00+05:30,407.05,407.1,407.0,407.1,16759,ITC
2025-03-11 13:28:00+05:30,407.05,407.3,407.05,407.25,13423,ITC
2025-03-11 13:29:00+05:30,407.2,407.25,407.15,407.15,12527,ITC
2025-03-11 13:30:00+05:30,407.1,407.2,406.95,407.05,9967,ITC
2025-03-11 13:31:00+05:30,407.05,407.1,406.9,407.05,30109,ITC
2025-03-11 13:32:00+05:30,407.05,407.1,406.9,406.9,19791,ITC
2025-03-11 13:33:00+05:30,406.9,406.9,406.6,406.75,18533,ITC
2025-03-11 13:34:00+05:30,406.6,406.6,406.2,406.5,68283,ITC
2025-03-11 13:35:00+05:30,406.3,406.4,406.05,406.05,50447,ITC
2025-03-11 13:36:00+05:30,406.05,406.1,405.8,405.95,71388,ITC
2025-03-11 13:37:00+05:30,405.9,406.05,405.65,405.85,57832,ITC
2025-03-11 13:38:00+05:30,406.05,406.15,405.9,406.1,17679,ITC
2025-03-11 13:39:00+05:30,406.1,406.3,406.0,406.3,19077,ITC
2025-03-11 13:40:00+05:30,406.25,406.3,406.0,406.15,33206,ITC
2025-03-11 13:41:00+05:30,406.25,406.3,406.05,406.2,15073,ITC
2025-03-11 13:42:00+05:30,406.25,406.25,406.0,406.05,16991,ITC
2025-03-11 13:43:00+05:30,406.15,406.2,406.0,406.1,18133,ITC
2025-03-11 13:44:00+05:30,406.2,406.25,405.95,406.25,19970,ITC
2025-03-11 13:45:00+05:30,406.25,406.25,406.0,406.1,26499,ITC
2025-03-11 13:46:00+05:30,406.0,406.0,405.9,405.95,21811,ITC
2025-03-11 13:47:00+05:30,406.05,406.05,405.9,405.95,43997,ITC
2025-03-11 13:48:00+05:30,405.75,405.9,405.65,405.65,26422,ITC
2025-03-11 13:49:00+05:30,405.85,405.9,405.65,405.85,23358,ITC
2025-03-11 13:50:00+05:30,405.85,406.1,405.85,406.1,13961,ITC
2025-03-11 13:51:00+05:30,406.2,406.45,406.2,406.4,23860,ITC
2025-03-11 13:52:00+05:30,406.4,406.4,406.2,406.2,15994,ITC
2025-03-11 13:53:00+05:30,406.2,406.35,406.1,406.2,22013,ITC
2025-03-11 13:54:00+05:30,406.05,406.2,406.0,406.15,17453,ITC
2025-03-11 13:55:00+05:30,406.2,406.25,406.05,406.2,14995,ITC
2025-03-11 13:56:00+05:30,406.3,406.3,406.1,406.25,13970,ITC
2025-03-11 13:57:00+05:30,406.25,406.3,406.1,406.1,24812,ITC
2025-03-11 13:58:00+05:30,406.3,406.3,406.1,406.3,20608,ITC
2025-03-11 13:59:00+05:30,406.3,406.4,406.2,406.4,19422,ITC
2025-03-11 14:00:00+05:30,406.2,406.45,406.15,406.35,18056,ITC
2025-03-11 14:01:00+05:30,406.2,406.35,406.15,406.15,33262,ITC
2025-03-11 14:02:00+05:30,406.2,406.2,405.9,406.1,47794,ITC
2025-03-11 14:03:00+05:30,405.85,406.1,405.7,405.95,18314,ITC
2025-03-11 14:04:00+05:30,406.0,406.15,405.8,405.95,15700,ITC
2025-03-11 14:05:00+05:30,406.15,406.15,405.95,406.15,17435,ITC
2025-03-11 14:06:00+05:30,406.1,406.3,406.0,406.3,13301,ITC
2025-03-11 14:07:00+05:30,406.2,406.3,406.05,406.25,28525,ITC
2025-03-11 14:08:00+05:30,406.2,406.3,406.2,406.25,13222,ITC
2025-03-11 14:09:00+05:30,406.3,406.3,405.95,406.2,19092,ITC
2025-03-11 14:10:00+05:30,406.2,406.35,406.15,406.3,16755,ITC
2025-03-11 14:11:00+05:30,406.3,406.35,406.25,406.25,20960,ITC
2025-03-11 14:12:00+05:30,406.25,406.4,406.05,406.05,23340,ITC
2025-03-11 14:13:00+05:30,406.2,406.3,406.1,406.3,12503,ITC
2025-03-11 14:14:00+05:30,406.3,406.3,406.1,406.2,14795,ITC
2025-03-11 14:15:00+05:30,406.2,406.2,406.15,406.2,16488,ITC
2025-03-11 14:16:00+05:30,406.2,406.4,406.15,406.4,15932,ITC
2025-03-11 14:17:00+05:30,406.35,406.4,406.2,406.3,41427,ITC
2025-03-11 14:18:00+05:30,406.3,406.45,406.2,406.45,14733,ITC
2025-03-11 14:19:00+05:30,406.3,406.4,406.15,406.3,13226,ITC
2025-03-11 14:20:00+05:30,406.4,406.5,406.35,406.5,20811,ITC
2025-03-11 14:21:00+05:30,406.5,406.5,406.45,406.5,19069,ITC
2025-03-11 14:22:00+05:30,406.45,406.5,406.3,406.5,12275,ITC
2025-03-11 14:23:00+05:30,406.55,406.55,406.45,406.55,18225,ITC
2025-03-11 14:24:00+05:30,406.55,406.6,406.4,406.6,11059,ITC
2025-03-11 14:25:00+05:30,406.55,406.6,406.4,406.45,31980,ITC
2025-03-11 14:26:00+05:30,406.5,406.5,406.15,406.45,29705,ITC
2025-03-11 14:27:00+05:30,406.5,406.5,406.35,406.5,17474,ITC
2025-03-11 14:28:00+05:30,406.55,406.65,406.25,406.35,19601,ITC
2025-03-11 14:29:00+05:30,406.3,406.5,406.3,406.4,13746,ITC
2025-03-11 14:30:00+05:30,406.4,406.5,406.35,406.35,13790,ITC
2025-03-11 14:31:00+05:30,406.5,406.5,406.4,406.45,14669,ITC
2025-03-11 14:32:00+05:30,406.45,406.5,406.2,406.45,30199,ITC
2025-03-11 14:33:00+05:30,406.4,406.5,406.3,406.5,15274,ITC
2025-03-11 14:34:00+05:30,406.5,406.55,406.45,406.5,11803,ITC
2025-03-11 14:35:00+05:30,406.55,407.0,406.55,407.0,39735,ITC
2025-03-11 14:36:00+05:30,407.0,407.25,406.65,406.75,89442,ITC
2025-03-11 14:37:00+05:30,406.95,407.0,406.75,406.9,16401,ITC
2025-03-11 14:38:00+05:30,406.9,407.0,406.7,406.8,18744,ITC
2025-03-11 14:39:00+05:30,406.75,406.9,406.65,406.85,10633,ITC
2025-03-11 14:40:00+05:30,406.85,406.85,406.6,406.7,18801,ITC
2025-03-11 14:41:00+05:30,406.8,406.8,406.55,406.75,22597,ITC
2025-03-11 14:42:00+05:30,406.65,406.85,406.65,406.75,15773,ITC
2025-03-11 14:43:00+05:30,406.75,406.75,406.6,406.65,20956,ITC
2025-03-11 14:44:00+05:30,406.55,406.75,406.55,406.65,19427,ITC
2025-03-11 14:45:00+05:30,406.6,406.8,406.5,406.8,37572,ITC
2025-03-11 14:46:00+05:30,406.85,406.85,406.7,406.75,20757,ITC
2025-03-11 14:47:00+05:30,406.8,406.85,406.5,406.55,27199,ITC
2025-03-11 14:48:00+05:30,406.7,406.85,406.65,406.85,30411,ITC
2025-03-11 14:49:00+05:30,406.65,406.75,406.55,406.75,48967,ITC
2025-03-11 14:50:00+05:30,406.75,406.8,406.35,406.4,22723,ITC
2025-03-11 14:51:00+05:30,406.4,406.5,406.25,406.45,20387,ITC
2025-03-11 14:52:00+05:30,406.45,406.6,406.3,406.5,24490,ITC
2025-03-11 14:53:00+05:30,406.5,406.5,406.3,406.5,29710,ITC
2025-03-11 14:54:00+05:30,406.5,406.5,406.35,406.5,36994,ITC
2025-03-11 14:55:00+05:30,406.5,406.5,406.45,406.5,20028,ITC
2025-03-11 14:56:00+05:30,406.5,406.8,406.35,406.8,30685,ITC
2025-03-11 14:57:00+05:30,406.8,406.8,406.5,406.5,18865,ITC
2025-03-11 14:58:00+05:30,406.5,406.5,406.35,406.4,20991,ITC
2025-03-11 14:59:00+05:30,406.4,406.4,406.2,406.4,20953,ITC
2025-03-11 15:00:00+05:30,406.4,406.45,406.2,406.35,66384,ITC
2025-03-11 15:01:00+05:30,406.4,406.7,406.4,406.55,49566,ITC
2025-03-11 15:02:00+05:30,406.55,406.65,406.55,406.6,115310,ITC
2025-03-11 15:03:00+05:30,406.55,406.9,406.55,406.7,79690,ITC
2025-03-11 15:04:00+05:30,406.7,406.7,406.45,406.55,57462,ITC
2025-03-11 15:05:00+05:30,406.5,406.5,406.3,406.3,49622,ITC
2025-03-11 15:06:00+05:30,406.35,406.4,406.35,406.4,41849,ITC
2025-03-11 15:07:00+05:30,406.5,406.6,406.2,406.25,102215,ITC
2025-03-11 15:08:00+05:30,406.3,406.6,406.2,406.6,72314,ITC
2025-03-11 15:09:00+05:30,406.55,406.55,406.35,406.35,55017,ITC
2025-03-11 15:10:00+05:30,406.3,406.3,406.1,406.1,48150,ITC
2025-03-11 15:11:00+05:30,406.25,406.25,406.1,406.25,40932,ITC
2025-03-11 15:12:00+05:30,406.2,406.25,406.1,406.25,43760,ITC
2025-03-11 15:13:00+05:30,406.25,406.25,406.1,406.1,43129,ITC
2025-03-11 15:14:00+05:30,406.1,406.2,406.05,406.2,45151,ITC
2025-03-11 15:15:00+05:30,406.2,406.25,406.0,406.0,56989,ITC
2025-03-11 15:16:00+05:30,406.15,406.25,406.15,406.15,40289,ITC
2025-03-11 15:17:00+05:30,406.3,406.3,406.1,406.1,39397,ITC
2025-03-11 15:18:00+05:30,406.15,406.15,406.0,406.1,106799,ITC
2025-03-11 15:19:00+05:30,406.15,406.4,406.15,406.4,88056,ITC
2025-03-11 15:20:00+05:30,406.35,406.35,406.15,406.3,103152,ITC
2025-03-11 15:21:00+05:30,406.35,406.35,406.3,406.3,43342,ITC
2025-03-11 15:22:00+05:30,406.25,406.25,405.85,406.1,64406,ITC
2025-03-11 15:23:00+05:30,406.0,406.0,405.8,405.9,61987,ITC
2025-03-11 15:24:00+05:30,405.9,405.9,405.8,405.9,44235,ITC
2025-03-11 15:25:00+05:30,405.8,405.9,405.75,405.85,77774,ITC
2025-03-11 15:26:00+05:30,405.85,406.0,405.85,405.95,64011,ITC
2025-03-11 15:27:00+05:30,405.9,405.9,405.7,405.9,29416,ITC
2025-03-11 15:28:00+05:30,405.9,406.5,405.4,406.25,165723,ITC
2025-03-11 15:29:00+05:30,406.2,406.3,405.5,406.0,29472,ITC
2025-03-12 09:15:00+05:30,406.4,407.9,406.4,407.5,59212,ITC
2025-03-12 09:16:00+05:30,407.6,407.95,406.65,407.0,115577,ITC
2025-03-12 09:17:00+05:30,406.95,407.0,405.2,405.35,22351,ITC
2025-03-12 09:18:00+05:30,405.15,406.05,404.75,406.05,51558,ITC
2025-03-12 09:19:00+05:30,405.85,405.85,405.5,405.75,12777,ITC
2025-03-12 09:20:00+05:30,405.75,406.2,405.75,405.8,33578,ITC
2025-03-12 09:21:00+05:30,405.85,406.0,405.85,405.95,8734,ITC
2025-03-12 09:22:00+05:30,405.95,405.95,405.5,405.6,11414,ITC
2025-03-12 09:23:00+05:30,405.6,405.6,405.25,405.4,7568,ITC
2025-03-12 09:24:00+05:30,405.4,405.5,405.15,405.5,11480,ITC
2025-03-12 09:25:00+05:30,405.45,405.45,404.9,405.0,12779,ITC
2025-03-12 09:26:00+05:30,404.9,405.05,404.3,405.05,28787,ITC
2025-03-12 09:27:00+05:30,404.85,404.85,404.5,404.55,19606,ITC
2025-03-12 09:28:00+05:30,404.5,404.75,404.5,404.7,6945,ITC
2025-03-12 09:29:00+05:30,404.5,404.55,404.35,404.45,18055,ITC
2025-03-12 09:30:00+05:30,404.35,404.9,404.35,404.9,45035,ITC
2025-03-12 09:31:00+05:30,404.9,405.3,404.8,405.3,8208,ITC
2025-03-12 09:32:00+05:30,405.05,405.1,404.5,404.8,19806,ITC
2025-03-12 09:33:00+05:30,404.8,404.95,404.8,404.95,20216,ITC
2025-03-12 09:34:00+05:30,404.8,404.8,404.65,404.7,22616,ITC
2025-03-12 09:35:00+05:30,404.7,404.7,404.5,404.7,21545,ITC
2025-03-12 09:36:00+05:30,404.65,404.65,404.25,404.45,13753,ITC
2025-03-12 09:37:00+05:30,404.5,404.6,404.5,404.6,16435,ITC
2025-03-12 09:38:00+05:30,404.65,404.7,404.5,404.6,14777,ITC
2025-03-12 09:39:00+05:30,404.75,405.1,404.75,405.0,58046,ITC
2025-03-12 09:40:00+05:30,404.8,404.85,404.65,404.85,8372,ITC
2025-03-12 09:41:00+05:30,404.9,405.2,404.9,405.15,31163,ITC
2025-03-12 09:42:00+05:30,405.15,405.15,404.95,405.0,9083,ITC
2025-03-12 09:43:00+05:30,404.95,404.95,404.7,404.7,13002,ITC
2025-03-12 09:44:00+05:30,404.65,405.0,404.0,404.65,154645,ITC
2025-03-12 09:45:00+05:30,404.65,404.75,404.1,404.65,75821,ITC
2025-03-12 09:46:00+05:30,404.4,404.65,404.4,404.65,5621,ITC
2025-03-12 09:47:00+05:30,404.75,404.95,404.75,404.95,10573,ITC
2025-03-12 09:48:00+05:30,404.95,405.5,404.95,405.5,24625,ITC
2025-03-12 09:49:00+05:30,405.75,405.9,405.65,405.85,23519,ITC
2025-03-12 09:50:00+05:30,405.9,406.25,405.9,406.1,35368,ITC
2025-03-12 09:51:00+05:30,406.2,406.2,405.9,405.9,10829,ITC
2025-03-12 09:52:00+05:30,405.9,406.25,405.9,406.25,15534,ITC
2025-03-12 09:53:00+05:30,406.15,406.75,406.15,406.6,26328,ITC
2025-03-12 09:54:00+05:30,406.6,406.6,406.3,406.35,4964,ITC
2025-03-12 09:55:00+05:30,406.2,406.55,406.1,406.5,5951,ITC
2025-03-12 09:56:00+05:30,406.5,406.8,406.5,406.8,15986,ITC
2025-03-12 09:57:00+05:30,406.75,406.9,406.65,406.65,9370,ITC
2025-03-12 09:58:00+05:30,406.6,406.6,406.35,406.55,22682,ITC
2025-03-12 09:59:00+05:30,406.6,406.95,406.6,406.85,45185,ITC
2025-03-12 10:00:00+05:30,406.9,407.3,406.85,406.85,39232,ITC
2025-03-12 10:01:00+05:30,406.95,407.2,406.65,406.8,24224,ITC
2025-03-12 10:02:00+05:30,406.8,407.5,406.75,407.3,34979,ITC
2025-03-12 10:03:00+05:30,407.3,407.6,407.25,407.4,23185,ITC
2025-03-12 10:04:00+05:30,407.45,407.45,407.0,407.0,10847,ITC
2025-03-12 10:05:00+05:30,407.0,407.05,406.9,407.0,19688,ITC
2025-03-12 10:06:00+05:30,407.3,407.5,407.2,407.35,60020,ITC
2025-03-12 10:07:00+05:30,407.3,407.5,407.2,407.5,11166,ITC
2025-03-12 10:08:00+05:30,407.45,407.5,407.35,407.4,20562,ITC
2025-03-12 10:09:00+05:30,407.4,407.4,407.15,407.3,8406,ITC
2025-03-12 10:10:00+05:30,407.25,407.25,407.15,407.2,5910,ITC
2025-03-12 10:11:00+05:30,407.2,407.35,407.2,407.3,8814,ITC
2025-03-12 10:12:00+05:30,407.3,407.5,407.25,407.4,9884,ITC
2025-03-12 10:13:00+05:30,407.5,407.5,407.45,407.5,9364,ITC
2025-03-12 10:14:00+05:30,407.5,407.5,407.35,407.4,10117,ITC
2025-03-12 10:15:00+05:30,407.3,407.4,407.15,407.2,8443,ITC
2025-03-12 10:16:00+05:30,407.15,407.35,407.0,407.15,40486,ITC
2025-03-12 10:17:00+05:30,407.2,407.3,407.05,407.3,26724,ITC
2025-03-12 10:18:00+05:30,407.3,407.5,407.2,407.3,24912,ITC
2025-03-12 10:19:00+05:30,407.1,407.25,407.05,407.05,11329,ITC
2025-03-12 10:20:00+05:30,407.15,407.55,407.15,407.35,65311,ITC
2025-03-12 10:21:00+05:30,407.55,407.55,407.15,407.25,4735,ITC
2025-03-12 10:22:00+05:30,407.15,407.2,406.8,406.8,31120,ITC
2025-03-12 10:23:00+05:30,406.85,407.0,406.6,407.0,32310,ITC
2025-03-12 10:24:00+05:30,406.95,406.95,406.55,406.8,6318,ITC
2025-03-12 10:25:00+05:30,406.8,406.8,406.45,406.75,8246,ITC
2025-03-12 10:26:00+05:30,406.7,406.75,406.55,406.65,3689,ITC
2025-03-12 10:27:00+05:30,406.65,406.65,406.55,406.65,4620,ITC
2025-03-12 10:28:00+05:30,406.65,406.65,406.5,406.65,6247,ITC
2025-03-12 10:29:00+05:30,406.6,406.65,406.6,406.65,1820,ITC
2025-03-12 10:30:00+05:30,406.5,406.65,406.35,406.5,14280,ITC
2025-03-12 10:31:00+05:30,406.5,406.9,406.5,406.9,10518,ITC
2025-03-12 10:32:00+05:30,406.9,406.9,406.7,406.75,860,ITC
2025-03-12 10:33:00+05:30,406.75,406.75,406.5,406.5,3694,ITC
2025-03-12 10:34:00+05:30,406.5,406.7,406.5,406.7,3238,ITC
2025-03-12 10:35:00+05:30,406.55,406.7,406.5,406.5,3370,ITC
2025-03-12 10:36:00+05:30,406.65,406.85,406.65,406.85,13452,ITC
2025-03-12 10:37:00+05:30,406.75,406.75,406.5,406.6,4666,ITC
2025-03-12 10:38:00+05:30,406.7,406.7,406.4,406.6,16741,ITC
2025-03-12 10:39:00+05:30,406.5,406.65,406.5,406.65,3257,ITC
2025-03-12 10:40:00+05:30,406.75,406.75,406.6,406.75,2436,ITC
2025-03-12 10:41:00+05:30,406.75,406.75,406.65,406.75,3273,ITC
2025-03-12 10:42:00+05:30,406.65,407.0,406.65,406.9,13218,ITC
2025-03-12 10:43:00+05:30,406.9,406.9,406.8,406.9,1545,ITC
2025-03-12 10:44:00+05:30,406.8,406.85,406.6,406.75,5726,ITC
2025-03-12 10:45:00+05:30,406.75,406.75,406.55,406.7,4855,ITC
2025-03-12 10:46:00+05:30,406.7,406.7,406.55,406.6,2583,ITC
2025-03-12 10:47:00+05:30,406.6,406.7,406.55,406.55,1864,ITC
2025-03-12 10:48:00+05:30,406.7,406.85,406.55,406.85,7984,ITC
2025-03-12 10:49:00+05:30,406.75,406.95,406.75,406.95,9844,ITC
2025-03-12 10:50:00+05:30,406.85,406.95,406.8,406.9,1388,ITC
2025-03-12 10:51:00+05:30,406.9,406.9,406.8,406.9,1383,ITC
2025-03-12 10:52:00+05:30,406.85,406.85,406.65,406.75,6589,ITC
2025-03-12 10:53:00+05:30,406.65,406.7,406.4,406.55,20409,ITC
2025-03-12 10:54:00+05:30,406.6,406.85,406.6,406.8,24883,ITC
2025-03-12 10:55:00+05:30,406.8,406.8,406.6,406.7,6310,ITC
2025-03-12 10:56:00+05:30,406.6,406.7,406.45,406.5,7919,ITC
2025-03-12 10:57:00+05:30,406.65,406.65,406.5,406.65,1942,ITC
2025-03-12 10:58:00+05:30,406.55,406.65,406.5,406.55,3350,ITC
2025-03-12 10:59:00+05:30,406.55,406.55,406.5,406.55,2401,ITC
2025-03-12 11:00:00+05:30,406.5,406.55,406.5,406.5,4767,ITC
2025-03-12 11:01:00+05:30,406.5,406.55,406.5,406.5,2713,ITC
2025-03-12 11:02:00+05:30,406.55,406.55,406.2,406.3,17172,ITC
2025-03-12 11:03:00+05:30,406.35,406.5,406.35,406.5,4655,ITC
2025-03-12 11:04:00+05:30,406.5,406.5,406.4,406.5,3256,ITC
2025-03-12 11:05:00+05:30,406.45,406.5,406.4,406.45,10712,ITC
2025-03-12 11:06:00+05:30,406.45,406.5,406.45,406.5,3579,ITC
2025-03-12 11:07:00+05:30,406.6,406.75,406.55,406.7,14098,ITC
2025-03-12 11:08:00+05:30,406.7,406.7,406.5,406.55,4572,ITC
2025-03-12 11:09:00+05:30,406.55,406.55,406.45,406.55,2905,ITC
2025-03-12 11:10:00+05:30,406.45,406.55,406.45,406.45,3947,ITC
2025-03-12 11:11:00+05:30,406.5,406.5,406.4,406.5,2804,ITC
2025-03-12 11:12:00+05:30,406.5,406.5,406.4,406.5,7388,ITC
2025-03-12 11:13:00+05:30,406.45,406.65,406.4,406.65,14816,ITC
2025-03-12 11:14:00+05:30,406.75,406.9,406.75,406.8,12483,ITC
2025-03-12 11:15:00+05:30,406.85,406.9,406.8,406.8,12473,ITC
2025-03-12 11:16:00+05:30,406.8,406.95,406.8,406.95,12203,ITC
2025-03-12 11:17:00+05:30,406.95,407.3,406.95,407.05,33896,ITC
2025-03-12 11:18:00+05:30,407.2,407.2,407.0,407.15,7851,ITC
2025-03-12 11:19:00+05:30,407.2,407.4,407.2,407.25,8090,ITC
2025-03-12 11:20:00+05:30,407.1,407.95,407.1,407.85,1359033,ITC
2025-03-12 11:21:00+05:30,407.9,408.1,407.6,407.8,51424,ITC
2025-03-12 11:22:00+05:30,407.8,407.8,407.5,407.7,8462,ITC
2025-03-12 11:23:00+05:30,407.55,407.75,407.55,407.7,6908,ITC
2025-03-12 11:24:00+05:30,407.8,407.8,407.55,407.55,1830,ITC
2025-03-12 11:25:00+05:30,407.6,408.2,407.6,407.9,33492,ITC
2025-03-12 11:26:00+05:30,408.05,408.1,407.8,407.8,8597,ITC
2025-03-12 11:27:00+05:30,407.9,408.0,407.75,407.75,6707,ITC
2025-03-12 11:28:00+05:30,407.9,407.9,407.75,407.75,22824,ITC
2025-03-12 11:29:00+05:30,407.75,407.75,407.7,407.75,3488,ITC
2025-03-12 11:30:00+05:30,407.7,408.25,407.65,408.05,77719,ITC
2025-03-12 11:31:00+05:30,408.25,408.4,408.15,408.15,17667,ITC
2025-03-12 11:32:00+05:30,408.2,408.3,408.1,408.3,8851,ITC
2025-03-12 11:33:00+05:30,408.2,408.2,408.1,408.1,4210,ITC
2025-03-12 11:34:00+05:30,408.1,408.2,408.05,408.15,3685,ITC
2025-03-12 11:35:00+05:30,408.15,408.15,408.05,408.05,6028,ITC
2025-03-12 11:36:00+05:30,408.0,408.15,408.0,408.0,11848,ITC
2025-03-12 11:37:00+05:30,408.1,408.15,407.95,407.95,8586,ITC
2025-03-12 11:38:00+05:30,407.9,408.15,407.7,408.15,46909,ITC
2025-03-12 11:39:00+05:30,408.05,408.15,407.8,407.8,9055,ITC
2025-03-12 11:40:00+05:30,407.8,407.85,407.7,407.7,2065,ITC
2025-03-12 11:41:00+05:30,407.7,408.0,407.7,407.8,27541,ITC
2025-03-12 11:42:00+05:30,407.8,408.0,407.7,407.7,4348,ITC
2025-03-12 11:43:00+05:30,407.75,407.9,407.6,407.65,6192,ITC
2025-03-12 11:44:00+05:30,407.7,407.8,407.6,407.7,10142,ITC
2025-03-12 11:45:00+05:30,407.6,407.7,407.55,407.6,3671,ITC
2025-03-12 11:46:00+05:30,407.7,407.7,407.55,407.7,9243,ITC
2025-03-12 11:47:00+05:30,407.6,407.65,407.6,407.65,3152,ITC
2025-03-12 11:48:00+05:30,407.6,407.7,407.6,407.7,6464,ITC
2025-03-12 11:49:00+05:30,407.7,407.7,407.6,407.7,2636,ITC
2025-03-12 11:50:00+05:30,407.7,407.7,407.6,407.7,7823,ITC
2025-03-12 11:51:00+05:30,407.6,407.7,407.2,407.3,9629,ITC
2025-03-12 11:52:00+05:30,407.2,407.3,407.05,407.05,22959,ITC
2025-03-12 11:53:00+05:30,407.2,407.2,407.0,407.1,18253,ITC
2025-03-12 11:54:00+05:30,407.1,407.5,407.05,407.2,21626,ITC
2025-03-12 11:55:00+05:30,407.35,407.4,407.3,407.3,6918,ITC
2025-03-12 11:56:00+05:30,407.25,407.6,407.25,407.6,15972,ITC
2025-03-12 11:57:00+05:30,407.6,407.75,407.55,407.7,11579,ITC
2025-03-12 11:58:00+05:30,407.65,407.8,407.45,407.8,15444,ITC
2025-03-12 11:59:00+05:30,407.75,407.85,407.55,407.8,18509,ITC
2025-03-12 12:00:00+05:30,407.8,407.8,407.5,407.5,12902,ITC
2025-03-12 12:01:00+05:30,407.55,407.65,407.45,407.55,16902,ITC
2025-03-12 12:02:00+05:30,407.65,407.7,407.45,407.6,20154,ITC
2025-03-12 12:03:00+05:30,407.6,407.6,407.35,407.35,4639,ITC
2025-03-12 12:04:00+05:30,407.35,407.45,407.25,407.3,17193,ITC
2025-03-12 12:05:00+05:30,407.55,407.6,407.4,407.5,18248,ITC
2025-03-12 12:06:00+05:30,407.5,407.5,407.3,407.5,4636,ITC
2025-03-12 12:07:00+05:30,407.35,407.5,407.3,407.4,12294,ITC
2025-03-12 12:08:00+05:30,407.25,407.4,407.2,407.4,4463,ITC
2025-03-12 12:09:00+05:30,407.25,407.7,407.25,407.65,58632,ITC
2025-03-12 12:10:00+05:30,407.8,407.85,407.7,407.85,33213,ITC
2025-03-12 12:11:00+05:30,407.85,407.85,407.75,407.75,6970,ITC
2025-03-12 12:12:00+05:30,407.7,407.8,407.65,407.7,15099,ITC
2025-03-12 12:13:00+05:30,407.75,408.75,407.6,408.55,819959,ITC
2025-03-12 12:14:00+05:30,408.7,409.45,408.65,409.25,128357,ITC
2025-03-12 12:15:00+05:30,409.3,409.85,409.2,409.8,90246,ITC
2025-03-12 12:16:00+05:30,409.7,410.6,409.65,410.05,228482,ITC
2025-03-12 12:17:00+05:30,410.0,410.0,409.8,409.95,26911,ITC
2025-03-12 12:18:00+05:30,409.95,409.95,409.55,409.9,43819,ITC
2025-03-12 12:19:00+05:30,409.8,409.8,409.5,409.5,24783,ITC
2025-03-12 12:20:00+05:30,409.7,409.75,409.5,409.7,19065,ITC
2025-03-12 12:21:00+05:30,409.55,409.65,409.35,409.45,56632,ITC
2025-03-12 12:22:00+05:30,409.45,409.45,409.25,409.4,10766,ITC
2025-03-12 12:23:00+05:30,409.4,409.4,409.05,409.2,10759,ITC
2025-03-12 12:24:00+05:30,409.2,409.2,409.0,409.05,12080,ITC
2025-03-12 12:25:00+05:30,409.15,409.4,409.05,409.4,14536,ITC
2025-03-12 12:26:00+05:30,409.35,409.45,409.35,409.45,20256,ITC
2025-03-12 12:27:00+05:30,409.4,409.45,409.3,409.3,11520,ITC
2025-03-12 12:28:00+05:30,409.4,409.45,409.3,409.3,10585,ITC
2025-03-12 12:29:00+05:30,409.25,409.3,409.05,409.2,24693,ITC
2025-03-12 12:30:00+05:30,409.05,409.25,409.05,409.25,7159,ITC
2025-03-12 12:31:00+05:30,409.1,409.25,409.1,409.25,6980,ITC
2025-03-12 12:32:00+05:30,409.1,409.25,409.1,409.15,7511,ITC
2025-03-12 12:33:00+05:30,409.25,409.25,409.05,409.1,11841,ITC
2025-03-12 12:34:00+05:30,409.1,409.45,409.1,409.45,18129,ITC
2025-03-12 12:35:00+05:30,409.4,409.4,409.2,409.25,2430,ITC
2025-03-12 12:36:00+05:30,409.25,409.4,409.25,409.35,6269,ITC
2025-03-12 12:37:00+05:30,409.25,409.35,409.2,409.25,4156,ITC
2025-03-12 12:38:00+05:30,409.2,409.25,409.15,409.2,7707,ITC
2025-03-12 12:39:00+05:30,409.15,409.2,409.0,409.2,26062,ITC
2025-03-12 12:40:00+05:30,409.2,409.2,409.0,409.1,30163,ITC
2025-03-12 12:41:00+05:30,409.1,409.25,409.0,409.25,15149,ITC
2025-03-12 12:42:00+05:30,409.25,409.3,409.1,409.3,10673,ITC
2025-03-12 12:43:00+05:30,409.4,409.4,409.25,409.25,4187,ITC
2025-03-12 12:44:00+05:30,409.25,409.25,409.05,409.1,8247,ITC
2025-03-12 12:45:00+05:30,409.15,409.2,409.0,409.15,11365,ITC
2025-03-12 12:46:00+05:30,409.2,409.2,408.85,408.9,54331,ITC
2025-03-12 12:47:00+05:30,409.0,409.2,408.9,409.0,18137,ITC
2025-03-12 12:48:00+05:30,409.15,409.15,409.05,409.15,11509,ITC
2025-03-12 12:49:00+05:30,409.15,409.15,409.05,409.1,10009,ITC
2025-03-12 12:50:00+05:30,409.1,409.25,409.05,409.25,44211,ITC
2025-03-12 12:51:00+05:30,409.25,409.3,409.1,409.25,10830,ITC
2025-03-12 12:52:00+05:30,409.15,409.3,409.1,409.3,16767,ITC
2025-03-12 12:53:00+05:30,409.3,409.4,409.15,409.4,5621,ITC
2025-03-12 12:54:00+05:30,409.4,409.4,409.3,409.4,3842,ITC
2025-03-12 12:55:00+05:30,409.3,409.4,409.3,409.4,2776,ITC
2025-03-12 12:56:00+05:30,409.35,409.35,409.25,409.25,3835,ITC
2025-03-12 12:57:00+05:30,409.3,409.3,409.1,409.1,4715,ITC
2025-03-12 12:58:00+05:30,409.1,409.2,409.0,409.0,5270,ITC
2025-03-12 12:59:00+05:30,409.15,409.15,408.8,409.05,22325,ITC
2025-03-12 13:00:00+05:30,409.15,409.3,409.0,409.25,19099,ITC
2025-03-12 13:01:00+05:30,409.25,409.3,409.1,409.3,6620,ITC
2025-03-12 13:02:00+05:30,409.3,409.3,409.1,409.2,7155,ITC
2025-03-12 13:03:00+05:30,409.25,409.3,409.15,409.3,4988,ITC
2025-03-12 13:04:00+05:30,409.2,409.25,409.15,409.2,4707,ITC
2025-03-12 13:05:00+05:30,409.2,409.2,409.15,409.2,3314,ITC
2025-03-12 13:06:00+05:30,409.15,409.2,409.15,409.2,7862,ITC
2025-03-12 13:07:00+05:30,409.15,409.2,409.05,409.05,8136,ITC
2025-03-12 13:08:00+05:30,409.1,409.2,409.0,409.05,15871,ITC
2025-03-12 13:09:00+05:30,409.1,409.3,409.05,409.25,7856,ITC
2025-03-12 13:10:00+05:30,409.25,409.3,409.15,409.2,7282,ITC
2025-03-12 13:11:00+05:30,409.15,409.2,409.15,409.15,4031,ITC
2025-03-12 13:12:00+05:30,409.15,409.25,409.15,409.25,8137,ITC
2025-03-12 13:13:00+05:30,409.3,409.3,409.2,409.3,11126,ITC
2025-03-12 13:14:00+05:30,409.3,409.7,409.25,409.55,41120,ITC
2025-03-12 13:15:00+05:30,409.65,409.75,409.65,409.7,14642,ITC
2025-03-12 13:16:00+05:30,410.0,410.0,409.85,410.0,384273,ITC
2025-03-12 13:17:00+05:30,410.0,410.0,409.85,409.9,12064,ITC
2025-03-12 13:18:00+05:30,409.9,410.1,409.9,409.95,68936,ITC
2025-03-12 13:19:00+05:30,409.95,410.0,409.9,410.0,15557,ITC
2025-03-12 13:20:00+05:30,410.1,410.1,409.9,409.95,9866,ITC
2025-03-12 13:21:00+05:30,409.95,409.95,409.75,409.85,10620,ITC
2025-03-12 13:22:00+05:30,409.9,410.35,409.9,410.35,41373,ITC
2025-03-12 13:23:00+05:30,410.4,410.4,410.25,410.25,12250,ITC
2025-03-12 13:24:00+05:30,410.25,410.3,410.1,410.3,16895,ITC
2025-03-12 13:25:00+05:30,410.15,410.25,410.1,410.2,7577,ITC
2025-03-12 13:26:00+05:30,410.2,410.4,410.05,410.35,11028,ITC
2025-03-12 13:27:00+05:30,410.25,410.35,409.9,409.9,17266,ITC
2025-03-12 13:28:00+05:30,410.0,410.05,409.85,410.05,10393,ITC
2025-03-12 13:29:00+05:30,409.9,410.15,409.9,410.15,11818,ITC
2025-03-12 13:30:00+05:30,410.15,410.2,410.0,410.05,10441,ITC
2025-03-12 13:31:00+05:30,410.0,410.35,410.0,410.15,61203,ITC
2025-03-12 13:32:00+05:30,410.15,410.4,410.15,410.4,6694,ITC
2025-03-12 13:33:00+05:30,410.4,410.45,410.25,410.4,9353,ITC
2025-03-12 13:34:00+05:30,410.3,410.4,410.0,410.3,12084,ITC
2025-03-12 13:35:00+05:30,410.25,410.25,410.0,410.05,20389,ITC
2025-03-12 13:36:00+05:30,410.05,410.25,410.0,410.25,18877,ITC
2025-03-12 13:37:00+05:30,410.25,410.3,410.1,410.3,17066,ITC
2025-03-12 13:38:00+05:30,410.3,410.45,410.0,410.45,52310,ITC
2025-03-12 13:39:00+05:30,410.25,410.75,410.15,410.45,65237,ITC
2025-03-12 13:40:00+05:30,410.45,410.7,410.3,410.6,53775,ITC
2025-03-12 13:41:00+05:30,410.6,410.65,410.25,410.65,19855,ITC
2025-03-12 13:42:00+05:30,410.6,410.75,410.6,410.7,13218,ITC
2025-03-12 13:43:00+05:30,410.5,410.75,410.25,410.45,46854,ITC
2025-03-12 13:44:00+05:30,410.4,410.6,410.2,410.5,20193,ITC
2025-03-12 13:45:00+05:30,410.5,410.95,410.45,410.8,32016,ITC
2025-03-12 13:46:00+05:30,410.85,410.9,410.6,410.8,14729,ITC
2025-03-12 13:47:00+05:30,410.8,411.0,410.8,410.8,359157,ITC
2025-03-12 13:48:00+05:30,410.95,411.05,410.7,410.95,58371,ITC
2025-03-12 13:49:00+05:30,410.95,411.15,410.75,411.05,40996,ITC
2025-03-12 13:50:00+05:30,411.05,411.1,410.75,410.9,25728,ITC
2025-03-12 13:51:00+05:30,410.9,411.0,410.7,410.75,31691,ITC
2025-03-12 13:52:00+05:30,410.7,411.0,410.7,410.85,166581,ITC
2025-03-12 13:53:00+05:30,410.85,410.85,410.55,410.7,20887,ITC
2025-03-12 13:54:00+05:30,410.7,410.7,410.45,410.55,14828,ITC
2025-03-12 13:55:00+05:30,410.5,410.5,410.35,410.5,4277,ITC
2025-03-12 13:56:00+05:30,410.5,410.5,410.3,410.4,6558,ITC
2025-03-12 13:57:00+05:30,410.4,410.5,410.05,410.5,25667,ITC
2025-03-12 13:58:00+05:30,410.5,410.55,410.35,410.55,9214,ITC
2025-03-12 13:59:00+05:30,410.3,410.5,410.3,410.5,5634,ITC
2025-03-12 14:00:00+05:30,410.4,410.5,410.35,410.5,5766,ITC
2025-03-12 14:01:00+05:30,410.45,410.5,410.3,410.5,10390,ITC
2025-03-12 14:02:00+05:30,410.5,410.5,410.35,410.5,8723,ITC
2025-03-12 14:03:00+05:30,410.35,410.45,410.3,410.45,8753,ITC
2025-03-12 14:04:00+05:30,410.25,410.4,410.1,410.3,5627,ITC
2025-03-12 14:05:00+05:30,410.2,410.45,410.2,410.45,40276,ITC
2025-03-12 14:06:00+05:30,410.5,410.5,410.25,410.4,7225,ITC
2025-03-12 14:07:00+05:30,410.45,410.45,410.25,410.4,7099,ITC
2025-03-12 14:08:00+05:30,410.4,410.5,410.3,410.5,4341,ITC
2025-03-12 14:09:00+05:30,410.5,410.5,410.3,410.5,11272,ITC
2025-03-12 14:10:00+05:30,410.35,410.5,410.3,410.5,4905,ITC
2025-03-12 14:11:00+05:30,410.5,410.5,410.3,410.5,6353,ITC
2025-03-12 14:12:00+05:30,410.35,410.5,410.35,410.5,7409,ITC
2025-03-12 14:13:00+05:30,410.35,410.5,410.35,410.4,7406,ITC
2025-03-12 14:14:00+05:30,410.6,410.85,410.45,410.75,15967,ITC
2025-03-12 14:15:00+05:30,410.75,410.75,410.65,410.7,4571,ITC
2025-03-12 14:16:00+05:30,410.85,411.0,410.6,410.95,10104,ITC
2025-03-12 14:17:00+05:30,410.9,410.95,410.9,410.95,13331,ITC
2025-03-12 14:18:00+05:30,410.85,410.85,410.65,410.85,5266,ITC
2025-03-12 14:19:00+05:30,410.85,411.0,410.75,410.9,314043,ITC
2025-03-12 14:20:00+05:30,411.05,411.2,411.0,411.0,24619,ITC
2025-03-12 14:21:00+05:30,410.9,411.05,410.9,410.9,7097,ITC
2025-03-12 14:22:00+05:30,411.0,411.0,410.9,410.9,8306,ITC
2025-03-12 14:23:00+05:30,410.85,410.9,410.75,410.9,5083,ITC
2025-03-12 14:24:00+05:30,411.0,411.0,410.85,411.0,29011,ITC
2025-03-12 14:25:00+05:30,411.0,411.0,410.7,410.95,19192,ITC
2025-03-12 14:26:00+05:30,410.95,411.0,410.75,410.85,6382,ITC
2025-03-12 14:27:00+05:30,410.85,411.1,410.75,411.05,15053,ITC
2025-03-12 14:28:00+05:30,411.05,411.2,411.0,411.2,26925,ITC
2025-03-12 14:29:00+05:30,411.2,411.4,411.05,411.25,22471,ITC
2025-03-12 14:30:00+05:30,411.25,411.3,411.15,411.25,7457,ITC
2025-03-12 14:31:00+05:30,411.25,411.25,411.05,411.15,6014,ITC
2025-03-12 14:32:00+05:30,411.15,411.2,410.95,411.15,35049,ITC
2025-03-12 14:33:00+05:30,411.1,411.5,411.1,411.35,24557,ITC
2025-03-12 14:34:00+05:30,411.25,411.4,411.15,411.3,13006,ITC
2025-03-12 14:35:00+05:30,411.35,411.4,411.15,411.35,19570,ITC
2025-03-12 14:36:00+05:30,411.25,411.7,411.15,411.6,50385,ITC
2025-03-12 14:37:00+05:30,411.4,413.0,411.2,412.9,519033,ITC
2025-03-12 14:38:00+05:30,412.9,412.95,412.4,412.45,24526,ITC
2025-03-12 14:39:00+05:30,412.7,412.7,412.2,412.4,17861,ITC
2025-03-12 14:40:00+05:30,412.4,412.6,412.3,412.55,59686,ITC
2025-03-12 14:41:00+05:30,412.6,412.85,412.55,412.8,20459,ITC
2025-03-12 14:42:00+05:30,412.8,412.8,412.25,412.7,82986,ITC
2025-03-12 14:43:00+05:30,412.8,412.85,411.9,412.0,31603,ITC
2025-03-12 14:44:00+05:30,412.1,413.3,412.0,412.35,197247,ITC
2025-03-12 14:45:00+05:30,412.5,412.55,412.2,412.35,18778,ITC
2025-03-12 14:46:00+05:30,412.2,412.3,412.05,412.1,15091,ITC
2025-03-12 14:47:00+05:30,412.1,412.35,412.05,412.35,16232,ITC
2025-03-12 14:48:00+05:30,412.35,412.35,412.15,412.15,12520,ITC
2025-03-12 14:49:00+05:30,412.1,412.25,412.1,412.15,220015,ITC
2025-03-12 14:50:00+05:30,412.25,412.25,412.05,412.05,7325,ITC
2025-03-12 14:51:00+05:30,412.05,412.15,412.0,412.0,10821,ITC
2025-03-12 14:52:00+05:30,412.0,412.5,412.0,412.35,14004,ITC
2025-03-12 14:53:00+05:30,412.35,412.45,412.3,412.4,12135,ITC
2025-03-12 14:54:00+05:30,412.4,412.4,411.9,412.05,46362,ITC
2025-03-12 14:55:00+05:30,411.9,412.5,411.9,412.35,44819,ITC
2025-03-12 14:56:00+05:30,412.5,413.0,412.35,412.8,58073,ITC
2025-03-12 14:57:00+05:30,412.8,412.8,412.4,412.6,25608,ITC
2025-03-12 14:58:00+05:30,412.6,412.6,412.35,412.5,10628,ITC
2025-03-12 14:59:00+05:30,412.5,412.85,412.45,412.85,57788,ITC
2025-03-12 15:00:00+05:30,412.85,413.05,412.45,412.45,69875,ITC
2025-03-12 15:01:00+05:30,412.3,412.3,412.15,412.15,43408,ITC
2025-03-12 15:02:00+05:30,412.15,412.15,412.05,412.1,28079,ITC
2025-03-12 15:03:00+05:30,412.05,412.1,411.8,411.95,63144,ITC
2025-03-12 15:04:00+05:30,411.9,412.05,411.8,412.05,31918,ITC
2025-03-12 15:05:00+05:30,412.05,412.1,412.05,412.05,14025,ITC
2025-03-12 15:06:00+05:30,412.05,412.05,411.95,412.05,26366,ITC
2025-03-12 15:07:00+05:30,411.85,412.0,411.85,411.9,21158,ITC
2025-03-12 15:08:00+05:30,411.85,411.9,411.75,411.75,35330,ITC
2025-03-12 15:09:00+05:30,411.7,411.9,411.7,411.9,36587,ITC
2025-03-12 15:10:00+05:30,411.9,411.95,411.85,411.95,36732,ITC
2025-03-12 15:11:00+05:30,411.95,411.95,411.9,411.95,24591,ITC
2025-03-12 15:12:00+05:30,411.95,412.05,411.9,412.0,47507,ITC
2025-03-12 15:13:00+05:30,412.0,412.05,412.0,412.05,32092,ITC
2025-03-12 15:14:00+05:30,412.4,412.5,412.25,412.25,401765,ITC
2025-03-12 15:15:00+05:30,412.35,412.4,412.05,412.1,78941,ITC
2025-03-12 15:16:00+05:30,412.0,412.3,412.0,412.1,216919,ITC
2025-03-12 15:17:00+05:30,412.15,412.5,412.05,412.5,351230,ITC
2025-03-12 15:18:00+05:30,412.5,412.55,412.25,412.55,285366,ITC
2025-03-12 15:19:00+05:30,412.55,412.55,412.35,412.35,162203,ITC
2025-03-12 15:20:00+05:30,412.3,412.35,412.25,412.25,86485,ITC
2025-03-12 15:21:00+05:30,412.2,412.55,412.1,412.55,162784,ITC
2025-03-12 15:22:00+05:30,412.55,412.55,412.3,412.3,111750,ITC
2025-03-12 15:23:00+05:30,412.15,412.55,412.15,412.45,175281,ITC
2025-03-12 15:24:00+05:30,412.45,412.55,412.25,412.4,86331,ITC
2025-03-12 15:25:00+05:30,412.3,412.55,412.25,412.3,137501,ITC
2025-03-12 15:26:00+05:30,412.3,412.6,412.3,412.55,95647,ITC
2025-03-12 15:27:00+05:30,412.55,412.6,412.5,412.55,98076,ITC
2025-03-12 15:28:00+05:30,412.5,412.55,412.5,412.55,152235,ITC
2025-03-12 15:29:00+05:30,412.5,412.7,412.5,412.55,59359,ITC
2025-03-13 09:15:00+05:30,413.0,413.5,411.05,411.6,35684,ITC
2025-03-13 09:16:00+05:30,411.4,411.4,410.7,411.2,42633,ITC
2025-03-13 09:17:00+05:30,410.85,411.1,410.65,410.75,12884,ITC
2025-03-13 09:18:00+05:30,410.55,410.7,410.1,410.6,28546,ITC
2025-03-13 09:19:00+05:30,410.8,410.8,410.6,410.65,13760,ITC
2025-03-13 09:20:00+05:30,410.55,410.75,410.4,410.7,18357,ITC
2025-03-13 09:21:00+05:30,411.0,411.0,410.65,410.65,8908,ITC
2025-03-13 09:22:00+05:30,410.65,410.8,410.6,410.8,8249,ITC
2025-03-13 09:23:00+05:30,411.0,411.35,411.0,411.05,16685,ITC
2025-03-13 09:24:00+05:30,410.9,411.25,410.9,411.25,16430,ITC
2025-03-13 09:25:00+05:30,411.4,411.85,411.4,411.8,14972,ITC
2025-03-13 09:26:00+05:30,411.85,412.15,411.85,412.15,13756,ITC
2025-03-13 09:27:00+05:30,412.1,412.1,410.85,410.95,43739,ITC
2025-03-13 09:28:00+05:30,410.9,411.25,410.9,411.25,10370,ITC
2025-03-13 09:29:00+05:30,411.2,411.25,410.95,410.95,19518,ITC
2025-03-13 09:30:00+05:30,411.0,411.0,410.6,410.65,15200,ITC
2025-03-13 09:31:00+05:30,410.65,410.7,410.5,410.6,16165,ITC
2025-03-13 09:32:00+05:30,410.5,410.7,409.85,410.05,61520,ITC
2025-03-13 09:33:00+05:30,409.6,409.6,409.15,409.35,34240,ITC
2025-03-13 09:34:00+05:30,409.15,409.65,409.15,409.4,27369,ITC
2025-03-13 09:35:00+05:30,409.3,409.4,409.1,409.1,11068,ITC
2025-03-13 09:36:00+05:30,409.1,409.2,409.0,409.1,18938,ITC
2025-03-13 09:37:00+05:30,409.1,409.35,409.0,409.05,21487,ITC
2025-03-13 09:38:00+05:30,408.75,408.75,408.45,408.65,47194,ITC
2025-03-13 09:39:00+05:30,408.7,408.8,408.2,408.45,15300,ITC
2025-03-13 09:40:00+05:30,408.4,408.5,408.3,408.45,20597,ITC
2025-03-13 09:41:00+05:30,408.5,408.85,408.5,408.85,7489,ITC
2025-03-13 09:42:00+05:30,408.75,408.9,408.7,408.7,7458,ITC
2025-03-13 09:43:00+05:30,408.7,408.7,408.4,408.7,11003,ITC
2025-03-13 09:44:00+05:30,408.65,409.2,408.65,409.2,18559,ITC
2025-03-13 09:45:00+05:30,409.15,409.3,408.85,408.85,18210,ITC
2025-03-13 09:46:00+05:30,408.8,408.9,408.8,408.85,2950,ITC
2025-03-13 09:47:00+05:30,408.85,409.3,408.75,409.3,12827,ITC
2025-03-13 09:48:00+05:30,409.45,409.6,409.35,409.35,7132,ITC
2025-03-13 09:49:00+05:30,409.3,409.45,409.3,409.4,3647,ITC
2025-03-13 09:50:00+05:30,409.4,409.65,409.35,409.4,19488,ITC
2025-03-13 09:51:00+05:30,409.45,410.45,409.4,410.45,27306,ITC
2025-03-13 09:52:00+05:30,410.5,410.85,410.5,410.8,30870,ITC
2025-03-13 09:53:00+05:30,410.75,410.8,410.4,410.6,16397,ITC
2025-03-13 09:54:00+05:30,410.7,410.85,410.55,410.6,6402,ITC
2025-03-13 09:55:00+05:30,410.6,411.25,410.6,411.25,11244,ITC
2025-03-13 09:56:00+05:30,411.25,411.4,411.1,411.2,7880,ITC
2025-03-13 09:57:00+05:30,411.1,411.5,411.1,411.5,19190,ITC
2025-03-13 09:58:00+05:30,411.55,411.85,411.5,411.65,46823,ITC
2025-03-13 09:59:00+05:30,411.75,411.9,411.3,411.4,18986,ITC
2025-03-13 10:00:00+05:30,411.4,411.9,411.4,411.8,10422,ITC
2025-03-13 10:01:00+05:30,411.8,412.0,411.7,411.75,18282,ITC
2025-03-13 10:02:00+05:30,411.75,411.95,411.65,411.95,28940,ITC
2025-03-13 10:03:00+05:30,412.25,412.35,412.15,412.25,42393,ITC
2025-03-13 10:04:00+05:30,412.25,412.35,412.25,412.35,25386,ITC
2025-03-13 10:05:00+05:30,412.35,412.65,412.35,412.55,19856,ITC
2025-03-13 10:06:00+05:30,412.7,412.8,412.5,412.6,25234,ITC
2025-03-13 10:07:00+05:30,412.7,412.95,412.7,412.95,9977,ITC
2025-03-13 10:08:00+05:30,412.85,412.95,412.7,412.8,17373,ITC
2025-03-13 10:09:00+05:30,412.8,412.8,412.5,412.6,11779,ITC
2025-03-13 10:10:00+05:30,412.5,412.7,412.4,412.7,15086,ITC
2025-03-13 10:11:00+05:30,412.7,412.7,412.6,412.6,3167,ITC
2025-03-13 10:12:00+05:30,412.6,412.6,412.35,412.35,6014,ITC
2025-03-13 10:13:00+05:30,412.4,412.7,412.4,412.5,19767,ITC
2025-03-13 10:14:00+05:30,412.4,412.7,412.4,412.7,14017,ITC
2025-03-13 10:15:00+05:30,412.7,413.35,412.7,412.85,79109,ITC
2025-03-13 10:16:00+05:30,412.8,413.05,412.75,413.05,6168,ITC
2025-03-13 10:17:00+05:30,413.05,413.05,412.7,412.7,24057,ITC
2025-03-13 10:18:00+05:30,412.75,412.8,412.6,412.75,7613,ITC
2025-03-13 10:19:00+05:30,412.85,412.95,412.7,412.95,4316,ITC
2025-03-13 10:20:00+05:30,413.0,413.0,412.7,412.7,3578,ITC
2025-03-13 10:21:00+05:30,412.8,412.8,412.6,412.7,5066,ITC
2025-03-13 10:22:00+05:30,412.6,412.7,412.2,412.25,16262,ITC
2025-03-13 10:23:00+05:30,412.4,412.4,412.1,412.4,12808,ITC
2025-03-13 10:24:00+05:30,412.2,412.5,412.2,412.5,9546,ITC
2025-03-13 10:25:00+05:30,412.4,412.45,412.2,412.35,4114,ITC
2025-03-13 10:26:00+05:30,412.35,412.45,412.3,412.35,4834,ITC
2025-03-13 10:27:00+05:30,412.4,412.4,412.3,412.4,6161,ITC
2025-03-13 10:28:00+05:30,412.35,412.4,412.15,412.25,4329,ITC
2025-03-13 10:29:00+05:30,412.1,412.25,412.0,412.0,4042,ITC
2025-03-13 10:30:00+05:30,412.1,412.3,412.1,412.1,2855,ITC
2025-03-13 10:31:00+05:30,412.3,412.3,412.1,412.25,2220,ITC
2025-03-13 10:32:00+05:30,412.3,412.4,412.2,412.3,3843,ITC
2025-03-13 10:33:00+05:30,412.35,412.5,412.3,412.45,3373,ITC
2025-03-13 10:34:00+05:30,412.3,412.3,412.2,412.2,5536,ITC
2025-03-13 10:35:00+05:30,412.25,412.3,412.15,412.3,4707,ITC
2025-03-13 10:36:00+05:30,412.3,412.4,412.3,412.3,2585,ITC
2025-03-13 10:37:00+05:30,412.25,412.4,412.25,412.4,2382,ITC
2025-03-13 10:38:00+05:30,412.35,412.5,412.35,412.45,6827,ITC
2025-03-13 10:39:00+05:30,412.5,412.75,412.4,412.75,15107,ITC
2025-03-13 10:40:00+05:30,412.7,412.85,412.7,412.75,3752,ITC
2025-03-13 10:41:00+05:30,412.6,412.75,412.6,412.75,4135,ITC
2025-03-13 10:42:00+05:30,412.75,412.95,412.6,412.85,7302,ITC
2025-03-13 10:43:00+05:30,412.75,412.75,412.55,412.6,3430,ITC
2025-03-13 10:44:00+05:30,412.6,412.95,412.4,412.75,18934,ITC
2025-03-13 10:45:00+05:30,412.8,412.85,412.7,412.7,4257,ITC
2025-03-13 10:46:00+05:30,412.7,412.7,412.6,412.65,2179,ITC
2025-03-13 10:47:00+05:30,412.65,412.75,412.65,412.75,2047,ITC
2025-03-13 10:48:00+05:30,412.75,412.75,412.65,412.7,6292,ITC
2025-03-13 10:49:00+05:30,412.7,412.75,412.6,412.75,15871,ITC
2025-03-13 10:50:00+05:30,412.75,412.95,412.65,412.9,6404,ITC
2025-03-13 10:51:00+05:30,412.9,412.9,412.55,412.6,7690,ITC
2025-03-13 10:52:00+05:30,412.6,412.6,412.05,412.2,21005,ITC
2025-03-13 10:53:00+05:30,412.15,412.3,412.05,412.2,13907,ITC
2025-03-13 10:54:00+05:30,412.3,412.4,412.2,412.2,8163,ITC
2025-03-13 10:55:00+05:30,412.3,412.3,411.95,411.95,18200,ITC
2025-03-13 10:56:00+05:30,411.95,412.4,411.95,412.1,102381,ITC
2025-03-13 10:57:00+05:30,411.95,412.15,411.95,412.15,2784,ITC
2025-03-13 10:58:00+05:30,412.1,412.6,412.0,412.6,37956,ITC
2025-03-13 10:59:00+05:30,412.75,412.75,412.3,412.3,16553,ITC
2025-03-13 11:00:00+05:30,412.6,412.6,412.3,412.3,18432,ITC
2025-03-13 11:01:00+05:30,412.4,412.4,412.1,412.25,110066,ITC
2025-03-13 11:02:00+05:30,412.3,412.4,412.05,412.4,6328,ITC
2025-03-13 11:03:00+05:30,412.4,412.4,412.1,412.1,23306,ITC
2025-03-13 11:04:00+05:30,412.1,412.1,412.0,412.05,6134,ITC
2025-03-13 11:05:00+05:30,412.05,412.15,412.0,412.15,3574,ITC
2025-03-13 11:06:00+05:30,412.15,412.15,412.05,412.15,4589,ITC
2025-03-13 11:07:00+05:30,412.2,412.55,412.2,412.4,47322,ITC
2025-03-13 11:08:00+05:30,412.45,412.45,412.2,412.35,1978,ITC
2025-03-13 11:09:00+05:30,412.4,412.4,412.35,412.4,2154,ITC
2025-03-13 11:10:00+05:30,412.4,412.85,412.4,412.85,17748,ITC
2025-03-13 11:11:00+05:30,412.85,412.9,412.65,412.9,2848,ITC
2025-03-13 11:12:00+05:30,412.95,413.85,412.8,413.55,79186,ITC
2025-03-13 11:13:00+05:30,413.5,413.9,413.5,413.9,15063,ITC
2025-03-13 11:14:00+05:30,413.9,414.15,413.9,414.0,32250,ITC
2025-03-13 11:15:00+05:30,414.1,414.35,414.1,414.2,40820,ITC
2025-03-13 11:16:00+05:30,414.2,414.2,413.7,413.9,10096,ITC
2025-03-13 11:17:00+05:30,413.8,413.9,413.65,413.7,10090,ITC
2025-03-13 11:18:00+05:30,413.65,413.8,413.55,413.55,13212,ITC
2025-03-13 11:19:00+05:30,413.6,413.95,413.55,413.9,19611,ITC
2025-03-13 11:20:00+05:30,413.95,413.95,413.75,413.8,7956,ITC
2025-03-13 11:21:00+05:30,413.8,413.9,413.65,413.75,16913,ITC
2025-03-13 11:22:00+05:30,413.85,414.0,413.8,414.0,25601,ITC
2025-03-13 11:23:00+05:30,414.0,414.05,413.95,414.05,13416,ITC
2025-03-13 11:24:00+05:30,414.1,414.2,413.85,414.2,14389,ITC
2025-03-13 11:25:00+05:30,414.2,414.3,414.15,414.2,13213,ITC
2025-03-13 11:26:00+05:30,414.05,414.4,414.05,414.4,18211,ITC
2025-03-13 11:27:00+05:30,414.4,414.4,413.95,413.95,21881,ITC
2025-03-13 11:28:00+05:30,413.8,414.05,413.8,414.05,18262,ITC
2025-03-13 11:29:00+05:30,413.95,414.2,413.75,414.2,33941,ITC
2025-03-13 11:30:00+05:30,414.15,414.2,414.1,414.1,8456,ITC
2025-03-13 11:31:00+05:30,414.15,414.15,413.8,413.9,12697,ITC
2025-03-13 11:32:00+05:30,413.65,413.75,413.4,413.65,23499,ITC
2025-03-13 11:33:00+05:30,413.65,413.7,413.55,413.6,8419,ITC
2025-03-13 11:34:00+05:30,413.6,413.6,413.35,413.45,6244,ITC
2025-03-13 11:35:00+05:30,413.4,413.5,413.35,413.4,9192,ITC
2025-03-13 11:36:00+05:30,413.4,413.75,413.4,413.75,14464,ITC
2025-03-13 11:37:00+05:30,413.5,413.65,413.25,413.25,24703,ITC
2025-03-13 11:38:00+05:30,413.45,413.45,413.1,413.1,29645,ITC
2025-03-13 11:39:00+05:30,413.0,413.0,412.45,412.6,189782,ITC
2025-03-13 11:40:00+05:30,412.2,412.25,412.0,412.0,44605,ITC
2025-03-13 11:41:00+05:30,412.15,412.3,411.8,411.95,21653,ITC
2025-03-13 11:42:00+05:30,411.9,412.15,411.7,411.75,9862,ITC
2025-03-13 11:43:00+05:30,411.7,411.95,411.3,411.95,35570,ITC
2025-03-13 11:44:00+05:30,412.15,412.55,412.15,412.5,75332,ITC
2025-03-13 11:45:00+05:30,412.4,412.5,412.0,412.0,147593,ITC
2025-03-13 11:46:00+05:30,412.0,412.25,411.6,412.25,28511,ITC
2025-03-13 11:47:00+05:30,412.25,412.25,411.7,411.7,15754,ITC
2025-03-13 11:48:00+05:30,411.65,411.7,411.35,411.5,22695,ITC
2025-03-13 11:49:00+05:30,411.5,411.8,411.25,411.3,17586,ITC
2025-03-13 11:50:00+05:30,411.25,411.55,411.2,411.3,14486,ITC
2025-03-13 11:51:00+05:30,411.5,411.7,411.35,411.7,10774,ITC
2025-03-13 11:52:00+05:30,411.6,411.95,411.6,411.8,8243,ITC
2025-03-13 11:53:00+05:30,411.7,411.8,411.5,411.75,25950,ITC
2025-03-13 11:54:00+05:30,411.75,411.75,411.15,411.15,20241,ITC
2025-03-13 11:55:00+05:30,411.1,411.3,411.05,411.3,9649,ITC
2025-03-13 11:56:00+05:30,411.3,411.55,411.3,411.55,8769,ITC
2025-03-13 11:57:00+05:30,411.65,411.85,411.5,411.75,7599,ITC
2025-03-13 11:58:00+05:30,411.75,411.85,411.75,411.85,4534,ITC
2025-03-13 11:59:00+05:30,411.85,411.85,411.7,411.85,11113,ITC
2025-03-13 12:00:00+05:30,411.85,411.9,411.7,411.9,5474,ITC
2025-03-13 12:01:00+05:30,411.7,412.2,411.7,412.05,17077,ITC
2025-03-13 12:02:00+05:30,412.2,412.2,411.95,412.05,8093,ITC
2025-03-13 12:03:00+05:30,412.05,412.05,411.65,411.95,7573,ITC
2025-03-13 12:04:00+05:30,411.9,412.0,411.8,412.0,6061,ITC
2025-03-13 12:05:00+05:30,411.9,411.9,411.6,411.75,12742,ITC
2025-03-13 12:06:00+05:30,411.55,411.9,411.55,411.9,7880,ITC
2025-03-13 12:07:00+05:30,411.9,412.0,411.9,412.0,4695,ITC
2025-03-13 12:08:00+05:30,412.0,412.15,411.8,412.05,13238,ITC
2025-03-13 12:09:00+05:30,412.05,412.15,411.9,412.15,7669,ITC
2025-03-13 12:10:00+05:30,412.15,412.15,411.7,412.0,8462,ITC
2025-03-13 12:11:00+05:30,412.05,412.1,411.9,412.0,6982,ITC
2025-03-13 12:12:00+05:30,412.0,412.2,411.75,412.15,32609,ITC
2025-03-13 12:13:00+05:30,412.15,412.2,412.0,412.15,9137,ITC
2025-03-13 12:14:00+05:30,412.15,412.2,411.85,411.85,12623,ITC
2025-03-13 12:15:00+05:30,411.9,412.1,411.8,411.85,12395,ITC
2025-03-13 12:16:00+05:30,411.8,412.75,411.8,412.5,83169,ITC
2025-03-13 12:17:00+05:30,412.5,412.6,412.45,412.55,8145,ITC
2025-03-13 12:18:00+05:30,412.45,412.75,412.4,412.4,7757,ITC
2025-03-13 12:19:00+05:30,412.55,412.7,412.3,412.7,12654,ITC
2025-03-13 12:20:00+05:30,412.75,412.85,412.65,412.75,12490,ITC
2025-03-13 12:21:00+05:30,412.75,412.8,412.35,412.55,15596,ITC
2025-03-13 12:22:00+05:30,412.45,412.7,412.45,412.6,7959,ITC
2025-03-13 12:23:00+05:30,412.6,412.75,412.6,412.7,5526,ITC
2025-03-13 12:24:00+05:30,412.75,412.8,412.55,412.7,6712,ITC
2025-03-13 12:25:00+05:30,412.6,412.8,412.4,412.4,18076,ITC
2025-03-13 12:26:00+05:30,412.45,412.75,412.45,412.7,14441,ITC
2025-03-13 12:27:00+05:30,412.7,412.7,412.5,412.6,15371,ITC
2025-03-13 12:28:00+05:30,412.6,412.65,412.4,412.6,11720,ITC
2025-03-13 12:29:00+05:30,412.55,412.6,412.35,412.45,11413,ITC
2025-03-13 12:30:00+05:30,412.5,412.6,412.4,412.5,9351,ITC
2025-03-13 12:31:00+05:30,412.6,412.65,412.4,412.65,11430,ITC
2025-03-13 12:32:00+05:30,412.7,412.7,412.6,412.7,11365,ITC
2025-03-13 12:33:00+05:30,412.7,412.7,412.55,412.65,12830,ITC
2025-03-13 12:34:00+05:30,412.65,412.65,412.4,412.45,6581,ITC
2025-03-13 12:35:00+05:30,412.45,412.6,412.45,412.6,13118,ITC
2025-03-13 12:36:00+05:30,412.6,412.6,412.4,412.6,12147,ITC
2025-03-13 12:37:00+05:30,412.6,412.6,412.4,412.6,7824,ITC
2025-03-13 12:38:00+05:30,412.55,412.6,412.35,412.6,10257,ITC
2025-03-13 12:39:00+05:30,412.6,412.6,412.5,412.5,10565,ITC
2025-03-13 12:40:00+05:30,412.5,412.55,412.4,412.45,16999,ITC
2025-03-13 12:41:00+05:30,412.25,412.45,412.25,412.4,12539,ITC
2025-03-13 12:42:00+05:30,412.4,412.4,412.25,412.3,8533,ITC
2025-03-13 12:43:00+05:30,412.3,412.6,412.3,412.6,15337,ITC
2025-03-13 12:44:00+05:30,412.45,412.65,412.45,412.6,12300,ITC
2025-03-13 12:45:00+05:30,412.65,412.65,412.4,412.4,13298,ITC
2025-03-13 12:46:00+05:30,412.65,412.65,412.45,412.65,10292,ITC
2025-03-13 12:47:00+05:30,412.65,412.65,412.25,412.45,11333,ITC
2025-03-13 12:48:00+05:30,412.45,412.5,412.2,412.5,16323,ITC
2025-03-13 12:49:00+05:30,412.5,412.5,412.3,412.3,9738,ITC
2025-03-13 12:50:00+05:30,412.5,412.5,412.3,412.35,13411,ITC
2025-03-13 12:51:00+05:30,412.35,412.65,412.35,412.6,14137,ITC
2025-03-13 12:52:00+05:30,412.65,412.7,412.65,412.7,8956,ITC
2025-03-13 12:53:00+05:30,412.7,412.8,412.6,412.75,8562,ITC
2025-03-13 12:54:00+05:30,412.8,412.8,412.5,412.7,7631,ITC
2025-03-13 12:55:00+05:30,412.7,412.8,412.5,412.5,8213,ITC
2025-03-13 12:56:00+05:30,412.6,412.7,412.5,412.7,18573,ITC
2025-03-13 12:57:00+05:30,412.7,412.7,412.55,412.7,8495,ITC
2025-03-13 12:58:00+05:30,412.7,412.75,412.65,412.75,11514,ITC
2025-03-13 12:59:00+05:30,412.75,412.8,412.65,412.8,12574,ITC
2025-03-13 13:00:00+05:30,412.8,412.8,412.75,412.75,14727,ITC
2025-03-13 13:01:00+05:30,412.75,412.8,412.75,412.8,10814,ITC
2025-03-13 13:02:00+05:30,412.8,412.8,412.75,412.8,9428,ITC
2025-03-13 13:03:00+05:30,412.8,412.8,412.65,412.8,10938,ITC
2025-03-13 13:04:00+05:30,412.8,412.85,412.7,412.8,11357,ITC
2025-03-13 13:05:00+05:30,412.8,412.85,412.8,412.85,10043,ITC
2025-03-13 13:06:00+05:30,412.85,412.95,412.75,412.85,7836,ITC
2025-03-13 13:07:00+05:30,412.9,412.9,412.7,412.75,11229,ITC
2025-03-13 13:08:00+05:30,412.7,412.7,412.4,412.6,10835,ITC
2025-03-13 13:09:00+05:30,412.6,412.6,412.25,412.35,11881,ITC
2025-03-13 13:10:00+05:30,412.3,412.4,412.25,412.35,10700,ITC
2025-03-13 13:11:00+05:30,412.25,412.5,412.25,412.5,9357,ITC
2025-03-13 13:12:00+05:30,412.5,412.75,412.45,412.7,24405,ITC
2025-03-13 13:13:00+05:30,412.55,412.65,412.55,412.65,7383,ITC
2025-03-13 13:14:00+05:30,412.6,412.65,412.55,412.6,13269,ITC
2025-03-13 13:15:00+05:30,412.6,412.7,412.3,412.3,34743,ITC
2025-03-13 13:16:00+05:30,412.3,412.65,412.3,412.6,27695,ITC
2025-03-13 13:17:00+05:30,412.6,412.6,412.45,412.55,9146,ITC
2025-03-13 13:18:00+05:30,412.6,412.65,412.4,412.65,9618,ITC
2025-03-13 13:19:00+05:30,412.65,412.95,412.6,412.95,29913,ITC
2025-03-13 13:20:00+05:30,412.95,413.0,412.7,413.0,14254,ITC
2025-03-13 13:21:00+05:30,413.0,413.0,412.8,412.95,16476,ITC
2025-03-13 13:22:00+05:30,412.9,412.95,412.7,412.95,13786,ITC
2025-03-13 13:23:00+05:30,412.9,412.9,412.65,412.85,15710,ITC
2025-03-13 13:24:00+05:30,412.85,412.95,412.7,412.7,14577,ITC
2025-03-13 13:25:00+05:30,412.9,413.0,412.9,413.0,23963,ITC
2025-03-13 13:26:00+05:30,413.0,413.0,412.85,412.85,21062,ITC
2025-03-13 13:27:00+05:30,412.85,412.9,412.8,412.85,21468,ITC
2025-03-13 13:28:00+05:30,412.85,412.85,412.7,412.8,18768,ITC
2025-03-13 13:29:00+05:30,412.75,412.8,412.65,412.65,16879,ITC
2025-03-13 13:30:00+05:30,412.5,412.7,412.5,412.7,22919,ITC
2025-03-13 13:31:00+05:30,412.7,412.9,412.65,412.75,10449,ITC
2025-03-13 13:32:00+05:30,412.85,412.95,412.85,412.9,8541,ITC
2025-03-13 13:33:00+05:30,412.95,412.95,412.9,412.95,13528,ITC
2025-03-13 13:34:00+05:30,412.95,413.0,412.95,413.0,20644,ITC
2025-03-13 13:35:00+05:30,413.0,413.0,412.95,413.0,10389,ITC
2025-03-13 13:36:00+05:30,413.0,413.1,413.0,413.05,16965,ITC
2025-03-13 13:37:00+05:30,413.1,413.3,413.1,413.3,20483,ITC
2025-03-13 13:38:00+05:30,413.55,413.6,413.4,413.5,16777,ITC
2025-03-13 13:39:00+05:30,413.5,413.55,413.35,413.55,10610,ITC
2025-03-13 13:40:00+05:30,413.55,413.6,413.4,413.6,24342,ITC
2025-03-13 13:41:00+05:30,413.55,413.75,413.3,413.75,18854,ITC
2025-03-13 13:42:00+05:30,413.7,413.75,413.6,413.75,12091,ITC
2025-03-13 13:43:00+05:30,413.65,413.65,413.45,413.6,12031,ITC
2025-03-13 13:44:00+05:30,413.6,413.65,413.4,413.6,14109,ITC
2025-03-13 13:45:00+05:30,413.6,413.65,413.55,413.55,12668,ITC
2025-03-13 13:46:00+05:30,413.55,413.7,413.55,413.7,19095,ITC
2025-03-13 13:47:00+05:30,413.7,413.75,413.55,413.75,10908,ITC
2025-03-13 13:48:00+05:30,413.75,413.75,413.55,413.7,34801,ITC
2025-03-13 13:49:00+05:30,413.7,413.75,413.55,413.65,15710,ITC
2025-03-13 13:50:00+05:30,413.7,413.75,413.5,413.7,11043,ITC
2025-03-13 13:51:00+05:30,413.7,413.7,413.4,413.4,10236,ITC
2025-03-13 13:52:00+05:30,413.55,413.6,413.55,413.55,8447,ITC
2025-03-13 13:53:00+05:30,413.3,413.55,413.3,413.5,22786,ITC
2025-03-13 13:54:00+05:30,413.5,413.5,413.2,413.25,14458,ITC
2025-03-13 13:55:00+05:30,413.25,413.4,413.0,413.35,13204,ITC
2025-03-13 13:56:00+05:30,413.35,413.4,413.0,413.15,11813,ITC
2025-03-13 13:57:00+05:30,413.15,413.15,412.85,413.15,29236,ITC
2025-03-13 13:58:00+05:30,413.15,413.25,412.7,413.15,16988,ITC
2025-03-13 13:59:00+05:30,412.9,413.25,412.9,413.1,12584,ITC
2025-03-13 14:00:00+05:30,413.1,413.7,412.95,413.7,330143,ITC
2025-03-13 14:01:00+05:30,413.7,413.9,413.5,413.5,33832,ITC
2025-03-13 14:02:00+05:30,413.6,413.9,413.5,413.7,71433,ITC
2025-03-13 14:03:00+05:30,413.8,413.9,413.55,413.6,13391,ITC
2025-03-13 14:04:00+05:30,413.65,413.75,413.6,413.6,9452,ITC
2025-03-13 14:05:00+05:30,413.65,413.7,413.5,413.7,13108,ITC
2025-03-13 14:06:00+05:30,413.7,413.8,413.6,413.8,20154,ITC
2025-03-13 14:07:00+05:30,413.8,413.8,413.4,413.4,8262,ITC
2025-03-13 14:08:00+05:30,413.35,413.7,413.35,413.55,17503,ITC
2025-03-13 14:09:00+05:30,413.55,413.75,413.55,413.7,13684,ITC
2025-03-13 14:10:00+05:30,413.65,413.65,413.35,413.4,9370,ITC
2025-03-13 14:11:00+05:30,413.4,413.65,413.4,413.5,8138,ITC
2025-03-13 14:12:00+05:30,413.5,413.5,413.3,413.3,10616,ITC
2025-03-13 14:13:00+05:30,413.45,413.6,413.4,413.45,14294,ITC
2025-03-13 14:14:00+05:30,413.5,413.5,413.25,413.3,18799,ITC
2025-03-13 14:15:00+05:30,413.4,413.4,413.0,413.0,12306,ITC
2025-03-13 14:16:00+05:30,412.9,413.0,412.75,412.9,9977,ITC
2025-03-13 14:17:00+05:30,412.85,412.9,412.7,412.8,11013,ITC
2025-03-13 14:18:00+05:30,412.8,412.85,412.65,412.65,14997,ITC
2025-03-13 14:19:00+05:30,412.95,413.05,412.85,413.05,52455,ITC
2025-03-13 14:20:00+05:30,413.0,413.0,412.75,412.85,15628,ITC
2025-03-13 14:21:00+05:30,412.85,412.9,412.6,412.75,16499,ITC
2025-03-13 14:22:00+05:30,412.8,412.85,412.75,412.85,12559,ITC
2025-03-13 14:23:00+05:30,412.85,412.85,412.45,412.45,22922,ITC
2025-03-13 14:24:00+05:30,412.7,412.85,412.65,412.8,25581,ITC
2025-03-13 14:25:00+05:30,412.8,412.95,412.55,412.8,21907,ITC
2025-03-13 14:26:00+05:30,412.8,412.8,412.5,412.65,17798,ITC
2025-03-13 14:27:00+05:30,412.7,412.7,412.6,412.6,12474,ITC
2025-03-13 14:28:00+05:30,412.6,412.65,412.4,412.45,19266,ITC
2025-03-13 14:29:00+05:30,412.1,412.5,412.1,412.5,21907,ITC
2025-03-13 14:30:00+05:30,412.5,412.5,412.0,412.0,46100,ITC
2025-03-13 14:31:00+05:30,412.0,412.1,411.9,411.9,35784,ITC
2025-03-13 14:32:00+05:30,411.9,412.15,411.7,412.1,16793,ITC
2025-03-13 14:33:00+05:30,412.1,412.4,412.05,412.4,32951,ITC
2025-03-13 14:34:00+05:30,412.35,412.5,412.2,412.2,36239,ITC
2025-03-13 14:35:00+05:30,412.25,412.75,412.05,412.4,107198,ITC
2025-03-13 14:36:00+05:30,412.55,412.75,412.15,412.25,25443,ITC
2025-03-13 14:37:00+05:30,412.2,412.45,412.1,412.4,25015,ITC
2025-03-13 14:38:00+05:30,412.4,412.5,412.35,412.5,21194,ITC
2025-03-13 14:39:00+05:30,412.55,412.65,412.35,412.65,38329,ITC
2025-03-13 14:40:00+05:30,412.7,412.75,412.55,412.75,31065,ITC
2025-03-13 14:41:00+05:30,412.6,412.8,412.55,412.65,37850,ITC
2025-03-13 14:42:00+05:30,412.65,412.7,412.5,412.55,45066,ITC
2025-03-13 14:43:00+05:30,412.65,412.8,412.5,412.8,44735,ITC
2025-03-13 14:44:00+05:30,412.8,412.8,412.5,412.7,32228,ITC
2025-03-13 14:45:00+05:30,412.7,412.7,412.4,412.55,28130,ITC
2025-03-13 14:46:00+05:30,412.7,412.75,412.45,412.45,43485,ITC
2025-03-13 14:47:00+05:30,412.55,412.7,412.4,412.65,36126,ITC
2025-03-13 14:48:00+05:30,412.65,412.75,412.55,412.55,39066,ITC
2025-03-13 14:49:00+05:30,412.65,412.8,412.65,412.65,39415,ITC
2025-03-13 14:50:00+05:30,412.65,412.7,412.45,412.65,33220,ITC
2025-03-13 14:51:00+05:30,412.75,412.8,412.55,412.8,35995,ITC
2025-03-13 14:52:00+05:30,412.8,412.95,412.6,412.95,45954,ITC
2025-03-13 14:53:00+05:30,413.0,413.0,412.7,413.0,41593,ITC
2025-03-13 14:54:00+05:30,412.75,413.0,412.5,412.5,46740,ITC
2025-03-13 14:55:00+05:30,412.75,412.9,412.65,412.9,78552,ITC
2025-03-13 14:56:00+05:30,412.95,413.5,412.75,413.25,121960,ITC
2025-03-13 14:57:00+05:30,413.2,413.8,413.05,413.8,69529,ITC
2025-03-13 14:58:00+05:30,413.6,413.65,413.25,413.4,30950,ITC
2025-03-13 14:59:00+05:30,413.4,413.4,413.2,413.25,17212,ITC
2025-03-13 15:00:00+05:30,413.15,413.15,412.75,412.9,31920,ITC
2025-03-13 15:01:00+05:30,412.75,413.0,412.7,412.7,22678,ITC
2025-03-13 15:02:00+05:30,412.7,412.85,412.6,412.85,31584,ITC
2025-03-13 15:03:00+05:30,412.9,412.95,412.65,412.7,39461,ITC
2025-03-13 15:04:00+05:30,412.7,412.8,412.6,412.7,29862,ITC
2025-03-13 15:05:00+05:30,412.6,412.65,412.35,412.35,33760,ITC
2025-03-13 15:06:00+05:30,412.5,412.75,412.45,412.45,51006,ITC
2025-03-13 15:07:00+05:30,412.5,412.5,412.2,412.35,56358,ITC
2025-03-13 15:08:00+05:30,412.3,412.3,412.1,412.15,18170,ITC
2025-03-13 15:09:00+05:30,412.1,412.2,412.05,412.15,17448,ITC
2025-03-13 15:10:00+05:30,412.2,412.3,412.2,412.25,45964,ITC
2025-03-13 15:11:00+05:30,412.2,412.2,411.9,411.9,38958,ITC
2025-03-13 15:12:00+05:30,411.9,412.0,411.8,411.9,27489,ITC
2025-03-13 15:13:00+05:30,411.95,411.95,411.8,411.85,26588,ITC
2025-03-13 15:14:00+05:30,411.8,411.9,411.65,411.7,36855,ITC
2025-03-13 15:15:00+05:30,411.85,412.0,411.7,412.0,52838,ITC
2025-03-13 15:16:00+05:30,411.95,411.95,411.8,411.8,21385,ITC
2025-03-13 15:17:00+05:30,411.8,412.1,411.75,412.0,54128,ITC
2025-03-13 15:18:00+05:30,411.9,411.9,411.5,411.5,59841,ITC
2025-03-13 15:19:00+05:30,411.4,411.75,411.4,411.75,63397,ITC
2025-03-13 15:20:00+05:30,411.9,411.95,411.5,411.5,39642,ITC
2025-03-13 15:21:00+05:30,411.75,411.9,411.55,411.75,37782,ITC
2025-03-13 15:22:00+05:30,411.75,411.85,411.45,411.7,40347,ITC
2025-03-13 15:23:00+05:30,411.7,411.7,411.35,411.7,29956,ITC
2025-03-13 15:24:00+05:30,411.65,411.8,411.55,411.8,30550,ITC
2025-03-13 15:25:00+05:30,411.85,412.05,411.85,411.9,39827,ITC
2025-03-13 15:26:00+05:30,411.8,412.0,411.75,412.0,23758,ITC
2025-03-13 15:27:00+05:30,411.8,411.95,411.65,411.95,48483,ITC
2025-03-13 15:28:00+05:30,412.0,412.0,411.65,411.8,21020,ITC
2025-03-13 15:29:00+05:30,411.8,411.9,411.25,411.5,19856,ITC
2025-03-17 09:15:00+05:30,413.0,416.25,412.3,414.65,103261,ITC
2025-03-17 09:16:00+05:30,414.55,414.85,413.8,413.95,16653,ITC
2025-03-17 09:17:00+05:30,414.05,414.55,413.6,414.3,42811,ITC
2025-03-17 09:18:00+05:30,414.3,415.6,414.3,414.6,29552,ITC
2025-03-17 09:19:00+05:30,414.9,415.1,413.95,414.55,157482,ITC
2025-03-17 09:20:00+05:30,414.4,414.7,414.15,414.25,10958,ITC
2025-03-17 09:21:00+05:30,414.4,414.4,413.75,414.0,18321,ITC
2025-03-17 09:22:00+05:30,414.0,414.35,413.9,414.2,4937,ITC
2025-03-17 09:23:00+05:30,414.25,414.45,413.5,413.75,11025,ITC
2025-03-17 09:24:00+05:30,413.75,413.75,413.5,413.7,9994,ITC
2025-03-17 09:25:00+05:30,413.7,413.9,413.1,413.25,20831,ITC
2025-03-17 09:26:00+05:30,413.15,413.3,412.5,412.7,6704,ITC
2025-03-17 09:27:00+05:30,412.7,413.3,412.5,412.95,44971,ITC
2025-03-17 09:28:00+05:30,413.15,413.2,412.8,412.9,9316,ITC
2025-03-17 09:29:00+05:30,412.9,412.9,412.6,412.8,7201,ITC
2025-03-17 09:30:00+05:30,412.8,412.8,412.05,412.1,20378,ITC
2025-03-17 09:31:00+05:30,412.25,412.7,412.05,412.65,16553,ITC
2025-03-17 09:32:00+05:30,412.5,413.2,412.5,413.2,15367,ITC
2025-03-17 09:33:00+05:30,413.2,413.8,413.05,413.7,35051,ITC
2025-03-17 09:34:00+05:30,413.75,413.8,413.1,413.45,45328,ITC
2025-03-17 09:35:00+05:30,413.5,413.6,413.05,413.6,17602,ITC
2025-03-17 09:36:00+05:30,413.6,413.7,413.35,413.6,14176,ITC
2025-03-17 09:37:00+05:30,413.6,414.4,413.55,414.4,58952,ITC
2025-03-17 09:38:00+05:30,414.4,414.55,414.0,414.15,13007,ITC
2025-03-17 09:39:00+05:30,414.1,414.4,414.0,414.2,14635,ITC
2025-03-17 09:40:00+05:30,414.1,414.2,413.65,413.7,13893,ITC
2025-03-17 09:41:00+05:30,413.65,413.65,413.0,413.15,11442,ITC
2025-03-17 09:42:00+05:30,413.15,413.2,412.7,413.05,16503,ITC
2025-03-17 09:43:00+05:30,413.1,413.1,412.3,412.45,20066,ITC
2025-03-17 09:44:00+05:30,412.5,412.5,412.3,412.5,5487,ITC
2025-03-17 09:45:00+05:30,412.4,412.7,412.35,412.35,21040,ITC
2025-03-17 09:46:00+05:30,412.35,412.5,411.65,411.8,27698,ITC
2025-03-17 09:47:00+05:30,411.8,411.95,411.6,411.9,12303,ITC
2025-03-17 09:48:00+05:30,411.9,411.9,411.5,411.65,16150,ITC
2025-03-17 09:49:00+05:30,411.65,411.7,411.5,411.6,6963,ITC
2025-03-17 09:50:00+05:30,411.6,411.7,411.25,411.3,19805,ITC
2025-03-17 09:51:00+05:30,411.25,412.0,411.25,411.95,12787,ITC
2025-03-17 09:52:00+05:30,411.8,411.95,411.5,411.8,6728,ITC
2025-03-17 09:53:00+05:30,411.8,412.2,411.4,412.0,27982,ITC
2025-03-17 09:54:00+05:30,411.85,412.1,411.65,411.65,13075,ITC
2025-03-17 09:55:00+05:30,411.65,411.85,411.5,411.65,9304,ITC
2025-03-17 09:56:00+05:30,411.75,412.0,411.6,411.95,12440,ITC
2025-03-17 09:57:00+05:30,412.0,412.0,411.5,411.75,12898,ITC
2025-03-17 09:58:00+05:30,411.75,411.75,411.5,411.65,12814,ITC
2025-03-17 09:59:00+05:30,411.65,411.85,411.25,411.3,26470,ITC
2025-03-17 10:00:00+05:30,411.4,411.7,411.2,411.45,10625,ITC
2025-03-17 10:01:00+05:30,411.45,411.8,411.25,411.55,9468,ITC
2025-03-17 10:02:00+05:30,411.45,411.9,411.4,411.7,11111,ITC
2025-03-17 10:03:00+05:30,411.7,411.8,411.6,411.75,3508,ITC
2025-03-17 10:04:00+05:30,411.75,411.8,411.3,411.4,7450,ITC
2025-03-17 10:05:00+05:30,411.3,411.65,411.25,411.5,12821,ITC
2025-03-17 10:06:00+05:30,411.6,411.8,410.7,411.2,70405,ITC
2025-03-17 10:07:00+05:30,411.1,411.8,410.9,411.65,30808,ITC
2025-03-17 10:08:00+05:30,411.65,411.7,411.5,411.65,12787,ITC
2025-03-17 10:09:00+05:30,411.65,411.7,411.45,411.6,4842,ITC
2025-03-17 10:10:00+05:30,411.7,411.7,411.55,411.7,9900,ITC
2025-03-17 10:11:00+05:30,411.7,412.3,411.6,412.25,19457,ITC
2025-03-17 10:12:00+05:30,412.25,412.25,411.75,411.95,10391,ITC
2025-03-17 10:13:00+05:30,412.0,412.05,411.85,412.0,4345,ITC
2025-03-17 10:14:00+05:30,411.95,412.25,411.85,412.05,17396,ITC
2025-03-17 10:15:00+05:30,412.0,412.1,411.6,411.7,6202,ITC
2025-03-17 10:16:00+05:30,411.75,411.75,411.3,411.35,12811,ITC
2025-03-17 10:17:00+05:30,411.35,411.7,411.3,411.6,14567,ITC
2025-03-17 10:18:00+05:30,411.6,411.7,411.4,411.55,7708,ITC
2025-03-17 10:19:00+05:30,411.6,411.6,411.2,411.2,12823,ITC
2025-03-17 10:20:00+05:30,411.4,411.45,411.0,411.1,7174,ITC
2025-03-17 10:21:00+05:30,411.1,411.15,411.0,411.1,13221,ITC
2025-03-17 10:22:00+05:30,411.0,411.3,411.0,411.25,16953,ITC
2025-03-17 10:23:00+05:30,411.25,411.25,411.1,411.15,4634,ITC
2025-03-17 10:24:00+05:30,411.15,411.45,411.1,411.3,7436,ITC
2025-03-17 10:25:00+05:30,411.45,411.45,411.2,411.3,5553,ITC
2025-03-17 10:26:00+05:30,411.25,411.25,411.0,411.05,8505,ITC
2025-03-17 10:27:00+05:30,411.05,411.05,410.5,410.6,18462,ITC
2025-03-17 10:28:00+05:30,410.5,410.65,410.35,410.55,17624,ITC
2025-03-17 10:29:00+05:30,410.55,410.55,410.4,410.55,5358,ITC
2025-03-17 10:30:00+05:30,410.55,410.6,410.4,410.4,6128,ITC
2025-03-17 10:31:00+05:30,410.5,410.5,410.4,410.5,4994,ITC
2025-03-17 10:32:00+05:30,410.5,410.5,410.15,410.4,12313,ITC
2025-03-17 10:33:00+05:30,410.3,410.65,410.3,410.45,10859,ITC
2025-03-17 10:34:00+05:30,410.45,410.45,410.0,410.1,18068,ITC
2025-03-17 10:35:00+05:30,410.1,410.25,410.0,410.2,2818,ITC
2025-03-17 10:36:00+05:30,410.2,410.25,409.7,409.8,16311,ITC
2025-03-17 10:37:00+05:30,409.75,409.95,409.6,409.7,6209,ITC
2025-03-17 10:38:00+05:30,409.8,409.8,409.6,409.8,9157,ITC
2025-03-17 10:39:00+05:30,409.65,409.8,409.6,409.75,3952,ITC
2025-03-17 10:40:00+05:30,409.75,409.75,409.6,409.7,8760,ITC
2025-03-17 10:41:00+05:30,409.7,409.75,409.6,409.75,4397,ITC
2025-03-17 10:42:00+05:30,409.75,409.75,409.55,409.55,5414,ITC
2025-03-17 10:43:00+05:30,409.65,409.65,409.35,409.45,4943,ITC
2025-03-17 10:44:00+05:30,409.4,409.7,409.35,409.7,26024,ITC
2025-03-17 10:45:00+05:30,409.7,410.0,409.65,409.85,5743,ITC
2025-03-17 10:46:00+05:30,409.85,409.85,409.5,409.8,9254,ITC
2025-03-17 10:47:00+05:30,409.6,409.8,409.55,409.75,9241,ITC
2025-03-17 10:48:00+05:30,409.75,409.75,409.25,409.5,20608,ITC
2025-03-17 10:49:00+05:30,409.5,409.5,409.3,409.5,10340,ITC
2025-03-17 10:50:00+05:30,409.5,409.5,409.35,409.5,4144,ITC
2025-03-17 10:51:00+05:30,409.5,409.5,409.1,409.25,6415,ITC
2025-03-17 10:52:00+05:30,409.25,409.3,409.0,409.0,21127,ITC
2025-03-17 10:53:00+05:30,409.2,409.2,409.0,409.2,5762,ITC
2025-03-17 10:54:00+05:30,409.2,409.6,409.15,409.5,14899,ITC
2025-03-17 10:55:00+05:30,409.55,409.85,409.4,409.65,6896,ITC
2025-03-17 10:56:00+05:30,409.85,410.2,409.6,410.2,13990,ITC
2025-03-17 10:57:00+05:30,410.05,410.25,409.95,410.2,7936,ITC
2025-03-17 10:58:00+05:30,410.15,410.25,410.05,410.25,4467,ITC
2025-03-17 10:59:00+05:30,410.25,410.25,410.0,410.05,6635,ITC
2025-03-17 11:00:00+05:30,410.05,410.25,410.0,410.25,5395,ITC
2025-03-17 11:01:00+05:30,410.25,410.25,410.0,410.15,5613,ITC
2025-03-17 11:02:00+05:30,410.0,410.25,410.0,410.2,14860,ITC
2025-03-17 11:03:00+05:30,410.15,410.2,410.0,410.2,6905,ITC
2025-03-17 11:04:00+05:30,410.2,410.5,410.05,410.15,22235,ITC
2025-03-17 11:05:00+05:30,410.15,410.45,410.0,410.15,9547,ITC
2025-03-17 11:06:00+05:30,410.15,410.2,410.0,410.05,3686,ITC
2025-03-17 11:07:00+05:30,410.0,410.2,410.0,410.2,4767,ITC
2025-03-17 11:08:00+05:30,410.2,410.2,410.0,410.0,3619,ITC
2025-03-17 11:09:00+05:30,410.05,410.1,410.0,410.05,5830,ITC
2025-03-17 11:10:00+05:30,410.05,410.1,409.4,409.55,30612,ITC
2025-03-17 11:11:00+05:30,409.7,409.7,409.5,409.6,5448,ITC
2025-03-17 11:12:00+05:30,409.55,409.7,409.5,409.7,15260,ITC
2025-03-17 11:13:00+05:30,409.7,409.7,409.5,409.7,4393,ITC
2025-03-17 11:14:00+05:30,409.7,409.7,409.1,409.15,8338,ITC
2025-03-17 11:15:00+05:30,409.3,409.35,409.05,409.15,5661,ITC
2025-03-17 11:16:00+05:30,409.2,409.3,408.8,408.9,16435,ITC
2025-03-17 11:17:00+05:30,408.9,409.0,408.8,408.8,22039,ITC
2025-03-17 11:18:00+05:30,408.8,408.8,408.7,408.75,5348,ITC
2025-03-17 11:19:00+05:30,408.75,409.0,408.7,408.9,7015,ITC
2025-03-17 11:20:00+05:30,408.9,408.9,408.7,408.85,3424,ITC
2025-03-17 11:21:00+05:30,408.85,408.85,408.6,408.65,6392,ITC
2025-03-17 11:22:00+05:30,408.6,408.8,408.55,408.75,12501,ITC
2025-03-17 11:23:00+05:30,408.6,408.75,408.5,408.5,6860,ITC
2025-03-17 11:24:00+05:30,408.6,408.6,408.5,408.6,4311,ITC
2025-03-17 11:25:00+05:30,408.6,408.6,408.5,408.6,5123,ITC
2025-03-17 11:26:00+05:30,408.6,408.6,408.5,408.55,10256,ITC
2025-03-17 11:27:00+05:30,408.6,408.6,408.35,408.55,19581,ITC
2025-03-17 11:28:00+05:30,408.55,408.9,408.5,408.8,9134,ITC
2025-03-17 11:29:00+05:30,408.8,408.85,408.5,408.8,9602,ITC
2025-03-17 11:30:00+05:30,408.75,408.85,408.65,408.85,5257,ITC
2025-03-17 11:31:00+05:30,408.8,408.85,408.6,408.8,3299,ITC
2025-03-17 11:32:00+05:30,408.8,408.85,408.6,408.8,5961,ITC
2025-03-17 11:33:00+05:30,408.8,408.8,408.55,408.55,3783,ITC
2025-03-17 11:34:00+05:30,408.55,408.65,408.5,408.55,4704,ITC
2025-03-17 11:35:00+05:30,408.6,408.7,408.45,408.6,10160,ITC
2025-03-17 11:36:00+05:30,408.55,408.8,408.5,408.75,7769,ITC
2025-03-17 11:37:00+05:30,408.7,408.8,408.6,408.6,4512,ITC
2025-03-17 11:38:00+05:30,408.6,408.9,408.6,408.75,5929,ITC
2025-03-17 11:39:00+05:30,408.9,409.3,408.75,409.2,17590,ITC
2025-03-17 11:40:00+05:30,409.2,409.2,409.05,409.2,5455,ITC
2025-03-17 11:41:00+05:30,409.2,409.25,408.95,409.0,6755,ITC
2025-03-17 11:42:00+05:30,409.1,409.15,408.8,408.9,5460,ITC
2025-03-17 11:43:00+05:30,409.0,409.0,408.8,409.0,4082,ITC
2025-03-17 11:44:00+05:30,409.0,409.05,408.8,408.8,4493,ITC
2025-03-17 11:45:00+05:30,409.0,409.0,408.8,408.9,3338,ITC
2025-03-17 11:46:00+05:30,409.0,409.0,408.8,408.85,4905,ITC
2025-03-17 11:47:00+05:30,408.8,408.9,408.75,408.9,3276,ITC
2025-03-17 11:48:00+05:30,408.8,408.9,408.7,408.85,5354,ITC
2025-03-17 11:49:00+05:30,408.85,408.9,408.7,408.9,9293,ITC
2025-03-17 11:50:00+05:30,408.85,408.9,408.75,408.9,6521,ITC
2025-03-17 11:51:00+05:30,408.85,408.9,408.7,408.8,4642,ITC
2025-03-17 11:52:00+05:30,408.8,408.9,408.7,408.9,3038,ITC
2025-03-17 11:53:00+05:30,408.9,408.9,408.75,408.85,4804,ITC
2025-03-17 11:54:00+05:30,408.75,408.9,408.6,408.9,6293,ITC
2025-03-17 11:55:00+05:30,408.85,408.9,408.6,408.85,3454,ITC
2025-03-17 11:56:00+05:30,408.85,408.85,408.65,408.75,5534,ITC
2025-03-17 11:57:00+05:30,408.75,408.9,408.6,408.85,6728,ITC
2025-03-17 11:58:00+05:30,408.85,408.95,408.7,408.95,5537,ITC
2025-03-17 11:59:00+05:30,408.85,409.0,408.75,408.85,8121,ITC
2025-03-17 12:00:00+05:30,408.95,409.0,408.85,409.0,5913,ITC
2025-03-17 12:01:00+05:30,408.95,409.0,408.8,408.95,5116,ITC
2025-03-17 12:02:00+05:30,408.95,408.95,408.55,408.55,7089,ITC
2025-03-17 12:03:00+05:30,408.65,408.65,408.25,408.5,19846,ITC
2025-03-17 12:04:00+05:30,408.5,408.85,408.45,408.8,8038,ITC
2025-03-17 12:05:00+05:30,408.8,408.9,408.5,408.9,4532,ITC
2025-03-17 12:06:00+05:30,408.9,408.9,408.7,408.85,3499,ITC
2025-03-17 12:07:00+05:30,408.9,408.9,408.75,408.9,3052,ITC
2025-03-17 12:08:00+05:30,408.9,408.9,408.7,408.85,3269,ITC
2025-03-17 12:09:00+05:30,408.9,409.1,408.75,408.95,9817,ITC
2025-03-17 12:10:00+05:30,408.85,408.95,408.6,408.65,5917,ITC
2025-03-17 12:11:00+05:30,408.7,408.85,408.6,408.65,4612,ITC
2025-03-17 12:12:00+05:30,408.8,408.9,408.6,408.85,4411,ITC
2025-03-17 12:13:00+05:30,408.85,408.9,408.65,408.85,3004,ITC
2025-03-17 12:14:00+05:30,408.85,408.9,408.6,408.65,4559,ITC
2025-03-17 12:15:00+05:30,408.65,408.65,408.5,408.6,5347,ITC
2025-03-17 12:16:00+05:30,408.55,408.6,408.5,408.6,13815,ITC
2025-03-17 12:17:00+05:30,408.6,408.6,408.4,408.45,17678,ITC
2025-03-17 12:18:00+05:30,408.45,408.5,408.1,408.5,12669,ITC
2025-03-17 12:19:00+05:30,408.5,408.7,408.35,408.6,8932,ITC
2025-03-17 12:20:00+05:30,408.6,408.75,408.5,408.65,6994,ITC
2025-03-17 12:21:00+05:30,408.65,408.65,408.25,408.3,10449,ITC
2025-03-17 12:22:00+05:30,408.25,408.4,408.25,408.4,6162,ITC
2025-03-17 12:23:00+05:30,408.4,408.4,408.15,408.35,3285,ITC
2025-03-17 12:24:00+05:30,408.35,408.4,408.25,408.4,2934,ITC
2025-03-17 12:25:00+05:30,408.35,408.7,408.05,408.5,35433,ITC
2025-03-17 12:26:00+05:30,408.5,408.55,408.3,408.35,6673,ITC
2025-03-17 12:27:00+05:30,408.45,408.55,408.35,408.45,5053,ITC
2025-03-17 12:28:00+05:30,408.45,408.7,408.4,408.65,6269,ITC
2025-03-17 12:29:00+05:30,408.45,408.8,408.45,408.7,7081,ITC
2025-03-17 12:30:00+05:30,408.75,408.75,408.5,408.7,14959,ITC
2025-03-17 12:31:00+05:30,408.7,408.7,408.5,408.7,4010,ITC
2025-03-17 12:32:00+05:30,408.65,408.75,408.35,408.5,9367,ITC
2025-03-17 12:33:00+05:30,408.65,408.65,408.45,408.45,4192,ITC
2025-03-17 12:34:00+05:30,408.55,408.55,408.4,408.5,4421,ITC
2025-03-17 12:35:00+05:30,408.5,408.5,408.15,408.3,10507,ITC
2025-03-17 12:36:00+05:30,408.35,408.4,408.05,408.1,7624,ITC
2025-03-17 12:37:00+05:30,408.25,408.25,408.1,408.1,3031,ITC
2025-03-17 12:38:00+05:30,408.15,408.15,408.0,408.0,15490,ITC
2025-03-17 12:39:00+05:30,408.1,408.2,408.0,408.1,4993,ITC
2025-03-17 12:40:00+05:30,408.15,408.2,408.0,408.15,4302,ITC
2025-03-17 12:41:00+05:30,408.05,408.05,407.6,407.75,31930,ITC
2025-03-17 12:42:00+05:30,407.75,407.75,407.6,407.6,5487,ITC
2025-03-17 12:43:00+05:30,407.65,407.65,407.4,407.55,14387,ITC
2025-03-17 12:44:00+05:30,407.5,407.75,407.45,407.65,15589,ITC
2025-03-17 12:45:00+05:30,407.65,407.7,407.25,407.35,9321,ITC
2025-03-17 12:46:00+05:30,407.35,407.4,407.0,407.2,14045,ITC
2025-03-17 12:47:00+05:30,407.15,407.3,407.15,407.2,7130,ITC
2025-03-17 12:48:00+05:30,407.3,407.4,407.05,407.15,4284,ITC
2025-03-17 12:49:00+05:30,407.2,407.4,407.15,407.2,5882,ITC
2025-03-17 12:50:00+05:30,407.25,407.25,407.05,407.2,5294,ITC
2025-03-17 12:51:00+05:30,407.15,407.2,407.1,407.2,10606,ITC
2025-03-17 12:52:00+05:30,407.15,407.2,407.05,407.1,4557,ITC
2025-03-17 12:53:00+05:30,407.1,407.3,407.05,407.15,3520,ITC
2025-03-17 12:54:00+05:30,407.15,407.4,407.1,407.2,5524,ITC
2025-03-17 12:55:00+05:30,407.25,407.35,407.05,407.25,9452,ITC
2025-03-17 12:56:00+05:30,407.25,407.35,407.2,407.35,3351,ITC
2025-03-17 12:57:00+05:30,407.3,407.4,407.1,407.3,10156,ITC
2025-03-17 12:58:00+05:30,407.4,407.7,407.25,407.35,10912,ITC
2025-03-17 12:59:00+05:30,407.35,407.4,407.1,407.25,4277,ITC
2025-03-17 13:00:00+05:30,407.25,408.35,407.2,407.65,162741,ITC
2025-03-17 13:01:00+05:30,407.65,407.75,407.45,407.5,4372,ITC
2025-03-17 13:02:00+05:30,407.55,407.6,407.4,407.55,7686,ITC
2025-03-17 13:03:00+05:30,407.6,407.95,407.55,407.85,7217,ITC
2025-03-17 13:04:00+05:30,407.9,408.25,407.9,408.05,11716,ITC
2025-03-17 13:05:00+05:30,408.15,408.2,408.0,408.0,26677,ITC
2025-03-17 13:06:00+05:30,408.0,408.05,407.75,408.0,8932,ITC
2025-03-17 13:07:00+05:30,408.05,408.05,407.95,408.0,10457,ITC
2025-03-17 13:08:00+05:30,408.05,408.05,407.95,408.0,17033,ITC
2025-03-17 13:09:00+05:30,408.05,408.15,408.0,408.15,10927,ITC
2025-03-17 13:10:00+05:30,408.05,408.3,408.05,408.25,13060,ITC
2025-03-17 13:11:00+05:30,408.3,408.85,408.25,408.8,28382,ITC
2025-03-17 13:12:00+05:30,408.8,409.0,408.75,408.9,24984,ITC
2025-03-17 13:13:00+05:30,408.95,409.35,408.85,409.2,20847,ITC
2025-03-17 13:14:00+05:30,409.3,409.3,409.0,409.05,8395,ITC
2025-03-17 13:15:00+05:30,409.1,409.15,409.0,409.1,15136,ITC
2025-03-17 13:16:00+05:30,409.1,409.1,409.0,409.0,5550,ITC
2025-03-17 13:17:00+05:30,409.05,409.1,408.9,408.95,24271,ITC
2025-03-17 13:18:00+05:30,408.9,409.0,408.85,408.9,13244,ITC
2025-03-17 13:19:00+05:30,408.9,408.9,408.6,408.8,29922,ITC
2025-03-17 13:20:00+05:30,408.8,408.85,408.75,408.85,7787,ITC
2025-03-17 13:21:00+05:30,408.85,408.95,408.75,408.85,8442,ITC
2025-03-17 13:22:00+05:30,408.85,409.1,408.6,408.7,25799,ITC
2025-03-17 13:23:00+05:30,408.75,409.0,408.6,408.9,8012,ITC
2025-03-17 13:24:00+05:30,408.9,409.15,408.7,409.05,8708,ITC
2025-03-17 13:25:00+05:30,409.05,409.15,408.9,409.15,12881,ITC
2025-03-17 13:26:00+05:30,409.15,409.75,408.95,409.5,129363,ITC
2025-03-17 13:27:00+05:30,409.5,409.5,409.15,409.25,9027,ITC
2025-03-17 13:28:00+05:30,409.2,409.3,409.15,409.3,8550,ITC
2025-03-17 13:29:00+05:30,409.3,409.6,409.15,409.45,24387,ITC
2025-03-17 13:30:00+05:30,409.4,409.5,409.25,409.5,14187,ITC
2025-03-17 13:31:00+05:30,409.5,409.6,409.4,409.5,4922,ITC
2025-03-17 13:32:00+05:30,409.55,409.55,409.3,409.5,7388,ITC
2025-03-17 13:33:00+05:30,409.55,409.75,409.45,409.5,13481,ITC
2025-03-17 13:34:00+05:30,409.5,409.7,409.45,409.6,7702,ITC
2025-03-17 13:35:00+05:30,409.55,409.6,409.4,409.55,6443,ITC
2025-03-17 13:36:00+05:30,409.6,409.6,409.25,409.35,15391,ITC
2025-03-17 13:37:00+05:30,409.35,409.5,409.25,409.45,8911,ITC
2025-03-17 13:38:00+05:30,409.45,409.5,409.3,409.5,8178,ITC
2025-03-17 13:39:00+05:30,409.5,409.5,409.25,409.3,8831,ITC
2025-03-17 13:40:00+05:30,409.3,409.35,409.1,409.15,10839,ITC
2025-03-17 13:41:00+05:30,409.15,409.15,409.05,409.05,10396,ITC
2025-03-17 13:42:00+05:30,409.1,409.15,408.85,408.85,11318,ITC
2025-03-17 13:43:00+05:30,409.0,409.15,408.9,409.1,15328,ITC
2025-03-17 13:44:00+05:30,409.15,409.25,409.0,409.2,8993,ITC
2025-03-17 13:45:00+05:30,409.2,409.5,409.0,409.45,15461,ITC
2025-03-17 13:46:00+05:30,409.45,409.45,409.05,409.2,4977,ITC
2025-03-17 13:47:00+05:30,409.15,409.2,408.8,409.0,10882,ITC
2025-03-17 13:48:00+05:30,409.0,409.0,408.65,408.8,7511,ITC
2025-03-17 13:49:00+05:30,408.8,408.85,408.55,408.65,10293,ITC
2025-03-17 13:50:00+05:30,408.65,408.65,408.35,408.45,11721,ITC
2025-03-17 13:51:00+05:30,408.4,408.8,408.25,408.55,22603,ITC
2025-03-17 13:52:00+05:30,408.6,408.65,408.3,408.6,8589,ITC
2025-03-17 13:53:00+05:30,408.6,408.85,408.45,408.75,7820,ITC
2025-03-17 13:54:00+05:30,408.8,408.8,408.65,408.75,5662,ITC
2025-03-17 13:55:00+05:30,408.75,409.0,408.65,409.0,11868,ITC
2025-03-17 13:56:00+05:30,409.0,409.15,408.6,409.0,31226,ITC
2025-03-17 13:57:00+05:30,409.0,409.5,409.0,409.4,25724,ITC
2025-03-17 13:58:00+05:30,409.35,409.5,409.3,409.45,8868,ITC
2025-03-17 13:59:00+05:30,409.5,409.8,409.4,409.7,11531,ITC
2025-03-17 14:00:00+05:30,409.7,409.8,409.45,409.5,9622,ITC
2025-03-17 14:01:00+05:30,409.55,409.6,409.4,409.55,7979,ITC
2025-03-17 14:02:00+05:30,409.55,409.55,409.2,409.35,9453,ITC
2025-03-17 14:03:00+05:30,409.35,409.4,409.1,409.3,7191,ITC
2025-03-17 14:04:00+05:30,409.3,409.5,409.2,409.35,5712,ITC
2025-03-17 14:05:00+05:30,409.4,409.5,409.2,409.3,10370,ITC
2025-03-17 14:06:00+05:30,409.3,409.45,409.2,409.45,7977,ITC
2025-03-17 14:07:00+05:30,409.4,409.5,409.25,409.5,7605,ITC
2025-03-17 14:08:00+05:30,409.45,409.5,409.35,409.45,7948,ITC
2025-03-17 14:09:00+05:30,409.5,409.6,409.0,409.2,34778,ITC
2025-03-17 14:10:00+05:30,409.3,409.45,409.2,409.35,8179,ITC
2025-03-17 14:11:00+05:30,409.4,409.4,409.2,409.35,6214,ITC
2025-03-17 14:12:00+05:30,409.35,409.4,409.25,409.3,6287,ITC
2025-03-17 14:13:00+05:30,409.35,409.4,409.0,409.15,7769,ITC
2025-03-17 14:14:00+05:30,409.1,409.2,408.85,409.05,8202,ITC
2025-03-17 14:15:00+05:30,409.0,409.05,408.8,408.8,8111,ITC
2025-03-17 14:16:00+05:30,408.8,408.85,408.55,408.7,11367,ITC
2025-03-17 14:17:00+05:30,408.75,408.9,408.6,408.85,11362,ITC
2025-03-17 14:18:00+05:30,408.9,408.9,408.7,408.9,7167,ITC
2025-03-17 14:19:00+05:30,408.75,408.9,408.6,408.85,9410,ITC
2025-03-17 14:20:00+05:30,408.7,408.85,408.5,408.5,11640,ITC
2025-03-17 14:21:00+05:30,408.55,408.6,408.15,408.2,18231,ITC
2025-03-17 14:22:00+05:30,408.2,408.35,408.05,408.2,12485,ITC
2025-03-17 14:23:00+05:30,408.1,408.2,408.0,408.05,16830,ITC
2025-03-17 14:24:00+05:30,408.1,408.35,408.05,408.35,9937,ITC
2025-03-17 14:25:00+05:30,408.3,408.35,408.1,408.25,6872,ITC
2025-03-17 14:26:00+05:30,408.15,408.25,408.15,408.2,9384,ITC
2025-03-17 14:27:00+05:30,408.2,408.45,408.2,408.25,7873,ITC
2025-03-17 14:28:00+05:30,408.25,408.4,408.05,408.15,9773,ITC
2025-03-17 14:29:00+05:30,408.15,408.25,408.05,408.25,7281,ITC
2025-03-17 14:30:00+05:30,408.15,408.25,408.0,408.1,7963,ITC
2025-03-17 14:31:00+05:30,408.15,408.2,408.05,408.2,6246,ITC
2025-03-17 14:32:00+05:30,408.2,408.4,408.05,408.4,14097,ITC
2025-03-17 14:33:00+05:30,408.4,408.65,408.2,408.55,21543,ITC
2025-03-17 14:34:00+05:30,408.55,408.8,408.5,408.75,8198,ITC
2025-03-17 14:35:00+05:30,408.7,408.95,408.6,408.85,15217,ITC
2025-03-17 14:36:00+05:30,408.9,408.9,408.65,408.8,16408,ITC
2025-03-17 14:37:00+05:30,408.85,408.85,408.55,408.6,5919,ITC
2025-03-17 14:38:00+05:30,408.6,408.65,408.45,408.55,13711,ITC
2025-03-17 14:39:00+05:30,408.55,408.6,408.45,408.5,8697,ITC
2025-03-17 14:40:00+05:30,408.55,408.55,408.15,408.15,11776,ITC
2025-03-17 14:41:00+05:30,408.25,408.25,408.0,408.05,8417,ITC
2025-03-17 14:42:00+05:30,408.05,408.3,408.0,408.15,18321,ITC
2025-03-17 14:43:00+05:30,408.25,408.3,408.05,408.2,8506,ITC
2025-03-17 14:44:00+05:30,408.2,408.35,408.0,408.25,13384,ITC
2025-03-17 14:45:00+05:30,408.25,408.4,408.1,408.25,7598,ITC
2025-03-17 14:46:00+05:30,408.25,408.3,408.05,408.3,9779,ITC
2025-03-17 14:47:00+05:30,408.2,408.25,408.0,408.15,12457,ITC
2025-03-17 14:48:00+05:30,408.05,408.2,408.0,408.15,8934,ITC
2025-03-17 14:49:00+05:30,408.1,408.2,408.0,408.1,20062,ITC
2025-03-17 14:50:00+05:30,408.05,408.2,408.0,408.1,12049,ITC
2025-03-17 14:51:00+05:30,408.1,408.4,408.05,408.25,13670,ITC
2025-03-17 14:52:00+05:30,408.3,408.5,408.2,408.4,13157,ITC
2025-03-17 14:53:00+05:30,408.4,408.45,408.15,408.25,9031,ITC
2025-03-17 14:54:00+05:30,408.2,408.45,408.15,408.4,13133,ITC
2025-03-17 14:55:00+05:30,408.45,408.55,408.3,408.5,16206,ITC
2025-03-17 14:56:00+05:30,408.5,408.75,408.45,408.75,12150,ITC
2025-03-17 14:57:00+05:30,408.75,408.85,408.55,408.55,12499,ITC
2025-03-17 14:58:00+05:30,408.65,408.8,408.5,408.8,5749,ITC
2025-03-17 14:59:00+05:30,408.7,408.85,408.55,408.75,11259,ITC
2025-03-17 15:00:00+05:30,408.7,408.75,408.5,408.7,22088,ITC
2025-03-17 15:01:00+05:30,408.65,408.75,408.55,408.55,12398,ITC
2025-03-17 15:02:00+05:30,408.55,408.65,408.5,408.6,16444,ITC
2025-03-17 15:03:00+05:30,408.6,408.65,408.45,408.5,23650,ITC
2025-03-17 15:04:00+05:30,408.45,408.55,408.35,408.45,21993,ITC
2025-03-17 15:05:00+05:30,408.5,408.5,408.35,408.45,15551,ITC
2025-03-17 15:06:00+05:30,408.4,408.7,408.35,408.6,30793,ITC
2025-03-17 15:07:00+05:30,408.6,408.6,408.4,408.5,15781,ITC
2025-03-17 15:08:00+05:30,408.45,408.5,408.3,408.4,14946,ITC
2025-03-17 15:09:00+05:30,408.35,408.4,408.15,408.15,23296,ITC
2025-03-17 15:10:00+05:30,408.25,408.3,408.05,408.1,21929,ITC
2025-03-17 15:11:00+05:30,408.15,408.2,408.1,408.2,39585,ITC
2025-03-17 15:12:00+05:30,408.15,408.25,408.05,408.1,16871,ITC
2025-03-17 15:13:00+05:30,408.1,408.15,408.05,408.1,31944,ITC
2025-03-17 15:14:00+05:30,408.1,408.1,407.95,408.0,27002,ITC
2025-03-17 15:15:00+05:30,407.95,408.1,407.9,408.05,49165,ITC
2025-03-17 15:16:00+05:30,408.0,408.05,407.75,407.8,36475,ITC
2025-03-17 15:17:00+05:30,407.8,407.85,407.7,407.8,25458,ITC
2025-03-17 15:18:00+05:30,407.75,407.8,407.7,407.8,26824,ITC
2025-03-17 15:19:00+05:30,407.75,407.8,407.5,407.6,41413,ITC
2025-03-17 15:20:00+05:30,407.6,407.65,407.35,407.6,44374,ITC
2025-03-17 15:21:00+05:30,407.55,407.6,407.45,407.5,26543,ITC
2025-03-17 15:22:00+05:30,407.5,407.9,407.45,407.8,58775,ITC
2025-03-17 15:23:00+05:30,407.8,407.85,407.75,407.85,20645,ITC
2025-03-17 15:24:00+05:30,407.8,407.9,407.75,407.9,22756,ITC
2025-03-17 15:25:00+05:30,407.85,407.95,407.8,407.95,32702,ITC
2025-03-17 15:26:00+05:30,407.9,408.0,407.6,407.6,33758,ITC
2025-03-17 15:27:00+05:30,407.6,407.75,407.3,407.7,45402,ITC
2025-03-17 15:28:00+05:30,407.6,407.8,407.25,407.5,22124,ITC
2025-03-17 15:29:00+05:30,407.8,407.8,407.4,407.8,15299,ITC
2025-03-18 09:15:00+05:30,410.0,410.1,407.75,407.9,451639,ITC
2025-03-18 09:16:00+05:30,408.0,409.9,407.95,409.55,345989,ITC
2025-03-18 09:17:00+05:30,409.45,409.95,409.35,409.9,21572,ITC
2025-03-18 09:18:00+05:30,409.9,409.9,407.95,408.45,516951,ITC
2025-03-18 09:19:00+05:30,408.45,409.0,407.9,408.95,451824,ITC
2025-03-18 09:20:00+05:30,408.8,408.95,407.9,408.25,123138,ITC
2025-03-18 09:21:00+05:30,408.25,409.15,408.1,408.55,53736,ITC
2025-03-18 09:22:00+05:30,408.55,409.6,408.55,409.55,62223,ITC
2025-03-18 09:23:00+05:30,409.6,409.75,409.45,409.55,29652,ITC
2025-03-18 09:24:00+05:30,409.7,410.4,409.6,410.1,55606,ITC
2025-03-18 09:25:00+05:30,409.85,410.35,409.85,410.25,25698,ITC
2025-03-18 09:26:00+05:30,410.3,410.5,410.15,410.5,36591,ITC
2025-03-18 09:27:00+05:30,410.4,410.6,409.9,410.6,31539,ITC
2025-03-18 09:28:00+05:30,410.45,410.55,409.9,410.0,23510,ITC
2025-03-18 09:29:00+05:30,410.15,410.4,409.9,410.25,20105,ITC
2025-03-18 09:30:00+05:30,410.25,410.45,409.7,410.25,47107,ITC
2025-03-18 09:31:00+05:30,410.35,410.45,409.55,409.85,93365,ITC
2025-03-18 09:32:00+05:30,409.8,410.3,409.8,409.95,16812,ITC
2025-03-18 09:33:00+05:30,409.95,410.4,409.8,410.35,16425,ITC
2025-03-18 09:34:00+05:30,410.35,410.45,409.45,410.0,85693,ITC
2025-03-18 09:35:00+05:30,410.0,410.35,409.75,410.2,44446,ITC
2025-03-18 09:36:00+05:30,410.4,411.0,410.2,410.7,32884,ITC
2025-03-18 09:37:00+05:30,410.75,410.8,410.2,410.7,19953,ITC
2025-03-18 09:38:00+05:30,410.7,410.7,410.5,410.65,7985,ITC
2025-03-18 09:39:00+05:30,410.7,411.0,410.5,410.6,73136,ITC
2025-03-18 09:40:00+05:30,410.6,410.75,410.1,410.15,11338,ITC
2025-03-18 09:41:00+05:30,410.15,410.35,410.0,410.15,6731,ITC
2025-03-18 09:42:00+05:30,410.15,410.4,409.8,410.15,12639,ITC
2025-03-18 09:43:00+05:30,410.15,410.35,409.55,409.6,15741,ITC
2025-03-18 09:44:00+05:30,409.6,409.6,409.45,409.6,12347,ITC
2025-03-18 09:45:00+05:30,409.5,409.5,408.8,408.95,39711,ITC
2025-03-18 09:46:00+05:30,408.95,409.4,408.95,409.2,8472,ITC
2025-03-18 09:47:00+05:30,409.25,409.4,409.15,409.3,34013,ITC
2025-03-18 09:48:00+05:30,409.35,409.4,409.25,409.35,10620,ITC
2025-03-18 09:49:00+05:30,409.35,409.85,409.35,409.7,21306,ITC
2025-03-18 09:50:00+05:30,409.55,409.7,409.15,409.65,32108,ITC
2025-03-18 09:51:00+05:30,409.7,409.8,409.35,409.5,26581,ITC
2025-03-18 09:52:00+05:30,409.55,409.75,409.5,409.55,32125,ITC
2025-03-18 09:53:00+05:30,409.55,409.85,409.3,409.55,65487,ITC
2025-03-18 09:54:00+05:30,409.55,409.6,409.2,409.35,30011,ITC
2025-03-18 09:55:00+05:30,409.25,409.35,408.95,409.15,42656,ITC
2025-03-18 09:56:00+05:30,409.05,409.2,409.0,409.1,6100,ITC
2025-03-18 09:57:00+05:30,409.2,409.2,409.0,409.1,8846,ITC
2025-03-18 09:58:00+05:30,409.1,409.2,408.95,409.1,6307,ITC
2025-03-18 09:59:00+05:30,409.0,409.15,408.95,408.95,9030,ITC
2025-03-18 10:00:00+05:30,409.0,409.5,408.75,409.4,68246,ITC
2025-03-18 10:01:00+05:30,409.5,409.95,409.3,409.55,84503,ITC
2025-03-18 10:02:00+05:30,409.65,410.0,409.5,409.6,76674,ITC
2025-03-18 10:03:00+05:30,409.8,409.8,409.25,409.55,36446,ITC
2025-03-18 10:04:00+05:30,409.5,410.0,409.35,409.75,53325,ITC
2025-03-18 10:05:00+05:30,409.7,410.0,409.6,409.65,31047,ITC
2025-03-18 10:06:00+05:30,409.8,410.55,409.55,410.55,39833,ITC
2025-03-18 10:07:00+05:30,410.45,410.45,409.55,410.1,21825,ITC
2025-03-18 10:08:00+05:30,410.1,410.15,409.6,410.0,40553,ITC
2025-03-18 10:09:00+05:30,409.85,410.0,409.55,409.9,18095,ITC
2025-03-18 10:10:00+05:30,409.8,409.9,409.5,409.75,55566,ITC
2025-03-18 10:11:00+05:30,409.75,409.95,409.45,409.8,17105,ITC
2025-03-18 10:12:00+05:30,409.65,409.65,409.25,409.65,10263,ITC
2025-03-18 10:13:00+05:30,409.55,409.95,409.2,409.6,21004,ITC
2025-03-18 10:14:00+05:30,409.6,410.25,409.6,409.65,43748,ITC
2025-03-18 10:15:00+05:30,409.65,409.95,409.25,409.3,33716,ITC
2025-03-18 10:16:00+05:30,409.25,409.65,409.15,409.45,15857,ITC
2025-03-18 10:17:00+05:30,409.4,410.2,409.4,410.0,48252,ITC
2025-03-18 10:18:00+05:30,409.95,410.25,409.75,409.75,40179,ITC
2025-03-18 10:19:00+05:30,409.75,410.25,409.45,410.15,42796,ITC
2025-03-18 10:20:00+05:30,410.15,410.25,409.7,409.8,39000,ITC
2025-03-18 10:21:00+05:30,409.85,410.05,409.75,409.95,16688,ITC
2025-03-18 10:22:00+05:30,409.9,410.45,409.9,410.3,55406,ITC
2025-03-18 10:23:00+05:30,410.2,410.4,410.1,410.15,8495,ITC
2025-03-18 10:24:00+05:30,410.15,410.35,410.0,410.15,36784,ITC
2025-03-18 10:25:00+05:30,410.15,410.4,410.05,410.3,16874,ITC
2025-03-18 10:26:00+05:30,410.25,410.4,410.05,410.15,11220,ITC
2025-03-18 10:27:00+05:30,410.15,410.4,410.0,410.2,14816,ITC
2025-03-18 10:28:00+05:30,410.2,410.45,410.0,410.05,20471,ITC
2025-03-18 10:29:00+05:30,410.15,410.65,410.15,410.65,56661,ITC
2025-03-18 10:30:00+05:30,410.65,410.95,410.45,410.8,53971,ITC
2025-03-18 10:31:00+05:30,410.7,411.0,410.6,410.9,65856,ITC
2025-03-18 10:32:00+05:30,410.9,411.0,410.6,411.0,18859,ITC
2025-03-18 10:33:00+05:30,410.9,411.55,410.9,411.4,42531,ITC
2025-03-18 10:34:00+05:30,411.5,411.7,411.0,411.2,18588,ITC
2025-03-18 10:35:00+05:30,411.15,411.2,410.8,411.0,40021,ITC
2025-03-18 10:36:00+05:30,411.05,411.15,410.8,410.9,22606,ITC
2025-03-18 10:37:00+05:30,410.85,410.9,410.8,410.9,13337,ITC
2025-03-18 10:38:00+05:30,410.85,410.9,410.5,410.85,23670,ITC
2025-03-18 10:39:00+05:30,410.65,411.2,410.6,411.15,44661,ITC
2025-03-18 10:40:00+05:30,411.05,411.25,410.8,410.9,17425,ITC
2025-03-18 10:41:00+05:30,410.8,411.05,410.7,411.0,43415,ITC
2025-03-18 10:42:00+05:30,410.95,411.6,410.7,411.25,15625,ITC
2025-03-18 10:43:00+05:30,411.25,411.5,411.0,411.0,33642,ITC
2025-03-18 10:44:00+05:30,411.2,411.5,411.05,411.1,17717,ITC
2025-03-18 10:45:00+05:30,411.05,411.1,410.6,410.85,34553,ITC
2025-03-18 10:46:00+05:30,410.7,411.1,410.55,410.65,13105,ITC
2025-03-18 10:47:00+05:30,410.7,410.9,410.55,410.85,7515,ITC
2025-03-18 10:48:00+05:30,410.7,410.75,410.55,410.75,7517,ITC
2025-03-18 10:49:00+05:30,410.6,410.6,410.1,410.15,16838,ITC
2025-03-18 10:50:00+05:30,410.1,410.5,410.1,410.15,7843,ITC
2025-03-18 10:51:00+05:30,410.15,410.3,409.85,410.25,39735,ITC
2025-03-18 10:52:00+05:30,410.0,410.15,409.8,409.9,8073,ITC
2025-03-18 10:53:00+05:30,409.9,409.95,409.15,409.2,9178,ITC
2025-03-18 10:54:00+05:30,409.15,409.65,409.05,409.65,42430,ITC
2025-03-18 10:55:00+05:30,409.65,409.85,409.4,409.7,16374,ITC
2025-03-18 10:56:00+05:30,409.7,409.7,409.5,409.7,13411,ITC
2025-03-18 10:57:00+05:30,409.6,409.85,409.25,409.8,42717,ITC
2025-03-18 10:58:00+05:30,409.65,410.0,409.55,409.75,21230,ITC
2025-03-18 10:59:00+05:30,409.75,409.8,409.5,409.75,8151,ITC
2025-03-18 11:00:00+05:30,409.75,409.95,409.55,409.8,40222,ITC
2025-03-18 11:01:00+05:30,409.8,409.8,409.4,409.5,17337,ITC
2025-03-18 11:02:00+05:30,409.5,409.55,409.35,409.5,10886,ITC
2025-03-18 11:03:00+05:30,409.35,409.85,409.2,409.65,48615,ITC
2025-03-18 11:04:00+05:30,409.7,409.85,409.4,409.8,12398,ITC
2025-03-18 11:05:00+05:30,409.8,409.8,409.5,409.8,9362,ITC
2025-03-18 11:06:00+05:30,409.8,410.0,409.65,409.9,9754,ITC
2025-03-18 11:07:00+05:30,409.9,410.0,409.75,409.9,9394,ITC
2025-03-18 11:08:00+05:30,409.85,410.0,409.5,409.7,55382,ITC
2025-03-18 11:09:00+05:30,409.7,409.8,409.3,409.8,41860,ITC
2025-03-18 11:10:00+05:30,409.8,410.0,409.7,410.0,19893,ITC
2025-03-18 11:11:00+05:30,410.0,410.15,409.7,409.75,145111,ITC
2025-03-18 11:12:00+05:30,409.7,409.95,409.6,409.95,12199,ITC
2025-03-18 11:13:00+05:30,409.95,409.95,409.55,409.85,7430,ITC
2025-03-18 11:14:00+05:30,409.85,409.9,409.6,409.8,9048,ITC
2025-03-18 11:15:00+05:30,409.8,409.85,409.55,409.85,12059,ITC
2025-03-18 11:16:00+05:30,409.85,410.0,409.7,410.0,13459,ITC
2025-03-18 11:17:00+05:30,410.0,410.0,409.65,409.75,15739,ITC
2025-03-18 11:18:00+05:30,409.65,409.75,409.65,409.75,24585,ITC
2025-03-18 11:19:00+05:30,409.75,409.8,409.65,409.7,17428,ITC
2025-03-18 11:20:00+05:30,409.7,409.75,409.65,409.75,13658,ITC
2025-03-18 11:21:00+05:30,409.75,409.8,409.6,409.8,8720,ITC
2025-03-18 11:22:00+05:30,409.8,409.95,409.6,409.95,7867,ITC
2025-03-18 11:23:00+05:30,409.95,410.0,409.8,409.9,13304,ITC
2025-03-18 11:24:00+05:30,409.9,409.9,409.7,409.85,21276,ITC
2025-03-18 11:25:00+05:30,409.8,409.95,409.75,409.85,12753,ITC
2025-03-18 11:26:00+05:30,409.85,410.0,409.75,409.9,11644,ITC
2025-03-18 11:27:00+05:30,409.8,409.9,409.65,409.85,10431,ITC
2025-03-18 11:28:00+05:30,409.85,410.0,409.75,409.95,14618,ITC
2025-03-18 11:29:00+05:30,409.95,410.05,409.8,410.05,56479,ITC
2025-03-18 11:30:00+05:30,410.05,410.05,409.85,410.0,45464,ITC
2025-03-18 11:31:00+05:30,410.0,410.0,409.75,410.0,16097,ITC
2025-03-18 11:32:00+05:30,410.0,410.1,409.8,410.1,15661,ITC
2025-03-18 11:33:00+05:30,410.1,410.25,410.0,410.25,56359,ITC
2025-03-18 11:34:00+05:30,410.25,410.25,410.05,410.2,22099,ITC
2025-03-18 11:35:00+05:30,410.2,410.5,410.1,410.5,19366,ITC
2025-03-18 11:36:00+05:30,410.45,410.65,410.35,410.5,28673,ITC
2025-03-18 11:37:00+05:30,410.45,410.65,410.35,410.55,17409,ITC
2025-03-18 11:38:00+05:30,410.4,410.65,410.3,410.55,10632,ITC
2025-03-18 11:39:00+05:30,410.45,410.55,410.35,410.45,7261,ITC
2025-03-18 11:40:00+05:30,410.45,410.75,410.4,410.65,36356,ITC
2025-03-18 11:41:00+05:30,410.6,410.65,410.55,410.65,11732,ITC
2025-03-18 11:42:00+05:30,410.65,410.8,410.55,410.8,25872,ITC
2025-03-18 11:43:00+05:30,410.75,411.2,410.75,411.2,26175,ITC
2025-03-18 11:44:00+05:30,411.05,411.45,411.05,411.45,15371,ITC
2025-03-18 11:45:00+05:30,411.35,411.5,411.25,411.3,10266,ITC
2025-03-18 11:46:00+05:30,411.25,411.35,411.1,411.25,8623,ITC
2025-03-18 11:47:00+05:30,411.25,411.35,411.15,411.35,12020,ITC
2025-03-18 11:48:00+05:30,411.25,411.35,411.15,411.3,8301,ITC
2025-03-18 11:49:00+05:30,411.2,411.6,411.0,411.5,37636,ITC
2025-03-18 11:50:00+05:30,411.3,411.8,411.3,411.8,24493,ITC
2025-03-18 11:51:00+05:30,411.8,411.95,411.65,411.95,26841,ITC
2025-03-18 11:52:00+05:30,411.95,411.95,411.7,411.85,11862,ITC
2025-03-18 11:53:00+05:30,411.8,411.9,411.65,411.85,7201,ITC
2025-03-18 11:54:00+05:30,411.85,411.9,411.65,411.8,7552,ITC
2025-03-18 11:55:00+05:30,411.7,411.75,411.25,411.35,14648,ITC
2025-03-18 11:56:00+05:30,411.35,411.45,411.1,411.4,15380,ITC
2025-03-18 11:57:00+05:30,411.4,411.4,410.9,411.0,10161,ITC
2025-03-18 11:58:00+05:30,410.95,411.1,410.9,411.0,8745,ITC
2025-03-18 11:59:00+05:30,411.05,411.9,410.9,411.4,204050,ITC
2025-03-18 12:00:00+05:30,411.35,411.35,410.7,410.7,59554,ITC
2025-03-18 12:01:00+05:30,410.7,411.15,410.7,411.15,14356,ITC
2025-03-18 12:02:00+05:30,410.95,411.15,410.7,410.9,14738,ITC
2025-03-18 12:03:00+05:30,411.1,411.1,410.85,411.1,12690,ITC
2025-03-18 12:04:00+05:30,410.95,411.55,410.9,410.9,136263,ITC
2025-03-18 12:05:00+05:30,410.9,411.0,410.7,410.75,20257,ITC
2025-03-18 12:06:00+05:30,410.7,411.35,410.5,410.8,35092,ITC
2025-03-18 12:07:00+05:30,410.8,411.4,410.8,411.2,113572,ITC
2025-03-18 12:08:00+05:30,411.35,411.4,410.6,410.85,58632,ITC
2025-03-18 12:09:00+05:30,410.8,411.25,410.8,410.95,15691,ITC
2025-03-18 12:10:00+05:30,411.1,411.3,410.9,411.25,40462,ITC
2025-03-18 12:11:00+05:30,411.2,411.4,411.05,411.05,8838,ITC
2025-03-18 12:12:00+05:30,411.05,411.35,411.05,411.05,15479,ITC
2025-03-18 12:13:00+05:30,411.05,411.1,410.8,410.8,17429,ITC
2025-03-18 12:14:00+05:30,410.8,410.9,410.6,410.65,12379,ITC
2025-03-18 12:15:00+05:30,410.65,410.75,410.4,410.6,11083,ITC
2025-03-18 12:16:00+05:30,410.6,410.7,410.35,410.5,7845,ITC
2025-03-18 12:17:00+05:30,410.5,410.5,410.0,410.0,12583,ITC
2025-03-18 12:18:00+05:30,410.0,410.1,409.8,410.05,31593,ITC
2025-03-18 12:19:00+05:30,410.05,410.25,410.0,410.1,7612,ITC
2025-03-18 12:20:00+05:30,410.1,410.35,410.05,410.35,5273,ITC
2025-03-18 12:21:00+05:30,410.35,410.35,410.1,410.35,4690,ITC
2025-03-18 12:22:00+05:30,410.35,410.35,410.0,410.0,10729,ITC
2025-03-18 12:23:00+05:30,410.1,410.2,409.85,410.0,12717,ITC
2025-03-18 12:24:00+05:30,410.05,410.2,409.85,410.2,9099,ITC
2025-03-18 12:25:00+05:30,410.2,410.3,410.0,410.05,7084,ITC
2025-03-18 12:26:00+05:30,410.05,410.25,410.0,410.1,9361,ITC
2025-03-18 12:27:00+05:30,410.1,410.3,409.8,410.0,22534,ITC
2025-03-18 12:28:00+05:30,410.05,410.05,409.65,409.65,78468,ITC
2025-03-18 12:29:00+05:30,409.8,409.85,409.65,409.75,12611,ITC
2025-03-18 12:30:00+05:30,409.8,409.8,409.55,409.75,22737,ITC
2025-03-18 12:31:00+05:30,409.75,409.95,409.5,409.6,36839,ITC
2025-03-18 12:32:00+05:30,409.75,409.9,409.5,409.8,45436,ITC
2025-03-18 12:33:00+05:30,409.8,409.85,409.5,409.5,47922,ITC
2025-03-18 12:34:00+05:30,409.55,409.7,409.25,409.5,43071,ITC
2025-03-18 12:35:00+05:30,409.5,409.55,409.25,409.25,35872,ITC
2025-03-18 12:36:00+05:30,409.25,409.6,409.15,409.3,40725,ITC
2025-03-18 12:37:00+05:30,409.3,409.4,409.0,409.05,44052,ITC
2025-03-18 12:38:00+05:30,409.0,409.25,409.0,409.15,56512,ITC
2025-03-18 12:39:00+05:30,409.0,409.25,408.85,409.05,39879,ITC
2025-03-18 12:40:00+05:30,409.2,409.2,408.6,408.7,99035,ITC
2025-03-18 12:41:00+05:30,408.75,409.3,408.7,409.1,20465,ITC
2025-03-18 12:42:00+05:30,409.15,409.35,409.0,409.05,15544,ITC
2025-03-18 12:43:00+05:30,409.05,409.35,408.95,409.2,24187,ITC
2025-03-18 12:44:00+05:30,409.1,409.3,408.8,408.85,10991,ITC
2025-03-18 12:45:00+05:30,408.8,409.0,408.7,408.8,38268,ITC
2025-03-18 12:46:00+05:30,408.85,409.15,408.7,408.7,11835,ITC
2025-03-18 12:47:00+05:30,408.7,408.9,408.5,408.55,15072,ITC
2025-03-18 12:48:00+05:30,408.55,408.9,408.5,408.65,12397,ITC
2025-03-18 12:49:00+05:30,408.7,408.8,408.55,408.75,8494,ITC
2025-03-18 12:50:00+05:30,408.7,409.0,408.6,408.9,12924,ITC
2025-03-18 12:51:00+05:30,408.85,409.0,408.8,408.9,16407,ITC
2025-03-18 12:52:00+05:30,408.9,409.2,408.85,409.15,21115,ITC
2025-03-18 12:53:00+05:30,409.2,409.4,409.0,409.2,15884,ITC
2025-03-18 12:54:00+05:30,409.25,409.5,409.1,409.5,16839,ITC
2025-03-18 12:55:00+05:30,409.35,409.5,409.2,409.3,26031,ITC
2025-03-18 12:56:00+05:30,409.45,409.45,409.15,409.3,7967,ITC
2025-03-18 12:57:00+05:30,409.35,409.45,408.8,408.95,18092,ITC
2025-03-18 12:58:00+05:30,408.95,408.95,408.5,408.6,82364,ITC
2025-03-18 12:59:00+05:30,408.8,408.9,408.5,408.6,56042,ITC
2025-03-18 13:00:00+05:30,408.7,409.0,408.6,408.9,17020,ITC
2025-03-18 13:01:00+05:30,409.0,409.0,408.75,408.85,11019,ITC
2025-03-18 13:02:00+05:30,408.95,409.25,408.75,409.05,18780,ITC
2025-03-18 13:03:00+05:30,409.15,409.25,409.0,409.1,9054,ITC
2025-03-18 13:04:00+05:30,409.2,409.25,409.05,409.1,9121,ITC
2025-03-18 13:05:00+05:30,409.25,409.25,409.0,409.1,10304,ITC
2025-03-18 13:06:00+05:30,409.25,409.25,408.65,408.95,74216,ITC
2025-03-18 13:07:00+05:30,409.15,409.3,408.95,409.05,44986,ITC
2025-03-18 13:08:00+05:30,409.05,409.3,409.0,409.1,11975,ITC
2025-03-18 13:09:00+05:30,409.1,409.35,409.0,409.1,11326,ITC
2025-03-18 13:10:00+05:30,409.2,409.35,409.0,409.15,10021,ITC
2025-03-18 13:11:00+05:30,409.25,409.35,409.0,409.0,15291,ITC
2025-03-18 13:12:00+05:30,409.05,409.3,409.0,409.25,11936,ITC
2025-03-18 13:13:00+05:30,409.3,409.3,409.0,409.1,14315,ITC
2025-03-18 13:14:00+05:30,409.1,409.45,408.95,409.3,17355,ITC
2025-03-18 13:15:00+05:30,409.4,409.45,409.2,409.3,8626,ITC
2025-03-18 13:16:00+05:30,409.4,409.5,409.3,409.4,11353,ITC
2025-03-18 13:17:00+05:30,409.45,409.6,409.3,409.55,10375,ITC
2025-03-18 13:18:00+05:30,409.6,409.65,409.4,409.65,28521,ITC
2025-03-18 13:19:00+05:30,409.65,409.7,409.45,409.6,37046,ITC
2025-03-18 13:20:00+05:30,409.7,409.85,409.5,409.55,18262,ITC
2025-03-18 13:21:00+05:30,409.55,410.0,409.5,409.9,24041,ITC
2025-03-18 13:22:00+05:30,409.95,410.0,409.75,409.85,8881,ITC
2025-03-18 13:23:00+05:30,409.85,409.95,409.7,409.8,10536,ITC
2025-03-18 13:24:00+05:30,409.85,409.95,409.65,409.7,6817,ITC
2025-03-18 13:25:00+05:30,409.85,409.9,409.65,409.75,7821,ITC
2025-03-18 13:26:00+05:30,409.7,409.8,409.5,409.55,8278,ITC
2025-03-18 13:27:00+05:30,409.6,409.65,409.45,409.55,18830,ITC
2025-03-18 13:28:00+05:30,409.55,409.9,409.35,409.65,26653,ITC
2025-03-18 13:29:00+05:30,409.7,409.7,409.5,409.55,9540,ITC
2025-03-18 13:30:00+05:30,409.6,409.8,409.5,409.75,22866,ITC
2025-03-18 13:31:00+05:30,409.75,409.85,409.6,409.75,17942,ITC
2025-03-18 13:32:00+05:30,409.85,409.85,409.65,409.8,20240,ITC
2025-03-18 13:33:00+05:30,409.85,409.85,409.7,409.75,8559,ITC
2025-03-18 13:34:00+05:30,409.8,409.9,409.7,409.8,10428,ITC
2025-03-18 13:35:00+05:30,409.9,410.0,409.75,409.8,17904,ITC
2025-03-18 13:36:00+05:30,409.9,410.0,409.75,409.8,8367,ITC
2025-03-18 13:37:00+05:30,409.85,410.1,409.8,410.1,9468,ITC
2025-03-18 13:38:00+05:30,410.1,410.1,409.9,409.95,13000,ITC
2025-03-18 13:39:00+05:30,410.0,410.0,409.9,409.95,20194,ITC
2025-03-18 13:40:00+05:30,409.95,410.0,409.9,409.95,18915,ITC
2025-03-18 13:41:00+05:30,410.0,410.2,409.95,410.15,15971,ITC
2025-03-18 13:42:00+05:30,410.2,410.3,410.1,410.25,11463,ITC
2025-03-18 13:43:00+05:30,410.15,410.3,410.1,410.1,6283,ITC
2025-03-18 13:44:00+05:30,410.15,410.3,410.1,410.1,9724,ITC
2025-03-18 13:45:00+05:30,410.15,410.3,410.0,410.05,17997,ITC
2025-03-18 13:46:00+05:30,410.15,410.2,410.0,410.05,8954,ITC
2025-03-18 13:47:00+05:30,410.05,410.15,409.85,409.95,17678,ITC
2025-03-18 13:48:00+05:30,409.9,409.95,409.55,409.8,27602,ITC
2025-03-18 13:49:00+05:30,409.9,410.0,409.75,409.95,9749,ITC
2025-03-18 13:50:00+05:30,410.0,410.0,409.65,409.75,11823,ITC
2025-03-18 13:51:00+05:30,409.85,410.0,409.7,409.9,13144,ITC
2025-03-18 13:52:00+05:30,409.95,410.0,409.8,409.9,8038,ITC
2025-03-18 13:53:00+05:30,409.95,410.0,409.75,409.95,9568,ITC
2025-03-18 13:54:00+05:30,409.95,410.2,409.85,410.05,9010,ITC
2025-03-18 13:55:00+05:30,410.15,410.2,409.85,410.0,11072,ITC
2025-03-18 13:56:00+05:30,410.1,410.15,409.9,410.05,11987,ITC
2025-03-18 13:57:00+05:30,410.05,410.15,409.85,410.0,7323,ITC
2025-03-18 13:58:00+05:30,410.0,410.15,409.75,409.85,31414,ITC
2025-03-18 13:59:00+05:30,409.95,410.05,409.75,409.75,16028,ITC
2025-03-18 14:00:00+05:30,409.8,409.9,409.7,409.8,6429,ITC
2025-03-18 14:01:00+05:30,409.85,409.95,409.8,409.8,22079,ITC
2025-03-18 14:02:00+05:30,409.8,409.95,409.75,409.8,4782,ITC
2025-03-18 14:03:00+05:30,409.9,410.0,409.75,409.9,7188,ITC
2025-03-18 14:04:00+05:30,409.9,410.0,409.8,409.95,12701,ITC
2025-03-18 14:05:00+05:30,409.9,410.0,409.75,409.85,10641,ITC
2025-03-18 14:06:00+05:30,409.85,410.0,409.75,409.8,11815,ITC
2025-03-18 14:07:00+05:30,409.8,409.9,409.75,409.8,11349,ITC
2025-03-18 14:08:00+05:30,409.8,409.9,409.75,409.8,6419,ITC
2025-03-18 14:09:00+05:30,409.8,409.85,409.55,409.75,14263,ITC
2025-03-18 14:10:00+05:30,409.75,409.8,409.55,409.6,13847,ITC
2025-03-18 14:11:00+05:30,409.6,409.8,409.55,409.65,10542,ITC
2025-03-18 14:12:00+05:30,409.55,409.65,409.45,409.45,18841,ITC
2025-03-18 14:13:00+05:30,409.5,409.65,409.45,409.5,13597,ITC
2025-03-18 14:14:00+05:30,409.6,409.65,409.4,409.45,6897,ITC
2025-03-18 14:15:00+05:30,409.45,409.6,409.1,409.2,21785,ITC
2025-03-18 14:16:00+05:30,409.3,409.5,409.2,409.25,34968,ITC
2025-03-18 14:17:00+05:30,409.25,409.6,409.15,409.55,15423,ITC
2025-03-18 14:18:00+05:30,409.5,409.7,409.4,409.5,20407,ITC
2025-03-18 14:19:00+05:30,409.5,409.5,409.15,409.35,10244,ITC
2025-03-18 14:20:00+05:30,409.45,409.5,409.1,409.2,14041,ITC
2025-03-18 14:21:00+05:30,409.2,409.35,409.05,409.15,10067,ITC
2025-03-18 14:22:00+05:30,409.2,409.25,409.1,409.25,12598,ITC
2025-03-18 14:23:00+05:30,409.25,409.5,409.05,409.45,15992,ITC
2025-03-18 14:24:00+05:30,409.5,409.5,409.25,409.45,20466,ITC
2025-03-18 14:25:00+05:30,409.5,409.5,409.3,409.3,15825,ITC
2025-03-18 14:26:00+05:30,409.3,409.5,409.3,409.4,19213,ITC
2025-03-18 14:27:00+05:30,409.45,409.65,409.25,409.3,48915,ITC
2025-03-18 14:28:00+05:30,409.3,409.45,409.2,409.25,52430,ITC
2025-03-18 14:29:00+05:30,409.25,409.6,409.25,409.35,33714,ITC
2025-03-18 14:30:00+05:30,409.4,409.75,409.3,409.5,44001,ITC
2025-03-18 14:31:00+05:30,409.55,409.8,409.4,409.5,39584,ITC
2025-03-18 14:32:00+05:30,409.5,409.8,409.45,409.6,18554,ITC
2025-03-18 14:33:00+05:30,409.6,409.85,409.5,409.6,37934,ITC
2025-03-18 14:34:00+05:30,409.6,409.65,409.5,409.6,8497,ITC
2025-03-18 14:35:00+05:30,409.6,409.65,409.25,409.35,38547,ITC
2025-03-18 14:36:00+05:30,409.35,409.55,409.25,409.4,19536,ITC
2025-03-18 14:37:00+05:30,409.4,409.75,409.3,409.6,43284,ITC
2025-03-18 14:38:00+05:30,409.5,409.7,409.45,409.7,10260,ITC
2025-03-18 14:39:00+05:30,409.6,409.7,409.4,409.45,15793,ITC
2025-03-18 14:40:00+05:30,409.4,409.6,409.3,409.4,32398,ITC
2025-03-18 14:41:00+05:30,409.35,409.45,409.15,409.2,36995,ITC
2025-03-18 14:42:00+05:30,409.3,409.35,409.1,409.2,21394,ITC
2025-03-18 14:43:00+05:30,409.15,409.3,409.0,409.05,13895,ITC
2025-03-18 14:44:00+05:30,409.05,409.35,408.9,409.15,42033,ITC
2025-03-18 14:45:00+05:30,409.15,409.35,408.9,409.1,39593,ITC
2025-03-18 14:46:00+05:30,409.2,409.45,409.05,409.05,49621,ITC
2025-03-18 14:47:00+05:30,409.15,409.45,409.0,409.45,53069,ITC
2025-03-18 14:48:00+05:30,409.4,409.5,409.25,409.25,99528,ITC
2025-03-18 14:49:00+05:30,409.25,409.5,409.2,409.35,14879,ITC
2025-03-18 14:50:00+05:30,409.35,409.45,409.15,409.25,43919,ITC
2025-03-18 14:51:00+05:30,409.3,409.4,409.15,409.3,16819,ITC
2025-03-18 14:52:00+05:30,409.3,409.45,409.1,409.25,86132,ITC
2025-03-18 14:53:00+05:30,409.2,409.35,408.9,409.0,49982,ITC
2025-03-18 14:54:00+05:30,409.0,409.3,408.9,408.95,65772,ITC
2025-03-18 14:55:00+05:30,409.15,409.2,408.9,409.2,72581,ITC
2025-03-18 14:56:00+05:30,409.2,409.3,409.0,409.2,48749,ITC
2025-03-18 14:57:00+05:30,409.1,409.4,409.0,409.35,69884,ITC
2025-03-18 14:58:00+05:30,409.35,409.4,408.9,409.1,75182,ITC
2025-03-18 14:59:00+05:30,409.0,409.15,408.65,409.0,82164,ITC
2025-03-18 15:00:00+05:30,408.9,409.3,408.85,409.0,106126,ITC
2025-03-18 15:01:00+05:30,409.0,409.3,409.0,409.2,25361,ITC
2025-03-18 15:02:00+05:30,409.2,409.5,409.1,409.3,48782,ITC
2025-03-18 15:03:00+05:30,409.25,409.4,409.0,409.2,69920,ITC
2025-03-18 15:04:00+05:30,409.15,409.35,409.0,409.3,100212,ITC
2025-03-18 15:05:00+05:30,409.25,409.5,409.05,409.35,91273,ITC
2025-03-18 15:06:00+05:30,409.25,409.4,408.9,409.0,91092,ITC
2025-03-18 15:07:00+05:30,408.95,409.4,408.9,409.3,83286,ITC
2025-03-18 15:08:00+05:30,409.3,409.5,409.3,409.5,42578,ITC
2025-03-18 15:09:00+05:30,409.45,409.85,409.4,409.8,100223,ITC
2025-03-18 15:10:00+05:30,409.75,410.0,409.65,409.8,149822,ITC
2025-03-18 15:11:00+05:30,409.7,409.8,408.75,408.95,320958,ITC
2025-03-18 15:12:00+05:30,408.95,409.0,408.4,408.5,402062,ITC
2025-03-18 15:13:00+05:30,408.45,408.9,408.45,408.85,314358,ITC
2025-03-18 15:14:00+05:30,408.85,409.25,408.7,408.85,153689,ITC
2025-03-18 15:15:00+05:30,408.9,409.2,408.85,409.05,38851,ITC
2025-03-18 15:16:00+05:30,409.1,409.35,408.9,409.25,53140,ITC
2025-03-18 15:17:00+05:30,409.25,409.35,409.05,409.15,42048,ITC
2025-03-18 15:18:00+05:30,409.15,409.35,409.1,409.35,68520,ITC
2025-03-18 15:19:00+05:30,409.3,409.35,409.3,409.3,46908,ITC
2025-03-18 15:20:00+05:30,409.3,409.5,409.3,409.4,71448,ITC
2025-03-18 15:21:00+05:30,409.4,409.55,409.4,409.45,69066,ITC
2025-03-18 15:22:00+05:30,409.5,409.65,409.45,409.55,44127,ITC
2025-03-18 15:23:00+05:30,409.6,409.6,409.3,409.4,64112,ITC
2025-03-18 15:24:00+05:30,409.45,409.6,409.2,409.35,101434,ITC
2025-03-18 15:25:00+05:30,409.25,409.4,409.2,409.2,38259,ITC
2025-03-18 15:26:00+05:30,409.2,409.3,409.15,409.2,57460,ITC
2025-03-18 15:27:00+05:30,409.2,409.25,409.1,409.2,44799,ITC
2025-03-18 15:28:00+05:30,409.2,409.5,409.15,409.5,45236,ITC
2025-03-18 15:29:00+05:30,409.2,409.7,409.2,409.5,19452,ITC
2025-03-19 09:15:00+05:30,410.0,410.75,408.5,408.9,72374,ITC
2025-03-19 09:16:00+05:30,409.1,409.5,408.65,409.0,38479,ITC
2025-03-19 09:17:00+05:30,409.0,409.3,408.5,408.75,52441,ITC
2025-03-19 09:18:00+05:30,408.75,409.2,408.5,409.05,58840,ITC
2025-03-19 09:19:00+05:30,409.25,409.25,408.5,408.65,63047,ITC
2025-03-19 09:20:00+05:30,408.5,408.85,408.3,408.65,59037,ITC
2025-03-19 09:21:00+05:30,408.8,408.8,408.1,408.35,40096,ITC
2025-03-19 09:22:00+05:30,408.35,408.4,408.0,408.3,45846,ITC
2025-03-19 09:23:00+05:30,408.2,408.4,407.5,407.75,79973,ITC
2025-03-19 09:24:00+05:30,407.75,407.9,407.45,407.65,42135,ITC
2025-03-19 09:25:00+05:30,407.65,408.35,407.5,407.5,51455,ITC
2025-03-19 09:26:00+05:30,407.65,408.1,407.55,407.85,19768,ITC
2025-03-19 09:27:00+05:30,407.85,408.1,407.6,407.65,74669,ITC
2025-03-19 09:28:00+05:30,407.65,407.7,407.3,407.45,36363,ITC
2025-03-19 09:29:00+05:30,407.45,407.5,407.3,407.35,31615,ITC
2025-03-19 09:30:00+05:30,407.35,407.45,407.15,407.3,30426,ITC
2025-03-19 09:31:00+05:30,407.35,407.65,407.2,407.65,35122,ITC
2025-03-19 09:32:00+05:30,407.6,407.65,407.3,407.4,32872,ITC
2025-03-19 09:33:00+05:30,407.4,407.65,407.2,407.6,27603,ITC
2025-03-19 09:34:00+05:30,407.6,407.6,407.15,407.25,28097,ITC
2025-03-19 09:35:00+05:30,407.25,407.4,406.55,406.75,81104,ITC
2025-03-19 09:36:00+05:30,406.75,407.0,406.55,406.85,64607,ITC
2025-03-19 09:37:00+05:30,406.9,407.1,406.8,406.85,20010,ITC
2025-03-19 09:38:00+05:30,407.0,407.4,406.85,407.2,27566,ITC
2025-03-19 09:39:00+05:30,407.3,407.3,406.8,406.95,45139,ITC
2025-03-19 09:40:00+05:30,406.95,406.95,406.6,406.7,33547,ITC
2025-03-19 09:41:00+05:30,406.75,407.15,406.75,406.9,9393,ITC
2025-03-19 09:42:00+05:30,406.9,407.3,406.9,407.05,19044,ITC
2025-03-19 09:43:00+05:30,407.05,407.5,407.0,407.2,61060,ITC
2025-03-19 09:44:00+05:30,407.2,407.45,407.0,407.05,14404,ITC
2025-03-19 09:45:00+05:30,407.05,407.25,407.0,407.15,5440,ITC
2025-03-19 09:46:00+05:30,407.15,407.4,407.05,407.4,10633,ITC
2025-03-19 09:47:00+05:30,407.4,407.4,407.1,407.3,8583,ITC
2025-03-19 09:48:00+05:30,407.35,407.5,407.15,407.35,23076,ITC
2025-03-19 09:49:00+05:30,407.35,407.45,407.0,407.1,40245,ITC
2025-03-19 09:50:00+05:30,407.1,407.15,406.6,406.9,28310,ITC
2025-03-19 09:51:00+05:30,406.8,407.0,406.7,406.95,11248,ITC
2025-03-19 09:52:00+05:30,406.95,407.2,406.95,407.1,6753,ITC
2025-03-19 09:53:00+05:30,407.15,407.2,406.9,407.05,10286,ITC
2025-03-19 09:54:00+05:30,407.05,407.05,406.75,406.8,18030,ITC
2025-03-19 09:55:00+05:30,406.75,406.8,406.3,406.45,67827,ITC
2025-03-19 09:56:00+05:30,406.45,406.6,406.25,406.45,20649,ITC
2025-03-19 09:57:00+05:30,406.45,406.5,406.3,406.5,23428,ITC
2025-03-19 09:58:00+05:30,406.35,406.5,406.1,406.25,27423,ITC
2025-03-19 09:59:00+05:30,406.2,406.35,406.15,406.35,10524,ITC
2025-03-19 10:00:00+05:30,406.35,406.45,406.25,406.45,23249,ITC
2025-03-19 10:01:00+05:30,406.4,406.8,406.25,406.4,45929,ITC
2025-03-19 10:02:00+05:30,406.35,406.65,406.3,406.6,10691,ITC
2025-03-19 10:03:00+05:30,406.6,406.75,406.5,406.7,7907,ITC
2025-03-19 10:04:00+05:30,406.7,406.95,406.6,406.75,17688,ITC
2025-03-19 10:05:00+05:30,406.75,406.75,406.5,406.65,16360,ITC
2025-03-19 10:06:00+05:30,406.65,406.65,406.3,406.4,16713,ITC
2025-03-19 10:07:00+05:30,406.4,406.4,406.05,406.3,47517,ITC
2025-03-19 10:08:00+05:30,406.3,406.35,406.15,406.35,10057,ITC
2025-03-19 10:09:00+05:30,406.35,406.35,405.9,405.9,65947,ITC
2025-03-19 10:10:00+05:30,405.9,406.0,405.85,405.9,16745,ITC
2025-03-19 10:11:00+05:30,405.95,406.0,405.8,405.9,25210,ITC
2025-03-19 10:12:00+05:30,406.0,406.0,405.85,405.9,6256,ITC
2025-03-19 10:13:00+05:30,405.95,406.25,405.7,406.0,49416,ITC
2025-03-19 10:14:00+05:30,406.0,406.0,405.8,405.8,17097,ITC
2025-03-19 10:15:00+05:30,406.0,406.0,405.75,405.95,10389,ITC
2025-03-19 10:16:00+05:30,405.95,406.0,405.9,406.0,16166,ITC
2025-03-19 10:17:00+05:30,406.0,406.2,405.9,406.1,13367,ITC
2025-03-19 10:18:00+05:30,406.1,406.15,406.0,406.1,14020,ITC
2025-03-19 10:19:00+05:30,406.1,406.4,406.1,406.4,30252,ITC
2025-03-19 10:20:00+05:30,406.4,406.4,406.05,406.15,14774,ITC
2025-03-19 10:21:00+05:30,406.05,406.25,406.0,406.2,6972,ITC
2025-03-19 10:22:00+05:30,406.2,406.2,406.0,406.05,6159,ITC
2025-03-19 10:23:00+05:30,406.2,406.2,406.05,406.15,7778,ITC
2025-03-19 10:24:00+05:30,406.15,406.2,406.0,406.2,26879,ITC
2025-03-19 10:25:00+05:30,406.2,406.4,406.05,406.25,19939,ITC
2025-03-19 10:26:00+05:30,406.25,406.35,406.1,406.1,5757,ITC
2025-03-19 10:27:00+05:30,406.1,406.2,405.8,405.9,36515,ITC
2025-03-19 10:28:00+05:30,406.0,406.0,405.85,406.0,8101,ITC
2025-03-19 10:29:00+05:30,406.0,406.0,405.9,406.0,13559,ITC
2025-03-19 10:30:00+05:30,406.0,406.2,405.9,406.0,28124,ITC
2025-03-19 10:31:00+05:30,406.1,406.1,405.7,405.85,30758,ITC
2025-03-19 10:32:00+05:30,405.85,405.9,405.75,405.9,9939,ITC
2025-03-19 10:33:00+05:30,405.9,406.0,405.8,405.85,5638,ITC
2025-03-19 10:34:00+05:30,405.95,406.0,405.85,406.0,8732,ITC
2025-03-19 10:35:00+05:30,406.0,406.0,405.85,405.95,9926,ITC
2025-03-19 10:36:00+05:30,405.95,405.95,405.65,405.85,24674,ITC
2025-03-19 10:37:00+05:30,405.8,406.0,405.7,405.8,7026,ITC
2025-03-19 10:38:00+05:30,405.9,406.0,405.8,405.95,14255,ITC
2025-03-19 10:39:00+05:30,405.9,405.95,405.65,405.75,19714,ITC
2025-03-19 10:40:00+05:30,405.7,405.75,405.55,405.55,16420,ITC
2025-03-19 10:41:00+05:30,405.6,406.25,405.55,406.25,89066,ITC
2025-03-19 10:42:00+05:30,406.25,406.25,405.85,406.05,23385,ITC
2025-03-19 10:43:00+05:30,406.0,406.55,405.95,406.15,141907,ITC
2025-03-19 10:44:00+05:30,406.15,406.2,406.1,406.2,10477,ITC
2025-03-19 10:45:00+05:30,406.2,406.2,406.15,406.2,11229,ITC
2025-03-19 10:46:00+05:30,406.2,406.2,406.05,406.1,24919,ITC
2025-03-19 10:47:00+05:30,406.15,406.15,405.9,405.95,11908,ITC
2025-03-19 10:48:00+05:30,405.95,405.95,405.6,405.7,24534,ITC
2025-03-19 10:49:00+05:30,405.7,405.7,405.55,405.65,14509,ITC
2025-03-19 10:50:00+05:30,405.65,405.65,405.3,405.4,68728,ITC
2025-03-19 10:51:00+05:30,405.45,405.45,405.3,405.35,38231,ITC
2025-03-19 10:52:00+05:30,405.3,405.45,405.2,405.3,48492,ITC
2025-03-19 10:53:00+05:30,405.4,405.65,405.3,405.6,15634,ITC
2025-03-19 10:54:00+05:30,405.6,405.65,405.4,405.4,12177,ITC
2025-03-19 10:55:00+05:30,405.4,405.5,405.25,405.3,18267,ITC
2025-03-19 10:56:00+05:30,405.25,405.3,405.2,405.3,15765,ITC
2025-03-19 10:57:00+05:30,405.3,405.35,405.15,405.35,24662,ITC
2025-03-19 10:58:00+05:30,405.35,405.6,405.25,405.45,6508,ITC
2025-03-19 10:59:00+05:30,405.5,405.55,405.25,405.45,17131,ITC
2025-03-19 11:00:00+05:30,405.45,405.75,405.3,405.75,80492,ITC
2025-03-19 11:01:00+05:30,405.75,406.1,405.6,405.7,99054,ITC
2025-03-19 11:02:00+05:30,405.7,405.85,405.4,405.85,45426,ITC
2025-03-19 11:03:00+05:30,405.85,405.85,405.5,405.7,11977,ITC
2025-03-19 11:04:00+05:30,405.7,405.75,405.2,405.75,54191,ITC
2025-03-19 11:05:00+05:30,405.7,405.7,405.5,405.7,7360,ITC
2025-03-19 11:06:00+05:30,405.7,405.8,405.45,405.45,21049,ITC
2025-03-19 11:07:00+05:30,405.5,405.75,405.4,405.6,33817,ITC
2025-03-19 11:08:00+05:30,405.6,405.6,405.3,405.5,12913,ITC
2025-03-19 11:09:00+05:30,405.5,405.6,405.35,405.6,6745,ITC
2025-03-19 11:10:00+05:30,405.6,405.75,405.55,405.75,36491,ITC
2025-03-19 11:11:00+05:30,405.7,405.75,405.3,405.6,72692,ITC
2025-03-19 11:12:00+05:30,405.6,405.6,405.3,405.5,79435,ITC
2025-03-19 11:13:00+05:30,405.5,405.5,405.4,405.5,32822,ITC
2025-03-19 11:14:00+05:30,405.5,405.55,405.35,405.55,73625,ITC
2025-03-19 11:15:00+05:30,405.55,405.65,405.4,405.4,10042,ITC
2025-03-19 11:16:00+05:30,405.45,405.5,404.75,404.9,233888,ITC
2025-03-19 11:17:00+05:30,404.8,405.0,404.65,404.9,29192,ITC
2025-03-19 11:18:00+05:30,404.95,405.0,404.8,404.8,13387,ITC
2025-03-19 11:19:00+05:30,404.8,405.0,404.7,404.9,19656,ITC
2025-03-19 11:20:00+05:30,404.9,405.0,404.85,404.9,21276,ITC
2025-03-19 11:21:00+05:30,404.9,405.0,404.75,405.0,18933,ITC
2025-03-19 11:22:00+05:30,405.0,405.0,404.9,405.0,6122,ITC
2025-03-19 11:23:00+05:30,405.0,405.0,404.9,405.0,7052,ITC
2025-03-19 11:24:00+05:30,405.0,405.0,404.9,404.95,8095,ITC
2025-03-19 11:25:00+05:30,405.0,405.0,404.85,404.9,22745,ITC
2025-03-19 11:26:00+05:30,404.9,405.0,404.8,404.9,12301,ITC
2025-03-19 11:27:00+05:30,404.95,405.0,404.9,405.0,4183,ITC
2025-03-19 11:28:00+05:30,405.0,405.0,404.9,405.0,8510,ITC
2025-03-19 11:29:00+05:30,404.95,405.0,404.9,405.0,8227,ITC
2025-03-19 11:30:00+05:30,405.0,405.0,404.9,404.9,5752,ITC
2025-03-19 11:31:00+05:30,404.9,405.0,404.85,405.0,6499,ITC
2025-03-19 11:32:00+05:30,405.0,405.0,404.85,405.0,4961,ITC
2025-03-19 11:33:00+05:30,405.0,405.0,404.9,404.95,7211,ITC
2025-03-19 11:34:00+05:30,405.0,405.05,404.9,405.05,64780,ITC
2025-03-19 11:35:00+05:30,405.05,405.05,404.9,405.0,35805,ITC
2025-03-19 11:36:00+05:30,405.0,405.0,404.9,404.95,5858,ITC
2025-03-19 11:37:00+05:30,405.0,405.0,404.95,405.0,12740,ITC
2025-03-19 11:38:00+05:30,405.0,405.0,404.85,404.95,15053,ITC
2025-03-19 11:39:00+05:30,404.95,404.95,404.85,404.85,16562,ITC
2025-03-19 11:40:00+05:30,404.95,405.0,404.85,405.0,4675,ITC
2025-03-19 11:41:00+05:30,405.0,405.0,404.85,404.95,12818,ITC
2025-03-19 11:42:00+05:30,405.0,405.0,404.9,404.95,5597,ITC
2025-03-19 11:43:00+05:30,404.95,404.95,404.8,404.85,8572,ITC
2025-03-19 11:44:00+05:30,404.85,404.9,404.65,404.75,20386,ITC
2025-03-19 11:45:00+05:30,404.75,404.9,404.6,404.6,15907,ITC
2025-03-19 11:46:00+05:30,404.75,404.75,404.35,404.55,44509,ITC
2025-03-19 11:47:00+05:30,404.5,404.7,404.5,404.55,15100,ITC
2025-03-19 11:48:00+05:30,404.5,404.75,404.5,404.65,9036,ITC
2025-03-19 11:49:00+05:30,404.65,404.8,404.6,404.7,6877,ITC
2025-03-19 11:50:00+05:30,404.7,404.95,404.6,404.7,17711,ITC
2025-03-19 11:51:00+05:30,404.75,404.9,404.65,404.8,6683,ITC
2025-03-19 11:52:00+05:30,404.8,404.95,404.7,404.95,12078,ITC
2025-03-19 11:53:00+05:30,404.95,405.0,404.8,405.0,9984,ITC
2025-03-19 11:54:00+05:30,405.0,405.0,404.85,404.95,9704,ITC
2025-03-19 11:55:00+05:30,405.0,405.0,404.95,404.95,8677,ITC
2025-03-19 11:56:00+05:30,405.0,405.0,404.9,405.0,8646,ITC
2025-03-19 11:57:00+05:30,405.0,405.0,404.85,405.0,11424,ITC
2025-03-19 11:58:00+05:30,405.0,405.0,404.9,405.0,11567,ITC
2025-03-19 11:59:00+05:30,405.0,405.0,404.85,405.0,7162,ITC
2025-03-19 12:00:00+05:30,405.0,405.0,404.85,404.9,7414,ITC
2025-03-19 12:01:00+05:30,404.9,405.0,404.85,405.0,6219,ITC
2025-03-19 12:02:00+05:30,405.0,405.0,404.9,405.0,17816,ITC
2025-03-19 12:03:00+05:30,405.0,405.0,404.8,404.9,10648,ITC
2025-03-19 12:04:00+05:30,404.85,405.0,404.8,404.95,3612,ITC
2025-03-19 12:05:00+05:30,404.95,405.0,404.8,404.8,8545,ITC
2025-03-19 12:06:00+05:30,404.85,405.0,404.8,404.95,8870,ITC
2025-03-19 12:07:00+05:30,404.95,405.0,404.75,405.0,12060,ITC
2025-03-19 12:08:00+05:30,405.0,405.0,404.8,404.9,7183,ITC
2025-03-19 12:09:00+05:30,404.9,405.0,404.85,404.85,6930,ITC
2025-03-19 12:10:00+05:30,404.85,404.95,404.8,404.95,5375,ITC
2025-03-19 12:11:00+05:30,404.95,405.0,404.85,405.0,4803,ITC
2025-03-19 12:12:00+05:30,404.95,405.0,404.9,404.95,7992,ITC
2025-03-19 12:13:00+05:30,404.9,405.0,404.9,404.95,5608,ITC
2025-03-19 12:14:00+05:30,404.95,405.0,404.8,404.85,13882,ITC
2025-03-19 12:15:00+05:30,404.8,404.9,404.7,404.75,13641,ITC
2025-03-19 12:16:00+05:30,404.75,404.95,404.75,404.85,4812,ITC
2025-03-19 12:17:00+05:30,404.85,404.95,404.75,404.8,6493,ITC
2025-03-19 12:18:00+05:30,404.85,404.95,404.7,404.75,11888,ITC
2025-03-19 12:19:00+05:30,404.75,404.9,404.7,404.75,7485,ITC
2025-03-19 12:20:00+05:30,404.7,404.9,404.7,404.8,17478,ITC
2025-03-19 12:21:00+05:30,404.8,404.9,404.7,404.7,5669,ITC
2025-03-19 12:22:00+05:30,404.75,404.85,404.7,404.75,4759,ITC
2025-03-19 12:23:00+05:30,404.75,404.85,404.7,404.85,6791,ITC
2025-03-19 12:24:00+05:30,404.85,404.85,404.6,404.65,18009,ITC
2025-03-19 12:25:00+05:30,404.65,404.7,404.5,404.65,13271,ITC
2025-03-19 12:26:00+05:30,404.7,404.75,404.6,404.65,7138,ITC
2025-03-19 12:27:00+05:30,404.6,404.8,404.6,404.8,12140,ITC
2025-03-19 12:28:00+05:30,404.75,404.8,404.35,404.45,50024,ITC
2025-03-19 12:29:00+05:30,404.45,404.5,404.35,404.5,6633,ITC
2025-03-19 12:30:00+05:30,404.5,404.5,404.4,404.4,26160,ITC
2025-03-19 12:31:00+05:30,404.5,404.8,404.4,404.8,6149,ITC
2025-03-19 12:32:00+05:30,404.8,404.8,404.5,404.7,10203,ITC
2025-03-19 12:33:00+05:30,404.7,404.8,404.55,404.75,8817,ITC
2025-03-19 12:34:00+05:30,404.75,404.75,404.5,404.6,16301,ITC
2025-03-19 12:35:00+05:30,404.5,404.7,404.5,404.65,6272,ITC
2025-03-19 12:36:00+05:30,404.65,404.65,404.55,404.6,4049,ITC
2025-03-19 12:37:00+05:30,404.6,404.75,404.55,404.65,9625,ITC
2025-03-19 12:38:00+05:30,404.65,404.8,404.55,404.7,10059,ITC
2025-03-19 12:39:00+05:30,404.7,404.7,404.55,404.7,8853,ITC
2025-03-19 12:40:00+05:30,404.7,404.7,404.55,404.7,7091,ITC
2025-03-19 12:41:00+05:30,404.7,404.7,404.55,404.6,10690,ITC
2025-03-19 12:42:00+05:30,404.6,404.65,404.55,404.6,8118,ITC
2025-03-19 12:43:00+05:30,404.6,404.7,404.55,404.65,10868,ITC
2025-03-19 12:44:00+05:30,404.65,404.65,404.55,404.65,10562,ITC
2025-03-19 12:45:00+05:30,404.65,404.7,404.45,404.6,20451,ITC
2025-03-19 12:46:00+05:30,404.6,404.7,404.4,404.45,10290,ITC
2025-03-19 12:47:00+05:30,404.65,404.65,404.4,404.5,10704,ITC
2025-03-19 12:48:00+05:30,404.5,404.5,404.4,404.5,12851,ITC
2025-03-19 12:49:00+05:30,404.5,404.65,404.35,404.5,37682,ITC
2025-03-19 12:50:00+05:30,404.5,404.5,404.3,404.35,24479,ITC
2025-03-19 12:51:00+05:30,404.5,404.5,404.2,404.45,27081,ITC
2025-03-19 12:52:00+05:30,404.45,404.6,404.4,404.45,27933,ITC
2025-03-19 12:53:00+05:30,404.45,404.5,404.3,404.4,18279,ITC
2025-03-19 12:54:00+05:30,404.5,404.5,404.3,404.3,54115,ITC
2025-03-19 12:55:00+05:30,404.35,404.5,404.25,404.45,22057,ITC
2025-03-19 12:56:00+05:30,404.45,404.45,404.05,404.25,51161,ITC
2025-03-19 12:57:00+05:30,404.25,404.25,403.85,404.2,116209,ITC
2025-03-19 12:58:00+05:30,404.2,404.35,403.8,404.25,126456,ITC
2025-03-19 12:59:00+05:30,404.25,404.4,403.9,404.1,59420,ITC
2025-03-19 13:00:00+05:30,404.1,404.3,404.0,404.1,31128,ITC
2025-03-19 13:01:00+05:30,404.15,404.15,403.8,404.0,24008,ITC
2025-03-19 13:02:00+05:30,404.0,404.05,403.75,403.8,31010,ITC
2025-03-19 13:03:00+05:30,404.0,404.1,403.85,404.0,17570,ITC
2025-03-19 13:04:00+05:30,404.0,404.05,403.75,404.0,25218,ITC
2025-03-19 13:05:00+05:30,404.05,404.2,403.9,404.05,32805,ITC
2025-03-19 13:06:00+05:30,404.2,404.25,403.9,404.2,21804,ITC
2025-03-19 13:07:00+05:30,404.2,404.2,403.9,403.95,17562,ITC
2025-03-19 13:08:00+05:30,404.0,404.05,403.65,403.75,60894,ITC
2025-03-19 13:09:00+05:30,403.8,403.85,403.35,403.5,54335,ITC
2025-03-19 13:10:00+05:30,403.5,403.75,403.35,403.55,28197,ITC
2025-03-19 13:11:00+05:30,403.55,403.75,403.4,403.6,38807,ITC
2025-03-19 13:12:00+05:30,403.6,403.65,403.25,403.45,30779,ITC
2025-03-19 13:13:00+05:30,403.6,403.65,403.35,403.5,25319,ITC
2025-03-19 13:14:00+05:30,403.5,403.6,403.4,403.6,25595,ITC
2025-03-19 13:15:00+05:30,403.6,404.1,403.4,403.85,118454,ITC
2025-03-19 13:16:00+05:30,404.0,404.15,403.8,403.95,35700,ITC
2025-03-19 13:17:00+05:30,403.95,404.05,403.8,403.9,32362,ITC
2025-03-19 13:18:00+05:30,403.9,404.0,403.75,403.75,28961,ITC
2025-03-19 13:19:00+05:30,403.95,404.0,403.7,403.75,20832,ITC
2025-03-19 13:20:00+05:30,403.75,403.9,403.65,403.75,25903,ITC
2025-03-19 13:21:00+05:30,403.75,403.95,403.55,403.75,38283,ITC
2025-03-19 13:22:00+05:30,403.85,403.95,403.6,403.6,23933,ITC
2025-03-19 13:23:00+05:30,403.65,403.95,403.6,403.8,30161,ITC
2025-03-19 13:24:00+05:30,403.8,403.95,403.65,403.7,31184,ITC
2025-03-19 13:25:00+05:30,403.75,403.95,403.6,403.8,51363,ITC
2025-03-19 13:26:00+05:30,403.75,404.0,403.7,403.95,61141,ITC
2025-03-19 13:27:00+05:30,404.0,404.2,403.9,404.15,59346,ITC
2025-03-19 13:28:00+05:30,404.15,404.15,403.7,404.05,52602,ITC
2025-03-19 13:29:00+05:30,404.05,404.05,403.6,403.7,261057,ITC
2025-03-19 13:30:00+05:30,403.9,403.95,403.65,403.65,27630,ITC
2025-03-19 13:31:00+05:30,403.75,404.1,403.6,404.0,41338,ITC
2025-03-19 13:32:00+05:30,404.0,404.0,403.8,403.85,18674,ITC
2025-03-19 13:33:00+05:30,403.85,404.0,403.8,403.85,23933,ITC
2025-03-19 13:34:00+05:30,403.9,403.95,403.75,403.8,13565,ITC
2025-03-19 13:35:00+05:30,403.8,403.9,403.7,403.8,16747,ITC
2025-03-19 13:36:00+05:30,403.8,404.0,403.7,403.75,23123,ITC
2025-03-19 13:37:00+05:30,403.75,404.0,403.7,404.0,24540,ITC
2025-03-19 13:38:00+05:30,404.0,404.0,403.8,403.95,26287,ITC
2025-03-19 13:39:00+05:30,403.95,404.0,403.8,403.85,20636,ITC
2025-03-19 13:40:00+05:30,403.85,403.95,403.75,403.8,16746,ITC
2025-03-19 13:41:00+05:30,403.8,403.95,403.7,403.75,23953,ITC
2025-03-19 13:42:00+05:30,403.8,403.9,403.65,403.7,18052,ITC
2025-03-19 13:43:00+05:30,403.7,403.75,403.55,403.6,16314,ITC
2025-03-19 13:44:00+05:30,403.75,403.8,403.55,403.55,15410,ITC
2025-03-19 13:45:00+05:30,403.6,403.65,403.45,403.6,33823,ITC
2025-03-19 13:46:00+05:30,403.6,403.65,403.4,403.55,51607,ITC
2025-03-19 13:47:00+05:30,403.55,403.65,403.35,403.45,18945,ITC
2025-03-19 13:48:00+05:30,403.45,403.55,403.3,403.35,18282,ITC
2025-03-19 13:49:00+05:30,403.5,403.55,403.35,403.4,16048,ITC
2025-03-19 13:50:00+05:30,403.4,403.55,403.3,403.35,22189,ITC
2025-03-19 13:51:00+05:30,403.35,403.55,403.3,403.4,15617,ITC
2025-03-19 13:52:00+05:30,403.4,403.5,403.3,403.45,22958,ITC
2025-03-19 13:53:00+05:30,403.45,403.5,403.3,403.35,15353,ITC
2025-03-19 13:54:00+05:30,403.35,403.4,403.25,403.4,21880,ITC
2025-03-19 13:55:00+05:30,403.4,403.45,403.25,403.3,14313,ITC
2025-03-19 13:56:00+05:30,403.3,403.4,403.25,403.35,19160,ITC
2025-03-19 13:57:00+05:30,403.35,403.4,403.15,403.2,37997,ITC
2025-03-19 13:58:00+05:30,403.25,403.25,403.15,403.25,23526,ITC
2025-03-19 13:59:00+05:30,403.3,403.4,403.15,403.35,16947,ITC
2025-03-19 14:00:00+05:30,403.35,403.4,403.15,403.25,14992,ITC
2025-03-19 14:01:00+05:30,403.25,403.25,403.1,403.15,25743,ITC
2025-03-19 14:02:00+05:30,403.15,403.25,403.1,403.1,20803,ITC
2025-03-19 14:03:00+05:30,403.15,403.2,403.05,403.1,22675,ITC
2025-03-19 14:04:00+05:30,403.1,403.25,403.05,403.2,22826,ITC
2025-03-19 14:05:00+05:30,403.2,403.35,403.15,403.35,17718,ITC
2025-03-19 14:06:00+05:30,403.35,403.35,403.15,403.25,17411,ITC
2025-03-19 14:07:00+05:30,403.25,403.45,403.2,403.35,22330,ITC
2025-03-19 14:08:00+05:30,403.35,403.55,403.25,403.45,21362,ITC
2025-03-19 14:09:00+05:30,403.45,403.55,403.35,403.4,17263,ITC
2025-03-19 14:10:00+05:30,403.4,403.55,403.3,403.4,22137,ITC
2025-03-19 14:11:00+05:30,403.4,403.5,403.2,403.25,15866,ITC
2025-03-19 14:12:00+05:30,403.25,403.35,403.15,403.3,17307,ITC
2025-03-19 14:13:00+05:30,403.2,403.35,403.1,403.15,19900,ITC
2025-03-19 14:14:00+05:30,403.15,403.3,403.1,403.2,20453,ITC
2025-03-19 14:15:00+05:30,403.2,403.3,403.1,403.25,15594,ITC
2025-03-19 14:16:00+05:30,403.25,403.35,403.15,403.15,20873,ITC
2025-03-19 14:17:00+05:30,403.25,403.25,403.1,403.25,20843,ITC
2025-03-19 14:18:00+05:30,403.25,403.25,403.1,403.15,16552,ITC
2025-03-19 14:19:00+05:30,403.15,403.25,403.05,403.15,24393,ITC
2025-03-19 14:20:00+05:30,403.2,403.3,403.0,403.2,88666,ITC
2025-03-19 14:21:00+05:30,403.2,403.25,403.0,403.1,24551,ITC
2025-03-19 14:22:00+05:30,403.1,403.2,403.05,403.15,31312,ITC
2025-03-19 14:23:00+05:30,403.2,403.2,403.05,403.05,23353,ITC
2025-03-19 14:24:00+05:30,403.15,403.2,403.0,403.1,24075,ITC
2025-03-19 14:25:00+05:30,403.1,403.5,403.05,403.3,41111,ITC
2025-03-19 14:26:00+05:30,403.3,403.5,403.25,403.35,17609,ITC
2025-03-19 14:27:00+05:30,403.3,403.45,403.25,403.4,20884,ITC
2025-03-19 14:28:00+05:30,403.35,403.7,403.3,403.5,33853,ITC
2025-03-19 14:29:00+05:30,403.5,403.65,403.45,403.5,18869,ITC
2025-03-19 14:30:00+05:30,403.5,403.6,403.25,403.35,33700,ITC
2025-03-19 14:31:00+05:30,403.35,403.5,403.25,403.3,15596,ITC
2025-03-19 14:32:00+05:30,403.3,403.6,403.25,403.35,29130,ITC
2025-03-19 14:33:00+05:30,403.5,403.6,403.35,403.4,18525,ITC
2025-03-19 14:34:00+05:30,403.55,403.75,403.45,403.55,25372,ITC
2025-03-19 14:35:00+05:30,403.6,404.0,403.45,403.65,95798,ITC
2025-03-19 14:36:00+05:30,403.65,403.7,403.35,403.35,22877,ITC
2025-03-19 14:37:00+05:30,403.45,403.5,403.25,403.4,28647,ITC
2025-03-19 14:38:00+05:30,403.4,403.45,403.25,403.4,27329,ITC
2025-03-19 14:39:00+05:30,403.4,403.6,403.3,403.5,25382,ITC
2025-03-19 14:40:00+05:30,403.5,403.6,403.4,403.55,27773,ITC
2025-03-19 14:41:00+05:30,403.55,403.7,403.45,403.7,29182,ITC
2025-03-19 14:42:00+05:30,403.7,403.8,403.45,403.7,38133,ITC
2025-03-19 14:43:00+05:30,403.7,403.8,403.6,403.6,21140,ITC
2025-03-19 14:44:00+05:30,403.6,403.8,403.5,403.7,44437,ITC
2025-03-19 14:45:00+05:30,403.8,403.95,403.65,403.85,26821,ITC
2025-03-19 14:46:00+05:30,403.85,403.95,403.75,403.8,25729,ITC
2025-03-19 14:47:00+05:30,403.8,403.95,403.75,403.75,23546,ITC
2025-03-19 14:48:00+05:30,403.85,403.95,403.75,403.85,21251,ITC
2025-03-19 14:49:00+05:30,403.85,404.1,403.8,403.85,73650,ITC
2025-03-19 14:50:00+05:30,403.85,403.85,403.75,403.85,19718,ITC
2025-03-19 14:51:00+05:30,403.85,403.95,403.75,403.8,18569,ITC
2025-03-19 14:52:00+05:30,403.8,403.95,403.75,403.85,23905,ITC
2025-03-19 14:53:00+05:30,403.85,403.95,403.75,403.8,20261,ITC
2025-03-19 14:54:00+05:30,403.8,403.9,403.75,403.75,17695,ITC
2025-03-19 14:55:00+05:30,403.85,404.05,403.75,404.0,60182,ITC
2025-03-19 14:56:00+05:30,404.0,404.05,403.8,404.05,46212,ITC
2025-03-19 14:57:00+05:30,404.05,404.05,403.8,403.95,36703,ITC
2025-03-19 14:58:00+05:30,404.0,404.05,403.85,404.0,29988,ITC
2025-03-19 14:59:00+05:30,404.0,404.05,403.9,404.0,25744,ITC
2025-03-19 15:00:00+05:30,404.05,404.05,403.8,403.95,40697,ITC
2025-03-19 15:01:00+05:30,403.95,404.0,403.85,403.9,41145,ITC
2025-03-19 15:02:00+05:30,403.95,404.0,403.7,403.8,39993,ITC
2025-03-19 15:03:00+05:30,403.9,404.0,403.65,404.0,44880,ITC
2025-03-19 15:04:00+05:30,404.0,404.0,403.8,404.0,25236,ITC
2025-03-19 15:05:00+05:30,404.0,404.0,403.8,403.95,59679,ITC
2025-03-19 15:06:00+05:30,403.95,404.0,403.8,404.0,49474,ITC
2025-03-19 15:07:00+05:30,404.0,404.0,402.7,402.85,1650105,ITC
2025-03-19 15:08:00+05:30,402.9,403.0,402.75,402.95,119826,ITC
2025-03-19 15:09:00+05:30,402.9,403.05,402.9,403.0,98977,ITC
2025-03-19 15:10:00+05:30,403.0,403.0,402.85,402.85,63600,ITC
2025-03-19 15:11:00+05:30,402.9,403.05,402.75,402.9,80333,ITC
2025-03-19 15:12:00+05:30,402.9,403.0,402.65,402.9,79939,ITC
2025-03-19 15:13:00+05:30,403.0,403.0,402.75,402.95,70887,ITC
2025-03-19 15:14:00+05:30,402.9,403.0,402.9,402.95,56123,ITC
2025-03-19 15:15:00+05:30,402.95,403.0,402.8,402.95,97238,ITC
2025-03-19 15:16:00+05:30,402.9,402.95,402.7,402.9,57563,ITC
2025-03-19 15:17:00+05:30,402.9,402.9,402.7,402.85,36577,ITC
2025-03-19 15:18:00+05:30,402.85,402.9,402.6,402.85,71219,ITC
2025-03-19 15:19:00+05:30,402.8,403.0,402.8,402.9,101884,ITC
2025-03-19 15:20:00+05:30,403.0,403.0,402.8,402.95,94792,ITC
2025-03-19 15:21:00+05:30,402.95,403.0,402.8,403.0,52911,ITC
2025-03-19 15:22:00+05:30,403.0,403.0,402.8,402.95,39808,ITC
2025-03-19 15:23:00+05:30,402.95,402.95,402.7,402.85,64819,ITC
2025-03-19 15:24:00+05:30,402.85,403.0,402.7,402.95,82325,ITC
2025-03-19 15:25:00+05:30,402.95,403.1,402.85,403.1,54978,ITC
2025-03-19 15:26:00+05:30,403.1,403.15,402.8,403.1,75503,ITC
2025-03-19 15:27:00+05:30,403.1,403.1,402.9,403.0,50122,ITC
2025-03-19 15:28:00+05:30,402.95,403.1,402.9,403.0,37146,ITC
2025-03-19 15:29:00+05:30,403.1,403.5,403.0,403.4,70059,ITC
2025-03-20 09:15:00+05:30,405.0,405.0,402.35,402.65,141884,ITC
2025-03-20 09:16:00+05:30,402.65,404.0,402.2,403.6,99754,ITC
2025-03-20 09:17:00+05:30,403.6,404.3,402.7,403.35,112785,ITC
2025-03-20 09:18:00+05:30,403.2,403.4,402.35,402.65,65612,ITC
2025-03-20 09:19:00+05:30,402.65,402.95,402.3,402.5,67009,ITC
2025-03-20 09:20:00+05:30,402.55,402.95,402.5,402.9,56650,ITC
2025-03-20 09:21:00+05:30,402.9,403.15,402.5,402.85,89151,ITC
2025-03-20 09:22:00+05:30,402.8,403.2,402.5,402.75,217490,ITC
2025-03-20 09:23:00+05:30,402.85,403.4,402.5,403.1,339471,ITC
2025-03-20 09:24:00+05:30,403.1,403.55,402.5,403.4,391160,ITC
2025-03-20 09:25:00+05:30,403.25,403.4,402.4,403.35,262231,ITC
2025-03-20 09:26:00+05:30,403.4,403.75,403.0,403.75,136610,ITC
2025-03-20 09:27:00+05:30,403.75,403.75,403.4,403.7,31174,ITC
2025-03-20 09:28:00+05:30,403.7,403.7,403.55,403.65,16107,ITC
2025-03-20 09:29:00+05:30,403.65,404.0,403.6,404.0,17221,ITC
2025-03-20 09:30:00+05:30,403.95,404.4,403.85,404.4,41036,ITC
2025-03-20 09:31:00+05:30,404.35,404.4,403.25,403.4,50962,ITC
2025-03-20 09:32:00+05:30,403.4,403.6,402.55,402.8,39750,ITC
2025-03-20 09:33:00+05:30,402.8,403.5,402.75,403.4,16338,ITC
2025-03-20 09:34:00+05:30,403.35,403.55,403.15,403.55,13702,ITC
2025-03-20 09:35:00+05:30,403.45,403.7,403.25,403.55,25664,ITC
2025-03-20 09:36:00+05:30,403.4,403.8,403.4,403.4,43233,ITC
2025-03-20 09:37:00+05:30,403.4,403.6,403.35,403.55,17071,ITC
2025-03-20 09:38:00+05:30,403.55,403.65,403.1,403.25,12908,ITC
2025-03-20 09:39:00+05:30,403.2,403.3,403.05,403.1,14994,ITC
2025-03-20 09:40:00+05:30,403.2,403.2,403.0,403.1,21029,ITC
2025-03-20 09:41:00+05:30,403.1,403.2,402.4,402.75,208881,ITC
2025-03-20 09:42:00+05:30,402.65,402.8,402.3,402.4,62457,ITC
2025-03-20 09:43:00+05:30,402.35,402.5,402.1,402.15,65954,ITC
2025-03-20 09:44:00+05:30,402.1,402.45,401.9,402.4,130459,ITC
2025-03-20 09:45:00+05:30,402.35,402.5,402.25,402.35,13964,ITC
2025-03-20 09:46:00+05:30,402.25,402.75,402.25,402.45,114830,ITC
2025-03-20 09:47:00+05:30,402.45,402.7,402.35,402.7,22119,ITC
2025-03-20 09:48:00+05:30,402.7,402.95,402.5,402.55,61409,ITC
2025-03-20 09:49:00+05:30,402.7,402.8,402.4,402.5,82030,ITC
2025-03-20 09:50:00+05:30,402.5,402.9,402.25,402.3,110320,ITC
2025-03-20 09:51:00+05:30,402.5,402.5,402.25,402.5,21823,ITC
2025-03-20 09:52:00+05:30,402.3,402.9,402.3,402.9,43069,ITC
2025-03-20 09:53:00+05:30,402.9,403.1,402.85,403.1,20125,ITC
2025-03-20 09:54:00+05:30,403.05,403.15,402.4,402.5,221752,ITC
2025-03-20 09:55:00+05:30,402.5,402.9,402.4,402.5,171489,ITC
2025-03-20 09:56:00+05:30,402.5,402.6,402.45,402.5,34758,ITC
2025-03-20 09:57:00+05:30,402.5,402.8,402.45,402.65,141470,ITC
2025-03-20 09:58:00+05:30,402.65,402.95,402.55,402.8,34321,ITC
2025-03-20 09:59:00+05:30,402.8,402.95,402.65,402.75,26855,ITC
2025-03-20 10:00:00+05:30,402.75,403.15,402.7,403.0,27439,ITC
2025-03-20 10:01:00+05:30,403.0,403.0,402.75,402.95,16751,ITC
2025-03-20 10:02:00+05:30,403.0,403.2,402.8,403.15,43273,ITC
2025-03-20 10:03:00+05:30,403.15,403.45,402.9,403.4,81801,ITC
2025-03-20 10:04:00+05:30,403.4,403.45,402.95,403.25,140284,ITC
2025-03-20 10:05:00+05:30,403.25,403.35,402.95,402.95,94397,ITC
2025-03-20 10:06:00+05:30,403.0,403.0,402.3,402.5,31563,ITC
2025-03-20 10:07:00+05:30,402.45,402.5,402.15,402.4,20565,ITC
2025-03-20 10:08:00+05:30,402.35,402.7,402.3,402.55,18219,ITC
2025-03-20 10:09:00+05:30,402.5,402.6,402.25,402.6,12999,ITC
2025-03-20 10:10:00+05:30,402.6,402.7,402.3,402.65,16454,ITC
2025-03-20 10:11:00+05:30,402.6,402.65,402.2,402.35,14158,ITC
2025-03-20 10:12:00+05:30,402.45,402.6,402.25,402.4,17890,ITC
2025-03-20 10:13:00+05:30,402.4,402.75,402.25,402.4,9694,ITC
2025-03-20 10:14:00+05:30,402.4,402.8,402.2,402.7,13075,ITC
2025-03-20 10:15:00+05:30,402.7,402.8,402.5,402.75,7735,ITC
2025-03-20 10:16:00+05:30,402.8,402.85,402.6,402.85,5920,ITC
2025-03-20 10:17:00+05:30,402.8,403.0,402.8,403.0,11111,ITC
2025-03-20 10:18:00+05:30,403.0,403.5,402.95,403.5,38447,ITC
2025-03-20 10:19:00+05:30,403.5,403.75,403.45,403.55,30067,ITC
2025-03-20 10:20:00+05:30,403.55,403.6,403.5,403.6,11188,ITC
2025-03-20 10:21:00+05:30,403.6,404.2,403.5,404.15,37713,ITC
2025-03-20 10:22:00+05:30,404.15,404.5,404.15,404.5,39265,ITC
2025-03-20 10:23:00+05:30,404.5,404.8,404.4,404.6,45189,ITC
2025-03-20 10:24:00+05:30,404.5,404.65,404.1,404.35,46381,ITC
2025-03-20 10:25:00+05:30,404.35,404.55,404.3,404.5,26154,ITC
2025-03-20 10:26:00+05:30,404.55,404.6,404.15,404.3,22033,ITC
2025-03-20 10:27:00+05:30,404.3,404.35,404.15,404.3,9753,ITC
2025-03-20 10:28:00+05:30,404.25,404.5,404.2,404.45,12637,ITC
2025-03-20 10:29:00+05:30,404.45,404.55,404.25,404.4,14510,ITC
2025-03-20 10:30:00+05:30,404.35,404.55,404.15,404.45,17918,ITC
2025-03-20 10:31:00+05:30,404.35,404.6,404.3,404.45,6386,ITC
2025-03-20 10:32:00+05:30,404.45,404.55,404.1,404.3,9769,ITC
2025-03-20 10:33:00+05:30,404.3,404.3,404.05,404.2,9511,ITC
2025-03-20 10:34:00+05:30,404.15,404.6,404.05,404.5,24865,ITC
2025-03-20 10:35:00+05:30,404.45,404.65,404.3,404.55,7839,ITC
2025-03-20 10:36:00+05:30,404.6,404.6,404.35,404.35,7265,ITC
2025-03-20 10:37:00+05:30,404.45,404.55,404.25,404.4,8402,ITC
2025-03-20 10:38:00+05:30,404.35,404.5,404.1,404.25,6376,ITC
2025-03-20 10:39:00+05:30,404.25,404.3,403.75,404.0,25573,ITC
2025-03-20 10:40:00+05:30,403.95,404.0,403.65,404.0,10922,ITC
2025-03-20 10:41:00+05:30,403.95,404.0,403.8,404.0,3549,ITC
2025-03-20 10:42:00+05:30,404.0,404.0,403.75,403.9,5219,ITC
2025-03-20 10:43:00+05:30,403.95,403.95,403.8,403.85,4367,ITC
2025-03-20 10:44:00+05:30,403.85,403.95,403.7,403.85,10465,ITC
2025-03-20 10:45:00+05:30,403.9,404.0,403.7,403.9,8069,ITC
2025-03-20 10:46:00+05:30,403.9,403.9,403.7,403.9,3996,ITC
2025-03-20 10:47:00+05:30,403.9,403.9,403.65,403.85,4358,ITC
2025-03-20 10:48:00+05:30,403.85,403.85,403.7,403.85,6878,ITC
2025-03-20 10:49:00+05:30,403.85,403.85,403.75,403.85,5430,ITC
2025-03-20 10:50:00+05:30,403.85,403.85,403.55,403.65,11660,ITC
2025-03-20 10:51:00+05:30,403.6,403.65,403.35,403.35,8831,ITC
2025-03-20 10:52:00+05:30,403.3,403.55,403.1,403.5,21947,ITC
2025-03-20 10:53:00+05:30,403.45,403.5,403.35,403.4,10389,ITC
2025-03-20 10:54:00+05:30,403.4,403.55,403.35,403.4,2393,ITC
2025-03-20 10:55:00+05:30,403.5,403.8,403.3,403.75,6571,ITC
2025-03-20 10:56:00+05:30,403.6,403.8,403.6,403.8,3186,ITC
2025-03-20 10:57:00+05:30,403.8,403.95,403.65,403.95,3543,ITC
2025-03-20 10:58:00+05:30,403.95,403.95,403.8,403.95,12564,ITC
2025-03-20 10:59:00+05:30,403.95,403.95,403.8,403.95,5213,ITC
2025-03-20 11:00:00+05:30,403.95,403.95,403.85,403.95,11884,ITC
2025-03-20 11:01:00+05:30,403.95,403.95,403.8,403.85,4650,ITC
2025-03-20 11:02:00+05:30,403.8,403.9,403.8,403.9,2641,ITC
2025-03-20 11:03:00+05:30,403.9,403.9,403.8,403.85,3870,ITC
2025-03-20 11:04:00+05:30,403.85,403.9,403.7,403.9,4446,ITC
2025-03-20 11:05:00+05:30,403.9,403.95,403.75,403.9,4424,ITC
2025-03-20 11:06:00+05:30,403.85,403.95,403.85,403.95,6783,ITC
2025-03-20 11:07:00+05:30,403.95,403.95,403.7,403.8,9814,ITC
2025-03-20 11:08:00+05:30,403.7,403.95,403.6,403.9,10664,ITC
2025-03-20 11:09:00+05:30,403.9,404.2,403.65,403.75,174004,ITC
2025-03-20 11:10:00+05:30,403.75,403.75,403.5,403.75,25923,ITC
2025-03-20 11:11:00+05:30,403.75,403.75,403.65,403.75,2428,ITC
2025-03-20 11:12:00+05:30,403.75,403.75,403.6,403.65,8074,ITC
2025-03-20 11:13:00+05:30,403.65,403.75,403.45,403.6,23407,ITC
2025-03-20 11:14:00+05:30,403.75,403.75,403.55,403.7,4995,ITC
2025-03-20 11:15:00+05:30,403.7,403.7,403.5,403.7,3725,ITC
2025-03-20 11:16:00+05:30,403.7,403.7,403.45,403.5,5549,ITC
2025-03-20 11:17:00+05:30,403.45,403.6,403.3,403.5,157827,ITC
2025-03-20 11:18:00+05:30,403.5,403.5,403.1,403.25,31926,ITC
2025-03-20 11:19:00+05:30,403.25,403.25,403.05,403.25,14074,ITC
2025-03-20 11:20:00+05:30,403.15,403.25,403.05,403.25,3523,ITC
2025-03-20 11:21:00+05:30,403.25,403.5,403.05,403.3,22060,ITC
2025-03-20 11:22:00+05:30,403.35,403.4,403.3,403.4,6472,ITC
2025-03-20 11:23:00+05:30,403.4,403.65,403.35,403.6,11914,ITC
2025-03-20 11:24:00+05:30,403.65,403.75,403.5,403.65,4345,ITC
2025-03-20 11:25:00+05:30,403.65,403.85,403.55,403.75,13160,ITC
2025-03-20 11:26:00+05:30,403.7,403.75,403.45,403.5,4247,ITC
2025-03-20 11:27:00+05:30,403.5,403.6,403.35,403.55,4216,ITC
2025-03-20 11:28:00+05:30,403.55,403.6,403.4,403.55,2045,ITC
2025-03-20 11:29:00+05:30,403.55,403.55,403.45,403.55,6250,ITC
2025-03-20 11:30:00+05:30,403.55,403.55,403.45,403.5,2618,ITC
2025-03-20 11:31:00+05:30,403.5,403.55,403.45,403.55,7272,ITC
2025-03-20 11:32:00+05:30,403.55,403.55,403.3,403.5,5243,ITC
2025-03-20 11:33:00+05:30,403.5,403.55,403.35,403.4,2747,ITC
2025-03-20 11:34:00+05:30,403.4,403.4,403.3,403.4,3037,ITC
2025-03-20 11:35:00+05:30,403.4,403.5,403.25,403.3,8272,ITC
2025-03-20 11:36:00+05:30,403.35,403.5,403.25,403.25,5075,ITC
2025-03-20 11:37:00+05:30,403.25,403.35,403.2,403.35,3614,ITC
2025-03-20 11:38:00+05:30,403.35,403.4,403.1,403.2,12460,ITC
2025-03-20 11:39:00+05:30,403.3,403.45,403.15,403.4,6260,ITC
2025-03-20 11:40:00+05:30,403.4,403.4,403.15,403.3,7666,ITC
2025-03-20 11:41:00+05:30,403.35,403.35,403.1,403.1,4501,ITC
2025-03-20 11:42:00+05:30,403.25,403.3,403.15,403.3,1593,ITC
2025-03-20 11:43:00+05:30,403.25,403.3,403.15,403.3,4289,ITC
2025-03-20 11:44:00+05:30,403.3,403.5,403.25,403.45,4441,ITC
2025-03-20 11:45:00+05:30,403.5,403.5,403.2,403.45,6601,ITC
2025-03-20 11:46:00+05:30,403.45,403.5,403.25,403.5,3554,ITC
2025-03-20 11:47:00+05:30,403.45,403.5,403.25,403.25,3406,ITC
2025-03-20 11:48:00+05:30,403.45,403.5,403.25,403.45,5399,ITC
2025-03-20 11:49:00+05:30,403.5,403.5,403.15,403.4,4188,ITC
2025-03-20 11:50:00+05:30,403.4,403.45,403.3,403.45,13017,ITC
2025-03-20 11:51:00+05:30,403.45,403.45,403.4,403.45,7480,ITC
2025-03-20 11:52:00+05:30,403.45,403.45,403.4,403.45,5729,ITC
2025-03-20 11:53:00+05:30,403.4,403.45,403.4,403.45,6444,ITC
2025-03-20 11:54:00+05:30,403.45,403.45,403.4,403.45,21135,ITC
2025-03-20 11:55:00+05:30,403.45,403.45,403.4,403.45,9165,ITC
2025-03-20 11:56:00+05:30,403.4,403.55,403.4,403.5,19350,ITC
2025-03-20 11:57:00+05:30,403.5,403.55,403.3,403.4,5254,ITC
2025-03-20 11:58:00+05:30,403.4,403.5,403.25,403.45,18292,ITC
2025-03-20 11:59:00+05:30,403.45,403.45,403.15,403.3,7699,ITC
2025-03-20 12:00:00+05:30,403.2,403.3,403.15,403.3,3434,ITC
2025-03-20 12:01:00+05:30,403.3,403.3,403.05,403.05,13149,ITC
2025-03-20 12:02:00+05:30,403.2,403.3,403.2,403.3,4456,ITC
2025-03-20 12:03:00+05:30,403.3,403.3,403.1,403.2,7368,ITC
2025-03-20 12:04:00+05:30,403.3,403.45,403.0,403.25,70271,ITC
2025-03-20 12:05:00+05:30,403.25,403.25,402.9,403.0,16770,ITC
2025-03-20 12:06:00+05:30,403.1,403.25,403.0,403.2,21544,ITC
2025-03-20 12:07:00+05:30,403.2,403.3,403.05,403.25,6270,ITC
2025-03-20 12:08:00+05:30,403.25,403.5,403.05,403.5,5413,ITC
2025-03-20 12:09:00+05:30,403.5,403.5,403.4,403.5,5400,ITC
2025-03-20 12:10:00+05:30,403.5,403.5,403.4,403.5,12609,ITC
2025-03-20 12:11:00+05:30,403.5,403.55,403.4,403.5,4769,ITC
2025-03-20 12:12:00+05:30,403.5,403.55,403.4,403.55,2372,ITC
2025-03-20 12:13:00+05:30,403.5,403.55,403.1,403.35,7207,ITC
2025-03-20 12:14:00+05:30,403.4,403.4,403.25,403.3,4850,ITC
2025-03-20 12:15:00+05:30,403.3,403.3,403.15,403.2,7891,ITC
2025-03-20 12:16:00+05:30,403.25,403.3,403.15,403.3,7419,ITC
2025-03-20 12:17:00+05:30,403.25,403.3,403.15,403.2,5859,ITC
2025-03-20 12:18:00+05:30,403.2,403.3,403.15,403.3,6200,ITC
2025-03-20 12:19:00+05:30,403.3,403.3,403.1,403.25,9025,ITC
2025-03-20 12:20:00+05:30,403.3,403.3,403.1,403.3,12807,ITC
2025-03-20 12:21:00+05:30,403.2,403.25,403.05,403.15,10091,ITC
2025-03-20 12:22:00+05:30,403.2,403.25,403.05,403.25,7410,ITC
2025-03-20 12:23:00+05:30,403.2,403.35,403.05,403.25,8727,ITC
2025-03-20 12:24:00+05:30,403.25,403.3,403.05,403.05,6463,ITC
2025-03-20 12:25:00+05:30,403.1,403.3,403.1,403.15,5140,ITC
2025-03-20 12:26:00+05:30,403.2,403.3,403.05,403.05,11406,ITC
2025-03-20 12:27:00+05:30,403.05,403.15,402.9,403.0,19052,ITC
2025-03-20 12:28:00+05:30,403.0,403.15,402.75,402.85,472277,ITC
2025-03-20 12:29:00+05:30,402.85,403.0,402.6,402.95,24041,ITC
2025-03-20 12:30:00+05:30,402.95,403.2,402.8,403.2,15963,ITC
2025-03-20 12:31:00+05:30,403.2,403.2,402.8,402.95,17113,ITC
2025-03-20 12:32:00+05:30,402.95,402.95,402.3,402.55,66681,ITC
2025-03-20 12:33:00+05:30,402.55,402.55,402.1,402.35,83036,ITC
2025-03-20 12:34:00+05:30,402.45,402.45,402.0,402.25,88724,ITC
2025-03-20 12:35:00+05:30,402.25,402.5,402.2,402.45,21022,ITC
2025-03-20 12:36:00+05:30,402.45,402.6,402.25,402.4,10560,ITC
2025-03-20 12:37:00+05:30,402.55,402.65,402.3,402.6,16002,ITC
2025-03-20 12:38:00+05:30,402.6,402.8,402.45,402.75,11988,ITC
2025-03-20 12:39:00+05:30,402.7,402.75,402.35,402.4,16447,ITC
2025-03-20 12:40:00+05:30,402.4,402.5,402.25,402.45,13709,ITC
2025-03-20 12:41:00+05:30,402.45,402.5,402.25,402.3,12801,ITC
2025-03-20 12:42:00+05:30,402.3,402.5,402.2,402.35,15640,ITC
2025-03-20 12:43:00+05:30,402.4,402.4,402.2,402.35,23026,ITC
2025-03-20 12:44:00+05:30,402.4,402.6,402.3,402.6,5484,ITC
2025-03-20 12:45:00+05:30,402.6,402.7,402.3,402.5,17606,ITC
2025-03-20 12:46:00+05:30,402.45,402.6,402.35,402.55,9359,ITC
2025-03-20 12:47:00+05:30,402.6,402.65,402.5,402.65,6584,ITC
2025-03-20 12:48:00+05:30,402.7,402.8,402.5,402.8,13982,ITC
2025-03-20 12:49:00+05:30,402.85,402.9,402.7,402.9,6201,ITC
2025-03-20 12:50:00+05:30,402.9,402.95,402.7,402.9,11286,ITC
2025-03-20 12:51:00+05:30,402.9,402.95,402.7,402.9,28619,ITC
2025-03-20 12:52:00+05:30,402.9,403.0,402.5,402.55,61591,ITC
2025-03-20 12:53:00+05:30,402.6,402.6,402.4,402.6,26116,ITC
2025-03-20 12:54:00+05:30,402.6,402.65,402.4,402.5,19311,ITC
2025-03-20 12:55:00+05:30,402.5,402.6,402.4,402.5,24972,ITC
2025-03-20 12:56:00+05:30,402.5,402.5,402.45,402.5,14506,ITC
2025-03-20 12:57:00+05:30,402.5,402.5,402.4,402.5,19890,ITC
2025-03-20 12:58:00+05:30,402.45,402.5,402.25,402.45,33859,ITC
2025-03-20 12:59:00+05:30,402.4,402.5,402.3,402.5,13141,ITC
2025-03-20 13:00:00+05:30,402.5,402.5,402.15,402.5,47810,ITC
2025-03-20 13:01:00+05:30,402.5,402.5,402.3,402.35,9453,ITC
2025-03-20 13:02:00+05:30,402.35,402.5,402.25,402.45,23364,ITC
2025-03-20 13:03:00+05:30,402.5,402.5,402.35,402.5,6698,ITC
2025-03-20 13:04:00+05:30,402.5,402.5,402.35,402.5,11459,ITC
2025-03-20 13:05:00+05:30,402.5,402.5,402.4,402.5,14166,ITC
2025-03-20 13:06:00+05:30,402.5,402.5,402.35,402.5,7502,ITC
2025-03-20 13:07:00+05:30,402.5,402.5,402.3,402.4,6702,ITC
2025-03-20 13:08:00+05:30,402.4,402.45,402.3,402.45,5679,ITC
2025-03-20 13:09:00+05:30,402.45,402.5,402.35,402.45,7271,ITC
2025-03-20 13:10:00+05:30,402.5,402.6,402.4,402.6,21827,ITC
2025-03-20 13:11:00+05:30,402.6,402.8,402.45,402.5,55998,ITC
2025-03-20 13:12:00+05:30,402.5,402.75,402.45,402.5,69724,ITC
2025-03-20 13:13:00+05:30,402.5,402.5,402.45,402.5,16683,ITC
2025-03-20 13:14:00+05:30,402.5,402.75,402.45,402.5,45972,ITC
2025-03-20 13:15:00+05:30,402.5,402.8,402.4,402.5,58669,ITC
2025-03-20 13:16:00+05:30,402.5,402.5,402.4,402.45,18973,ITC
2025-03-20 13:17:00+05:30,402.5,402.5,402.4,402.5,9466,ITC
2025-03-20 13:18:00+05:30,402.5,402.5,402.3,402.5,25415,ITC
2025-03-20 13:19:00+05:30,402.5,403.0,402.45,402.8,137596,ITC
2025-03-20 13:20:00+05:30,402.95,403.2,402.65,402.95,66681,ITC
2025-03-20 13:21:00+05:30,402.95,403.4,402.8,403.4,30719,ITC
2025-03-20 13:22:00+05:30,403.35,403.5,403.15,403.5,21792,ITC
2025-03-20 13:23:00+05:30,403.5,403.85,403.35,403.5,50768,ITC
2025-03-20 13:24:00+05:30,403.5,403.55,403.0,403.3,14876,ITC
2025-03-20 13:25:00+05:30,403.3,403.45,403.25,403.3,11764,ITC
2025-03-20 13:26:00+05:30,403.35,403.4,402.85,402.85,283050,ITC
2025-03-20 13:27:00+05:30,402.95,403.3,402.8,403.1,99990,ITC
2025-03-20 13:28:00+05:30,403.1,403.1,402.65,402.7,33699,ITC
2025-03-20 13:29:00+05:30,402.7,403.1,402.6,403.0,18879,ITC
2025-03-20 13:30:00+05:30,403.05,403.25,403.0,403.25,12255,ITC
2025-03-20 13:31:00+05:30,403.25,403.25,403.05,403.2,7657,ITC
2025-03-20 13:32:00+05:30,403.2,403.25,403.05,403.25,13488,ITC
2025-03-20 13:33:00+05:30,403.25,403.25,403.1,403.1,13218,ITC
2025-03-20 13:34:00+05:30,403.25,403.25,403.15,403.25,7590,ITC
2025-03-20 13:35:00+05:30,403.25,403.3,403.1,403.3,9532,ITC
2025-03-20 13:36:00+05:30,403.3,403.5,403.2,403.45,11465,ITC
2025-03-20 13:37:00+05:30,403.35,403.5,403.3,403.5,15868,ITC
2025-03-20 13:38:00+05:30,403.5,403.5,403.3,403.5,17121,ITC
2025-03-20 13:39:00+05:30,403.5,403.5,403.3,403.5,12681,ITC
2025-03-20 13:40:00+05:30,403.5,403.5,403.3,403.5,20248,ITC
2025-03-20 13:41:00+05:30,403.5,403.5,403.3,403.5,5315,ITC
2025-03-20 13:42:00+05:30,403.5,403.5,403.35,403.5,9442,ITC
2025-03-20 13:43:00+05:30,403.5,403.6,403.3,403.55,15941,ITC
2025-03-20 13:44:00+05:30,403.55,403.6,403.35,403.5,24347,ITC
2025-03-20 13:45:00+05:30,403.45,403.55,403.3,403.5,8568,ITC
2025-03-20 13:46:00+05:30,403.5,403.6,403.3,403.5,9242,ITC
2025-03-20 13:47:00+05:30,403.5,403.65,402.85,403.0,710895,ITC
2025-03-20 13:48:00+05:30,403.0,403.85,403.0,403.55,138012,ITC
2025-03-20 13:49:00+05:30,403.55,403.65,403.0,403.5,89721,ITC
2025-03-20 13:50:00+05:30,403.5,403.5,403.2,403.45,13096,ITC
2025-03-20 13:51:00+05:30,403.45,403.8,403.3,403.3,86571,ITC
2025-03-20 13:52:00+05:30,403.4,403.6,403.15,403.6,31330,ITC
2025-03-20 13:53:00+05:30,403.6,403.6,403.4,403.5,14470,ITC
2025-03-20 13:54:00+05:30,403.5,403.5,403.3,403.5,11839,ITC
2025-03-20 13:55:00+05:30,403.5,403.65,403.4,403.65,32027,ITC
2025-03-20 13:56:00+05:30,403.6,403.95,403.45,403.95,67726,ITC
2025-03-20 13:57:00+05:30,403.95,403.95,403.45,403.5,38342,ITC
2025-03-20 13:58:00+05:30,403.6,403.85,403.5,403.75,14507,ITC
2025-03-20 13:59:00+05:30,403.75,404.15,403.6,404.0,101786,ITC
2025-03-20 14:00:00+05:30,404.05,404.15,403.0,403.95,1335519,ITC
2025-03-20 14:01:00+05:30,403.95,404.5,403.85,404.25,142125,ITC
2025-03-20 14:02:00+05:30,404.25,404.5,404.15,404.5,38324,ITC
2025-03-20 14:03:00+05:30,404.5,405.0,404.45,404.9,88696,ITC
2025-03-20 14:04:00+05:30,404.9,404.9,404.55,404.85,118827,ITC
2025-03-20 14:05:00+05:30,404.9,404.95,404.5,404.8,41449,ITC
2025-03-20 14:06:00+05:30,404.8,405.4,404.6,405.4,114602,ITC
2025-03-20 14:07:00+05:30,405.4,406.65,405.35,405.85,240190,ITC
2025-03-20 14:08:00+05:30,405.9,406.0,405.3,405.4,59312,ITC
2025-03-20 14:09:00+05:30,405.4,405.5,405.05,405.25,43510,ITC
2025-03-20 14:10:00+05:30,405.25,405.7,405.15,405.4,87905,ITC
2025-03-20 14:11:00+05:30,405.4,405.4,405.0,405.2,98352,ITC
2025-03-20 14:12:00+05:30,405.2,405.55,404.95,405.5,144560,ITC
2025-03-20 14:13:00+05:30,405.6,405.75,405.3,405.45,28127,ITC
2025-03-20 14:14:00+05:30,405.5,405.7,405.2,405.6,77575,ITC
2025-03-20 14:15:00+05:30,405.55,405.6,405.05,405.05,21453,ITC
2025-03-20 14:16:00+05:30,405.05,405.05,404.8,405.0,59833,ITC
2025-03-20 14:17:00+05:30,405.0,405.0,404.65,404.75,27962,ITC
2025-03-20 14:18:00+05:30,404.75,405.0,404.5,404.8,87806,ITC
2025-03-20 14:19:00+05:30,404.95,404.95,404.65,404.7,15016,ITC
2025-03-20 14:20:00+05:30,404.85,405.0,404.65,404.95,30929,ITC
2025-03-20 14:21:00+05:30,404.95,405.0,404.8,405.0,34477,ITC
2025-03-20 14:22:00+05:30,405.0,405.5,404.75,405.25,199828,ITC
2025-03-20 14:23:00+05:30,405.25,405.25,404.8,404.85,17952,ITC
2025-03-20 14:24:00+05:30,404.85,404.85,404.75,404.85,11814,ITC
2025-03-20 14:25:00+05:30,404.8,404.9,404.65,404.75,30080,ITC
2025-03-20 14:26:00+05:30,404.7,405.15,404.7,405.0,21300,ITC
2025-03-20 14:27:00+05:30,405.0,405.25,404.8,405.15,13426,ITC
2025-03-20 14:28:00+05:30,405.15,405.35,405.0,405.3,23012,ITC
2025-03-20 14:29:00+05:30,405.35,405.4,405.1,405.1,16528,ITC
2025-03-20 14:30:00+05:30,405.25,405.35,405.1,405.25,17902,ITC
2025-03-20 14:31:00+05:30,405.25,405.35,405.1,405.25,20432,ITC
2025-03-20 14:32:00+05:30,405.25,405.4,405.1,405.3,26692,ITC
2025-03-20 14:33:00+05:30,405.3,405.4,405.25,405.35,14743,ITC
2025-03-20 14:34:00+05:30,405.3,405.4,405.05,405.2,33007,ITC
2025-03-20 14:35:00+05:30,405.1,405.2,404.55,404.75,94999,ITC
2025-03-20 14:36:00+05:30,404.75,404.8,404.05,404.15,52844,ITC
2025-03-20 14:37:00+05:30,404.15,404.55,403.85,404.5,156080,ITC
2025-03-20 14:38:00+05:30,404.55,404.95,404.5,404.85,67106,ITC
2025-03-20 14:39:00+05:30,404.75,404.9,404.5,404.8,26458,ITC
2025-03-20 14:40:00+05:30,404.75,404.95,404.65,404.9,10450,ITC
2025-03-20 14:41:00+05:30,404.8,405.2,404.7,405.1,85744,ITC
2025-03-20 14:42:00+05:30,404.95,405.05,404.65,404.8,15261,ITC
2025-03-20 14:43:00+05:30,404.8,404.85,404.35,404.45,23644,ITC
2025-03-20 14:44:00+05:30,404.4,404.6,404.1,404.25,15234,ITC
2025-03-20 14:45:00+05:30,404.15,404.55,404.1,404.3,36508,ITC
2025-03-20 14:46:00+05:30,404.3,404.55,404.15,404.4,40514,ITC
2025-03-20 14:47:00+05:30,404.45,404.6,404.25,404.45,11842,ITC
2025-03-20 14:48:00+05:30,404.45,404.65,404.25,404.5,15341,ITC
2025-03-20 14:49:00+05:30,404.5,404.8,404.4,404.5,47627,ITC
2025-03-20 14:50:00+05:30,404.5,405.0,404.4,404.95,31175,ITC
2025-03-20 14:51:00+05:30,404.95,404.95,404.65,404.65,55805,ITC
2025-03-20 14:52:00+05:30,404.7,404.75,404.5,404.6,19042,ITC
2025-03-20 14:53:00+05:30,404.6,404.75,404.45,404.6,37280,ITC
2025-03-20 14:54:00+05:30,404.7,404.9,404.6,404.65,39330,ITC
2025-03-20 14:55:00+05:30,404.65,404.85,404.55,404.65,30514,ITC
2025-03-20 14:56:00+05:30,404.65,405.15,404.55,404.85,93022,ITC
2025-03-20 14:57:00+05:30,404.85,404.85,404.55,404.6,25841,ITC
2025-03-20 14:58:00+05:30,404.6,404.75,404.5,404.6,61032,ITC
2025-03-20 14:59:00+05:30,404.6,404.9,404.55,404.85,29634,ITC
2025-03-20 15:00:00+05:30,404.85,404.95,404.7,404.85,61650,ITC
2025-03-20 15:01:00+05:30,404.85,405.0,404.6,404.85,107930,ITC
2025-03-20 15:02:00+05:30,404.9,405.25,404.2,404.25,135719,ITC
2025-03-20 15:03:00+05:30,404.2,404.6,404.2,404.25,63687,ITC
2025-03-20 15:04:00+05:30,404.25,404.55,404.15,404.4,70771,ITC
2025-03-20 15:05:00+05:30,404.4,404.55,404.2,404.35,59829,ITC
2025-03-20 15:06:00+05:30,404.35,404.35,404.2,404.25,26020,ITC
2025-03-20 15:07:00+05:30,404.25,404.3,404.1,404.15,54460,ITC
2025-03-20 15:08:00+05:30,404.15,404.15,403.9,404.0,96462,ITC
2025-03-20 15:09:00+05:30,403.9,404.0,403.4,403.65,46221,ITC
2025-03-20 15:10:00+05:30,403.65,403.7,403.35,403.45,69028,ITC
2025-03-20 15:11:00+05:30,403.45,403.7,403.25,403.65,72395,ITC
2025-03-20 15:12:00+05:30,403.65,403.7,403.55,403.7,41308,ITC
2025-03-20 15:13:00+05:30,403.65,403.95,403.65,403.8,102744,ITC
2025-03-20 15:14:00+05:30,403.9,403.95,403.7,403.85,87107,ITC
2025-03-20 15:15:00+05:30,403.85,403.9,403.55,403.55,33429,ITC
2025-03-20 15:16:00+05:30,403.65,403.75,403.3,403.45,50996,ITC
2025-03-20 15:17:00+05:30,403.4,403.85,403.4,403.75,69325,ITC
2025-03-20 15:18:00+05:30,403.7,403.8,403.5,403.65,58601,ITC
2025-03-20 15:19:00+05:30,403.55,403.7,403.5,403.6,46401,ITC
2025-03-20 15:20:00+05:30,403.6,403.95,403.5,403.8,145025,ITC
2025-03-20 15:21:00+05:30,403.8,403.95,403.7,403.8,106251,ITC
2025-03-20 15:22:00+05:30,403.8,404.05,403.7,404.0,95331,ITC
2025-03-20 15:23:00+05:30,404.0,404.1,403.5,403.75,76365,ITC
2025-03-20 15:24:00+05:30,403.7,403.8,403.4,403.8,107325,ITC
2025-03-20 15:25:00+05:30,403.75,403.9,403.3,403.75,134143,ITC
2025-03-20 15:26:00+05:30,403.8,403.9,403.4,403.6,41590,ITC
2025-03-20 15:27:00+05:30,403.55,403.8,403.4,403.75,59838,ITC
2025-03-20 15:28:00+05:30,403.75,403.8,403.5,403.8,27260,ITC
2025-03-20 15:29:00+05:30,403.75,404.0,403.5,403.6,51612,ITC
2025-03-21 09:15:00+05:30,405.95,405.95,403.6,405.1,65078,ITC
2025-03-21 09:16:00+05:30,405.05,405.35,404.7,404.7,22722,ITC
2025-03-21 09:17:00+05:30,404.95,404.95,404.4,404.7,39565,ITC
2025-03-21 09:18:00+05:30,404.55,405.3,404.2,405.15,52507,ITC
2025-03-21 09:19:00+05:30,405.1,405.2,404.85,404.95,10881,ITC
2025-03-21 09:20:00+05:30,404.95,405.05,404.75,404.85,18523,ITC
2025-03-21 09:21:00+05:30,405.05,405.05,404.2,404.4,22154,ITC
2025-03-21 09:22:00+05:30,404.4,404.4,404.1,404.1,11422,ITC
2025-03-21 09:23:00+05:30,404.2,404.2,403.75,403.85,45005,ITC
2025-03-21 09:24:00+05:30,403.85,403.95,403.65,403.95,51462,ITC
2025-03-21 09:25:00+05:30,403.95,404.25,403.8,403.9,50297,ITC
2025-03-21 09:26:00+05:30,404.0,404.0,403.75,403.9,13993,ITC
2025-03-21 09:27:00+05:30,403.9,403.9,403.75,403.75,13536,ITC
2025-03-21 09:28:00+05:30,403.8,403.85,403.75,403.8,18408,ITC
2025-03-21 09:29:00+05:30,403.8,404.0,403.6,403.75,61697,ITC
2025-03-21 09:30:00+05:30,403.75,403.9,403.65,403.8,74456,ITC
2025-03-21 09:31:00+05:30,403.85,403.85,403.25,403.35,34354,ITC
2025-03-21 09:32:00+05:30,403.35,403.85,403.3,403.75,40763,ITC
2025-03-21 09:33:00+05:30,403.75,403.75,403.55,403.55,11057,ITC
2025-03-21 09:34:00+05:30,403.7,403.7,403.3,403.45,14449,ITC
2025-03-21 09:35:00+05:30,403.45,403.45,403.0,403.15,71587,ITC
2025-03-21 09:36:00+05:30,403.15,403.15,403.0,403.05,37399,ITC
2025-03-21 09:37:00+05:30,403.05,403.55,403.05,403.35,41348,ITC
2025-03-21 09:38:00+05:30,403.35,403.45,403.2,403.25,36730,ITC
2025-03-21 09:39:00+05:30,403.25,403.45,403.2,403.45,23922,ITC
2025-03-21 09:40:00+05:30,403.45,403.45,403.2,403.3,25637,ITC
2025-03-21 09:41:00+05:30,403.25,403.8,403.2,403.8,62802,ITC
2025-03-21 09:42:00+05:30,403.75,403.75,403.5,403.55,25732,ITC
2025-03-21 09:43:00+05:30,403.5,403.55,403.45,403.55,11060,ITC
2025-03-21 09:44:00+05:30,403.55,403.6,403.5,403.55,59922,ITC
2025-03-21 09:45:00+05:30,403.6,404.0,403.5,404.0,43940,ITC
2025-03-21 09:46:00+05:30,404.0,404.25,403.8,403.8,46055,ITC
2025-03-21 09:47:00+05:30,403.8,403.85,403.55,403.55,34405,ITC
2025-03-21 09:48:00+05:30,403.55,403.85,403.5,403.8,32468,ITC
2025-03-21 09:49:00+05:30,403.8,404.15,403.8,403.9,19398,ITC
2025-03-21 09:50:00+05:30,403.9,404.0,403.8,403.8,40561,ITC
2025-03-21 09:51:00+05:30,403.8,403.85,403.65,403.65,28476,ITC
2025-03-21 09:52:00+05:30,403.65,403.8,403.65,403.65,34330,ITC
2025-03-21 09:53:00+05:30,403.65,403.85,403.6,403.85,60053,ITC
2025-03-21 09:54:00+05:30,403.85,404.05,403.75,404.05,24483,ITC
2025-03-21 09:55:00+05:30,404.0,404.2,403.9,404.15,20220,ITC
2025-03-21 09:56:00+05:30,404.15,404.2,404.05,404.1,33060,ITC
2025-03-21 09:57:00+05:30,404.1,404.3,404.0,404.1,87894,ITC
2025-03-21 09:58:00+05:30,404.1,404.2,403.95,404.2,26658,ITC
2025-03-21 09:59:00+05:30,404.2,404.2,404.1,404.2,64379,ITC
2025-03-21 10:00:00+05:30,404.2,404.25,404.15,404.25,8202,ITC
2025-03-21 10:01:00+05:30,404.25,404.3,404.05,404.1,20911,ITC
2025-03-21 10:02:00+05:30,404.1,404.1,403.75,403.9,45746,ITC
2025-03-21 10:03:00+05:30,403.9,403.9,403.85,403.9,7542,ITC
2025-03-21 10:04:00+05:30,403.85,404.0,403.75,404.0,50691,ITC
2025-03-21 10:05:00+05:30,403.95,404.15,403.9,404.1,39475,ITC
2025-03-21 10:06:00+05:30,404.1,404.1,404.0,404.1,6446,ITC
2025-03-21 10:07:00+05:30,404.1,404.1,403.7,403.7,43728,ITC
2025-03-21 10:08:00+05:30,403.75,403.8,403.75,403.8,17329,ITC
2025-03-21 10:09:00+05:30,403.75,403.75,403.25,403.25,122219,ITC
2025-03-21 10:10:00+05:30,403.45,403.5,403.3,403.5,10866,ITC
2025-03-21 10:11:00+05:30,403.5,403.5,403.3,403.4,30958,ITC
2025-03-21 10:12:00+05:30,403.4,403.55,403.25,403.55,55175,ITC
2025-03-21 10:13:00+05:30,403.55,403.6,403.35,403.5,39732,ITC
2025-03-21 10:14:00+05:30,403.45,403.5,403.3,403.35,10111,ITC
2025-03-21 10:15:00+05:30,403.35,403.35,403.25,403.35,10499,ITC
2025-03-21 10:16:00+05:30,403.35,403.35,403.2,403.35,20298,ITC
2025-03-21 10:17:00+05:30,403.35,403.5,403.3,403.5,35326,ITC
2025-03-21 10:18:00+05:30,403.5,403.5,403.4,403.45,22194,ITC
2025-03-21 10:19:00+05:30,403.45,403.5,403.35,403.45,45532,ITC
2025-03-21 10:20:00+05:30,403.45,403.8,403.4,403.8,54494,ITC
2025-03-21 10:21:00+05:30,403.8,403.8,403.45,403.5,16842,ITC
2025-03-21 10:22:00+05:30,403.45,403.5,403.4,403.5,15541,ITC
2025-03-21 10:23:00+05:30,403.5,403.5,403.35,403.4,12013,ITC
2025-03-21 10:24:00+05:30,403.4,403.4,403.1,403.15,22959,ITC
2025-03-21 10:25:00+05:30,403.15,403.15,403.05,403.1,42440,ITC
2025-03-21 10:26:00+05:30,403.1,403.5,403.0,403.45,93086,ITC
2025-03-21 10:27:00+05:30,403.35,403.55,403.2,403.35,21580,ITC
2025-03-21 10:28:00+05:30,403.35,403.7,403.3,403.6,32807,ITC
2025-03-21 10:29:00+05:30,403.6,403.65,403.4,403.5,22450,ITC
2025-03-21 10:30:00+05:30,403.5,403.5,403.3,403.45,36320,ITC
2025-03-21 10:31:00+05:30,403.45,403.45,403.3,403.45,6192,ITC
2025-03-21 10:32:00+05:30,403.45,403.45,403.3,403.45,4952,ITC
2025-03-21 10:33:00+05:30,403.45,403.45,403.3,403.35,23394,ITC
2025-03-21 10:34:00+05:30,403.3,403.35,403.25,403.3,33087,ITC
2025-03-21 10:35:00+05:30,403.3,403.3,403.1,403.3,32397,ITC
2025-03-21 10:36:00+05:30,403.3,403.35,403.2,403.35,48071,ITC
2025-03-21 10:37:00+05:30,403.35,403.5,403.25,403.5,52402,ITC
2025-03-21 10:38:00+05:30,403.5,403.7,403.45,403.6,33358,ITC
2025-03-21 10:39:00+05:30,403.6,403.6,403.35,403.6,13820,ITC
2025-03-21 10:40:00+05:30,403.6,403.6,403.45,403.5,39500,ITC
2025-03-21 10:41:00+05:30,403.5,403.5,403.35,403.5,18513,ITC
2025-03-21 10:42:00+05:30,403.5,403.5,403.05,403.1,28884,ITC
2025-03-21 10:43:00+05:30,403.05,403.1,402.8,403.0,113598,ITC
2025-03-21 10:44:00+05:30,403.0,403.8,403.0,403.35,193978,ITC
2025-03-21 10:45:00+05:30,403.35,403.55,403.2,403.3,23040,ITC
2025-03-21 10:46:00+05:30,403.3,403.75,403.2,403.65,45744,ITC
2025-03-21 10:47:00+05:30,403.65,403.85,403.55,403.7,21785,ITC
2025-03-21 10:48:00+05:30,403.75,403.8,403.55,403.6,12906,ITC
2025-03-21 10:49:00+05:30,403.6,403.65,403.4,403.6,87132,ITC
2025-03-21 10:50:00+05:30,403.6,403.7,403.55,403.7,41078,ITC
2025-03-21 10:51:00+05:30,403.65,403.85,403.65,403.85,34155,ITC
2025-03-21 10:52:00+05:30,403.85,404.0,403.7,404.0,76888,ITC
2025-03-21 10:53:00+05:30,404.0,404.1,403.9,404.1,39254,ITC
2025-03-21 10:54:00+05:30,404.0,404.15,403.95,404.05,46726,ITC
2025-03-21 10:55:00+05:30,404.05,404.15,404.0,404.15,16969,ITC
2025-03-21 10:56:00+05:30,404.1,404.15,404.05,404.1,15054,ITC
2025-03-21 10:57:00+05:30,404.05,404.1,404.05,404.1,6934,ITC
2025-03-21 10:58:00+05:30,404.05,404.1,404.0,404.0,29008,ITC
2025-03-21 10:59:00+05:30,404.0,404.05,403.95,404.0,40749,ITC
2025-03-21 11:00:00+05:30,404.0,404.05,403.85,404.0,49435,ITC
2025-03-21 11:01:00+05:30,404.05,404.05,404.0,404.05,10132,ITC
2025-03-21 11:02:00+05:30,404.05,404.05,404.0,404.05,39722,ITC
2025-03-21 11:03:00+05:30,404.05,404.3,404.0,404.1,144327,ITC
2025-03-21 11:04:00+05:30,404.1,404.1,403.95,404.0,142678,ITC
2025-03-21 11:05:00+05:30,404.0,404.0,403.8,403.95,28673,ITC
2025-03-21 11:06:00+05:30,403.95,404.0,403.9,404.0,53781,ITC
2025-03-21 11:07:00+05:30,404.0,404.0,403.85,404.0,31839,ITC
2025-03-21 11:08:00+05:30,404.0,404.0,403.9,403.9,26648,ITC
2025-03-21 11:09:00+05:30,403.95,403.95,403.5,403.7,51763,ITC
2025-03-21 11:10:00+05:30,403.7,404.0,403.6,403.95,25530,ITC
2025-03-21 11:11:00+05:30,403.95,403.95,403.7,403.8,15102,ITC
2025-03-21 11:12:00+05:30,403.8,403.8,403.6,403.65,19109,ITC
2025-03-21 11:13:00+05:30,403.65,403.65,403.5,403.55,40370,ITC
2025-03-21 11:14:00+05:30,403.6,403.7,403.55,403.7,54642,ITC
2025-03-21 11:15:00+05:30,403.7,404.05,403.65,403.95,84284,ITC
2025-03-21 11:16:00+05:30,403.95,404.05,403.8,404.05,49956,ITC
2025-03-21 11:17:00+05:30,404.05,404.05,404.0,404.05,18935,ITC
2025-03-21 11:18:00+05:30,404.05,404.15,403.95,404.0,121755,ITC
2025-03-21 11:19:00+05:30,404.0,404.1,403.95,404.0,43620,ITC
2025-03-21 11:20:00+05:30,404.0,404.0,403.95,404.0,28462,ITC
2025-03-21 11:21:00+05:30,404.0,404.2,403.95,404.0,101991,ITC
2025-03-21 11:22:00+05:30,404.0,404.05,403.95,404.0,31277,ITC
2025-03-21 11:23:00+05:30,404.0,404.0,403.95,404.0,17003,ITC
2025-03-21 11:24:00+05:30,404.0,404.0,403.85,403.9,19377,ITC
2025-03-21 11:25:00+05:30,403.9,404.05,403.85,404.05,111961,ITC
2025-03-21 11:26:00+05:30,404.05,404.3,403.95,404.0,174908,ITC
2025-03-21 11:27:00+05:30,404.0,404.0,403.95,403.95,35670,ITC
2025-03-21 11:28:00+05:30,403.95,404.0,403.9,404.0,28809,ITC
2025-03-21 11:29:00+05:30,404.0,404.0,403.95,404.0,25743,ITC
2025-03-21 11:30:00+05:30,404.0,404.0,403.95,404.0,27277,ITC
2025-03-21 11:31:00+05:30,404.0,404.0,403.8,403.95,17720,ITC
2025-03-21 11:32:00+05:30,403.95,403.95,403.9,403.95,11425,ITC
2025-03-21 11:33:00+05:30,403.95,404.4,403.9,404.3,126245,ITC
2025-03-21 11:34:00+05:30,404.25,404.25,403.95,404.0,96077,ITC
2025-03-21 11:35:00+05:30,404.0,404.0,403.9,404.0,72211,ITC
2025-03-21 11:36:00+05:30,404.0,404.0,403.85,404.0,71159,ITC
2025-03-21 11:37:00+05:30,403.95,404.05,403.95,404.0,123052,ITC
2025-03-21 11:38:00+05:30,404.0,404.0,403.95,403.95,29261,ITC
2025-03-21 11:39:00+05:30,404.0,404.0,403.95,403.95,26113,ITC
2025-03-21 11:40:00+05:30,404.0,404.0,403.85,403.95,67119,ITC
2025-03-21 11:41:00+05:30,404.0,404.0,403.75,404.0,66633,ITC
2025-03-21 11:42:00+05:30,403.9,404.0,403.8,403.85,17578,ITC
2025-03-21 11:43:00+05:30,403.9,404.0,403.5,403.8,106456,ITC
2025-03-21 11:44:00+05:30,403.8,403.95,403.65,403.8,32592,ITC
2025-03-21 11:45:00+05:30,403.85,403.85,403.5,403.55,70030,ITC
2025-03-21 11:46:00+05:30,403.55,403.55,403.5,403.55,13252,ITC
2025-03-21 11:47:00+05:30,403.5,403.65,403.5,403.55,36315,ITC
2025-03-21 11:48:00+05:30,403.55,403.55,403.2,403.25,32133,ITC
2025-03-21 11:49:00+05:30,403.25,403.45,403.1,403.35,65659,ITC
2025-03-21 11:50:00+05:30,403.4,403.5,403.3,403.3,3028,ITC
2025-03-21 11:51:00+05:30,403.3,403.3,403.0,403.05,49824,ITC
2025-03-21 11:52:00+05:30,403.05,403.05,402.65,402.85,114319,ITC
2025-03-21 11:53:00+05:30,402.8,403.05,402.75,403.05,102436,ITC
2025-03-21 11:54:00+05:30,403.05,403.3,403.0,403.2,29481,ITC
2025-03-21 11:55:00+05:30,403.2,403.3,403.15,403.3,14772,ITC
2025-03-21 11:56:00+05:30,403.3,403.35,403.2,403.3,27478,ITC
2025-03-21 11:57:00+05:30,403.3,403.3,403.2,403.25,12769,ITC
2025-03-21 11:58:00+05:30,403.2,403.2,402.7,403.05,73908,ITC
2025-03-21 11:59:00+05:30,403.0,403.2,402.95,403.05,34893,ITC
2025-03-21 12:00:00+05:30,403.05,403.2,403.0,403.2,23439,ITC
2025-03-21 12:01:00+05:30,403.15,403.3,403.15,403.15,4542,ITC
2025-03-21 12:02:00+05:30,403.2,403.2,403.15,403.2,5894,ITC
2025-03-21 12:03:00+05:30,403.2,403.6,403.15,403.45,84488,ITC
2025-03-21 12:04:00+05:30,403.45,403.5,403.2,403.35,12787,ITC
2025-03-21 12:05:00+05:30,403.35,403.35,403.25,403.35,7271,ITC
2025-03-21 12:06:00+05:30,403.35,403.5,403.3,403.4,21012,ITC
2025-03-21 12:07:00+05:30,403.4,403.55,403.35,403.5,7600,ITC
2025-03-21 12:08:00+05:30,403.5,403.6,403.4,403.5,14250,ITC
2025-03-21 12:09:00+05:30,403.6,403.6,403.4,403.5,5742,ITC
2025-03-21 12:10:00+05:30,403.5,403.6,403.4,403.55,6096,ITC
2025-03-21 12:11:00+05:30,403.5,404.2,403.45,404.05,121177,ITC
2025-03-21 12:12:00+05:30,404.05,404.1,403.75,403.9,36163,ITC
2025-03-21 12:13:00+05:30,403.9,404.05,403.8,403.9,11963,ITC
2025-03-21 12:14:00+05:30,403.85,403.95,403.8,403.9,8442,ITC
2025-03-21 12:15:00+05:30,403.85,404.0,403.8,403.85,38686,ITC
2025-03-21 12:16:00+05:30,403.9,403.95,403.8,403.95,11579,ITC
2025-03-21 12:17:00+05:30,403.95,404.0,403.7,403.7,16739,ITC
2025-03-21 12:18:00+05:30,403.65,403.95,403.65,403.85,37170,ITC
2025-03-21 12:19:00+05:30,403.8,403.95,403.75,403.95,16854,ITC
2025-03-21 12:20:00+05:30,403.9,404.0,403.9,403.9,26340,ITC
2025-03-21 12:21:00+05:30,403.9,404.35,403.9,404.25,184841,ITC
2025-03-21 12:22:00+05:30,404.2,404.35,404.0,404.35,211830,ITC
2025-03-21 12:23:00+05:30,404.35,404.35,404.0,404.0,14403,ITC
2025-03-21 12:24:00+05:30,404.05,404.2,404.0,404.15,12898,ITC
2025-03-21 12:25:00+05:30,404.05,404.2,403.9,404.05,25649,ITC
2025-03-21 12:26:00+05:30,404.05,404.5,404.05,404.5,47783,ITC
2025-03-21 12:27:00+05:30,404.5,404.55,404.4,404.5,29798,ITC
2025-03-21 12:28:00+05:30,404.45,404.5,404.15,404.4,36621,ITC
2025-03-21 12:29:00+05:30,404.3,404.5,404.3,404.45,12099,ITC
2025-03-21 12:30:00+05:30,404.4,404.5,404.25,404.5,25863,ITC
2025-03-21 12:31:00+05:30,404.5,404.75,404.4,404.75,32905,ITC
2025-03-21 12:32:00+05:30,404.75,405.3,404.7,405.0,203677,ITC
2025-03-21 12:33:00+05:30,404.95,405.15,404.8,404.9,73938,ITC
2025-03-21 12:34:00+05:30,405.0,405.0,404.5,404.85,139754,ITC
2025-03-21 12:35:00+05:30,404.8,405.3,404.8,405.25,185842,ITC
2025-03-21 12:36:00+05:30,405.2,405.25,404.95,405.1,83068,ITC
2025-03-21 12:37:00+05:30,405.2,405.65,405.15,405.25,129430,ITC
2025-03-21 12:38:00+05:30,405.25,405.25,404.95,405.0,39514,ITC
2025-03-21 12:39:00+05:30,405.1,405.25,404.95,405.2,63467,ITC
2025-03-21 12:40:00+05:30,405.25,405.25,405.05,405.1,64023,ITC
2025-03-21 12:41:00+05:30,405.05,405.2,405.0,405.1,35265,ITC
2025-03-21 12:42:00+05:30,405.1,405.15,404.95,405.0,43722,ITC
2025-03-21 12:43:00+05:30,405.0,405.25,404.9,404.9,106376,ITC
2025-03-21 12:44:00+05:30,405.1,405.35,404.95,405.25,98536,ITC
2025-03-21 12:45:00+05:30,405.25,405.25,405.0,405.0,36340,ITC
2025-03-21 12:46:00+05:30,405.0,405.15,404.95,405.15,64056,ITC
2025-03-21 12:47:00+05:30,405.1,405.15,404.6,404.75,55415,ITC
2025-03-21 12:48:00+05:30,404.75,404.85,404.65,404.85,75957,ITC
2025-03-21 12:49:00+05:30,404.85,404.85,404.6,404.85,71872,ITC
2025-03-21 12:50:00+05:30,404.8,404.85,404.6,404.6,53693,ITC
2025-03-21 12:51:00+05:30,404.6,404.65,404.3,404.35,90404,ITC
2025-03-21 12:52:00+05:30,404.3,404.4,404.2,404.3,89327,ITC
2025-03-21 12:53:00+05:30,404.4,404.4,404.2,404.3,36287,ITC
2025-03-21 12:54:00+05:30,404.3,404.35,404.15,404.3,82000,ITC
2025-03-21 12:55:00+05:30,404.25,404.3,404.2,404.2,65750,ITC
2025-03-21 12:56:00+05:30,404.2,404.3,404.15,404.15,82929,ITC
2025-03-21 12:57:00+05:30,404.3,404.5,404.15,404.4,83619,ITC
2025-03-21 12:58:00+05:30,404.5,404.5,404.35,404.45,64338,ITC
2025-03-21 12:59:00+05:30,404.45,404.75,404.35,404.65,71123,ITC
2025-03-21 13:00:00+05:30,404.75,404.75,404.15,404.5,87290,ITC
2025-03-21 13:01:00+05:30,404.45,404.55,404.25,404.5,44898,ITC
2025-03-21 13:02:00+05:30,404.45,404.5,404.4,404.45,39537,ITC
2025-03-21 13:03:00+05:30,404.45,404.45,404.3,404.35,55986,ITC
2025-03-21 13:04:00+05:30,404.3,404.35,404.05,404.15,52245,ITC
2025-03-21 13:05:00+05:30,404.15,404.7,404.1,404.55,107054,ITC
2025-03-21 13:06:00+05:30,404.55,404.7,404.5,404.7,80983,ITC
2025-03-21 13:07:00+05:30,404.75,404.9,404.45,404.5,31135,ITC
2025-03-21 13:08:00+05:30,404.45,404.55,404.25,404.3,49525,ITC
2025-03-21 13:09:00+05:30,404.3,404.3,404.1,404.15,48732,ITC
2025-03-21 13:10:00+05:30,404.1,404.2,404.0,404.1,64779,ITC
2025-03-21 13:11:00+05:30,404.1,404.1,403.6,403.8,81158,ITC
2025-03-21 13:12:00+05:30,403.8,403.8,403.6,403.65,54760,ITC
2025-03-21 13:13:00+05:30,403.65,403.7,403.6,403.7,76055,ITC
2025-03-21 13:14:00+05:30,403.65,403.7,403.25,403.35,92149,ITC
2025-03-21 13:15:00+05:30,403.35,403.4,403.1,403.15,93492,ITC
2025-03-21 13:16:00+05:30,403.1,403.25,403.05,403.15,39863,ITC
2025-03-21 13:17:00+05:30,403.15,403.2,403.0,403.05,55471,ITC
2025-03-21 13:18:00+05:30,403.05,403.15,402.85,402.95,114651,ITC
2025-03-21 13:19:00+05:30,402.95,403.0,402.85,403.0,40571,ITC
2025-03-21 13:20:00+05:30,403.0,403.15,402.85,403.15,77885,ITC
2025-03-21 13:21:00+05:30,403.15,403.2,403.0,403.05,58607,ITC
2025-03-21 13:22:00+05:30,403.0,403.05,402.9,403.0,41051,ITC
2025-03-21 13:23:00+05:30,403.0,403.0,402.8,402.95,45261,ITC
2025-03-21 13:24:00+05:30,402.9,402.95,402.8,402.85,61481,ITC
2025-03-21 13:25:00+05:30,402.85,403.25,402.8,403.0,70719,ITC
2025-03-21 13:26:00+05:30,402.95,403.0,402.8,402.9,45667,ITC
2025-03-21 13:27:00+05:30,402.9,402.9,402.8,402.9,42852,ITC
2025-03-21 13:28:00+05:30,402.9,402.9,402.75,402.85,99993,ITC
2025-03-21 13:29:00+05:30,402.85,402.85,402.7,402.75,61671,ITC
2025-03-21 13:30:00+05:30,402.8,402.8,402.55,402.65,59563,ITC
2025-03-21 13:31:00+05:30,402.65,402.65,402.5,402.55,83042,ITC
2025-03-21 13:32:00+05:30,402.6,402.8,402.55,402.75,67747,ITC
2025-03-21 13:33:00+05:30,402.75,402.8,402.5,402.65,43271,ITC
2025-03-21 13:34:00+05:30,402.6,402.65,402.3,402.5,125783,ITC
2025-03-21 13:35:00+05:30,402.5,402.5,402.2,402.35,33333,ITC
2025-03-21 13:36:00+05:30,402.35,402.35,402.1,402.15,50435,ITC
2025-03-21 13:37:00+05:30,402.1,402.45,402.1,402.25,63146,ITC
2025-03-21 13:38:00+05:30,402.3,402.4,402.15,402.25,35894,ITC
2025-03-21 13:39:00+05:30,402.25,402.5,402.0,402.25,131317,ITC
2025-03-21 13:40:00+05:30,402.25,402.3,402.1,402.3,50226,ITC
2025-03-21 13:41:00+05:30,402.3,402.55,402.2,402.45,31211,ITC
2025-03-21 13:42:00+05:30,402.4,402.65,402.4,402.6,36264,ITC
2025-03-21 13:43:00+05:30,402.65,403.0,402.65,402.9,69015,ITC
2025-03-21 13:44:00+05:30,402.9,402.95,402.55,402.65,30467,ITC
2025-03-21 13:45:00+05:30,402.65,402.65,402.4,402.55,41397,ITC
2025-03-21 13:46:00+05:30,402.55,402.65,402.45,402.5,27212,ITC
2025-03-21 13:47:00+05:30,402.45,402.55,402.25,402.35,50496,ITC
2025-03-21 13:48:00+05:30,402.35,402.5,402.25,402.5,31969,ITC
2025-03-21 13:49:00+05:30,402.45,402.5,402.1,402.15,41578,ITC
2025-03-21 13:50:00+05:30,402.15,402.2,402.0,402.15,88024,ITC
2025-03-21 13:51:00+05:30,402.15,402.2,402.05,402.2,26695,ITC
2025-03-21 13:52:00+05:30,402.15,402.2,402.05,402.15,53291,ITC
2025-03-21 13:53:00+05:30,402.05,402.15,401.75,401.9,70566,ITC
2025-03-21 13:54:00+05:30,402.0,402.0,401.75,401.85,46120,ITC
2025-03-21 13:55:00+05:30,401.85,402.0,401.75,401.95,48438,ITC
2025-03-21 13:56:00+05:30,401.95,402.0,401.75,401.85,63559,ITC
2025-03-21 13:57:00+05:30,401.8,401.95,401.7,401.75,59300,ITC
2025-03-21 13:58:00+05:30,401.7,401.8,401.7,401.8,70350,ITC
2025-03-21 13:59:00+05:30,401.8,401.85,401.7,401.8,80619,ITC
2025-03-21 14:00:00+05:30,401.8,402.5,401.7,402.35,79605,ITC
2025-03-21 14:01:00+05:30,402.35,402.4,402.15,402.2,63265,ITC
2025-03-21 14:02:00+05:30,402.3,402.3,401.8,401.85,64320,ITC
2025-03-21 14:03:00+05:30,401.9,402.2,401.8,402.2,62944,ITC
2025-03-21 14:04:00+05:30,402.2,402.35,402.1,402.25,30373,ITC
2025-03-21 14:05:00+05:30,402.2,402.35,402.15,402.3,42205,ITC
2025-03-21 14:06:00+05:30,402.25,402.35,402.1,402.1,31483,ITC
2025-03-21 14:07:00+05:30,402.15,402.2,402.1,402.2,52822,ITC
2025-03-21 14:08:00+05:30,402.15,402.5,402.15,402.5,61989,ITC
2025-03-21 14:09:00+05:30,402.45,402.5,402.4,402.4,32142,ITC
2025-03-21 14:10:00+05:30,402.45,402.45,402.3,402.4,59294,ITC
2025-03-21 14:11:00+05:30,402.35,402.5,402.3,402.4,25139,ITC
2025-03-21 14:12:00+05:30,402.4,402.4,402.25,402.25,28346,ITC
2025-03-21 14:13:00+05:30,402.25,402.3,402.2,402.3,64601,ITC
2025-03-21 14:14:00+05:30,402.3,402.3,402.05,402.05,38150,ITC
2025-03-21 14:15:00+05:30,402.05,402.2,402.05,402.15,62137,ITC
2025-03-21 14:16:00+05:30,402.1,402.5,402.05,402.5,49464,ITC
2025-03-21 14:17:00+05:30,402.5,402.5,402.15,402.15,32756,ITC
2025-03-21 14:18:00+05:30,402.25,402.25,402.05,402.2,33057,ITC
2025-03-21 14:19:00+05:30,402.15,402.45,402.1,402.35,79535,ITC
2025-03-21 14:20:00+05:30,402.35,402.35,402.2,402.25,44328,ITC
2025-03-21 14:21:00+05:30,402.25,402.65,402.15,402.5,86175,ITC
2025-03-21 14:22:00+05:30,402.45,402.5,402.15,402.25,57544,ITC
2025-03-21 14:23:00+05:30,402.2,402.4,402.15,402.35,50986,ITC
2025-03-21 14:24:00+05:30,402.5,402.6,402.35,402.45,37656,ITC
2025-03-21 14:25:00+05:30,402.4,402.5,402.35,402.45,35698,ITC
2025-03-21 14:26:00+05:30,402.45,402.75,402.4,402.65,81170,ITC
2025-03-21 14:27:00+05:30,402.65,402.65,402.4,402.5,32784,ITC
2025-03-21 14:28:00+05:30,402.45,402.5,402.3,402.45,61231,ITC
2025-03-21 14:29:00+05:30,402.45,402.6,402.35,402.45,59572,ITC
2025-03-21 14:30:00+05:30,402.45,402.65,402.4,402.65,44730,ITC
2025-03-21 14:31:00+05:30,402.65,402.65,402.4,402.45,35722,ITC
2025-03-21 14:32:00+05:30,402.45,402.5,402.25,402.35,39108,ITC
2025-03-21 14:33:00+05:30,402.35,402.35,402.2,402.2,32093,ITC
2025-03-21 14:34:00+05:30,402.2,402.25,402.2,402.25,54496,ITC
2025-03-21 14:35:00+05:30,402.2,402.3,401.9,402.1,176560,ITC
2025-03-21 14:36:00+05:30,402.05,402.3,402.05,402.2,41503,ITC
2025-03-21 14:37:00+05:30,402.15,402.3,402.15,402.3,74634,ITC
2025-03-21 14:38:00+05:30,402.3,402.3,402.15,402.3,27210,ITC
2025-03-21 14:39:00+05:30,402.25,402.3,402.15,402.25,31688,ITC
2025-03-21 14:40:00+05:30,402.25,402.25,402.0,402.05,41847,ITC
2025-03-21 14:41:00+05:30,402.0,402.05,401.85,401.85,67231,ITC
2025-03-21 14:42:00+05:30,401.8,401.9,401.75,401.9,66329,ITC
2025-03-21 14:43:00+05:30,401.85,402.4,401.8,402.2,92342,ITC
2025-03-21 14:44:00+05:30,402.4,402.45,402.1,402.1,40451,ITC
2025-03-21 14:45:00+05:30,402.15,402.3,401.9,402.25,89060,ITC
2025-03-21 14:46:00+05:30,402.25,402.25,401.95,402.05,22664,ITC
2025-03-21 14:47:00+05:30,402.0,402.05,401.7,401.75,98305,ITC
2025-03-21 14:48:00+05:30,401.85,401.95,401.8,401.9,33737,ITC
2025-03-21 14:49:00+05:30,401.9,402.05,401.85,402.0,45302,ITC
2025-03-21 14:50:00+05:30,402.0,402.25,401.95,402.25,64632,ITC
2025-03-21 14:51:00+05:30,402.25,402.25,402.05,402.15,33329,ITC
2025-03-21 14:52:00+05:30,402.1,402.25,402.0,402.2,85057,ITC
2025-03-21 14:53:00+05:30,402.2,402.25,402.1,402.2,34399,ITC
2025-03-21 14:54:00+05:30,402.15,402.2,401.95,402.0,47804,ITC
2025-03-21 14:55:00+05:30,402.0,402.25,401.9,402.25,75093,ITC
2025-03-21 14:56:00+05:30,402.2,402.25,402.1,402.2,39564,ITC
2025-03-21 14:57:00+05:30,402.25,402.25,402.05,402.15,48362,ITC
2025-03-21 14:58:00+05:30,402.15,402.2,402.05,402.15,40416,ITC
2025-03-21 14:59:00+05:30,402.1,402.15,401.9,402.05,40959,ITC
2025-03-21 15:00:00+05:30,402.05,403.6,401.95,403.5,516112,ITC
2025-03-21 15:01:00+05:30,403.45,403.8,402.7,403.65,418847,ITC
2025-03-21 15:02:00+05:30,403.65,403.8,403.45,403.5,213557,ITC
2025-03-21 15:03:00+05:30,403.5,403.95,403.45,403.85,250615,ITC
2025-03-21 15:04:00+05:30,403.85,404.3,403.75,404.25,221804,ITC
2025-03-21 15:05:00+05:30,404.25,404.35,404.1,404.3,195524,ITC
2025-03-21 15:06:00+05:30,404.3,404.8,404.25,404.65,176097,ITC
2025-03-21 15:07:00+05:30,404.7,404.9,404.55,404.75,200702,ITC
2025-03-21 15:08:00+05:30,404.7,405.0,404.65,404.85,150084,ITC
2025-03-21 15:09:00+05:30,404.9,405.3,404.85,405.25,176823,ITC
2025-03-21 15:10:00+05:30,405.3,405.55,405.25,405.5,154970,ITC
2025-03-21 15:11:00+05:30,405.5,405.75,405.45,405.6,217594,ITC
2025-03-21 15:12:00+05:30,405.65,405.9,405.05,405.7,460393,ITC
2025-03-21 15:13:00+05:30,405.7,405.95,405.7,405.85,182151,ITC
2025-03-21 15:14:00+05:30,405.9,406.0,405.85,405.95,258289,ITC
2025-03-21 15:15:00+05:30,406.0,406.15,405.9,406.1,211493,ITC
2025-03-21 15:16:00+05:30,406.1,406.1,405.1,405.3,460611,ITC
2025-03-21 15:17:00+05:30,405.4,405.95,405.3,405.75,171611,ITC
2025-03-21 15:18:00+05:30,405.8,405.9,405.65,405.65,247175,ITC
2025-03-21 15:19:00+05:30,405.7,406.3,405.6,406.05,312001,ITC
2025-03-21 15:20:00+05:30,406.15,406.75,406.05,406.65,241696,ITC
2025-03-21 15:21:00+05:30,406.7,406.95,406.6,406.85,264940,ITC
2025-03-21 15:22:00+05:30,406.75,407.15,406.75,407.1,397017,ITC
2025-03-21 15:23:00+05:30,407.05,407.1,406.85,406.85,283372,ITC
2025-03-21 15:24:00+05:30,406.9,407.1,406.8,407.1,241723,ITC
2025-03-21 15:25:00+05:30,407.0,407.1,406.8,407.0,339888,ITC
2025-03-21 15:26:00+05:30,407.0,407.1,406.8,407.0,272734,ITC
2025-03-21 15:27:00+05:30,407.0,407.2,406.85,407.15,316975,ITC
2025-03-21 15:28:00+05:30,407.15,407.35,406.7,406.85,237737,ITC
2025-03-21 15:29:00+05:30,407.0,407.5,406.1,406.5,144733,ITC
2025-03-24 09:15:00+05:30,407.0,407.4,405.6,407.1,214640,ITC
2025-03-24 09:16:00+05:30,407.0,407.0,406.3,406.7,41503,ITC
2025-03-24 09:17:00+05:30,406.9,407.15,406.65,406.75,44403,ITC
2025-03-24 09:18:00+05:30,406.9,406.95,406.3,406.75,62295,ITC
2025-03-24 09:19:00+05:30,406.85,407.2,406.5,407.15,42742,ITC
2025-03-24 09:20:00+05:30,407.1,407.5,406.95,407.4,71069,ITC
2025-03-24 09:21:00+05:30,407.5,407.55,407.3,407.4,51647,ITC
2025-03-24 09:22:00+05:30,407.45,407.9,407.3,407.85,43991,ITC
2025-03-24 09:23:00+05:30,407.8,408.0,407.65,407.85,43446,ITC
2025-03-24 09:24:00+05:30,407.8,407.9,407.8,407.9,20164,ITC
2025-03-24 09:25:00+05:30,407.85,408.5,407.85,408.25,108857,ITC
2025-03-24 09:26:00+05:30,408.2,408.4,408.05,408.15,35319,ITC
2025-03-24 09:27:00+05:30,408.35,408.35,408.05,408.2,27843,ITC
2025-03-24 09:28:00+05:30,408.05,408.1,407.6,408.0,63964,ITC
2025-03-24 09:29:00+05:30,408.1,408.15,407.8,408.0,17866,ITC
2025-03-24 09:30:00+05:30,407.9,407.9,407.4,407.6,30936,ITC
2025-03-24 09:31:00+05:30,407.6,407.6,407.3,407.35,12139,ITC
2025-03-24 09:32:00+05:30,407.35,407.5,406.9,407.5,66386,ITC
2025-03-24 09:33:00+05:30,407.5,407.5,406.9,406.95,36571,ITC
2025-03-24 09:34:00+05:30,406.95,406.95,406.3,406.8,45048,ITC
2025-03-24 09:35:00+05:30,406.7,407.4,406.6,407.2,40621,ITC
2025-03-24 09:36:00+05:30,407.3,407.4,407.05,407.25,34990,ITC
2025-03-24 09:37:00+05:30,407.1,407.25,407.1,407.25,9391,ITC
2025-03-24 09:38:00+05:30,407.25,407.65,407.2,407.3,26500,ITC
2025-03-24 09:39:00+05:30,407.3,407.3,406.85,407.0,25214,ITC
2025-03-24 09:40:00+05:30,406.95,407.45,406.75,407.4,60298,ITC
2025-03-24 09:41:00+05:30,407.35,407.4,407.25,407.4,12869,ITC
2025-03-24 09:42:00+05:30,407.3,408.0,407.3,408.0,55839,ITC
2025-03-24 09:43:00+05:30,408.0,408.15,407.9,407.95,29057,ITC
2025-03-24 09:44:00+05:30,407.95,407.95,407.8,407.9,12954,ITC
2025-03-24 09:45:00+05:30,407.9,408.0,407.75,407.85,15256,ITC
2025-03-24 09:46:00+05:30,407.85,407.85,407.7,407.7,15738,ITC
2025-03-24 09:47:00+05:30,407.7,407.85,407.5,407.7,37918,ITC
2025-03-24 09:48:00+05:30,407.65,408.15,407.6,408.1,28276,ITC
2025-03-24 09:49:00+05:30,408.0,408.1,407.8,408.0,32468,ITC
2025-03-24 09:50:00+05:30,408.0,408.2,407.7,408.0,39046,ITC
2025-03-24 09:51:00+05:30,408.05,408.2,407.7,407.95,15121,ITC
2025-03-24 09:52:00+05:30,407.9,408.0,407.75,408.0,10441,ITC
2025-03-24 09:53:00+05:30,408.0,408.15,407.9,407.9,73835,ITC
2025-03-24 09:54:00+05:30,408.0,408.0,407.65,407.8,12909,ITC
2025-03-24 09:55:00+05:30,407.65,407.9,407.65,407.8,6242,ITC
2025-03-24 09:56:00+05:30,407.8,407.95,407.8,407.85,3052,ITC
2025-03-24 09:57:00+05:30,407.85,407.95,407.8,407.95,11503,ITC
2025-03-24 09:58:00+05:30,407.8,408.0,407.8,407.9,11958,ITC
2025-03-24 09:59:00+05:30,407.85,408.5,407.75,408.15,133440,ITC
2025-03-24 10:00:00+05:30,408.15,408.45,407.95,407.95,119648,ITC
2025-03-24 10:01:00+05:30,408.0,408.5,407.95,408.35,202078,ITC
2025-03-24 10:02:00+05:30,408.25,408.5,407.95,408.15,342939,ITC
2025-03-24 10:03:00+05:30,408.1,408.35,407.9,408.0,598111,ITC
2025-03-24 10:04:00+05:30,407.95,408.0,407.8,408.0,23050,ITC
2025-03-24 10:05:00+05:30,407.95,408.0,407.7,407.9,15676,ITC
2025-03-24 10:06:00+05:30,407.9,408.0,407.8,407.85,12841,ITC
2025-03-24 10:07:00+05:30,407.85,408.0,407.8,407.9,14622,ITC
2025-03-24 10:08:00+05:30,407.9,408.0,407.75,407.85,10741,ITC
2025-03-24 10:09:00+05:30,407.8,408.0,407.6,407.7,32442,ITC
2025-03-24 10:10:00+05:30,407.7,407.75,407.2,407.25,24713,ITC
2025-03-24 10:11:00+05:30,407.25,407.65,407.2,407.5,28641,ITC
2025-03-24 10:12:00+05:30,407.5,407.65,407.3,407.45,25293,ITC
2025-03-24 10:13:00+05:30,407.4,407.5,407.2,407.3,13301,ITC
2025-03-24 10:14:00+05:30,407.3,407.45,407.15,407.2,12321,ITC
2025-03-24 10:15:00+05:30,407.25,407.3,406.95,407.1,44199,ITC
2025-03-24 10:16:00+05:30,407.15,407.2,406.8,406.85,33833,ITC
2025-03-24 10:17:00+05:30,407.0,407.1,406.85,407.0,11922,ITC
2025-03-24 10:18:00+05:30,407.0,407.3,406.85,407.1,40957,ITC
2025-03-24 10:19:00+05:30,407.1,407.15,407.0,407.15,13162,ITC
2025-03-24 10:20:00+05:30,407.1,407.35,407.1,407.35,19497,ITC
2025-03-24 10:21:00+05:30,407.15,407.35,407.0,407.15,16517,ITC
2025-03-24 10:22:00+05:30,407.1,407.35,407.0,407.15,21249,ITC
2025-03-24 10:23:00+05:30,407.15,407.25,407.05,407.15,14017,ITC
2025-03-24 10:24:00+05:30,407.1,407.2,407.0,407.05,27025,ITC
2025-03-24 10:25:00+05:30,407.1,407.15,406.9,406.9,19764,ITC
2025-03-24 10:26:00+05:30,407.0,407.1,406.9,407.0,4899,ITC
2025-03-24 10:27:00+05:30,406.95,407.2,406.9,407.15,9140,ITC
2025-03-24 10:28:00+05:30,407.0,407.35,406.9,407.3,154120,ITC
2025-03-24 10:29:00+05:30,407.3,407.3,406.8,406.85,46379,ITC
2025-03-24 10:30:00+05:30,406.8,407.15,406.8,407.1,11409,ITC
2025-03-24 10:31:00+05:30,407.1,407.25,407.0,407.1,8976,ITC
2025-03-24 10:32:00+05:30,407.15,407.25,406.95,407.0,31281,ITC
2025-03-24 10:33:00+05:30,407.0,407.2,406.95,407.0,14181,ITC
2025-03-24 10:34:00+05:30,407.0,407.1,406.9,406.95,11939,ITC
2025-03-24 10:35:00+05:30,406.95,407.0,406.8,407.0,15757,ITC
2025-03-24 10:36:00+05:30,406.9,407.05,406.85,406.9,12800,ITC
2025-03-24 10:37:00+05:30,406.9,406.95,406.6,406.75,20384,ITC
2025-03-24 10:38:00+05:30,406.75,407.05,406.75,406.9,26384,ITC
2025-03-24 10:39:00+05:30,406.9,407.0,406.85,406.9,26262,ITC
2025-03-24 10:40:00+05:30,406.9,407.1,406.9,407.1,12426,ITC
2025-03-24 10:41:00+05:30,407.0,407.25,407.0,407.05,42988,ITC
2025-03-24 10:42:00+05:30,407.0,407.1,407.0,407.0,12386,ITC
2025-03-24 10:43:00+05:30,407.0,407.15,407.0,407.15,7621,ITC
2025-03-24 10:44:00+05:30,407.1,407.25,407.0,407.2,9696,ITC
2025-03-24 10:45:00+05:30,407.25,407.25,407.0,407.0,30179,ITC
2025-03-24 10:46:00+05:30,407.0,407.15,407.0,407.0,14517,ITC
2025-03-24 10:47:00+05:30,407.0,407.15,407.0,407.05,2762,ITC
2025-03-24 10:48:00+05:30,407.05,407.15,407.0,407.05,15308,ITC
2025-03-24 10:49:00+05:30,407.05,407.1,406.95,407.0,8941,ITC
2025-03-24 10:50:00+05:30,407.0,407.1,406.9,406.95,10279,ITC
2025-03-24 10:51:00+05:30,406.9,407.0,406.9,407.0,15918,ITC
2025-03-24 10:52:00+05:30,406.95,407.15,406.95,406.95,31555,ITC
2025-03-24 10:53:00+05:30,406.9,406.95,406.85,406.9,39622,ITC
2025-03-24 10:54:00+05:30,406.95,406.95,406.85,406.9,21359,ITC
2025-03-24 10:55:00+05:30,406.9,406.9,406.8,406.85,35892,ITC
2025-03-24 10:56:00+05:30,406.85,406.9,406.8,406.9,7509,ITC
2025-03-24 10:57:00+05:30,406.85,406.95,406.85,406.95,20808,ITC
2025-03-24 10:58:00+05:30,406.9,407.0,406.9,406.95,46070,ITC
2025-03-24 10:59:00+05:30,406.9,407.0,406.9,407.0,59178,ITC
2025-03-24 11:00:00+05:30,407.0,407.5,407.0,407.3,86760,ITC
2025-03-24 11:01:00+05:30,407.25,407.35,407.1,407.15,40395,ITC
2025-03-24 11:02:00+05:30,407.15,407.35,407.15,407.3,19243,ITC
2025-03-24 11:03:00+05:30,407.2,407.65,407.2,407.55,56635,ITC
2025-03-24 11:04:00+05:30,407.55,407.9,407.45,407.75,55593,ITC
2025-03-24 11:05:00+05:30,407.85,408.35,407.75,408.2,125002,ITC
2025-03-24 11:06:00+05:30,408.15,408.4,408.15,408.25,23763,ITC
2025-03-24 11:07:00+05:30,408.3,408.35,408.2,408.35,15005,ITC
2025-03-24 11:08:00+05:30,408.3,408.35,408.15,408.2,23946,ITC
2025-03-24 11:09:00+05:30,408.25,408.85,408.2,408.6,113618,ITC
2025-03-24 11:10:00+05:30,408.7,408.9,408.6,408.85,18384,ITC
2025-03-24 11:11:00+05:30,408.85,408.95,408.5,408.85,100590,ITC
2025-03-24 11:12:00+05:30,408.85,408.95,408.25,408.35,90225,ITC
2025-03-24 11:13:00+05:30,408.35,408.45,407.95,408.2,91902,ITC
2025-03-24 11:14:00+05:30,408.25,408.65,408.2,408.6,21449,ITC
2025-03-24 11:15:00+05:30,408.55,408.65,408.4,408.65,20715,ITC
2025-03-24 11:16:00+05:30,408.45,408.65,408.2,408.5,47624,ITC
2025-03-24 11:17:00+05:30,408.55,408.6,408.3,408.3,15189,ITC
2025-03-24 11:18:00+05:30,408.5,408.5,408.15,408.3,39666,ITC
2025-03-24 11:19:00+05:30,408.2,408.35,408.1,408.35,11008,ITC
2025-03-24 11:20:00+05:30,408.3,408.75,408.2,408.6,45567,ITC
2025-03-24 11:21:00+05:30,408.75,408.95,408.6,408.95,31278,ITC
2025-03-24 11:22:00+05:30,408.8,408.95,408.6,408.95,26001,ITC
2025-03-24 11:23:00+05:30,408.75,409.5,408.75,409.25,104150,ITC
2025-03-24 11:24:00+05:30,409.35,409.5,408.8,408.9,157152,ITC
2025-03-24 11:25:00+05:30,409.0,409.0,408.9,409.0,16838,ITC
2025-03-24 11:26:00+05:30,408.95,409.25,408.95,409.15,23303,ITC
2025-03-24 11:27:00+05:30,408.95,409.2,408.95,409.1,21155,ITC
2025-03-24 11:28:00+05:30,409.0,409.45,408.95,409.4,28634,ITC
2025-03-24 11:29:00+05:30,409.4,409.5,409.1,409.25,27849,ITC
2025-03-24 11:30:00+05:30,409.25,409.45,409.1,409.3,22689,ITC
2025-03-24 11:31:00+05:30,409.25,409.3,409.1,409.15,23872,ITC
2025-03-24 11:32:00+05:30,409.2,409.6,409.15,409.5,25298,ITC
2025-03-24 11:33:00+05:30,409.4,409.6,409.15,409.15,17434,ITC
2025-03-24 11:34:00+05:30,409.1,409.4,409.0,409.35,13758,ITC
2025-03-24 11:35:00+05:30,409.3,409.4,409.1,409.15,9463,ITC
2025-03-24 11:36:00+05:30,409.15,409.2,408.75,408.85,15316,ITC
2025-03-24 11:37:00+05:30,408.85,409.25,408.75,409.0,41080,ITC
2025-03-24 11:38:00+05:30,409.05,409.25,408.95,409.1,17337,ITC
2025-03-24 11:39:00+05:30,409.0,409.25,409.0,409.2,30896,ITC
2025-03-24 11:40:00+05:30,409.05,409.25,409.0,409.1,13001,ITC
2025-03-24 11:41:00+05:30,409.1,409.3,409.05,409.1,20645,ITC
2025-03-24 11:42:00+05:30,409.2,409.3,409.05,409.15,37371,ITC
2025-03-24 11:43:00+05:30,409.15,409.25,409.05,409.1,11363,ITC
2025-03-24 11:44:00+05:30,409.1,409.3,409.05,409.2,10402,ITC
2025-03-24 11:45:00+05:30,409.25,409.3,409.15,409.3,42444,ITC
2025-03-24 11:46:00+05:30,409.3,409.45,409.2,409.45,16461,ITC
2025-03-24 11:47:00+05:30,409.45,409.45,409.25,409.4,9125,ITC
2025-03-24 11:48:00+05:30,409.4,409.45,409.35,409.4,15517,ITC
2025-03-24 11:49:00+05:30,409.45,409.45,409.4,409.45,18343,ITC
2025-03-24 11:50:00+05:30,409.45,409.5,409.4,409.45,15778,ITC
2025-03-24 11:51:00+05:30,409.45,409.6,409.45,409.6,12595,ITC
2025-03-24 11:52:00+05:30,409.5,409.6,409.45,409.5,14896,ITC
2025-03-24 11:53:00+05:30,409.5,409.8,409.45,409.8,55174,ITC
2025-03-24 11:54:00+05:30,409.65,409.85,409.65,409.85,13611,ITC
2025-03-24 11:55:00+05:30,409.85,410.45,409.75,410.4,160568,ITC
2025-03-24 11:56:00+05:30,410.35,410.45,410.2,410.35,28245,ITC
2025-03-24 11:57:00+05:30,410.3,410.45,410.25,410.45,31350,ITC
2025-03-24 11:58:00+05:30,410.45,411.0,410.4,411.0,69445,ITC
2025-03-24 11:59:00+05:30,411.0,411.0,410.7,411.0,23690,ITC
2025-03-24 12:00:00+05:30,410.95,411.65,410.95,411.65,69930,ITC
2025-03-24 12:01:00+05:30,411.6,411.65,411.2,411.65,48337,ITC
2025-03-24 12:02:00+05:30,411.65,411.65,411.35,411.6,13648,ITC
2025-03-24 12:03:00+05:30,411.55,411.6,411.25,411.35,39055,ITC
2025-03-24 12:04:00+05:30,411.3,411.75,411.3,411.7,62800,ITC
2025-03-24 12:05:00+05:30,411.5,411.7,411.25,411.45,38624,ITC
2025-03-24 12:06:00+05:30,411.45,411.45,411.05,411.2,19119,ITC
2025-03-24 12:07:00+05:30,411.2,411.5,411.1,411.45,33490,ITC
2025-03-24 12:08:00+05:30,411.35,411.45,411.0,411.2,31904,ITC
2025-03-24 12:09:00+05:30,411.15,411.25,410.95,411.0,27629,ITC
2025-03-24 12:10:00+05:30,411.0,411.2,410.85,411.0,20961,ITC
2025-03-24 12:11:00+05:30,410.95,411.05,410.65,411.0,22065,ITC
2025-03-24 12:12:00+05:30,410.95,411.3,410.8,411.05,40111,ITC
2025-03-24 12:13:00+05:30,411.2,411.45,411.05,411.4,41386,ITC
2025-03-24 12:14:00+05:30,411.4,411.45,411.05,411.45,32472,ITC
2025-03-24 12:15:00+05:30,411.4,411.45,411.15,411.2,21391,ITC
2025-03-24 12:16:00+05:30,411.2,411.4,411.2,411.4,12386,ITC
2025-03-24 12:17:00+05:30,411.35,411.4,411.2,411.4,12709,ITC
2025-03-24 12:18:00+05:30,411.4,411.4,411.25,411.4,11928,ITC
2025-03-24 12:19:00+05:30,411.4,411.5,411.3,411.5,28325,ITC
2025-03-24 12:20:00+05:30,411.5,411.6,411.3,411.5,11866,ITC
2025-03-24 12:21:00+05:30,411.45,411.55,411.3,411.4,18061,ITC
2025-03-24 12:22:00+05:30,411.4,411.4,411.1,411.25,18487,ITC
2025-03-24 12:23:00+05:30,411.2,411.25,411.1,411.25,14139,ITC
2025-03-24 12:24:00+05:30,411.25,411.75,411.15,411.7,50725,ITC
2025-03-24 12:25:00+05:30,411.75,411.75,411.4,411.4,24425,ITC
2025-03-24 12:26:00+05:30,411.45,411.55,411.35,411.4,10663,ITC
2025-03-24 12:27:00+05:30,411.35,411.5,411.25,411.3,15331,ITC
2025-03-24 12:28:00+05:30,411.35,411.7,411.3,411.55,23277,ITC
2025-03-24 12:29:00+05:30,411.6,411.6,411.25,411.25,24965,ITC
2025-03-24 12:30:00+05:30,411.3,411.55,411.25,411.55,13963,ITC
2025-03-24 12:31:00+05:30,411.55,411.55,411.45,411.5,14115,ITC
2025-03-24 12:32:00+05:30,411.5,411.6,411.45,411.55,15245,ITC
2025-03-24 12:33:00+05:30,411.6,411.6,411.3,411.5,18583,ITC
2025-03-24 12:34:00+05:30,411.5,411.5,411.25,411.45,17895,ITC
2025-03-24 12:35:00+05:30,411.45,411.45,411.25,411.4,13603,ITC
2025-03-24 12:36:00+05:30,411.4,411.45,411.3,411.45,18650,ITC
2025-03-24 12:37:00+05:30,411.45,411.45,411.3,411.3,23894,ITC
2025-03-24 12:38:00+05:30,411.35,411.35,411.25,411.35,20926,ITC
2025-03-24 12:39:00+05:30,411.35,411.35,411.2,411.2,21764,ITC
2025-03-24 12:40:00+05:30,411.25,411.35,411.05,411.1,21406,ITC
2025-03-24 12:41:00+05:30,411.25,411.25,411.1,411.15,12940,ITC
2025-03-24 12:42:00+05:30,411.2,411.25,411.1,411.2,16508,ITC
2025-03-24 12:43:00+05:30,411.25,411.25,411.1,411.1,16446,ITC
2025-03-24 12:44:00+05:30,411.15,411.2,410.95,411.1,27212,ITC
2025-03-24 12:45:00+05:30,411.15,411.2,410.85,410.95,18284,ITC
2025-03-24 12:46:00+05:30,411.0,411.0,410.75,410.9,17742,ITC
2025-03-24 12:47:00+05:30,410.95,410.95,410.7,410.8,19069,ITC
2025-03-24 12:48:00+05:30,410.8,410.9,410.7,410.8,28809,ITC
2025-03-24 12:49:00+05:30,410.8,411.0,410.75,411.0,26076,ITC
2025-03-24 12:50:00+05:30,411.0,411.0,410.85,410.9,14187,ITC
2025-03-24 12:51:00+05:30,411.0,411.0,410.9,410.95,15591,ITC
2025-03-24 12:52:00+05:30,410.95,410.95,410.9,410.95,12727,ITC
2025-03-24 12:53:00+05:30,410.95,410.95,410.9,410.95,17046,ITC
2025-03-24 12:54:00+05:30,410.95,411.0,410.85,410.85,18743,ITC
2025-03-24 12:55:00+05:30,410.9,411.0,410.9,411.0,18461,ITC
2025-03-24 12:56:00+05:30,411.0,411.0,410.95,411.0,21074,ITC
2025-03-24 12:57:00+05:30,410.95,411.0,410.5,410.75,19900,ITC
2025-03-24 12:58:00+05:30,410.7,410.75,410.5,410.75,18614,ITC
2025-03-24 12:59:00+05:30,410.75,410.75,410.65,410.65,13871,ITC
2025-03-24 13:00:00+05:30,410.65,410.75,410.55,410.75,13349,ITC
2025-03-24 13:01:00+05:30,410.75,410.75,410.6,410.65,13527,ITC
2025-03-24 13:02:00+05:30,410.65,410.75,410.55,410.65,14426,ITC
2025-03-24 13:03:00+05:30,410.65,410.65,410.55,410.65,13004,ITC
2025-03-24 13:04:00+05:30,410.65,410.65,410.55,410.6,20086,ITC
2025-03-24 13:05:00+05:30,410.6,410.65,410.4,410.45,28894,ITC
2025-03-24 13:06:00+05:30,410.45,410.5,410.4,410.5,17163,ITC
2025-03-24 13:07:00+05:30,410.5,410.7,410.4,410.45,21892,ITC
2025-03-24 13:08:00+05:30,410.5,410.5,410.2,410.45,32192,ITC
2025-03-24 13:09:00+05:30,410.35,410.45,410.0,410.35,42509,ITC
2025-03-24 13:10:00+05:30,410.4,410.45,410.35,410.45,12554,ITC
2025-03-24 13:11:00+05:30,410.45,410.45,410.4,410.4,13788,ITC
2025-03-24 13:12:00+05:30,410.45,410.6,410.4,410.4,25748,ITC
2025-03-24 13:13:00+05:30,410.45,411.0,410.4,410.9,41221,ITC
2025-03-24 13:14:00+05:30,410.85,411.0,410.8,410.9,24916,ITC
2025-03-24 13:15:00+05:30,411.0,411.25,410.9,411.25,15339,ITC
2025-03-24 13:16:00+05:30,411.1,411.25,411.05,411.15,13102,ITC
2025-03-24 13:17:00+05:30,411.25,411.25,411.1,411.25,14010,ITC
2025-03-24 13:18:00+05:30,411.25,411.25,411.2,411.2,14984,ITC
2025-03-24 13:19:00+05:30,411.2,411.25,411.15,411.25,20367,ITC
2025-03-24 13:20:00+05:30,411.25,411.45,411.2,411.45,18242,ITC
2025-03-24 13:21:00+05:30,411.45,411.45,411.2,411.3,16695,ITC
2025-03-24 13:22:00+05:30,411.3,411.45,411.15,411.45,19590,ITC
2025-03-24 13:23:00+05:30,411.45,411.45,411.35,411.45,15339,ITC
2025-03-24 13:24:00+05:30,411.45,411.5,411.4,411.45,16567,ITC
2025-03-24 13:25:00+05:30,411.5,411.55,411.25,411.35,24818,ITC
2025-03-24 13:26:00+05:30,411.35,411.65,411.25,411.6,12951,ITC
2025-03-24 13:27:00+05:30,411.6,411.65,411.4,411.5,16426,ITC
2025-03-24 13:28:00+05:30,411.55,411.65,411.35,411.45,24483,ITC
2025-03-24 13:29:00+05:30,411.55,411.55,411.35,411.5,12105,ITC
2025-03-24 13:30:00+05:30,411.5,411.55,411.4,411.45,13258,ITC
2025-03-24 13:31:00+05:30,411.45,411.5,411.2,411.4,18421,ITC
2025-03-24 13:32:00+05:30,411.4,411.4,411.25,411.4,13227,ITC
2025-03-24 13:33:00+05:30,411.35,411.4,411.2,411.4,16700,ITC
2025-03-24 13:34:00+05:30,411.4,411.45,411.35,411.35,31645,ITC
2025-03-24 13:35:00+05:30,411.45,411.45,411.35,411.45,12047,ITC
2025-03-24 13:36:00+05:30,411.4,411.45,411.35,411.4,12927,ITC
2025-03-24 13:37:00+05:30,411.4,411.45,411.2,411.3,18340,ITC
2025-03-24 13:38:00+05:30,411.4,411.45,411.2,411.4,13326,ITC
2025-03-24 13:39:00+05:30,411.4,411.55,411.2,411.5,17157,ITC
2025-03-24 13:40:00+05:30,411.55,411.55,411.45,411.45,28684,ITC
2025-03-24 13:41:00+05:30,411.5,411.5,411.25,411.5,22454,ITC
2025-03-24 13:42:00+05:30,411.4,411.5,411.2,411.25,20184,ITC
2025-03-24 13:43:00+05:30,411.25,411.5,411.1,411.15,16825,ITC
2025-03-24 13:44:00+05:30,411.25,411.3,411.05,411.05,13860,ITC
2025-03-24 13:45:00+05:30,411.1,411.25,411.05,411.25,13909,ITC
2025-03-24 13:46:00+05:30,411.2,411.25,410.85,411.05,40200,ITC
2025-03-24 13:47:00+05:30,411.0,411.05,410.7,410.75,43145,ITC
2025-03-24 13:48:00+05:30,410.95,410.95,410.7,410.7,24601,ITC
2025-03-24 13:49:00+05:30,410.75,411.0,410.35,410.4,143252,ITC
2025-03-24 13:50:00+05:30,410.5,410.5,410.4,410.45,23570,ITC
2025-03-24 13:51:00+05:30,410.5,410.5,410.4,410.5,19203,ITC
2025-03-24 13:52:00+05:30,410.5,410.55,410.35,410.5,30748,ITC
2025-03-24 13:53:00+05:30,410.5,410.5,410.45,410.5,13523,ITC
2025-03-24 13:54:00+05:30,410.5,410.55,410.45,410.5,43292,ITC
2025-03-24 13:55:00+05:30,410.55,410.55,410.45,410.45,19026,ITC
2025-03-24 13:56:00+05:30,410.5,410.5,410.4,410.5,14051,ITC
2025-03-24 13:57:00+05:30,410.5,410.5,410.4,410.5,13216,ITC
2025-03-24 13:58:00+05:30,410.5,410.5,410.4,410.45,24486,ITC
2025-03-24 13:59:00+05:30,410.5,410.6,410.45,410.55,76209,ITC
2025-03-24 14:00:00+05:30,410.6,411.0,410.5,411.0,122335,ITC
2025-03-24 14:01:00+05:30,411.0,411.1,410.85,410.95,14994,ITC
2025-03-24 14:02:00+05:30,410.95,411.15,410.95,411.1,19136,ITC
2025-03-24 14:03:00+05:30,411.1,411.15,410.95,411.0,21421,ITC
2025-03-24 14:04:00+05:30,411.0,411.25,411.0,411.25,16217,ITC
2025-03-24 14:05:00+05:30,411.2,411.45,411.05,411.35,21920,ITC
2025-03-24 14:06:00+05:30,411.25,411.35,411.0,411.1,45559,ITC
2025-03-24 14:07:00+05:30,411.15,411.3,411.1,411.15,16804,ITC
2025-03-24 14:08:00+05:30,411.2,411.2,411.1,411.15,16523,ITC
2025-03-24 14:09:00+05:30,411.2,411.2,410.95,411.05,25542,ITC
2025-03-24 14:10:00+05:30,411.0,411.05,410.9,411.05,21736,ITC
2025-03-24 14:11:00+05:30,411.0,411.55,411.0,411.4,30120,ITC
2025-03-24 14:12:00+05:30,411.5,411.55,411.4,411.5,20818,ITC
2025-03-24 14:13:00+05:30,411.5,411.5,411.3,411.5,19076,ITC
2025-03-24 14:14:00+05:30,411.5,411.55,411.35,411.5,16947,ITC
2025-03-24 14:15:00+05:30,411.45,411.7,411.45,411.7,60822,ITC
2025-03-24 14:16:00+05:30,411.6,411.75,411.35,411.5,39091,ITC
2025-03-24 14:17:00+05:30,411.5,411.75,411.4,411.65,44428,ITC
2025-03-24 14:18:00+05:30,411.65,411.7,411.4,411.5,22649,ITC
2025-03-24 14:19:00+05:30,411.45,411.5,411.4,411.5,14431,ITC
2025-03-24 14:20:00+05:30,411.45,411.5,411.25,411.5,22483,ITC
2025-03-24 14:21:00+05:30,411.35,411.5,411.3,411.5,20014,ITC
2025-03-24 14:22:00+05:30,411.4,411.5,411.3,411.5,16462,ITC
2025-03-24 14:23:00+05:30,411.5,411.5,411.2,411.4,44977,ITC
2025-03-24 14:24:00+05:30,411.45,411.5,411.35,411.4,24269,ITC
2025-03-24 14:25:00+05:30,411.5,411.55,411.4,411.5,48090,ITC
2025-03-24 14:26:00+05:30,411.5,411.5,411.35,411.35,23926,ITC
2025-03-24 14:27:00+05:30,411.5,411.5,411.35,411.4,31371,ITC
2025-03-24 14:28:00+05:30,411.45,411.5,411.4,411.4,23281,ITC
2025-03-24 14:29:00+05:30,411.45,411.5,411.4,411.5,21754,ITC
2025-03-24 14:30:00+05:30,411.45,411.5,411.4,411.4,19900,ITC
2025-03-24 14:31:00+05:30,411.5,411.5,411.45,411.5,28306,ITC
2025-03-24 14:32:00+05:30,411.45,411.5,411.4,411.5,28398,ITC
2025-03-24 14:33:00+05:30,411.45,411.5,411.35,411.35,34755,ITC
2025-03-24 14:34:00+05:30,411.45,411.5,411.2,411.25,20774,ITC
2025-03-24 14:35:00+05:30,411.25,411.25,411.0,411.15,27296,ITC
2025-03-24 14:36:00+05:30,411.25,411.35,410.85,410.95,30570,ITC
2025-03-24 14:37:00+05:30,411.0,411.1,410.65,410.9,28829,ITC
2025-03-24 14:38:00+05:30,410.75,410.9,410.55,410.65,30961,ITC
2025-03-24 14:39:00+05:30,410.7,410.75,410.55,410.55,26747,ITC
2025-03-24 14:40:00+05:30,410.75,410.75,410.5,410.65,33810,ITC
2025-03-24 14:41:00+05:30,410.55,410.95,410.5,410.75,30917,ITC
2025-03-24 14:42:00+05:30,410.6,410.75,410.55,410.75,21852,ITC
2025-03-24 14:43:00+05:30,410.6,410.95,410.5,410.8,36291,ITC
2025-03-24 14:44:00+05:30,410.8,410.95,410.65,410.95,21892,ITC
2025-03-24 14:45:00+05:30,410.85,411.15,410.75,410.95,27007,ITC
2025-03-24 14:46:00+05:30,410.8,411.05,410.8,411.0,18656,ITC
2025-03-24 14:47:00+05:30,410.9,411.0,410.75,411.0,21263,ITC
2025-03-24 14:48:00+05:30,410.85,411.0,410.8,411.0,15213,ITC
2025-03-24 14:49:00+05:30,410.95,411.0,410.9,411.0,33732,ITC
2025-03-24 14:50:00+05:30,411.0,411.0,410.9,410.95,17849,ITC
2025-03-24 14:51:00+05:30,411.0,411.0,410.9,410.95,29873,ITC
2025-03-24 14:52:00+05:30,410.95,411.0,410.95,410.95,19952,ITC
2025-03-24 14:53:00+05:30,410.95,412.2,410.95,411.9,670455,ITC
2025-03-24 14:54:00+05:30,411.9,412.85,411.75,412.85,144311,ITC
2025-03-24 14:55:00+05:30,412.75,412.85,412.25,412.45,71998,ITC
2025-03-24 14:56:00+05:30,412.45,412.5,411.65,411.7,63082,ITC
2025-03-24 14:57:00+05:30,411.7,412.05,411.6,411.95,52648,ITC
2025-03-24 14:58:00+05:30,411.9,412.1,411.8,412.0,15668,ITC
2025-03-24 14:59:00+05:30,412.0,412.15,411.75,411.75,27707,ITC
2025-03-24 15:00:00+05:30,411.75,411.85,411.4,411.65,81039,ITC
2025-03-24 15:01:00+05:30,411.7,411.85,411.3,411.5,30225,ITC
2025-03-24 15:02:00+05:30,411.5,411.7,411.3,411.55,49880,ITC
2025-03-24 15:03:00+05:30,411.55,411.75,411.35,411.5,27155,ITC
2025-03-24 15:04:00+05:30,411.35,411.5,411.2,411.4,31909,ITC
2025-03-24 15:05:00+05:30,411.4,411.5,411.25,411.4,29745,ITC
2025-03-24 15:06:00+05:30,411.4,411.5,411.3,411.35,32978,ITC
2025-03-24 15:07:00+05:30,411.4,411.5,411.3,411.45,23796,ITC
2025-03-24 15:08:00+05:30,411.45,411.5,411.3,411.45,26013,ITC
2025-03-24 15:09:00+05:30,411.5,411.5,411.3,411.45,39257,ITC
2025-03-24 15:10:00+05:30,411.4,411.5,411.05,411.2,37587,ITC
2025-03-24 15:11:00+05:30,411.2,411.35,411.05,411.05,38793,ITC
2025-03-24 15:12:00+05:30,411.1,411.2,410.7,410.95,89193,ITC
2025-03-24 15:13:00+05:30,411.0,411.0,410.8,410.9,34975,ITC
2025-03-24 15:14:00+05:30,410.95,411.0,410.8,410.95,30767,ITC
2025-03-24 15:15:00+05:30,410.95,411.15,410.8,410.95,39204,ITC
2025-03-24 15:16:00+05:30,411.0,411.0,410.8,410.95,25455,ITC
2025-03-24 15:17:00+05:30,411.0,411.0,410.85,410.85,31105,ITC
2025-03-24 15:18:00+05:30,410.95,411.0,410.85,410.9,34181,ITC
2025-03-24 15:19:00+05:30,410.9,411.0,410.8,410.8,38600,ITC
2025-03-24 15:20:00+05:30,410.9,411.0,410.45,410.8,45248,ITC
2025-03-24 15:21:00+05:30,410.75,411.0,410.7,410.95,31897,ITC
2025-03-24 15:22:00+05:30,411.0,411.0,410.8,410.9,39207,ITC
2025-03-24 15:23:00+05:30,410.9,410.95,410.8,410.9,48206,ITC
2025-03-24 15:24:00+05:30,410.9,411.45,410.9,411.0,190378,ITC
2025-03-24 15:25:00+05:30,411.0,411.2,410.75,411.0,232889,ITC
2025-03-24 15:26:00+05:30,410.9,411.0,410.75,410.95,48367,ITC
2025-03-24 15:27:00+05:30,410.95,411.0,410.4,410.9,454658,ITC
2025-03-24 15:28:00+05:30,411.0,411.2,410.45,411.15,101799,ITC
2025-03-24 15:29:00+05:30,411.15,411.5,409.65,411.0,261807,ITC
2025-03-25 09:15:00+05:30,412.0,413.2,411.45,411.9,177591,ITC
2025-03-25 09:16:00+05:30,411.75,411.8,410.4,410.8,101957,ITC
2025-03-25 09:17:00+05:30,410.8,412.05,410.7,412.0,88870,ITC
2025-03-25 09:18:00+05:30,411.95,412.35,411.65,412.3,61900,ITC
2025-03-25 09:19:00+05:30,412.15,412.2,411.6,411.65,37282,ITC
2025-03-25 09:20:00+05:30,411.65,411.75,410.9,411.0,37896,ITC
2025-03-25 09:21:00+05:30,410.95,410.95,410.0,410.65,81233,ITC
2025-03-25 09:22:00+05:30,410.6,411.3,410.35,411.2,83130,ITC
2025-03-25 09:23:00+05:30,411.15,411.2,410.85,411.05,48053,ITC
2025-03-25 09:24:00+05:30,411.0,411.05,409.9,409.9,45915,ITC
2025-03-25 09:25:00+05:30,409.95,410.25,409.5,410.25,113586,ITC
2025-03-25 09:26:00+05:30,410.25,410.25,409.9,410.05,41187,ITC
2025-03-25 09:27:00+05:30,410.05,410.05,409.55,409.85,42071,ITC
2025-03-25 09:28:00+05:30,409.9,410.4,409.85,410.35,68136,ITC
2025-03-25 09:29:00+05:30,410.4,411.15,410.25,410.9,104500,ITC
2025-03-25 09:30:00+05:30,410.75,411.25,410.35,410.5,194142,ITC
2025-03-25 09:31:00+05:30,410.4,411.25,410.4,411.0,56322,ITC
2025-03-25 09:32:00+05:30,411.0,411.2,410.85,411.1,64162,ITC
2025-03-25 09:33:00+05:30,411.15,411.4,410.7,411.0,51528,ITC
2025-03-25 09:34:00+05:30,411.0,411.3,410.8,411.3,52637,ITC
2025-03-25 09:35:00+05:30,411.2,411.25,410.9,411.25,33157,ITC
2025-03-25 09:36:00+05:30,411.25,411.45,410.9,411.2,69747,ITC
2025-03-25 09:37:00+05:30,411.2,411.5,411.1,411.25,36401,ITC
2025-03-25 09:38:00+05:30,411.25,411.5,411.15,411.5,32715,ITC
2025-03-25 09:39:00+05:30,411.45,411.5,411.2,411.4,35710,ITC
2025-03-25 09:40:00+05:30,411.4,411.5,411.1,411.45,41883,ITC
2025-03-25 09:41:00+05:30,411.5,411.5,411.1,411.25,25196,ITC
2025-03-25 09:42:00+05:30,411.1,411.4,411.0,411.35,45022,ITC
2025-03-25 09:43:00+05:30,411.35,411.5,411.0,411.3,35441,ITC
2025-03-25 09:44:00+05:30,411.3,411.35,411.05,411.2,49141,ITC
2025-03-25 09:45:00+05:30,411.2,411.25,410.6,410.8,44900,ITC
2025-03-25 09:46:00+05:30,410.75,410.95,410.5,410.8,59690,ITC
2025-03-25 09:47:00+05:30,410.8,410.95,410.65,410.7,32225,ITC
2025-03-25 09:48:00+05:30,410.7,411.15,410.65,411.15,54968,ITC
2025-03-25 09:49:00+05:30,411.15,411.75,411.1,411.75,62583,ITC
2025-03-25 09:50:00+05:30,411.65,412.65,411.6,412.5,100562,ITC
2025-03-25 09:51:00+05:30,412.5,413.0,412.35,412.85,116413,ITC
2025-03-25 09:52:00+05:30,412.9,413.25,412.8,413.25,151818,ITC
2025-03-25 09:53:00+05:30,413.25,413.35,413.1,413.2,52558,ITC
2025-03-25 09:54:00+05:30,413.2,413.65,413.1,413.65,71428,ITC
2025-03-25 09:55:00+05:30,413.55,413.75,413.3,413.5,74380,ITC
2025-03-25 09:56:00+05:30,413.5,413.55,413.2,413.35,46897,ITC
2025-03-25 09:57:00+05:30,413.35,413.8,413.2,413.7,55855,ITC
2025-03-25 09:58:00+05:30,413.7,414.65,413.7,414.45,161140,ITC
2025-03-25 09:59:00+05:30,414.45,414.55,414.2,414.35,45574,ITC
2025-03-25 10:00:00+05:30,414.35,414.45,414.0,414.2,55514,ITC
2025-03-25 10:01:00+05:30,414.35,414.35,414.15,414.35,51825,ITC
2025-03-25 10:02:00+05:30,414.35,414.45,414.05,414.05,68807,ITC
2025-03-25 10:03:00+05:30,414.15,414.2,413.7,414.05,250011,ITC
2025-03-25 10:04:00+05:30,414.05,414.45,414.0,414.35,84900,ITC
2025-03-25 10:05:00+05:30,414.3,414.55,414.3,414.55,49013,ITC
2025-03-25 10:06:00+05:30,414.55,414.8,414.35,414.7,24985,ITC
2025-03-25 10:07:00+05:30,414.85,414.85,414.1,414.4,77240,ITC
2025-03-25 10:08:00+05:30,414.25,414.45,414.0,414.1,31879,ITC
2025-03-25 10:09:00+05:30,414.1,414.1,413.65,414.0,386896,ITC
2025-03-25 10:10:00+05:30,414.0,414.35,413.5,414.1,203396,ITC
2025-03-25 10:11:00+05:30,414.1,414.35,413.75,414.3,59948,ITC
2025-03-25 10:12:00+05:30,414.3,414.75,414.1,414.65,49024,ITC
2025-03-25 10:13:00+05:30,414.6,414.8,414.6,414.7,28335,ITC
2025-03-25 10:14:00+05:30,414.7,414.75,414.1,414.1,74610,ITC
2025-03-25 10:15:00+05:30,414.15,414.25,413.65,414.25,209748,ITC
2025-03-25 10:16:00+05:30,414.1,414.65,414.0,414.65,138244,ITC
2025-03-25 10:17:00+05:30,414.6,414.8,414.25,414.8,97979,ITC
2025-03-25 10:18:00+05:30,414.75,414.8,414.55,414.65,26080,ITC
2025-03-25 10:19:00+05:30,414.65,414.65,414.15,414.25,42563,ITC
2025-03-25 10:20:00+05:30,414.25,414.25,414.05,414.1,30570,ITC
2025-03-25 10:21:00+05:30,414.15,414.25,414.0,414.2,30733,ITC
2025-03-25 10:22:00+05:30,414.2,414.35,414.05,414.15,14588,ITC
2025-03-25 10:23:00+05:30,414.15,414.35,414.1,414.25,37375,ITC
2025-03-25 10:24:00+05:30,414.3,414.45,414.2,414.4,19840,ITC
2025-03-25 10:25:00+05:30,414.25,414.8,414.25,414.8,91006,ITC
2025-03-25 10:26:00+05:30,414.75,415.2,414.65,415.1,136107,ITC
2025-03-25 10:27:00+05:30,415.1,415.25,414.9,414.95,30622,ITC
2025-03-25 10:28:00+05:30,414.9,414.95,414.4,414.4,42541,ITC
2025-03-25 10:29:00+05:30,414.4,414.6,414.3,414.5,40037,ITC
2025-03-25 10:30:00+05:30,414.4,414.5,414.3,414.3,8494,ITC
2025-03-25 10:31:00+05:30,414.3,414.35,414.0,414.3,73735,ITC
2025-03-25 10:32:00+05:30,414.3,414.7,414.25,414.7,32137,ITC
2025-03-25 10:33:00+05:30,414.55,414.7,414.55,414.55,13996,ITC
2025-03-25 10:34:00+05:30,414.55,414.6,414.25,414.25,12394,ITC
2025-03-25 10:35:00+05:30,414.25,414.4,414.0,414.1,87912,ITC
2025-03-25 10:36:00+05:30,414.05,414.1,413.55,414.0,231188,ITC
2025-03-25 10:37:00+05:30,413.95,414.05,412.45,412.95,179187,ITC
2025-03-25 10:38:00+05:30,412.8,412.8,411.95,412.25,59499,ITC
2025-03-25 10:39:00+05:30,412.2,413.0,412.05,413.0,68650,ITC
2025-03-25 10:40:00+05:30,412.9,413.0,412.4,412.85,35169,ITC
2025-03-25 10:41:00+05:30,412.9,412.95,412.75,412.8,15927,ITC
2025-03-25 10:42:00+05:30,412.75,413.25,412.6,413.25,47394,ITC
2025-03-25 10:43:00+05:30,413.25,414.0,413.2,413.95,63878,ITC
2025-03-25 10:44:00+05:30,414.0,414.0,413.8,414.0,25762,ITC
2025-03-25 10:45:00+05:30,414.0,414.0,413.55,413.75,18307,ITC
2025-03-25 10:46:00+05:30,413.65,414.1,413.55,414.0,41863,ITC
2025-03-25 10:47:00+05:30,413.95,414.2,413.85,413.85,7903,ITC
2025-03-25 10:48:00+05:30,413.85,414.05,413.7,413.7,23977,ITC
2025-03-25 10:49:00+05:30,413.75,413.8,412.95,412.95,22442,ITC
2025-03-25 10:50:00+05:30,413.1,413.1,412.45,412.45,15443,ITC
2025-03-25 10:51:00+05:30,412.5,412.55,412.25,412.25,11567,ITC
2025-03-25 10:52:00+05:30,412.3,412.3,411.5,411.7,53013,ITC
2025-03-25 10:53:00+05:30,411.5,411.75,411.4,411.75,36278,ITC
2025-03-25 10:54:00+05:30,411.55,411.8,411.5,411.7,13513,ITC
2025-03-25 10:55:00+05:30,411.7,411.7,411.0,411.1,35242,ITC
2025-03-25 10:56:00+05:30,411.1,411.35,410.8,411.1,40002,ITC
2025-03-25 10:57:00+05:30,411.1,411.1,410.3,410.5,25349,ITC
2025-03-25 10:58:00+05:30,410.5,410.95,410.25,410.9,47688,ITC
2025-03-25 10:59:00+05:30,410.85,411.55,410.7,411.25,45578,ITC
2025-03-25 11:00:00+05:30,411.35,411.5,411.0,411.2,42344,ITC
2025-03-25 11:01:00+05:30,411.2,411.25,410.6,410.7,18277,ITC
2025-03-25 11:02:00+05:30,410.75,411.0,410.55,411.0,23579,ITC
2025-03-25 11:03:00+05:30,411.0,411.0,410.55,410.7,16749,ITC
2025-03-25 11:04:00+05:30,410.7,411.15,410.65,411.05,16320,ITC
2025-03-25 11:05:00+05:30,411.05,411.65,410.85,411.65,95437,ITC
2025-03-25 11:06:00+05:30,411.65,411.8,410.85,410.95,180020,ITC
2025-03-25 11:07:00+05:30,410.85,411.5,410.8,411.3,92901,ITC
2025-03-25 11:08:00+05:30,411.3,411.55,411.1,411.15,10630,ITC
2025-03-25 11:09:00+05:30,411.05,411.05,410.3,410.4,24616,ITC
2025-03-25 11:10:00+05:30,410.3,410.7,410.15,410.35,18002,ITC
2025-03-25 11:11:00+05:30,410.55,410.8,410.35,410.8,7821,ITC
2025-03-25 11:12:00+05:30,410.8,410.8,410.3,410.55,19886,ITC
2025-03-25 11:13:00+05:30,410.55,410.6,410.25,410.3,31960,ITC
2025-03-25 11:14:00+05:30,410.3,411.2,410.3,411.2,41598,ITC
2025-03-25 11:15:00+05:30,411.15,411.25,411.0,411.1,10121,ITC
2025-03-25 11:16:00+05:30,411.2,411.75,411.1,411.6,16347,ITC
2025-03-25 11:17:00+05:30,411.6,411.75,411.05,411.05,8888,ITC
2025-03-25 11:18:00+05:30,411.1,411.2,411.0,411.2,32166,ITC
2025-03-25 11:19:00+05:30,411.1,411.65,411.1,411.5,21619,ITC
2025-03-25 11:20:00+05:30,411.5,411.55,411.05,411.25,20091,ITC
2025-03-25 11:21:00+05:30,411.1,411.25,411.0,411.05,7600,ITC
2025-03-25 11:22:00+05:30,411.05,411.1,410.8,411.05,41698,ITC
2025-03-25 11:23:00+05:30,411.0,411.1,410.85,410.9,88597,ITC
2025-03-25 11:24:00+05:30,410.95,411.05,410.3,410.3,58543,ITC
2025-03-25 11:25:00+05:30,410.35,410.6,410.15,410.35,19943,ITC
2025-03-25 11:26:00+05:30,410.35,410.4,409.9,410.0,30519,ITC
2025-03-25 11:27:00+05:30,410.0,410.2,409.9,410.0,19633,ITC
2025-03-25 11:28:00+05:30,410.0,410.0,409.65,409.65,14315,ITC
2025-03-25 11:29:00+05:30,409.65,409.95,409.6,409.95,54957,ITC
2025-03-25 11:30:00+05:30,409.95,410.2,409.85,410.2,15977,ITC
2025-03-25 11:31:00+05:30,410.2,410.2,409.9,410.15,16034,ITC
2025-03-25 11:32:00+05:30,410.2,410.3,409.85,409.85,16680,ITC
2025-03-25 11:33:00+05:30,409.9,410.25,409.85,410.1,27491,ITC
2025-03-25 11:34:00+05:30,410.2,410.3,410.1,410.15,15394,ITC
2025-03-25 11:35:00+05:30,410.2,410.35,410.1,410.15,14037,ITC
2025-03-25 11:36:00+05:30,410.3,410.4,410.2,410.4,12092,ITC
2025-03-25 11:37:00+05:30,410.35,410.4,410.15,410.4,16190,ITC
2025-03-25 11:38:00+05:30,410.35,410.4,409.85,409.85,18727,ITC
2025-03-25 11:39:00+05:30,410.0,410.1,409.65,409.9,13752,ITC
2025-03-25 11:40:00+05:30,409.9,410.2,409.75,410.2,17448,ITC
2025-03-25 11:41:00+05:30,410.1,410.4,410.0,410.3,19438,ITC
2025-03-25 11:42:00+05:30,410.3,410.4,410.05,410.4,14163,ITC
2025-03-25 11:43:00+05:30,410.2,410.4,409.95,410.1,18086,ITC
2025-03-25 11:44:00+05:30,410.0,410.45,410.0,410.45,16174,ITC
2025-03-25 11:45:00+05:30,410.35,410.5,410.15,410.35,22628,ITC
2025-03-25 11:46:00+05:30,410.35,410.6,410.05,410.1,7758,ITC
2025-03-25 11:47:00+05:30,410.05,410.5,410.0,410.2,29038,ITC
2025-03-25 11:48:00+05:30,410.2,410.4,410.1,410.35,8036,ITC
2025-03-25 11:49:00+05:30,410.2,410.4,410.05,410.2,14178,ITC
2025-03-25 11:50:00+05:30,410.1,410.2,409.8,410.05,21974,ITC
2025-03-25 11:51:00+05:30,410.15,410.15,409.8,410.1,20780,ITC
2025-03-25 11:52:00+05:30,410.1,410.5,410.1,410.4,13503,ITC
2025-03-25 11:53:00+05:30,410.5,410.75,410.35,410.5,17670,ITC
2025-03-25 11:54:00+05:30,410.5,410.5,410.0,410.45,97836,ITC
2025-03-25 11:55:00+05:30,410.45,410.9,410.1,410.9,83177,ITC
2025-03-25 11:56:00+05:30,410.9,411.1,410.55,410.75,90119,ITC
2025-03-25 11:57:00+05:30,410.75,411.35,410.75,411.15,25774,ITC
2025-03-25 11:58:00+05:30,411.2,411.25,410.0,410.35,452717,ITC
2025-03-25 11:59:00+05:30,410.35,410.5,409.8,410.5,54682,ITC
2025-03-25 12:00:00+05:30,410.45,410.5,410.15,410.3,45632,ITC
2025-03-25 12:01:00+05:30,410.3,410.5,410.2,410.5,21137,ITC
2025-03-25 12:02:00+05:30,410.5,410.95,410.3,410.9,47156,ITC
2025-03-25 12:03:00+05:30,410.9,411.15,410.75,410.8,15525,ITC
2025-03-25 12:04:00+05:30,410.8,411.0,410.7,410.8,14160,ITC
2025-03-25 12:05:00+05:30,410.7,411.0,410.7,410.85,17037,ITC
2025-03-25 12:06:00+05:30,410.8,410.95,410.5,410.65,38674,ITC
2025-03-25 12:07:00+05:30,410.6,411.0,410.5,411.0,29723,ITC
2025-03-25 12:08:00+05:30,411.0,411.0,410.8,410.8,15538,ITC
2025-03-25 12:09:00+05:30,410.95,410.95,410.45,410.45,37852,ITC
2025-03-25 12:10:00+05:30,410.55,410.95,410.5,410.75,28577,ITC
2025-03-25 12:11:00+05:30,410.75,410.95,410.4,410.4,18893,ITC
2025-03-25 12:12:00+05:30,410.4,410.7,410.1,410.3,12675,ITC
2025-03-25 12:13:00+05:30,410.15,410.3,410.05,410.05,8989,ITC
2025-03-25 12:14:00+05:30,410.15,410.2,409.95,410.0,23325,ITC
2025-03-25 12:15:00+05:30,410.0,410.0,409.75,409.95,20190,ITC
2025-03-25 12:16:00+05:30,409.95,410.0,409.85,410.0,11138,ITC
2025-03-25 12:17:00+05:30,410.0,410.05,409.9,409.9,9486,ITC
2025-03-25 12:18:00+05:30,409.9,409.95,409.75,409.75,15503,ITC
2025-03-25 12:19:00+05:30,409.9,409.9,409.5,409.55,38081,ITC
2025-03-25 12:20:00+05:30,409.55,409.75,409.5,409.6,26848,ITC
2025-03-25 12:21:00+05:30,409.6,409.9,409.6,409.9,5505,ITC
2025-03-25 12:22:00+05:30,409.85,410.05,409.75,410.0,10692,ITC
2025-03-25 12:23:00+05:30,410.0,410.1,409.95,410.05,13912,ITC
2025-03-25 12:24:00+05:30,410.0,410.1,409.75,409.95,10399,ITC
2025-03-25 12:25:00+05:30,409.8,409.95,409.7,409.9,18145,ITC
2025-03-25 12:26:00+05:30,409.8,409.95,409.65,409.7,25757,ITC
2025-03-25 12:27:00+05:30,409.75,409.9,409.5,409.5,13009,ITC
2025-03-25 12:28:00+05:30,409.5,409.9,409.5,409.8,16174,ITC
2025-03-25 12:29:00+05:30,409.8,410.1,409.7,409.95,22165,ITC
2025-03-25 12:30:00+05:30,410.05,410.25,409.95,410.2,20314,ITC
2025-03-25 12:31:00+05:30,410.25,410.4,410.15,410.4,19503,ITC
2025-03-25 12:32:00+05:30,410.3,410.5,410.2,410.3,13514,ITC
2025-03-25 12:33:00+05:30,410.3,410.4,410.15,410.25,15933,ITC
2025-03-25 12:34:00+05:30,410.25,410.35,410.05,410.3,12993,ITC
2025-03-25 12:35:00+05:30,410.1,410.35,410.05,410.15,3948,ITC
2025-03-25 12:36:00+05:30,410.25,410.3,410.0,410.05,21814,ITC
2025-03-25 12:37:00+05:30,410.0,410.3,409.95,410.3,14882,ITC
2025-03-25 12:38:00+05:30,410.25,410.4,410.05,410.2,16641,ITC
2025-03-25 12:39:00+05:30,410.25,410.4,410.1,410.25,14686,ITC
2025-03-25 12:40:00+05:30,410.3,410.35,410.0,410.0,24116,ITC
2025-03-25 12:41:00+05:30,410.15,410.25,409.9,409.95,21832,ITC
2025-03-25 12:42:00+05:30,410.0,410.3,409.9,410.3,18391,ITC
2025-03-25 12:43:00+05:30,410.3,410.4,410.15,410.25,15820,ITC
2025-03-25 12:44:00+05:30,410.35,410.45,410.15,410.25,14615,ITC
2025-03-25 12:45:00+05:30,410.3,410.45,410.2,410.3,16705,ITC
2025-03-25 12:46:00+05:30,410.3,410.5,410.05,410.2,17319,ITC
2025-03-25 12:47:00+05:30,410.2,410.6,410.2,410.6,19627,ITC
2025-03-25 12:48:00+05:30,410.4,410.75,410.3,410.75,17035,ITC
2025-03-25 12:49:00+05:30,410.6,410.75,410.5,410.55,10768,ITC
2025-03-25 12:50:00+05:30,410.55,410.65,410.45,410.65,12562,ITC
2025-03-25 12:51:00+05:30,410.55,410.65,410.3,410.5,26750,ITC
2025-03-25 12:52:00+05:30,410.5,410.65,410.3,410.35,19776,ITC
2025-03-25 12:53:00+05:30,410.3,410.35,409.9,410.25,146282,ITC
2025-03-25 12:54:00+05:30,410.05,410.3,409.9,410.05,37739,ITC
2025-03-25 12:55:00+05:30,410.05,410.6,410.05,410.5,11995,ITC
2025-03-25 12:56:00+05:30,410.5,410.75,410.35,410.4,18163,ITC
2025-03-25 12:57:00+05:30,410.25,410.45,410.1,410.3,21340,ITC
2025-03-25 12:58:00+05:30,410.3,410.45,410.1,410.2,19389,ITC
2025-03-25 12:59:00+05:30,410.25,410.4,410.0,410.25,34452,ITC
2025-03-25 13:00:00+05:30,410.25,410.4,410.0,410.4,27368,ITC
2025-03-25 13:01:00+05:30,410.4,410.4,410.05,410.15,19895,ITC
2025-03-25 13:02:00+05:30,410.15,410.3,409.95,409.95,21454,ITC
2025-03-25 13:03:00+05:30,410.15,410.15,409.95,410.05,28852,ITC
2025-03-25 13:04:00+05:30,410.1,410.25,409.95,410.25,33724,ITC
2025-03-25 13:05:00+05:30,410.2,410.2,409.95,410.0,16854,ITC
2025-03-25 13:06:00+05:30,410.1,410.25,409.95,410.2,29636,ITC
2025-03-25 13:07:00+05:30,410.2,410.45,410.0,410.45,25989,ITC
2025-03-25 13:08:00+05:30,410.3,410.45,410.05,410.35,24776,ITC
2025-03-25 13:09:00+05:30,410.35,410.5,410.05,410.2,52108,ITC
2025-03-25 13:10:00+05:30,410.25,410.6,410.25,410.6,21028,ITC
2025-03-25 13:11:00+05:30,410.6,410.6,410.15,410.25,26900,ITC
2025-03-25 13:12:00+05:30,410.45,410.45,410.1,410.25,19711,ITC
2025-03-25 13:13:00+05:30,410.2,410.3,410.05,410.15,21117,ITC
2025-03-25 13:14:00+05:30,410.2,410.25,410.0,410.2,19289,ITC
2025-03-25 13:15:00+05:30,410.15,410.85,410.05,410.85,75244,ITC
2025-03-25 13:16:00+05:30,410.9,410.9,410.5,410.5,56830,ITC
2025-03-25 13:17:00+05:30,410.6,410.65,410.0,410.25,76205,ITC
2025-03-25 13:18:00+05:30,410.2,410.5,410.05,410.5,26793,ITC
2025-03-25 13:19:00+05:30,410.5,410.75,410.3,410.3,26325,ITC
2025-03-25 13:20:00+05:30,410.5,410.75,410.3,410.65,30382,ITC
2025-03-25 13:21:00+05:30,410.7,410.85,410.3,410.6,48992,ITC
2025-03-25 13:22:00+05:30,410.8,410.8,410.4,410.7,18881,ITC
2025-03-25 13:23:00+05:30,410.75,411.15,410.55,411.0,63785,ITC
2025-03-25 13:24:00+05:30,411.15,411.2,410.9,411.05,47050,ITC
2025-03-25 13:25:00+05:30,411.15,411.2,410.8,411.0,22714,ITC
2025-03-25 13:26:00+05:30,411.0,411.2,410.8,411.15,76837,ITC
2025-03-25 13:27:00+05:30,411.15,411.25,410.9,411.1,33150,ITC
2025-03-25 13:28:00+05:30,411.2,411.2,410.7,410.85,38568,ITC
2025-03-25 13:29:00+05:30,410.95,411.15,410.65,410.95,56822,ITC
2025-03-25 13:30:00+05:30,411.05,411.15,410.75,410.9,48560,ITC
2025-03-25 13:31:00+05:30,410.9,411.1,410.6,411.1,44018,ITC
2025-03-25 13:32:00+05:30,411.1,411.25,410.9,411.25,81946,ITC
2025-03-25 13:33:00+05:30,411.25,411.3,410.95,411.25,45555,ITC
2025-03-25 13:34:00+05:30,411.25,411.3,411.0,411.2,36288,ITC
2025-03-25 13:35:00+05:30,411.25,411.5,411.0,411.45,38795,ITC
2025-03-25 13:36:00+05:30,411.5,411.5,411.25,411.45,52256,ITC
2025-03-25 13:37:00+05:30,411.5,411.85,411.35,411.8,52547,ITC
2025-03-25 13:38:00+05:30,411.8,412.0,411.7,411.9,37895,ITC
2025-03-25 13:39:00+05:30,411.95,412.0,411.55,411.65,43933,ITC
2025-03-25 13:40:00+05:30,411.8,411.85,411.4,411.55,38163,ITC
2025-03-25 13:41:00+05:30,411.55,411.95,411.3,411.9,52688,ITC
2025-03-25 13:42:00+05:30,411.9,411.95,411.55,411.8,55316,ITC
2025-03-25 13:43:00+05:30,411.85,412.15,411.6,412.1,70630,ITC
2025-03-25 13:44:00+05:30,412.15,412.3,411.8,411.95,30424,ITC
2025-03-25 13:45:00+05:30,411.95,412.05,411.6,411.8,45978,ITC
2025-03-25 13:46:00+05:30,411.85,411.95,411.6,411.8,24034,ITC
2025-03-25 13:47:00+05:30,411.8,412.15,411.65,412.15,24886,ITC
2025-03-25 13:48:00+05:30,412.1,412.25,412.0,412.15,30782,ITC
2025-03-25 13:49:00+05:30,412.15,412.25,411.85,412.2,31838,ITC
2025-03-25 13:50:00+05:30,412.2,412.3,412.0,412.25,23442,ITC
2025-03-25 13:51:00+05:30,412.25,412.3,411.85,412.1,93344,ITC
2025-03-25 13:52:00+05:30,412.2,412.5,412.0,412.1,91952,ITC
2025-03-25 13:53:00+05:30,412.25,412.9,412.1,412.5,73388,ITC
2025-03-25 13:54:00+05:30,412.65,412.75,412.1,412.4,77075,ITC
2025-03-25 13:55:00+05:30,412.4,412.45,411.95,412.0,59180,ITC
2025-03-25 13:56:00+05:30,412.15,412.55,411.95,411.95,44561,ITC
2025-03-25 13:57:00+05:30,412.1,412.25,411.95,411.95,43528,ITC
2025-03-25 13:58:00+05:30,412.0,412.0,411.5,411.75,23180,ITC
2025-03-25 13:59:00+05:30,411.8,411.95,411.6,411.6,19188,ITC
2025-03-25 14:00:00+05:30,411.75,411.8,411.35,411.55,27682,ITC
2025-03-25 14:01:00+05:30,411.6,411.65,411.35,411.35,34083,ITC
2025-03-25 14:02:00+05:30,411.55,411.6,411.05,411.35,43028,ITC
2025-03-25 14:03:00+05:30,411.4,411.5,411.05,411.25,41715,ITC
2025-03-25 14:04:00+05:30,411.25,411.5,411.1,411.15,25548,ITC
2025-03-25 14:05:00+05:30,411.15,411.35,411.05,411.2,16903,ITC
2025-03-25 14:06:00+05:30,411.25,411.5,411.05,411.1,19701,ITC
2025-03-25 14:07:00+05:30,411.15,411.5,411.1,411.1,23200,ITC
2025-03-25 14:08:00+05:30,411.2,411.35,411.05,411.3,25077,ITC
2025-03-25 14:09:00+05:30,411.3,411.35,411.05,411.25,21191,ITC
2025-03-25 14:10:00+05:30,411.2,411.4,411.05,411.1,18557,ITC
2025-03-25 14:11:00+05:30,411.15,411.35,411.05,411.25,20326,ITC
2025-03-25 14:12:00+05:30,411.25,411.55,411.1,411.55,29352,ITC
2025-03-25 14:13:00+05:30,411.5,411.5,411.15,411.25,16227,ITC
2025-03-25 14:14:00+05:30,411.25,411.45,411.05,411.35,35104,ITC
2025-03-25 14:15:00+05:30,411.4,411.45,411.05,411.1,23853,ITC
2025-03-25 14:16:00+05:30,411.25,411.3,411.0,411.1,17854,ITC
2025-03-25 14:17:00+05:30,411.1,411.2,410.9,410.9,25641,ITC
2025-03-25 14:18:00+05:30,411.05,411.1,410.5,410.7,87641,ITC
2025-03-25 14:19:00+05:30,410.7,410.7,410.25,410.5,70420,ITC
2025-03-25 14:20:00+05:30,410.55,410.65,410.05,410.2,56893,ITC
2025-03-25 14:21:00+05:30,410.1,410.35,409.85,410.15,62359,ITC
2025-03-25 14:22:00+05:30,410.15,410.3,409.9,410.1,62169,ITC
2025-03-25 14:23:00+05:30,410.1,410.2,409.85,410.0,43996,ITC
2025-03-25 14:24:00+05:30,410.05,410.25,409.8,410.15,31776,ITC
2025-03-25 14:25:00+05:30,410.25,410.45,410.05,410.2,63795,ITC
2025-03-25 14:26:00+05:30,410.3,410.3,410.0,410.05,24669,ITC
2025-03-25 14:27:00+05:30,410.05,410.25,410.0,410.0,68374,ITC
2025-03-25 14:28:00+05:30,410.05,410.2,409.95,410.05,39085,ITC
2025-03-25 14:29:00+05:30,410.05,410.3,409.95,410.0,54011,ITC
2025-03-25 14:30:00+05:30,410.05,410.2,410.0,410.0,60137,ITC
2025-03-25 14:31:00+05:30,410.05,410.2,410.0,410.05,37940,ITC
2025-03-25 14:32:00+05:30,410.1,410.25,410.0,410.15,29606,ITC
2025-03-25 14:33:00+05:30,410.15,410.15,410.0,410.0,32625,ITC
2025-03-25 14:34:00+05:30,410.05,410.15,409.75,410.0,100987,ITC
2025-03-25 14:35:00+05:30,410.05,410.1,409.7,410.05,110207,ITC
2025-03-25 14:36:00+05:30,410.0,410.05,409.65,409.75,67400,ITC
2025-03-25 14:37:00+05:30,409.9,410.0,409.6,409.95,58403,ITC
2025-03-25 14:38:00+05:30,410.0,410.0,409.5,409.85,100452,ITC
2025-03-25 14:39:00+05:30,409.85,410.0,409.65,409.95,48777,ITC
2025-03-25 14:40:00+05:30,409.95,410.0,409.5,409.65,59451,ITC
2025-03-25 14:41:00+05:30,409.6,409.8,409.5,409.55,55233,ITC
2025-03-25 14:42:00+05:30,409.55,409.85,409.5,409.8,23924,ITC
2025-03-25 14:43:00+05:30,409.8,409.95,409.5,409.65,48662,ITC
2025-03-25 14:44:00+05:30,409.75,409.9,409.5,409.5,64685,ITC
2025-03-25 14:45:00+05:30,409.55,409.65,409.05,409.15,105812,ITC
2025-03-25 14:46:00+05:30,409.15,409.7,409.05,409.35,82211,ITC
2025-03-25 14:47:00+05:30,409.3,409.4,409.05,409.15,64853,ITC
2025-03-25 14:48:00+05:30,409.15,409.3,408.8,408.8,74447,ITC
2025-03-25 14:49:00+05:30,408.85,409.25,408.75,408.9,92076,ITC
2025-03-25 14:50:00+05:30,408.95,409.3,408.75,409.05,92486,ITC
2025-03-25 14:51:00+05:30,409.15,409.2,408.85,409.0,59407,ITC
2025-03-25 14:52:00+05:30,409.0,409.1,408.8,408.8,35849,ITC
2025-03-25 14:53:00+05:30,408.85,409.1,408.7,408.9,90231,ITC
2025-03-25 14:54:00+05:30,408.9,409.25,408.75,408.95,48011,ITC
2025-03-25 14:55:00+05:30,408.95,409.45,408.85,409.25,161555,ITC
2025-03-25 14:56:00+05:30,409.35,409.5,408.95,409.0,477179,ITC
2025-03-25 14:57:00+05:30,409.2,409.65,409.0,409.25,85271,ITC
2025-03-25 14:58:00+05:30,409.25,409.45,409.25,409.4,69671,ITC
2025-03-25 14:59:00+05:30,409.45,409.6,409.1,409.35,126047,ITC
2025-03-25 15:00:00+05:30,409.35,410.45,409.2,410.05,273267,ITC
2025-03-25 15:01:00+05:30,410.1,410.4,409.8,410.0,105118,ITC
2025-03-25 15:02:00+05:30,410.0,410.25,409.9,410.15,96961,ITC
2025-03-25 15:03:00+05:30,410.1,410.15,409.8,409.9,81896,ITC
2025-03-25 15:04:00+05:30,409.9,410.0,409.5,409.8,93535,ITC
2025-03-25 15:05:00+05:30,409.8,409.85,409.3,409.55,126189,ITC
2025-03-25 15:06:00+05:30,409.55,409.95,409.45,409.65,134664,ITC
2025-03-25 15:07:00+05:30,409.65,409.95,409.5,409.9,95366,ITC
2025-03-25 15:08:00+05:30,409.85,410.1,409.45,409.6,173775,ITC
2025-03-25 15:09:00+05:30,409.6,410.45,409.55,410.45,122641,ITC
2025-03-25 15:10:00+05:30,410.4,410.5,409.9,410.0,87812,ITC
2025-03-25 15:11:00+05:30,409.95,410.3,409.75,409.95,113658,ITC
2025-03-25 15:12:00+05:30,409.95,410.15,409.65,410.15,153278,ITC
2025-03-25 15:13:00+05:30,410.1,410.15,409.6,409.75,85373,ITC
2025-03-25 15:14:00+05:30,409.7,409.9,409.55,409.9,90995,ITC
2025-03-25 15:15:00+05:30,409.8,410.1,409.65,410.0,128455,ITC
2025-03-25 15:16:00+05:30,409.95,410.0,409.6,409.8,111671,ITC
2025-03-25 15:17:00+05:30,409.75,410.05,409.55,409.95,126768,ITC
2025-03-25 15:18:00+05:30,409.95,410.15,409.65,410.1,148383,ITC
2025-03-25 15:19:00+05:30,410.1,410.15,409.6,409.95,96986,ITC
2025-03-25 15:20:00+05:30,409.95,410.2,409.7,409.95,158756,ITC
2025-03-25 15:21:00+05:30,409.9,410.0,409.5,409.95,97671,ITC
2025-03-25 15:22:00+05:30,410.0,410.05,409.6,409.95,98899,ITC
2025-03-25 15:23:00+05:30,409.95,410.15,409.7,409.85,100753,ITC
2025-03-25 15:24:00+05:30,409.85,410.1,409.55,410.1,193025,ITC
2025-03-25 15:25:00+05:30,410.1,410.1,409.5,409.7,86523,ITC
2025-03-25 15:26:00+05:30,409.7,409.7,409.0,409.25,112728,ITC
2025-03-25 15:27:00+05:30,409.4,409.65,409.05,409.4,91798,ITC
2025-03-25 15:28:00+05:30,409.4,409.5,408.95,408.95,80115,ITC
2025-03-25 15:29:00+05:30,409.0,409.35,408.85,409.2,20172,ITC
2025-03-26 09:15:00+05:30,410.3,410.95,408.9,409.85,193237,ITC
2025-03-26 09:16:00+05:30,409.85,410.35,409.5,409.65,30852,ITC
2025-03-26 09:17:00+05:30,409.65,409.65,409.0,409.25,57018,ITC
2025-03-26 09:18:00+05:30,409.3,409.3,409.05,409.15,15973,ITC
2025-03-26 09:19:00+05:30,409.15,409.75,409.05,409.55,41593,ITC
2025-03-26 09:20:00+05:30,409.55,409.95,409.45,409.9,32936,ITC
2025-03-26 09:21:00+05:30,409.75,409.9,409.4,409.6,19680,ITC
2025-03-26 09:22:00+05:30,409.6,409.85,409.4,409.8,22650,ITC
2025-03-26 09:23:00+05:30,409.8,409.8,409.55,409.75,11008,ITC
2025-03-26 09:24:00+05:30,409.75,409.75,409.2,409.3,14328,ITC
2025-03-26 09:25:00+05:30,409.3,409.4,408.75,408.95,55762,ITC
2025-03-26 09:26:00+05:30,409.0,409.4,408.85,409.25,28042,ITC
2025-03-26 09:27:00+05:30,409.25,409.55,409.05,409.4,28041,ITC
2025-03-26 09:28:00+05:30,409.4,409.7,409.35,409.5,15293,ITC
2025-03-26 09:29:00+05:30,409.4,409.45,408.75,408.85,31629,ITC
2025-03-26 09:30:00+05:30,408.95,409.25,408.5,409.15,49038,ITC
2025-03-26 09:31:00+05:30,409.1,409.7,409.05,409.45,33002,ITC
2025-03-26 09:32:00+05:30,409.45,409.7,409.2,409.7,20038,ITC
2025-03-26 09:33:00+05:30,409.5,409.85,409.3,409.8,25923,ITC
2025-03-26 09:34:00+05:30,409.65,409.85,409.2,409.35,7086,ITC
2025-03-26 09:35:00+05:30,409.25,409.35,408.9,409.1,10399,ITC
2025-03-26 09:36:00+05:30,409.1,409.25,408.8,409.1,16357,ITC
2025-03-26 09:37:00+05:30,409.25,409.25,409.0,409.2,6024,ITC
2025-03-26 09:38:00+05:30,409.2,409.2,408.95,409.05,6108,ITC
2025-03-26 09:39:00+05:30,408.9,409.5,408.8,409.05,28792,ITC
2025-03-26 09:40:00+05:30,409.25,409.35,408.95,409.0,5115,ITC
2025-03-26 09:41:00+05:30,408.95,409.2,408.85,409.15,18637,ITC
2025-03-26 09:42:00+05:30,409.15,409.45,409.0,409.2,16017,ITC
2025-03-26 09:43:00+05:30,409.05,409.2,409.05,409.05,7152,ITC
2025-03-26 09:44:00+05:30,409.05,409.35,408.9,409.3,16443,ITC
2025-03-26 09:45:00+05:30,409.3,409.3,408.75,408.85,25209,ITC
2025-03-26 09:46:00+05:30,408.85,409.1,408.7,408.9,30339,ITC
2025-03-26 09:47:00+05:30,408.9,408.95,408.65,408.85,10028,ITC
2025-03-26 09:48:00+05:30,408.8,409.1,408.75,409.05,19458,ITC
2025-03-26 09:49:00+05:30,409.0,409.4,409.0,409.05,19800,ITC
2025-03-26 09:50:00+05:30,409.15,409.2,408.7,408.9,18739,ITC
2025-03-26 09:51:00+05:30,408.85,408.9,408.5,408.6,24096,ITC
2025-03-26 09:52:00+05:30,408.65,408.7,408.05,408.1,22283,ITC
2025-03-26 09:53:00+05:30,408.1,408.45,408.05,408.3,23475,ITC
2025-03-26 09:54:00+05:30,408.3,408.5,408.2,408.5,11921,ITC
2025-03-26 09:55:00+05:30,408.5,408.75,408.45,408.5,10802,ITC
2025-03-26 09:56:00+05:30,408.7,409.15,408.65,409.05,12854,ITC
2025-03-26 09:57:00+05:30,409.0,409.15,408.7,409.05,17041,ITC
2025-03-26 09:58:00+05:30,408.95,409.05,408.75,408.85,9775,ITC
2025-03-26 09:59:00+05:30,408.8,408.85,408.5,408.85,18598,ITC
2025-03-26 10:00:00+05:30,408.85,409.4,408.85,409.1,52331,ITC
2025-03-26 10:01:00+05:30,409.05,409.1,408.55,408.7,9472,ITC
2025-03-26 10:02:00+05:30,408.7,409.05,408.7,408.95,11723,ITC
2025-03-26 10:03:00+05:30,408.95,409.15,408.85,409.0,11146,ITC
2025-03-26 10:04:00+05:30,409.0,409.05,408.9,408.95,14587,ITC
2025-03-26 10:05:00+05:30,408.95,409.0,408.85,409.0,8016,ITC
2025-03-26 10:06:00+05:30,409.0,409.1,408.9,409.05,10827,ITC
2025-03-26 10:07:00+05:30,409.1,409.1,408.8,408.85,8301,ITC
2025-03-26 10:08:00+05:30,408.9,409.1,408.85,409.1,10532,ITC
2025-03-26 10:09:00+05:30,409.1,409.3,409.05,409.25,12821,ITC
2025-03-26 10:10:00+05:30,409.25,409.6,409.2,409.6,25700,ITC
2025-03-26 10:11:00+05:30,409.55,409.7,409.35,409.7,20320,ITC
2025-03-26 10:12:00+05:30,409.7,409.7,409.4,409.4,13780,ITC
2025-03-26 10:13:00+05:30,409.5,409.5,409.25,409.45,14204,ITC
2025-03-26 10:14:00+05:30,409.45,409.45,409.35,409.45,8446,ITC
2025-03-26 10:15:00+05:30,409.35,409.45,409.25,409.35,9374,ITC
2025-03-26 10:16:00+05:30,409.35,409.35,409.0,409.0,13723,ITC
2025-03-26 10:17:00+05:30,409.05,409.05,409.0,409.0,11810,ITC
2025-03-26 10:18:00+05:30,409.05,409.25,408.95,408.95,25715,ITC
2025-03-26 10:19:00+05:30,409.0,409.2,408.95,408.95,20421,ITC
2025-03-26 10:20:00+05:30,409.0,409.05,408.85,408.9,8836,ITC
2025-03-26 10:21:00+05:30,408.85,408.95,408.8,408.85,4063,ITC
2025-03-26 10:22:00+05:30,408.85,408.85,408.3,408.45,21874,ITC
2025-03-26 10:23:00+05:30,408.4,408.75,408.4,408.6,14979,ITC
2025-03-26 10:24:00+05:30,408.5,408.7,408.4,408.4,11617,ITC
2025-03-26 10:25:00+05:30,408.45,408.5,408.25,408.3,23494,ITC
2025-03-26 10:26:00+05:30,408.35,408.6,408.3,408.5,10691,ITC
2025-03-26 10:27:00+05:30,408.5,408.6,408.2,408.25,36659,ITC
2025-03-26 10:28:00+05:30,408.25,408.3,408.05,408.15,26573,ITC
2025-03-26 10:29:00+05:30,408.15,408.25,407.75,407.75,46992,ITC
2025-03-26 10:30:00+05:30,407.8,407.95,407.75,407.85,13030,ITC
2025-03-26 10:31:00+05:30,407.85,407.9,407.8,407.85,10745,ITC
2025-03-26 10:32:00+05:30,407.85,408.15,407.8,407.95,24001,ITC
2025-03-26 10:33:00+05:30,407.9,408.2,407.9,408.05,12080,ITC
2025-03-26 10:34:00+05:30,408.05,408.6,408.0,408.6,19806,ITC
2025-03-26 10:35:00+05:30,408.55,409.0,408.5,408.75,35109,ITC
2025-03-26 10:36:00+05:30,408.75,409.0,408.6,408.6,34896,ITC
2025-03-26 10:37:00+05:30,408.6,408.85,408.6,408.7,11993,ITC
2025-03-26 10:38:00+05:30,408.7,408.75,408.65,408.65,3551,ITC
2025-03-26 10:39:00+05:30,408.7,408.75,408.6,408.65,14733,ITC
2025-03-26 10:40:00+05:30,408.7,408.75,408.5,408.6,8220,ITC
2025-03-26 10:41:00+05:30,408.55,408.6,408.3,408.3,11568,ITC
2025-03-26 10:42:00+05:30,408.4,408.5,408.25,408.35,12618,ITC
2025-03-26 10:43:00+05:30,408.35,408.45,408.3,408.3,11705,ITC
2025-03-26 10:44:00+05:30,408.35,408.35,408.0,408.05,23103,ITC
2025-03-26 10:45:00+05:30,408.05,408.45,408.0,408.1,15978,ITC
2025-03-26 10:46:00+05:30,408.25,408.35,408.1,408.1,5432,ITC
2025-03-26 10:47:00+05:30,408.15,408.35,408.1,408.15,11564,ITC
2025-03-26 10:48:00+05:30,408.15,408.35,408.1,408.2,9852,ITC
2025-03-26 10:49:00+05:30,408.25,408.55,408.2,408.4,7310,ITC
2025-03-26 10:50:00+05:30,408.4,408.4,408.15,408.2,8441,ITC
2025-03-26 10:51:00+05:30,408.2,408.5,408.2,408.35,10147,ITC
2025-03-26 10:52:00+05:30,408.4,408.5,408.3,408.3,6818,ITC
2025-03-26 10:53:00+05:30,408.3,408.4,408.3,408.4,6032,ITC
2025-03-26 10:54:00+05:30,408.4,408.45,408.3,408.3,17739,ITC
2025-03-26 10:55:00+05:30,408.3,408.4,408.2,408.3,6740,ITC
2025-03-26 10:56:00+05:30,408.3,408.3,408.2,408.2,5101,ITC
2025-03-26 10:57:00+05:30,408.2,408.25,408.05,408.05,19376,ITC
2025-03-26 10:58:00+05:30,408.1,408.85,408.05,408.45,136732,ITC
2025-03-26 10:59:00+05:30,408.5,408.75,408.2,408.45,37286,ITC
2025-03-26 11:00:00+05:30,408.45,408.6,408.25,408.3,12828,ITC
2025-03-26 11:01:00+05:30,408.35,408.95,408.1,408.55,145316,ITC
2025-03-26 11:02:00+05:30,408.5,409.05,408.3,408.35,75925,ITC
2025-03-26 11:03:00+05:30,408.4,408.5,408.25,408.35,16593,ITC
2025-03-26 11:04:00+05:30,408.35,408.35,408.1,408.1,6793,ITC
2025-03-26 11:05:00+05:30,408.15,408.45,408.05,408.35,14079,ITC
2025-03-26 11:06:00+05:30,408.4,408.4,408.2,408.3,3227,ITC
2025-03-26 11:07:00+05:30,408.3,408.5,408.15,408.35,11051,ITC
2025-03-26 11:08:00+05:30,408.35,408.45,408.2,408.3,19838,ITC
2025-03-26 11:09:00+05:30,408.35,408.5,408.3,408.45,11277,ITC
2025-03-26 11:10:00+05:30,408.4,408.6,408.4,408.5,10997,ITC
2025-03-26 11:11:00+05:30,408.45,408.55,408.45,408.55,6422,ITC
2025-03-26 11:12:00+05:30,408.55,408.55,408.5,408.55,9790,ITC
2025-03-26 11:13:00+05:30,408.5,408.55,408.5,408.55,2991,ITC
2025-03-26 11:14:00+05:30,408.5,408.6,408.5,408.55,18805,ITC
2025-03-26 11:15:00+05:30,408.6,408.6,408.45,408.5,5031,ITC
2025-03-26 11:16:00+05:30,408.45,408.5,408.45,408.5,5104,ITC
2025-03-26 11:17:00+05:30,408.45,408.5,408.4,408.5,13081,ITC
2025-03-26 11:18:00+05:30,408.45,408.55,408.45,408.5,9269,ITC
2025-03-26 11:19:00+05:30,408.55,408.55,408.5,408.5,2281,ITC
2025-03-26 11:20:00+05:30,408.5,408.55,408.5,408.5,5337,ITC
2025-03-26 11:21:00+05:30,408.5,408.55,408.45,408.45,7640,ITC
2025-03-26 11:22:00+05:30,408.45,408.7,408.45,408.5,13073,ITC
2025-03-26 11:23:00+05:30,408.55,408.55,408.5,408.55,2789,ITC
2025-03-26 11:24:00+05:30,408.55,408.85,408.5,408.85,41360,ITC
2025-03-26 11:25:00+05:30,408.85,408.95,408.7,408.7,18035,ITC
2025-03-26 11:26:00+05:30,408.75,408.8,408.7,408.75,5811,ITC
2025-03-26 11:27:00+05:30,408.75,409.1,408.7,409.1,20767,ITC
2025-03-26 11:28:00+05:30,409.05,409.25,409.0,409.2,12245,ITC
2025-03-26 11:29:00+05:30,409.25,409.3,409.2,409.25,12955,ITC
2025-03-26 11:30:00+05:30,409.25,409.3,409.2,409.25,4900,ITC
2025-03-26 11:31:00+05:30,409.3,409.55,409.25,409.55,27522,ITC
2025-03-26 11:32:00+05:30,409.5,409.75,409.4,409.6,29752,ITC
2025-03-26 11:33:00+05:30,409.6,409.7,409.35,409.35,22383,ITC
2025-03-26 11:34:00+05:30,409.4,409.4,409.3,409.35,6942,ITC
2025-03-26 11:35:00+05:30,409.35,409.4,409.2,409.3,9718,ITC
2025-03-26 11:36:00+05:30,409.3,409.3,409.05,409.1,14664,ITC
2025-03-26 11:37:00+05:30,409.1,409.15,409.05,409.05,12927,ITC
2025-03-26 11:38:00+05:30,409.0,409.1,409.0,409.05,8997,ITC
2025-03-26 11:39:00+05:30,409.1,409.3,409.05,409.3,11378,ITC
2025-03-26 11:40:00+05:30,409.2,409.3,409.1,409.15,6812,ITC
2025-03-26 11:41:00+05:30,409.2,409.2,409.05,409.1,5939,ITC
2025-03-26 11:42:00+05:30,409.1,409.2,409.05,409.2,6903,ITC
2025-03-26 11:43:00+05:30,409.2,409.35,409.15,409.3,14409,ITC
2025-03-26 11:44:00+05:30,409.3,409.7,409.3,409.7,18426,ITC
2025-03-26 11:45:00+05:30,409.7,409.95,409.65,409.8,76111,ITC
2025-03-26 11:46:00+05:30,409.7,410.3,409.7,410.2,55485,ITC
2025-03-26 11:47:00+05:30,410.3,410.35,409.9,410.0,26803,ITC
2025-03-26 11:48:00+05:30,410.0,410.25,409.9,410.0,75028,ITC
2025-03-26 11:49:00+05:30,410.1,410.45,410.0,410.3,105382,ITC
2025-03-26 11:50:00+05:30,410.2,411.2,410.0,410.35,462690,ITC
2025-03-26 11:51:00+05:30,410.45,410.45,409.9,410.0,125320,ITC
2025-03-26 11:52:00+05:30,410.0,410.4,409.9,410.2,112759,ITC
2025-03-26 11:53:00+05:30,410.2,410.4,410.0,410.1,195936,ITC
2025-03-26 11:54:00+05:30,410.1,410.25,409.95,410.15,51684,ITC
2025-03-26 11:55:00+05:30,410.05,410.25,409.95,410.05,79040,ITC
2025-03-26 11:56:00+05:30,410.0,410.2,409.95,410.0,46753,ITC
2025-03-26 11:57:00+05:30,410.0,410.0,409.9,409.9,50016,ITC
2025-03-26 11:58:00+05:30,409.95,410.0,409.4,409.6,258703,ITC
2025-03-26 11:59:00+05:30,409.6,409.6,409.35,409.45,8447,ITC
2025-03-26 12:00:00+05:30,409.4,409.75,409.4,409.55,18302,ITC
2025-03-26 12:01:00+05:30,409.55,409.6,409.3,409.3,8269,ITC
2025-03-26 12:02:00+05:30,409.3,409.4,409.05,409.3,21212,ITC
2025-03-26 12:03:00+05:30,409.25,409.35,409.15,409.3,7920,ITC
2025-03-26 12:04:00+05:30,409.3,409.6,409.2,409.6,12890,ITC
2025-03-26 12:05:00+05:30,409.45,409.5,409.3,409.35,8365,ITC
2025-03-26 12:06:00+05:30,409.5,409.7,409.35,409.55,19263,ITC
2025-03-26 12:07:00+05:30,409.55,409.9,409.45,409.8,24791,ITC
2025-03-26 12:08:00+05:30,409.75,409.95,409.75,409.9,9092,ITC
2025-03-26 12:09:00+05:30,409.85,409.95,409.85,409.9,3648,ITC
2025-03-26 12:10:00+05:30,409.9,409.9,409.7,409.7,12414,ITC
2025-03-26 12:11:00+05:30,409.8,409.8,409.55,409.65,4082,ITC
2025-03-26 12:12:00+05:30,409.55,409.85,409.5,409.75,14715,ITC
2025-03-26 12:13:00+05:30,409.65,409.65,409.35,409.4,5796,ITC
2025-03-26 12:14:00+05:30,409.45,409.5,409.45,409.5,4822,ITC
2025-03-26 12:15:00+05:30,409.5,409.55,409.45,409.55,13851,ITC
2025-03-26 12:16:00+05:30,409.55,409.8,409.5,409.8,22020,ITC
2025-03-26 12:17:00+05:30,409.8,409.8,409.7,409.7,2833,ITC
2025-03-26 12:18:00+05:30,409.75,409.8,409.45,409.45,21568,ITC
2025-03-26 12:19:00+05:30,409.5,409.85,409.5,409.65,9108,ITC
2025-03-26 12:20:00+05:30,409.7,409.75,409.5,409.7,11284,ITC
2025-03-26 12:21:00+05:30,409.7,409.75,409.6,409.75,3565,ITC
2025-03-26 12:22:00+05:30,409.75,409.85,409.6,409.65,10007,ITC
2025-03-26 12:23:00+05:30,409.65,409.8,409.5,409.6,8549,ITC
2025-03-26 12:24:00+05:30,409.55,409.6,409.5,409.55,4248,ITC
2025-03-26 12:25:00+05:30,409.55,409.65,409.4,409.4,19354,ITC
2025-03-26 12:26:00+05:30,409.5,409.7,409.5,409.6,8119,ITC
2025-03-26 12:27:00+05:30,409.6,409.7,409.45,409.6,10720,ITC
2025-03-26 12:28:00+05:30,409.6,409.7,409.55,409.6,12886,ITC
2025-03-26 12:29:00+05:30,409.7,409.7,409.6,409.6,3942,ITC
2025-03-26 12:30:00+05:30,409.65,409.7,409.5,409.6,7223,ITC
2025-03-26 12:31:00+05:30,409.7,409.7,409.55,409.6,13729,ITC
2025-03-26 12:32:00+05:30,409.7,410.0,409.6,410.0,26068,ITC
2025-03-26 12:33:00+05:30,410.0,410.0,409.85,409.95,21961,ITC
2025-03-26 12:34:00+05:30,409.95,410.0,409.85,410.0,13021,ITC
2025-03-26 12:35:00+05:30,410.0,410.0,409.9,409.9,8507,ITC
2025-03-26 12:36:00+05:30,409.95,410.2,409.9,410.05,58136,ITC
2025-03-26 12:37:00+05:30,410.0,410.15,409.8,410.0,66991,ITC
2025-03-26 12:38:00+05:30,410.0,410.15,409.9,410.0,83744,ITC
2025-03-26 12:39:00+05:30,410.1,410.3,409.95,410.15,50961,ITC
2025-03-26 12:40:00+05:30,410.15,410.5,410.0,410.35,16172,ITC
2025-03-26 12:41:00+05:30,410.45,410.45,410.25,410.45,14926,ITC
2025-03-26 12:42:00+05:30,410.45,410.5,409.95,410.0,103563,ITC
2025-03-26 12:43:00+05:30,410.0,410.2,409.85,409.85,44037,ITC
2025-03-26 12:44:00+05:30,409.95,410.0,409.85,409.9,17536,ITC
2025-03-26 12:45:00+05:30,410.0,410.0,409.85,409.85,9499,ITC
2025-03-26 12:46:00+05:30,409.95,410.0,409.8,409.95,23867,ITC
2025-03-26 12:47:00+05:30,410.0,410.0,409.8,410.0,16984,ITC
2025-03-26 12:48:00+05:30,410.0,410.1,409.9,410.0,22246,ITC
2025-03-26 12:49:00+05:30,410.1,410.1,409.85,409.95,11854,ITC
2025-03-26 12:50:00+05:30,409.9,410.0,409.85,410.0,10019,ITC
2025-03-26 12:51:00+05:30,410.0,410.05,409.65,409.7,17894,ITC
2025-03-26 12:52:00+05:30,409.75,410.05,409.7,410.05,52553,ITC
2025-03-26 12:53:00+05:30,410.05,410.05,409.55,409.55,84378,ITC
2025-03-26 12:54:00+05:30,409.65,409.65,409.55,409.55,5327,ITC
2025-03-26 12:55:00+05:30,409.6,409.6,409.35,409.4,8881,ITC
2025-03-26 12:56:00+05:30,409.4,409.55,409.35,409.55,10625,ITC
2025-03-26 12:57:00+05:30,409.55,409.6,409.35,409.4,6938,ITC
2025-03-26 12:58:00+05:30,409.5,409.5,409.35,409.35,8236,ITC
2025-03-26 12:59:00+05:30,409.4,409.55,409.35,409.4,10469,ITC
2025-03-26 13:00:00+05:30,409.4,409.45,409.3,409.3,5809,ITC
2025-03-26 13:01:00+05:30,409.3,409.4,409.0,409.05,8171,ITC
2025-03-26 13:02:00+05:30,409.05,409.05,408.5,408.6,38043,ITC
2025-03-26 13:03:00+05:30,408.6,408.9,408.5,408.9,16585,ITC
2025-03-26 13:04:00+05:30,408.9,408.9,408.4,408.5,12140,ITC
2025-03-26 13:05:00+05:30,408.4,408.5,408.2,408.25,18906,ITC
2025-03-26 13:06:00+05:30,408.35,408.55,408.15,408.5,24721,ITC
2025-03-26 13:07:00+05:30,408.5,408.5,408.0,408.1,18702,ITC
2025-03-26 13:08:00+05:30,408.1,408.5,408.05,408.15,39055,ITC
2025-03-26 13:09:00+05:30,408.15,408.2,408.05,408.2,19924,ITC
2025-03-26 13:10:00+05:30,408.1,408.25,407.9,408.0,73334,ITC
2025-03-26 13:11:00+05:30,408.0,408.15,407.9,408.0,22010,ITC
2025-03-26 13:12:00+05:30,408.0,408.15,407.9,408.0,22035,ITC
2025-03-26 13:13:00+05:30,408.15,408.25,408.0,408.15,31840,ITC
2025-03-26 13:14:00+05:30,408.2,408.3,408.0,408.2,26603,ITC
2025-03-26 13:15:00+05:30,408.2,408.3,408.0,408.1,19605,ITC
2025-03-26 13:16:00+05:30,408.2,408.25,408.0,408.2,17979,ITC
2025-03-26 13:17:00+05:30,408.2,408.3,408.05,408.2,27019,ITC
2025-03-26 13:18:00+05:30,408.3,408.35,408.0,408.0,23309,ITC
2025-03-26 13:19:00+05:30,408.1,408.2,407.9,408.1,23986,ITC
2025-03-26 13:20:00+05:30,408.1,408.25,407.9,408.05,22789,ITC
2025-03-26 13:21:00+05:30,408.25,408.3,408.0,408.2,24764,ITC
2025-03-26 13:22:00+05:30,408.2,408.25,407.95,408.1,22750,ITC
2025-03-26 13:23:00+05:30,408.1,408.25,407.95,408.05,16472,ITC
2025-03-26 13:24:00+05:30,408.05,408.2,407.9,408.15,22536,ITC
2025-03-26 13:25:00+05:30,408.15,408.35,408.05,408.2,19385,ITC
2025-03-26 13:26:00+05:30,408.25,408.4,408.1,408.25,29053,ITC
2025-03-26 13:27:00+05:30,408.25,408.35,408.15,408.25,18954,ITC
2025-03-26 13:28:00+05:30,408.25,408.5,408.15,408.3,27108,ITC
2025-03-26 13:29:00+05:30,408.3,408.4,408.25,408.4,23152,ITC
2025-03-26 13:30:00+05:30,408.4,408.5,408.3,408.4,22846,ITC
2025-03-26 13:31:00+05:30,408.5,408.5,408.35,408.35,15943,ITC
2025-03-26 13:32:00+05:30,408.45,408.45,408.25,408.3,18957,ITC
2025-03-26 13:33:00+05:30,408.25,408.3,408.0,408.1,25094,ITC
2025-03-26 13:34:00+05:30,408.1,408.1,407.9,408.0,17805,ITC
2025-03-26 13:35:00+05:30,408.0,408.05,407.8,407.8,37752,ITC
2025-03-26 13:36:00+05:30,407.85,408.0,407.8,407.9,19874,ITC
2025-03-26 13:37:00+05:30,407.95,408.2,407.85,408.0,23654,ITC
2025-03-26 13:38:00+05:30,408.05,408.25,408.0,408.15,20189,ITC
2025-03-26 13:39:00+05:30,408.15,408.2,408.0,408.1,24279,ITC
2025-03-26 13:40:00+05:30,408.1,408.1,407.95,408.0,18076,ITC
2025-03-26 13:41:00+05:30,408.0,408.25,407.9,408.1,26217,ITC
2025-03-26 13:42:00+05:30,408.1,408.25,407.8,407.95,69681,ITC
2025-03-26 13:43:00+05:30,408.0,408.5,408.0,408.5,121386,ITC
2025-03-26 13:44:00+05:30,408.45,408.5,408.2,408.45,26013,ITC
2025-03-26 13:45:00+05:30,408.45,408.5,408.25,408.45,25381,ITC
2025-03-26 13:46:00+05:30,408.45,408.5,408.2,408.45,24954,ITC
2025-03-26 13:47:00+05:30,408.45,408.7,408.3,408.45,26904,ITC
2025-03-26 13:48:00+05:30,408.6,408.85,408.45,408.7,34495,ITC
2025-03-26 13:49:00+05:30,408.7,409.0,408.55,408.95,38971,ITC
2025-03-26 13:50:00+05:30,408.9,409.35,408.65,408.8,80403,ITC
2025-03-26 13:51:00+05:30,408.8,409.35,408.75,409.35,49382,ITC
2025-03-26 13:52:00+05:30,409.35,409.5,409.05,409.3,50063,ITC
2025-03-26 13:53:00+05:30,409.45,409.65,409.25,409.45,62507,ITC
2025-03-26 13:54:00+05:30,409.45,409.9,409.3,409.65,66473,ITC
2025-03-26 13:55:00+05:30,409.75,409.75,409.65,409.65,22663,ITC
2025-03-26 13:56:00+05:30,409.75,409.9,409.65,409.65,40777,ITC
2025-03-26 13:57:00+05:30,409.7,409.95,409.65,409.9,28360,ITC
2025-03-26 13:58:00+05:30,409.9,410.0,409.65,409.95,35208,ITC
2025-03-26 13:59:00+05:30,409.95,410.0,409.7,409.8,31300,ITC
2025-03-26 14:00:00+05:30,409.8,410.0,409.75,409.85,30617,ITC
2025-03-26 14:01:00+05:30,409.85,410.0,409.8,410.0,27440,ITC
2025-03-26 14:02:00+05:30,410.0,410.0,409.85,409.95,43622,ITC
2025-03-26 14:03:00+05:30,409.95,410.0,409.85,409.95,24267,ITC
2025-03-26 14:04:00+05:30,409.95,410.3,409.9,410.1,89042,ITC
2025-03-26 14:05:00+05:30,410.3,410.35,409.9,410.1,77388,ITC
2025-03-26 14:06:00+05:30,410.2,410.35,410.0,410.0,115005,ITC
2025-03-26 14:07:00+05:30,410.0,410.0,409.75,409.85,20303,ITC
2025-03-26 14:08:00+05:30,409.85,410.0,409.75,409.9,27787,ITC
2025-03-26 14:09:00+05:30,409.95,410.0,409.8,409.95,22762,ITC
2025-03-26 14:10:00+05:30,409.95,409.95,409.75,409.9,23233,ITC
2025-03-26 14:11:00+05:30,409.9,409.95,409.75,409.95,70833,ITC
2025-03-26 14:12:00+05:30,409.95,410.2,409.75,410.2,40566,ITC
2025-03-26 14:13:00+05:30,410.15,410.35,410.1,410.35,32274,ITC
2025-03-26 14:14:00+05:30,410.3,410.35,410.05,410.3,37280,ITC
2025-03-26 14:15:00+05:30,410.3,410.3,410.2,410.3,41380,ITC
2025-03-26 14:16:00+05:30,410.3,410.7,410.25,410.45,56492,ITC
2025-03-26 14:17:00+05:30,410.5,410.75,410.45,410.6,43377,ITC
2025-03-26 14:18:00+05:30,410.6,410.7,410.5,410.5,76298,ITC
2025-03-26 14:19:00+05:30,410.6,410.6,410.5,410.55,20824,ITC
2025-03-26 14:20:00+05:30,410.55,410.55,410.5,410.55,22224,ITC
2025-03-26 14:21:00+05:30,410.55,410.55,410.5,410.5,32393,ITC
2025-03-26 14:22:00+05:30,410.55,410.55,410.4,410.5,68799,ITC
2025-03-26 14:23:00+05:30,410.55,410.55,410.5,410.5,53628,ITC
2025-03-26 14:24:00+05:30,410.55,410.6,410.5,410.5,28024,ITC
2025-03-26 14:25:00+05:30,410.55,410.65,410.5,410.6,28380,ITC
2025-03-26 14:26:00+05:30,410.65,410.65,410.55,410.6,32016,ITC
2025-03-26 14:27:00+05:30,410.6,410.6,410.55,410.55,33419,ITC
2025-03-26 14:28:00+05:30,410.6,410.6,410.45,410.5,67735,ITC
2025-03-26 14:29:00+05:30,410.55,410.6,410.5,410.5,27683,ITC
2025-03-26 14:30:00+05:30,410.6,410.6,410.5,410.55,32222,ITC
2025-03-26 14:31:00+05:30,410.55,410.55,410.5,410.5,40406,ITC
2025-03-26 14:32:00+05:30,410.55,410.55,410.25,410.5,139380,ITC
2025-03-26 14:33:00+05:30,410.55,410.55,410.5,410.5,85781,ITC
2025-03-26 14:34:00+05:30,410.55,410.55,410.1,410.25,206943,ITC
2025-03-26 14:35:00+05:30,410.25,410.35,410.15,410.2,33087,ITC
2025-03-26 14:36:00+05:30,410.25,410.25,409.8,410.0,338996,ITC
2025-03-26 14:37:00+05:30,409.8,410.0,409.75,409.8,26330,ITC
2025-03-26 14:38:00+05:30,409.9,409.9,409.8,409.8,23326,ITC
2025-03-26 14:39:00+05:30,409.9,409.95,409.8,409.9,28969,ITC
2025-03-26 14:40:00+05:30,409.9,409.9,409.8,409.9,23955,ITC
2025-03-26 14:41:00+05:30,409.9,409.9,409.8,409.8,21303,ITC
2025-03-26 14:42:00+05:30,409.85,409.85,409.7,409.75,47740,ITC
2025-03-26 14:43:00+05:30,409.7,410.15,409.7,410.1,60471,ITC
2025-03-26 14:44:00+05:30,410.1,410.3,410.0,410.25,26587,ITC
2025-03-26 14:45:00+05:30,410.25,410.3,410.15,410.15,25729,ITC
2025-03-26 14:46:00+05:30,410.2,410.2,409.85,409.85,153407,ITC
2025-03-26 14:47:00+05:30,409.95,409.95,409.85,409.9,25986,ITC
2025-03-26 14:48:00+05:30,409.95,410.0,409.85,410.0,30878,ITC
2025-03-26 14:49:00+05:30,410.0,410.0,409.85,409.9,28226,ITC
2025-03-26 14:50:00+05:30,409.9,409.95,409.85,409.85,28174,ITC
2025-03-26 14:51:00+05:30,409.95,409.95,409.85,409.85,46886,ITC
2025-03-26 14:52:00+05:30,409.9,409.95,409.8,409.8,54771,ITC
2025-03-26 14:53:00+05:30,409.85,409.9,409.4,409.45,43678,ITC
2025-03-26 14:54:00+05:30,409.6,409.65,409.45,409.45,40843,ITC
2025-03-26 14:55:00+05:30,409.5,409.5,409.1,409.1,42711,ITC
2025-03-26 14:56:00+05:30,409.15,409.4,409.0,409.0,48257,ITC
2025-03-26 14:57:00+05:30,409.0,409.05,408.65,408.7,47561,ITC
2025-03-26 14:58:00+05:30,408.9,408.9,408.6,408.6,69247,ITC
2025-03-26 14:59:00+05:30,408.75,409.35,408.55,409.15,56330,ITC
2025-03-26 15:00:00+05:30,409.2,409.2,408.75,408.75,56195,ITC
2025-03-26 15:01:00+05:30,408.8,408.85,408.45,408.55,48328,ITC
2025-03-26 15:02:00+05:30,408.55,408.55,408.4,408.45,50278,ITC
2025-03-26 15:03:00+05:30,408.45,408.5,408.25,408.45,42397,ITC
2025-03-26 15:04:00+05:30,408.4,408.45,408.1,408.3,101203,ITC
2025-03-26 15:05:00+05:30,408.3,408.3,407.85,408.05,92523,ITC
2025-03-26 15:06:00+05:30,408.05,408.05,407.5,407.6,103140,ITC
2025-03-26 15:07:00+05:30,407.7,408.2,407.6,408.1,105286,ITC
2025-03-26 15:08:00+05:30,408.1,408.15,408.0,408.05,85658,ITC
2025-03-26 15:09:00+05:30,408.05,408.1,407.6,407.85,111631,ITC
2025-03-26 15:10:00+05:30,407.95,408.0,407.55,407.75,110642,ITC
2025-03-26 15:11:00+05:30,407.75,407.8,407.5,407.7,82104,ITC
2025-03-26 15:12:00+05:30,407.65,407.75,407.1,407.4,114734,ITC
2025-03-26 15:13:00+05:30,407.45,407.5,407.0,407.15,95167,ITC
2025-03-26 15:14:00+05:30,407.15,407.55,407.0,407.35,99820,ITC
2025-03-26 15:15:00+05:30,407.45,407.45,407.0,407.2,116981,ITC
2025-03-26 15:16:00+05:30,407.2,407.4,407.05,407.2,149824,ITC
2025-03-26 15:17:00+05:30,407.2,407.45,406.85,407.2,117805,ITC
2025-03-26 15:18:00+05:30,407.2,407.3,406.75,407.1,104326,ITC
2025-03-26 15:19:00+05:30,407.15,407.25,406.25,406.95,152298,ITC
2025-03-26 15:20:00+05:30,406.95,407.25,406.8,406.95,123220,ITC
2025-03-26 15:21:00+05:30,406.9,407.2,406.8,407.15,135416,ITC
2025-03-26 15:22:00+05:30,407.15,407.15,406.55,406.95,121318,ITC
2025-03-26 15:23:00+05:30,406.9,407.0,406.45,406.8,151032,ITC
2025-03-26 15:24:00+05:30,406.75,407.0,406.4,406.85,168564,ITC
2025-03-26 15:25:00+05:30,406.8,407.0,406.35,406.9,157424,ITC
2025-03-26 15:26:00+05:30,406.95,407.0,406.65,406.8,54053,ITC
2025-03-26 15:27:00+05:30,406.8,407.0,406.65,407.0,61414,ITC
2025-03-26 15:28:00+05:30,407.0,407.0,406.85,406.9,36933,ITC
2025-03-26 15:29:00+05:30,406.95,407.4,406.9,407.4,39230,ITC
2025-03-27 09:15:00+05:30,408.0,408.45,405.75,406.45,127691,ITC
2025-03-27 09:16:00+05:30,406.15,407.0,405.95,406.2,70241,ITC
2025-03-27 09:17:00+05:30,406.2,406.6,405.65,406.0,64548,ITC
2025-03-27 09:18:00+05:30,406.05,406.4,405.85,406.1,45067,ITC
2025-03-27 09:19:00+05:30,406.3,407.0,406.2,406.95,49094,ITC
2025-03-27 09:20:00+05:30,406.95,406.95,406.05,406.9,55225,ITC
2025-03-27 09:21:00+05:30,406.9,407.45,406.65,407.0,60685,ITC
2025-03-27 09:22:00+05:30,407.0,407.2,406.75,407.0,44437,ITC
2025-03-27 09:23:00+05:30,407.05,407.15,406.85,407.1,34427,ITC
2025-03-27 09:24:00+05:30,407.0,407.1,406.05,406.3,25681,ITC
2025-03-27 09:25:00+05:30,406.3,406.65,406.0,406.6,29812,ITC
2025-03-27 09:26:00+05:30,406.6,407.15,406.55,407.1,58707,ITC
2025-03-27 09:27:00+05:30,407.1,407.45,406.8,407.45,48207,ITC
2025-03-27 09:28:00+05:30,407.35,407.9,407.2,407.8,17750,ITC
2025-03-27 09:29:00+05:30,407.8,407.8,407.4,407.65,16663,ITC
2025-03-27 09:30:00+05:30,407.75,408.4,407.65,408.4,25900,ITC
2025-03-27 09:31:00+05:30,408.3,408.6,408.2,408.45,57161,ITC
2025-03-27 09:32:00+05:30,408.45,408.5,407.85,408.05,37718,ITC
2025-03-27 09:33:00+05:30,408.05,408.25,407.55,407.65,9423,ITC
2025-03-27 09:34:00+05:30,407.55,407.9,407.55,407.7,18775,ITC
2025-03-27 09:35:00+05:30,407.7,407.8,407.45,407.75,16805,ITC
2025-03-27 09:36:00+05:30,407.8,407.8,407.15,407.15,32482,ITC
2025-03-27 09:37:00+05:30,407.15,407.5,407.1,407.2,11745,ITC
2025-03-27 09:38:00+05:30,407.2,407.2,406.75,406.75,10050,ITC
2025-03-27 09:39:00+05:30,406.75,406.85,406.55,406.75,14414,ITC
2025-03-27 09:40:00+05:30,406.55,406.7,406.15,406.35,11621,ITC
2025-03-27 09:41:00+05:30,406.35,407.05,406.2,406.95,15940,ITC
2025-03-27 09:42:00+05:30,406.95,407.2,406.8,407.1,12515,ITC
2025-03-27 09:43:00+05:30,406.95,407.5,406.95,407.5,8395,ITC
2025-03-27 09:44:00+05:30,407.5,407.7,407.35,407.6,13019,ITC
2025-03-27 09:45:00+05:30,407.75,407.75,407.3,407.45,9177,ITC
2025-03-27 09:46:00+05:30,407.45,407.65,407.35,407.45,7176,ITC
2025-03-27 09:47:00+05:30,407.4,407.5,407.1,407.25,10050,ITC
2025-03-27 09:48:00+05:30,407.25,407.25,406.95,407.0,8138,ITC
2025-03-27 09:49:00+05:30,407.0,407.15,406.6,406.9,10944,ITC
2025-03-27 09:50:00+05:30,406.8,407.0,406.7,406.85,6659,ITC
2025-03-27 09:51:00+05:30,406.95,407.15,406.8,407.1,8711,ITC
2025-03-27 09:52:00+05:30,407.1,407.6,407.0,407.6,7336,ITC
2025-03-27 09:53:00+05:30,407.5,407.95,407.5,407.85,6737,ITC
2025-03-27 09:54:00+05:30,407.85,407.95,407.75,407.9,8802,ITC
2025-03-27 09:55:00+05:30,407.8,407.95,407.8,407.95,6558,ITC
2025-03-27 09:56:00+05:30,407.95,408.0,407.8,407.85,9135,ITC
2025-03-27 09:57:00+05:30,407.9,407.9,407.7,407.75,8518,ITC
2025-03-27 09:58:00+05:30,407.75,408.0,407.75,407.95,9780,ITC
2025-03-27 09:59:00+05:30,408.0,408.4,407.9,408.35,24789,ITC
2025-03-27 10:00:00+05:30,408.4,408.6,408.3,408.5,22552,ITC
2025-03-27 10:01:00+05:30,408.5,408.5,408.15,408.45,15391,ITC
2025-03-27 10:02:00+05:30,408.3,408.65,408.25,408.6,11256,ITC
2025-03-27 10:03:00+05:30,408.6,408.6,408.0,408.25,39198,ITC
2025-03-27 10:04:00+05:30,408.05,408.65,408.0,408.6,17848,ITC
2025-03-27 10:05:00+05:30,408.55,408.95,408.5,408.95,18096,ITC
2025-03-27 10:06:00+05:30,408.9,408.95,408.55,408.6,11161,ITC
2025-03-27 10:07:00+05:30,408.6,408.75,408.35,408.6,5969,ITC
2025-03-27 10:08:00+05:30,408.5,408.75,408.4,408.55,5528,ITC
2025-03-27 10:09:00+05:30,408.6,409.0,408.6,409.0,12962,ITC
2025-03-27 10:10:00+05:30,408.95,408.95,408.7,408.9,8994,ITC
2025-03-27 10:11:00+05:30,408.9,409.0,408.75,409.0,18290,ITC
2025-03-27 10:12:00+05:30,408.95,409.4,408.85,409.3,18158,ITC
2025-03-27 10:13:00+05:30,409.25,409.3,408.9,409.1,4727,ITC
2025-03-27 10:14:00+05:30,409.05,409.15,408.7,408.75,13596,ITC
2025-03-27 10:15:00+05:30,408.8,409.0,408.55,409.0,16136,ITC
2025-03-27 10:16:00+05:30,408.9,409.4,408.8,409.35,32176,ITC
2025-03-27 10:17:00+05:30,409.4,409.45,409.15,409.3,17129,ITC
2025-03-27 10:18:00+05:30,409.3,409.35,408.75,408.75,9930,ITC
2025-03-27 10:19:00+05:30,408.75,409.55,408.5,409.4,127591,ITC
2025-03-27 10:20:00+05:30,409.35,409.9,409.25,409.6,149492,ITC
2025-03-27 10:21:00+05:30,409.4,409.65,409.25,409.25,11414,ITC
2025-03-27 10:22:00+05:30,409.35,409.4,409.0,409.25,25276,ITC
2025-03-27 10:23:00+05:30,409.1,409.5,409.1,409.35,12282,ITC
2025-03-27 10:24:00+05:30,409.3,409.45,409.25,409.35,8302,ITC
2025-03-27 10:25:00+05:30,409.4,409.4,408.85,408.85,9328,ITC
2025-03-27 10:26:00+05:30,408.85,409.1,408.85,409.0,8621,ITC
2025-03-27 10:27:00+05:30,408.9,409.2,408.9,409.05,5494,ITC
2025-03-27 10:28:00+05:30,409.0,409.2,408.85,408.85,6329,ITC
2025-03-27 10:29:00+05:30,408.9,409.3,408.8,409.2,7461,ITC
2025-03-27 10:30:00+05:30,409.2,409.3,409.1,409.15,4529,ITC
2025-03-27 10:31:00+05:30,409.15,409.45,409.1,409.4,10486,ITC
2025-03-27 10:32:00+05:30,409.2,409.4,408.95,409.15,4497,ITC
2025-03-27 10:33:00+05:30,408.95,409.2,408.8,408.85,10782,ITC
2025-03-27 10:34:00+05:30,408.85,409.0,408.8,408.9,6358,ITC
2025-03-27 10:35:00+05:30,408.8,408.9,408.55,408.55,5368,ITC
2025-03-27 10:36:00+05:30,408.65,408.7,408.35,408.4,6943,ITC
2025-03-27 10:37:00+05:30,408.4,408.5,408.35,408.35,2602,ITC
2025-03-27 10:38:00+05:30,408.35,408.45,408.35,408.4,3074,ITC
2025-03-27 10:39:00+05:30,408.4,408.4,408.25,408.35,4502,ITC
2025-03-27 10:40:00+05:30,408.3,408.5,408.3,408.45,4509,ITC
2025-03-27 10:41:00+05:30,408.5,408.6,408.35,408.55,6594,ITC
2025-03-27 10:42:00+05:30,408.55,408.55,408.3,408.3,7201,ITC
2025-03-27 10:43:00+05:30,408.3,408.45,408.25,408.3,4502,ITC
2025-03-27 10:44:00+05:30,408.3,408.45,408.25,408.4,5952,ITC
2025-03-27 10:45:00+05:30,408.3,408.55,408.2,408.55,9784,ITC
2025-03-27 10:46:00+05:30,408.35,408.75,408.35,408.6,11484,ITC
2025-03-27 10:47:00+05:30,408.6,408.6,408.05,408.1,5144,ITC
2025-03-27 10:48:00+05:30,408.1,408.25,408.05,408.25,5277,ITC
2025-03-27 10:49:00+05:30,408.25,408.3,408.0,408.0,9755,ITC
2025-03-27 10:50:00+05:30,408.05,408.2,408.0,408.0,13308,ITC
2025-03-27 10:51:00+05:30,408.05,408.05,407.75,407.9,13594,ITC
2025-03-27 10:52:00+05:30,407.85,407.95,407.75,407.95,5779,ITC
2025-03-27 10:53:00+05:30,407.8,407.95,407.75,407.8,3307,ITC
2025-03-27 10:54:00+05:30,407.95,407.95,407.7,407.75,5722,ITC
2025-03-27 10:55:00+05:30,407.75,407.85,407.65,407.8,4491,ITC
2025-03-27 10:56:00+05:30,407.7,407.8,407.6,407.8,6196,ITC
2025-03-27 10:57:00+05:30,407.8,407.8,407.6,407.8,3621,ITC
2025-03-27 10:58:00+05:30,407.7,407.85,407.7,407.7,8566,ITC
2025-03-27 10:59:00+05:30,407.7,408.05,407.7,407.8,6314,ITC
2025-03-27 11:00:00+05:30,407.8,408.7,407.8,408.55,25341,ITC
2025-03-27 11:01:00+05:30,408.7,408.7,408.1,408.3,11037,ITC
2025-03-27 11:02:00+05:30,408.1,408.4,408.1,408.3,4411,ITC
2025-03-27 11:03:00+05:30,408.4,408.45,408.2,408.3,3938,ITC
2025-03-27 11:04:00+05:30,408.25,408.45,408.2,408.45,3124,ITC
2025-03-27 11:05:00+05:30,408.35,408.55,408.3,408.55,7235,ITC
2025-03-27 11:06:00+05:30,408.5,408.95,408.35,408.95,41059,ITC
2025-03-27 11:07:00+05:30,408.95,409.0,408.7,409.0,14187,ITC
2025-03-27 11:08:00+05:30,409.0,409.1,408.85,409.1,25968,ITC
2025-03-27 11:09:00+05:30,409.0,409.1,408.85,408.85,5950,ITC
2025-03-27 11:10:00+05:30,408.85,409.05,408.6,408.8,42382,ITC
2025-03-27 11:11:00+05:30,408.75,409.15,408.55,409.1,32716,ITC
2025-03-27 11:12:00+05:30,409.05,409.1,408.95,409.05,10179,ITC
2025-03-27 11:13:00+05:30,409.0,409.05,409.0,409.05,6609,ITC
2025-03-27 11:14:00+05:30,409.0,409.05,408.7,408.85,45835,ITC
2025-03-27 11:15:00+05:30,408.75,409.15,408.7,409.0,24548,ITC
2025-03-27 11:16:00+05:30,409.05,409.15,408.9,409.0,6474,ITC
2025-03-27 11:17:00+05:30,408.95,409.0,408.8,408.85,8469,ITC
2025-03-27 11:18:00+05:30,408.8,408.85,408.55,408.75,5912,ITC
2025-03-27 11:19:00+05:30,408.7,408.7,408.55,408.55,3323,ITC
2025-03-27 11:20:00+05:30,408.65,408.65,408.55,408.6,5573,ITC
2025-03-27 11:21:00+05:30,408.6,408.6,408.4,408.4,8144,ITC
2025-03-27 11:22:00+05:30,408.45,408.65,408.4,408.5,7034,ITC
2025-03-27 11:23:00+05:30,408.65,408.65,408.3,408.5,4045,ITC
2025-03-27 11:24:00+05:30,408.3,408.55,408.3,408.5,5626,ITC
2025-03-27 11:25:00+05:30,408.4,408.5,408.25,408.5,14466,ITC
2025-03-27 11:26:00+05:30,408.5,408.85,408.35,408.85,9884,ITC
2025-03-27 11:27:00+05:30,408.8,409.25,408.75,409.2,26729,ITC
2025-03-27 11:28:00+05:30,409.2,409.35,409.05,409.2,7612,ITC
2025-03-27 11:29:00+05:30,409.2,409.2,408.9,409.1,7595,ITC
2025-03-27 11:30:00+05:30,409.15,409.25,409.0,409.2,15773,ITC
2025-03-27 11:31:00+05:30,409.2,409.3,409.1,409.25,12514,ITC
2025-03-27 11:32:00+05:30,409.3,409.6,409.2,409.5,39035,ITC
2025-03-27 11:33:00+05:30,409.35,410.35,409.35,410.3,215818,ITC
2025-03-27 11:34:00+05:30,410.3,410.35,409.9,410.0,44279,ITC
2025-03-27 11:35:00+05:30,410.0,410.3,409.9,410.25,30384,ITC
2025-03-27 11:36:00+05:30,410.2,410.4,410.0,410.15,65264,ITC
2025-03-27 11:37:00+05:30,410.05,410.2,409.95,410.0,36079,ITC
2025-03-27 11:38:00+05:30,410.0,410.15,409.4,409.5,29495,ITC
2025-03-27 11:39:00+05:30,409.4,409.6,409.3,409.6,22529,ITC
2025-03-27 11:40:00+05:30,409.55,409.6,409.4,409.5,3926,ITC
2025-03-27 11:41:00+05:30,409.4,409.55,409.1,409.15,6534,ITC
2025-03-27 11:42:00+05:30,409.25,410.05,409.0,409.75,231548,ITC
2025-03-27 11:43:00+05:30,409.75,410.65,409.7,410.6,146041,ITC
2025-03-27 11:44:00+05:30,410.5,410.7,410.0,410.0,224668,ITC
2025-03-27 11:45:00+05:30,410.1,410.15,409.6,409.95,43641,ITC
2025-03-27 11:46:00+05:30,409.9,410.05,409.5,409.75,25891,ITC
2025-03-27 11:47:00+05:30,409.75,409.85,409.35,409.4,63713,ITC
2025-03-27 11:48:00+05:30,409.65,409.7,409.3,409.45,24739,ITC
2025-03-27 11:49:00+05:30,409.5,409.7,409.35,409.55,17879,ITC
2025-03-27 11:50:00+05:30,409.55,409.6,409.05,409.25,22442,ITC
2025-03-27 11:51:00+05:30,409.1,409.4,409.05,409.4,19843,ITC
2025-03-27 11:52:00+05:30,409.35,409.4,409.15,409.2,6069,ITC
2025-03-27 11:53:00+05:30,409.15,409.9,409.1,409.5,67031,ITC
2025-03-27 11:54:00+05:30,409.6,409.95,409.5,409.7,26429,ITC
2025-03-27 11:55:00+05:30,409.75,409.75,409.6,409.75,11728,ITC
2025-03-27 11:56:00+05:30,409.75,409.75,409.65,409.75,18197,ITC
2025-03-27 11:57:00+05:30,409.7,409.95,409.6,409.7,33241,ITC
2025-03-27 11:58:00+05:30,409.7,409.85,409.6,409.75,21054,ITC
2025-03-27 11:59:00+05:30,409.7,409.75,409.65,409.75,10033,ITC
2025-03-27 12:00:00+05:30,409.7,409.8,409.65,409.7,12918,ITC
2025-03-27 12:01:00+05:30,409.7,409.85,409.6,409.85,5778,ITC
2025-03-27 12:02:00+05:30,409.8,409.85,409.65,409.85,12584,ITC
2025-03-27 12:03:00+05:30,409.8,409.95,409.75,409.9,9206,ITC
2025-03-27 12:04:00+05:30,409.75,409.95,409.75,409.85,5097,ITC
2025-03-27 12:05:00+05:30,409.85,410.05,409.8,410.0,28990,ITC
2025-03-27 12:06:00+05:30,410.0,410.05,409.85,410.0,10389,ITC
2025-03-27 12:07:00+05:30,409.95,410.1,409.95,410.1,22867,ITC
2025-03-27 12:08:00+05:30,410.0,410.1,409.95,410.0,32440,ITC
2025-03-27 12:09:00+05:30,410.0,410.1,409.95,410.1,27059,ITC
2025-03-27 12:10:00+05:30,409.95,410.1,409.95,410.0,12971,ITC
2025-03-27 12:11:00+05:30,409.95,410.0,409.9,409.9,8305,ITC
2025-03-27 12:12:00+05:30,409.85,409.9,409.75,409.9,9022,ITC
2025-03-27 12:13:00+05:30,409.85,410.05,409.8,410.0,14165,ITC
2025-03-27 12:14:00+05:30,409.95,410.0,409.9,410.0,5927,ITC
2025-03-27 12:15:00+05:30,409.95,410.0,409.95,410.0,7860,ITC
2025-03-27 12:16:00+05:30,409.95,410.0,409.95,410.0,7809,ITC
2025-03-27 12:17:00+05:30,410.0,410.0,409.9,410.0,9324,ITC
2025-03-27 12:18:00+05:30,409.95,410.0,409.95,410.0,10566,ITC
2025-03-27 12:19:00+05:30,409.95,410.0,409.9,409.95,10247,ITC
2025-03-27 12:20:00+05:30,409.95,410.0,409.85,409.95,12654,ITC
2025-03-27 12:21:00+05:30,409.9,410.0,409.85,410.0,18278,ITC
2025-03-27 12:22:00+05:30,409.95,410.25,409.95,410.15,97291,ITC
2025-03-27 12:23:00+05:30,410.0,410.2,410.0,410.05,55766,ITC
2025-03-27 12:24:00+05:30,410.05,410.2,409.95,409.95,48507,ITC
2025-03-27 12:25:00+05:30,410.1,410.15,409.8,409.9,14837,ITC
2025-03-27 12:26:00+05:30,409.85,409.95,409.75,409.9,7773,ITC
2025-03-27 12:27:00+05:30,409.95,410.0,409.7,409.85,14877,ITC
2025-03-27 12:28:00+05:30,409.8,409.9,409.55,409.55,11573,ITC
2025-03-27 12:29:00+05:30,409.65,409.8,409.5,409.8,10676,ITC
2025-03-27 12:30:00+05:30,409.75,409.9,409.7,409.85,5558,ITC
2025-03-27 12:31:00+05:30,409.8,409.9,409.65,409.65,6533,ITC
2025-03-27 12:32:00+05:30,409.65,409.75,409.55,409.75,4153,ITC
2025-03-27 12:33:00+05:30,409.6,409.75,409.5,409.55,16418,ITC
2025-03-27 12:34:00+05:30,409.5,409.6,409.25,409.4,35206,ITC
2025-03-27 12:35:00+05:30,409.3,409.4,409.15,409.2,7746,ITC
2025-03-27 12:36:00+05:30,409.2,409.35,409.1,409.3,13866,ITC
2025-03-27 12:37:00+05:30,409.4,409.5,409.2,409.45,6478,ITC
2025-03-27 12:38:00+05:30,409.4,409.5,409.25,409.5,8342,ITC
2025-03-27 12:39:00+05:30,409.45,409.5,409.3,409.4,7222,ITC
2025-03-27 12:40:00+05:30,409.35,409.6,409.3,409.5,9131,ITC
2025-03-27 12:41:00+05:30,409.55,409.6,409.35,409.55,6396,ITC
2025-03-27 12:42:00+05:30,409.55,409.6,409.35,409.4,10533,ITC
2025-03-27 12:43:00+05:30,409.4,409.6,409.4,409.45,13644,ITC
2025-03-27 12:44:00+05:30,409.5,409.55,409.25,409.55,19179,ITC
2025-03-27 12:45:00+05:30,409.35,409.65,409.35,409.55,13479,ITC
2025-03-27 12:46:00+05:30,409.5,409.7,409.45,409.55,14540,ITC
2025-03-27 12:47:00+05:30,409.55,409.65,409.35,409.55,16808,ITC
2025-03-27 12:48:00+05:30,409.55,410.0,409.55,409.95,21084,ITC
2025-03-27 12:49:00+05:30,409.9,410.0,409.75,409.85,27970,ITC
2025-03-27 12:50:00+05:30,409.9,410.1,409.75,409.95,18822,ITC
2025-03-27 12:51:00+05:30,410.0,410.05,409.85,409.85,22492,ITC
2025-03-27 12:52:00+05:30,409.85,410.1,409.85,409.95,26778,ITC
2025-03-27 12:53:00+05:30,409.95,410.1,409.85,409.95,24945,ITC
2025-03-27 12:54:00+05:30,409.95,410.0,409.85,410.0,24472,ITC
2025-03-27 12:55:00+05:30,410.0,410.25,409.95,410.05,31121,ITC
2025-03-27 12:56:00+05:30,410.15,410.25,409.95,410.0,50648,ITC
2025-03-27 12:57:00+05:30,410.0,410.15,409.95,410.1,42474,ITC
2025-03-27 12:58:00+05:30,410.1,410.15,409.95,410.0,36066,ITC
2025-03-27 12:59:00+05:30,410.0,410.15,409.95,410.0,32719,ITC
2025-03-27 13:00:00+05:30,409.95,410.25,409.95,410.0,50001,ITC
2025-03-27 13:01:00+05:30,410.0,410.25,409.95,410.2,68628,ITC
2025-03-27 13:02:00+05:30,410.15,410.3,409.95,410.0,70081,ITC
2025-03-27 13:03:00+05:30,410.0,410.1,409.95,410.0,27920,ITC
2025-03-27 13:04:00+05:30,409.95,410.1,409.9,410.0,29090,ITC
2025-03-27 13:05:00+05:30,410.0,410.05,409.9,410.0,22097,ITC
2025-03-27 13:06:00+05:30,410.0,410.1,409.9,409.9,35981,ITC
2025-03-27 13:07:00+05:30,409.95,410.1,409.9,410.0,47473,ITC
2025-03-27 13:08:00+05:30,410.0,410.05,409.85,409.95,78994,ITC
2025-03-27 13:09:00+05:30,409.95,410.05,409.85,409.95,42815,ITC
2025-03-27 13:10:00+05:30,410.0,410.1,409.85,410.0,24626,ITC
2025-03-27 13:11:00+05:30,409.95,410.1,409.95,410.0,22316,ITC
2025-03-27 13:12:00+05:30,409.95,410.1,409.95,410.0,25142,ITC
2025-03-27 13:13:00+05:30,409.95,410.2,409.95,410.0,40599,ITC
2025-03-27 13:14:00+05:30,409.95,410.0,409.95,409.95,28606,ITC
2025-03-27 13:15:00+05:30,409.95,410.0,409.55,409.55,33347,ITC
2025-03-27 13:16:00+05:30,409.55,409.75,409.15,409.4,28571,ITC
2025-03-27 13:17:00+05:30,409.2,409.7,409.2,409.2,97770,ITC
2025-03-27 13:18:00+05:30,409.2,409.75,408.9,409.55,169091,ITC
2025-03-27 13:19:00+05:30,409.55,409.95,409.5,409.7,69012,ITC
2025-03-27 13:20:00+05:30,409.7,409.95,409.7,409.7,27486,ITC
2025-03-27 13:21:00+05:30,409.7,409.9,409.65,409.7,32442,ITC
2025-03-27 13:22:00+05:30,409.7,409.85,409.55,409.55,24925,ITC
2025-03-27 13:23:00+05:30,409.55,409.8,409.55,409.7,35072,ITC
2025-03-27 13:24:00+05:30,409.65,410.0,409.55,409.8,69093,ITC
2025-03-27 13:25:00+05:30,409.8,410.0,409.7,409.8,39715,ITC
2025-03-27 13:26:00+05:30,409.75,410.0,409.75,410.0,25520,ITC
2025-03-27 13:27:00+05:30,409.95,410.05,409.8,410.0,16683,ITC
2025-03-27 13:28:00+05:30,409.85,410.1,409.85,409.9,25426,ITC
2025-03-27 13:29:00+05:30,409.85,410.0,409.85,410.0,21956,ITC
2025-03-27 13:30:00+05:30,409.95,410.1,409.8,409.95,27840,ITC
2025-03-27 13:31:00+05:30,409.95,410.1,409.75,410.0,26774,ITC
2025-03-27 13:32:00+05:30,409.9,410.05,409.65,409.95,37433,ITC
2025-03-27 13:33:00+05:30,409.95,410.1,409.7,410.0,67764,ITC
2025-03-27 13:34:00+05:30,409.95,410.05,409.85,410.0,32261,ITC
2025-03-27 13:35:00+05:30,409.95,410.05,409.85,409.9,36189,ITC
2025-03-27 13:36:00+05:30,409.9,409.95,409.7,409.9,33355,ITC
2025-03-27 13:37:00+05:30,409.85,409.9,409.65,409.8,38549,ITC
2025-03-27 13:38:00+05:30,409.75,409.85,409.5,409.6,85810,ITC
2025-03-27 13:39:00+05:30,409.55,409.85,409.45,409.75,36855,ITC
2025-03-27 13:40:00+05:30,409.7,409.85,409.5,409.8,30653,ITC
2025-03-27 13:41:00+05:30,409.75,409.8,409.6,409.75,29120,ITC
2025-03-27 13:42:00+05:30,409.7,409.8,409.6,409.6,29468,ITC
2025-03-27 13:43:00+05:30,409.6,409.75,409.4,409.7,18699,ITC
2025-03-27 13:44:00+05:30,409.7,409.9,409.3,409.9,71850,ITC
2025-03-27 13:45:00+05:30,409.85,409.9,409.65,409.85,33375,ITC
2025-03-27 13:46:00+05:30,409.8,409.9,409.65,409.9,27182,ITC
2025-03-27 13:47:00+05:30,409.85,409.9,409.7,409.9,20818,ITC
2025-03-27 13:48:00+05:30,409.85,409.9,409.7,409.75,20277,ITC
2025-03-27 13:49:00+05:30,409.7,409.9,409.6,409.9,33908,ITC
2025-03-27 13:50:00+05:30,409.85,409.9,409.65,409.85,23998,ITC
2025-03-27 13:51:00+05:30,409.85,409.9,409.65,409.85,35356,ITC
2025-03-27 13:52:00+05:30,409.75,409.9,409.65,409.9,36158,ITC
2025-03-27 13:53:00+05:30,409.85,409.9,409.6,409.8,54187,ITC
2025-03-27 13:54:00+05:30,409.8,409.85,409.6,409.85,25532,ITC
2025-03-27 13:55:00+05:30,409.8,409.9,409.55,409.55,33427,ITC
2025-03-27 13:56:00+05:30,409.55,409.75,409.55,409.75,23054,ITC
2025-03-27 13:57:00+05:30,409.75,409.75,409.5,409.75,26191,ITC
2025-03-27 13:58:00+05:30,409.65,409.75,409.55,409.7,23557,ITC
2025-03-27 13:59:00+05:30,409.55,409.75,409.5,409.7,18853,ITC
2025-03-27 14:00:00+05:30,409.55,409.75,409.55,409.75,22210,ITC
2025-03-27 14:01:00+05:30,409.75,409.75,409.55,409.75,22529,ITC
2025-03-27 14:02:00+05:30,409.7,409.75,409.55,409.75,20399,ITC
2025-03-27 14:03:00+05:30,409.75,409.75,409.5,409.75,39697,ITC
2025-03-27 14:04:00+05:30,409.75,409.8,409.45,409.55,46490,ITC
2025-03-27 14:05:00+05:30,409.5,409.65,409.35,409.55,33589,ITC
2025-03-27 14:06:00+05:30,409.45,409.7,409.4,409.65,22196,ITC
2025-03-27 14:07:00+05:30,409.65,409.75,409.4,409.65,54199,ITC
2025-03-27 14:08:00+05:30,409.6,409.75,409.5,409.75,29036,ITC
2025-03-27 14:09:00+05:30,409.7,409.75,409.5,409.6,33397,ITC
2025-03-27 14:10:00+05:30,409.65,409.75,409.5,409.7,25691,ITC
2025-03-27 14:11:00+05:30,409.7,409.75,409.6,409.75,38766,ITC
2025-03-27 14:12:00+05:30,409.75,409.75,409.6,409.75,24589,ITC
2025-03-27 14:13:00+05:30,409.7,409.75,409.2,409.45,61460,ITC
2025-03-27 14:14:00+05:30,409.35,409.65,409.25,409.55,45947,ITC
2025-03-27 14:15:00+05:30,409.55,409.6,409.3,409.55,30304,ITC
2025-03-27 14:16:00+05:30,409.5,409.6,409.3,409.55,28919,ITC
2025-03-27 14:17:00+05:30,409.55,409.6,409.3,409.55,32126,ITC
2025-03-27 14:18:00+05:30,409.55,409.6,409.35,409.4,28818,ITC
2025-03-27 14:19:00+05:30,409.55,409.6,409.15,409.55,53500,ITC
2025-03-27 14:20:00+05:30,409.55,409.65,409.35,409.6,35063,ITC
2025-03-27 14:21:00+05:30,409.55,409.65,409.35,409.55,26183,ITC
2025-03-27 14:22:00+05:30,409.55,409.75,409.05,409.5,68237,ITC
2025-03-27 14:23:00+05:30,409.5,409.6,408.7,409.2,170404,ITC
2025-03-27 14:24:00+05:30,409.2,409.55,409.05,409.4,52018,ITC
2025-03-27 14:25:00+05:30,409.35,409.65,409.1,409.6,31020,ITC
2025-03-27 14:26:00+05:30,409.6,409.7,409.4,409.55,23117,ITC
2025-03-27 14:27:00+05:30,409.55,409.7,409.45,409.65,22165,ITC
2025-03-27 14:28:00+05:30,409.6,409.75,409.45,409.65,19074,ITC
2025-03-27 14:29:00+05:30,409.55,409.75,409.45,409.55,23130,ITC
2025-03-27 14:30:00+05:30,409.55,409.6,409.3,409.35,35375,ITC
2025-03-27 14:31:00+05:30,409.35,409.5,409.25,409.35,18645,ITC
2025-03-27 14:32:00+05:30,409.4,409.45,409.1,409.35,24358,ITC
2025-03-27 14:33:00+05:30,409.35,409.35,409.05,409.25,31779,ITC
2025-03-27 14:34:00+05:30,409.2,409.3,409.0,409.15,37289,ITC
2025-03-27 14:35:00+05:30,409.15,409.2,408.75,409.15,45891,ITC
2025-03-27 14:36:00+05:30,409.15,409.4,409.05,409.4,44116,ITC
2025-03-27 14:37:00+05:30,409.35,409.5,409.15,409.3,37322,ITC
2025-03-27 14:38:00+05:30,409.3,409.45,409.1,409.3,25691,ITC
2025-03-27 14:39:00+05:30,409.25,409.35,409.1,409.2,18697,ITC
2025-03-27 14:40:00+05:30,409.15,409.3,408.95,409.15,58272,ITC
2025-03-27 14:41:00+05:30,409.25,409.35,408.85,409.25,59875,ITC
2025-03-27 14:42:00+05:30,409.25,409.3,409.0,409.0,51782,ITC
2025-03-27 14:43:00+05:30,409.15,409.35,408.75,409.15,62670,ITC
2025-03-27 14:44:00+05:30,409.2,409.35,409.05,409.15,61991,ITC
2025-03-27 14:45:00+05:30,409.15,409.35,409.0,409.2,48105,ITC
2025-03-27 14:46:00+05:30,409.2,409.4,409.05,409.15,91658,ITC
2025-03-27 14:47:00+05:30,409.25,409.35,409.0,409.15,58904,ITC
2025-03-27 14:48:00+05:30,409.15,409.35,409.0,409.1,68430,ITC
2025-03-27 14:49:00+05:30,409.1,409.3,409.0,409.3,57207,ITC
2025-03-27 14:50:00+05:30,409.3,409.35,409.05,409.05,49291,ITC
2025-03-27 14:51:00+05:30,409.05,409.3,409.0,409.2,23278,ITC
2025-03-27 14:52:00+05:30,409.2,409.35,409.0,409.3,39796,ITC
2025-03-27 14:53:00+05:30,409.25,409.3,409.0,409.25,37792,ITC
2025-03-27 14:54:00+05:30,409.15,409.25,408.95,409.0,32600,ITC
2025-03-27 14:55:00+05:30,408.95,409.2,408.95,409.2,42533,ITC
2025-03-27 14:56:00+05:30,409.15,409.25,409.1,409.2,44350,ITC
2025-03-27 14:57:00+05:30,409.15,409.25,409.05,409.2,40276,ITC
2025-03-27 14:58:00+05:30,409.1,409.25,409.0,409.1,79461,ITC
2025-03-27 14:59:00+05:30,409.05,409.2,408.8,409.0,72345,ITC
2025-03-27 15:00:00+05:30,409.0,409.1,408.75,408.8,285484,ITC
2025-03-27 15:01:00+05:30,408.85,409.45,408.5,409.35,402290,ITC
2025-03-27 15:02:00+05:30,409.35,410.0,408.05,408.7,325131,ITC
2025-03-27 15:03:00+05:30,408.65,409.3,408.05,408.25,242249,ITC
2025-03-27 15:04:00+05:30,408.25,409.15,408.05,409.05,274320,ITC
2025-03-27 15:05:00+05:30,409.05,409.85,408.85,409.75,356144,ITC
2025-03-27 15:06:00+05:30,409.75,410.0,409.05,409.2,356715,ITC
2025-03-27 15:07:00+05:30,409.2,409.7,408.9,409.4,343516,ITC
2025-03-27 15:08:00+05:30,409.4,409.9,409.2,409.4,312741,ITC
2025-03-27 15:09:00+05:30,409.35,410.0,409.2,409.9,354314,ITC
2025-03-27 15:10:00+05:30,409.9,410.15,409.55,410.0,335756,ITC
2025-03-27 15:11:00+05:30,410.05,410.65,409.55,409.7,636319,ITC
2025-03-27 15:12:00+05:30,409.65,410.0,409.5,409.55,276575,ITC
2025-03-27 15:13:00+05:30,409.55,409.95,409.45,409.8,293741,ITC
2025-03-27 15:14:00+05:30,409.8,409.9,409.05,409.7,315710,ITC
2025-03-27 15:15:00+05:30,409.7,410.0,409.15,409.7,331675,ITC
2025-03-27 15:16:00+05:30,409.7,410.05,409.0,409.55,362856,ITC
2025-03-27 15:17:00+05:30,409.6,410.0,409.15,409.6,278782,ITC
2025-03-27 15:18:00+05:30,409.75,409.85,409.2,409.7,251248,ITC
2025-03-27 15:19:00+05:30,409.65,409.95,409.45,409.7,296105,ITC
2025-03-27 15:20:00+05:30,409.55,409.8,409.35,409.6,266453,ITC
2025-03-27 15:21:00+05:30,409.55,409.8,409.15,409.75,254821,ITC
2025-03-27 15:22:00+05:30,409.75,409.95,409.1,409.25,274963,ITC
2025-03-27 15:23:00+05:30,409.25,409.7,409.05,409.4,239945,ITC
2025-03-27 15:24:00+05:30,409.4,409.6,408.6,408.9,214485,ITC
2025-03-27 15:25:00+05:30,408.85,409.5,408.55,409.3,181556,ITC
2025-03-27 15:26:00+05:30,409.3,409.5,409.15,409.4,149021,ITC
2025-03-27 15:27:00+05:30,409.25,409.8,409.1,409.75,143497,ITC
2025-03-27 15:28:00+05:30,409.8,410.0,409.35,409.35,96018,ITC
2025-03-27 15:29:00+05:30,409.7,410.35,408.5,409.35,83420,ITC
2025-03-28 09:15:00+05:30,410.9,411.0,409.8,410.2,39540,ITC
2025-03-28 09:16:00+05:30,410.45,410.45,409.75,409.85,34953,ITC
2025-03-28 09:17:00+05:30,410.05,410.85,409.25,409.35,47256,ITC
2025-03-28 09:18:00+05:30,409.35,409.65,408.6,409.4,42189,ITC
2025-03-28 09:19:00+05:30,409.6,410.2,409.3,410.15,32963,ITC
2025-03-28 09:20:00+05:30,410.15,410.45,409.7,410.45,34825,ITC
2025-03-28 09:21:00+05:30,410.3,410.7,410.25,410.6,13546,ITC
2025-03-28 09:22:00+05:30,410.6,410.75,410.0,410.2,91585,ITC
2025-03-28 09:23:00+05:30,410.15,410.5,409.9,410.45,146677,ITC
2025-03-28 09:24:00+05:30,410.5,410.9,410.0,410.4,343937,ITC
2025-03-28 09:25:00+05:30,410.5,411.7,410.1,411.65,110072,ITC
2025-03-28 09:26:00+05:30,411.65,413.0,411.3,412.2,109729,ITC
2025-03-28 09:27:00+05:30,412.3,413.0,412.1,412.65,78499,ITC
2025-03-28 09:28:00+05:30,412.85,413.2,412.2,412.55,66096,ITC
2025-03-28 09:29:00+05:30,412.65,413.9,412.4,413.5,118253,ITC
2025-03-28 09:30:00+05:30,413.5,413.85,412.8,412.9,47089,ITC
2025-03-28 09:31:00+05:30,412.9,413.1,412.05,412.85,35048,ITC
2025-03-28 09:32:00+05:30,412.9,413.0,412.45,412.8,29640,ITC
2025-03-28 09:33:00+05:30,412.45,413.1,412.45,412.9,30662,ITC
2025-03-28 09:34:00+05:30,412.65,413.15,412.4,412.85,59235,ITC
2025-03-28 09:35:00+05:30,412.85,412.85,412.45,412.45,20609,ITC
2025-03-28 09:36:00+05:30,412.4,412.6,412.05,412.1,21249,ITC
2025-03-28 09:37:00+05:30,412.2,412.3,411.7,411.8,51643,ITC
2025-03-28 09:38:00+05:30,411.95,412.3,411.8,412.2,32156,ITC
2025-03-28 09:39:00+05:30,412.15,412.4,411.8,411.9,16334,ITC
2025-03-28 09:40:00+05:30,411.9,412.2,411.65,411.85,32275,ITC
2025-03-28 09:41:00+05:30,412.05,413.25,411.75,413.1,67329,ITC
2025-03-28 09:42:00+05:30,413.1,413.9,413.1,413.6,63530,ITC
2025-03-28 09:43:00+05:30,413.85,414.95,413.6,414.65,150225,ITC
2025-03-28 09:44:00+05:30,414.6,415.4,414.3,415.35,174257,ITC
2025-03-28 09:45:00+05:30,415.3,415.6,414.0,414.2,83254,ITC
2025-03-28 09:46:00+05:30,414.2,414.4,413.45,413.45,33505,ITC
2025-03-28 09:47:00+05:30,413.45,413.75,413.3,413.6,18611,ITC
2025-03-28 09:48:00+05:30,413.6,413.9,413.4,413.75,12400,ITC
2025-03-28 09:49:00+05:30,413.7,413.9,413.45,413.55,15017,ITC
2025-03-28 09:50:00+05:30,413.7,413.75,413.5,413.6,10546,ITC
2025-03-28 09:51:00+05:30,413.6,413.65,412.8,412.85,50439,ITC
2025-03-28 09:52:00+05:30,412.95,413.2,412.7,412.8,18057,ITC
2025-03-28 09:53:00+05:30,412.9,413.5,412.7,413.5,25232,ITC
2025-03-28 09:54:00+05:30,413.4,413.5,413.15,413.3,20326,ITC
2025-03-28 09:55:00+05:30,413.3,413.65,413.0,413.6,19041,ITC
2025-03-28 09:56:00+05:30,413.6,413.6,412.95,413.2,75323,ITC
2025-03-28 09:57:00+05:30,413.2,413.7,413.1,413.55,14097,ITC
2025-03-28 09:58:00+05:30,413.4,413.8,413.05,413.25,32638,ITC
2025-03-28 09:59:00+05:30,413.25,413.25,413.0,413.15,5352,ITC
2025-03-28 10:00:00+05:30,413.15,413.6,413.0,413.45,29329,ITC
2025-03-28 10:01:00+05:30,413.4,413.65,413.0,413.2,27619,ITC
2025-03-28 10:02:00+05:30,413.15,413.2,413.05,413.05,9524,ITC
2025-03-28 10:03:00+05:30,413.2,413.2,412.95,413.15,29704,ITC
2025-03-28 10:04:00+05:30,413.15,413.55,413.1,413.3,14884,ITC
2025-03-28 10:05:00+05:30,413.45,413.45,413.05,413.25,5027,ITC
2025-03-28 10:06:00+05:30,413.15,413.5,413.05,413.25,9714,ITC
2025-03-28 10:07:00+05:30,413.25,413.25,412.65,412.65,22825,ITC
2025-03-28 10:08:00+05:30,412.9,412.9,412.2,412.25,26925,ITC
2025-03-28 10:09:00+05:30,412.2,412.6,412.15,412.3,17929,ITC
2025-03-28 10:10:00+05:30,412.2,412.4,412.1,412.15,15907,ITC
2025-03-28 10:11:00+05:30,412.2,412.7,412.1,412.15,39722,ITC
2025-03-28 10:12:00+05:30,412.15,412.25,412.15,412.25,8781,ITC
2025-03-28 10:13:00+05:30,412.25,412.4,412.15,412.35,5940,ITC
2025-03-28 10:14:00+05:30,412.35,412.4,412.2,412.35,7641,ITC
2025-03-28 10:15:00+05:30,412.25,412.3,412.0,412.2,35321,ITC
2025-03-28 10:16:00+05:30,412.2,412.4,412.05,412.25,14031,ITC
2025-03-28 10:17:00+05:30,412.15,412.45,412.05,412.45,13353,ITC
2025-03-28 10:18:00+05:30,412.3,412.4,411.35,411.75,127525,ITC
2025-03-28 10:19:00+05:30,411.75,412.2,411.65,412.2,17797,ITC
2025-03-28 10:20:00+05:30,412.2,412.3,412.0,412.1,6456,ITC
2025-03-28 10:21:00+05:30,412.15,412.2,412.0,412.2,12963,ITC
2025-03-28 10:22:00+05:30,412.2,412.2,412.0,412.2,5087,ITC
2025-03-28 10:23:00+05:30,412.15,412.2,412.0,412.1,9503,ITC
2025-03-28 10:24:00+05:30,412.0,412.25,411.95,412.0,24009,ITC
2025-03-28 10:25:00+05:30,411.95,412.0,411.8,411.95,8761,ITC
2025-03-28 10:26:00+05:30,411.95,412.0,411.85,411.9,2196,ITC
2025-03-28 10:27:00+05:30,411.9,412.45,411.9,412.35,57366,ITC
2025-03-28 10:28:00+05:30,412.2,412.95,412.15,412.8,22433,ITC
2025-03-28 10:29:00+05:30,412.9,412.95,412.7,412.7,8434,ITC
2025-03-28 10:30:00+05:30,412.7,413.3,412.7,413.25,31141,ITC
2025-03-28 10:31:00+05:30,413.25,413.25,412.5,413.25,42720,ITC
2025-03-28 10:32:00+05:30,413.25,413.25,413.0,413.2,11348,ITC
2025-03-28 10:33:00+05:30,413.15,413.4,413.0,413.15,25207,ITC
2025-03-28 10:34:00+05:30,413.15,413.6,413.05,413.45,35972,ITC
2025-03-28 10:35:00+05:30,413.5,413.65,413.25,413.4,12444,ITC
2025-03-28 10:36:00+05:30,413.5,413.55,413.3,413.55,9984,ITC
2025-03-28 10:37:00+05:30,413.5,413.9,413.45,413.8,39564,ITC
2025-03-28 10:38:00+05:30,413.8,414.0,413.75,413.95,33759,ITC
2025-03-28 10:39:00+05:30,413.95,414.25,413.8,413.8,62487,ITC
2025-03-28 10:40:00+05:30,413.9,413.9,413.6,413.65,10840,ITC
2025-03-28 10:41:00+05:30,413.6,413.95,413.55,413.55,19624,ITC
2025-03-28 10:42:00+05:30,413.75,413.85,413.55,413.55,11813,ITC
2025-03-28 10:43:00+05:30,413.6,413.7,413.2,413.45,32099,ITC
2025-03-28 10:44:00+05:30,413.4,413.5,413.3,413.45,11984,ITC
2025-03-28 10:45:00+05:30,413.45,413.65,413.35,413.65,7486,ITC
2025-03-28 10:46:00+05:30,413.6,413.8,413.35,413.8,13601,ITC
2025-03-28 10:47:00+05:30,413.8,414.2,413.65,414.2,47017,ITC
2025-03-28 10:48:00+05:30,414.1,414.45,414.0,414.3,32810,ITC
2025-03-28 10:49:00+05:30,414.3,414.35,414.0,414.15,25575,ITC
2025-03-28 10:50:00+05:30,414.25,414.3,413.85,414.0,28441,ITC
2025-03-28 10:51:00+05:30,414.0,414.2,413.95,414.0,13221,ITC
2025-03-28 10:52:00+05:30,414.0,414.25,414.0,414.2,11986,ITC
2025-03-28 10:53:00+05:30,414.15,414.2,413.55,413.65,10976,ITC
2025-03-28 10:54:00+05:30,413.55,413.75,413.55,413.7,7403,ITC
2025-03-28 10:55:00+05:30,413.7,413.75,413.35,413.5,25125,ITC
2025-03-28 10:56:00+05:30,413.6,413.85,413.55,413.75,18345,ITC
2025-03-28 10:57:00+05:30,413.8,413.8,413.5,413.6,20078,ITC
2025-03-28 10:58:00+05:30,413.75,413.75,413.4,413.65,9236,ITC
2025-03-28 10:59:00+05:30,413.65,413.65,413.4,413.6,5609,ITC
2025-03-28 11:00:00+05:30,413.6,414.0,413.45,413.95,38050,ITC
2025-03-28 11:01:00+05:30,413.95,414.2,413.7,414.0,163230,ITC
2025-03-28 11:02:00+05:30,413.85,414.2,413.8,413.95,20910,ITC
2025-03-28 11:03:00+05:30,413.9,414.15,413.8,413.8,16989,ITC
2025-03-28 11:04:00+05:30,413.8,413.95,413.3,413.55,21116,ITC
2025-03-28 11:05:00+05:30,413.55,413.6,413.05,413.15,28987,ITC
2025-03-28 11:06:00+05:30,413.15,413.25,413.0,413.2,38572,ITC
2025-03-28 11:07:00+05:30,413.15,413.4,412.8,412.8,17515,ITC
2025-03-28 11:08:00+05:30,412.8,413.15,412.6,413.05,9744,ITC
2025-03-28 11:09:00+05:30,413.0,413.45,412.9,413.25,50404,ITC
2025-03-28 11:10:00+05:30,413.35,413.8,413.25,413.7,13440,ITC
2025-03-28 11:11:00+05:30,413.8,413.8,413.5,413.6,38175,ITC
2025-03-28 11:12:00+05:30,413.5,413.6,413.5,413.5,18304,ITC
2025-03-28 11:13:00+05:30,413.6,413.6,413.4,413.5,20083,ITC
2025-03-28 11:14:00+05:30,413.5,413.55,413.35,413.35,36186,ITC
2025-03-28 11:15:00+05:30,413.35,413.55,413.35,413.5,5920,ITC
2025-03-28 11:16:00+05:30,413.5,413.55,413.25,413.35,33670,ITC
2025-03-28 11:17:00+05:30,413.45,413.55,413.25,413.35,12151,ITC
2025-03-28 11:18:00+05:30,413.3,413.65,413.25,413.65,71780,ITC
2025-03-28 11:19:00+05:30,413.65,413.75,413.4,413.5,11649,ITC
2025-03-28 11:20:00+05:30,413.65,413.8,413.5,413.75,17854,ITC
2025-03-28 11:21:00+05:30,413.6,413.75,413.45,413.6,12496,ITC
2025-03-28 11:22:00+05:30,413.6,413.6,413.35,413.45,9711,ITC
2025-03-28 11:23:00+05:30,413.6,413.6,413.3,413.6,10020,ITC
2025-03-28 11:24:00+05:30,413.4,413.6,413.3,413.3,12035,ITC
2025-03-28 11:25:00+05:30,413.3,413.5,412.9,412.9,26519,ITC
2025-03-28 11:26:00+05:30,412.85,413.0,412.6,412.75,20181,ITC
2025-03-28 11:27:00+05:30,412.7,412.85,412.5,412.8,15713,ITC
2025-03-28 11:28:00+05:30,412.7,412.8,412.5,412.75,8193,ITC
2025-03-28 11:29:00+05:30,412.8,412.85,412.55,412.75,21237,ITC
2025-03-28 11:30:00+05:30,412.75,412.8,412.6,412.75,7145,ITC
2025-03-28 11:31:00+05:30,412.7,412.9,412.7,412.9,6481,ITC
2025-03-28 11:32:00+05:30,412.85,413.1,412.85,412.85,8712,ITC
2025-03-28 11:33:00+05:30,412.9,412.95,412.65,412.7,18385,ITC
2025-03-28 11:34:00+05:30,412.8,412.85,412.6,412.8,31895,ITC
2025-03-28 11:35:00+05:30,412.75,412.8,412.5,412.7,9691,ITC
2025-03-28 11:36:00+05:30,412.7,412.75,412.55,412.6,7993,ITC
2025-03-28 11:37:00+05:30,412.6,412.95,412.6,412.85,7218,ITC
2025-03-28 11:38:00+05:30,412.95,412.95,412.6,412.85,23293,ITC
2025-03-28 11:39:00+05:30,412.8,412.95,412.7,412.85,6001,ITC
2025-03-28 11:40:00+05:30,412.8,412.9,412.6,412.8,11873,ITC
2025-03-28 11:41:00+05:30,412.8,412.8,412.5,412.55,11287,ITC
2025-03-28 11:42:00+05:30,412.45,412.5,412.25,412.5,13379,ITC
2025-03-28 11:43:00+05:30,412.45,412.45,412.15,412.2,3510,ITC
2025-03-28 11:44:00+05:30,412.3,412.4,411.85,411.85,64476,ITC
2025-03-28 11:45:00+05:30,411.85,412.0,411.45,411.85,40343,ITC
2025-03-28 11:46:00+05:30,411.8,411.85,411.7,411.8,3682,ITC
2025-03-28 11:47:00+05:30,411.75,411.85,411.5,411.85,17321,ITC
2025-03-28 11:48:00+05:30,411.8,411.9,411.7,411.85,5405,ITC
2025-03-28 11:49:00+05:30,411.9,411.95,411.65,411.8,4210,ITC
2025-03-28 11:50:00+05:30,411.9,411.9,411.7,411.85,4492,ITC
2025-03-28 11:51:00+05:30,411.8,411.85,411.6,411.8,5275,ITC
2025-03-28 11:52:00+05:30,411.8,411.85,411.5,411.6,21645,ITC
2025-03-28 11:53:00+05:30,411.6,411.75,411.6,411.7,3951,ITC
2025-03-28 11:54:00+05:30,411.7,411.75,411.5,411.5,22400,ITC
2025-03-28 11:55:00+05:30,411.5,411.65,411.25,411.25,29218,ITC
2025-03-28 11:56:00+05:30,411.25,411.45,411.1,411.25,14212,ITC
2025-03-28 11:57:00+05:30,411.1,411.2,411.0,411.0,24881,ITC
2025-03-28 11:58:00+05:30,411.0,411.25,410.9,411.1,10887,ITC
2025-03-28 11:59:00+05:30,411.0,411.1,410.8,411.1,14124,ITC
2025-03-28 12:00:00+05:30,411.1,411.3,411.05,411.2,13506,ITC
2025-03-28 12:01:00+05:30,411.15,411.35,411.0,411.0,9351,ITC
2025-03-28 12:02:00+05:30,411.15,411.2,411.0,411.1,12043,ITC
2025-03-28 12:03:00+05:30,411.05,411.1,410.9,411.0,15110,ITC
2025-03-28 12:04:00+05:30,410.95,411.0,410.8,410.95,6394,ITC
2025-03-28 12:05:00+05:30,410.8,410.95,410.8,410.9,9816,ITC
2025-03-28 12:06:00+05:30,410.9,410.95,410.8,410.95,5895,ITC
2025-03-28 12:07:00+05:30,410.95,411.05,410.8,410.95,11912,ITC
2025-03-28 12:08:00+05:30,410.95,411.05,410.8,411.05,7154,ITC
2025-03-28 12:09:00+05:30,410.95,411.35,410.85,411.3,27072,ITC
2025-03-28 12:10:00+05:30,411.25,411.35,411.0,411.2,22999,ITC
2025-03-28 12:11:00+05:30,411.25,411.55,411.2,411.3,36937,ITC
2025-03-28 12:12:00+05:30,411.45,412.25,411.25,411.9,145722,ITC
2025-03-28 12:13:00+05:30,411.7,411.9,411.6,411.8,7512,ITC
2025-03-28 12:14:00+05:30,411.65,411.75,411.1,411.25,12955,ITC
2025-03-28 12:15:00+05:30,411.1,411.3,411.05,411.3,9470,ITC
2025-03-28 12:16:00+05:30,411.1,411.25,411.0,411.25,7484,ITC
2025-03-28 12:17:00+05:30,411.1,411.45,411.0,411.15,44725,ITC
2025-03-28 12:18:00+05:30,411.15,411.35,411.05,411.2,18765,ITC
2025-03-28 12:19:00+05:30,411.25,411.35,411.05,411.35,8178,ITC
2025-03-28 12:20:00+05:30,411.3,411.3,411.0,411.05,15150,ITC
2025-03-28 12:21:00+05:30,411.15,411.15,410.7,410.75,38019,ITC
2025-03-28 12:22:00+05:30,410.75,410.95,410.75,410.9,8282,ITC
2025-03-28 12:23:00+05:30,410.9,410.9,410.7,410.85,9299,ITC
2025-03-28 12:24:00+05:30,410.7,410.85,410.7,410.8,6745,ITC
2025-03-28 12:25:00+05:30,410.75,410.85,410.6,410.7,8672,ITC
2025-03-28 12:26:00+05:30,410.7,410.8,410.5,410.7,8598,ITC
2025-03-28 12:27:00+05:30,410.65,410.75,410.5,410.7,11006,ITC
2025-03-28 12:28:00+05:30,410.7,410.8,410.5,410.7,6524,ITC
2025-03-28 12:29:00+05:30,410.7,410.75,410.5,410.55,4734,ITC
2025-03-28 12:30:00+05:30,410.6,410.65,410.4,410.5,14675,ITC
2025-03-28 12:31:00+05:30,410.5,410.5,410.2,410.5,18052,ITC
2025-03-28 12:32:00+05:30,410.45,410.5,410.2,410.2,10433,ITC
2025-03-28 12:33:00+05:30,410.2,410.4,410.05,410.05,33948,ITC
2025-03-28 12:34:00+05:30,410.05,410.25,410.0,410.05,25781,ITC
2025-03-28 12:35:00+05:30,410.05,410.15,409.75,409.9,83090,ITC
2025-03-28 12:36:00+05:30,409.8,410.1,409.75,410.0,49667,ITC
2025-03-28 12:37:00+05:30,410.0,410.0,409.65,409.8,15265,ITC
2025-03-28 12:38:00+05:30,409.8,409.95,409.7,409.9,12872,ITC
2025-03-28 12:39:00+05:30,409.8,410.0,409.6,410.0,39833,ITC
2025-03-28 12:40:00+05:30,409.9,410.0,409.7,409.95,15630,ITC
2025-03-28 12:41:00+05:30,409.9,409.95,409.6,409.75,10407,ITC
2025-03-28 12:42:00+05:30,409.8,410.0,409.55,409.85,69590,ITC
2025-03-28 12:43:00+05:30,409.85,409.85,409.6,409.85,12844,ITC
2025-03-28 12:44:00+05:30,409.7,409.85,409.55,409.7,21923,ITC
2025-03-28 12:45:00+05:30,409.7,409.8,409.5,409.65,14806,ITC
2025-03-28 12:46:00+05:30,409.65,409.8,409.5,409.8,7835,ITC
2025-03-28 12:47:00+05:30,409.75,410.0,409.6,410.0,49158,ITC
2025-03-28 12:48:00+05:30,410.0,410.25,409.8,410.0,27903,ITC
2025-03-28 12:49:00+05:30,410.0,410.15,409.85,410.0,19920,ITC
2025-03-28 12:50:00+05:30,410.15,410.2,409.85,410.0,18789,ITC
2025-03-28 12:51:00+05:30,409.95,410.15,409.85,410.0,7392,ITC
2025-03-28 12:52:00+05:30,409.95,410.0,409.75,410.0,12601,ITC
2025-03-28 12:53:00+05:30,410.0,410.0,409.75,409.9,12173,ITC
2025-03-28 12:54:00+05:30,409.9,410.05,409.75,409.95,16067,ITC
2025-03-28 12:55:00+05:30,409.9,410.0,409.8,410.0,20758,ITC
2025-03-28 12:56:00+05:30,410.0,410.25,409.95,410.0,39702,ITC
2025-03-28 12:57:00+05:30,409.95,410.45,409.95,410.0,36195,ITC
2025-03-28 12:58:00+05:30,410.0,410.15,409.9,410.0,29960,ITC
2025-03-28 12:59:00+05:30,410.0,410.1,409.85,410.0,11619,ITC
2025-03-28 13:00:00+05:30,409.95,410.0,409.7,409.7,14062,ITC
2025-03-28 13:01:00+05:30,409.65,409.75,409.5,409.75,8049,ITC
2025-03-28 13:02:00+05:30,409.55,409.75,409.55,409.7,6836,ITC
2025-03-28 13:03:00+05:30,409.55,409.7,409.4,409.5,34745,ITC
2025-03-28 13:04:00+05:30,409.5,409.5,409.1,409.3,17870,ITC
2025-03-28 13:05:00+05:30,409.2,409.3,409.05,409.1,24405,ITC
2025-03-28 13:06:00+05:30,409.1,409.3,409.0,409.15,61031,ITC
2025-03-28 13:07:00+05:30,409.15,409.3,409.0,409.25,15667,ITC
2025-03-28 13:08:00+05:30,409.05,409.5,409.05,409.5,53206,ITC
2025-03-28 13:09:00+05:30,409.4,409.65,409.35,409.6,8527,ITC
2025-03-28 13:10:00+05:30,409.6,409.6,409.4,409.55,12377,ITC
2025-03-28 13:11:00+05:30,409.45,409.6,409.25,409.25,12453,ITC
2025-03-28 13:12:00+05:30,409.35,409.4,409.2,409.35,8695,ITC
2025-03-28 13:13:00+05:30,409.3,409.45,409.2,409.45,10192,ITC
2025-03-28 13:14:00+05:30,409.4,409.55,409.4,409.5,8942,ITC
2025-03-28 13:15:00+05:30,409.45,409.6,409.4,409.6,10309,ITC
2025-03-28 13:16:00+05:30,409.5,409.6,409.5,409.55,7606,ITC
2025-03-28 13:17:00+05:30,409.55,409.6,409.4,409.55,16384,ITC
2025-03-28 13:18:00+05:30,409.55,409.6,409.4,409.55,6924,ITC
2025-03-28 13:19:00+05:30,409.5,409.55,409.1,409.35,39852,ITC
2025-03-28 13:20:00+05:30,409.35,409.35,409.15,409.35,6048,ITC
2025-03-28 13:21:00+05:30,409.2,409.35,409.1,409.35,9165,ITC
2025-03-28 13:22:00+05:30,409.35,409.45,409.15,409.45,13911,ITC
2025-03-28 13:23:00+05:30,409.3,409.45,409.2,409.45,7358,ITC
2025-03-28 13:24:00+05:30,409.4,409.5,409.25,409.4,5743,ITC
2025-03-28 13:25:00+05:30,409.4,409.55,409.3,409.55,17944,ITC
2025-03-28 13:26:00+05:30,409.5,409.6,409.4,409.55,10268,ITC
2025-03-28 13:27:00+05:30,409.4,409.5,409.3,409.5,8470,ITC
2025-03-28 13:28:00+05:30,409.5,409.6,409.4,409.55,4636,ITC
2025-03-28 13:29:00+05:30,409.4,409.55,409.3,409.4,7621,ITC
2025-03-28 13:30:00+05:30,409.4,409.45,409.25,409.35,9635,ITC
2025-03-28 13:31:00+05:30,409.3,409.4,409.2,409.4,8287,ITC
2025-03-28 13:32:00+05:30,409.4,409.4,409.3,409.4,7420,ITC
2025-03-28 13:33:00+05:30,409.35,409.6,409.35,409.6,25367,ITC
2025-03-28 13:34:00+05:30,409.55,409.6,409.45,409.6,9909,ITC
2025-03-28 13:35:00+05:30,409.6,409.6,409.45,409.6,9332,ITC
2025-03-28 13:36:00+05:30,409.55,409.6,409.4,409.6,8022,ITC
2025-03-28 13:37:00+05:30,409.6,409.6,409.45,409.6,12839,ITC
2025-03-28 13:38:00+05:30,409.45,409.6,409.45,409.55,5907,ITC
2025-03-28 13:39:00+05:30,409.5,409.6,409.4,409.6,7097,ITC
2025-03-28 13:40:00+05:30,409.55,409.6,409.4,409.55,7523,ITC
2025-03-28 13:41:00+05:30,409.4,409.55,409.35,409.5,5631,ITC
2025-03-28 13:42:00+05:30,409.45,409.5,409.25,409.35,9177,ITC
2025-03-28 13:43:00+05:30,409.3,409.5,409.25,409.4,9256,ITC
2025-03-28 13:44:00+05:30,409.4,409.5,409.35,409.5,8529,ITC
2025-03-28 13:45:00+05:30,409.4,409.55,409.3,409.45,9209,ITC
2025-03-28 13:46:00+05:30,409.3,409.45,409.2,409.35,6093,ITC
2025-03-28 13:47:00+05:30,409.35,409.4,409.2,409.25,13794,ITC
2025-03-28 13:48:00+05:30,409.25,409.4,408.95,409.0,29768,ITC
2025-03-28 13:49:00+05:30,409.0,409.0,408.45,408.8,45558,ITC
2025-03-28 13:50:00+05:30,408.7,409.0,408.65,408.85,10721,ITC
2025-03-28 13:51:00+05:30,408.75,408.9,408.6,408.85,14263,ITC
2025-03-28 13:52:00+05:30,408.7,409.1,408.7,409.05,29748,ITC
2025-03-28 13:53:00+05:30,408.9,409.05,408.65,408.9,20195,ITC
2025-03-28 13:54:00+05:30,408.9,409.0,408.65,408.9,14188,ITC
2025-03-28 13:55:00+05:30,408.8,409.0,408.5,408.5,27127,ITC
2025-03-28 13:56:00+05:30,408.5,409.05,408.5,409.05,20175,ITC
2025-03-28 13:57:00+05:30,408.9,409.05,408.7,408.9,30982,ITC
2025-03-28 13:58:00+05:30,408.85,408.95,408.65,408.9,36193,ITC
2025-03-28 13:59:00+05:30,408.85,408.95,408.7,408.95,17143,ITC
2025-03-28 14:00:00+05:30,408.95,409.0,408.55,408.65,46284,ITC
2025-03-28 14:01:00+05:30,408.55,408.7,408.15,408.35,40780,ITC
2025-03-28 14:02:00+05:30,408.25,408.5,408.2,408.4,37913,ITC
2025-03-28 14:03:00+05:30,408.25,408.6,408.25,408.55,30927,ITC
2025-03-28 14:04:00+05:30,408.55,408.7,408.35,408.7,30038,ITC
2025-03-28 14:05:00+05:30,408.5,409.4,408.5,409.2,63410,ITC
2025-03-28 14:06:00+05:30,409.0,409.35,408.85,409.2,28998,ITC
2025-03-28 14:07:00+05:30,409.2,409.2,408.9,409.0,33177,ITC
2025-03-28 14:08:00+05:30,409.0,409.4,409.0,409.35,28084,ITC
2025-03-28 14:09:00+05:30,409.3,409.75,408.9,409.7,57834,ITC
2025-03-28 14:10:00+05:30,409.55,409.8,409.4,409.75,39774,ITC
2025-03-28 14:11:00+05:30,409.7,409.95,409.5,409.85,57279,ITC
2025-03-28 14:12:00+05:30,409.65,409.85,409.6,409.75,43044,ITC
2025-03-28 14:13:00+05:30,409.65,409.9,409.6,409.7,30439,ITC
2025-03-28 14:14:00+05:30,409.6,410.0,409.6,409.95,77060,ITC
2025-03-28 14:15:00+05:30,409.75,410.0,409.55,409.65,41407,ITC
2025-03-28 14:16:00+05:30,409.65,410.0,409.65,409.8,59903,ITC
2025-03-28 14:17:00+05:30,409.95,410.2,409.85,410.0,81034,ITC
2025-03-28 14:18:00+05:30,409.9,410.1,409.7,410.0,37436,ITC
2025-03-28 14:19:00+05:30,409.75,410.1,409.7,409.9,71572,ITC
2025-03-28 14:20:00+05:30,409.8,410.15,409.8,410.0,32100,ITC
2025-03-28 14:21:00+05:30,409.9,410.15,409.8,410.0,49753,ITC
2025-03-28 14:22:00+05:30,409.9,410.2,409.9,410.0,40375,ITC
2025-03-28 14:23:00+05:30,410.0,410.2,409.85,410.2,64203,ITC
2025-03-28 14:24:00+05:30,409.95,410.2,409.85,410.0,61387,ITC
2025-03-28 14:25:00+05:30,409.85,410.25,409.85,410.2,42919,ITC
2025-03-28 14:26:00+05:30,410.0,410.25,409.95,410.0,57187,ITC
2025-03-28 14:27:00+05:30,410.05,410.4,409.9,410.0,66765,ITC
2025-03-28 14:28:00+05:30,410.0,410.45,409.95,410.25,116309,ITC
2025-03-28 14:29:00+05:30,410.1,410.45,410.0,410.05,108614,ITC
2025-03-28 14:30:00+05:30,410.3,410.4,409.85,410.0,83180,ITC
2025-03-28 14:31:00+05:30,409.85,410.15,409.8,409.95,36740,ITC
2025-03-28 14:32:00+05:30,409.95,410.05,409.75,409.95,58312,ITC
2025-03-28 14:33:00+05:30,409.95,410.05,409.6,409.95,50022,ITC
2025-03-28 14:34:00+05:30,409.95,410.0,409.5,409.75,44594,ITC
2025-03-28 14:35:00+05:30,409.7,409.95,409.5,409.6,61104,ITC
2025-03-28 14:36:00+05:30,409.5,409.7,409.05,409.2,38989,ITC
2025-03-28 14:37:00+05:30,409.15,409.6,409.1,409.55,60928,ITC
2025-03-28 14:38:00+05:30,409.5,409.8,409.3,409.65,36869,ITC
2025-03-28 14:39:00+05:30,409.65,409.85,409.4,409.6,48170,ITC
2025-03-28 14:40:00+05:30,409.6,409.95,409.4,409.65,36104,ITC
2025-03-28 14:41:00+05:30,409.6,409.95,409.5,409.75,63013,ITC
2025-03-28 14:42:00+05:30,409.6,409.95,409.6,409.8,36531,ITC
2025-03-28 14:43:00+05:30,409.7,410.05,409.6,409.85,64694,ITC
2025-03-28 14:44:00+05:30,409.85,410.15,409.7,409.85,60169,ITC
2025-03-28 14:45:00+05:30,409.85,410.0,409.75,409.85,34355,ITC
2025-03-28 14:46:00+05:30,409.7,410.0,409.6,409.65,41743,ITC
2025-03-28 14:47:00+05:30,409.7,409.85,409.5,409.6,40250,ITC
2025-03-28 14:48:00+05:30,409.5,409.8,409.35,409.4,42386,ITC
2025-03-28 14:49:00+05:30,409.4,409.5,409.2,409.35,39397,ITC
2025-03-28 14:50:00+05:30,409.35,409.85,409.25,409.55,81322,ITC
2025-03-28 14:51:00+05:30,409.5,409.75,409.4,409.6,47212,ITC
2025-03-28 14:52:00+05:30,409.5,409.85,409.45,409.55,51905,ITC
2025-03-28 14:53:00+05:30,409.55,409.75,409.45,409.6,46118,ITC
2025-03-28 14:54:00+05:30,409.7,409.8,409.3,409.55,43785,ITC
2025-03-28 14:55:00+05:30,409.55,409.65,409.35,409.6,52623,ITC
2025-03-28 14:56:00+05:30,409.55,409.9,409.4,409.65,53316,ITC
2025-03-28 14:57:00+05:30,409.55,409.9,409.55,409.9,40639,ITC
2025-03-28 14:58:00+05:30,409.9,410.0,409.55,409.65,51577,ITC
2025-03-28 14:59:00+05:30,409.65,409.9,409.55,409.8,38856,ITC
2025-03-28 15:00:00+05:30,409.8,410.35,409.7,409.9,111738,ITC
2025-03-28 15:01:00+05:30,409.85,410.0,409.6,410.0,62285,ITC
2025-03-28 15:02:00+05:30,410.0,410.0,409.55,409.75,80873,ITC
2025-03-28 15:03:00+05:30,409.75,409.85,409.5,409.6,58505,ITC
2025-03-28 15:04:00+05:30,409.6,409.6,409.35,409.6,49897,ITC
2025-03-28 15:05:00+05:30,409.6,409.75,409.4,409.75,59331,ITC
2025-03-28 15:06:00+05:30,409.75,409.9,409.65,409.8,52116,ITC
2025-03-28 15:07:00+05:30,409.8,410.0,409.8,410.0,56261,ITC
2025-03-28 15:08:00+05:30,410.0,410.05,409.75,409.95,65247,ITC
2025-03-28 15:09:00+05:30,409.95,410.5,409.8,409.95,144670,ITC
2025-03-28 15:10:00+05:30,410.15,410.2,409.75,410.0,63318,ITC
2025-03-28 15:11:00+05:30,410.0,410.1,409.7,409.75,68046,ITC
2025-03-28 15:12:00+05:30,409.75,410.35,409.75,410.05,156421,ITC
2025-03-28 15:13:00+05:30,410.2,410.25,409.8,410.0,87106,ITC
2025-03-28 15:14:00+05:30,410.0,410.2,409.7,410.0,99901,ITC
2025-03-28 15:15:00+05:30,410.0,410.15,409.75,409.95,88899,ITC
2025-03-28 15:16:00+05:30,410.0,410.0,409.7,409.8,46795,ITC
2025-03-28 15:17:00+05:30,409.8,409.85,409.4,409.6,60548,ITC
2025-03-28 15:18:00+05:30,409.6,409.95,409.35,409.5,79609,ITC
2025-03-28 15:19:00+05:30,409.7,409.7,409.15,409.25,69658,ITC
2025-03-28 15:20:00+05:30,409.35,409.65,409.05,409.25,108959,ITC
2025-03-28 15:21:00+05:30,409.35,409.5,409.0,409.45,72267,ITC
2025-03-28 15:22:00+05:30,409.45,409.95,408.5,409.55,150973,ITC
2025-03-28 15:23:00+05:30,409.55,409.9,409.5,409.65,60062,ITC
2025-03-28 15:24:00+05:30,409.8,410.0,409.65,409.9,91379,ITC
2025-03-28 15:25:00+05:30,409.95,410.0,408.85,409.9,117253,ITC
2025-03-28 15:26:00+05:30,409.9,410.0,409.65,410.0,54134,ITC
2025-03-28 15:27:00+05:30,409.8,410.1,409.75,409.95,72724,ITC
2025-03-28 15:28:00+05:30,409.8,410.0,408.95,409.65,150622,ITC
2025-03-28 15:29:00+05:30,409.65,410.5,409.4,410.25,47484,ITC
2025-04-01 09:15:00+05:30,409.8,413.55,409.2,412.05,543338,ITC
2025-04-01 09:16:00+05:30,411.9,412.15,409.2,409.75,188359,ITC
2025-04-01 09:17:00+05:30,409.85,410.0,408.9,409.1,128225,ITC
2025-04-01 09:18:00+05:30,409.05,409.2,408.2,409.0,77707,ITC
2025-04-01 09:19:00+05:30,409.1,409.95,409.0,409.5,76025,ITC
2025-04-01 09:20:00+05:30,409.35,409.9,409.15,409.8,77869,ITC
2025-04-01 09:21:00+05:30,409.8,410.05,409.4,409.95,99507,ITC
2025-04-01 09:22:00+05:30,410.0,410.6,409.3,409.55,168918,ITC
2025-04-01 09:23:00+05:30,409.7,410.0,409.6,409.95,45175,ITC
2025-04-01 09:24:00+05:30,409.95,409.95,409.55,409.7,43968,ITC
2025-04-01 09:25:00+05:30,409.8,410.0,409.6,410.0,55357,ITC
2025-04-01 09:26:00+05:30,410.0,410.0,409.2,409.8,63236,ITC
2025-04-01 09:27:00+05:30,409.95,410.75,409.85,410.0,298297,ITC
2025-04-01 09:28:00+05:30,410.15,411.0,410.0,411.0,42420,ITC
2025-04-01 09:29:00+05:30,411.0,411.4,410.5,411.25,75251,ITC
2025-04-01 09:30:00+05:30,411.3,411.65,410.85,411.2,35705,ITC
2025-04-01 09:31:00+05:30,411.2,411.65,411.1,411.6,41814,ITC
2025-04-01 09:32:00+05:30,411.65,411.65,411.2,411.45,40068,ITC
2025-04-01 09:33:00+05:30,411.4,412.0,411.25,412.0,84014,ITC
2025-04-01 09:34:00+05:30,412.0,412.4,412.0,412.3,36528,ITC
2025-04-01 09:35:00+05:30,412.15,412.4,411.85,411.95,37948,ITC
2025-04-01 09:36:00+05:30,412.1,412.5,411.95,412.4,57543,ITC
2025-04-01 09:37:00+05:30,412.45,412.45,412.0,412.1,32039,ITC
2025-04-01 09:38:00+05:30,412.15,412.5,411.5,412.3,151700,ITC
2025-04-01 09:39:00+05:30,412.3,413.25,411.8,413.25,122390,ITC
2025-04-01 09:40:00+05:30,413.25,414.15,413.25,413.75,104380,ITC
2025-04-01 09:41:00+05:30,413.75,414.4,413.3,414.0,89519,ITC
2025-04-01 09:42:00+05:30,414.0,414.25,413.55,413.8,57888,ITC
2025-04-01 09:43:00+05:30,413.8,413.95,413.15,413.4,40488,ITC
2025-04-01 09:44:00+05:30,413.35,413.5,413.15,413.3,29206,ITC
2025-04-01 09:45:00+05:30,413.35,413.45,412.7,412.8,45206,ITC
2025-04-01 09:46:00+05:30,412.8,413.3,412.7,413.05,34783,ITC
2025-04-01 09:47:00+05:30,413.3,413.95,413.0,413.65,53737,ITC
2025-04-01 09:48:00+05:30,413.55,413.55,412.9,413.2,51500,ITC
2025-04-01 09:49:00+05:30,413.05,413.35,412.9,413.0,69583,ITC
2025-04-01 09:50:00+05:30,413.15,413.2,412.7,412.75,21512,ITC
2025-04-01 09:51:00+05:30,413.0,413.0,412.05,412.3,43944,ITC
2025-04-01 09:52:00+05:30,412.35,412.35,411.85,412.25,102773,ITC
2025-04-01 09:53:00+05:30,412.2,413.0,412.2,413.0,84580,ITC
2025-04-01 09:54:00+05:30,413.0,413.25,412.9,413.25,18468,ITC
2025-04-01 09:55:00+05:30,413.25,413.25,412.7,412.85,23372,ITC
2025-04-01 09:56:00+05:30,412.85,413.45,412.75,413.3,35009,ITC
2025-04-01 09:57:00+05:30,413.3,413.3,412.75,412.9,38451,ITC
2025-04-01 09:58:00+05:30,413.05,413.05,412.2,412.2,17190,ITC
2025-04-01 09:59:00+05:30,412.35,412.75,412.25,412.6,39477,ITC
2025-04-01 10:00:00+05:30,412.6,412.65,412.25,412.55,49780,ITC
2025-04-01 10:01:00+05:30,412.55,412.6,412.35,412.55,25306,ITC
2025-04-01 10:02:00+05:30,412.5,412.85,412.25,412.3,49072,ITC
2025-04-01 10:03:00+05:30,412.3,412.7,412.2,412.6,45788,ITC
2025-04-01 10:04:00+05:30,412.5,413.3,412.45,413.1,50495,ITC
2025-04-01 10:05:00+05:30,413.1,413.5,413.1,413.3,19595,ITC
2025-04-01 10:06:00+05:30,413.4,414.0,413.3,413.8,57362,ITC
2025-04-01 10:07:00+05:30,413.8,413.85,413.3,413.5,15628,ITC
2025-04-01 10:08:00+05:30,413.4,413.75,413.25,413.75,52740,ITC
2025-04-01 10:09:00+05:30,413.7,413.7,413.4,413.6,14475,ITC
2025-04-01 10:10:00+05:30,413.6,413.65,413.1,413.55,29048,ITC
2025-04-01 10:11:00+05:30,413.6,413.7,413.05,413.2,17365,ITC
2025-04-01 10:12:00+05:30,413.05,413.2,412.85,413.05,52687,ITC
2025-04-01 10:13:00+05:30,413.05,413.25,412.8,413.25,29512,ITC
2025-04-01 10:14:00+05:30,413.25,413.25,412.5,412.6,17828,ITC
2025-04-01 10:15:00+05:30,412.6,412.9,412.35,412.6,48258,ITC
2025-04-01 10:16:00+05:30,412.65,412.7,412.25,412.7,18292,ITC
2025-04-01 10:17:00+05:30,412.7,412.8,412.6,412.75,9319,ITC
2025-04-01 10:18:00+05:30,412.8,412.95,412.5,412.6,13931,ITC
2025-04-01 10:19:00+05:30,412.65,413.0,412.55,413.0,36066,ITC
2025-04-01 10:20:00+05:30,412.9,413.1,412.75,412.8,10516,ITC
2025-04-01 10:21:00+05:30,412.8,412.9,412.3,412.55,19193,ITC
2025-04-01 10:22:00+05:30,412.55,412.85,412.5,412.6,40495,ITC
2025-04-01 10:23:00+05:30,412.7,412.75,411.2,411.5,81951,ITC
2025-04-01 10:24:00+05:30,411.5,411.55,410.55,410.9,103240,ITC
2025-04-01 10:25:00+05:30,410.9,411.3,410.7,411.0,53031,ITC
2025-04-01 10:26:00+05:30,410.85,411.1,410.5,410.5,120139,ITC
2025-04-01 10:27:00+05:30,410.55,410.9,410.1,410.4,247548,ITC
2025-04-01 10:28:00+05:30,410.4,410.6,410.15,410.4,70571,ITC
2025-04-01 10:29:00+05:30,410.4,410.8,410.15,410.75,76231,ITC
2025-04-01 10:30:00+05:30,410.75,411.25,410.2,410.35,85090,ITC
2025-04-01 10:31:00+05:30,410.2,410.35,409.6,409.7,135630,ITC
2025-04-01 10:32:00+05:30,409.7,410.55,409.5,410.25,205474,ITC
2025-04-01 10:33:00+05:30,410.25,411.1,410.2,411.05,108513,ITC
2025-04-01 10:34:00+05:30,411.0,411.5,410.65,411.35,90424,ITC
2025-04-01 10:35:00+05:30,411.3,411.65,411.25,411.65,39351,ITC
2025-04-01 10:36:00+05:30,411.65,411.65,410.8,411.0,58821,ITC
2025-04-01 10:37:00+05:30,411.15,411.2,410.4,410.85,50767,ITC
2025-04-01 10:38:00+05:30,410.75,410.85,410.55,410.8,23485,ITC
2025-04-01 10:39:00+05:30,410.85,411.9,410.45,411.85,216171,ITC
2025-04-01 10:40:00+05:30,411.8,411.9,410.6,410.95,38623,ITC
2025-04-01 10:41:00+05:30,410.95,411.0,410.15,410.3,74884,ITC
2025-04-01 10:42:00+05:30,410.3,410.65,410.2,410.5,58695,ITC
2025-04-01 10:43:00+05:30,410.5,410.8,410.3,410.7,21462,ITC
2025-04-01 10:44:00+05:30,410.8,411.35,410.6,411.05,25214,ITC
2025-04-01 10:45:00+05:30,411.0,411.4,410.85,411.25,20458,ITC
2025-04-01 10:46:00+05:30,411.3,411.7,410.95,411.15,368106,ITC
2025-04-01 10:47:00+05:30,411.1,411.45,410.95,411.45,24505,ITC
2025-04-01 10:48:00+05:30,411.45,411.5,410.75,411.0,21696,ITC
2025-04-01 10:49:00+05:30,411.05,411.05,410.45,410.7,22759,ITC
2025-04-01 10:50:00+05:30,410.6,410.9,410.4,410.65,21218,ITC
2025-04-01 10:51:00+05:30,410.7,410.75,410.5,410.7,9495,ITC
2025-04-01 10:52:00+05:30,410.75,411.1,410.55,411.0,14336,ITC
2025-04-01 10:53:00+05:30,410.85,411.05,410.6,410.7,15230,ITC
2025-04-01 10:54:00+05:30,410.55,410.6,410.1,410.15,35140,ITC
2025-04-01 10:55:00+05:30,410.2,410.5,410.0,410.45,47451,ITC
2025-04-01 10:56:00+05:30,410.4,410.45,409.65,409.65,71187,ITC
2025-04-01 10:57:00+05:30,409.65,410.0,409.35,409.75,52079,ITC
2025-04-01 10:58:00+05:30,409.75,410.0,409.7,409.8,11315,ITC
2025-04-01 10:59:00+05:30,409.8,410.45,409.7,410.25,35322,ITC
2025-04-01 11:00:00+05:30,410.25,410.45,409.9,410.05,23080,ITC
2025-04-01 11:01:00+05:30,410.05,410.3,410.0,410.25,12681,ITC
2025-04-01 11:02:00+05:30,410.25,410.75,410.2,410.4,28206,ITC
2025-04-01 11:03:00+05:30,410.4,410.9,410.1,410.6,31986,ITC
2025-04-01 11:04:00+05:30,410.7,410.8,410.4,410.5,40238,ITC
2025-04-01 11:05:00+05:30,410.5,410.7,410.25,410.6,53788,ITC
2025-04-01 11:06:00+05:30,410.6,410.75,410.3,410.55,40937,ITC
2025-04-01 11:07:00+05:30,410.75,410.8,410.4,410.8,38059,ITC
2025-04-01 11:08:00+05:30,410.8,410.8,410.3,410.45,23639,ITC
2025-04-01 11:09:00+05:30,410.6,410.65,410.3,410.55,22192,ITC
2025-04-01 11:10:00+05:30,410.4,410.9,410.3,410.75,39673,ITC
2025-04-01 11:11:00+05:30,410.75,411.2,410.6,411.1,15763,ITC
2025-04-01 11:12:00+05:30,411.15,411.3,411.0,411.1,6379,ITC
2025-04-01 11:13:00+05:30,411.15,411.2,410.8,410.8,13507,ITC
2025-04-01 11:14:00+05:30,410.95,411.05,410.7,410.9,15497,ITC
2025-04-01 11:15:00+05:30,410.9,411.1,410.8,410.95,16761,ITC
2025-04-01 11:16:00+05:30,410.95,411.5,410.9,411.4,23043,ITC
2025-04-01 11:17:00+05:30,411.4,411.65,411.25,411.25,15796,ITC
2025-04-01 11:18:00+05:30,411.5,411.9,411.35,411.7,19909,ITC
2025-04-01 11:19:00+05:30,411.7,411.75,411.3,411.45,30495,ITC
2025-04-01 11:20:00+05:30,411.45,411.65,411.2,411.55,23024,ITC
2025-04-01 11:21:00+05:30,411.55,411.55,411.05,411.1,20640,ITC
2025-04-01 11:22:00+05:30,411.3,411.45,410.95,411.1,41889,ITC
2025-04-01 11:23:00+05:30,411.1,411.1,410.45,410.5,17097,ITC
2025-04-01 11:24:00+05:30,410.6,411.0,410.25,410.35,80430,ITC
2025-04-01 11:25:00+05:30,410.35,410.45,409.65,409.8,29703,ITC
2025-04-01 11:26:00+05:30,409.8,410.15,409.65,409.8,27289,ITC
2025-04-01 11:27:00+05:30,409.85,410.15,409.8,410.0,12845,ITC
2025-04-01 11:28:00+05:30,409.95,410.35,409.95,410.15,14816,ITC
2025-04-01 11:29:00+05:30,410.2,410.35,409.8,409.8,19961,ITC
2025-04-01 11:30:00+05:30,409.8,410.0,409.65,409.75,8307,ITC
2025-04-01 11:31:00+05:30,409.8,409.8,409.5,409.6,10967,ITC
2025-04-01 11:32:00+05:30,409.5,409.65,409.25,409.65,18307,ITC
2025-04-01 11:33:00+05:30,409.65,409.85,409.5,409.8,6702,ITC
2025-04-01 11:34:00+05:30,409.8,409.8,409.25,409.5,12556,ITC
2025-04-01 11:35:00+05:30,409.5,409.65,409.3,409.6,14106,ITC
2025-04-01 11:36:00+05:30,409.65,409.8,409.05,409.2,26418,ITC
2025-04-01 11:37:00+05:30,409.2,409.35,409.05,409.35,11993,ITC
2025-04-01 11:38:00+05:30,409.25,409.5,409.1,409.3,12698,ITC
2025-04-01 11:39:00+05:30,409.35,409.55,409.1,409.25,15498,ITC
2025-04-01 11:40:00+05:30,409.05,409.25,409.05,409.2,7346,ITC
2025-04-01 11:41:00+05:30,409.2,409.2,409.0,409.15,16318,ITC
2025-04-01 11:42:00+05:30,409.2,409.5,409.05,409.25,18360,ITC
2025-04-01 11:43:00+05:30,409.25,409.35,408.75,408.9,67749,ITC
2025-04-01 11:44:00+05:30,408.95,409.0,408.7,409.0,15213,ITC
2025-04-01 11:45:00+05:30,408.95,409.0,408.7,408.85,11710,ITC
2025-04-01 11:46:00+05:30,408.85,408.95,408.7,408.95,16012,ITC
2025-04-01 11:47:00+05:30,408.8,408.95,408.5,408.5,46437,ITC
2025-04-01 11:48:00+05:30,408.55,408.9,408.5,408.9,124372,ITC
2025-04-01 11:49:00+05:30,408.85,408.85,408.25,408.5,27283,ITC
2025-04-01 11:50:00+05:30,408.5,408.55,408.25,408.45,24292,ITC
2025-04-01 11:51:00+05:30,408.45,408.75,408.25,408.5,27604,ITC
2025-04-01 11:52:00+05:30,408.5,408.7,408.25,408.3,15820,ITC
2025-04-01 11:53:00+05:30,408.3,408.5,408.25,408.3,11617,ITC
2025-04-01 11:54:00+05:30,408.45,408.6,408.25,408.6,22750,ITC
2025-04-01 11:55:00+05:30,408.55,408.7,408.35,408.55,10940,ITC
2025-04-01 11:56:00+05:30,408.6,408.9,408.55,408.8,16181,ITC
2025-04-01 11:57:00+05:30,408.8,408.8,408.25,408.45,25509,ITC
2025-04-01 11:58:00+05:30,408.45,408.65,408.3,408.65,14469,ITC
2025-04-01 11:59:00+05:30,408.7,408.75,408.45,408.65,8795,ITC
2025-04-01 12:00:00+05:30,408.6,408.7,408.5,408.6,7228,ITC
2025-04-01 12:01:00+05:30,408.6,408.65,408.45,408.6,4994,ITC
2025-04-01 12:02:00+05:30,408.6,408.65,408.4,408.6,16309,ITC
2025-04-01 12:03:00+05:30,408.4,408.6,408.1,408.2,21926,ITC
2025-04-01 12:04:00+05:30,408.15,408.25,408.1,408.15,18833,ITC
2025-04-01 12:05:00+05:30,408.15,408.4,408.05,408.3,12361,ITC
2025-04-01 12:06:00+05:30,408.3,408.4,408.15,408.15,11894,ITC
2025-04-01 12:07:00+05:30,408.15,408.65,408.1,408.55,39760,ITC
2025-04-01 12:08:00+05:30,408.55,408.6,408.25,408.55,11014,ITC
2025-04-01 12:09:00+05:30,408.55,408.6,408.3,408.6,15212,ITC
2025-04-01 12:10:00+05:30,408.6,408.95,408.55,408.9,29096,ITC
2025-04-01 12:11:00+05:30,408.9,408.9,408.55,408.65,10466,ITC
2025-04-01 12:12:00+05:30,408.65,408.8,408.6,408.7,11261,ITC
2025-04-01 12:13:00+05:30,408.7,408.8,408.5,408.75,7393,ITC
2025-04-01 12:14:00+05:30,408.8,408.8,408.4,408.7,32195,ITC
2025-04-01 12:15:00+05:30,408.55,408.95,408.45,408.95,19077,ITC
2025-04-01 12:16:00+05:30,408.95,408.95,408.65,408.8,14172,ITC
2025-04-01 12:17:00+05:30,408.9,408.95,408.7,408.95,10700,ITC
2025-04-01 12:18:00+05:30,408.95,408.95,408.7,408.8,18786,ITC
2025-04-01 12:19:00+05:30,408.8,408.95,408.7,408.8,10939,ITC
2025-04-01 12:20:00+05:30,408.9,408.95,408.75,408.9,12118,ITC
2025-04-01 12:21:00+05:30,408.95,408.95,408.65,408.8,14022,ITC
2025-04-01 12:22:00+05:30,408.75,408.85,408.3,408.55,17238,ITC
2025-04-01 12:23:00+05:30,408.45,408.7,408.4,408.6,21137,ITC
2025-04-01 12:24:00+05:30,408.6,408.6,408.35,408.55,8371,ITC
2025-04-01 12:25:00+05:30,408.6,408.8,408.2,408.7,25428,ITC
2025-04-01 12:26:00+05:30,408.7,409.15,408.7,409.05,14638,ITC
2025-04-01 12:27:00+05:30,408.95,409.15,408.8,409.0,38541,ITC
2025-04-01 12:28:00+05:30,409.1,409.2,408.85,409.05,11517,ITC
2025-04-01 12:29:00+05:30,409.1,409.1,408.6,408.75,15155,ITC
2025-04-01 12:30:00+05:30,408.8,409.15,408.55,409.0,16144,ITC
2025-04-01 12:31:00+05:30,409.1,409.3,408.95,409.3,12080,ITC
2025-04-01 12:32:00+05:30,409.3,409.7,409.0,409.55,27840,ITC
2025-04-01 12:33:00+05:30,409.65,409.7,409.2,409.3,25454,ITC
2025-04-01 12:34:00+05:30,409.4,409.55,409.2,409.4,16846,ITC
2025-04-01 12:35:00+05:30,409.25,409.45,409.0,409.05,13170,ITC
2025-04-01 12:36:00+05:30,409.15,409.25,409.05,409.05,6693,ITC
2025-04-01 12:37:00+05:30,409.15,409.2,408.9,409.1,10658,ITC
2025-04-01 12:38:00+05:30,409.15,409.4,409.05,409.25,10426,ITC
2025-04-01 12:39:00+05:30,409.35,409.45,409.05,409.2,16552,ITC
2025-04-01 12:40:00+05:30,409.25,409.3,409.0,409.05,10492,ITC
2025-04-01 12:41:00+05:30,409.1,409.15,409.0,409.05,12982,ITC
2025-04-01 12:42:00+05:30,409.05,409.25,409.0,409.1,10569,ITC
2025-04-01 12:43:00+05:30,409.1,409.2,408.55,408.65,14441,ITC
2025-04-01 12:44:00+05:30,408.65,408.8,408.25,408.25,16661,ITC
2025-04-01 12:45:00+05:30,408.35,408.55,408.25,408.45,9528,ITC
2025-04-01 12:46:00+05:30,408.4,408.45,407.75,407.8,84101,ITC
2025-04-01 12:47:00+05:30,407.9,407.95,407.75,407.75,11217,ITC
2025-04-01 12:48:00+05:30,407.9,407.9,407.45,407.6,68000,ITC
2025-04-01 12:49:00+05:30,407.5,407.75,407.3,407.4,15984,ITC
2025-04-01 12:50:00+05:30,407.4,407.55,407.3,407.4,15273,ITC
2025-04-01 12:51:00+05:30,407.4,407.7,407.4,407.6,13055,ITC
2025-04-01 12:52:00+05:30,407.65,407.65,407.45,407.55,10733,ITC
2025-04-01 12:53:00+05:30,407.55,407.6,407.25,407.4,22952,ITC
2025-04-01 12:54:00+05:30,407.45,407.5,407.2,407.5,14847,ITC
2025-04-01 12:55:00+05:30,407.5,407.55,407.0,407.15,21154,ITC
2025-04-01 12:56:00+05:30,407.15,407.25,407.05,407.15,9015,ITC
2025-04-01 12:57:00+05:30,407.15,407.35,407.05,407.35,15000,ITC
2025-04-01 12:58:00+05:30,407.35,407.35,407.05,407.3,6906,ITC
2025-04-01 12:59:00+05:30,407.3,407.3,407.1,407.25,7042,ITC
2025-04-01 13:00:00+05:30,407.25,407.25,407.0,407.05,17319,ITC
2025-04-01 13:01:00+05:30,407.0,407.05,406.55,406.95,57969,ITC
2025-04-01 13:02:00+05:30,406.95,407.0,406.75,406.95,14277,ITC
2025-04-01 13:03:00+05:30,406.95,407.0,406.8,406.95,15744,ITC
2025-04-01 13:04:00+05:30,406.95,406.95,406.7,406.7,10723,ITC
2025-04-01 13:05:00+05:30,406.8,407.0,406.7,406.95,15065,ITC
2025-04-01 13:06:00+05:30,406.95,407.0,406.7,407.0,9213,ITC
2025-04-01 13:07:00+05:30,407.0,407.2,406.7,406.9,15337,ITC
2025-04-01 13:08:00+05:30,406.9,407.1,406.65,406.9,12491,ITC
2025-04-01 13:09:00+05:30,406.95,406.95,406.65,406.9,16329,ITC
2025-04-01 13:10:00+05:30,406.9,406.9,406.65,406.9,12595,ITC
2025-04-01 13:11:00+05:30,406.85,406.85,406.5,406.55,24269,ITC
2025-04-01 13:12:00+05:30,406.65,406.8,406.45,406.65,17881,ITC
2025-04-01 13:13:00+05:30,406.65,406.65,406.25,406.45,31005,ITC
2025-04-01 13:14:00+05:30,406.45,406.75,406.4,406.75,15217,ITC
2025-04-01 13:15:00+05:30,406.65,407.0,406.45,406.65,24964,ITC
2025-04-01 13:16:00+05:30,406.4,406.65,406.25,406.25,18815,ITC
2025-04-01 13:17:00+05:30,406.3,406.7,406.25,406.55,15434,ITC
2025-04-01 13:18:00+05:30,406.55,406.7,406.1,406.1,36263,ITC
2025-04-01 13:19:00+05:30,406.1,406.5,406.05,406.4,24264,ITC
2025-04-01 13:20:00+05:30,406.4,406.4,406.05,406.15,24797,ITC
2025-04-01 13:21:00+05:30,406.15,406.3,406.0,406.05,25966,ITC
2025-04-01 13:22:00+05:30,406.15,406.2,405.9,406.05,39953,ITC
2025-04-01 13:23:00+05:30,406.05,406.15,405.8,406.05,18700,ITC
2025-04-01 13:24:00+05:30,406.1,406.2,405.9,406.2,18365,ITC
2025-04-01 13:25:00+05:30,406.2,406.4,406.0,406.1,21643,ITC
2025-04-01 13:26:00+05:30,406.1,406.25,406.0,406.05,22518,ITC
2025-04-01 13:27:00+05:30,406.05,406.25,405.85,406.0,15423,ITC
2025-04-01 13:28:00+05:30,406.0,406.2,405.95,406.0,13660,ITC
2025-04-01 13:29:00+05:30,406.2,406.25,406.0,406.05,16096,ITC
2025-04-01 13:30:00+05:30,406.05,406.15,405.6,405.8,49281,ITC
2025-04-01 13:31:00+05:30,405.75,406.0,405.6,405.95,38690,ITC
2025-04-01 13:32:00+05:30,405.95,406.3,405.9,406.05,15901,ITC
2025-04-01 13:33:00+05:30,406.1,406.15,405.95,406.15,14262,ITC
2025-04-01 13:34:00+05:30,406.15,406.3,406.0,406.3,12761,ITC
2025-04-01 13:35:00+05:30,406.3,406.55,406.25,406.45,10957,ITC
2025-04-01 13:36:00+05:30,406.55,406.6,406.3,406.35,12042,ITC
2025-04-01 13:37:00+05:30,406.35,406.35,406.0,406.1,19804,ITC
2025-04-01 13:38:00+05:30,406.1,406.2,406.0,406.2,12090,ITC
2025-04-01 13:39:00+05:30,406.2,406.35,406.15,406.35,13676,ITC
2025-04-01 13:40:00+05:30,406.35,406.75,406.15,406.7,22869,ITC
2025-04-01 13:41:00+05:30,406.65,406.7,406.35,406.45,14750,ITC
2025-04-01 13:42:00+05:30,406.45,406.8,406.45,406.75,14319,ITC
2025-04-01 13:43:00+05:30,406.75,406.8,406.35,406.55,16472,ITC
2025-04-01 13:44:00+05:30,406.55,406.55,406.3,406.45,10032,ITC
2025-04-01 13:45:00+05:30,406.3,406.5,406.0,406.25,15211,ITC
2025-04-01 13:46:00+05:30,406.25,406.25,406.0,406.1,13950,ITC
2025-04-01 13:47:00+05:30,406.05,406.6,406.0,406.15,56182,ITC
2025-04-01 13:48:00+05:30,406.3,406.3,406.1,406.25,17036,ITC
2025-04-01 13:49:00+05:30,406.15,406.3,406.1,406.3,11125,ITC
2025-04-01 13:50:00+05:30,406.25,406.4,406.1,406.4,13737,ITC
2025-04-01 13:51:00+05:30,406.3,406.4,406.2,406.4,19621,ITC
2025-04-01 13:52:00+05:30,406.3,406.35,406.05,406.15,15880,ITC
2025-04-01 13:53:00+05:30,406.15,406.25,406.0,406.2,15868,ITC
2025-04-01 13:54:00+05:30,406.15,406.35,406.1,406.35,11847,ITC
2025-04-01 13:55:00+05:30,406.35,406.35,406.1,406.25,17596,ITC
2025-04-01 13:56:00+05:30,406.25,406.65,406.25,406.5,24209,ITC
2025-04-01 13:57:00+05:30,406.45,406.5,406.05,406.15,16595,ITC
2025-04-01 13:58:00+05:30,406.15,406.15,406.0,406.05,12235,ITC
2025-04-01 13:59:00+05:30,406.05,406.55,406.0,406.15,25316,ITC
2025-04-01 14:00:00+05:30,406.15,406.3,406.0,406.15,15405,ITC
2025-04-01 14:01:00+05:30,406.15,406.15,405.8,405.9,23344,ITC
2025-04-01 14:02:00+05:30,405.9,406.05,405.75,406.05,32393,ITC
2025-04-01 14:03:00+05:30,406.05,406.5,406.05,406.35,16822,ITC
2025-04-01 14:04:00+05:30,406.25,406.65,406.25,406.5,10149,ITC
2025-04-01 14:05:00+05:30,406.65,406.65,406.25,406.55,15692,ITC
2025-04-01 14:06:00+05:30,406.5,407.3,406.4,407.3,182805,ITC
2025-04-01 14:07:00+05:30,407.2,407.25,407.0,407.2,43271,ITC
2025-04-01 14:08:00+05:30,407.15,407.2,407.0,407.1,15055,ITC
2025-04-01 14:09:00+05:30,407.15,407.15,407.0,407.1,15413,ITC
2025-04-01 14:10:00+05:30,407.1,407.1,407.0,407.05,58141,ITC
2025-04-01 14:11:00+05:30,407.05,407.2,406.75,406.95,103270,ITC
2025-04-01 14:12:00+05:30,407.0,407.2,406.85,407.15,41300,ITC
2025-04-01 14:13:00+05:30,407.05,407.2,407.0,407.05,198020,ITC
2025-04-01 14:14:00+05:30,407.05,407.1,407.0,407.05,11028,ITC
2025-04-01 14:15:00+05:30,407.05,407.1,407.0,407.1,11729,ITC
2025-04-01 14:16:00+05:30,407.1,407.1,407.0,407.0,15361,ITC
2025-04-01 14:17:00+05:30,407.0,407.0,406.5,406.75,90208,ITC
2025-04-01 14:18:00+05:30,406.7,407.15,406.6,406.85,24530,ITC
2025-04-01 14:19:00+05:30,406.9,407.1,406.75,406.75,11308,ITC
2025-04-01 14:20:00+05:30,406.9,406.9,406.45,406.65,10989,ITC
2025-04-01 14:21:00+05:30,406.65,406.7,406.45,406.5,14245,ITC
2025-04-01 14:22:00+05:30,406.6,406.8,406.55,406.75,9862,ITC
2025-04-01 14:23:00+05:30,406.75,406.75,406.55,406.65,10906,ITC
2025-04-01 14:24:00+05:30,406.65,406.7,406.55,406.7,8899,ITC
2025-04-01 14:25:00+05:30,406.65,406.75,406.45,406.45,10826,ITC
2025-04-01 14:26:00+05:30,406.5,406.55,406.3,406.5,10511,ITC
2025-04-01 14:27:00+05:30,406.45,406.55,406.2,406.35,10073,ITC
2025-04-01 14:28:00+05:30,406.35,406.35,406.2,406.3,14958,ITC
2025-04-01 14:29:00+05:30,406.3,406.45,406.2,406.3,19041,ITC
2025-04-01 14:30:00+05:30,406.3,406.45,405.85,406.05,42331,ITC
2025-04-01 14:31:00+05:30,406.05,406.35,405.95,406.2,13660,ITC
2025-04-01 14:32:00+05:30,406.2,406.6,406.05,406.5,17451,ITC
2025-04-01 14:33:00+05:30,406.6,406.7,406.2,406.2,15259,ITC
2025-04-01 14:34:00+05:30,406.25,406.4,406.2,406.35,8736,ITC
2025-04-01 14:35:00+05:30,406.3,406.4,406.0,406.2,15456,ITC
2025-04-01 14:36:00+05:30,406.2,406.2,405.85,405.9,26451,ITC
2025-04-01 14:37:00+05:30,406.0,406.0,405.75,406.0,16114,ITC
2025-04-01 14:38:00+05:30,406.0,406.0,405.7,405.9,64103,ITC
2025-04-01 14:39:00+05:30,405.95,406.15,405.75,406.0,39540,ITC
2025-04-01 14:40:00+05:30,405.95,406.0,405.7,406.0,25688,ITC
2025-04-01 14:41:00+05:30,406.0,406.0,405.8,406.0,25187,ITC
2025-04-01 14:42:00+05:30,406.0,406.4,405.85,406.4,57508,ITC
2025-04-01 14:43:00+05:30,406.4,406.45,406.2,406.4,15803,ITC
2025-04-01 14:44:00+05:30,406.4,406.65,406.25,406.65,15848,ITC
2025-04-01 14:45:00+05:30,406.55,406.65,406.3,406.5,18958,ITC
2025-04-01 14:46:00+05:30,406.5,406.55,406.15,406.5,33553,ITC
2025-04-01 14:47:00+05:30,406.5,406.65,406.4,406.65,49574,ITC
2025-04-01 14:48:00+05:30,406.6,406.7,406.2,406.6,56940,ITC
2025-04-01 14:49:00+05:30,406.6,406.9,406.5,406.85,43517,ITC
2025-04-01 14:50:00+05:30,406.85,406.95,406.65,406.7,30358,ITC
2025-04-01 14:51:00+05:30,406.6,406.85,406.55,406.6,21879,ITC
2025-04-01 14:52:00+05:30,406.55,406.75,406.5,406.7,39042,ITC
2025-04-01 14:53:00+05:30,406.7,407.0,406.6,406.85,43681,ITC
2025-04-01 14:54:00+05:30,406.85,406.9,406.6,406.85,20724,ITC
2025-04-01 14:55:00+05:30,406.8,406.85,406.6,406.8,30532,ITC
2025-04-01 14:56:00+05:30,406.75,406.8,406.5,406.65,15440,ITC
2025-04-01 14:57:00+05:30,406.7,406.75,406.35,406.5,28660,ITC
2025-04-01 14:58:00+05:30,406.55,406.55,406.3,406.35,14617,ITC
2025-04-01 14:59:00+05:30,406.35,406.6,406.3,406.6,13285,ITC
2025-04-01 15:00:00+05:30,406.6,406.95,406.5,406.75,52552,ITC
2025-04-01 15:01:00+05:30,406.85,406.85,406.45,406.8,36565,ITC
2025-04-01 15:02:00+05:30,406.8,406.8,406.7,406.75,21051,ITC
2025-04-01 15:03:00+05:30,406.7,406.95,406.65,406.95,71205,ITC
2025-04-01 15:04:00+05:30,406.95,407.0,406.65,406.95,93166,ITC
2025-04-01 15:05:00+05:30,407.0,407.2,406.95,407.2,72851,ITC
2025-04-01 15:06:00+05:30,407.2,407.25,407.05,407.1,34048,ITC
2025-04-01 15:07:00+05:30,407.05,407.3,407.0,407.2,55607,ITC
2025-04-01 15:08:00+05:30,407.25,407.5,407.25,407.4,40671,ITC
2025-04-01 15:09:00+05:30,407.4,407.55,407.35,407.5,39692,ITC
2025-04-01 15:10:00+05:30,407.45,407.5,407.05,407.15,67224,ITC
2025-04-01 15:11:00+05:30,407.15,407.35,407.1,407.25,63838,ITC
2025-04-01 15:12:00+05:30,407.2,407.55,407.05,407.4,61558,ITC
2025-04-01 15:13:00+05:30,407.4,407.45,407.1,407.25,94594,ITC
2025-04-01 15:14:00+05:30,407.25,407.35,407.0,407.25,79961,ITC
2025-04-01 15:15:00+05:30,407.25,407.3,406.8,406.95,82252,ITC
2025-04-01 15:16:00+05:30,407.0,407.1,406.7,406.8,86541,ITC
2025-04-01 15:17:00+05:30,406.8,406.9,406.45,406.85,129851,ITC
2025-04-01 15:18:00+05:30,406.85,406.95,406.5,406.95,116817,ITC
2025-04-01 15:19:00+05:30,406.8,406.95,406.1,406.55,133845,ITC
2025-04-01 15:20:00+05:30,406.55,406.55,406.05,406.35,144980,ITC
2025-04-01 15:21:00+05:30,406.35,406.45,406.15,406.45,96278,ITC
2025-04-01 15:22:00+05:30,406.45,406.45,405.95,406.1,80893,ITC
2025-04-01 15:23:00+05:30,406.1,406.15,405.9,405.95,70919,ITC
2025-04-01 15:24:00+05:30,405.95,406.3,405.85,406.05,112262,ITC
2025-04-01 15:25:00+05:30,406.05,406.1,405.75,405.95,147613,ITC
2025-04-01 15:26:00+05:30,405.95,406.8,405.75,406.7,155845,ITC
2025-04-01 15:27:00+05:30,406.8,407.0,406.45,406.6,58081,ITC
2025-04-01 15:28:00+05:30,406.5,406.7,406.35,406.55,31512,ITC
2025-04-01 15:29:00+05:30,406.5,406.7,406.15,406.6,25699,ITC
2025-04-02 09:15:00+05:30,407.05,409.05,406.65,407.1,146678,ITC
2025-04-02 09:16:00+05:30,406.8,408.0,406.8,407.75,32860,ITC
2025-04-02 09:17:00+05:30,407.75,407.75,406.8,406.95,38765,ITC
2025-04-02 09:18:00+05:30,407.1,407.15,406.15,406.55,30301,ITC
2025-04-02 09:19:00+05:30,406.55,406.8,406.2,406.7,25877,ITC
2025-04-02 09:20:00+05:30,406.7,406.95,406.25,406.65,15198,ITC
2025-04-02 09:21:00+05:30,406.75,407.1,406.45,406.95,6407,ITC
2025-04-02 09:22:00+05:30,407.0,407.15,406.75,406.95,15632,ITC
2025-04-02 09:23:00+05:30,407.0,407.05,406.05,406.75,67238,ITC
2025-04-02 09:24:00+05:30,406.9,407.25,406.7,407.25,15593,ITC
2025-04-02 09:25:00+05:30,407.1,407.45,406.7,406.7,33607,ITC
2025-04-02 09:26:00+05:30,406.7,407.05,406.5,406.7,21729,ITC
2025-04-02 09:27:00+05:30,406.85,407.5,406.75,407.5,14231,ITC
2025-04-02 09:28:00+05:30,407.5,407.85,407.3,407.65,22670,ITC
2025-04-02 09:29:00+05:30,407.8,407.8,407.0,407.0,34547,ITC
2025-04-02 09:30:00+05:30,407.05,407.4,407.0,407.4,10120,ITC
2025-04-02 09:31:00+05:30,407.3,407.35,406.85,407.1,13653,ITC
2025-04-02 09:32:00+05:30,407.2,407.6,407.0,407.6,10129,ITC
2025-04-02 09:33:00+05:30,407.6,407.7,407.3,407.6,8589,ITC
2025-04-02 09:34:00+05:30,407.5,407.6,407.35,407.4,7049,ITC
2025-04-02 09:35:00+05:30,407.5,408.35,407.4,408.3,39460,ITC
2025-04-02 09:36:00+05:30,408.2,408.5,408.15,408.45,18715,ITC
2025-04-02 09:37:00+05:30,408.5,408.5,408.35,408.4,9365,ITC
2025-04-02 09:38:00+05:30,408.45,408.45,408.15,408.3,10052,ITC
2025-04-02 09:39:00+05:30,408.35,408.5,408.25,408.4,8593,ITC
2025-04-02 09:40:00+05:30,408.45,408.6,408.35,408.6,15616,ITC
2025-04-02 09:41:00+05:30,408.6,408.65,408.1,408.1,12016,ITC
2025-04-02 09:42:00+05:30,408.25,408.3,407.95,408.0,3753,ITC
2025-04-02 09:43:00+05:30,408.1,408.1,407.7,407.85,18027,ITC
2025-04-02 09:44:00+05:30,407.8,407.85,407.3,407.35,13028,ITC
2025-04-02 09:45:00+05:30,407.35,407.5,406.65,406.75,12520,ITC
2025-04-02 09:46:00+05:30,406.75,407.0,406.5,407.0,12876,ITC
2025-04-02 09:47:00+05:30,407.0,407.2,406.95,407.05,8288,ITC
2025-04-02 09:48:00+05:30,407.2,407.3,407.05,407.3,1712,ITC
2025-04-02 09:49:00+05:30,407.25,407.3,407.05,407.1,6786,ITC
2025-04-02 09:50:00+05:30,407.2,407.2,407.0,407.0,8462,ITC
2025-04-02 09:51:00+05:30,407.1,407.1,406.8,406.8,6696,ITC
2025-04-02 09:52:00+05:30,406.9,406.9,406.5,406.55,10681,ITC
2025-04-02 09:53:00+05:30,406.7,406.8,406.65,406.8,6120,ITC
2025-04-02 09:54:00+05:30,406.8,407.25,406.7,407.1,10892,ITC
2025-04-02 09:55:00+05:30,407.25,407.5,407.05,407.4,6690,ITC
2025-04-02 09:56:00+05:30,407.5,408.2,407.4,408.1,15596,ITC
2025-04-02 09:57:00+05:30,408.2,408.2,407.7,407.75,8070,ITC
2025-04-02 09:58:00+05:30,407.85,407.85,407.65,407.75,3553,ITC
2025-04-02 09:59:00+05:30,407.85,407.9,407.75,407.8,2832,ITC
2025-04-02 10:00:00+05:30,407.9,407.9,407.55,407.55,5710,ITC
2025-04-02 10:01:00+05:30,407.65,407.85,407.55,407.85,5766,ITC
2025-04-02 10:02:00+05:30,407.8,407.85,407.7,407.8,3840,ITC
2025-04-02 10:03:00+05:30,407.85,408.2,407.7,407.75,17528,ITC
2025-04-02 10:04:00+05:30,407.9,407.9,407.7,407.7,6049,ITC
2025-04-02 10:05:00+05:30,407.85,407.85,407.6,407.65,2513,ITC
2025-04-02 10:06:00+05:30,407.8,407.9,407.65,407.75,3842,ITC
2025-04-02 10:07:00+05:30,407.75,407.75,407.25,407.4,12379,ITC
2025-04-02 10:08:00+05:30,407.45,407.45,407.0,407.0,8303,ITC
2025-04-02 10:09:00+05:30,407.1,407.15,407.0,407.15,3534,ITC
2025-04-02 10:10:00+05:30,407.15,407.45,407.05,407.45,2774,ITC
2025-04-02 10:11:00+05:30,407.45,407.45,407.1,407.1,8973,ITC
2025-04-02 10:12:00+05:30,407.15,407.45,407.1,407.25,6618,ITC
2025-04-02 10:13:00+05:30,407.45,407.45,407.1,407.1,6546,ITC
2025-04-02 10:14:00+05:30,407.25,407.4,407.1,407.3,4091,ITC
2025-04-02 10:15:00+05:30,407.3,407.35,407.2,407.3,3506,ITC
2025-04-02 10:16:00+05:30,407.35,407.5,407.2,407.5,3391,ITC
2025-04-02 10:17:00+05:30,407.5,407.7,407.35,407.7,3021,ITC
2025-04-02 10:18:00+05:30,407.7,407.75,407.65,407.75,2337,ITC
2025-04-02 10:19:00+05:30,407.75,407.85,407.65,407.8,2624,ITC
2025-04-02 10:20:00+05:30,407.65,407.85,407.65,407.85,1908,ITC
2025-04-02 10:21:00+05:30,407.85,408.35,407.75,408.35,27532,ITC
2025-04-02 10:22:00+05:30,408.35,408.35,408.25,408.35,3037,ITC
2025-04-02 10:23:00+05:30,408.25,408.35,408.25,408.35,3292,ITC
2025-04-02 10:24:00+05:30,408.35,408.35,408.25,408.35,5432,ITC
2025-04-02 10:25:00+05:30,408.35,408.55,408.25,408.3,12484,ITC
2025-04-02 10:26:00+05:30,408.3,408.35,408.25,408.35,2850,ITC
2025-04-02 10:27:00+05:30,408.35,408.45,408.3,408.45,1931,ITC
2025-04-02 10:28:00+05:30,408.45,408.45,408.35,408.45,3185,ITC
2025-04-02 10:29:00+05:30,408.45,408.45,408.05,408.3,5894,ITC
2025-04-02 10:30:00+05:30,408.3,408.35,408.0,408.0,3677,ITC
2025-04-02 10:31:00+05:30,408.15,408.15,408.0,408.0,4671,ITC
2025-04-02 10:32:00+05:30,408.1,408.15,408.0,408.15,8942,ITC
2025-04-02 10:33:00+05:30,408.15,408.15,408.05,408.15,2542,ITC
2025-04-02 10:34:00+05:30,408.15,408.15,408.1,408.1,4762,ITC
2025-04-02 10:35:00+05:30,408.15,408.15,408.05,408.15,5621,ITC
2025-04-02 10:36:00+05:30,408.1,408.15,408.1,408.15,1566,ITC
2025-04-02 10:37:00+05:30,408.15,408.55,408.05,408.15,88378,ITC
2025-04-02 10:38:00+05:30,408.15,409.05,408.05,408.45,86418,ITC
2025-04-02 10:39:00+05:30,408.45,408.55,408.3,408.55,5090,ITC
2025-04-02 10:40:00+05:30,408.55,408.6,408.35,408.6,30666,ITC
2025-04-02 10:41:00+05:30,408.6,408.6,408.25,408.45,16874,ITC
2025-04-02 10:42:00+05:30,408.45,408.5,408.4,408.45,9754,ITC
2025-04-02 10:43:00+05:30,408.45,408.5,408.25,408.4,2194,ITC
2025-04-02 10:44:00+05:30,408.4,408.4,408.3,408.4,1399,ITC
2025-04-02 10:45:00+05:30,408.4,408.4,408.25,408.4,4160,ITC
2025-04-02 10:46:00+05:30,408.4,409.2,408.35,409.15,98167,ITC
2025-04-02 10:47:00+05:30,409.15,409.15,408.8,408.9,25656,ITC
2025-04-02 10:48:00+05:30,408.9,409.15,408.8,409.1,16160,ITC
2025-04-02 10:49:00+05:30,409.1,409.1,409.0,409.0,6218,ITC
2025-04-02 10:50:00+05:30,409.1,409.25,409.0,409.25,15455,ITC
2025-04-02 10:51:00+05:30,409.25,409.25,409.0,409.0,6445,ITC
2025-04-02 10:52:00+05:30,409.1,409.1,409.0,409.1,7127,ITC
2025-04-02 10:53:00+05:30,409.1,409.2,409.05,409.15,15901,ITC
2025-04-02 10:54:00+05:30,409.05,409.2,409.0,409.15,18605,ITC
2025-04-02 10:55:00+05:30,409.2,409.45,409.15,409.45,24775,ITC
2025-04-02 10:56:00+05:30,409.45,409.5,409.3,409.35,6578,ITC
2025-04-02 10:57:00+05:30,409.4,409.4,409.05,409.25,26676,ITC
2025-04-02 10:58:00+05:30,409.25,409.5,409.05,409.5,63618,ITC
2025-04-02 10:59:00+05:30,409.5,409.55,409.35,409.4,9971,ITC
2025-04-02 11:00:00+05:30,409.4,409.4,409.15,409.4,25150,ITC
2025-04-02 11:01:00+05:30,409.4,409.95,409.3,409.8,51798,ITC
2025-04-02 11:02:00+05:30,409.8,410.0,408.95,409.0,167136,ITC
2025-04-02 11:03:00+05:30,409.1,409.1,408.65,408.75,8476,ITC
2025-04-02 11:04:00+05:30,408.75,409.05,408.65,409.0,44595,ITC
2025-04-02 11:05:00+05:30,409.05,409.1,409.0,409.1,9976,ITC
2025-04-02 11:06:00+05:30,409.1,409.15,409.05,409.1,34883,ITC
2025-04-02 11:07:00+05:30,409.1,409.35,409.05,409.3,25166,ITC
2025-04-02 11:08:00+05:30,409.3,409.35,408.95,409.0,56175,ITC
2025-04-02 11:09:00+05:30,409.05,409.05,408.9,409.0,7505,ITC
2025-04-02 11:10:00+05:30,409.05,409.35,409.0,409.35,37951,ITC
2025-04-02 11:11:00+05:30,409.35,409.35,409.05,409.3,12947,ITC
2025-04-02 11:12:00+05:30,409.15,409.4,409.15,409.4,17793,ITC
2025-04-02 11:13:00+05:30,409.45,409.45,409.0,409.3,37715,ITC
2025-04-02 11:14:00+05:30,409.3,409.3,409.2,409.25,7168,ITC
2025-04-02 11:15:00+05:30,409.25,409.25,408.85,408.85,21048,ITC
2025-04-02 11:16:00+05:30,408.95,409.35,408.85,409.35,40806,ITC
2025-04-02 11:17:00+05:30,409.35,409.5,409.0,409.05,84794,ITC
2025-04-02 11:18:00+05:30,409.05,409.25,408.7,408.75,24020,ITC
2025-04-02 11:19:00+05:30,408.75,408.75,408.65,408.7,4711,ITC
2025-04-02 11:20:00+05:30,408.7,409.15,408.65,408.8,96559,ITC
2025-04-02 11:21:00+05:30,408.7,408.9,408.65,408.8,9239,ITC
2025-04-02 11:22:00+05:30,408.75,408.8,408.75,408.75,6505,ITC
2025-04-02 11:23:00+05:30,408.75,408.8,408.5,408.6,5501,ITC
2025-04-02 11:24:00+05:30,408.5,408.6,408.45,408.6,6970,ITC
2025-04-02 11:25:00+05:30,408.6,408.6,408.45,408.5,2565,ITC
2025-04-02 11:26:00+05:30,408.5,408.6,408.3,408.55,8129,ITC
2025-04-02 11:27:00+05:30,408.55,408.55,408.35,408.55,7391,ITC
2025-04-02 11:28:00+05:30,408.4,408.6,408.4,408.6,2986,ITC
2025-04-02 11:29:00+05:30,408.6,408.6,408.4,408.4,3362,ITC
2025-04-02 11:30:00+05:30,408.45,408.45,408.4,408.45,2531,ITC
2025-04-02 11:31:00+05:30,408.45,408.6,408.4,408.5,12131,ITC
2025-04-02 11:32:00+05:30,408.6,408.6,408.45,408.5,1017,ITC
2025-04-02 11:33:00+05:30,408.6,408.8,408.5,408.65,6200,ITC
2025-04-02 11:34:00+05:30,408.8,408.85,408.65,408.7,2936,ITC
2025-04-02 11:35:00+05:30,408.65,408.7,408.55,408.65,1297,ITC
2025-04-02 11:36:00+05:30,408.65,408.75,408.5,408.75,5039,ITC
2025-04-02 11:37:00+05:30,408.75,409.0,408.65,409.0,8933,ITC
2025-04-02 11:38:00+05:30,409.0,409.0,408.8,409.0,3388,ITC
2025-04-02 11:39:00+05:30,409.0,409.0,408.8,409.0,6954,ITC
2025-04-02 11:40:00+05:30,409.0,409.0,408.75,408.85,4919,ITC
2025-04-02 11:41:00+05:30,408.85,408.85,408.55,408.7,35770,ITC
2025-04-02 11:42:00+05:30,408.75,408.8,408.4,408.55,43766,ITC
2025-04-02 11:43:00+05:30,408.55,408.55,408.1,408.4,39439,ITC
2025-04-02 11:44:00+05:30,408.2,408.45,408.2,408.25,2014,ITC
2025-04-02 11:45:00+05:30,408.4,408.4,408.1,408.25,19140,ITC
2025-04-02 11:46:00+05:30,408.25,408.45,408.2,408.45,14971,ITC
2025-04-02 11:47:00+05:30,408.45,408.45,408.35,408.4,1527,ITC
2025-04-02 11:48:00+05:30,408.4,408.45,408.35,408.45,4223,ITC
2025-04-02 11:49:00+05:30,408.45,408.45,408.35,408.45,1514,ITC
2025-04-02 11:50:00+05:30,408.4,408.4,408.1,408.3,1510,ITC
2025-04-02 11:51:00+05:30,408.3,408.45,408.2,408.25,67191,ITC
2025-04-02 11:52:00+05:30,408.3,408.3,408.1,408.2,8719,ITC
2025-04-02 11:53:00+05:30,408.2,408.2,408.0,408.1,13427,ITC
2025-04-02 11:54:00+05:30,408.1,408.1,407.5,407.6,35001,ITC
2025-04-02 11:55:00+05:30,407.6,407.6,407.25,407.5,51276,ITC
2025-04-02 11:56:00+05:30,407.5,407.5,407.15,407.35,11533,ITC
2025-04-02 11:57:00+05:30,407.2,407.35,407.15,407.3,8417,ITC
2025-04-02 11:58:00+05:30,407.3,407.5,407.3,407.45,23203,ITC
2025-04-02 11:59:00+05:30,407.45,407.5,407.35,407.45,7364,ITC
2025-04-02 12:00:00+05:30,407.45,407.5,407.4,407.5,7455,ITC
2025-04-02 12:01:00+05:30,407.5,407.55,407.35,407.45,7468,ITC
2025-04-02 12:02:00+05:30,407.45,407.45,407.2,407.25,6106,ITC
2025-04-02 12:03:00+05:30,407.25,407.5,407.1,407.45,19957,ITC
2025-04-02 12:04:00+05:30,407.45,407.5,407.3,407.4,8228,ITC
2025-04-02 12:05:00+05:30,407.4,407.5,407.4,407.5,5585,ITC
2025-04-02 12:06:00+05:30,407.5,407.5,407.45,407.5,5258,ITC
2025-04-02 12:07:00+05:30,407.45,407.5,407.45,407.5,1544,ITC
2025-04-02 12:08:00+05:30,407.5,407.55,407.45,407.55,3060,ITC
2025-04-02 12:09:00+05:30,407.55,407.55,407.45,407.5,7530,ITC
2025-04-02 12:10:00+05:30,407.45,407.5,407.15,407.25,23521,ITC
2025-04-02 12:11:00+05:30,407.25,407.75,407.25,407.6,12352,ITC
2025-04-02 12:12:00+05:30,407.75,407.8,407.6,407.8,3923,ITC
2025-04-02 12:13:00+05:30,407.65,407.8,407.65,407.75,4271,ITC
2025-04-02 12:14:00+05:30,407.8,407.95,407.75,407.95,14065,ITC
2025-04-02 12:15:00+05:30,407.95,408.0,407.8,407.95,22917,ITC
2025-04-02 12:16:00+05:30,407.95,407.95,407.85,407.85,6532,ITC
2025-04-02 12:17:00+05:30,407.95,407.95,407.9,407.95,2791,ITC
2025-04-02 12:18:00+05:30,407.95,408.25,407.9,408.25,8985,ITC
2025-04-02 12:19:00+05:30,408.25,408.3,408.05,408.25,11416,ITC
2025-04-02 12:20:00+05:30,408.3,408.4,408.25,408.4,7257,ITC
2025-04-02 12:21:00+05:30,408.4,408.4,408.35,408.4,1134,ITC
2025-04-02 12:22:00+05:30,408.4,408.6,408.3,408.55,13805,ITC
2025-04-02 12:23:00+05:30,408.5,408.7,408.5,408.65,5042,ITC
2025-04-02 12:24:00+05:30,408.65,408.65,408.2,408.35,10180,ITC
2025-04-02 12:25:00+05:30,408.35,408.35,408.15,408.3,2238,ITC
2025-04-02 12:26:00+05:30,408.25,408.6,408.25,408.6,10861,ITC
2025-04-02 12:27:00+05:30,408.55,408.55,408.25,408.4,2139,ITC
2025-04-02 12:28:00+05:30,408.4,408.4,408.25,408.35,1202,ITC
2025-04-02 12:29:00+05:30,408.4,408.4,408.2,408.25,2541,ITC
2025-04-02 12:30:00+05:30,408.25,408.45,408.15,408.45,5415,ITC
2025-04-02 12:31:00+05:30,408.45,408.7,408.35,408.65,15042,ITC
2025-04-02 12:32:00+05:30,408.65,408.7,408.5,408.5,2373,ITC
2025-04-02 12:33:00+05:30,408.65,408.65,408.5,408.65,1382,ITC
2025-04-02 12:34:00+05:30,408.65,408.65,408.25,408.45,10124,ITC
2025-04-02 12:35:00+05:30,408.45,408.45,408.15,408.15,3531,ITC
2025-04-02 12:36:00+05:30,408.2,408.2,408.1,408.2,6749,ITC
2025-04-02 12:37:00+05:30,408.2,408.2,408.1,408.15,1774,ITC
2025-04-02 12:38:00+05:30,408.1,408.2,408.1,408.2,1847,ITC
2025-04-02 12:39:00+05:30,408.1,408.2,408.1,408.2,1637,ITC
2025-04-02 12:40:00+05:30,408.2,408.2,408.1,408.2,2596,ITC
2025-04-02 12:41:00+05:30,408.15,408.3,408.15,408.3,8203,ITC
2025-04-02 12:42:00+05:30,408.3,408.35,408.2,408.3,8251,ITC
2025-04-02 12:43:00+05:30,408.2,408.35,408.2,408.2,1452,ITC
2025-04-02 12:44:00+05:30,408.2,408.35,408.2,408.3,969,ITC
2025-04-02 12:45:00+05:30,408.3,408.35,408.25,408.35,3856,ITC
2025-04-02 12:46:00+05:30,408.25,408.35,408.15,408.3,4857,ITC
2025-04-02 12:47:00+05:30,408.3,408.35,408.15,408.35,6159,ITC
2025-04-02 12:48:00+05:30,408.25,408.35,408.2,408.35,509,ITC
2025-04-02 12:49:00+05:30,408.35,408.35,407.7,407.9,23332,ITC
2025-04-02 12:50:00+05:30,407.95,407.95,407.7,407.9,9537,ITC
2025-04-02 12:51:00+05:30,407.9,407.9,407.65,407.8,7065,ITC
2025-04-02 12:52:00+05:30,407.8,407.8,407.4,407.4,8464,ITC
2025-04-02 12:53:00+05:30,407.6,407.65,407.4,407.65,18961,ITC
2025-04-02 12:54:00+05:30,407.6,407.7,407.55,407.7,3355,ITC
2025-04-02 12:55:00+05:30,407.7,407.75,407.55,407.75,10926,ITC
2025-04-02 12:56:00+05:30,407.75,407.75,407.6,407.7,1577,ITC
2025-04-02 12:57:00+05:30,407.6,407.75,407.6,407.65,4403,ITC
2025-04-02 12:58:00+05:30,407.7,407.7,407.55,407.65,8288,ITC
2025-04-02 12:59:00+05:30,407.65,407.7,407.55,407.65,4933,ITC
2025-04-02 13:00:00+05:30,407.65,407.65,407.55,407.6,4553,ITC
2025-04-02 13:01:00+05:30,407.65,407.7,407.6,407.7,3377,ITC
2025-04-02 13:02:00+05:30,407.7,407.7,407.55,407.6,2564,ITC
2025-04-02 13:03:00+05:30,407.6,407.9,407.55,407.9,21914,ITC
2025-04-02 13:04:00+05:30,407.9,407.95,407.75,407.95,13398,ITC
2025-04-02 13:05:00+05:30,407.9,408.0,407.85,407.9,6345,ITC
2025-04-02 13:06:00+05:30,407.9,408.25,407.9,408.2,5667,ITC
2025-04-02 13:07:00+05:30,408.2,408.35,408.1,408.35,6018,ITC
2025-04-02 13:08:00+05:30,408.35,408.5,408.15,408.5,18608,ITC
2025-04-02 13:09:00+05:30,408.5,408.65,408.45,408.45,11167,ITC
2025-04-02 13:10:00+05:30,408.65,408.65,408.4,408.4,4859,ITC
2025-04-02 13:11:00+05:30,408.5,408.55,408.35,408.45,4486,ITC
2025-04-02 13:12:00+05:30,408.45,408.45,408.3,408.35,3086,ITC
2025-04-02 13:13:00+05:30,408.3,408.3,408.05,408.05,3964,ITC
2025-04-02 13:14:00+05:30,408.2,408.2,407.8,408.15,18478,ITC
2025-04-02 13:15:00+05:30,408.15,408.15,408.0,408.0,2939,ITC
2025-04-02 13:16:00+05:30,408.1,408.25,408.05,408.25,5789,ITC
2025-04-02 13:17:00+05:30,408.25,408.25,407.95,408.0,7597,ITC
2025-04-02 13:18:00+05:30,408.15,408.35,408.0,408.25,7543,ITC
2025-04-02 13:19:00+05:30,408.25,408.25,408.1,408.25,3633,ITC
2025-04-02 13:20:00+05:30,408.1,408.4,408.1,408.4,10159,ITC
2025-04-02 13:21:00+05:30,408.35,408.45,408.2,408.25,7577,ITC
2025-04-02 13:22:00+05:30,408.45,408.45,408.25,408.45,4025,ITC
2025-04-02 13:23:00+05:30,408.45,408.45,408.3,408.45,2597,ITC
2025-04-02 13:24:00+05:30,408.45,408.45,408.3,408.45,6259,ITC
2025-04-02 13:25:00+05:30,408.3,408.45,408.3,408.4,5155,ITC
2025-04-02 13:26:00+05:30,408.4,408.4,408.2,408.4,10219,ITC
2025-04-02 13:27:00+05:30,408.4,408.4,408.25,408.25,2981,ITC
2025-04-02 13:28:00+05:30,408.3,408.3,408.15,408.25,3862,ITC
2025-04-02 13:29:00+05:30,408.25,408.4,408.25,408.4,6431,ITC
2025-04-02 13:30:00+05:30,408.35,408.5,408.3,408.5,11333,ITC
2025-04-02 13:31:00+05:30,408.5,408.5,408.3,408.5,5645,ITC
2025-04-02 13:32:00+05:30,408.5,408.5,408.3,408.4,3869,ITC
2025-04-02 13:33:00+05:30,408.5,408.65,408.4,408.65,16654,ITC
2025-04-02 13:34:00+05:30,408.65,408.75,408.5,408.7,12249,ITC
2025-04-02 13:35:00+05:30,408.75,408.95,408.75,408.95,12141,ITC
2025-04-02 13:36:00+05:30,408.95,409.05,408.7,409.0,76688,ITC
2025-04-02 13:37:00+05:30,409.0,409.05,409.0,409.05,23580,ITC
2025-04-02 13:38:00+05:30,409.0,409.05,409.0,409.0,2865,ITC
2025-04-02 13:39:00+05:30,409.0,409.05,408.7,408.85,56458,ITC
2025-04-02 13:40:00+05:30,408.8,409.05,408.8,409.05,6103,ITC
2025-04-02 13:41:00+05:30,409.05,409.05,409.0,409.0,20042,ITC
2025-04-02 13:42:00+05:30,409.0,409.05,408.9,408.95,118238,ITC
2025-04-02 13:43:00+05:30,409.0,409.05,408.9,408.95,23758,ITC
2025-04-02 13:44:00+05:30,409.0,409.1,408.8,408.9,24187,ITC
2025-04-02 13:45:00+05:30,409.1,409.2,408.9,409.1,25243,ITC
2025-04-02 13:46:00+05:30,409.1,409.15,408.8,408.8,21834,ITC
2025-04-02 13:47:00+05:30,408.9,408.95,408.6,408.75,23008,ITC
2025-04-02 13:48:00+05:30,408.8,408.8,408.55,408.65,30300,ITC
2025-04-02 13:49:00+05:30,408.8,408.8,408.55,408.7,26482,ITC
2025-04-02 13:50:00+05:30,408.7,408.7,408.3,408.5,25807,ITC
2025-04-02 13:51:00+05:30,408.5,408.55,408.3,408.55,29022,ITC
2025-04-02 13:52:00+05:30,408.55,408.6,408.4,408.55,18591,ITC
2025-04-02 13:53:00+05:30,408.6,408.75,408.45,408.55,31655,ITC
2025-04-02 13:54:00+05:30,408.7,408.75,408.45,408.6,23945,ITC
2025-04-02 13:55:00+05:30,408.6,408.8,408.45,408.8,24400,ITC
2025-04-02 13:56:00+05:30,408.8,408.85,408.45,408.65,29733,ITC
2025-04-02 13:57:00+05:30,408.6,408.95,408.4,408.85,27169,ITC
2025-04-02 13:58:00+05:30,408.85,409.0,408.45,408.9,41352,ITC
2025-04-02 13:59:00+05:30,408.95,409.2,408.85,409.0,25704,ITC
2025-04-02 14:00:00+05:30,409.2,409.2,408.65,408.85,25751,ITC
2025-04-02 14:01:00+05:30,408.85,409.05,408.8,409.05,30542,ITC
2025-04-02 14:02:00+05:30,409.1,409.3,408.95,409.15,26252,ITC
2025-04-02 14:03:00+05:30,409.2,409.35,409.05,409.1,39371,ITC
2025-04-02 14:04:00+05:30,409.35,409.5,409.15,409.45,24298,ITC
2025-04-02 14:05:00+05:30,409.4,409.5,409.1,409.1,29387,ITC
2025-04-02 14:06:00+05:30,409.3,409.4,409.1,409.2,21166,ITC
2025-04-02 14:07:00+05:30,409.35,409.45,409.15,409.35,25261,ITC
2025-04-02 14:08:00+05:30,409.35,409.45,409.15,409.45,17036,ITC
2025-04-02 14:09:00+05:30,409.45,409.5,409.25,409.25,28107,ITC
2025-04-02 14:10:00+05:30,409.4,409.45,409.15,409.45,22069,ITC
2025-04-02 14:11:00+05:30,409.45,409.5,408.7,408.8,34451,ITC
2025-04-02 14:12:00+05:30,408.9,409.15,408.8,408.85,20838,ITC
2025-04-02 14:13:00+05:30,409.0,409.05,408.5,408.75,36525,ITC
2025-04-02 14:14:00+05:30,408.75,409.0,408.55,408.7,28626,ITC
2025-04-02 14:15:00+05:30,408.85,409.0,408.6,408.7,26653,ITC
2025-04-02 14:16:00+05:30,408.75,409.1,408.7,408.75,24561,ITC
2025-04-02 14:17:00+05:30,408.95,409.05,408.75,408.8,18279,ITC
2025-04-02 14:18:00+05:30,408.9,408.95,408.65,408.7,18506,ITC
2025-04-02 14:19:00+05:30,408.8,409.25,408.7,409.2,36790,ITC
2025-04-02 14:20:00+05:30,409.2,409.3,408.8,408.9,24367,ITC
2025-04-02 14:21:00+05:30,409.05,409.05,408.6,408.85,26740,ITC
2025-04-02 14:22:00+05:30,408.7,408.9,408.6,408.9,23072,ITC
2025-04-02 14:23:00+05:30,408.7,408.9,408.5,408.75,23306,ITC
2025-04-02 14:24:00+05:30,408.75,408.8,408.5,408.55,26808,ITC
2025-04-02 14:25:00+05:30,408.75,408.8,408.45,408.55,20492,ITC
2025-04-02 14:26:00+05:30,408.55,408.95,408.55,408.85,22342,ITC
2025-04-02 14:27:00+05:30,408.85,408.95,408.65,408.85,21739,ITC
2025-04-02 14:28:00+05:30,408.7,408.9,408.55,408.8,19401,ITC
2025-04-02 14:29:00+05:30,408.85,408.9,408.55,408.8,33344,ITC
2025-04-02 14:30:00+05:30,408.8,408.85,408.55,408.75,24294,ITC
2025-04-02 14:31:00+05:30,408.75,408.9,408.55,408.65,22978,ITC
2025-04-02 14:32:00+05:30,408.8,408.85,408.6,408.6,24074,ITC
2025-04-02 14:33:00+05:30,408.6,408.8,408.5,408.55,20256,ITC
2025-04-02 14:34:00+05:30,408.5,408.8,408.5,408.75,18988,ITC
2025-04-02 14:35:00+05:30,408.75,408.85,408.55,408.75,28992,ITC
2025-04-02 14:36:00+05:30,408.75,408.8,408.55,408.75,24933,ITC
2025-04-02 14:37:00+05:30,408.75,408.8,408.5,408.55,23636,ITC
2025-04-02 14:38:00+05:30,408.6,408.75,408.3,408.55,34787,ITC
2025-04-02 14:39:00+05:30,408.55,408.75,408.35,408.4,21747,ITC
2025-04-02 14:40:00+05:30,408.6,408.8,408.45,408.75,19481,ITC
2025-04-02 14:41:00+05:30,408.7,408.8,408.6,408.8,24520,ITC
2025-04-02 14:42:00+05:30,408.8,408.8,408.55,408.8,18632,ITC
2025-04-02 14:43:00+05:30,408.8,408.8,408.45,408.55,29094,ITC
2025-04-02 14:44:00+05:30,408.55,408.8,408.45,408.7,31721,ITC
2025-04-02 14:45:00+05:30,408.7,408.75,408.4,408.55,25423,ITC
2025-04-02 14:46:00+05:30,408.5,408.6,408.3,408.4,16830,ITC
2025-04-02 14:47:00+05:30,408.5,408.65,408.4,408.5,20535,ITC
2025-04-02 14:48:00+05:30,408.4,408.5,408.3,408.45,5606,ITC
2025-04-02 14:49:00+05:30,408.45,408.5,408.35,408.4,10967,ITC
2025-04-02 14:50:00+05:30,408.5,408.55,408.3,408.5,14000,ITC
2025-04-02 14:51:00+05:30,408.4,408.75,408.3,408.5,31712,ITC
2025-04-02 14:52:00+05:30,408.5,408.75,408.5,408.7,12946,ITC
2025-04-02 14:53:00+05:30,408.6,408.7,408.45,408.65,12788,ITC
2025-04-02 14:54:00+05:30,408.65,408.7,408.5,408.5,32007,ITC
2025-04-02 14:55:00+05:30,408.65,408.75,408.5,408.75,51039,ITC
2025-04-02 14:56:00+05:30,408.75,408.8,408.5,408.6,41158,ITC
2025-04-02 14:57:00+05:30,408.8,408.9,408.5,408.85,51297,ITC
2025-04-02 14:58:00+05:30,408.9,409.1,408.75,409.1,57628,ITC
2025-04-02 14:59:00+05:30,409.1,409.15,408.75,408.95,58466,ITC
2025-04-02 15:00:00+05:30,409.0,409.1,408.85,409.1,45833,ITC
2025-04-02 15:01:00+05:30,408.9,409.1,408.9,409.0,73574,ITC
2025-04-02 15:02:00+05:30,409.1,409.3,409.0,409.15,48063,ITC
2025-04-02 15:03:00+05:30,409.15,409.35,409.05,409.1,60570,ITC
2025-04-02 15:04:00+05:30,409.2,409.3,409.0,409.2,39088,ITC
2025-04-02 15:05:00+05:30,409.3,409.35,408.95,409.1,42973,ITC
2025-04-02 15:06:00+05:30,409.2,409.3,408.8,408.9,37922,ITC
2025-04-02 15:07:00+05:30,408.95,409.25,408.9,409.1,43337,ITC
2025-04-02 15:08:00+05:30,409.1,409.2,408.85,409.0,53652,ITC
2025-04-02 15:09:00+05:30,409.1,409.85,408.85,409.15,189890,ITC
2025-04-02 15:10:00+05:30,409.4,409.5,409.1,409.3,124484,ITC
2025-04-02 15:11:00+05:30,409.4,409.5,409.0,409.15,64069,ITC
2025-04-02 15:12:00+05:30,409.15,409.4,409.05,409.35,60510,ITC
2025-04-02 15:13:00+05:30,409.35,409.4,409.05,409.35,56637,ITC
2025-04-02 15:14:00+05:30,409.35,409.45,409.15,409.45,55686,ITC
2025-04-02 15:15:00+05:30,409.4,409.45,409.0,409.1,75008,ITC
2025-04-02 15:16:00+05:30,409.05,409.2,408.85,409.05,83373,ITC
2025-04-02 15:17:00+05:30,409.05,409.35,408.85,409.05,115015,ITC
2025-04-02 15:18:00+05:30,409.05,409.05,408.8,408.9,76960,ITC
2025-04-02 15:19:00+05:30,408.9,408.9,408.55,408.7,50338,ITC
2025-04-02 15:20:00+05:30,408.75,408.9,408.65,408.9,68682,ITC
2025-04-02 15:21:00+05:30,408.9,409.0,408.8,408.95,63019,ITC
2025-04-02 15:22:00+05:30,408.9,409.0,408.8,408.85,59372,ITC
2025-04-02 15:23:00+05:30,408.95,409.1,408.8,409.0,70485,ITC
2025-04-02 15:24:00+05:30,409.0,409.05,408.35,408.6,107026,ITC
2025-04-02 15:25:00+05:30,408.8,409.0,408.6,408.95,56432,ITC
2025-04-02 15:26:00+05:30,408.95,409.1,408.75,408.9,55287,ITC
2025-04-02 15:27:00+05:30,408.9,409.2,408.8,409.1,54932,ITC
2025-04-02 15:28:00+05:30,409.0,409.1,408.3,408.35,28952,ITC
2025-04-02 15:29:00+05:30,408.35,408.9,408.35,408.7,7074,ITC
2025-04-03 09:15:00+05:30,407.05,408.5,406.75,407.4,80778,ITC
2025-04-03 09:16:00+05:30,407.35,407.4,406.85,407.0,30277,ITC
2025-04-03 09:17:00+05:30,407.0,407.35,406.7,407.2,51466,ITC
2025-04-03 09:18:00+05:30,407.3,407.7,407.05,407.45,29500,ITC
2025-04-03 09:19:00+05:30,407.45,407.5,407.05,407.1,30744,ITC
2025-04-03 09:20:00+05:30,407.1,407.9,406.7,407.8,29124,ITC
2025-04-03 09:21:00+05:30,407.8,408.2,407.65,408.2,18062,ITC
2025-04-03 09:22:00+05:30,408.15,408.25,407.45,407.7,30774,ITC
2025-04-03 09:23:00+05:30,407.6,407.75,407.05,407.1,29990,ITC
2025-04-03 09:24:00+05:30,407.1,407.7,407.05,407.6,20920,ITC
2025-04-03 09:25:00+05:30,407.5,407.65,407.5,407.6,9946,ITC
2025-04-03 09:26:00+05:30,407.6,408.2,407.55,408.2,27592,ITC
2025-04-03 09:27:00+05:30,408.15,408.15,407.6,407.75,20477,ITC
2025-04-03 09:28:00+05:30,407.75,408.0,407.75,407.85,15742,ITC
2025-04-03 09:29:00+05:30,407.8,407.85,407.2,407.4,24932,ITC
2025-04-03 09:30:00+05:30,407.4,407.4,407.1,407.3,29207,ITC
2025-04-03 09:31:00+05:30,407.4,407.7,407.3,407.6,14737,ITC
2025-04-03 09:32:00+05:30,407.6,407.6,407.3,407.35,8944,ITC
2025-04-03 09:33:00+05:30,407.5,408.25,407.25,408.2,41619,ITC
2025-04-03 09:34:00+05:30,408.2,408.4,408.1,408.35,16672,ITC
2025-04-03 09:35:00+05:30,408.2,408.45,407.9,408.15,25422,ITC
2025-04-03 09:36:00+05:30,408.0,408.05,407.2,407.25,28562,ITC
2025-04-03 09:37:00+05:30,407.25,407.4,407.15,407.35,17185,ITC
2025-04-03 09:38:00+05:30,407.35,407.5,407.0,407.4,29188,ITC
2025-04-03 09:39:00+05:30,407.4,407.7,407.2,407.65,16460,ITC
2025-04-03 09:40:00+05:30,407.6,407.95,407.6,407.75,7027,ITC
2025-04-03 09:41:00+05:30,407.75,407.85,407.45,407.65,7442,ITC
2025-04-03 09:42:00+05:30,407.65,407.65,407.4,407.55,5145,ITC
2025-04-03 09:43:00+05:30,407.55,407.55,407.15,407.2,9320,ITC
2025-04-03 09:44:00+05:30,407.2,407.2,407.1,407.2,18343,ITC
2025-04-03 09:45:00+05:30,407.2,407.2,406.8,406.95,43925,ITC
2025-04-03 09:46:00+05:30,406.95,407.3,406.7,407.15,22577,ITC
2025-04-03 09:47:00+05:30,407.15,407.4,407.0,407.4,5315,ITC
2025-04-03 09:48:00+05:30,407.4,407.55,407.3,407.45,8024,ITC
2025-04-03 09:49:00+05:30,407.45,407.45,407.15,407.25,5555,ITC
2025-04-03 09:50:00+05:30,407.2,407.3,407.2,407.25,2778,ITC
2025-04-03 09:51:00+05:30,407.3,407.5,407.1,407.5,12857,ITC
2025-04-03 09:52:00+05:30,407.5,407.8,407.45,407.8,4813,ITC
2025-04-03 09:53:00+05:30,407.75,407.75,407.45,407.55,4570,ITC
2025-04-03 09:54:00+05:30,407.55,407.65,407.45,407.65,3921,ITC
2025-04-03 09:55:00+05:30,407.65,407.65,407.3,407.3,11428,ITC
2025-04-03 09:56:00+05:30,407.45,407.65,407.25,407.55,8423,ITC
2025-04-03 09:57:00+05:30,407.55,407.6,407.25,407.45,4414,ITC
2025-04-03 09:58:00+05:30,407.45,407.5,407.3,407.5,5060,ITC
2025-04-03 09:59:00+05:30,407.5,407.55,407.4,407.55,3084,ITC
2025-04-03 10:00:00+05:30,407.55,407.6,407.25,407.5,5402,ITC
2025-04-03 10:01:00+05:30,407.5,407.55,407.3,407.55,2888,ITC
2025-04-03 10:02:00+05:30,407.55,407.8,407.4,407.8,22132,ITC
2025-04-03 10:03:00+05:30,407.7,407.95,407.55,407.95,24027,ITC
2025-04-03 10:04:00+05:30,407.95,407.95,407.85,407.9,6553,ITC
2025-04-03 10:05:00+05:30,407.9,407.9,407.85,407.9,3577,ITC
2025-04-03 10:06:00+05:30,407.9,408.45,407.85,408.4,26825,ITC
2025-04-03 10:07:00+05:30,408.4,408.45,408.2,408.4,11131,ITC
2025-04-03 10:08:00+05:30,408.4,408.45,408.15,408.45,4954,ITC
2025-04-03 10:09:00+05:30,408.45,408.45,408.15,408.25,4721,ITC
2025-04-03 10:10:00+05:30,408.3,408.35,408.1,408.15,4055,ITC
2025-04-03 10:11:00+05:30,408.15,408.2,408.05,408.2,3949,ITC
2025-04-03 10:12:00+05:30,408.2,408.35,408.05,408.2,6076,ITC
2025-04-03 10:13:00+05:30,408.2,408.2,407.95,408.1,8643,ITC
2025-04-03 10:14:00+05:30,408.1,408.15,407.95,408.15,2658,ITC
2025-04-03 10:15:00+05:30,408.15,408.3,408.1,408.3,4599,ITC
2025-04-03 10:16:00+05:30,408.3,408.35,408.2,408.3,13959,ITC
2025-04-03 10:17:00+05:30,408.25,408.4,408.2,408.4,6886,ITC
2025-04-03 10:18:00+05:30,408.4,408.65,408.3,408.6,23639,ITC
2025-04-03 10:19:00+05:30,408.6,408.65,408.4,408.5,16216,ITC
2025-04-03 10:20:00+05:30,408.5,408.5,408.35,408.45,4751,ITC
2025-04-03 10:21:00+05:30,408.4,408.45,408.3,408.45,2934,ITC
2025-04-03 10:22:00+05:30,408.45,408.55,408.4,408.4,13347,ITC
2025-04-03 10:23:00+05:30,408.55,408.55,408.4,408.5,5357,ITC
2025-04-03 10:24:00+05:30,408.55,409.0,408.4,409.0,23773,ITC
2025-04-03 10:25:00+05:30,408.8,409.0,408.7,408.85,6696,ITC
2025-04-03 10:26:00+05:30,408.85,410.05,408.8,409.5,435527,ITC
2025-04-03 10:27:00+05:30,409.5,409.65,409.35,409.45,7721,ITC
2025-04-03 10:28:00+05:30,409.45,409.5,409.2,409.35,9740,ITC
2025-04-03 10:29:00+05:30,409.35,409.4,409.1,409.15,6329,ITC
2025-04-03 10:30:00+05:30,409.15,409.6,408.95,409.6,31466,ITC
2025-04-03 10:31:00+05:30,409.6,410.05,409.5,409.7,208694,ITC
2025-04-03 10:32:00+05:30,409.7,409.7,409.5,409.65,6051,ITC
2025-04-03 10:33:00+05:30,409.65,409.85,409.5,409.7,4532,ITC
2025-04-03 10:34:00+05:30,409.7,409.85,409.6,409.85,4021,ITC
2025-04-03 10:35:00+05:30,409.85,409.85,409.5,409.55,8837,ITC
2025-04-03 10:36:00+05:30,409.6,409.7,409.5,409.65,3615,ITC
2025-04-03 10:37:00+05:30,409.7,409.7,409.5,409.55,5517,ITC
2025-04-03 10:38:00+05:30,409.5,409.55,409.5,409.55,6144,ITC
2025-04-03 10:39:00+05:30,409.5,409.55,409.4,409.55,9204,ITC
2025-04-03 10:40:00+05:30,409.55,410.05,409.5,409.95,133298,ITC
2025-04-03 10:41:00+05:30,409.95,409.95,409.7,409.9,5023,ITC
2025-04-03 10:42:00+05:30,409.9,409.9,409.75,409.85,4730,ITC
2025-04-03 10:43:00+05:30,409.9,409.9,409.7,409.9,9726,ITC
2025-04-03 10:44:00+05:30,409.9,409.95,409.75,409.95,3938,ITC
2025-04-03 10:45:00+05:30,409.95,409.95,409.45,409.65,13702,ITC
2025-04-03 10:46:00+05:30,409.65,409.65,409.5,409.55,3964,ITC
2025-04-03 10:47:00+05:30,409.55,409.55,409.5,409.5,2560,ITC
2025-04-03 10:48:00+05:30,409.55,409.6,409.5,409.55,3822,ITC
2025-04-03 10:49:00+05:30,409.55,409.55,409.5,409.5,3505,ITC
2025-04-03 10:50:00+05:30,409.55,409.85,409.5,409.75,28696,ITC
2025-04-03 10:51:00+05:30,409.8,409.9,409.75,409.85,58137,ITC
2025-04-03 10:52:00+05:30,409.85,410.0,409.75,410.0,101369,ITC
2025-04-03 10:53:00+05:30,410.0,410.0,409.8,409.85,13718,ITC
2025-04-03 10:54:00+05:30,409.85,409.85,409.6,409.7,5947,ITC
2025-04-03 10:55:00+05:30,409.75,409.75,409.5,409.6,4563,ITC
2025-04-03 10:56:00+05:30,409.7,409.85,409.6,409.85,7079,ITC
2025-04-03 10:57:00+05:30,409.85,409.95,409.7,409.9,4172,ITC
2025-04-03 10:58:00+05:30,409.95,409.95,409.9,409.9,7772,ITC
2025-04-03 10:59:00+05:30,409.9,409.9,409.6,409.65,5449,ITC
2025-04-03 11:00:00+05:30,409.65,409.65,409.5,409.6,5842,ITC
2025-04-03 11:01:00+05:30,409.6,409.6,409.4,409.5,10730,ITC
2025-04-03 11:02:00+05:30,409.5,409.5,409.25,409.45,5974,ITC
2025-04-03 11:03:00+05:30,409.45,409.45,409.25,409.25,7369,ITC
2025-04-03 11:04:00+05:30,409.25,409.45,409.25,409.35,6788,ITC
2025-04-03 11:05:00+05:30,409.35,409.35,409.0,409.15,17144,ITC
2025-04-03 11:06:00+05:30,409.15,409.15,409.0,409.0,4369,ITC
2025-04-03 11:07:00+05:30,409.1,409.8,409.0,409.8,124665,ITC
2025-04-03 11:08:00+05:30,409.8,409.8,409.7,409.8,2277,ITC
2025-04-03 11:09:00+05:30,409.8,409.8,409.7,409.8,5974,ITC
2025-04-03 11:10:00+05:30,409.8,409.8,409.65,409.8,6314,ITC
2025-04-03 11:11:00+05:30,409.8,409.95,409.65,409.95,7969,ITC
2025-04-03 11:12:00+05:30,409.95,409.95,409.75,409.95,13732,ITC
2025-04-03 11:13:00+05:30,409.95,410.0,409.8,409.95,5595,ITC
2025-04-03 11:14:00+05:30,409.95,410.05,409.9,409.95,72991,ITC
2025-04-03 11:15:00+05:30,409.95,409.95,409.45,409.6,17319,ITC
2025-04-03 11:16:00+05:30,409.6,409.6,409.25,409.45,10636,ITC
2025-04-03 11:17:00+05:30,409.5,409.7,409.4,409.65,11694,ITC
2025-04-03 11:18:00+05:30,409.7,409.85,409.6,409.85,7795,ITC
2025-04-03 11:19:00+05:30,409.85,410.0,409.75,409.75,10714,ITC
2025-04-03 11:20:00+05:30,409.85,409.9,409.6,409.85,9035,ITC
2025-04-03 11:21:00+05:30,409.9,409.9,409.75,409.8,2425,ITC
2025-04-03 11:22:00+05:30,409.85,410.05,409.55,410.0,225868,ITC
2025-04-03 11:23:00+05:30,409.95,410.2,409.85,409.85,34456,ITC
2025-04-03 11:24:00+05:30,409.9,409.95,409.6,409.6,3447,ITC
2025-04-03 11:25:00+05:30,409.65,409.7,409.6,409.6,2437,ITC
2025-04-03 11:26:00+05:30,409.65,409.7,409.6,409.65,6501,ITC
2025-04-03 11:27:00+05:30,409.65,409.8,409.6,409.8,2269,ITC
2025-04-03 11:28:00+05:30,409.8,409.9,409.65,409.9,4103,ITC
2025-04-03 11:29:00+05:30,409.9,409.95,409.8,409.85,2750,ITC
2025-04-03 11:30:00+05:30,409.9,409.95,409.8,409.9,2991,ITC
2025-04-03 11:31:00+05:30,409.9,409.9,409.65,409.75,5523,ITC
2025-04-03 11:32:00+05:30,409.85,409.9,409.7,409.85,2740,ITC
2025-04-03 11:33:00+05:30,409.9,409.9,409.7,409.85,5819,ITC
2025-04-03 11:34:00+05:30,409.9,409.95,409.85,409.95,1890,ITC
2025-04-03 11:35:00+05:30,409.9,410.0,409.9,410.0,3986,ITC
2025-04-03 11:36:00+05:30,410.0,410.0,409.9,409.9,7376,ITC
2025-04-03 11:37:00+05:30,409.9,410.1,409.9,410.05,119117,ITC
2025-04-03 11:38:00+05:30,410.1,410.1,410.05,410.05,20279,ITC
2025-04-03 11:39:00+05:30,410.1,410.1,409.8,409.95,9998,ITC
2025-04-03 11:40:00+05:30,409.95,410.0,409.8,409.9,3559,ITC
2025-04-03 11:41:00+05:30,409.95,409.95,409.8,409.8,2486,ITC
2025-04-03 11:42:00+05:30,409.95,409.95,409.8,409.8,2998,ITC
2025-04-03 11:43:00+05:30,409.9,409.95,409.65,409.65,7238,ITC
2025-04-03 11:44:00+05:30,409.75,409.75,409.6,409.6,3826,ITC
2025-04-03 11:45:00+05:30,409.65,410.0,409.55,410.0,25147,ITC
2025-04-03 11:46:00+05:30,410.0,410.0,409.65,409.8,3205,ITC
2025-04-03 11:47:00+05:30,409.8,409.8,409.6,409.7,3971,ITC
2025-04-03 11:48:00+05:30,409.7,409.75,409.6,409.75,5706,ITC
2025-04-03 11:49:00+05:30,409.75,409.8,409.55,409.8,10249,ITC
2025-04-03 11:50:00+05:30,409.8,409.85,409.55,409.7,7092,ITC
2025-04-03 11:51:00+05:30,409.75,409.75,409.55,409.65,3934,ITC
2025-04-03 11:52:00+05:30,409.65,409.75,409.6,409.6,3547,ITC
2025-04-03 11:53:00+05:30,409.7,409.75,409.6,409.7,2230,ITC
2025-04-03 11:54:00+05:30,409.75,409.85,409.6,409.8,10693,ITC
2025-04-03 11:55:00+05:30,409.8,409.85,409.65,409.7,3971,ITC
2025-04-03 11:56:00+05:30,409.85,409.85,409.7,409.8,5157,ITC
2025-04-03 11:57:00+05:30,409.8,409.85,409.65,409.65,6153,ITC
2025-04-03 11:58:00+05:30,409.7,409.7,409.4,409.4,15543,ITC
2025-04-03 11:59:00+05:30,409.5,409.5,409.25,409.3,13701,ITC
2025-04-03 12:00:00+05:30,409.25,409.4,409.25,409.35,4523,ITC
2025-04-03 12:01:00+05:30,409.25,409.6,409.25,409.55,27708,ITC
2025-04-03 12:02:00+05:30,409.55,409.55,409.5,409.55,6553,ITC
2025-04-03 12:03:00+05:30,409.55,409.55,409.5,409.5,3965,ITC
2025-04-03 12:04:00+05:30,409.5,409.55,409.5,409.55,30810,ITC
2025-04-03 12:05:00+05:30,409.55,409.55,409.3,409.35,13164,ITC
2025-04-03 12:06:00+05:30,409.5,409.55,409.35,409.4,4914,ITC
2025-04-03 12:07:00+05:30,409.55,409.6,409.4,409.55,4059,ITC
2025-04-03 12:08:00+05:30,409.6,409.75,409.55,409.7,5916,ITC
2025-04-03 12:09:00+05:30,409.6,409.8,409.6,409.8,4980,ITC
2025-04-03 12:10:00+05:30,409.8,409.8,409.5,409.6,5808,ITC
2025-04-03 12:11:00+05:30,409.6,409.7,409.55,409.7,4315,ITC
2025-04-03 12:12:00+05:30,409.7,409.75,409.65,409.75,6501,ITC
2025-04-03 12:13:00+05:30,409.75,409.75,409.7,409.75,5814,ITC
2025-04-03 12:14:00+05:30,409.75,409.75,409.7,409.75,8155,ITC
2025-04-03 12:15:00+05:30,409.75,409.75,409.6,409.7,18329,ITC
2025-04-03 12:16:00+05:30,409.6,409.75,409.6,409.7,4918,ITC
2025-04-03 12:17:00+05:30,409.7,409.7,409.6,409.6,3969,ITC
2025-04-03 12:18:00+05:30,409.65,409.7,409.55,409.55,10074,ITC
2025-04-03 12:19:00+05:30,409.7,409.7,409.55,409.6,8066,ITC
2025-04-03 12:20:00+05:30,409.6,409.6,409.5,409.6,11731,ITC
2025-04-03 12:21:00+05:30,409.6,409.6,409.45,409.5,6874,ITC
2025-04-03 12:22:00+05:30,409.5,409.7,409.45,409.65,5084,ITC
2025-04-03 12:23:00+05:30,409.65,409.7,409.55,409.7,7361,ITC
2025-04-03 12:24:00+05:30,409.7,409.7,409.6,409.65,7650,ITC
2025-04-03 12:25:00+05:30,409.65,409.7,409.5,409.6,23752,ITC
2025-04-03 12:26:00+05:30,409.65,409.7,409.5,409.7,10986,ITC
2025-04-03 12:27:00+05:30,409.7,409.7,409.55,409.65,4362,ITC
2025-04-03 12:28:00+05:30,409.65,409.7,409.6,409.65,6429,ITC
2025-04-03 12:29:00+05:30,409.65,409.65,409.6,409.65,2837,ITC
2025-04-03 12:30:00+05:30,409.65,409.7,409.5,409.6,14129,ITC
2025-04-03 12:31:00+05:30,409.6,409.6,409.4,409.5,9547,ITC
2025-04-03 12:32:00+05:30,409.5,409.5,409.4,409.45,4881,ITC
2025-04-03 12:33:00+05:30,409.45,409.5,409.4,409.4,5022,ITC
2025-04-03 12:34:00+05:30,409.5,409.5,409.4,409.4,2480,ITC
2025-04-03 12:35:00+05:30,409.45,409.55,409.35,409.55,11077,ITC
2025-04-03 12:36:00+05:30,409.55,409.6,409.5,409.6,2617,ITC
2025-04-03 12:37:00+05:30,409.6,409.6,409.55,409.6,3755,ITC
2025-04-03 12:38:00+05:30,409.6,409.65,409.55,409.65,3625,ITC
2025-04-03 12:39:00+05:30,409.65,409.65,409.55,409.65,3242,ITC
2025-04-03 12:40:00+05:30,409.65,409.7,409.55,409.7,4513,ITC
2025-04-03 12:41:00+05:30,409.7,409.7,409.55,409.55,5511,ITC
2025-04-03 12:42:00+05:30,409.65,409.75,409.5,409.7,12652,ITC
2025-04-03 12:43:00+05:30,409.7,409.75,409.45,409.75,6245,ITC
2025-04-03 12:44:00+05:30,409.75,409.75,409.55,409.55,4766,ITC
2025-04-03 12:45:00+05:30,409.55,409.8,409.55,409.8,6475,ITC
2025-04-03 12:46:00+05:30,409.8,409.85,409.7,409.85,3720,ITC
2025-04-03 12:47:00+05:30,409.85,409.85,409.7,409.8,3573,ITC
2025-04-03 12:48:00+05:30,409.85,409.85,409.7,409.7,5105,ITC
2025-04-03 12:49:00+05:30,409.85,409.95,409.7,409.8,12105,ITC
2025-04-03 12:50:00+05:30,409.85,410.0,409.8,410.0,12922,ITC
2025-04-03 12:51:00+05:30,410.0,410.0,409.85,410.0,5191,ITC
2025-04-03 12:52:00+05:30,410.0,410.0,409.9,410.0,4401,ITC
2025-04-03 12:53:00+05:30,410.0,410.0,409.95,410.0,3286,ITC
2025-04-03 12:54:00+05:30,410.0,410.0,409.9,410.0,5492,ITC
2025-04-03 12:55:00+05:30,410.0,410.0,409.9,409.95,11590,ITC
2025-04-03 12:56:00+05:30,410.0,410.0,409.85,410.0,6677,ITC
2025-04-03 12:57:00+05:30,410.0,410.0,409.8,409.95,5800,ITC
2025-04-03 12:58:00+05:30,409.95,410.0,409.8,409.95,5125,ITC
2025-04-03 12:59:00+05:30,409.95,410.0,409.75,409.75,5844,ITC
2025-04-03 13:00:00+05:30,409.95,409.95,409.7,409.75,4187,ITC
2025-04-03 13:01:00+05:30,409.8,409.9,409.8,409.9,3603,ITC
2025-04-03 13:02:00+05:30,409.9,409.9,409.85,409.9,5077,ITC
2025-04-03 13:03:00+05:30,409.9,409.9,409.7,409.9,4017,ITC
2025-04-03 13:04:00+05:30,409.9,409.95,409.75,409.95,4008,ITC
2025-04-03 13:05:00+05:30,409.95,409.95,409.9,409.95,5881,ITC
2025-04-03 13:06:00+05:30,409.95,409.95,409.65,409.65,10657,ITC
2025-04-03 13:07:00+05:30,409.85,409.9,409.65,409.9,7136,ITC
2025-04-03 13:08:00+05:30,409.9,410.0,409.65,409.75,16485,ITC
2025-04-03 13:09:00+05:30,409.9,410.0,409.75,409.9,19253,ITC
2025-04-03 13:10:00+05:30,409.95,410.0,409.75,410.0,22033,ITC
2025-04-03 13:11:00+05:30,410.0,410.0,409.8,409.9,5624,ITC
2025-04-03 13:12:00+05:30,409.9,410.0,409.8,410.0,4546,ITC
2025-04-03 13:13:00+05:30,410.0,410.0,409.85,410.0,5812,ITC
2025-04-03 13:14:00+05:30,410.0,410.0,409.75,409.75,7865,ITC
2025-04-03 13:15:00+05:30,409.95,409.95,409.75,409.95,3383,ITC
2025-04-03 13:16:00+05:30,409.95,409.95,409.65,409.9,12431,ITC
2025-04-03 13:17:00+05:30,409.9,410.0,409.75,409.8,17825,ITC
2025-04-03 13:18:00+05:30,409.8,409.8,409.75,409.8,3473,ITC
2025-04-03 13:19:00+05:30,409.8,409.8,409.7,409.7,6318,ITC
2025-04-03 13:20:00+05:30,409.8,409.8,409.65,409.65,2332,ITC
2025-04-03 13:21:00+05:30,409.8,409.9,409.65,409.8,12313,ITC
2025-04-03 13:22:00+05:30,409.8,409.85,409.6,409.75,8407,ITC
2025-04-03 13:23:00+05:30,409.75,409.8,409.65,409.8,6308,ITC
2025-04-03 13:24:00+05:30,409.8,409.8,409.6,409.75,3108,ITC
2025-04-03 13:25:00+05:30,409.75,409.8,409.65,409.7,4303,ITC
2025-04-03 13:26:00+05:30,409.75,409.75,409.4,409.5,25077,ITC
2025-04-03 13:27:00+05:30,409.45,409.5,408.9,409.0,60205,ITC
2025-04-03 13:28:00+05:30,409.0,409.15,408.9,409.05,37790,ITC
2025-04-03 13:29:00+05:30,409.0,409.25,408.9,409.25,13058,ITC
2025-04-03 13:30:00+05:30,409.25,409.35,409.1,409.3,3191,ITC
2025-04-03 13:31:00+05:30,409.3,409.35,409.1,409.25,7250,ITC
2025-04-03 13:32:00+05:30,409.25,409.3,409.05,409.2,9009,ITC
2025-04-03 13:33:00+05:30,409.2,409.5,409.05,409.4,5861,ITC
2025-04-03 13:34:00+05:30,409.4,409.4,409.1,409.2,8264,ITC
2025-04-03 13:35:00+05:30,409.2,409.3,409.1,409.2,6794,ITC
2025-04-03 13:36:00+05:30,409.2,409.2,409.1,409.2,6224,ITC
2025-04-03 13:37:00+05:30,409.1,409.2,409.05,409.2,3457,ITC
2025-04-03 13:38:00+05:30,409.2,409.2,409.05,409.2,4402,ITC
2025-04-03 13:39:00+05:30,409.2,409.2,409.05,409.2,6421,ITC
2025-04-03 13:40:00+05:30,409.2,409.2,409.05,409.2,5892,ITC
2025-04-03 13:41:00+05:30,409.2,409.2,409.0,409.15,9158,ITC
2025-04-03 13:42:00+05:30,409.15,409.15,408.95,408.95,5577,ITC
2025-04-03 13:43:00+05:30,409.1,409.15,408.95,409.1,4255,ITC
2025-04-03 13:44:00+05:30,409.1,409.1,408.85,409.0,10572,ITC
2025-04-03 13:45:00+05:30,409.05,409.15,408.8,409.0,18585,ITC
2025-04-03 13:46:00+05:30,409.0,409.0,408.2,408.3,35354,ITC
2025-04-03 13:47:00+05:30,408.45,408.55,408.2,408.2,10772,ITC
2025-04-03 13:48:00+05:30,408.35,408.4,408.2,408.3,16588,ITC
2025-04-03 13:49:00+05:30,408.3,408.3,407.9,408.05,38505,ITC
2025-04-03 13:50:00+05:30,408.05,408.05,407.85,408.05,11448,ITC
2025-04-03 13:51:00+05:30,408.05,408.05,407.85,408.05,8575,ITC
2025-04-03 13:52:00+05:30,408.05,408.05,407.9,408.05,8069,ITC
2025-04-03 13:53:00+05:30,408.05,408.05,407.9,407.95,6303,ITC
2025-04-03 13:54:00+05:30,407.95,408.2,407.85,408.0,11113,ITC
2025-04-03 13:55:00+05:30,408.15,408.2,407.9,407.95,14409,ITC
2025-04-03 13:56:00+05:30,407.95,408.15,407.9,408.15,8436,ITC
2025-04-03 13:57:00+05:30,408.15,408.15,407.95,408.1,9489,ITC
2025-04-03 13:58:00+05:30,408.1,408.25,407.95,408.15,8496,ITC
2025-04-03 13:59:00+05:30,408.05,408.25,408.0,408.05,10416,ITC
2025-04-03 14:00:00+05:30,408.25,408.25,407.9,408.0,21912,ITC
2025-04-03 14:01:00+05:30,408.0,408.15,407.9,408.1,18422,ITC
2025-04-03 14:02:00+05:30,408.15,408.2,407.75,407.9,22188,ITC
2025-04-03 14:03:00+05:30,407.9,408.05,407.8,408.0,8854,ITC
2025-04-03 14:04:00+05:30,408.0,408.0,407.65,407.7,38733,ITC
2025-04-03 14:05:00+05:30,407.85,407.85,407.7,407.8,10627,ITC
2025-04-03 14:06:00+05:30,407.7,407.9,407.5,407.5,27939,ITC
2025-04-03 14:07:00+05:30,407.7,407.8,407.5,407.6,12805,ITC
2025-04-03 14:08:00+05:30,407.75,407.8,407.5,407.5,19721,ITC
2025-04-03 14:09:00+05:30,407.5,407.75,407.45,407.5,16517,ITC
2025-04-03 14:10:00+05:30,407.55,407.55,407.25,407.3,38240,ITC
2025-04-03 14:11:00+05:30,407.5,407.55,407.3,407.45,6917,ITC
2025-04-03 14:12:00+05:30,407.45,407.55,407.4,407.55,5971,ITC
2025-04-03 14:13:00+05:30,407.5,407.7,407.4,407.6,10066,ITC
2025-04-03 14:14:00+05:30,407.55,407.65,407.25,407.4,43672,ITC
2025-04-03 14:15:00+05:30,407.4,407.45,407.05,407.15,66959,ITC
2025-04-03 14:16:00+05:30,407.15,407.4,407.15,407.3,17908,ITC
2025-04-03 14:17:00+05:30,407.3,407.4,407.0,407.0,44328,ITC
2025-04-03 14:18:00+05:30,407.05,407.35,407.0,407.15,24990,ITC
2025-04-03 14:19:00+05:30,407.25,407.35,407.1,407.2,10744,ITC
2025-04-03 14:20:00+05:30,407.35,407.4,407.1,407.15,19598,ITC
2025-04-03 14:21:00+05:30,407.35,407.45,407.15,407.2,13677,ITC
2025-04-03 14:22:00+05:30,407.2,407.45,407.1,407.2,17544,ITC
2025-04-03 14:23:00+05:30,407.2,407.55,407.2,407.45,7891,ITC
2025-04-03 14:24:00+05:30,407.55,407.75,407.45,407.5,13743,ITC
2025-04-03 14:25:00+05:30,407.45,407.75,407.45,407.75,7402,ITC
2025-04-03 14:26:00+05:30,407.75,407.8,407.45,407.55,19405,ITC
2025-04-03 14:27:00+05:30,407.6,407.9,407.55,407.55,14473,ITC
2025-04-03 14:28:00+05:30,407.55,407.95,407.55,407.85,30397,ITC
2025-04-03 14:29:00+05:30,407.95,408.0,407.8,407.9,12437,ITC
2025-04-03 14:30:00+05:30,407.9,408.0,407.75,408.0,10639,ITC
2025-04-03 14:31:00+05:30,407.85,408.0,407.6,407.65,14415,ITC
2025-04-03 14:32:00+05:30,407.7,407.85,407.5,407.8,14927,ITC
2025-04-03 14:33:00+05:30,407.6,407.95,407.6,407.8,14194,ITC
2025-04-03 14:34:00+05:30,407.95,408.0,407.65,407.65,31684,ITC
2025-04-03 14:35:00+05:30,407.9,408.0,407.65,407.8,11318,ITC
2025-04-03 14:36:00+05:30,407.75,408.0,407.75,407.75,13582,ITC
2025-04-03 14:37:00+05:30,407.9,407.95,407.6,407.65,12215,ITC
2025-04-03 14:38:00+05:30,407.75,407.95,407.65,407.7,12344,ITC
2025-04-03 14:39:00+05:30,407.7,407.9,407.5,407.6,38263,ITC
2025-04-03 14:40:00+05:30,407.6,407.95,407.55,407.9,13389,ITC
2025-04-03 14:41:00+05:30,407.7,408.0,407.7,407.85,15862,ITC
2025-04-03 14:42:00+05:30,408.0,408.0,407.8,407.8,13643,ITC
2025-04-03 14:43:00+05:30,407.9,408.05,407.5,407.65,92244,ITC
2025-04-03 14:44:00+05:30,407.6,408.0,407.55,407.85,15686,ITC
2025-04-03 14:45:00+05:30,407.95,408.0,407.75,407.95,13170,ITC
2025-04-03 14:46:00+05:30,407.95,408.3,407.85,408.1,17416,ITC
2025-04-03 14:47:00+05:30,408.3,408.3,407.9,408.0,13588,ITC
2025-04-03 14:48:00+05:30,408.0,408.2,407.9,408.1,10491,ITC
2025-04-03 14:49:00+05:30,408.1,408.2,407.95,408.2,10454,ITC
2025-04-03 14:50:00+05:30,408.2,408.3,408.0,408.0,29593,ITC
2025-04-03 14:51:00+05:30,408.1,408.3,408.0,408.25,16927,ITC
2025-04-03 14:52:00+05:30,408.25,408.25,408.05,408.1,12819,ITC
2025-04-03 14:53:00+05:30,408.15,408.25,408.1,408.15,12632,ITC
2025-04-03 14:54:00+05:30,408.15,408.25,408.05,408.2,15727,ITC
2025-04-03 14:55:00+05:30,408.2,408.4,408.1,408.3,22413,ITC
2025-04-03 14:56:00+05:30,408.3,408.75,408.2,408.75,35675,ITC
2025-04-03 14:57:00+05:30,408.75,408.8,408.5,408.75,20309,ITC
2025-04-03 14:58:00+05:30,408.75,408.85,408.7,408.8,17770,ITC
2025-04-03 14:59:00+05:30,408.8,408.95,408.7,408.75,12249,ITC
2025-04-03 15:00:00+05:30,408.8,409.2,408.75,409.1,59117,ITC
2025-04-03 15:01:00+05:30,409.1,409.6,409.0,409.55,54674,ITC
2025-04-03 15:02:00+05:30,409.55,409.85,409.5,409.75,34661,ITC
2025-04-03 15:03:00+05:30,409.8,409.8,409.7,409.75,39805,ITC
2025-04-03 15:04:00+05:30,409.75,409.9,409.5,409.5,59750,ITC
2025-04-03 15:05:00+05:30,409.55,409.65,409.45,409.55,101341,ITC
2025-04-03 15:06:00+05:30,409.55,409.9,409.45,409.85,47029,ITC
2025-04-03 15:07:00+05:30,409.85,409.95,409.75,409.85,50430,ITC
2025-04-03 15:08:00+05:30,409.9,410.0,409.85,409.95,49003,ITC
2025-04-03 15:09:00+05:30,409.95,410.0,409.8,410.0,47411,ITC
2025-04-03 15:10:00+05:30,410.0,410.0,409.75,409.9,41016,ITC
2025-04-03 15:11:00+05:30,409.9,409.95,409.75,409.8,47714,ITC
2025-04-03 15:12:00+05:30,409.8,409.9,409.65,409.7,31366,ITC
2025-04-03 15:13:00+05:30,409.7,409.75,409.35,409.5,34140,ITC
2025-04-03 15:14:00+05:30,409.55,409.65,409.5,409.6,35789,ITC
2025-04-03 15:15:00+05:30,409.6,409.65,409.4,409.5,62074,ITC
2025-04-03 15:16:00+05:30,409.5,409.5,409.2,409.35,35475,ITC
2025-04-03 15:17:00+05:30,409.35,409.45,409.1,409.2,39016,ITC
2025-04-03 15:18:00+05:30,409.3,409.3,409.2,409.3,46929,ITC
2025-04-03 15:19:00+05:30,409.3,409.4,409.2,409.35,50042,ITC
2025-04-03 15:20:00+05:30,409.3,409.3,408.5,408.85,79503,ITC
2025-04-03 15:21:00+05:30,408.85,409.15,408.8,409.1,36500,ITC
2025-04-03 15:22:00+05:30,409.1,409.15,409.05,409.1,52189,ITC
2025-04-03 15:23:00+05:30,409.1,409.15,409.0,409.15,36168,ITC
2025-04-03 15:24:00+05:30,409.15,409.2,409.0,409.05,60309,ITC
2025-04-03 15:25:00+05:30,409.0,409.05,408.9,408.95,56769,ITC
2025-04-03 15:26:00+05:30,408.95,409.05,408.9,409.0,35374,ITC
2025-04-03 15:27:00+05:30,409.0,409.25,408.95,409.05,44385,ITC
2025-04-03 15:28:00+05:30,409.0,409.3,408.7,408.95,48130,ITC
2025-04-03 15:29:00+05:30,408.95,409.0,408.65,409.0,17876,ITC
2025-04-04 09:15:00+05:30,407.5,408.75,406.25,406.25,117515,ITC
2025-04-04 09:16:00+05:30,406.5,406.5,405.25,405.8,91847,ITC
2025-04-04 09:17:00+05:30,405.9,406.2,405.05,405.05,58837,ITC
2025-04-04 09:18:00+05:30,405.2,405.45,404.75,404.8,107717,ITC
2025-04-04 09:19:00+05:30,404.9,405.45,404.9,405.4,33830,ITC
2025-04-04 09:20:00+05:30,405.4,405.45,405.0,405.2,166481,ITC
2025-04-04 09:21:00+05:30,405.25,405.3,404.5,404.9,60282,ITC
2025-04-04 09:22:00+05:30,404.75,405.9,404.75,405.6,27475,ITC
2025-04-04 09:23:00+05:30,405.65,405.85,405.55,405.8,24056,ITC
2025-04-04 09:24:00+05:30,405.8,405.85,405.55,405.85,26927,ITC
2025-04-04 09:25:00+05:30,405.8,406.35,405.75,406.1,31655,ITC
2025-04-04 09:26:00+05:30,406.05,406.25,405.9,405.95,25997,ITC
2025-04-04 09:27:00+05:30,406.0,406.5,405.65,405.95,29030,ITC
2025-04-04 09:28:00+05:30,405.95,406.6,405.65,406.6,27531,ITC
2025-04-04 09:29:00+05:30,406.6,406.8,406.2,406.45,44394,ITC
2025-04-04 09:30:00+05:30,406.45,406.9,406.35,406.45,33587,ITC
2025-04-04 09:31:00+05:30,406.7,406.9,406.3,406.55,20444,ITC
2025-04-04 09:32:00+05:30,406.55,406.6,406.2,406.4,18183,ITC
2025-04-04 09:33:00+05:30,406.4,406.9,406.25,406.85,19225,ITC
2025-04-04 09:34:00+05:30,406.85,407.45,406.75,407.4,64220,ITC
2025-04-04 09:35:00+05:30,407.4,407.55,406.8,407.0,32673,ITC
2025-04-04 09:36:00+05:30,406.85,407.65,406.75,407.4,48930,ITC
2025-04-04 09:37:00+05:30,407.6,407.65,407.05,407.3,57586,ITC
2025-04-04 09:38:00+05:30,407.3,407.5,407.0,407.2,27840,ITC
2025-04-04 09:39:00+05:30,407.2,407.7,407.05,407.7,26574,ITC
2025-04-04 09:40:00+05:30,407.7,407.75,407.15,407.7,34344,ITC
2025-04-04 09:41:00+05:30,407.7,407.7,407.4,407.55,17789,ITC
2025-04-04 09:42:00+05:30,407.55,407.8,407.5,407.6,18858,ITC
2025-04-04 09:43:00+05:30,407.5,407.9,407.45,407.8,13437,ITC
2025-04-04 09:44:00+05:30,407.9,407.9,407.3,407.45,25638,ITC
2025-04-04 09:45:00+05:30,407.45,407.75,407.3,407.7,25795,ITC
2025-04-04 09:46:00+05:30,407.7,407.75,407.5,407.7,9794,ITC
2025-04-04 09:47:00+05:30,407.65,407.85,407.4,407.85,28823,ITC
2025-04-04 09:48:00+05:30,407.9,408.25,407.75,408.2,44821,ITC
2025-04-04 09:49:00+05:30,408.2,408.5,407.95,408.3,35740,ITC
2025-04-04 09:50:00+05:30,408.35,408.5,408.0,408.15,20138,ITC
2025-04-04 09:51:00+05:30,408.15,408.15,407.55,407.8,44254,ITC
2025-04-04 09:52:00+05:30,407.8,408.0,407.55,408.0,18878,ITC
2025-04-04 09:53:00+05:30,407.95,408.3,407.95,408.15,23522,ITC
2025-04-04 09:54:00+05:30,408.15,408.4,408.15,408.3,20478,ITC
2025-04-04 09:55:00+05:30,408.3,408.85,408.3,408.85,33221,ITC
2025-04-04 09:56:00+05:30,408.65,409.7,408.65,409.25,66222,ITC
2025-04-04 09:57:00+05:30,409.25,410.0,409.05,409.75,243511,ITC
2025-04-04 09:58:00+05:30,409.7,409.8,409.2,409.4,31289,ITC
2025-04-04 09:59:00+05:30,409.4,409.9,409.35,409.65,111347,ITC
2025-04-04 10:00:00+05:30,409.8,410.65,409.65,409.8,585941,ITC
2025-04-04 10:01:00+05:30,409.8,410.6,409.65,410.25,79840,ITC
2025-04-04 10:02:00+05:30,410.25,410.25,409.55,409.7,549231,ITC
2025-04-04 10:03:00+05:30,409.7,409.7,409.25,409.35,61199,ITC
2025-04-04 10:04:00+05:30,409.3,409.4,409.1,409.15,23697,ITC
2025-04-04 10:05:00+05:30,409.1,409.45,409.05,409.2,30206,ITC
2025-04-04 10:06:00+05:30,409.2,409.25,408.5,408.8,39339,ITC
2025-04-04 10:07:00+05:30,408.7,408.8,408.5,408.55,25225,ITC
2025-04-04 10:08:00+05:30,408.55,408.75,408.45,408.55,28343,ITC
2025-04-04 10:09:00+05:30,408.65,408.75,408.45,408.7,25057,ITC
2025-04-04 10:10:00+05:30,408.7,409.75,408.55,409.75,32458,ITC
2025-04-04 10:11:00+05:30,409.75,409.8,409.55,409.55,40307,ITC
2025-04-04 10:12:00+05:30,409.55,409.7,409.25,409.3,18004,ITC
2025-04-04 10:13:00+05:30,409.4,409.7,409.3,409.4,27764,ITC
2025-04-04 10:14:00+05:30,409.45,409.45,409.0,409.1,26168,ITC
2025-04-04 10:15:00+05:30,409.1,409.5,408.9,409.3,23511,ITC
2025-04-04 10:16:00+05:30,409.3,409.3,409.05,409.25,20346,ITC
2025-04-04 10:17:00+05:30,409.2,409.4,409.05,409.4,18508,ITC
2025-04-04 10:18:00+05:30,409.4,409.75,409.3,409.65,30258,ITC
2025-04-04 10:19:00+05:30,409.75,409.9,409.65,409.85,15027,ITC
2025-04-04 10:20:00+05:30,409.85,409.9,409.75,409.9,12709,ITC
2025-04-04 10:21:00+05:30,409.85,409.85,409.4,409.5,42098,ITC
2025-04-04 10:22:00+05:30,409.5,409.65,409.4,409.45,11556,ITC
2025-04-04 10:23:00+05:30,409.5,409.5,409.15,409.4,23323,ITC
2025-04-04 10:24:00+05:30,409.4,409.75,409.2,409.75,25663,ITC
2025-04-04 10:25:00+05:30,409.75,409.75,409.55,409.6,13882,ITC
2025-04-04 10:26:00+05:30,409.7,409.75,409.6,409.75,12895,ITC
2025-04-04 10:27:00+05:30,409.7,409.75,409.65,409.7,17200,ITC
2025-04-04 10:28:00+05:30,409.75,409.75,409.65,409.75,14841,ITC
2025-04-04 10:29:00+05:30,409.75,410.0,409.7,410.0,59464,ITC
2025-04-04 10:30:00+05:30,410.0,410.0,409.25,409.25,45155,ITC
2025-04-04 10:31:00+05:30,409.3,409.4,409.2,409.25,22302,ITC
2025-04-04 10:32:00+05:30,409.2,409.25,408.5,408.65,36525,ITC
2025-04-04 10:33:00+05:30,408.65,409.15,408.55,409.1,14718,ITC
2025-04-04 10:34:00+05:30,409.1,409.1,408.75,408.8,17056,ITC
2025-04-04 10:35:00+05:30,408.8,408.85,408.5,408.65,27181,ITC
2025-04-04 10:36:00+05:30,408.7,408.9,408.6,408.65,16891,ITC
2025-04-04 10:37:00+05:30,408.65,409.0,408.6,408.9,19164,ITC
2025-04-04 10:38:00+05:30,408.9,409.0,408.75,408.9,22178,ITC
2025-04-04 10:39:00+05:30,408.9,408.9,408.65,408.8,11343,ITC
2025-04-04 10:40:00+05:30,408.8,409.0,408.65,409.0,9314,ITC
2025-04-04 10:41:00+05:30,409.0,409.0,408.95,408.95,11482,ITC
2025-04-04 10:42:00+05:30,409.0,409.0,408.8,408.95,11475,ITC
2025-04-04 10:43:00+05:30,408.95,409.0,408.85,408.95,7957,ITC
2025-04-04 10:44:00+05:30,409.0,409.0,408.55,408.7,27383,ITC
2025-04-04 10:45:00+05:30,408.55,408.9,408.35,408.85,23196,ITC
2025-04-04 10:46:00+05:30,408.85,409.0,408.7,409.0,9091,ITC
2025-04-04 10:47:00+05:30,409.0,409.1,408.95,409.1,17885,ITC
2025-04-04 10:48:00+05:30,409.1,409.3,409.0,409.05,30053,ITC
2025-04-04 10:49:00+05:30,409.05,409.1,408.7,408.95,17979,ITC
2025-04-04 10:50:00+05:30,408.95,409.15,408.8,409.1,24224,ITC
2025-04-04 10:51:00+05:30,409.1,409.15,408.85,408.95,21083,ITC
2025-04-04 10:52:00+05:30,408.95,409.15,408.9,409.1,25784,ITC
2025-04-04 10:53:00+05:30,409.1,409.2,408.9,409.2,49635,ITC
2025-04-04 10:54:00+05:30,409.2,409.9,409.15,409.55,72466,ITC
2025-04-04 10:55:00+05:30,409.7,410.0,409.25,410.0,108345,ITC
2025-04-04 10:56:00+05:30,410.0,410.0,409.75,409.75,15329,ITC
2025-04-04 10:57:00+05:30,409.9,409.95,409.7,409.85,11667,ITC
2025-04-04 10:58:00+05:30,409.85,410.0,409.75,409.95,19811,ITC
2025-04-04 10:59:00+05:30,409.85,410.15,409.75,410.0,881304,ITC
2025-04-04 11:00:00+05:30,410.0,411.7,409.95,411.65,164088,ITC
2025-04-04 11:01:00+05:30,411.65,412.8,411.65,412.8,152286,ITC
2025-04-04 11:02:00+05:30,412.8,412.8,412.15,412.5,60932,ITC
2025-04-04 11:03:00+05:30,412.45,412.7,412.05,412.4,56340,ITC
2025-04-04 11:04:00+05:30,412.45,412.55,411.6,411.85,72468,ITC
2025-04-04 11:05:00+05:30,411.65,411.85,411.4,411.6,49018,ITC
2025-04-04 11:06:00+05:30,411.6,412.2,411.55,411.9,71934,ITC
2025-04-04 11:07:00+05:30,411.9,411.95,411.65,411.9,29798,ITC
2025-04-04 11:08:00+05:30,411.85,412.3,411.75,412.3,55212,ITC
2025-04-04 11:09:00+05:30,412.3,412.8,412.05,412.45,81335,ITC
2025-04-04 11:10:00+05:30,412.55,412.8,412.35,412.7,47400,ITC
2025-04-04 11:11:00+05:30,412.75,412.8,412.5,412.7,38691,ITC
2025-04-04 11:12:00+05:30,412.75,412.75,412.25,412.35,27581,ITC
2025-04-04 11:13:00+05:30,412.5,412.5,411.5,411.55,54818,ITC
2025-04-04 11:14:00+05:30,411.75,411.8,411.1,411.1,64817,ITC
2025-04-04 11:15:00+05:30,411.3,411.35,410.85,411.05,41127,ITC
2025-04-04 11:16:00+05:30,411.05,411.05,410.05,410.35,54265,ITC
2025-04-04 11:17:00+05:30,410.5,410.7,410.3,410.6,24582,ITC
2025-04-04 11:18:00+05:30,410.45,410.75,410.35,410.35,33712,ITC
2025-04-04 11:19:00+05:30,410.45,410.45,409.8,409.8,41090,ITC
2025-04-04 11:20:00+05:30,409.9,410.1,409.7,410.05,20416,ITC
2025-04-04 11:21:00+05:30,410.05,410.15,409.9,410.15,16815,ITC
2025-04-04 11:22:00+05:30,410.15,410.2,410.1,410.15,9055,ITC
2025-04-04 11:23:00+05:30,410.2,410.5,409.7,409.7,1110809,ITC
2025-04-04 11:24:00+05:30,409.7,409.75,409.05,409.05,30477,ITC
2025-04-04 11:25:00+05:30,409.05,409.65,409.0,409.5,38830,ITC
2025-04-04 11:26:00+05:30,409.5,409.5,409.2,409.3,19643,ITC
2025-04-04 11:27:00+05:30,409.45,409.6,409.3,409.35,15299,ITC
2025-04-04 11:28:00+05:30,409.5,409.55,409.2,409.4,17966,ITC
2025-04-04 11:29:00+05:30,409.5,409.7,409.3,409.35,24185,ITC
2025-04-04 11:30:00+05:30,409.4,409.8,409.35,409.65,5552,ITC
2025-04-04 11:31:00+05:30,409.8,409.8,409.25,409.6,50141,ITC
2025-04-04 11:32:00+05:30,409.4,409.6,409.4,409.5,5030,ITC
2025-04-04 11:33:00+05:30,409.6,409.6,409.35,409.4,15243,ITC
2025-04-04 11:34:00+05:30,409.6,409.6,409.1,409.3,24961,ITC
2025-04-04 11:35:00+05:30,409.3,409.3,409.0,409.0,45916,ITC
2025-04-04 11:36:00+05:30,409.05,409.05,408.75,408.9,55913,ITC
2025-04-04 11:37:00+05:30,408.9,409.0,408.55,408.9,33577,ITC
2025-04-04 11:38:00+05:30,408.9,409.0,408.6,408.8,57324,ITC
2025-04-04 11:39:00+05:30,408.85,408.95,408.75,408.8,25228,ITC
2025-04-04 11:40:00+05:30,408.8,409.0,408.55,408.85,132202,ITC
2025-04-04 11:41:00+05:30,408.85,408.95,408.8,408.9,18919,ITC
2025-04-04 11:42:00+05:30,408.95,409.25,408.85,409.1,47702,ITC
2025-04-04 11:43:00+05:30,409.0,409.8,409.0,409.55,40116,ITC
2025-04-04 11:44:00+05:30,409.6,409.65,409.35,409.45,18451,ITC
2025-04-04 11:45:00+05:30,409.5,409.5,409.1,409.2,16992,ITC
2025-04-04 11:46:00+05:30,409.25,409.5,409.05,409.05,15983,ITC
2025-04-04 11:47:00+05:30,409.15,409.4,409.0,409.4,25750,ITC
2025-04-04 11:48:00+05:30,409.4,409.65,409.25,409.5,17233,ITC
2025-04-04 11:49:00+05:30,409.5,410.0,409.45,409.9,22884,ITC
2025-04-04 11:50:00+05:30,409.95,410.0,409.8,410.0,25781,ITC
2025-04-04 11:51:00+05:30,410.0,410.0,409.85,409.9,26671,ITC
2025-04-04 11:52:00+05:30,409.95,409.95,409.15,409.3,25486,ITC
2025-04-04 11:53:00+05:30,409.5,409.8,409.25,409.6,26131,ITC
2025-04-04 11:54:00+05:30,409.7,410.0,409.6,410.0,38366,ITC
2025-04-04 11:55:00+05:30,410.0,410.1,409.45,409.65,100720,ITC
2025-04-04 11:56:00+05:30,409.65,409.95,409.5,409.8,19125,ITC
2025-04-04 11:57:00+05:30,409.8,409.9,409.5,409.5,38073,ITC
2025-04-04 11:58:00+05:30,409.6,410.0,409.4,409.7,40741,ITC
2025-04-04 11:59:00+05:30,409.7,410.0,409.6,409.6,21492,ITC
2025-04-04 12:00:00+05:30,409.75,409.85,409.55,409.6,11140,ITC
2025-04-04 12:01:00+05:30,409.6,409.75,409.45,409.5,19137,ITC
2025-04-04 12:02:00+05:30,409.5,409.5,409.25,409.3,26673,ITC
2025-04-04 12:03:00+05:30,409.4,409.45,409.25,409.3,27760,ITC
2025-04-04 12:04:00+05:30,409.3,409.7,409.3,409.5,28812,ITC
2025-04-04 12:05:00+05:30,409.7,410.0,409.5,409.75,43589,ITC
2025-04-04 12:06:00+05:30,409.85,409.85,409.5,409.6,25509,ITC
2025-04-04 12:07:00+05:30,409.65,410.0,409.65,409.85,16143,ITC
2025-04-04 12:08:00+05:30,410.0,410.0,409.6,409.95,29324,ITC
2025-04-04 12:09:00+05:30,409.8,410.0,409.8,409.9,20121,ITC
2025-04-04 12:10:00+05:30,409.9,409.9,409.65,409.65,26195,ITC
2025-04-04 12:11:00+05:30,409.8,409.8,409.55,409.55,26098,ITC
2025-04-04 12:12:00+05:30,409.7,409.75,409.5,409.6,16800,ITC
2025-04-04 12:13:00+05:30,409.6,409.7,409.5,409.55,15067,ITC
2025-04-04 12:14:00+05:30,409.6,409.75,409.5,409.6,32807,ITC
2025-04-04 12:15:00+05:30,409.55,409.85,409.55,409.65,19060,ITC
2025-04-04 12:16:00+05:30,409.75,409.8,409.65,409.75,19666,ITC
2025-04-04 12:17:00+05:30,409.75,409.95,409.75,409.8,15275,ITC
2025-04-04 12:18:00+05:30,409.9,410.0,409.8,409.85,23116,ITC
2025-04-04 12:19:00+05:30,409.9,410.0,409.85,409.9,19037,ITC
2025-04-04 12:20:00+05:30,409.95,410.0,409.8,409.85,44906,ITC
2025-04-04 12:21:00+05:30,409.95,410.0,409.8,409.8,21412,ITC
2025-04-04 12:22:00+05:30,409.95,410.0,409.75,409.9,18578,ITC
2025-04-04 12:23:00+05:30,409.95,410.0,409.7,409.7,16357,ITC
2025-04-04 12:24:00+05:30,409.9,409.95,409.65,409.8,17645,ITC
2025-04-04 12:25:00+05:30,409.7,409.8,409.55,409.6,17972,ITC
2025-04-04 12:26:00+05:30,409.6,409.75,409.5,409.65,26499,ITC
2025-04-04 12:27:00+05:30,409.7,409.85,409.65,409.7,18239,ITC
2025-04-04 12:28:00+05:30,409.65,409.75,409.5,409.5,30707,ITC
2025-04-04 12:29:00+05:30,409.55,409.65,409.35,409.35,19879,ITC
2025-04-04 12:30:00+05:30,409.5,409.7,409.3,409.3,29611,ITC
2025-04-04 12:31:00+05:30,409.5,409.6,409.25,409.4,41976,ITC
2025-04-04 12:32:00+05:30,409.5,409.55,409.2,409.4,26496,ITC
2025-04-04 12:33:00+05:30,409.55,409.6,409.3,409.55,21405,ITC
2025-04-04 12:34:00+05:30,409.55,409.65,409.2,409.25,20569,ITC
2025-04-04 12:35:00+05:30,409.45,409.45,409.05,409.1,27896,ITC
2025-04-04 12:36:00+05:30,409.25,409.4,408.75,408.9,41234,ITC
2025-04-04 12:37:00+05:30,408.9,409.3,408.8,409.0,40586,ITC
2025-04-04 12:38:00+05:30,409.0,409.3,408.95,409.0,21621,ITC
2025-04-04 12:39:00+05:30,409.15,409.2,409.0,409.05,21331,ITC
2025-04-04 12:40:00+05:30,409.15,409.15,408.9,409.0,25646,ITC
2025-04-04 12:41:00+05:30,409.15,409.15,408.8,409.0,15497,ITC
2025-04-04 12:42:00+05:30,409.0,409.0,408.8,408.95,21357,ITC
2025-04-04 12:43:00+05:30,408.95,409.0,408.8,409.0,15622,ITC
2025-04-04 12:44:00+05:30,409.0,409.1,408.75,408.95,37891,ITC
2025-04-04 12:45:00+05:30,408.8,408.95,408.75,408.8,23524,ITC
2025-04-04 12:46:00+05:30,408.85,409.0,408.75,408.8,28226,ITC
2025-04-04 12:47:00+05:30,408.9,409.0,408.7,408.8,43658,ITC
2025-04-04 12:48:00+05:30,408.9,408.95,408.6,408.8,60833,ITC
2025-04-04 12:49:00+05:30,408.95,408.95,408.7,408.8,44456,ITC
2025-04-04 12:50:00+05:30,408.9,408.9,408.5,408.8,50629,ITC
2025-04-04 12:51:00+05:30,408.85,409.15,408.65,409.05,28157,ITC
2025-04-04 12:52:00+05:30,409.2,409.3,408.9,408.9,25373,ITC
2025-04-04 12:53:00+05:30,408.9,409.25,408.9,409.1,20634,ITC
2025-04-04 12:54:00+05:30,409.1,409.4,408.95,409.15,18011,ITC
2025-04-04 12:55:00+05:30,409.35,409.35,408.8,408.9,28542,ITC
2025-04-04 12:56:00+05:30,408.9,409.25,408.85,409.0,23104,ITC
2025-04-04 12:57:00+05:30,409.2,409.3,408.85,409.2,35080,ITC
2025-04-04 12:58:00+05:30,409.2,409.2,408.8,408.9,26508,ITC
2025-04-04 12:59:00+05:30,409.1,409.2,408.9,408.95,17152,ITC
2025-04-04 13:00:00+05:30,409.15,409.35,408.85,409.05,31185,ITC
2025-04-04 13:01:00+05:30,409.05,409.4,409.05,409.05,22438,ITC
2025-04-04 13:02:00+05:30,409.25,409.3,409.0,409.0,20372,ITC
2025-04-04 13:03:00+05:30,409.2,409.2,408.95,409.2,24670,ITC
2025-04-04 13:04:00+05:30,409.2,409.45,409.0,409.2,29659,ITC
2025-04-04 13:05:00+05:30,409.4,409.45,409.1,409.35,24579,ITC
2025-04-04 13:06:00+05:30,409.35,409.5,409.05,409.3,24826,ITC
2025-04-04 13:07:00+05:30,409.5,409.5,409.3,409.45,16604,ITC
2025-04-04 13:08:00+05:30,409.5,409.65,409.2,409.4,31599,ITC
2025-04-04 13:09:00+05:30,409.2,409.45,409.2,409.45,15715,ITC
2025-04-04 13:10:00+05:30,409.45,409.45,409.2,409.4,20829,ITC
2025-04-04 13:11:00+05:30,409.45,409.5,409.2,409.25,21852,ITC
2025-04-04 13:12:00+05:30,409.45,409.6,409.25,409.4,20615,ITC
2025-04-04 13:13:00+05:30,409.45,409.55,409.2,409.2,21860,ITC
2025-04-04 13:14:00+05:30,409.4,409.4,409.0,409.05,81747,ITC
2025-04-04 13:15:00+05:30,409.1,409.35,409.0,409.2,30770,ITC
2025-04-04 13:16:00+05:30,409.3,409.6,409.2,409.4,12058,ITC
2025-04-04 13:17:00+05:30,409.5,409.75,409.5,409.55,12295,ITC
2025-04-04 13:18:00+05:30,409.7,409.7,409.25,409.4,38082,ITC
2025-04-04 13:19:00+05:30,409.55,409.65,409.4,409.4,14660,ITC
2025-04-04 13:20:00+05:30,409.6,409.7,409.4,409.4,10904,ITC
2025-04-04 13:21:00+05:30,409.5,409.65,409.4,409.45,13912,ITC
2025-04-04 13:22:00+05:30,409.55,409.6,409.1,409.2,50447,ITC
2025-04-04 13:23:00+05:30,409.2,409.55,409.1,409.4,20267,ITC
2025-04-04 13:24:00+05:30,409.55,409.7,409.4,409.6,12830,ITC
2025-04-04 13:25:00+05:30,409.45,409.65,409.45,409.45,15885,ITC
2025-04-04 13:26:00+05:30,409.6,409.95,409.05,409.1,186760,ITC
2025-04-04 13:27:00+05:30,409.3,409.6,409.05,409.55,41038,ITC
2025-04-04 13:28:00+05:30,409.55,409.6,409.4,409.5,14104,ITC
2025-04-04 13:29:00+05:30,409.5,409.5,409.4,409.4,11273,ITC
2025-04-04 13:30:00+05:30,409.5,409.7,409.3,409.35,35839,ITC
2025-04-04 13:31:00+05:30,409.4,409.7,409.35,409.6,16881,ITC
2025-04-04 13:32:00+05:30,409.65,409.8,409.55,409.55,16975,ITC
2025-04-04 13:33:00+05:30,409.75,409.95,409.55,409.7,52685,ITC
2025-04-04 13:34:00+05:30,409.85,410.0,409.65,409.9,33552,ITC
2025-04-04 13:35:00+05:30,410.0,410.0,409.45,409.6,23821,ITC
2025-04-04 13:36:00+05:30,409.6,409.75,409.35,409.35,42977,ITC
2025-04-04 13:37:00+05:30,409.45,409.45,409.15,409.45,23100,ITC
2025-04-04 13:38:00+05:30,409.3,409.7,409.2,409.7,22390,ITC
2025-04-04 13:39:00+05:30,409.7,409.95,409.5,409.75,15823,ITC
2025-04-04 13:40:00+05:30,409.95,410.0,409.75,409.9,20210,ITC
2025-04-04 13:41:00+05:30,409.9,410.0,409.75,409.75,16515,ITC
2025-04-04 13:42:00+05:30,409.9,409.95,409.75,409.75,15725,ITC
2025-04-04 13:43:00+05:30,409.85,409.9,409.5,409.5,26984,ITC
2025-04-04 13:44:00+05:30,409.55,409.65,409.2,409.25,101930,ITC
2025-04-04 13:45:00+05:30,409.35,409.5,409.15,409.15,39522,ITC
2025-04-04 13:46:00+05:30,409.15,409.25,408.6,408.65,45220,ITC
2025-04-04 13:47:00+05:30,408.65,409.1,408.55,408.8,37255,ITC
2025-04-04 13:48:00+05:30,408.85,409.15,408.8,409.1,24860,ITC
2025-04-04 13:49:00+05:30,409.0,409.2,408.8,408.95,24806,ITC
2025-04-04 13:50:00+05:30,408.85,409.0,408.8,408.85,13458,ITC
2025-04-04 13:51:00+05:30,408.85,408.95,408.55,408.9,33177,ITC
2025-04-04 13:52:00+05:30,408.85,408.9,408.65,408.85,16797,ITC
2025-04-04 13:53:00+05:30,408.85,408.95,408.65,408.95,17502,ITC
2025-04-04 13:54:00+05:30,408.85,409.0,408.6,408.85,32344,ITC
2025-04-04 13:55:00+05:30,408.85,408.9,408.55,408.6,33798,ITC
2025-04-04 13:56:00+05:30,408.75,408.95,408.55,408.9,24437,ITC
2025-04-04 13:57:00+05:30,408.9,408.9,408.45,408.7,31458,ITC
2025-04-04 13:58:00+05:30,408.5,408.75,408.35,408.4,30303,ITC
2025-04-04 13:59:00+05:30,408.55,408.65,408.15,408.25,30183,ITC
2025-04-04 14:00:00+05:30,408.4,408.8,408.25,408.65,47261,ITC
2025-04-04 14:01:00+05:30,408.7,408.8,408.5,408.7,30234,ITC
2025-04-04 14:02:00+05:30,408.75,408.85,408.5,408.75,27360,ITC
2025-04-04 14:03:00+05:30,408.75,408.8,408.5,408.5,31667,ITC
2025-04-04 14:04:00+05:30,408.65,408.75,408.5,408.5,25916,ITC
2025-04-04 14:05:00+05:30,408.6,408.75,408.5,408.5,32891,ITC
2025-04-04 14:06:00+05:30,408.65,408.8,408.5,408.5,31169,ITC
2025-04-04 14:07:00+05:30,408.7,408.85,408.5,408.7,24699,ITC
2025-04-04 14:08:00+05:30,408.7,408.9,408.5,408.65,41816,ITC
2025-04-04 14:09:00+05:30,408.85,409.0,408.65,408.75,27205,ITC
2025-04-04 14:10:00+05:30,408.95,409.05,408.8,409.0,26593,ITC
2025-04-04 14:11:00+05:30,409.0,409.35,408.85,409.05,27153,ITC
2025-04-04 14:12:00+05:30,409.1,409.2,408.8,409.15,43715,ITC
2025-04-04 14:13:00+05:30,409.0,409.15,408.85,409.0,23689,ITC
2025-04-04 14:14:00+05:30,409.1,409.35,408.85,409.0,31931,ITC
2025-04-04 14:15:00+05:30,409.05,409.2,408.9,409.0,23046,ITC
2025-04-04 14:16:00+05:30,409.1,409.15,408.8,408.8,31794,ITC
2025-04-04 14:17:00+05:30,409.0,409.1,408.8,409.0,37134,ITC
2025-04-04 14:18:00+05:30,409.1,409.4,408.85,409.25,46009,ITC
2025-04-04 14:19:00+05:30,409.25,409.35,409.0,409.15,17732,ITC
2025-04-04 14:20:00+05:30,409.2,409.35,409.0,409.1,26046,ITC
2025-04-04 14:21:00+05:30,409.25,409.4,409.0,409.2,19775,ITC
2025-04-04 14:22:00+05:30,409.2,409.45,409.05,409.3,17272,ITC
2025-04-04 14:23:00+05:30,409.2,409.45,409.15,409.2,12329,ITC
2025-04-04 14:24:00+05:30,409.35,409.4,409.2,409.3,12127,ITC
2025-04-04 14:25:00+05:30,409.3,409.45,409.1,409.2,16956,ITC
2025-04-04 14:26:00+05:30,409.4,409.4,409.2,409.2,16272,ITC
2025-04-04 14:27:00+05:30,409.4,409.4,409.2,409.2,21348,ITC
2025-04-04 14:28:00+05:30,409.2,409.4,409.2,409.25,16033,ITC
2025-04-04 14:29:00+05:30,409.4,409.6,409.25,409.3,26074,ITC
2025-04-04 14:30:00+05:30,409.5,409.55,409.25,409.4,25912,ITC
2025-04-04 14:31:00+05:30,409.3,409.45,409.25,409.35,17902,ITC
2025-04-04 14:32:00+05:30,409.35,409.55,409.25,409.35,42532,ITC
2025-04-04 14:33:00+05:30,409.35,409.7,409.35,409.45,46357,ITC
2025-04-04 14:34:00+05:30,409.65,409.75,409.4,409.45,63060,ITC
2025-04-04 14:35:00+05:30,409.65,409.7,409.4,409.45,66580,ITC
2025-04-04 14:36:00+05:30,409.65,409.7,409.3,409.65,59884,ITC
2025-04-04 14:37:00+05:30,409.65,409.7,409.35,409.5,55710,ITC
2025-04-04 14:38:00+05:30,409.5,409.75,409.4,409.5,59537,ITC
2025-04-04 14:39:00+05:30,409.65,409.75,409.35,409.45,65465,ITC
2025-04-04 14:40:00+05:30,409.55,409.7,409.35,409.4,67403,ITC
2025-04-04 14:41:00+05:30,409.55,409.75,409.4,409.45,55218,ITC
2025-04-04 14:42:00+05:30,409.5,409.75,409.4,409.45,71804,ITC
2025-04-04 14:43:00+05:30,409.65,409.75,409.4,409.65,69922,ITC
2025-04-04 14:44:00+05:30,409.65,409.75,409.4,409.45,72219,ITC
2025-04-04 14:45:00+05:30,409.7,409.75,409.4,409.65,67172,ITC
2025-04-04 14:46:00+05:30,409.65,409.8,409.45,409.5,140374,ITC
2025-04-04 14:47:00+05:30,409.7,409.95,409.45,409.45,220725,ITC
2025-04-04 14:48:00+05:30,409.55,410.0,409.4,409.8,446420,ITC
2025-04-04 14:49:00+05:30,409.8,410.0,409.6,409.75,80835,ITC
2025-04-04 14:50:00+05:30,409.7,410.0,409.7,409.75,75935,ITC
2025-04-04 14:51:00+05:30,410.0,410.0,409.45,409.55,62596,ITC
2025-04-04 14:52:00+05:30,409.75,409.85,409.3,409.3,66488,ITC
2025-04-04 14:53:00+05:30,409.55,409.8,409.3,409.75,67452,ITC
2025-04-04 14:54:00+05:30,409.75,409.9,409.5,409.5,67667,ITC
2025-04-04 14:55:00+05:30,409.75,410.0,409.5,409.6,82329,ITC
2025-04-04 14:56:00+05:30,409.75,410.0,409.6,409.65,62224,ITC
2025-04-04 14:57:00+05:30,409.85,409.95,409.55,409.7,66069,ITC
2025-04-04 14:58:00+05:30,409.9,410.0,409.55,409.85,85804,ITC
2025-04-04 14:59:00+05:30,409.85,410.0,409.65,409.85,49558,ITC
2025-04-04 15:00:00+05:30,409.95,410.0,409.7,409.75,77775,ITC
2025-04-04 15:01:00+05:30,409.8,410.0,409.75,410.0,68887,ITC
2025-04-04 15:02:00+05:30,409.9,410.0,409.7,409.75,62628,ITC
2025-04-04 15:03:00+05:30,409.8,410.0,409.65,409.75,164154,ITC
2025-04-04 15:04:00+05:30,409.8,410.0,409.75,409.75,45771,ITC
2025-04-04 15:05:00+05:30,409.8,410.0,409.7,409.9,51102,ITC
2025-04-04 15:06:00+05:30,409.8,410.0,409.6,409.65,58857,ITC
2025-04-04 15:07:00+05:30,409.75,409.95,409.6,409.9,47481,ITC
2025-04-04 15:08:00+05:30,409.9,409.95,409.55,409.6,61528,ITC
2025-04-04 15:09:00+05:30,409.7,409.95,409.55,409.6,52573,ITC
2025-04-04 15:10:00+05:30,409.7,409.9,409.5,409.5,84775,ITC
2025-04-04 15:11:00+05:30,409.7,409.9,409.3,409.3,64642,ITC
2025-04-04 15:12:00+05:30,409.4,409.9,409.35,409.55,68582,ITC
2025-04-04 15:13:00+05:30,409.65,409.9,409.5,409.7,56794,ITC
2025-04-04 15:14:00+05:30,409.7,409.9,409.5,409.55,64778,ITC
2025-04-04 15:15:00+05:30,409.65,409.85,409.4,409.45,95787,ITC
2025-04-04 15:16:00+05:30,409.65,409.9,409.4,409.6,101633,ITC
2025-04-04 15:17:00+05:30,409.75,409.9,409.55,409.6,68112,ITC
2025-04-04 15:18:00+05:30,409.75,409.9,409.5,409.5,88515,ITC
2025-04-04 15:19:00+05:30,409.5,409.8,409.5,409.55,81915,ITC
2025-04-04 15:20:00+05:30,409.55,409.9,409.35,409.45,141272,ITC
2025-04-04 15:21:00+05:30,409.5,409.9,409.35,409.75,78030,ITC
2025-04-04 15:22:00+05:30,409.55,409.95,409.55,409.8,51983,ITC
2025-04-04 15:23:00+05:30,409.8,409.85,409.55,409.6,48499,ITC
2025-04-04 15:24:00+05:30,409.8,410.0,409.6,409.65,131530,ITC
2025-04-04 15:25:00+05:30,409.85,410.05,409.25,409.3,310794,ITC
2025-04-04 15:26:00+05:30,409.3,409.55,409.0,409.35,86612,ITC
2025-04-04 15:27:00+05:30,409.25,409.95,409.25,409.4,98050,ITC
2025-04-04 15:28:00+05:30,409.65,410.05,409.0,409.25,262187,ITC
2025-04-04 15:29:00+05:30,409.25,409.85,409.25,409.3,33831,ITC
2025-04-07 09:15:00+05:30,390.15,402.0,390.15,401.7,344628,ITC
2025-04-07 09:16:00+05:30,401.35,403.55,398.9,399.8,286057,ITC
2025-04-07 09:17:00+05:30,399.75,401.4,398.0,398.3,140179,ITC
2025-04-07 09:18:00+05:30,398.0,398.5,396.3,397.5,139384,ITC
2025-04-07 09:19:00+05:30,397.8,398.45,396.9,397.55,119181,ITC
2025-04-07 09:20:00+05:30,397.55,397.7,396.4,397.7,51398,ITC
2025-04-07 09:21:00+05:30,397.75,402.35,397.6,401.9,157875,ITC
2025-04-07 09:22:00+05:30,402.05,402.65,400.55,400.95,155341,ITC
2025-04-07 09:23:00+05:30,400.95,401.95,400.7,401.1,155002,ITC
2025-04-07 09:24:00+05:30,401.1,401.95,400.6,401.5,203530,ITC
2025-04-07 09:25:00+05:30,401.55,402.35,401.1,402.05,133279,ITC
2025-04-07 09:26:00+05:30,402.35,402.8,401.55,402.1,145489,ITC
2025-04-07 09:27:00+05:30,402.2,403.3,402.1,402.65,151391,ITC
2025-04-07 09:28:00+05:30,402.6,404.85,402.4,404.3,378901,ITC
2025-04-07 09:29:00+05:30,404.3,404.55,403.2,403.6,109239,ITC
2025-04-07 09:30:00+05:30,403.6,405.65,403.3,405.55,160431,ITC
2025-04-07 09:31:00+05:30,405.55,407.0,404.95,406.5,153757,ITC
2025-04-07 09:32:00+05:30,406.5,407.35,406.1,406.55,187922,ITC
2025-04-07 09:33:00+05:30,406.55,407.3,406.0,407.25,174140,ITC
2025-04-07 09:34:00+05:30,407.25,407.9,407.0,407.15,108806,ITC
2025-04-07 09:35:00+05:30,407.05,407.7,405.7,406.35,144848,ITC
2025-04-07 09:36:00+05:30,406.35,406.8,405.5,405.9,130553,ITC
2025-04-07 09:37:00+05:30,405.9,406.95,405.65,406.65,99908,ITC
2025-04-07 09:38:00+05:30,406.95,407.0,406.0,406.2,86728,ITC
2025-04-07 09:39:00+05:30,406.2,406.3,404.15,404.6,95211,ITC
2025-04-07 09:40:00+05:30,404.45,405.45,403.85,404.4,113830,ITC
2025-04-07 09:41:00+05:30,404.55,405.0,403.1,403.55,116423,ITC
2025-04-07 09:42:00+05:30,403.55,403.55,402.5,403.0,84948,ITC
2025-04-07 09:43:00+05:30,402.85,403.1,402.15,402.45,38143,ITC
2025-04-07 09:44:00+05:30,402.4,403.75,402.35,403.35,54540,ITC
2025-04-07 09:45:00+05:30,403.65,403.7,402.3,402.5,39916,ITC
2025-04-07 09:46:00+05:30,402.3,402.85,402.15,402.3,56751,ITC
2025-04-07 09:47:00+05:30,402.45,403.25,402.25,402.85,63729,ITC
2025-04-07 09:48:00+05:30,402.95,403.65,402.65,403.1,59735,ITC
2025-04-07 09:49:00+05:30,403.1,403.6,402.75,403.4,44340,ITC
2025-04-07 09:50:00+05:30,403.5,403.55,402.55,402.8,32895,ITC
2025-04-07 09:51:00+05:30,402.7,403.05,402.2,402.5,30785,ITC
2025-04-07 09:52:00+05:30,402.35,403.9,402.05,403.65,72874,ITC
2025-04-07 09:53:00+05:30,403.5,403.75,403.2,403.3,21595,ITC
2025-04-07 09:54:00+05:30,403.45,403.8,402.85,403.35,31077,ITC
2025-04-07 09:55:00+05:30,403.5,403.7,402.65,402.75,22330,ITC
2025-04-07 09:56:00+05:30,402.9,403.3,402.5,402.9,82979,ITC
2025-04-07 09:57:00+05:30,402.9,403.1,401.7,403.1,110130,ITC
2025-04-07 09:58:00+05:30,403.1,403.2,402.0,402.05,44111,ITC
2025-04-07 09:59:00+05:30,402.1,402.2,401.55,401.95,235414,ITC
2025-04-07 10:00:00+05:30,401.95,401.95,401.3,401.5,101648,ITC
2025-04-07 10:01:00+05:30,401.5,402.05,401.35,401.6,78492,ITC
2025-04-07 10:02:00+05:30,401.6,401.85,401.2,401.45,165804,ITC
2025-04-07 10:03:00+05:30,401.4,402.05,401.25,401.5,99105,ITC
2025-04-07 10:04:00+05:30,401.7,402.4,401.5,402.15,51454,ITC
2025-04-07 10:05:00+05:30,402.15,402.5,401.35,401.5,56757,ITC
2025-04-07 10:06:00+05:30,401.65,402.0,401.4,401.8,48997,ITC
2025-04-07 10:07:00+05:30,401.8,401.85,401.5,401.65,43851,ITC
2025-04-07 10:08:00+05:30,401.65,401.9,401.5,401.8,20317,ITC
2025-04-07 10:09:00+05:30,401.75,401.85,401.2,401.55,114652,ITC
2025-04-07 10:10:00+05:30,401.6,402.1,401.35,401.8,54424,ITC
2025-04-07 10:11:00+05:30,401.9,402.05,401.5,401.85,60282,ITC
2025-04-07 10:12:00+05:30,401.85,401.9,400.8,401.05,142325,ITC
2025-04-07 10:13:00+05:30,401.05,401.2,400.5,400.65,98680,ITC
2025-04-07 10:14:00+05:30,400.65,400.9,400.35,400.7,69683,ITC
2025-04-07 10:15:00+05:30,400.7,401.55,400.5,401.5,55266,ITC
2025-04-07 10:16:00+05:30,401.5,402.15,401.35,401.65,93600,ITC
2025-04-07 10:17:00+05:30,401.65,401.9,401.1,401.85,76508,ITC
2025-04-07 10:18:00+05:30,401.85,402.4,401.7,401.9,30333,ITC
2025-04-07 10:19:00+05:30,402.0,402.75,401.85,402.6,35866,ITC
2025-04-07 10:20:00+05:30,402.6,403.4,402.6,403.05,46849,ITC
2025-04-07 10:21:00+05:30,403.05,403.35,402.45,402.7,48749,ITC
2025-04-07 10:22:00+05:30,402.5,402.85,402.3,402.5,25549,ITC
2025-04-07 10:23:00+05:30,402.5,402.6,402.05,402.25,22507,ITC
2025-04-07 10:24:00+05:30,402.25,402.35,401.9,401.9,28275,ITC
2025-04-07 10:25:00+05:30,402.05,402.1,401.5,401.75,29448,ITC
2025-04-07 10:26:00+05:30,401.75,402.0,401.55,401.65,18887,ITC
2025-04-07 10:27:00+05:30,401.85,402.2,401.6,402.0,42539,ITC
2025-04-07 10:28:00+05:30,402.0,402.65,401.9,402.3,32368,ITC
2025-04-07 10:29:00+05:30,402.3,402.75,402.0,402.75,21839,ITC
2025-04-07 10:30:00+05:30,402.55,402.8,402.2,402.35,38660,ITC
2025-04-07 10:31:00+05:30,402.55,402.7,402.15,402.3,18013,ITC
2025-04-07 10:32:00+05:30,402.5,402.8,402.2,402.55,27479,ITC
2025-04-07 10:33:00+05:30,402.55,402.55,402.05,402.05,14221,ITC
2025-04-07 10:34:00+05:30,402.05,402.3,401.9,402.0,36574,ITC
2025-04-07 10:35:00+05:30,402.0,402.2,401.5,402.0,16661,ITC
2025-04-07 10:36:00+05:30,402.0,402.15,401.85,401.85,12787,ITC
2025-04-07 10:37:00+05:30,401.9,402.05,401.55,401.75,33284,ITC
2025-04-07 10:38:00+05:30,401.75,402.1,401.5,401.6,56953,ITC
2025-04-07 10:39:00+05:30,401.8,401.8,401.15,401.25,85334,ITC
2025-04-07 10:40:00+05:30,401.25,401.6,401.15,401.35,46733,ITC
2025-04-07 10:41:00+05:30,401.35,402.15,401.3,401.7,46083,ITC
2025-04-07 10:42:00+05:30,401.8,402.3,401.6,402.15,61730,ITC
2025-04-07 10:43:00+05:30,402.1,402.2,401.7,402.05,36301,ITC
2025-04-07 10:44:00+05:30,402.05,402.7,401.85,402.1,73925,ITC
2025-04-07 10:45:00+05:30,402.0,402.2,401.75,402.1,52926,ITC
2025-04-07 10:46:00+05:30,402.1,402.15,401.45,401.6,52029,ITC
2025-04-07 10:47:00+05:30,401.6,401.7,401.35,401.5,31805,ITC
2025-04-07 10:48:00+05:30,401.5,401.5,401.0,401.2,48315,ITC
2025-04-07 10:49:00+05:30,401.3,402.7,401.2,402.65,38702,ITC
2025-04-07 10:50:00+05:30,402.65,402.9,402.45,402.75,46103,ITC
2025-04-07 10:51:00+05:30,402.75,402.9,402.25,402.5,29700,ITC
2025-04-07 10:52:00+05:30,402.5,402.75,402.25,402.65,117399,ITC
2025-04-07 10:53:00+05:30,402.45,402.7,402.05,402.25,34572,ITC
2025-04-07 10:54:00+05:30,402.25,402.3,401.65,401.7,34654,ITC
2025-04-07 10:55:00+05:30,401.7,401.85,401.5,401.65,21243,ITC
2025-04-07 10:56:00+05:30,401.6,402.0,401.5,402.0,32501,ITC
2025-04-07 10:57:00+05:30,401.85,402.05,401.5,401.7,28932,ITC
2025-04-07 10:58:00+05:30,401.6,401.85,401.5,401.6,22224,ITC
2025-04-07 10:59:00+05:30,401.6,401.95,401.5,401.5,21055,ITC
2025-04-07 11:00:00+05:30,401.6,401.75,401.4,401.65,23328,ITC
2025-04-07 11:01:00+05:30,401.65,401.9,401.5,401.9,23051,ITC
2025-04-07 11:02:00+05:30,401.7,401.9,401.5,401.5,23265,ITC
2025-04-07 11:03:00+05:30,401.7,401.7,401.5,401.65,13448,ITC
2025-04-07 11:04:00+05:30,401.65,401.7,401.5,401.6,20637,ITC
2025-04-07 11:05:00+05:30,401.6,401.7,401.15,401.5,143337,ITC
2025-04-07 11:06:00+05:30,401.5,401.75,401.25,401.7,144261,ITC
2025-04-07 11:07:00+05:30,401.7,402.1,401.65,402.0,27155,ITC
2025-04-07 11:08:00+05:30,402.0,402.1,401.75,401.8,22188,ITC
2025-04-07 11:09:00+05:30,402.0,402.35,401.75,402.2,58706,ITC
2025-04-07 11:10:00+05:30,402.2,402.2,401.6,401.7,15779,ITC
2025-04-07 11:11:00+05:30,401.7,401.7,401.3,401.35,26438,ITC
2025-04-07 11:12:00+05:30,401.35,401.6,401.3,401.6,31137,ITC
2025-04-07 11:13:00+05:30,401.6,401.8,401.5,401.65,29929,ITC
2025-04-07 11:14:00+05:30,401.65,401.9,401.6,401.8,21833,ITC
2025-04-07 11:15:00+05:30,401.8,401.8,401.35,401.7,57076,ITC
2025-04-07 11:16:00+05:30,401.7,402.35,401.55,401.9,238213,ITC
2025-04-07 11:17:00+05:30,401.9,402.15,401.65,402.0,56008,ITC
2025-04-07 11:18:00+05:30,402.0,402.0,401.35,401.8,36156,ITC
2025-04-07 11:19:00+05:30,401.9,401.9,401.6,401.75,18732,ITC
2025-04-07 11:20:00+05:30,401.7,401.9,401.6,401.85,16085,ITC
2025-04-07 11:21:00+05:30,401.85,402.15,401.8,402.1,20567,ITC
2025-04-07 11:22:00+05:30,402.15,402.35,402.0,402.05,155717,ITC
2025-04-07 11:23:00+05:30,402.0,402.05,401.4,401.65,101131,ITC
2025-04-07 11:24:00+05:30,401.65,401.75,401.55,401.6,15206,ITC
2025-04-07 11:25:00+05:30,401.6,401.7,401.5,401.55,16929,ITC
2025-04-07 11:26:00+05:30,401.55,402.05,401.5,401.85,22163,ITC
2025-04-07 11:27:00+05:30,401.85,402.05,401.55,401.75,81037,ITC
2025-04-07 11:28:00+05:30,401.8,402.55,401.75,402.2,172580,ITC
2025-04-07 11:29:00+05:30,402.2,402.6,402.05,402.6,43112,ITC
2025-04-07 11:30:00+05:30,402.55,402.9,402.25,402.55,209143,ITC
2025-04-07 11:31:00+05:30,402.55,402.55,402.0,402.35,49663,ITC
2025-04-07 11:32:00+05:30,402.35,402.4,402.05,402.15,10466,ITC
2025-04-07 11:33:00+05:30,402.15,402.45,402.1,402.25,17440,ITC
2025-04-07 11:34:00+05:30,402.25,402.5,402.05,402.4,23139,ITC
2025-04-07 11:35:00+05:30,402.45,402.85,402.4,402.65,31879,ITC
2025-04-07 11:36:00+05:30,402.65,403.1,402.4,403.1,58662,ITC
2025-04-07 11:37:00+05:30,403.1,403.2,402.8,403.2,71987,ITC
2025-04-07 11:38:00+05:30,403.1,403.2,402.8,402.85,39021,ITC
2025-04-07 11:39:00+05:30,402.8,402.95,402.0,402.05,25441,ITC
2025-04-07 11:40:00+05:30,402.15,402.15,401.5,401.75,39507,ITC
2025-04-07 11:41:00+05:30,401.75,402.15,401.65,402.15,30434,ITC
2025-04-07 11:42:00+05:30,402.1,402.15,401.75,401.95,24543,ITC
2025-04-07 11:43:00+05:30,402.05,402.15,401.8,401.95,19449,ITC
2025-04-07 11:44:00+05:30,401.8,401.95,401.75,401.85,16588,ITC
2025-04-07 11:45:00+05:30,401.9,402.05,401.8,401.95,7055,ITC
2025-04-07 11:46:00+05:30,401.9,401.95,401.75,401.9,20529,ITC
2025-04-07 11:47:00+05:30,401.9,402.05,401.75,402.05,23040,ITC
2025-04-07 11:48:00+05:30,402.05,402.1,401.55,401.7,49600,ITC
2025-04-07 11:49:00+05:30,401.7,402.0,401.65,401.85,13760,ITC
2025-04-07 11:50:00+05:30,401.75,402.4,401.5,401.9,206525,ITC
2025-04-07 11:51:00+05:30,402.05,402.1,401.75,402.05,48378,ITC
2025-04-07 11:52:00+05:30,402.05,402.2,401.95,402.1,17030,ITC
2025-04-07 11:53:00+05:30,402.2,402.4,401.85,402.1,24565,ITC
2025-04-07 11:54:00+05:30,401.95,402.1,401.85,402.05,13477,ITC
2025-04-07 11:55:00+05:30,402.0,402.05,401.55,401.6,18107,ITC
2025-04-07 11:56:00+05:30,401.75,401.75,401.25,401.45,143614,ITC
2025-04-07 11:57:00+05:30,401.45,401.5,401.05,401.35,34589,ITC
2025-04-07 11:58:00+05:30,401.2,401.35,401.05,401.1,35492,ITC
2025-04-07 11:59:00+05:30,401.1,401.95,400.85,401.85,180522,ITC
2025-04-07 12:00:00+05:30,401.85,402.15,401.65,401.85,61025,ITC
2025-04-07 12:01:00+05:30,401.85,401.9,401.65,401.9,20826,ITC
2025-04-07 12:02:00+05:30,401.85,401.9,401.8,401.85,11482,ITC
2025-04-07 12:03:00+05:30,401.85,402.05,401.7,401.8,17098,ITC
2025-04-07 12:04:00+05:30,401.8,401.95,401.3,401.4,19827,ITC
2025-04-07 12:05:00+05:30,401.4,401.7,401.2,401.35,23453,ITC
2025-04-07 12:06:00+05:30,401.35,401.8,401.15,401.7,18901,ITC
2025-04-07 12:07:00+05:30,401.8,401.8,401.55,401.65,13669,ITC
2025-04-07 12:08:00+05:30,401.55,401.8,401.35,401.8,17601,ITC
2025-04-07 12:09:00+05:30,401.8,402.0,401.65,401.95,14155,ITC
2025-04-07 12:10:00+05:30,401.85,402.0,401.75,401.95,14684,ITC
2025-04-07 12:11:00+05:30,401.95,402.0,401.7,401.7,13675,ITC
2025-04-07 12:12:00+05:30,401.65,401.9,401.6,401.65,29037,ITC
2025-04-07 12:13:00+05:30,401.65,401.75,401.35,401.4,35760,ITC
2025-04-07 12:14:00+05:30,401.4,401.55,401.3,401.35,18852,ITC
2025-04-07 12:15:00+05:30,401.5,401.55,401.25,401.4,17111,ITC
2025-04-07 12:16:00+05:30,401.45,401.5,400.65,400.75,35042,ITC
2025-04-07 12:17:00+05:30,400.75,401.4,400.6,401.0,57827,ITC
2025-04-07 12:18:00+05:30,400.85,401.0,400.5,400.5,39312,ITC
2025-04-07 12:19:00+05:30,400.5,400.95,400.4,400.9,63858,ITC
2025-04-07 12:20:00+05:30,400.9,401.25,400.55,401.15,42663,ITC
2025-04-07 12:21:00+05:30,401.15,401.35,400.6,400.7,91081,ITC
2025-04-07 12:22:00+05:30,400.7,400.9,400.5,400.75,26762,ITC
2025-04-07 12:23:00+05:30,400.8,400.85,400.5,400.55,29031,ITC
2025-04-07 12:24:00+05:30,400.6,400.9,400.45,400.45,29415,ITC
2025-04-07 12:25:00+05:30,400.4,400.6,400.0,400.2,198533,ITC
2025-04-07 12:26:00+05:30,400.05,400.45,400.0,400.45,35745,ITC
2025-04-07 12:27:00+05:30,400.45,401.05,400.35,401.05,24562,ITC
2025-04-07 12:28:00+05:30,401.05,401.1,400.15,400.4,38315,ITC
2025-04-07 12:29:00+05:30,400.25,400.55,399.25,399.5,101708,ITC
2025-04-07 12:30:00+05:30,399.5,400.5,399.15,400.25,91222,ITC
2025-04-07 12:31:00+05:30,400.45,400.45,399.3,399.45,113993,ITC
2025-04-07 12:32:00+05:30,399.4,399.65,399.0,399.65,55240,ITC
2025-04-07 12:33:00+05:30,399.6,399.75,399.3,399.6,21044,ITC
2025-04-07 12:34:00+05:30,399.35,399.6,398.7,398.95,37756,ITC
2025-04-07 12:35:00+05:30,399.0,399.4,398.75,399.35,23773,ITC
2025-04-07 12:36:00+05:30,399.3,399.55,399.1,399.35,25055,ITC
2025-04-07 12:37:00+05:30,399.3,399.55,399.2,399.55,13675,ITC
2025-04-07 12:38:00+05:30,399.55,399.7,399.25,399.25,23595,ITC
2025-04-07 12:39:00+05:30,399.3,399.65,399.2,399.5,20517,ITC
2025-04-07 12:40:00+05:30,399.45,399.65,399.15,399.65,13684,ITC
2025-04-07 12:41:00+05:30,399.65,400.1,399.15,400.1,58286,ITC
2025-04-07 12:42:00+05:30,400.1,400.25,399.75,400.15,18869,ITC
2025-04-07 12:43:00+05:30,400.15,400.15,399.05,399.25,32654,ITC
2025-04-07 12:44:00+05:30,399.25,399.7,399.1,399.5,32581,ITC
2025-04-07 12:45:00+05:30,399.5,400.25,399.45,399.95,29956,ITC
2025-04-07 12:46:00+05:30,399.95,400.25,399.65,399.9,47359,ITC
2025-04-07 12:47:00+05:30,400.1,400.7,400.0,400.05,49713,ITC
2025-04-07 12:48:00+05:30,400.05,400.6,399.9,400.35,39334,ITC
2025-04-07 12:49:00+05:30,400.35,400.7,400.0,400.05,35787,ITC
2025-04-07 12:50:00+05:30,400.0,400.25,399.6,399.85,39707,ITC
2025-04-07 12:51:00+05:30,399.85,399.9,399.6,399.9,30326,ITC
2025-04-07 12:52:00+05:30,399.9,400.2,399.6,400.0,92782,ITC
2025-04-07 12:53:00+05:30,399.85,400.15,399.75,399.9,15322,ITC
2025-04-07 12:54:00+05:30,399.9,400.0,399.65,399.75,25069,ITC
2025-04-07 12:55:00+05:30,399.75,399.9,399.5,399.55,57906,ITC
2025-04-07 12:56:00+05:30,399.65,399.8,399.5,399.6,41844,ITC
2025-04-07 12:57:00+05:30,399.6,399.65,399.35,399.6,102861,ITC
2025-04-07 12:58:00+05:30,399.6,399.7,399.35,399.65,89872,ITC
2025-04-07 12:59:00+05:30,399.6,399.9,399.55,399.85,23429,ITC
2025-04-07 13:00:00+05:30,399.9,400.2,399.65,400.2,24520,ITC
2025-04-07 13:01:00+05:30,400.2,400.35,399.65,400.15,34108,ITC
2025-04-07 13:02:00+05:30,400.3,400.4,400.0,400.2,35827,ITC
2025-04-07 13:03:00+05:30,400.35,400.45,400.2,400.3,23796,ITC
2025-04-07 13:04:00+05:30,400.3,400.35,399.85,399.9,21526,ITC
2025-04-07 13:05:00+05:30,399.9,400.35,399.75,400.0,31392,ITC
2025-04-07 13:06:00+05:30,399.95,400.4,399.95,400.1,26002,ITC
2025-04-07 13:07:00+05:30,400.1,400.35,399.95,400.2,21857,ITC
2025-04-07 13:08:00+05:30,400.15,400.3,400.0,400.05,22840,ITC
2025-04-07 13:09:00+05:30,400.05,400.5,399.85,400.5,28649,ITC
2025-04-07 13:10:00+05:30,400.45,400.55,400.05,400.1,24198,ITC
2025-04-07 13:11:00+05:30,400.25,400.25,399.85,400.05,28337,ITC
2025-04-07 13:12:00+05:30,400.05,400.15,399.85,400.05,18605,ITC
2025-04-07 13:13:00+05:30,400.0,400.3,399.9,400.0,30851,ITC
2025-04-07 13:14:00+05:30,400.0,400.25,399.85,400.05,36973,ITC
2025-04-07 13:15:00+05:30,400.05,400.2,399.8,400.0,32184,ITC
2025-04-07 13:16:00+05:30,400.0,400.4,399.7,400.15,181469,ITC
2025-04-07 13:17:00+05:30,400.1,400.4,399.85,400.0,45789,ITC
2025-04-07 13:18:00+05:30,400.0,400.0,399.5,399.65,20120,ITC
2025-04-07 13:19:00+05:30,399.5,399.8,399.5,399.75,20755,ITC
2025-04-07 13:20:00+05:30,399.65,399.8,399.55,399.7,17042,ITC
2025-04-07 13:21:00+05:30,399.7,399.85,399.5,399.85,33961,ITC
2025-04-07 13:22:00+05:30,399.65,399.95,399.55,399.65,27601,ITC
2025-04-07 13:23:00+05:30,399.8,400.1,399.6,399.9,35495,ITC
2025-04-07 13:24:00+05:30,400.1,400.7,400.0,400.3,33778,ITC
2025-04-07 13:25:00+05:30,400.35,400.6,400.2,400.45,23208,ITC
2025-04-07 13:26:00+05:30,400.5,400.7,400.45,400.45,20291,ITC
2025-04-07 13:27:00+05:30,400.5,401.4,400.45,401.05,37988,ITC
2025-04-07 13:28:00+05:30,401.05,401.55,400.9,401.45,26175,ITC
2025-04-07 13:29:00+05:30,401.5,401.55,401.05,401.35,29896,ITC
2025-04-07 13:30:00+05:30,401.35,401.75,401.15,401.25,15278,ITC
2025-04-07 13:31:00+05:30,401.55,401.7,401.35,401.55,18046,ITC
2025-04-07 13:32:00+05:30,401.55,402.25,401.45,402.1,37778,ITC
2025-04-07 13:33:00+05:30,402.1,402.4,401.9,401.9,25454,ITC
2025-04-07 13:34:00+05:30,402.05,402.15,401.65,401.95,20119,ITC
2025-04-07 13:35:00+05:30,402.0,402.35,401.8,401.8,39484,ITC
2025-04-07 13:36:00+05:30,402.0,402.2,401.8,401.95,44605,ITC
2025-04-07 13:37:00+05:30,401.9,402.35,401.85,402.0,42994,ITC
2025-04-07 13:38:00+05:30,401.95,402.15,401.8,401.8,13449,ITC
2025-04-07 13:39:00+05:30,401.85,402.25,401.8,402.1,60536,ITC
2025-04-07 13:40:00+05:30,402.15,402.45,402.05,402.05,23712,ITC
2025-04-07 13:41:00+05:30,402.05,402.5,402.05,402.4,18730,ITC
2025-04-07 13:42:00+05:30,402.5,402.9,402.4,402.8,36504,ITC
2025-04-07 13:43:00+05:30,402.85,403.8,402.8,403.5,61478,ITC
2025-04-07 13:44:00+05:30,403.55,403.95,403.15,403.2,31670,ITC
2025-04-07 13:45:00+05:30,403.4,404.25,403.2,404.0,46478,ITC
2025-04-07 13:46:00+05:30,403.95,404.25,403.5,404.25,26265,ITC
2025-04-07 13:47:00+05:30,404.1,404.7,404.05,404.05,40379,ITC
2025-04-07 13:48:00+05:30,404.15,404.2,403.35,403.35,36768,ITC
2025-04-07 13:49:00+05:30,403.45,403.5,402.75,402.8,51884,ITC
2025-04-07 13:50:00+05:30,402.85,403.15,402.65,402.95,43377,ITC
2025-04-07 13:51:00+05:30,402.9,403.05,402.6,402.85,49940,ITC
2025-04-07 13:52:00+05:30,402.85,403.2,402.65,402.75,36551,ITC
2025-04-07 13:53:00+05:30,402.75,403.0,402.6,402.95,34715,ITC
2025-04-07 13:54:00+05:30,403.0,403.1,402.75,403.0,28951,ITC
2025-04-07 13:55:00+05:30,402.95,403.0,402.6,402.6,31588,ITC
2025-04-07 13:56:00+05:30,402.8,402.85,402.3,402.35,73205,ITC
2025-04-07 13:57:00+05:30,402.35,402.8,402.2,402.5,77806,ITC
2025-04-07 13:58:00+05:30,402.5,402.95,402.5,402.85,109378,ITC
2025-04-07 13:59:00+05:30,402.95,403.25,402.75,403.0,54967,ITC
2025-04-07 14:00:00+05:30,403.05,403.3,403.0,403.2,84083,ITC
2025-04-07 14:01:00+05:30,403.2,403.35,403.0,403.05,34717,ITC
2025-04-07 14:02:00+05:30,403.0,403.35,402.65,403.35,166700,ITC
2025-04-07 14:03:00+05:30,403.35,403.35,403.05,403.25,32009,ITC
2025-04-07 14:04:00+05:30,403.2,403.8,403.15,403.75,35426,ITC
2025-04-07 14:05:00+05:30,403.7,404.0,403.55,403.7,22434,ITC
2025-04-07 14:06:00+05:30,403.7,403.75,403.3,403.6,38055,ITC
2025-04-07 14:07:00+05:30,403.6,403.8,403.5,403.6,36400,ITC
2025-04-07 14:08:00+05:30,403.6,403.7,403.2,403.6,51420,ITC
2025-04-07 14:09:00+05:30,403.6,403.8,403.5,403.5,24678,ITC
2025-04-07 14:10:00+05:30,403.5,403.65,403.0,403.2,193752,ITC
2025-04-07 14:11:00+05:30,403.2,403.8,403.2,403.5,140552,ITC
2025-04-07 14:12:00+05:30,403.55,403.6,403.5,403.6,36490,ITC
2025-04-07 14:13:00+05:30,403.55,403.8,403.5,403.5,38097,ITC
2025-04-07 14:14:00+05:30,403.55,403.75,403.15,403.75,132276,ITC
2025-04-07 14:15:00+05:30,403.55,403.75,403.5,403.55,40630,ITC
2025-04-07 14:16:00+05:30,403.5,403.65,403.0,403.6,138920,ITC
2025-04-07 14:17:00+05:30,403.65,403.65,403.2,403.35,72408,ITC
2025-04-07 14:18:00+05:30,403.35,403.7,403.1,403.5,60003,ITC
2025-04-07 14:19:00+05:30,403.5,403.9,403.5,403.6,53773,ITC
2025-04-07 14:20:00+05:30,403.6,403.75,403.4,403.4,31163,ITC
2025-04-07 14:21:00+05:30,403.5,403.5,402.8,403.1,32364,ITC
2025-04-07 14:22:00+05:30,403.1,403.6,403.05,403.6,32903,ITC
2025-04-07 14:23:00+05:30,403.55,403.7,403.2,403.5,40268,ITC
2025-04-07 14:24:00+05:30,403.6,403.75,403.5,403.55,45903,ITC
2025-04-07 14:25:00+05:30,403.6,403.65,403.5,403.55,46705,ITC
2025-04-07 14:26:00+05:30,403.5,403.7,403.0,403.5,232268,ITC
2025-04-07 14:27:00+05:30,403.5,403.7,403.5,403.55,58241,ITC
2025-04-07 14:28:00+05:30,403.55,403.55,402.9,403.15,136455,ITC
2025-04-07 14:29:00+05:30,403.2,403.25,402.6,402.6,34536,ITC
2025-04-07 14:30:00+05:30,402.7,403.05,402.55,402.8,33234,ITC
2025-04-07 14:31:00+05:30,402.8,403.5,402.45,403.3,68308,ITC
2025-04-07 14:32:00+05:30,403.45,403.95,403.15,403.5,58363,ITC
2025-04-07 14:33:00+05:30,403.6,403.95,403.25,403.75,35872,ITC
2025-04-07 14:34:00+05:30,403.75,403.8,403.0,403.3,64225,ITC
2025-04-07 14:35:00+05:30,403.15,403.4,402.8,402.95,111084,ITC
2025-04-07 14:36:00+05:30,402.85,403.05,402.5,402.5,60069,ITC
2025-04-07 14:37:00+05:30,402.6,402.85,402.5,402.6,54782,ITC
2025-04-07 14:38:00+05:30,402.7,402.8,402.3,402.45,52022,ITC
2025-04-07 14:39:00+05:30,402.3,402.8,402.3,402.55,82395,ITC
2025-04-07 14:40:00+05:30,402.5,402.95,402.45,402.6,49254,ITC
2025-04-07 14:41:00+05:30,402.6,402.9,402.4,402.45,52415,ITC
2025-04-07 14:42:00+05:30,402.45,402.75,402.4,402.45,59374,ITC
2025-04-07 14:43:00+05:30,402.45,402.8,402.4,402.5,45938,ITC
2025-04-07 14:44:00+05:30,402.4,402.85,402.3,402.5,45614,ITC
2025-04-07 14:45:00+05:30,402.5,402.95,402.4,402.6,58083,ITC
2025-04-07 14:46:00+05:30,402.6,402.85,402.55,402.75,30944,ITC
2025-04-07 14:47:00+05:30,402.55,402.9,402.55,402.65,34721,ITC
2025-04-07 14:48:00+05:30,402.8,402.8,402.4,402.5,34454,ITC
2025-04-07 14:49:00+05:30,402.55,403.0,402.5,402.9,57747,ITC
2025-04-07 14:50:00+05:30,402.7,403.3,402.6,403.15,56278,ITC
2025-04-07 14:51:00+05:30,403.3,403.4,402.75,403.3,60951,ITC
2025-04-07 14:52:00+05:30,403.2,403.5,403.0,403.45,45205,ITC
2025-04-07 14:53:00+05:30,403.45,403.5,402.8,402.9,43966,ITC
2025-04-07 14:54:00+05:30,402.95,403.5,402.85,403.35,45491,ITC
2025-04-07 14:55:00+05:30,403.2,403.45,402.85,403.25,95338,ITC
2025-04-07 14:56:00+05:30,403.05,403.7,403.0,403.5,95875,ITC
2025-04-07 14:57:00+05:30,403.5,403.7,402.9,403.15,116049,ITC
2025-04-07 14:58:00+05:30,403.15,403.5,403.05,403.4,82172,ITC
2025-04-07 14:59:00+05:30,403.4,403.5,403.05,403.35,55170,ITC
2025-04-07 15:00:00+05:30,403.2,403.55,403.2,403.55,50641,ITC
2025-04-07 15:01:00+05:30,403.55,404.0,403.4,403.65,81791,ITC
2025-04-07 15:02:00+05:30,403.65,404.0,403.5,404.0,81031,ITC
2025-04-07 15:03:00+05:30,403.9,404.35,403.8,404.2,77423,ITC
2025-04-07 15:04:00+05:30,404.2,404.75,404.15,404.35,92519,ITC
2025-04-07 15:05:00+05:30,404.4,404.6,404.2,404.45,84646,ITC
2025-04-07 15:06:00+05:30,404.45,404.8,404.25,404.7,79259,ITC
2025-04-07 15:07:00+05:30,404.55,405.0,404.55,404.65,97576,ITC
2025-04-07 15:08:00+05:30,404.55,404.9,404.35,404.65,214558,ITC
2025-04-07 15:09:00+05:30,404.7,407.95,404.65,406.8,885914,ITC
2025-04-07 15:10:00+05:30,406.8,407.15,406.15,407.0,473816,ITC
2025-04-07 15:11:00+05:30,406.8,407.8,406.35,407.15,725302,ITC
2025-04-07 15:12:00+05:30,407.15,407.15,405.3,405.3,202070,ITC
2025-04-07 15:13:00+05:30,405.3,405.75,405.0,405.6,137849,ITC
2025-04-07 15:14:00+05:30,405.6,405.9,405.5,405.8,102706,ITC
2025-04-07 15:15:00+05:30,405.8,405.95,404.9,405.3,198139,ITC
2025-04-07 15:16:00+05:30,405.35,406.05,405.2,405.5,326389,ITC
2025-04-07 15:17:00+05:30,405.5,405.6,405.05,405.05,113207,ITC
2025-04-07 15:18:00+05:30,405.1,405.3,404.85,405.3,89922,ITC
2025-04-07 15:19:00+05:30,405.2,406.0,405.15,405.9,190062,ITC
2025-04-07 15:20:00+05:30,405.85,407.2,405.5,406.55,363793,ITC
2025-04-07 15:21:00+05:30,406.5,406.75,405.9,406.3,219709,ITC
2025-04-07 15:22:00+05:30,406.3,406.45,406.0,406.15,211040,ITC
2025-04-07 15:23:00+05:30,406.15,406.5,406.0,406.3,227260,ITC
2025-04-07 15:24:00+05:30,406.0,406.7,406.0,406.5,201635,ITC
2025-04-07 15:25:00+05:30,406.5,407.0,406.4,406.5,264421,ITC
2025-04-07 15:26:00+05:30,406.75,406.75,406.0,406.35,194053,ITC
2025-04-07 15:27:00+05:30,406.35,406.9,406.0,406.05,188935,ITC
2025-04-07 15:28:00+05:30,406.0,406.55,406.0,406.3,123064,ITC
2025-04-07 15:29:00+05:30,406.45,408.1,406.05,406.75,134187,ITC
2025-04-08 09:15:00+05:30,411.9,411.9,407.5,410.55,348455,ITC
2025-04-08 09:16:00+05:30,410.6,410.8,409.25,410.35,140782,ITC
2025-04-08 09:17:00+05:30,410.5,410.95,409.85,410.25,66130,ITC
2025-04-08 09:18:00+05:30,410.0,410.65,409.55,409.7,112452,ITC
2025-04-08 09:19:00+05:30,409.7,409.95,409.25,409.85,68558,ITC
2025-04-08 09:20:00+05:30,409.95,410.6,409.85,410.0,69368,ITC
2025-04-08 09:21:00+05:30,410.1,410.5,409.7,410.05,47778,ITC
2025-04-08 09:22:00+05:30,410.05,410.1,409.55,409.75,22012,ITC
2025-04-08 09:23:00+05:30,409.75,410.0,409.5,409.7,31885,ITC
2025-04-08 09:24:00+05:30,409.7,409.9,409.0,409.8,36896,ITC
2025-04-08 09:25:00+05:30,409.8,410.3,409.65,409.8,119524,ITC
2025-04-08 09:26:00+05:30,409.95,410.4,409.75,410.05,118704,ITC
2025-04-08 09:27:00+05:30,410.2,410.45,409.7,410.0,52760,ITC
2025-04-08 09:28:00+05:30,409.9,410.1,409.65,409.85,31205,ITC
2025-04-08 09:29:00+05:30,409.85,410.1,409.55,409.6,19372,ITC
2025-04-08 09:30:00+05:30,409.65,409.85,409.4,409.7,30892,ITC
2025-04-08 09:31:00+05:30,409.7,410.05,409.3,409.45,43113,ITC
2025-04-08 09:32:00+05:30,409.6,409.9,409.45,409.6,21156,ITC
2025-04-08 09:33:00+05:30,409.6,409.8,409.25,409.25,15860,ITC
2025-04-08 09:34:00+05:30,409.25,409.5,408.95,408.95,36852,ITC
2025-04-08 09:35:00+05:30,408.95,409.05,408.25,408.75,46197,ITC
2025-04-08 09:36:00+05:30,408.75,408.8,408.25,408.25,11654,ITC
2025-04-08 09:37:00+05:30,408.25,408.3,408.0,408.0,19738,ITC
2025-04-08 09:38:00+05:30,408.0,408.35,407.9,408.0,53603,ITC
2025-04-08 09:39:00+05:30,407.95,408.15,407.85,407.95,9182,ITC
2025-04-08 09:40:00+05:30,407.95,408.5,407.95,408.25,25408,ITC
2025-04-08 09:41:00+05:30,408.3,408.3,408.15,408.2,14485,ITC
2025-04-08 09:42:00+05:30,408.3,408.5,408.25,408.4,33974,ITC
2025-04-08 09:43:00+05:30,408.15,408.25,408.1,408.15,6244,ITC
2025-04-08 09:44:00+05:30,408.2,408.4,408.2,408.3,8119,ITC
2025-04-08 09:45:00+05:30,408.75,409.0,408.65,408.8,63068,ITC
2025-04-08 09:46:00+05:30,408.95,408.95,408.55,408.55,31986,ITC
2025-04-08 09:47:00+05:30,408.65,408.85,408.15,408.55,49814,ITC
2025-04-08 09:48:00+05:30,408.4,408.5,408.35,408.35,13034,ITC
2025-04-08 09:49:00+05:30,408.35,408.9,408.35,408.7,36312,ITC
2025-04-08 09:50:00+05:30,408.7,408.8,408.55,408.55,22086,ITC
2025-04-08 09:51:00+05:30,408.35,408.45,408.15,408.2,30108,ITC
2025-04-08 09:52:00+05:30,408.15,408.55,408.15,408.5,15462,ITC
2025-04-08 09:53:00+05:30,408.5,408.6,408.05,408.3,38922,ITC
2025-04-08 09:54:00+05:30,408.2,408.4,408.05,408.4,53301,ITC
2025-04-08 09:55:00+05:30,408.5,408.5,408.25,408.3,18251,ITC
2025-04-08 09:56:00+05:30,408.4,408.6,408.3,408.5,15264,ITC
2025-04-08 09:57:00+05:30,408.25,408.5,407.85,407.95,47041,ITC
2025-04-08 09:58:00+05:30,407.8,407.95,407.45,407.85,37128,ITC
2025-04-08 09:59:00+05:30,407.85,407.95,407.7,407.75,19014,ITC
2025-04-08 10:00:00+05:30,408.0,408.2,408.0,408.2,13869,ITC
2025-04-08 10:01:00+05:30,408.1,408.1,407.7,407.85,22898,ITC
2025-04-08 10:02:00+05:30,407.85,408.2,407.85,408.2,18644,ITC
2025-04-08 10:03:00+05:30,408.1,408.25,408.0,408.1,16102,ITC
2025-04-08 10:04:00+05:30,408.25,408.25,407.9,407.95,53657,ITC
2025-04-08 10:05:00+05:30,407.95,407.95,407.55,407.55,34128,ITC
2025-04-08 10:06:00+05:30,407.55,407.85,407.25,407.35,30603,ITC
2025-04-08 10:07:00+05:30,407.4,407.65,407.4,407.65,18876,ITC
2025-04-08 10:08:00+05:30,407.7,407.9,407.65,407.7,18674,ITC
2025-04-08 10:09:00+05:30,407.6,407.85,407.6,407.85,22883,ITC
2025-04-08 10:10:00+05:30,407.85,407.85,407.6,407.85,18519,ITC
2025-04-08 10:11:00+05:30,408.05,408.4,408.0,408.4,73482,ITC
2025-04-08 10:12:00+05:30,408.35,408.85,408.35,408.7,121552,ITC
2025-04-08 10:13:00+05:30,408.8,409.3,408.8,409.05,52221,ITC
2025-04-08 10:14:00+05:30,409.05,409.1,408.75,408.85,97608,ITC
2025-04-08 10:15:00+05:30,408.85,409.35,408.85,409.05,74028,ITC
2025-04-08 10:16:00+05:30,409.0,409.1,408.9,409.0,21512,ITC
2025-04-08 10:17:00+05:30,409.15,409.25,409.0,409.05,45819,ITC
2025-04-08 10:18:00+05:30,408.95,409.0,408.85,408.95,45387,ITC
2025-04-08 10:19:00+05:30,409.05,409.25,408.8,409.0,63425,ITC
2025-04-08 10:20:00+05:30,408.9,409.15,408.9,409.15,28092,ITC
2025-04-08 10:21:00+05:30,409.1,409.15,408.9,409.05,26649,ITC
2025-04-08 10:22:00+05:30,409.0,409.35,409.0,409.15,14734,ITC
2025-04-08 10:23:00+05:30,409.25,409.25,409.05,409.05,14800,ITC
2025-04-08 10:24:00+05:30,409.15,409.25,409.0,409.1,18816,ITC
2025-04-08 10:25:00+05:30,409.2,409.2,409.0,409.15,29110,ITC
2025-04-08 10:26:00+05:30,409.15,409.2,409.0,409.2,13983,ITC
2025-04-08 10:27:00+05:30,409.25,409.25,409.1,409.1,9232,ITC
2025-04-08 10:28:00+05:30,409.05,409.25,409.0,409.2,26614,ITC
2025-04-08 10:29:00+05:30,409.15,409.3,409.15,409.25,11080,ITC
2025-04-08 10:30:00+05:30,409.15,409.3,409.15,409.2,6801,ITC
2025-04-08 10:31:00+05:30,409.25,409.5,409.1,409.15,27061,ITC
2025-04-08 10:32:00+05:30,409.05,409.1,409.0,409.0,29245,ITC
2025-04-08 10:33:00+05:30,409.0,409.1,409.0,409.1,27685,ITC
2025-04-08 10:34:00+05:30,409.05,409.15,408.9,409.05,49846,ITC
2025-04-08 10:35:00+05:30,409.1,409.1,408.2,408.7,164717,ITC
2025-04-08 10:36:00+05:30,408.85,408.85,407.75,408.1,165694,ITC
2025-04-08 10:37:00+05:30,408.1,408.45,407.7,408.25,110032,ITC
2025-04-08 10:38:00+05:30,408.1,408.5,408.1,408.15,35948,ITC
2025-04-08 10:39:00+05:30,408.2,408.2,408.0,408.1,103834,ITC
2025-04-08 10:40:00+05:30,408.0,408.4,407.6,408.3,275223,ITC
2025-04-08 10:41:00+05:30,408.3,408.55,408.0,408.0,25881,ITC
2025-04-08 10:42:00+05:30,408.1,408.35,407.6,407.6,45129,ITC
2025-04-08 10:43:00+05:30,407.65,407.7,407.3,407.4,33227,ITC
2025-04-08 10:44:00+05:30,407.3,408.5,407.25,407.95,199805,ITC
2025-04-08 10:45:00+05:30,407.9,408.3,407.9,408.2,22674,ITC
2025-04-08 10:46:00+05:30,408.2,408.6,408.05,408.5,71810,ITC
2025-04-08 10:47:00+05:30,408.6,408.65,408.5,408.65,44583,ITC
2025-04-08 10:48:00+05:30,408.85,408.85,408.6,408.6,13376,ITC
2025-04-08 10:49:00+05:30,408.6,408.8,408.6,408.6,45052,ITC
2025-04-08 10:50:00+05:30,408.5,408.85,408.5,408.7,21245,ITC
2025-04-08 10:51:00+05:30,408.6,408.75,408.55,408.65,24284,ITC
2025-04-08 10:52:00+05:30,408.7,408.75,408.5,408.55,20079,ITC
2025-04-08 10:53:00+05:30,408.55,408.7,408.55,408.55,15863,ITC
2025-04-08 10:54:00+05:30,408.95,409.8,408.95,409.65,123657,ITC
2025-04-08 10:55:00+05:30,409.85,410.2,409.65,409.85,93154,ITC
2025-04-08 10:56:00+05:30,409.6,409.65,409.1,409.25,25517,ITC
2025-04-08 10:57:00+05:30,409.25,409.5,409.25,409.25,10864,ITC
2025-04-08 10:58:00+05:30,409.45,409.6,409.4,409.6,12765,ITC
2025-04-08 10:59:00+05:30,409.9,409.95,409.75,409.75,22853,ITC
2025-04-08 11:00:00+05:30,409.85,410.15,409.85,409.95,26989,ITC
2025-04-08 11:01:00+05:30,410.1,410.25,410.0,410.0,22615,ITC
2025-04-08 11:02:00+05:30,410.05,410.05,409.9,409.9,221504,ITC
2025-04-08 11:03:00+05:30,410.0,410.0,409.7,409.95,36119,ITC
2025-04-08 11:04:00+05:30,409.8,410.35,409.8,410.3,200393,ITC
2025-04-08 11:05:00+05:30,410.15,410.65,410.0,410.45,57859,ITC
2025-04-08 11:06:00+05:30,410.3,410.45,410.0,410.05,59783,ITC
2025-04-08 11:07:00+05:30,410.05,410.2,410.0,410.05,69553,ITC
2025-04-08 11:08:00+05:30,410.15,410.4,409.95,410.4,105081,ITC
2025-04-08 11:09:00+05:30,410.5,411.3,410.15,410.7,273995,ITC
2025-04-08 11:10:00+05:30,410.65,410.85,410.25,410.25,146032,ITC
2025-04-08 11:11:00+05:30,410.3,410.4,410.0,410.4,54619,ITC
2025-04-08 11:12:00+05:30,410.35,410.35,410.0,410.1,67945,ITC
2025-04-08 11:13:00+05:30,409.9,410.1,409.9,410.0,26640,ITC
2025-04-08 11:14:00+05:30,410.0,410.05,409.8,409.8,19345,ITC
2025-04-08 11:15:00+05:30,409.95,410.1,409.95,409.95,24949,ITC
2025-04-08 11:16:00+05:30,409.75,410.0,409.75,409.9,10072,ITC
2025-04-08 11:17:00+05:30,409.8,409.9,408.95,408.95,52588,ITC
2025-04-08 11:18:00+05:30,409.05,409.2,408.75,409.15,22552,ITC
2025-04-08 11:19:00+05:30,409.15,409.5,409.15,409.3,39031,ITC
2025-04-08 11:20:00+05:30,409.1,409.6,409.1,409.6,44692,ITC
2025-04-08 11:21:00+05:30,409.6,409.75,409.55,409.7,28389,ITC
2025-04-08 11:22:00+05:30,409.65,409.75,409.5,409.6,38684,ITC
2025-04-08 11:23:00+05:30,409.65,409.9,409.65,409.9,30201,ITC
2025-04-08 11:24:00+05:30,409.9,410.1,409.9,410.05,64188,ITC
2025-04-08 11:25:00+05:30,410.0,410.1,410.0,410.1,35582,ITC
2025-04-08 11:26:00+05:30,410.0,410.1,410.0,410.05,12470,ITC
2025-04-08 11:27:00+05:30,410.0,410.1,409.5,409.6,56381,ITC
2025-04-08 11:28:00+05:30,409.4,410.0,409.4,409.75,93919,ITC
2025-04-08 11:29:00+05:30,409.75,409.95,409.75,409.95,20956,ITC
2025-04-08 11:30:00+05:30,410.05,410.05,409.65,409.65,23433,ITC
2025-04-08 11:31:00+05:30,409.6,410.05,409.6,410.05,25152,ITC
2025-04-08 11:32:00+05:30,409.75,410.0,409.5,409.55,40725,ITC
2025-04-08 11:33:00+05:30,409.5,409.9,409.5,409.6,32447,ITC
2025-04-08 11:34:00+05:30,409.7,409.85,409.65,409.85,20742,ITC
2025-04-08 11:35:00+05:30,409.8,410.05,409.8,409.95,18588,ITC
2025-04-08 11:36:00+05:30,409.95,410.05,409.8,410.05,12823,ITC
2025-04-08 11:37:00+05:30,410.05,410.6,410.05,410.6,26204,ITC
2025-04-08 11:38:00+05:30,410.6,410.8,410.45,410.6,9876,ITC
2025-04-08 11:39:00+05:30,410.55,410.55,410.35,410.45,13485,ITC
2025-04-08 11:40:00+05:30,410.35,410.35,410.2,410.2,13202,ITC
2025-04-08 11:41:00+05:30,410.15,410.2,410.15,410.2,25391,ITC
2025-04-08 11:42:00+05:30,410.25,410.25,410.05,410.05,16550,ITC
2025-04-08 11:43:00+05:30,410.05,410.2,410.0,410.05,30112,ITC
2025-04-08 11:44:00+05:30,410.15,410.25,410.0,410.0,11801,ITC
2025-04-08 11:45:00+05:30,410.05,410.2,410.05,410.15,32156,ITC
2025-04-08 11:46:00+05:30,410.15,410.5,410.15,410.5,14474,ITC
2025-04-08 11:47:00+05:30,410.5,411.65,410.5,411.65,37237,ITC
2025-04-08 11:48:00+05:30,411.5,411.5,411.05,411.15,14064,ITC
2025-04-08 11:49:00+05:30,411.1,411.1,410.8,411.1,18301,ITC
2025-04-08 11:50:00+05:30,411.2,411.2,410.85,410.9,18127,ITC
2025-04-08 11:51:00+05:30,410.55,410.9,410.55,410.7,11895,ITC
2025-04-08 11:52:00+05:30,410.75,411.2,410.75,411.1,16447,ITC
2025-04-08 11:53:00+05:30,411.1,411.4,411.0,411.4,16506,ITC
2025-04-08 11:54:00+05:30,411.4,411.45,411.3,411.45,10397,ITC
2025-04-08 11:55:00+05:30,411.45,411.7,411.45,411.55,22477,ITC
2025-04-08 11:56:00+05:30,411.4,411.5,411.15,411.4,29890,ITC
2025-04-08 11:57:00+05:30,411.55,411.55,411.3,411.35,11560,ITC
2025-04-08 11:58:00+05:30,411.3,411.4,411.2,411.2,17311,ITC
2025-04-08 11:59:00+05:30,411.15,411.3,411.05,411.2,51872,ITC
2025-04-08 12:00:00+05:30,411.15,411.25,411.1,411.1,12446,ITC
2025-04-08 12:01:00+05:30,411.2,411.3,411.05,411.2,29235,ITC
2025-04-08 12:02:00+05:30,411.2,411.3,411.1,411.25,19818,ITC
2025-04-08 12:03:00+05:30,411.2,411.4,411.1,411.3,76152,ITC
2025-04-08 12:04:00+05:30,411.25,411.25,411.05,411.2,42597,ITC
2025-04-08 12:05:00+05:30,411.25,411.3,411.05,411.3,33176,ITC
2025-04-08 12:06:00+05:30,411.4,411.4,411.1,411.25,51741,ITC
2025-04-08 12:07:00+05:30,411.2,411.7,411.2,411.55,25006,ITC
2025-04-08 12:08:00+05:30,411.75,412.15,411.6,411.95,118582,ITC
2025-04-08 12:09:00+05:30,412.0,412.0,411.6,411.9,32862,ITC
2025-04-08 12:10:00+05:30,412.5,413.0,412.3,412.9,114115,ITC
2025-04-08 12:11:00+05:30,413.0,413.3,412.7,412.7,45453,ITC
2025-04-08 12:12:00+05:30,412.7,413.05,412.6,412.8,34147,ITC
2025-04-08 12:13:00+05:30,412.9,412.9,412.6,412.8,23467,ITC
2025-04-08 12:14:00+05:30,412.85,413.35,412.65,413.35,43168,ITC
2025-04-08 12:15:00+05:30,413.4,413.5,412.7,412.75,66212,ITC
2025-04-08 12:16:00+05:30,412.95,413.0,412.7,412.75,27929,ITC
2025-04-08 12:17:00+05:30,412.95,412.95,412.55,412.6,11524,ITC
2025-04-08 12:18:00+05:30,412.6,412.85,412.5,412.75,15370,ITC
2025-04-08 12:19:00+05:30,412.55,412.7,412.1,412.1,12879,ITC
2025-04-08 12:20:00+05:30,412.3,412.9,412.3,412.9,21161,ITC
2025-04-08 12:21:00+05:30,413.2,413.2,412.85,413.0,53336,ITC
2025-04-08 12:22:00+05:30,412.95,413.0,412.55,412.85,9516,ITC
2025-04-08 12:23:00+05:30,412.85,412.85,412.6,412.7,9805,ITC
2025-04-08 12:24:00+05:30,412.75,413.15,412.55,413.1,25738,ITC
2025-04-08 12:25:00+05:30,413.15,413.75,412.95,413.55,62841,ITC
2025-04-08 12:26:00+05:30,413.7,413.95,413.45,413.45,46389,ITC
2025-04-08 12:27:00+05:30,413.3,413.75,413.2,413.4,35626,ITC
2025-04-08 12:28:00+05:30,413.5,414.0,413.35,413.65,33705,ITC
2025-04-08 12:29:00+05:30,413.75,414.0,413.6,414.0,26881,ITC
2025-04-08 12:30:00+05:30,414.0,414.0,413.8,413.9,31697,ITC
2025-04-08 12:31:00+05:30,413.95,414.45,413.95,414.3,102669,ITC
2025-04-08 12:32:00+05:30,414.45,414.65,414.2,414.65,91099,ITC
2025-04-08 12:33:00+05:30,414.65,414.9,414.25,414.45,84057,ITC
2025-04-08 12:34:00+05:30,414.45,414.45,414.05,414.2,26028,ITC
2025-04-08 12:35:00+05:30,414.2,414.5,414.15,414.35,23869,ITC
2025-04-08 12:36:00+05:30,414.25,414.7,414.05,414.3,75933,ITC
2025-04-08 12:37:00+05:30,414.3,414.7,414.3,414.5,34722,ITC
2025-04-08 12:38:00+05:30,414.5,414.55,414.0,414.0,58785,ITC
2025-04-08 12:39:00+05:30,414.05,414.1,413.95,414.0,23609,ITC
2025-04-08 12:40:00+05:30,414.0,414.1,413.6,413.6,23752,ITC
2025-04-08 12:41:00+05:30,413.5,413.95,413.5,413.95,34546,ITC
2025-04-08 12:42:00+05:30,413.95,413.95,413.7,413.85,12209,ITC
2025-04-08 12:43:00+05:30,413.8,413.8,413.6,413.65,19476,ITC
2025-04-08 12:44:00+05:30,413.8,413.95,413.65,413.9,9307,ITC
2025-04-08 12:45:00+05:30,414.0,414.0,413.75,413.8,13236,ITC
2025-04-08 12:46:00+05:30,413.8,413.8,413.55,413.65,17174,ITC
2025-04-08 12:47:00+05:30,413.65,413.8,413.6,413.7,21194,ITC
2025-04-08 12:48:00+05:30,413.8,413.8,413.65,413.75,9414,ITC
2025-04-08 12:49:00+05:30,413.85,413.85,413.65,413.7,21952,ITC
2025-04-08 12:50:00+05:30,413.8,414.0,413.7,414.0,16139,ITC
2025-04-08 12:51:00+05:30,414.05,414.05,413.85,413.95,26947,ITC
2025-04-08 12:52:00+05:30,413.95,414.25,413.95,414.25,7932,ITC
2025-04-08 12:53:00+05:30,414.3,414.4,414.05,414.35,12728,ITC
2025-04-08 12:54:00+05:30,414.4,414.4,414.15,414.25,6665,ITC
2025-04-08 12:55:00+05:30,414.25,414.35,414.2,414.3,11933,ITC
2025-04-08 12:56:00+05:30,414.4,414.7,414.25,414.5,17632,ITC
2025-04-08 12:57:00+05:30,414.5,414.5,414.25,414.3,18625,ITC
2025-04-08 12:58:00+05:30,414.3,414.45,414.25,414.35,8736,ITC
2025-04-08 12:59:00+05:30,414.4,414.8,414.35,414.6,26515,ITC
2025-04-08 13:00:00+05:30,414.65,414.65,414.35,414.45,11697,ITC
2025-04-08 13:01:00+05:30,414.5,414.5,414.05,414.05,22439,ITC
2025-04-08 13:02:00+05:30,414.3,414.5,414.3,414.4,15587,ITC
2025-04-08 13:03:00+05:30,414.3,414.35,414.15,414.35,13201,ITC
2025-04-08 13:04:00+05:30,414.4,414.4,414.15,414.25,7876,ITC
2025-04-08 13:05:00+05:30,414.25,414.45,414.15,414.3,16627,ITC
2025-04-08 13:06:00+05:30,414.2,414.45,414.2,414.35,6389,ITC
2025-04-08 13:07:00+05:30,414.25,414.35,414.1,414.3,14091,ITC
2025-04-08 13:08:00+05:30,414.25,414.45,414.15,414.2,5387,ITC
2025-04-08 13:09:00+05:30,414.1,414.45,414.1,414.2,28380,ITC
2025-04-08 13:10:00+05:30,414.35,414.75,414.35,414.7,30800,ITC
2025-04-08 13:11:00+05:30,414.8,414.95,414.6,414.9,45609,ITC
2025-04-08 13:12:00+05:30,414.95,415.0,414.75,414.75,21410,ITC
2025-04-08 13:13:00+05:30,414.75,414.95,414.5,414.7,33420,ITC
2025-04-08 13:14:00+05:30,414.7,414.95,414.7,414.9,24281,ITC
2025-04-08 13:15:00+05:30,414.65,414.8,414.55,414.8,27303,ITC
2025-04-08 13:16:00+05:30,414.8,414.95,414.7,414.95,11090,ITC
2025-04-08 13:17:00+05:30,414.8,414.95,414.75,414.9,16463,ITC
2025-04-08 13:18:00+05:30,414.8,414.85,414.7,414.7,16518,ITC
2025-04-08 13:19:00+05:30,414.95,414.95,414.5,414.85,35317,ITC
2025-04-08 13:20:00+05:30,415.0,415.4,414.8,414.8,103485,ITC
2025-04-08 13:21:00+05:30,415.0,415.15,414.5,414.65,48016,ITC
2025-04-08 13:22:00+05:30,414.7,415.25,414.55,415.2,45108,ITC
2025-04-08 13:23:00+05:30,415.2,415.2,414.8,415.05,24203,ITC
2025-04-08 13:24:00+05:30,415.2,415.45,415.1,415.25,88256,ITC
2025-04-08 13:25:00+05:30,415.35,415.55,415.25,415.45,125577,ITC
2025-04-08 13:26:00+05:30,415.55,415.65,415.25,415.35,56614,ITC
2025-04-08 13:27:00+05:30,415.4,415.5,415.05,415.25,29751,ITC
2025-04-08 13:28:00+05:30,415.25,415.6,415.25,415.3,36996,ITC
2025-04-08 13:29:00+05:30,415.4,415.7,415.25,415.7,34681,ITC
2025-04-08 13:30:00+05:30,415.7,415.8,415.4,415.55,28106,ITC
2025-04-08 13:31:00+05:30,415.75,415.75,415.5,415.55,22803,ITC
2025-04-08 13:32:00+05:30,415.5,415.6,415.3,415.5,22997,ITC
2025-04-08 13:33:00+05:30,415.55,415.7,415.4,415.4,35490,ITC
2025-04-08 13:34:00+05:30,415.55,415.6,415.35,415.35,14919,ITC
2025-04-08 13:35:00+05:30,415.4,415.45,414.75,414.85,38627,ITC
2025-04-08 13:36:00+05:30,414.85,414.95,414.75,414.85,12983,ITC
2025-04-08 13:37:00+05:30,414.95,414.95,413.95,413.95,66958,ITC
2025-04-08 13:38:00+05:30,413.8,414.6,413.8,414.0,75029,ITC
2025-04-08 13:39:00+05:30,414.05,414.15,413.05,413.45,358641,ITC
2025-04-08 13:40:00+05:30,413.3,413.6,412.7,413.45,96022,ITC
2025-04-08 13:41:00+05:30,413.5,414.75,413.25,414.35,43199,ITC
2025-04-08 13:42:00+05:30,414.25,414.45,413.85,414.4,14030,ITC
2025-04-08 13:43:00+05:30,414.4,414.45,413.7,413.95,12671,ITC
2025-04-08 13:44:00+05:30,414.15,414.25,413.85,414.15,11489,ITC
2025-04-08 13:45:00+05:30,414.2,414.2,413.7,413.95,23140,ITC
2025-04-08 13:46:00+05:30,413.95,414.15,413.75,414.15,79444,ITC
2025-04-08 13:47:00+05:30,414.15,414.3,413.9,414.2,20208,ITC
2025-04-08 13:48:00+05:30,414.2,414.2,413.6,413.85,38201,ITC
2025-04-08 13:49:00+05:30,413.6,413.75,413.05,413.05,46985,ITC
2025-04-08 13:50:00+05:30,413.2,413.2,412.5,412.65,182776,ITC
2025-04-08 13:51:00+05:30,412.55,412.65,412.0,412.25,132042,ITC
2025-04-08 13:52:00+05:30,412.2,412.35,411.5,411.6,123300,ITC
2025-04-08 13:53:00+05:30,411.7,411.85,411.0,411.25,183560,ITC
2025-04-08 13:54:00+05:30,411.3,411.85,411.15,411.5,121493,ITC
2025-04-08 13:55:00+05:30,411.5,411.7,411.5,411.55,48541,ITC
2025-04-08 13:56:00+05:30,411.75,412.5,411.6,411.6,55229,ITC
2025-04-08 13:57:00+05:30,411.5,411.8,411.3,411.5,52837,ITC
2025-04-08 13:58:00+05:30,411.75,411.9,411.55,411.9,30124,ITC
2025-04-08 13:59:00+05:30,411.95,411.95,411.35,411.75,307031,ITC
2025-04-08 14:00:00+05:30,412.4,413.2,412.2,413.0,217559,ITC
2025-04-08 14:01:00+05:30,413.05,414.3,413.0,413.9,106087,ITC
2025-04-08 14:02:00+05:30,414.1,414.3,413.6,413.95,37989,ITC
2025-04-08 14:03:00+05:30,413.75,413.75,413.1,413.2,32932,ITC
2025-04-08 14:04:00+05:30,413.15,413.2,412.85,413.0,29763,ITC
2025-04-08 14:05:00+05:30,412.85,413.05,411.9,412.3,224241,ITC
2025-04-08 14:06:00+05:30,412.3,412.55,412.05,412.3,30639,ITC
2025-04-08 14:07:00+05:30,412.6,412.75,412.0,412.25,79426,ITC
2025-04-08 14:08:00+05:30,412.35,412.5,412.05,412.45,21299,ITC
2025-04-08 14:09:00+05:30,412.45,412.7,412.25,412.45,67252,ITC
2025-04-08 14:10:00+05:30,412.7,413.0,412.5,413.0,28965,ITC
2025-04-08 14:11:00+05:30,412.95,413.1,412.8,413.1,46100,ITC
2025-04-08 14:12:00+05:30,413.05,413.2,412.85,413.0,16870,ITC
2025-04-08 14:13:00+05:30,413.05,413.55,412.95,413.3,66235,ITC
2025-04-08 14:14:00+05:30,413.3,413.95,413.3,413.5,56400,ITC
2025-04-08 14:15:00+05:30,413.9,413.95,413.65,413.65,40913,ITC
2025-04-08 14:16:00+05:30,413.75,413.95,413.65,413.85,25252,ITC
2025-04-08 14:17:00+05:30,413.85,414.0,413.7,413.95,16556,ITC
2025-04-08 14:18:00+05:30,413.95,414.1,413.7,414.1,19467,ITC
2025-04-08 14:19:00+05:30,414.3,414.6,414.05,414.3,59609,ITC
2025-04-08 14:20:00+05:30,414.45,414.55,414.15,414.55,22586,ITC
2025-04-08 14:21:00+05:30,414.55,414.55,414.25,414.5,14652,ITC
2025-04-08 14:22:00+05:30,414.45,414.8,414.45,414.7,32427,ITC
2025-04-08 14:23:00+05:30,414.7,414.75,414.45,414.7,30067,ITC
2025-04-08 14:24:00+05:30,414.65,414.8,414.55,414.8,22636,ITC
2025-04-08 14:25:00+05:30,414.75,414.8,414.65,414.65,25568,ITC
2025-04-08 14:26:00+05:30,414.65,414.65,414.35,414.5,25367,ITC
2025-04-08 14:27:00+05:30,414.35,414.35,414.2,414.3,16447,ITC
2025-04-08 14:28:00+05:30,414.3,414.75,414.2,414.7,34129,ITC
2025-04-08 14:29:00+05:30,414.6,414.7,414.55,414.65,35259,ITC
2025-04-08 14:30:00+05:30,414.7,414.7,414.3,414.5,41055,ITC
2025-04-08 14:31:00+05:30,414.4,414.5,414.05,414.2,24217,ITC
2025-04-08 14:32:00+05:30,414.4,414.45,413.95,413.95,20387,ITC
2025-04-08 14:33:00+05:30,414.0,414.15,413.35,413.35,36691,ITC
2025-04-08 14:34:00+05:30,413.5,413.5,413.25,413.5,22673,ITC
2025-04-08 14:35:00+05:30,413.5,413.6,413.1,413.2,23396,ITC
2025-04-08 14:36:00+05:30,413.1,413.15,412.75,412.8,64211,ITC
2025-04-08 14:37:00+05:30,412.75,413.15,412.55,413.05,75968,ITC
2025-04-08 14:38:00+05:30,413.1,413.25,412.75,412.9,30509,ITC
2025-04-08 14:39:00+05:30,413.05,413.35,412.85,412.85,36338,ITC
2025-04-08 14:40:00+05:30,412.85,413.05,412.85,412.9,23185,ITC
2025-04-08 14:41:00+05:30,413.0,413.1,412.85,412.9,25653,ITC
2025-04-08 14:42:00+05:30,412.9,413.25,412.8,412.9,25215,ITC
2025-04-08 14:43:00+05:30,413.0,413.2,412.95,413.1,21534,ITC
2025-04-08 14:44:00+05:30,413.2,413.2,412.75,412.75,110365,ITC
2025-04-08 14:45:00+05:30,413.0,413.35,412.8,413.1,52165,ITC
2025-04-08 14:46:00+05:30,413.1,413.75,413.1,413.6,55557,ITC
2025-04-08 14:47:00+05:30,413.65,413.65,413.2,413.3,30395,ITC
2025-04-08 14:48:00+05:30,413.5,413.6,412.9,413.35,59575,ITC
2025-04-08 14:49:00+05:30,413.15,413.3,412.75,412.95,35257,ITC
2025-04-08 14:50:00+05:30,412.75,413.0,412.5,412.55,39424,ITC
2025-04-08 14:51:00+05:30,412.8,413.0,412.7,412.8,27604,ITC
2025-04-08 14:52:00+05:30,412.8,413.15,412.65,413.15,64448,ITC
2025-04-08 14:53:00+05:30,413.15,413.6,412.95,413.05,37635,ITC
2025-04-08 14:54:00+05:30,413.1,413.65,413.1,413.45,44940,ITC
2025-04-08 14:55:00+05:30,413.3,413.5,412.9,413.2,42158,ITC
2025-04-08 14:56:00+05:30,413.15,413.4,413.1,413.35,22694,ITC
2025-04-08 14:57:00+05:30,413.35,413.4,413.05,413.4,71859,ITC
2025-04-08 14:58:00+05:30,413.4,413.5,413.3,413.4,26313,ITC
2025-04-08 14:59:00+05:30,413.4,413.55,413.25,413.3,25248,ITC
2025-04-08 15:00:00+05:30,413.3,413.45,413.05,413.45,112836,ITC
2025-04-08 15:01:00+05:30,413.45,413.45,412.75,412.9,79709,ITC
2025-04-08 15:02:00+05:30,412.95,413.0,412.85,412.85,43568,ITC
2025-04-08 15:03:00+05:30,412.7,412.7,412.45,412.45,77799,ITC
2025-04-08 15:04:00+05:30,412.5,412.6,412.5,412.6,58963,ITC
2025-04-08 15:05:00+05:30,412.65,412.65,412.35,412.45,76616,ITC
2025-04-08 15:06:00+05:30,412.55,412.7,412.35,412.35,67030,ITC
2025-04-08 15:07:00+05:30,412.3,412.6,412.3,412.5,39835,ITC
2025-04-08 15:08:00+05:30,412.6,412.65,412.55,412.65,109646,ITC
2025-04-08 15:09:00+05:30,412.7,412.75,412.5,412.6,87003,ITC
2025-04-08 15:10:00+05:30,412.5,412.5,412.05,412.2,110392,ITC
2025-04-08 15:11:00+05:30,412.25,412.25,411.75,411.75,232668,ITC
2025-04-08 15:12:00+05:30,411.8,412.25,411.8,412.25,107450,ITC
2025-04-08 15:13:00+05:30,412.25,412.45,411.95,412.0,118843,ITC
2025-04-08 15:14:00+05:30,412.0,412.15,411.9,412.0,104831,ITC
2025-04-08 15:15:00+05:30,412.0,412.15,411.9,412.15,111569,ITC
2025-04-08 15:16:00+05:30,412.0,412.1,411.7,411.75,121010,ITC
2025-04-08 15:17:00+05:30,411.8,412.05,411.75,412.0,62491,ITC
2025-04-08 15:18:00+05:30,412.0,412.15,411.85,412.15,39646,ITC
2025-04-08 15:19:00+05:30,412.1,412.15,412.1,412.1,25159,ITC
2025-04-08 15:20:00+05:30,412.15,412.15,411.95,412.05,104771,ITC
2025-04-08 15:21:00+05:30,412.05,412.4,412.05,412.4,47825,ITC
2025-04-08 15:22:00+05:30,412.4,412.7,412.4,412.65,28457,ITC
2025-04-08 15:23:00+05:30,412.75,412.8,412.5,412.75,124635,ITC
2025-04-08 15:24:00+05:30,412.75,413.0,412.7,413.0,39706,ITC
2025-04-08 15:25:00+05:30,412.95,413.0,412.6,412.65,49703,ITC
2025-04-08 15:26:00+05:30,412.65,412.75,412.5,412.75,54755,ITC
2025-04-08 15:27:00+05:30,412.7,413.0,412.65,413.0,128634,ITC
2025-04-08 15:28:00+05:30,412.95,414.0,412.95,413.65,419953,ITC
2025-04-08 15:29:00+05:30,413.75,413.8,413.25,413.5,25773,ITC
2025-04-09 09:15:00+05:30,413.0,413.95,411.25,413.5,158882,ITC
2025-04-09 09:16:00+05:30,413.5,413.65,412.0,413.15,91562,ITC
2025-04-09 09:17:00+05:30,413.35,414.7,413.35,414.45,68696,ITC
2025-04-09 09:18:00+05:30,414.45,414.45,414.2,414.35,95215,ITC
2025-04-09 09:19:00+05:30,414.05,414.1,413.4,413.9,115448,ITC
2025-04-09 09:20:00+05:30,413.95,414.15,413.25,414.0,58724,ITC
2025-04-09 09:21:00+05:30,413.95,414.4,413.8,413.8,68753,ITC
2025-04-09 09:22:00+05:30,413.95,414.65,413.55,414.4,38033,ITC
2025-04-09 09:23:00+05:30,414.45,414.65,414.3,414.4,32885,ITC
2025-04-09 09:24:00+05:30,414.3,414.4,414.15,414.4,21590,ITC
2025-04-09 09:25:00+05:30,414.4,415.2,414.4,414.8,82499,ITC
2025-04-09 09:26:00+05:30,414.6,414.6,413.7,413.85,48645,ITC
2025-04-09 09:27:00+05:30,414.0,414.0,413.1,413.1,43799,ITC
2025-04-09 09:28:00+05:30,413.25,413.3,412.7,413.3,36967,ITC
2025-04-09 09:29:00+05:30,413.45,413.7,413.2,413.45,39113,ITC
2025-04-09 09:30:00+05:30,413.35,413.5,413.0,413.0,38990,ITC
2025-04-09 09:31:00+05:30,413.1,413.65,413.1,413.6,43187,ITC
2025-04-09 09:32:00+05:30,413.6,413.7,413.4,413.55,29265,ITC
2025-04-09 09:33:00+05:30,413.55,413.9,413.55,413.85,18214,ITC
2025-04-09 09:34:00+05:30,414.1,414.1,413.8,413.9,24724,ITC
2025-04-09 09:35:00+05:30,413.9,414.1,413.5,413.6,35451,ITC
2025-04-09 09:36:00+05:30,413.65,413.65,413.35,413.45,22884,ITC
2025-04-09 09:37:00+05:30,413.3,413.3,413.05,413.1,24563,ITC
2025-04-09 09:38:00+05:30,413.0,413.2,412.95,413.05,22162,ITC
2025-04-09 09:39:00+05:30,413.2,413.2,413.0,413.15,18708,ITC
2025-04-09 09:40:00+05:30,413.05,413.7,412.95,413.7,737865,ITC
2025-04-09 09:41:00+05:30,413.8,414.55,413.7,414.55,45450,ITC
2025-04-09 09:42:00+05:30,414.45,414.6,414.35,414.55,16566,ITC
2025-04-09 09:43:00+05:30,414.5,414.65,414.5,414.6,21477,ITC
2025-04-09 09:44:00+05:30,414.55,414.7,414.4,414.7,30792,ITC
2025-04-09 09:45:00+05:30,414.75,415.0,414.7,414.75,31292,ITC
2025-04-09 09:46:00+05:30,414.9,415.45,414.85,415.25,73007,ITC
2025-04-09 09:47:00+05:30,415.3,415.45,414.95,415.45,28194,ITC
2025-04-09 09:48:00+05:30,415.2,416.0,415.2,415.75,97521,ITC
2025-04-09 09:49:00+05:30,415.55,415.55,414.8,415.4,93515,ITC
2025-04-09 09:50:00+05:30,415.2,415.65,415.2,415.35,51554,ITC
2025-04-09 09:51:00+05:30,415.35,415.45,415.25,415.25,31689,ITC
2025-04-09 09:52:00+05:30,415.4,415.45,415.2,415.45,23236,ITC
2025-04-09 09:53:00+05:30,415.4,415.6,415.3,415.6,33259,ITC
2025-04-09 09:54:00+05:30,415.7,415.9,415.6,415.8,31880,ITC
2025-04-09 09:55:00+05:30,415.7,415.9,415.6,415.9,43420,ITC
2025-04-09 09:56:00+05:30,416.0,416.75,416.0,416.0,143695,ITC
2025-04-09 09:57:00+05:30,416.0,416.45,415.95,416.3,72348,ITC
2025-04-09 09:58:00+05:30,416.3,416.5,416.1,416.25,79031,ITC
2025-04-09 09:59:00+05:30,416.25,416.45,416.15,416.35,47065,ITC
2025-04-09 10:00:00+05:30,416.4,416.9,416.4,416.8,126486,ITC
2025-04-09 10:01:00+05:30,416.75,417.25,416.55,416.8,162254,ITC
2025-04-09 10:02:00+05:30,416.85,417.3,416.6,417.25,106197,ITC
2025-04-09 10:03:00+05:30,417.2,417.55,417.0,417.5,104260,ITC
2025-04-09 10:04:00+05:30,417.5,417.9,417.5,417.75,194978,ITC
2025-04-09 10:05:00+05:30,417.9,417.95,417.5,417.85,137077,ITC
2025-04-09 10:06:00+05:30,417.95,418.3,417.9,418.1,155253,ITC
2025-04-09 10:07:00+05:30,418.15,418.2,417.3,417.65,124346,ITC
2025-04-09 10:08:00+05:30,417.65,418.2,417.5,418.2,88988,ITC
2025-04-09 10:09:00+05:30,418.2,418.2,417.85,417.95,86601,ITC
2025-04-09 10:10:00+05:30,418.0,418.0,417.25,417.35,64117,ITC
2025-04-09 10:11:00+05:30,417.3,417.45,417.05,417.1,73105,ITC
2025-04-09 10:12:00+05:30,417.1,417.15,416.4,416.45,76222,ITC
2025-04-09 10:13:00+05:30,416.45,416.6,416.25,416.3,54533,ITC
2025-04-09 10:14:00+05:30,416.55,416.7,416.45,416.5,45885,ITC
2025-04-09 10:15:00+05:30,416.6,416.7,416.6,416.6,45016,ITC
2025-04-09 10:16:00+05:30,416.95,417.15,416.7,417.05,77579,ITC
2025-04-09 10:17:00+05:30,417.1,417.1,416.9,417.0,25724,ITC
2025-04-09 10:18:00+05:30,417.05,417.35,417.05,417.2,34016,ITC
2025-04-09 10:19:00+05:30,417.3,417.3,416.85,417.05,20993,ITC
2025-04-09 10:20:00+05:30,416.95,417.1,416.75,417.1,40921,ITC
2025-04-09 10:21:00+05:30,417.25,417.4,417.15,417.4,42539,ITC
2025-04-09 10:22:00+05:30,417.5,417.55,417.25,417.5,30897,ITC
2025-04-09 10:23:00+05:30,417.3,417.45,417.3,417.4,22900,ITC
2025-04-09 10:24:00+05:30,417.4,417.6,417.4,417.6,33589,ITC
2025-04-09 10:25:00+05:30,417.55,417.65,417.5,417.65,116687,ITC
2025-04-09 10:26:00+05:30,417.75,417.85,417.45,417.65,99214,ITC
2025-04-09 10:27:00+05:30,417.65,417.65,417.45,417.55,24368,ITC
2025-04-09 10:28:00+05:30,417.45,417.65,417.45,417.65,16525,ITC
2025-04-09 10:29:00+05:30,417.6,417.7,417.4,417.4,27508,ITC
2025-04-09 10:30:00+05:30,417.5,417.75,417.5,417.65,24406,ITC
2025-04-09 10:31:00+05:30,417.6,417.65,417.6,417.6,19099,ITC
2025-04-09 10:32:00+05:30,417.55,417.7,417.5,417.55,22336,ITC
2025-04-09 10:33:00+05:30,417.6,417.6,417.3,417.3,27377,ITC
2025-04-09 10:34:00+05:30,417.3,417.6,417.25,417.6,24237,ITC
2025-04-09 10:35:00+05:30,417.55,417.6,417.25,417.25,19700,ITC
2025-04-09 10:36:00+05:30,417.2,417.35,417.15,417.3,20226,ITC
2025-04-09 10:37:00+05:30,417.3,417.3,417.05,417.05,33630,ITC
2025-04-09 10:38:00+05:30,417.05,417.25,417.05,417.25,18099,ITC
2025-04-09 10:39:00+05:30,417.05,417.2,417.05,417.15,23844,ITC
2025-04-09 10:40:00+05:30,417.05,417.5,417.05,417.5,38362,ITC
2025-04-09 10:41:00+05:30,417.45,417.7,417.35,417.5,19833,ITC
2025-04-09 10:42:00+05:30,417.7,417.8,417.5,417.65,67255,ITC
2025-04-09 10:43:00+05:30,417.55,417.8,417.35,417.35,31201,ITC
2025-04-09 10:44:00+05:30,417.5,417.8,417.5,417.75,28676,ITC
2025-04-09 10:45:00+05:30,417.6,417.85,417.6,417.75,15727,ITC
2025-04-09 10:46:00+05:30,417.8,417.8,417.55,417.75,30526,ITC
2025-04-09 10:47:00+05:30,417.6,417.8,417.55,417.55,59490,ITC
2025-04-09 10:48:00+05:30,417.75,417.9,417.75,417.9,50045,ITC
2025-04-09 10:49:00+05:30,417.8,417.9,417.65,417.85,43189,ITC
2025-04-09 10:50:00+05:30,417.75,417.9,417.7,417.85,18617,ITC
2025-04-09 10:51:00+05:30,417.85,417.9,417.65,417.65,26357,ITC
2025-04-09 10:52:00+05:30,417.85,418.65,417.8,418.3,180170,ITC
2025-04-09 10:53:00+05:30,418.25,419.05,418.25,418.9,106434,ITC
2025-04-09 10:54:00+05:30,418.85,418.9,418.6,418.8,72831,ITC
2025-04-09 10:55:00+05:30,418.7,418.85,418.6,418.75,37320,ITC
2025-04-09 10:56:00+05:30,418.8,418.8,418.55,418.55,47224,ITC
2025-04-09 10:57:00+05:30,418.5,418.85,418.5,418.85,42280,ITC
2025-04-09 10:58:00+05:30,418.8,419.0,418.35,418.4,48557,ITC
2025-04-09 10:59:00+05:30,418.4,418.75,418.25,418.75,18269,ITC
2025-04-09 11:00:00+05:30,418.75,418.75,418.45,418.45,32612,ITC
2025-04-09 11:01:00+05:30,418.35,418.4,418.0,418.15,43047,ITC
2025-04-09 11:02:00+05:30,418.35,418.35,417.6,417.8,94451,ITC
2025-04-09 11:03:00+05:30,417.8,418.1,417.6,418.1,128334,ITC
2025-04-09 11:04:00+05:30,418.0,418.1,417.4,417.6,83273,ITC
2025-04-09 11:05:00+05:30,417.55,417.95,417.4,417.7,42419,ITC
2025-04-09 11:06:00+05:30,417.7,417.7,417.3,417.7,33031,ITC
2025-04-09 11:07:00+05:30,417.7,417.7,417.45,417.6,34674,ITC
2025-04-09 11:08:00+05:30,417.5,418.0,417.5,417.7,51586,ITC
2025-04-09 11:09:00+05:30,417.9,417.9,417.55,417.7,35818,ITC
2025-04-09 11:10:00+05:30,417.55,417.8,417.5,417.65,19185,ITC
2025-04-09 11:11:00+05:30,417.75,418.0,417.65,418.0,35836,ITC
2025-04-09 11:12:00+05:30,417.9,418.0,417.9,418.0,28917,ITC
2025-04-09 11:13:00+05:30,418.0,418.05,417.85,418.05,22285,ITC
2025-04-09 11:14:00+05:30,418.0,418.15,418.0,418.05,88592,ITC
2025-04-09 11:15:00+05:30,418.15,418.15,417.9,418.15,18726,ITC
2025-04-09 11:16:00+05:30,418.25,418.35,418.2,418.3,87755,ITC
2025-04-09 11:17:00+05:30,418.35,418.35,418.3,418.3,29570,ITC
2025-04-09 11:18:00+05:30,418.3,418.4,418.25,418.3,34494,ITC
2025-04-09 11:19:00+05:30,418.25,418.4,418.25,418.35,32458,ITC
2025-04-09 11:20:00+05:30,418.3,418.3,418.05,418.25,25115,ITC
2025-04-09 11:21:00+05:30,418.2,418.35,418.2,418.35,36218,ITC
2025-04-09 11:22:00+05:30,418.35,418.45,418.3,418.45,28646,ITC
2025-04-09 11:23:00+05:30,418.45,418.7,418.35,418.7,148899,ITC
2025-04-09 11:24:00+05:30,418.65,418.65,418.55,418.65,30868,ITC
2025-04-09 11:25:00+05:30,418.6,418.75,418.5,418.75,30833,ITC
2025-04-09 11:26:00+05:30,418.75,418.75,418.6,418.6,32668,ITC
2025-04-09 11:27:00+05:30,418.4,418.55,418.35,418.55,67326,ITC
2025-04-09 11:28:00+05:30,418.5,418.55,417.9,417.9,74774,ITC
2025-04-09 11:29:00+05:30,418.0,418.0,417.95,418.0,98740,ITC
2025-04-09 11:30:00+05:30,417.9,417.95,417.75,417.85,27059,ITC
2025-04-09 11:31:00+05:30,417.95,418.0,417.8,417.95,62407,ITC
2025-04-09 11:32:00+05:30,417.9,417.95,417.8,417.95,41332,ITC
2025-04-09 11:33:00+05:30,417.9,417.9,417.7,417.85,40365,ITC
2025-04-09 11:34:00+05:30,417.85,418.0,417.75,417.95,27396,ITC
2025-04-09 11:35:00+05:30,417.9,418.0,417.9,418.0,94569,ITC
2025-04-09 11:36:00+05:30,418.5,418.5,418.1,418.3,213552,ITC
2025-04-09 11:37:00+05:30,418.3,418.3,418.15,418.25,34695,ITC
2025-04-09 11:38:00+05:30,418.25,418.35,418.2,418.35,37631,ITC
2025-04-09 11:39:00+05:30,418.35,418.65,418.35,418.55,49249,ITC
2025-04-09 11:40:00+05:30,418.55,418.65,418.45,418.65,44067,ITC
2025-04-09 11:41:00+05:30,418.5,418.5,418.2,418.2,445766,ITC
2025-04-09 11:42:00+05:30,418.2,418.6,418.15,418.5,28348,ITC
2025-04-09 11:43:00+05:30,418.4,418.5,418.15,418.5,35875,ITC
2025-04-09 11:44:00+05:30,418.5,418.5,418.2,418.5,33162,ITC
2025-04-09 11:45:00+05:30,418.5,418.5,418.15,418.3,37959,ITC
2025-04-09 11:46:00+05:30,418.2,418.35,418.05,418.25,28891,ITC
2025-04-09 11:47:00+05:30,418.2,418.2,417.95,418.1,32301,ITC
2025-04-09 11:48:00+05:30,418.15,418.4,418.05,418.4,30263,ITC
2025-04-09 11:49:00+05:30,418.4,418.45,418.2,418.4,38881,ITC
2025-04-09 11:50:00+05:30,418.45,418.45,418.2,418.4,25837,ITC
2025-04-09 11:51:00+05:30,418.4,418.45,418.35,418.35,45517,ITC
2025-04-09 11:52:00+05:30,418.45,418.45,418.1,418.1,64590,ITC
2025-04-09 11:53:00+05:30,418.1,418.35,418.05,418.2,21267,ITC
2025-04-09 11:54:00+05:30,418.25,418.25,418.0,418.0,18437,ITC
2025-04-09 11:55:00+05:30,418.05,418.05,417.85,417.85,21120,ITC
2025-04-09 11:56:00+05:30,417.85,417.85,417.55,417.65,33317,ITC
2025-04-09 11:57:00+05:30,417.6,417.75,417.55,417.55,21484,ITC
2025-04-09 11:58:00+05:30,417.7,417.8,417.5,417.65,17174,ITC
2025-04-09 11:59:00+05:30,417.65,418.0,417.65,417.8,22753,ITC
2025-04-09 12:00:00+05:30,417.85,418.0,417.65,417.9,22327,ITC
2025-04-09 12:01:00+05:30,418.0,418.0,417.7,417.85,18285,ITC
2025-04-09 12:02:00+05:30,417.7,417.9,417.4,417.4,52499,ITC
2025-04-09 12:03:00+05:30,417.2,417.45,417.2,417.45,40147,ITC
2025-04-09 12:04:00+05:30,417.4,417.45,417.3,417.45,23213,ITC
2025-04-09 12:05:00+05:30,417.5,417.55,417.3,417.45,24420,ITC
2025-04-09 12:06:00+05:30,417.5,417.55,417.3,417.5,15965,ITC
2025-04-09 12:07:00+05:30,417.5,417.85,417.45,417.65,69122,ITC
2025-04-09 12:08:00+05:30,417.65,417.95,417.6,417.7,97311,ITC
2025-04-09 12:09:00+05:30,417.8,417.95,417.75,417.75,19425,ITC
2025-04-09 12:10:00+05:30,417.8,418.0,417.75,417.95,30036,ITC
2025-04-09 12:11:00+05:30,417.95,418.0,417.8,417.95,23764,ITC
2025-04-09 12:12:00+05:30,418.0,418.1,417.9,417.95,32952,ITC
2025-04-09 12:13:00+05:30,418.0,418.15,417.85,418.05,26783,ITC
2025-04-09 12:14:00+05:30,418.15,418.25,418.1,418.2,20784,ITC
2025-04-09 12:15:00+05:30,418.15,418.25,418.1,418.2,27168,ITC
2025-04-09 12:16:00+05:30,418.3,418.3,418.2,418.3,25381,ITC
2025-04-09 12:17:00+05:30,418.25,418.3,418.05,418.2,32836,ITC
2025-04-09 12:18:00+05:30,418.15,418.15,417.8,417.9,24720,ITC
2025-04-09 12:19:00+05:30,418.0,418.05,417.75,417.95,23546,ITC
2025-04-09 12:20:00+05:30,417.85,417.95,417.75,417.8,27551,ITC
2025-04-09 12:21:00+05:30,417.8,418.1,417.8,417.95,18634,ITC
2025-04-09 12:22:00+05:30,417.85,418.25,417.85,418.25,26689,ITC
2025-04-09 12:23:00+05:30,418.2,418.35,418.1,418.35,20679,ITC
2025-04-09 12:24:00+05:30,418.3,418.35,418.1,418.2,31744,ITC
2025-04-09 12:25:00+05:30,418.3,418.3,418.0,418.0,30839,ITC
2025-04-09 12:26:00+05:30,418.0,418.35,418.0,418.15,37223,ITC
2025-04-09 12:27:00+05:30,418.3,418.35,418.2,418.3,29959,ITC
2025-04-09 12:28:00+05:30,418.35,418.4,418.2,418.25,27909,ITC
2025-04-09 12:29:00+05:30,418.35,418.4,418.2,418.2,24025,ITC
2025-04-09 12:30:00+05:30,418.25,418.25,418.05,418.2,35495,ITC
2025-04-09 12:31:00+05:30,418.25,418.35,418.15,418.15,28853,ITC
2025-04-09 12:32:00+05:30,418.15,418.25,418.1,418.15,43280,ITC
2025-04-09 12:33:00+05:30,418.15,418.25,417.95,418.2,23487,ITC
2025-04-09 12:34:00+05:30,418.2,418.3,418.1,418.25,28651,ITC
2025-04-09 12:35:00+05:30,418.2,418.2,417.95,418.0,31036,ITC
2025-04-09 12:36:00+05:30,418.2,418.2,417.75,417.75,55818,ITC
2025-04-09 12:37:00+05:30,417.85,417.85,417.55,417.65,45506,ITC
2025-04-09 12:38:00+05:30,417.8,417.9,417.6,417.65,49412,ITC
2025-04-09 12:39:00+05:30,417.75,417.8,417.55,417.6,25130,ITC
2025-04-09 12:40:00+05:30,417.65,417.65,417.15,417.2,44998,ITC
2025-04-09 12:41:00+05:30,417.25,417.35,417.1,417.1,84016,ITC
2025-04-09 12:42:00+05:30,417.1,417.1,416.55,416.6,87139,ITC
2025-04-09 12:43:00+05:30,416.55,416.75,416.35,416.65,62740,ITC
2025-04-09 12:44:00+05:30,416.65,416.75,415.9,416.25,234064,ITC
2025-04-09 12:45:00+05:30,416.15,416.5,416.05,416.35,60974,ITC
2025-04-09 12:46:00+05:30,416.3,416.3,415.6,415.8,80227,ITC
2025-04-09 12:47:00+05:30,415.75,416.0,415.1,415.4,279137,ITC
2025-04-09 12:48:00+05:30,415.45,416.5,415.4,416.35,48909,ITC
2025-04-09 12:49:00+05:30,416.45,416.6,416.15,416.6,30977,ITC
2025-04-09 12:50:00+05:30,416.6,416.95,416.6,416.8,31390,ITC
2025-04-09 12:51:00+05:30,416.8,416.9,416.7,416.8,37658,ITC
2025-04-09 12:52:00+05:30,416.8,417.0,416.75,416.95,28225,ITC
2025-04-09 12:53:00+05:30,416.85,416.9,416.55,416.8,43276,ITC
2025-04-09 12:54:00+05:30,416.95,416.95,416.65,416.65,29836,ITC
2025-04-09 12:55:00+05:30,416.5,417.0,416.5,416.85,32622,ITC
2025-04-09 12:56:00+05:30,416.9,416.9,416.65,416.65,27214,ITC
2025-04-09 12:57:00+05:30,416.75,416.85,416.6,416.6,41117,ITC
2025-04-09 12:58:00+05:30,416.6,416.8,416.5,416.5,27376,ITC
2025-04-09 12:59:00+05:30,416.75,416.95,416.55,416.95,28153,ITC
2025-04-09 13:00:00+05:30,416.95,416.95,415.4,415.9,190286,ITC
2025-04-09 13:01:00+05:30,415.6,416.0,415.6,415.95,46151,ITC
2025-04-09 13:02:00+05:30,415.95,415.95,415.25,415.25,50022,ITC
2025-04-09 13:03:00+05:30,415.4,415.7,415.0,415.0,102866,ITC
2025-04-09 13:04:00+05:30,415.0,415.45,415.0,415.1,39110,ITC
2025-04-09 13:05:00+05:30,415.05,415.4,415.05,415.1,41509,ITC
2025-04-09 13:06:00+05:30,415.05,415.3,414.95,414.95,41081,ITC
2025-04-09 13:07:00+05:30,414.9,415.3,414.85,415.3,42105,ITC
2025-04-09 13:08:00+05:30,415.4,415.55,414.95,415.45,40866,ITC
2025-04-09 13:09:00+05:30,415.4,415.4,414.95,415.1,32837,ITC
2025-04-09 13:10:00+05:30,415.15,415.3,414.95,415.0,28128,ITC
2025-04-09 13:11:00+05:30,414.95,415.45,414.9,415.15,38382,ITC
2025-04-09 13:12:00+05:30,415.1,415.25,414.85,415.25,35448,ITC
2025-04-09 13:13:00+05:30,415.2,415.25,414.85,415.0,27527,ITC
2025-04-09 13:14:00+05:30,415.0,415.05,414.85,415.0,26918,ITC
2025-04-09 13:15:00+05:30,414.95,415.05,414.85,414.95,33295,ITC
2025-04-09 13:16:00+05:30,415.1,415.3,415.05,415.3,22687,ITC
2025-04-09 13:17:00+05:30,415.25,415.35,415.05,415.3,32725,ITC
2025-04-09 13:18:00+05:30,415.25,415.4,415.1,415.1,34533,ITC
2025-04-09 13:19:00+05:30,415.1,415.35,414.95,415.0,43384,ITC
2025-04-09 13:20:00+05:30,414.95,415.3,414.95,415.3,27452,ITC
2025-04-09 13:21:00+05:30,415.15,415.25,414.95,415.25,28330,ITC
2025-04-09 13:22:00+05:30,415.2,415.25,414.9,414.95,52699,ITC
2025-04-09 13:23:00+05:30,414.95,415.0,414.9,415.0,46015,ITC
2025-04-09 13:24:00+05:30,414.95,415.15,414.95,415.05,41728,ITC
2025-04-09 13:25:00+05:30,415.05,415.45,415.05,415.35,23768,ITC
2025-04-09 13:26:00+05:30,415.35,415.5,415.2,415.5,27706,ITC
2025-04-09 13:27:00+05:30,415.35,415.4,414.95,414.95,47463,ITC
2025-04-09 13:28:00+05:30,415.2,415.35,415.1,415.35,24228,ITC
2025-04-09 13:29:00+05:30,415.2,415.35,414.95,415.0,42254,ITC
2025-04-09 13:30:00+05:30,415.15,415.25,415.0,415.05,23912,ITC
2025-04-09 13:31:00+05:30,415.0,415.45,414.95,415.3,45089,ITC
2025-04-09 13:32:00+05:30,415.3,415.3,415.0,415.25,28047,ITC
2025-04-09 13:33:00+05:30,415.3,415.3,415.0,415.15,19239,ITC
2025-04-09 13:34:00+05:30,415.05,415.2,414.9,415.2,29192,ITC
2025-04-09 13:35:00+05:30,415.3,415.3,415.0,415.0,22527,ITC
2025-04-09 13:36:00+05:30,415.05,415.35,415.0,415.35,28860,ITC
2025-04-09 13:37:00+05:30,415.2,415.3,415.1,415.25,34450,ITC
2025-04-09 13:38:00+05:30,415.3,415.4,414.9,415.2,36636,ITC
2025-04-09 13:39:00+05:30,415.25,415.25,415.15,415.25,26825,ITC
2025-04-09 13:40:00+05:30,415.2,415.45,415.05,415.25,48217,ITC
2025-04-09 13:41:00+05:30,415.25,415.35,415.2,415.35,35167,ITC
2025-04-09 13:42:00+05:30,415.4,415.5,415.15,415.3,56995,ITC
2025-04-09 13:43:00+05:30,415.4,415.5,415.1,415.15,43911,ITC
2025-04-09 13:44:00+05:30,415.35,415.55,415.35,415.55,37336,ITC
2025-04-09 13:45:00+05:30,415.45,415.45,415.05,415.15,60108,ITC
2025-04-09 13:46:00+05:30,415.3,415.55,415.25,415.35,28091,ITC
2025-04-09 13:47:00+05:30,415.5,415.5,414.95,415.15,61177,ITC
2025-04-09 13:48:00+05:30,415.15,415.25,415.05,415.2,34234,ITC
2025-04-09 13:49:00+05:30,415.2,415.3,414.95,415.25,149730,ITC
2025-04-09 13:50:00+05:30,415.2,415.6,415.2,415.6,36533,ITC
2025-04-09 13:51:00+05:30,415.6,416.0,415.6,415.75,115211,ITC
2025-04-09 13:52:00+05:30,415.95,416.0,415.15,415.55,343546,ITC
2025-04-09 13:53:00+05:30,415.35,416.0,415.35,415.7,162588,ITC
2025-04-09 13:54:00+05:30,415.9,415.9,415.15,415.45,176206,ITC
2025-04-09 13:55:00+05:30,415.45,416.0,415.45,415.95,21485,ITC
2025-04-09 13:56:00+05:30,415.95,416.5,415.85,416.35,25965,ITC
2025-04-09 13:57:00+05:30,416.35,416.5,416.25,416.35,39017,ITC
2025-04-09 13:58:00+05:30,416.45,416.5,416.45,416.45,14710,ITC
2025-04-09 13:59:00+05:30,416.45,416.6,416.35,416.6,27679,ITC
2025-04-09 14:00:00+05:30,416.65,416.65,416.3,416.3,92733,ITC
2025-04-09 14:01:00+05:30,416.5,416.8,416.5,416.8,29957,ITC
2025-04-09 14:02:00+05:30,416.85,416.85,416.4,416.4,114901,ITC
2025-04-09 14:03:00+05:30,416.45,416.45,415.8,416.25,91827,ITC
2025-04-09 14:04:00+05:30,416.25,416.7,416.25,416.6,56574,ITC
2025-04-09 14:05:00+05:30,416.65,416.65,416.0,416.2,147467,ITC
2025-04-09 14:06:00+05:30,416.1,416.2,415.9,416.1,59075,ITC
2025-04-09 14:07:00+05:30,416.1,416.25,415.9,416.15,52348,ITC
2025-04-09 14:08:00+05:30,416.15,416.35,416.0,416.1,35195,ITC
2025-04-09 14:09:00+05:30,416.1,416.25,415.9,416.0,31900,ITC
2025-04-09 14:10:00+05:30,416.05,416.25,415.7,416.2,62692,ITC
2025-04-09 14:11:00+05:30,416.25,416.25,416.0,416.05,38484,ITC
2025-04-09 14:12:00+05:30,416.05,416.1,415.8,416.0,57425,ITC
2025-04-09 14:13:00+05:30,415.9,416.35,415.8,416.05,41145,ITC
2025-04-09 14:14:00+05:30,416.0,416.15,415.95,416.15,32082,ITC
2025-04-09 14:15:00+05:30,416.15,416.2,415.95,415.95,37994,ITC
2025-04-09 14:16:00+05:30,416.3,416.6,416.3,416.6,21635,ITC
2025-04-09 14:17:00+05:30,416.6,416.9,416.6,416.65,1086099,ITC
2025-04-09 14:18:00+05:30,416.7,416.8,416.6,416.6,27077,ITC
2025-04-09 14:19:00+05:30,416.6,416.75,416.6,416.6,19538,ITC
2025-04-09 14:20:00+05:30,416.7,416.7,416.45,416.45,36519,ITC
2025-04-09 14:21:00+05:30,416.6,416.65,416.05,416.35,112997,ITC
2025-04-09 14:22:00+05:30,416.3,416.4,415.9,415.95,45142,ITC
2025-04-09 14:23:00+05:30,416.1,416.1,415.95,416.05,40428,ITC
2025-04-09 14:24:00+05:30,416.1,416.35,416.05,416.35,23256,ITC
2025-04-09 14:25:00+05:30,416.5,416.8,416.45,416.55,26866,ITC
2025-04-09 14:26:00+05:30,416.65,416.75,416.4,416.6,29406,ITC
2025-04-09 14:27:00+05:30,416.6,416.8,416.6,416.65,22990,ITC
2025-04-09 14:28:00+05:30,416.75,416.85,416.65,416.8,19764,ITC
2025-04-09 14:29:00+05:30,416.8,416.85,416.65,416.7,19577,ITC
2025-04-09 14:30:00+05:30,416.75,416.8,416.65,416.65,20114,ITC
2025-04-09 14:31:00+05:30,416.7,416.75,416.5,416.65,35458,ITC
2025-04-09 14:32:00+05:30,416.45,416.5,416.3,416.35,36589,ITC
2025-04-09 14:33:00+05:30,416.3,416.6,416.2,416.45,42329,ITC
2025-04-09 14:34:00+05:30,416.45,416.55,416.2,416.45,36230,ITC
2025-04-09 14:35:00+05:30,416.5,416.7,416.4,416.45,41188,ITC
2025-04-09 14:36:00+05:30,416.5,416.7,416.35,416.4,34953,ITC
2025-04-09 14:37:00+05:30,416.4,416.45,416.15,416.2,38296,ITC
2025-04-09 14:38:00+05:30,416.15,416.4,416.15,416.15,38046,ITC
2025-04-09 14:39:00+05:30,416.15,416.3,416.05,416.1,51701,ITC
2025-04-09 14:40:00+05:30,416.15,416.4,416.1,416.15,29244,ITC
2025-04-09 14:41:00+05:30,416.35,416.4,416.1,416.2,29954,ITC
2025-04-09 14:42:00+05:30,416.3,416.3,416.05,416.25,36027,ITC
2025-04-09 14:43:00+05:30,416.2,416.4,415.85,416.2,42986,ITC
2025-04-09 14:44:00+05:30,416.2,416.2,415.8,416.1,40667,ITC
2025-04-09 14:45:00+05:30,416.05,416.35,416.05,416.15,58727,ITC
2025-04-09 14:46:00+05:30,416.3,416.3,416.05,416.25,28478,ITC
2025-04-09 14:47:00+05:30,416.25,416.25,415.9,416.25,168966,ITC
2025-04-09 14:48:00+05:30,416.2,416.25,415.7,416.05,90076,ITC
2025-04-09 14:49:00+05:30,415.9,416.1,415.75,415.95,38711,ITC
2025-04-09 14:50:00+05:30,416.0,416.0,415.55,415.95,45562,ITC
2025-04-09 14:51:00+05:30,415.95,415.95,415.7,415.7,39166,ITC
2025-04-09 14:52:00+05:30,415.9,416.1,415.6,415.9,46388,ITC
2025-04-09 14:53:00+05:30,416.0,416.1,415.7,416.1,41621,ITC
2025-04-09 14:54:00+05:30,416.05,416.3,415.95,416.15,37831,ITC
2025-04-09 14:55:00+05:30,416.15,416.25,415.85,416.25,67681,ITC
2025-04-09 14:56:00+05:30,416.1,416.4,416.05,416.4,23054,ITC
2025-04-09 14:57:00+05:30,416.4,416.4,416.0,416.1,39356,ITC
2025-04-09 14:58:00+05:30,416.05,416.25,415.95,416.2,53770,ITC
2025-04-09 14:59:00+05:30,416.05,416.35,415.8,416.15,84177,ITC
2025-04-09 15:00:00+05:30,416.2,416.3,416.0,416.2,131024,ITC
2025-04-09 15:01:00+05:30,416.0,416.5,416.0,416.5,94901,ITC
2025-04-09 15:02:00+05:30,416.45,416.55,416.3,416.5,30817,ITC
2025-04-09 15:03:00+05:30,416.4,416.5,416.25,416.25,73128,ITC
2025-04-09 15:04:00+05:30,416.25,416.55,416.25,416.45,66435,ITC
2025-04-09 15:05:00+05:30,416.55,416.8,416.5,416.75,30510,ITC
2025-04-09 15:06:00+05:30,416.8,417.05,416.8,417.05,103674,ITC
2025-04-09 15:07:00+05:30,417.05,417.1,416.55,416.7,101580,ITC
2025-04-09 15:08:00+05:30,416.65,416.85,416.25,416.3,61636,ITC
2025-04-09 15:09:00+05:30,416.2,416.6,416.2,416.55,41176,ITC
2025-04-09 15:10:00+05:30,416.65,416.65,416.35,416.45,38220,ITC
2025-04-09 15:11:00+05:30,416.55,416.55,416.35,416.5,30461,ITC
2025-04-09 15:12:00+05:30,416.5,416.55,416.3,416.4,58857,ITC
2025-04-09 15:13:00+05:30,416.25,416.6,416.25,416.4,27965,ITC
2025-04-09 15:14:00+05:30,416.55,416.55,416.05,416.2,76434,ITC
2025-04-09 15:15:00+05:30,416.0,416.25,415.75,416.05,151449,ITC
2025-04-09 15:16:00+05:30,416.15,416.35,415.85,416.05,98569,ITC
2025-04-09 15:17:00+05:30,416.0,416.2,415.95,416.15,42856,ITC
2025-04-09 15:18:00+05:30,416.15,416.25,415.95,416.15,55213,ITC
2025-04-09 15:19:00+05:30,416.1,416.25,415.8,416.05,76787,ITC
2025-04-09 15:20:00+05:30,416.05,416.15,415.8,416.0,64325,ITC
2025-04-09 15:21:00+05:30,416.0,416.1,416.0,416.1,57742,ITC
2025-04-09 15:22:00+05:30,416.05,416.1,415.9,416.1,36566,ITC
2025-04-09 15:23:00+05:30,416.05,416.4,416.0,416.4,117480,ITC
2025-04-09 15:24:00+05:30,416.35,416.5,416.3,416.5,110272,ITC
2025-04-09 15:25:00+05:30,416.45,416.45,416.2,416.3,380038,ITC
2025-04-09 15:26:00+05:30,416.3,416.4,416.05,416.15,63661,ITC
2025-04-09 15:27:00+05:30,416.15,416.3,415.9,416.05,52148,ITC
2025-04-09 15:28:00+05:30,416.1,416.4,416.1,416.4,23053,ITC
2025-04-09 15:29:00+05:30,416.35,416.5,416.1,416.15,14323,ITC
2025-04-11 09:15:00+05:30,420.0,420.55,417.0,418.65,308096,ITC
2025-04-11 09:16:00+05:30,418.85,419.85,418.7,419.4,87104,ITC
2025-04-11 09:17:00+05:30,419.45,419.9,419.45,419.9,53915,ITC
2025-04-11 09:18:00+05:30,419.8,420.35,419.8,420.3,75989,ITC
2025-04-11 09:19:00+05:30,420.05,420.25,419.5,419.5,66033,ITC
2025-04-11 09:20:00+05:30,419.5,419.6,419.25,419.6,50736,ITC
2025-04-11 09:21:00+05:30,419.5,419.75,419.4,419.75,37090,ITC
2025-04-11 09:22:00+05:30,419.6,419.6,419.45,419.55,31218,ITC
2025-04-11 09:23:00+05:30,419.45,419.55,419.15,419.45,26111,ITC
2025-04-11 09:24:00+05:30,419.3,419.65,419.3,419.65,40053,ITC
2025-04-11 09:25:00+05:30,419.65,419.7,419.35,419.35,28564,ITC
2025-04-11 09:26:00+05:30,419.1,419.2,418.85,419.1,47522,ITC
2025-04-11 09:27:00+05:30,419.45,419.9,419.45,419.6,21303,ITC
2025-04-11 09:28:00+05:30,419.5,419.6,419.3,419.3,20718,ITC
2025-04-11 09:29:00+05:30,419.35,419.6,419.3,419.45,19014,ITC
2025-04-11 09:30:00+05:30,419.6,419.6,419.4,419.4,8203,ITC
2025-04-11 09:31:00+05:30,419.35,419.4,419.1,419.1,12988,ITC
2025-04-11 09:32:00+05:30,419.3,419.3,419.1,419.2,7899,ITC
2025-04-11 09:33:00+05:30,419.2,419.2,418.55,418.55,22277,ITC
2025-04-11 09:34:00+05:30,418.6,418.6,418.45,418.6,19530,ITC
2025-04-11 09:35:00+05:30,418.5,418.5,418.4,418.5,9601,ITC
2025-04-11 09:36:00+05:30,419.0,419.1,418.7,418.85,36867,ITC
2025-04-11 09:37:00+05:30,418.95,419.15,418.8,418.8,36187,ITC
2025-04-11 09:38:00+05:30,419.0,419.0,418.8,418.95,8846,ITC
2025-04-11 09:39:00+05:30,418.95,419.0,418.9,419.0,8346,ITC
2025-04-11 09:40:00+05:30,419.0,419.0,418.75,418.95,11379,ITC
2025-04-11 09:41:00+05:30,418.95,419.25,418.95,419.0,24904,ITC
2025-04-11 09:42:00+05:30,419.2,419.2,419.0,419.0,8301,ITC
2025-04-11 09:43:00+05:30,419.0,419.0,418.9,419.0,14025,ITC
2025-04-11 09:44:00+05:30,418.9,419.0,418.85,419.0,28582,ITC
2025-04-11 09:45:00+05:30,419.0,419.0,418.8,418.85,11423,ITC
2025-04-11 09:46:00+05:30,418.9,418.9,418.5,418.5,21970,ITC
2025-04-11 09:47:00+05:30,418.5,418.5,418.35,418.35,16707,ITC
2025-04-11 09:48:00+05:30,418.35,418.5,418.35,418.4,13242,ITC
2025-04-11 09:49:00+05:30,418.45,419.0,418.35,419.0,34075,ITC
2025-04-11 09:50:00+05:30,419.0,419.1,418.95,418.95,11141,ITC
2025-04-11 09:51:00+05:30,418.85,418.85,418.65,418.8,10455,ITC
2025-04-11 09:52:00+05:30,418.8,418.95,418.8,418.9,11990,ITC
2025-04-11 09:53:00+05:30,419.0,419.55,419.0,419.45,25220,ITC
2025-04-11 09:54:00+05:30,419.55,419.6,419.4,419.5,19518,ITC
2025-04-11 09:55:00+05:30,419.6,419.75,419.45,419.65,27054,ITC
2025-04-11 09:56:00+05:30,419.75,420.15,419.7,420.15,54593,ITC
2025-04-11 09:57:00+05:30,420.2,420.2,420.05,420.05,17148,ITC
2025-04-11 09:58:00+05:30,420.15,420.15,420.0,420.05,27717,ITC
2025-04-11 09:59:00+05:30,420.0,420.15,419.8,419.95,15202,ITC
2025-04-11 10:00:00+05:30,419.95,419.95,419.8,419.95,10062,ITC
2025-04-11 10:01:00+05:30,419.85,420.4,419.85,420.4,52130,ITC
2025-04-11 10:02:00+05:30,420.25,420.4,420.25,420.35,8892,ITC
2025-04-11 10:03:00+05:30,420.25,420.25,419.8,419.95,39635,ITC
2025-04-11 10:04:00+05:30,420.05,420.05,420.0,420.0,6461,ITC
2025-04-11 10:05:00+05:30,420.0,420.0,419.75,419.9,10587,ITC
2025-04-11 10:06:00+05:30,419.75,419.9,419.75,419.85,7544,ITC
2025-04-11 10:07:00+05:30,419.85,419.85,419.6,419.7,24604,ITC
2025-04-11 10:08:00+05:30,419.7,419.75,419.6,419.75,15375,ITC
2025-04-11 10:09:00+05:30,419.7,419.8,419.6,419.8,15500,ITC
2025-04-11 10:10:00+05:30,419.6,420.05,419.6,420.0,26998,ITC
2025-04-11 10:11:00+05:30,420.05,420.05,419.95,420.0,5434,ITC
2025-04-11 10:12:00+05:30,419.95,420.3,419.95,420.0,52404,ITC
2025-04-11 10:13:00+05:30,420.2,420.3,420.1,420.3,16163,ITC
2025-04-11 10:14:00+05:30,420.2,420.3,420.2,420.2,9645,ITC
2025-04-11 10:15:00+05:30,420.15,420.35,420.15,420.3,14134,ITC
2025-04-11 10:16:00+05:30,420.35,420.75,420.2,420.2,115961,ITC
2025-04-11 10:17:00+05:30,420.25,420.25,420.05,420.1,20757,ITC
2025-04-11 10:18:00+05:30,420.0,420.05,419.8,419.8,16853,ITC
2025-04-11 10:19:00+05:30,419.9,419.95,419.75,419.8,6738,ITC
2025-04-11 10:20:00+05:30,419.75,419.8,419.55,419.65,16618,ITC
2025-04-11 10:21:00+05:30,419.55,419.55,419.35,419.4,27626,ITC
2025-04-11 10:22:00+05:30,419.3,419.5,419.25,419.5,19130,ITC
2025-04-11 10:23:00+05:30,419.5,419.5,419.25,419.25,5415,ITC
2025-04-11 10:24:00+05:30,419.25,419.3,418.9,418.9,27296,ITC
2025-04-11 10:25:00+05:30,418.9,418.95,418.8,418.85,20933,ITC
2025-04-11 10:26:00+05:30,418.85,418.95,418.8,418.9,9779,ITC
2025-04-11 10:27:00+05:30,418.95,418.95,418.8,418.9,13497,ITC
2025-04-11 10:28:00+05:30,418.95,418.95,418.8,418.9,4470,ITC
2025-04-11 10:29:00+05:30,418.85,418.85,418.8,418.8,8267,ITC
2025-04-11 10:30:00+05:30,418.8,419.25,418.75,419.25,30459,ITC
2025-04-11 10:31:00+05:30,419.3,419.3,419.15,419.2,12888,ITC
2025-04-11 10:32:00+05:30,419.2,419.2,418.9,419.15,27257,ITC
2025-04-11 10:33:00+05:30,419.15,419.15,419.05,419.1,4654,ITC
2025-04-11 10:34:00+05:30,419.05,419.1,418.95,418.95,17453,ITC
2025-04-11 10:35:00+05:30,418.75,418.9,418.7,418.8,33086,ITC
2025-04-11 10:36:00+05:30,418.75,418.8,418.15,418.25,44143,ITC
2025-04-11 10:37:00+05:30,418.05,418.2,417.9,418.0,30452,ITC
2025-04-11 10:38:00+05:30,418.0,418.0,417.85,417.9,10815,ITC
2025-04-11 10:39:00+05:30,417.8,417.8,417.7,417.8,22256,ITC
2025-04-11 10:40:00+05:30,418.0,418.45,417.9,418.45,20432,ITC
2025-04-11 10:41:00+05:30,418.55,418.55,418.45,418.5,5372,ITC
2025-04-11 10:42:00+05:30,418.55,418.65,418.5,418.65,9941,ITC
2025-04-11 10:43:00+05:30,418.55,419.0,418.55,418.95,11330,ITC
2025-04-11 10:44:00+05:30,419.1,419.2,418.95,419.15,8653,ITC
2025-04-11 10:45:00+05:30,419.2,419.2,419.05,419.2,18425,ITC
2025-04-11 10:46:00+05:30,419.2,419.3,419.15,419.15,8391,ITC
2025-04-11 10:47:00+05:30,419.2,419.5,419.2,419.4,17869,ITC
2025-04-11 10:48:00+05:30,419.4,419.65,419.4,419.65,6026,ITC
2025-04-11 10:49:00+05:30,419.6,419.8,419.6,419.7,11100,ITC
2025-04-11 10:50:00+05:30,419.7,419.75,419.65,419.65,5384,ITC
2025-04-11 10:51:00+05:30,419.65,419.9,419.65,419.85,13106,ITC
2025-04-11 10:52:00+05:30,419.75,419.85,419.75,419.8,7145,ITC
2025-04-11 10:53:00+05:30,419.8,419.9,419.8,419.85,7652,ITC
2025-04-11 10:54:00+05:30,419.8,419.9,419.8,419.9,8331,ITC
2025-04-11 10:55:00+05:30,419.85,420.0,419.85,419.95,16966,ITC
2025-04-11 10:56:00+05:30,420.0,420.7,419.9,420.45,79267,ITC
2025-04-11 10:57:00+05:30,420.45,420.65,420.45,420.65,38251,ITC
2025-04-11 10:58:00+05:30,420.7,420.75,420.5,420.5,31037,ITC
2025-04-11 10:59:00+05:30,420.6,420.6,420.5,420.55,5592,ITC
2025-04-11 11:00:00+05:30,420.5,420.7,420.5,420.65,18278,ITC
2025-04-11 11:01:00+05:30,420.7,420.7,420.45,420.6,10144,ITC
2025-04-11 11:02:00+05:30,420.45,420.6,420.45,420.45,8194,ITC
2025-04-11 11:03:00+05:30,420.45,420.55,420.4,420.5,7219,ITC
2025-04-11 11:04:00+05:30,420.5,420.55,420.4,420.4,7780,ITC
2025-04-11 11:05:00+05:30,420.5,420.5,420.4,420.45,6799,ITC
2025-04-11 11:06:00+05:30,420.4,420.45,420.3,420.3,8653,ITC
2025-04-11 11:07:00+05:30,420.4,420.4,420.3,420.4,3358,ITC
2025-04-11 11:08:00+05:30,420.35,420.4,420.35,420.35,6894,ITC
2025-04-11 11:09:00+05:30,420.35,420.35,420.05,420.3,24739,ITC
2025-04-11 11:10:00+05:30,420.3,420.3,420.1,420.1,30452,ITC
2025-04-11 11:11:00+05:30,420.0,420.15,420.0,420.1,13850,ITC
2025-04-11 11:12:00+05:30,420.0,420.3,419.9,420.3,30010,ITC
2025-04-11 11:13:00+05:30,420.4,420.4,420.2,420.3,15665,ITC
2025-04-11 11:14:00+05:30,420.35,420.35,420.0,420.25,28094,ITC
2025-04-11 11:15:00+05:30,420.25,420.25,420.1,420.1,4975,ITC
2025-04-11 11:16:00+05:30,420.05,420.15,420.05,420.05,9312,ITC
2025-04-11 11:17:00+05:30,420.1,420.1,419.8,419.8,11128,ITC
2025-04-11 11:18:00+05:30,419.8,419.9,419.75,419.75,11841,ITC
2025-04-11 11:19:00+05:30,419.75,419.75,419.6,419.7,12556,ITC
2025-04-11 11:20:00+05:30,419.7,419.7,419.6,419.6,13269,ITC
2025-04-11 11:21:00+05:30,419.6,419.7,419.6,419.7,21917,ITC
2025-04-11 11:22:00+05:30,419.6,420.0,419.6,420.0,27655,ITC
2025-04-11 11:23:00+05:30,420.0,420.2,420.0,420.2,10466,ITC
2025-04-11 11:24:00+05:30,420.2,420.25,420.1,420.1,16897,ITC
2025-04-11 11:25:00+05:30,420.1,420.2,420.05,420.05,4754,ITC
2025-04-11 11:26:00+05:30,420.05,420.2,420.05,420.2,6583,ITC
2025-04-11 11:27:00+05:30,420.15,420.15,419.95,420.0,17922,ITC
2025-04-11 11:28:00+05:30,420.0,420.1,420.0,420.0,8356,ITC
2025-04-11 11:29:00+05:30,420.0,420.2,420.0,420.15,14845,ITC
2025-04-11 11:30:00+05:30,420.2,420.25,420.15,420.25,4828,ITC
2025-04-11 11:31:00+05:30,420.3,420.3,420.25,420.3,8561,ITC
2025-04-11 11:32:00+05:30,420.25,420.3,420.15,420.25,8236,ITC
2025-04-11 11:33:00+05:30,420.15,420.25,420.15,420.25,3669,ITC
2025-04-11 11:34:00+05:30,420.25,420.3,420.2,420.3,8372,ITC
2025-04-11 11:35:00+05:30,420.25,420.25,420.2,420.2,1860,ITC
2025-04-11 11:36:00+05:30,420.4,420.5,420.4,420.4,27079,ITC
2025-04-11 11:37:00+05:30,420.5,420.5,420.4,420.5,1281,ITC
2025-04-11 11:38:00+05:30,420.5,420.5,420.45,420.5,4790,ITC
2025-04-11 11:39:00+05:30,420.5,420.5,420.45,420.5,6296,ITC
2025-04-11 11:40:00+05:30,420.5,420.5,420.25,420.25,10131,ITC
2025-04-11 11:41:00+05:30,420.25,420.3,420.15,420.3,4138,ITC
2025-04-11 11:42:00+05:30,420.3,420.3,420.1,420.1,8572,ITC
2025-04-11 11:43:00+05:30,420.2,420.2,420.1,420.2,1083,ITC
2025-04-11 11:44:00+05:30,420.2,420.2,420.05,420.1,4051,ITC
2025-04-11 11:45:00+05:30,420.1,420.1,419.75,419.9,19785,ITC
2025-04-11 11:46:00+05:30,419.85,419.9,419.85,419.9,5285,ITC
2025-04-11 11:47:00+05:30,419.9,419.9,419.8,419.9,3179,ITC
2025-04-11 11:48:00+05:30,419.8,419.9,419.7,419.7,4988,ITC
2025-04-11 11:49:00+05:30,419.85,419.9,419.8,419.9,25479,ITC
2025-04-11 11:50:00+05:30,419.9,419.95,419.8,419.95,1948,ITC
2025-04-11 11:51:00+05:30,419.95,419.95,419.9,419.95,8118,ITC
2025-04-11 11:52:00+05:30,419.95,419.95,419.9,419.95,7255,ITC
2025-04-11 11:53:00+05:30,419.85,419.95,419.8,419.85,5455,ITC
2025-04-11 11:54:00+05:30,419.85,419.85,419.75,419.85,8740,ITC
2025-04-11 11:55:00+05:30,419.85,419.85,419.8,419.85,1075,ITC
2025-04-11 11:56:00+05:30,419.85,419.85,419.8,419.8,5127,ITC
2025-04-11 11:57:00+05:30,419.8,419.8,419.7,419.75,13071,ITC
2025-04-11 11:58:00+05:30,419.7,420.4,419.7,420.4,50054,ITC
2025-04-11 11:59:00+05:30,420.35,420.4,420.2,420.35,2238,ITC
2025-04-11 12:00:00+05:30,420.35,420.4,420.25,420.4,11940,ITC
2025-04-11 12:01:00+05:30,420.4,420.4,420.25,420.3,10887,ITC
2025-04-11 12:02:00+05:30,420.35,420.35,420.05,420.05,18730,ITC
2025-04-11 12:03:00+05:30,420.1,420.15,420.1,420.15,3618,ITC
2025-04-11 12:04:00+05:30,420.15,420.2,420.05,420.2,3863,ITC
2025-04-11 12:05:00+05:30,420.2,420.2,420.05,420.2,7980,ITC
2025-04-11 12:06:00+05:30,420.05,420.15,420.05,420.1,4528,ITC
2025-04-11 12:07:00+05:30,420.1,420.15,420.0,420.1,7629,ITC
2025-04-11 12:08:00+05:30,420.1,420.1,420.1,420.1,4194,ITC
2025-04-11 12:09:00+05:30,420.1,420.15,420.0,420.15,12611,ITC
2025-04-11 12:10:00+05:30,420.15,420.15,420.0,420.15,5020,ITC
2025-04-11 12:11:00+05:30,420.15,420.15,420.1,420.15,7880,ITC
2025-04-11 12:12:00+05:30,420.1,420.25,420.1,420.25,22832,ITC
2025-04-11 12:13:00+05:30,420.4,420.4,420.3,420.4,9307,ITC
2025-04-11 12:14:00+05:30,420.4,420.4,420.35,420.4,6560,ITC
2025-04-11 12:15:00+05:30,420.4,420.4,420.35,420.35,9415,ITC
2025-04-11 12:16:00+05:30,420.4,420.4,420.35,420.4,12138,ITC
2025-04-11 12:17:00+05:30,420.4,420.5,420.35,420.45,24256,ITC
2025-04-11 12:18:00+05:30,420.55,420.75,420.55,420.75,38226,ITC
2025-04-11 12:19:00+05:30,420.75,420.75,420.65,420.65,5986,ITC
2025-04-11 12:20:00+05:30,420.65,420.75,420.65,420.75,8036,ITC
2025-04-11 12:21:00+05:30,420.7,420.8,420.5,420.5,21813,ITC
2025-04-11 12:22:00+05:30,420.5,420.5,420.25,420.4,11372,ITC
2025-04-11 12:23:00+05:30,420.25,420.4,420.2,420.4,8338,ITC
2025-04-11 12:24:00+05:30,420.4,420.4,420.2,420.4,15687,ITC
2025-04-11 12:25:00+05:30,420.4,420.45,420.4,420.45,19991,ITC
2025-04-11 12:26:00+05:30,420.5,420.55,420.4,420.55,7755,ITC
2025-04-11 12:27:00+05:30,420.55,420.55,420.3,420.4,18102,ITC
2025-04-11 12:28:00+05:30,420.4,420.75,420.3,420.65,46686,ITC
2025-04-11 12:29:00+05:30,420.7,420.7,420.3,420.3,19791,ITC
2025-04-11 12:30:00+05:30,420.4,420.55,420.3,420.3,13817,ITC
2025-04-11 12:31:00+05:30,420.15,420.25,420.15,420.25,19731,ITC
2025-04-11 12:32:00+05:30,420.25,420.35,420.15,420.15,14927,ITC
2025-04-11 12:33:00+05:30,420.3,420.3,420.15,420.25,13501,ITC
2025-04-11 12:34:00+05:30,420.15,420.3,420.05,420.05,18323,ITC
2025-04-11 12:35:00+05:30,420.15,420.15,419.9,420.0,20657,ITC
2025-04-11 12:36:00+05:30,420.0,420.05,420.0,420.0,10552,ITC
2025-04-11 12:37:00+05:30,420.05,420.1,419.9,420.05,16383,ITC
2025-04-11 12:38:00+05:30,419.9,420.05,419.9,419.9,12392,ITC
2025-04-11 12:39:00+05:30,420.0,420.0,419.95,420.0,9535,ITC
2025-04-11 12:40:00+05:30,420.0,420.15,420.0,420.15,12473,ITC
2025-04-11 12:41:00+05:30,420.15,420.25,420.1,420.2,12879,ITC
2025-04-11 12:42:00+05:30,420.2,420.2,420.0,420.1,13670,ITC
2025-04-11 12:43:00+05:30,420.1,420.1,420.0,420.1,8891,ITC
2025-04-11 12:44:00+05:30,420.1,420.15,420.05,420.1,24633,ITC
2025-04-11 12:45:00+05:30,420.15,420.55,420.15,420.55,62587,ITC
2025-04-11 12:46:00+05:30,420.5,420.5,420.3,420.45,13750,ITC
2025-04-11 12:47:00+05:30,420.45,420.5,420.3,420.5,10528,ITC
2025-04-11 12:48:00+05:30,420.5,420.55,420.5,420.55,10871,ITC
2025-04-11 12:49:00+05:30,420.55,420.55,420.35,420.4,18611,ITC
2025-04-11 12:50:00+05:30,420.3,420.45,420.3,420.35,7886,ITC
2025-04-11 12:51:00+05:30,420.35,420.4,420.3,420.4,11692,ITC
2025-04-11 12:52:00+05:30,420.4,420.5,420.35,420.5,22289,ITC
2025-04-11 12:53:00+05:30,420.5,420.55,420.35,420.35,9453,ITC
2025-04-11 12:54:00+05:30,420.5,420.5,420.25,420.4,12271,ITC
2025-04-11 12:55:00+05:30,420.5,420.5,420.25,420.25,12640,ITC
2025-04-11 12:56:00+05:30,420.4,420.4,420.35,420.4,10818,ITC
2025-04-11 12:57:00+05:30,420.4,420.5,420.3,420.4,11387,ITC
2025-04-11 12:58:00+05:30,420.4,420.5,420.3,420.3,19604,ITC
2025-04-11 12:59:00+05:30,420.1,420.2,420.05,420.1,14921,ITC
2025-04-11 13:00:00+05:30,420.1,420.2,420.05,420.2,9690,ITC
2025-04-11 13:01:00+05:30,420.2,420.25,420.15,420.25,13087,ITC
2025-04-11 13:02:00+05:30,420.25,420.25,420.1,420.2,15381,ITC
2025-04-11 13:03:00+05:30,420.1,420.35,420.1,420.35,11606,ITC
2025-04-11 13:04:00+05:30,420.3,420.4,420.3,420.4,11069,ITC
2025-04-11 13:05:00+05:30,420.35,420.4,420.2,420.3,10086,ITC
2025-04-11 13:06:00+05:30,420.3,420.35,420.2,420.35,8854,ITC
2025-04-11 13:07:00+05:30,420.25,420.5,420.25,420.5,24366,ITC
2025-04-11 13:08:00+05:30,420.45,420.55,420.45,420.5,12454,ITC
2025-04-11 13:09:00+05:30,420.5,420.5,420.45,420.45,9461,ITC
2025-04-11 13:10:00+05:30,420.45,420.45,420.3,420.4,15256,ITC
2025-04-11 13:11:00+05:30,420.4,420.5,420.25,420.45,22131,ITC
2025-04-11 13:12:00+05:30,420.45,420.5,420.3,420.45,8735,ITC
2025-04-11 13:13:00+05:30,420.45,420.5,420.3,420.3,9792,ITC
2025-04-11 13:14:00+05:30,420.4,420.45,420.3,420.3,11853,ITC
2025-04-11 13:15:00+05:30,420.4,420.4,420.2,420.2,11351,ITC
2025-04-11 13:16:00+05:30,420.25,420.3,420.2,420.3,8049,ITC
2025-04-11 13:17:00+05:30,420.2,420.4,420.2,420.4,9002,ITC
2025-04-11 13:18:00+05:30,420.35,420.4,420.2,420.3,13899,ITC
2025-04-11 13:19:00+05:30,420.25,420.3,420.15,420.3,11996,ITC
2025-04-11 13:20:00+05:30,420.3,420.35,420.25,420.35,12682,ITC
2025-04-11 13:21:00+05:30,420.35,420.4,420.3,420.4,11179,ITC
2025-04-11 13:22:00+05:30,420.4,420.5,420.4,420.5,15047,ITC
2025-04-11 13:23:00+05:30,420.5,420.5,420.45,420.5,9769,ITC
2025-04-11 13:24:00+05:30,420.5,420.55,420.5,420.55,11298,ITC
2025-04-11 13:25:00+05:30,420.65,420.8,420.65,420.7,32916,ITC
2025-04-11 13:26:00+05:30,420.75,420.8,420.75,420.8,14152,ITC
2025-04-11 13:27:00+05:30,420.8,420.8,420.55,420.55,33764,ITC
2025-04-11 13:28:00+05:30,420.55,420.6,420.5,420.55,10940,ITC
2025-04-11 13:29:00+05:30,420.6,420.7,420.6,420.65,8214,ITC
2025-04-11 13:30:00+05:30,420.65,420.75,420.15,420.15,29654,ITC
2025-04-11 13:31:00+05:30,420.3,420.3,420.05,420.1,26617,ITC
2025-04-11 13:32:00+05:30,420.1,420.3,420.1,420.1,27453,ITC
2025-04-11 13:33:00+05:30,420.1,420.25,420.1,420.15,16754,ITC
2025-04-11 13:34:00+05:30,420.15,420.15,420.05,420.15,8736,ITC
2025-04-11 13:35:00+05:30,420.15,420.45,420.05,420.45,9378,ITC
2025-04-11 13:36:00+05:30,420.45,420.8,420.45,420.65,26817,ITC
2025-04-11 13:37:00+05:30,420.65,420.7,420.6,420.7,9107,ITC
2025-04-11 13:38:00+05:30,420.7,420.9,420.6,420.9,41429,ITC
2025-04-11 13:39:00+05:30,420.85,421.0,420.8,420.95,40205,ITC
2025-04-11 13:40:00+05:30,420.95,421.0,420.9,421.0,45863,ITC
2025-04-11 13:41:00+05:30,421.0,421.45,420.9,421.4,62405,ITC
2025-04-11 13:42:00+05:30,421.3,421.3,421.1,421.2,24238,ITC
2025-04-11 13:43:00+05:30,421.25,421.4,421.2,421.4,22412,ITC
2025-04-11 13:44:00+05:30,421.4,421.5,421.4,421.45,15100,ITC
2025-04-11 13:45:00+05:30,421.45,421.8,421.45,421.75,34046,ITC
2025-04-11 13:46:00+05:30,421.75,421.85,421.6,421.6,27170,ITC
2025-04-11 13:47:00+05:30,421.6,421.8,421.6,421.75,17998,ITC
2025-04-11 13:48:00+05:30,421.75,421.8,421.75,421.8,13489,ITC
2025-04-11 13:49:00+05:30,421.65,421.7,421.6,421.6,15315,ITC
2025-04-11 13:50:00+05:30,421.65,421.65,421.45,421.5,14293,ITC
2025-04-11 13:51:00+05:30,421.5,421.5,421.25,421.25,14298,ITC
2025-04-11 13:52:00+05:30,421.4,421.4,421.15,421.2,37256,ITC
2025-04-11 13:53:00+05:30,421.2,421.2,421.05,421.05,16779,ITC
2025-04-11 13:54:00+05:30,421.15,421.15,421.05,421.1,13130,ITC
2025-04-11 13:55:00+05:30,421.1,421.15,421.05,421.1,11800,ITC
2025-04-11 13:56:00+05:30,421.15,421.15,421.1,421.15,9917,ITC
2025-04-11 13:57:00+05:30,421.15,421.2,421.15,421.2,11867,ITC
2025-04-11 13:58:00+05:30,421.15,421.25,421.15,421.2,7683,ITC
2025-04-11 13:59:00+05:30,421.25,421.35,421.15,421.35,12381,ITC
2025-04-11 14:00:00+05:30,421.35,421.35,420.5,420.6,55566,ITC
2025-04-11 14:01:00+05:30,420.7,420.7,420.25,420.4,24207,ITC
2025-04-11 14:02:00+05:30,420.35,420.35,420.05,420.1,21462,ITC
2025-04-11 14:03:00+05:30,420.05,420.1,419.95,420.05,55411,ITC
2025-04-11 14:04:00+05:30,420.0,420.4,420.0,420.1,53016,ITC
2025-04-11 14:05:00+05:30,420.15,420.5,420.15,420.2,48777,ITC
2025-04-11 14:06:00+05:30,420.25,420.25,420.0,420.0,33175,ITC
2025-04-11 14:07:00+05:30,420.05,420.35,420.0,420.35,18579,ITC
2025-04-11 14:08:00+05:30,420.3,420.35,420.1,420.35,14247,ITC
2025-04-11 14:09:00+05:30,420.3,420.3,420.15,420.15,18048,ITC
2025-04-11 14:10:00+05:30,420.1,420.1,419.95,420.0,21943,ITC
2025-04-11 14:11:00+05:30,420.0,420.0,419.75,419.85,27683,ITC
2025-04-11 14:12:00+05:30,419.8,419.85,419.7,419.8,7329,ITC
2025-04-11 14:13:00+05:30,419.7,419.8,419.35,419.5,43998,ITC
2025-04-11 14:14:00+05:30,419.45,419.55,419.35,419.55,21524,ITC
2025-04-11 14:15:00+05:30,419.5,420.0,419.45,419.8,16591,ITC
2025-04-11 14:16:00+05:30,419.85,420.0,419.85,419.9,20374,ITC
2025-04-11 14:17:00+05:30,419.8,419.85,419.7,419.7,12286,ITC
2025-04-11 14:18:00+05:30,419.7,419.8,419.6,419.75,11620,ITC
2025-04-11 14:19:00+05:30,419.8,419.85,419.55,419.65,9694,ITC
2025-04-11 14:20:00+05:30,419.55,419.75,419.55,419.75,11691,ITC
2025-04-11 14:21:00+05:30,419.75,419.85,419.7,419.8,10782,ITC
2025-04-11 14:22:00+05:30,419.75,419.9,419.7,419.9,18381,ITC
2025-04-11 14:23:00+05:30,419.85,419.85,419.75,419.8,14892,ITC
2025-04-11 14:24:00+05:30,419.75,419.85,419.7,419.7,9894,ITC
2025-04-11 14:25:00+05:30,419.7,419.85,419.7,419.8,11723,ITC
2025-04-11 14:26:00+05:30,419.85,419.95,419.8,419.85,24170,ITC
2025-04-11 14:27:00+05:30,419.9,419.95,419.85,419.9,23801,ITC
2025-04-11 14:28:00+05:30,419.85,419.9,419.65,419.65,13402,ITC
2025-04-11 14:29:00+05:30,419.65,419.7,419.35,419.4,31316,ITC
2025-04-11 14:30:00+05:30,419.45,419.7,419.45,419.65,17989,ITC
2025-04-11 14:31:00+05:30,419.65,420.0,419.65,420.0,11342,ITC
2025-04-11 14:32:00+05:30,420.0,420.2,420.0,420.2,14034,ITC
2025-04-11 14:33:00+05:30,420.1,420.3,420.05,420.2,17624,ITC
2025-04-11 14:34:00+05:30,420.2,420.2,420.05,420.2,14262,ITC
2025-04-11 14:35:00+05:30,420.2,420.75,420.15,420.75,34449,ITC
2025-04-11 14:36:00+05:30,420.7,421.0,420.65,421.0,34245,ITC
2025-04-11 14:37:00+05:30,420.85,421.3,420.85,421.1,66588,ITC
2025-04-11 14:38:00+05:30,421.15,421.3,421.15,421.3,19594,ITC
2025-04-11 14:39:00+05:30,421.25,421.35,420.95,421.2,26941,ITC
2025-04-11 14:40:00+05:30,421.15,421.25,421.15,421.2,16511,ITC
2025-04-11 14:41:00+05:30,421.25,421.25,421.15,421.25,23604,ITC
2025-04-11 14:42:00+05:30,421.2,421.35,421.2,421.3,19878,ITC
2025-04-11 14:43:00+05:30,421.35,421.35,421.15,421.2,24518,ITC
2025-04-11 14:44:00+05:30,421.25,421.3,421.25,421.3,21899,ITC
2025-04-11 14:45:00+05:30,421.25,421.35,420.75,420.9,59271,ITC
2025-04-11 14:46:00+05:30,421.05,421.05,421.0,421.05,19905,ITC
2025-04-11 14:47:00+05:30,421.05,421.15,421.0,421.15,23123,ITC
2025-04-11 14:48:00+05:30,421.0,421.15,420.95,421.1,63364,ITC
2025-04-11 14:49:00+05:30,421.1,421.45,421.1,421.35,37600,ITC
2025-04-11 14:50:00+05:30,421.4,421.45,421.15,421.25,34296,ITC
2025-04-11 14:51:00+05:30,421.25,421.3,421.2,421.2,16392,ITC
2025-04-11 14:52:00+05:30,421.25,421.3,421.25,421.25,18706,ITC
2025-04-11 14:53:00+05:30,421.25,421.25,421.2,421.25,23739,ITC
2025-04-11 14:54:00+05:30,421.2,421.25,421.2,421.25,16324,ITC
2025-04-11 14:55:00+05:30,421.2,421.35,421.2,421.2,30579,ITC
2025-04-11 14:56:00+05:30,421.3,421.4,421.25,421.3,22926,ITC
2025-04-11 14:57:00+05:30,421.3,421.35,421.25,421.3,20254,ITC
2025-04-11 14:58:00+05:30,421.3,421.35,421.2,421.2,21905,ITC
2025-04-11 14:59:00+05:30,421.25,421.35,421.2,421.2,27836,ITC
2025-04-11 15:00:00+05:30,421.2,421.55,421.2,421.55,85129,ITC
2025-04-11 15:01:00+05:30,421.5,421.5,421.35,421.4,64680,ITC
2025-04-11 15:02:00+05:30,421.45,421.45,421.3,421.3,25143,ITC
2025-04-11 15:03:00+05:30,421.45,421.7,421.45,421.65,50628,ITC
2025-04-11 15:04:00+05:30,421.65,421.65,421.3,421.35,56136,ITC
2025-04-11 15:05:00+05:30,421.3,421.45,421.3,421.45,35164,ITC
2025-04-11 15:06:00+05:30,421.7,421.7,421.55,421.6,46407,ITC
2025-04-11 15:07:00+05:30,421.6,421.6,421.35,421.45,71329,ITC
2025-04-11 15:08:00+05:30,421.45,421.45,421.4,421.45,38969,ITC
2025-04-11 15:09:00+05:30,421.45,421.55,421.4,421.5,46271,ITC
2025-04-11 15:10:00+05:30,421.5,421.7,421.5,421.6,72705,ITC
2025-04-11 15:11:00+05:30,421.65,421.65,421.45,421.5,35340,ITC
2025-04-11 15:12:00+05:30,421.45,421.55,421.45,421.55,40553,ITC
2025-04-11 15:13:00+05:30,421.6,421.6,421.25,421.35,90709,ITC
2025-04-11 15:14:00+05:30,421.4,421.4,421.1,421.15,61145,ITC
2025-04-11 15:15:00+05:30,421.1,421.2,421.1,421.1,75216,ITC
2025-04-11 15:16:00+05:30,421.1,421.1,421.0,421.05,64767,ITC
2025-04-11 15:17:00+05:30,421.05,421.15,421.05,421.1,76529,ITC
2025-04-11 15:18:00+05:30,421.2,421.2,421.1,421.1,63875,ITC
2025-04-11 15:19:00+05:30,421.15,421.2,421.1,421.2,73260,ITC
2025-04-11 15:20:00+05:30,421.2,421.25,421.15,421.2,85509,ITC
2025-04-11 15:21:00+05:30,421.2,421.25,421.05,421.05,74367,ITC
2025-04-11 15:22:00+05:30,421.2,421.95,421.2,421.95,84983,ITC
2025-04-11 15:23:00+05:30,421.9,422.4,421.9,422.2,135505,ITC
2025-04-11 15:24:00+05:30,422.3,422.45,422.1,422.35,87822,ITC
2025-04-11 15:25:00+05:30,422.35,422.45,422.25,422.45,93129,ITC
2025-04-11 15:26:00+05:30,422.35,422.35,422.1,422.1,54168,ITC
2025-04-11 15:27:00+05:30,422.15,422.15,422.1,422.15,56187,ITC
2025-04-11 15:28:00+05:30,422.15,422.15,422.0,422.0,49156,ITC
2025-04-11 15:29:00+05:30,422.0,422.25,421.85,422.0,42864,ITC
2025-04-15 09:15:00+05:30,429.2,429.2,423.0,424.45,429678,ITC
2025-04-15 09:16:00+05:30,424.65,425.15,424.45,424.7,94174,ITC
2025-04-15 09:17:00+05:30,424.55,424.7,424.45,424.65,79931,ITC
2025-04-15 09:18:00+05:30,424.65,424.65,423.6,423.6,71850,ITC
2025-04-15 09:19:00+05:30,423.6,423.85,423.0,423.15,36567,ITC
2025-04-15 09:20:00+05:30,423.0,423.15,422.05,422.1,91213,ITC
2025-04-15 09:21:00+05:30,422.2,422.2,421.4,421.4,126258,ITC
2025-04-15 09:22:00+05:30,421.5,421.5,421.1,421.25,53945,ITC
2025-04-15 09:23:00+05:30,421.25,421.7,421.15,421.6,30603,ITC
2025-04-15 09:24:00+05:30,421.6,421.6,421.15,421.25,80330,ITC
2025-04-15 09:25:00+05:30,421.3,421.3,420.85,420.85,57589,ITC
2025-04-15 09:26:00+05:30,421.05,421.1,420.55,420.75,71064,ITC
2025-04-15 09:27:00+05:30,420.7,421.4,420.7,421.3,50131,ITC
2025-04-15 09:28:00+05:30,421.35,422.4,421.0,422.2,89491,ITC
2025-04-15 09:29:00+05:30,422.0,422.6,421.7,422.6,41668,ITC
2025-04-15 09:30:00+05:30,422.6,423.0,422.3,422.85,62870,ITC
2025-04-15 09:31:00+05:30,422.85,422.95,422.2,422.4,41538,ITC
2025-04-15 09:32:00+05:30,422.3,422.55,422.0,422.15,54821,ITC
2025-04-15 09:33:00+05:30,422.05,422.2,421.5,421.7,37518,ITC
2025-04-15 09:34:00+05:30,421.7,421.75,421.25,421.5,29824,ITC
2025-04-15 09:35:00+05:30,421.3,421.8,421.25,421.6,23491,ITC
2025-04-15 09:36:00+05:30,421.5,422.35,421.5,422.35,34967,ITC
2025-04-15 09:37:00+05:30,422.25,422.4,422.0,422.3,14029,ITC
2025-04-15 09:38:00+05:30,422.3,422.3,422.05,422.2,11459,ITC
2025-04-15 09:39:00+05:30,422.2,422.2,421.85,422.05,19445,ITC
2025-04-15 09:40:00+05:30,421.95,422.05,421.6,421.8,36940,ITC
2025-04-15 09:41:00+05:30,421.8,421.8,421.5,421.65,46090,ITC
2025-04-15 09:42:00+05:30,421.8,422.25,421.7,421.8,31308,ITC
2025-04-15 09:43:00+05:30,421.8,421.95,421.4,421.55,35237,ITC
2025-04-15 09:44:00+05:30,421.55,421.55,421.25,421.3,18840,ITC
2025-04-15 09:45:00+05:30,421.3,421.4,420.85,421.0,47057,ITC
2025-04-15 09:46:00+05:30,420.9,420.95,420.85,420.85,21009,ITC
2025-04-15 09:47:00+05:30,420.9,421.6,420.8,421.5,30752,ITC
2025-04-15 09:48:00+05:30,421.55,421.6,421.45,421.6,19116,ITC
2025-04-15 09:49:00+05:30,421.6,421.85,421.5,421.8,16365,ITC
2025-04-15 09:50:00+05:30,421.8,421.85,421.55,421.7,19179,ITC
2025-04-15 09:51:00+05:30,421.7,421.9,421.65,421.9,9525,ITC
2025-04-15 09:52:00+05:30,421.85,422.25,421.85,422.2,33910,ITC
2025-04-15 09:53:00+05:30,422.2,422.25,422.0,422.15,13046,ITC
2025-04-15 09:54:00+05:30,422.1,422.1,421.9,422.0,18730,ITC
2025-04-15 09:55:00+05:30,422.0,422.15,421.85,422.05,18666,ITC
2025-04-15 09:56:00+05:30,422.15,422.15,421.95,422.0,17710,ITC
2025-04-15 09:57:00+05:30,421.95,422.0,421.65,421.85,25081,ITC
2025-04-15 09:58:00+05:30,421.65,421.8,421.55,421.65,14254,ITC
2025-04-15 09:59:00+05:30,421.65,421.65,421.4,421.55,29895,ITC
2025-04-15 10:00:00+05:30,421.4,421.55,421.35,421.4,8747,ITC
2025-04-15 10:01:00+05:30,421.35,421.45,421.2,421.35,9861,ITC
2025-04-15 10:02:00+05:30,421.25,421.35,421.05,421.2,15180,ITC
2025-04-15 10:03:00+05:30,421.1,421.35,421.0,421.2,34242,ITC
2025-04-15 10:04:00+05:30,421.2,421.2,421.05,421.2,11080,ITC
2025-04-15 10:05:00+05:30,421.1,421.2,421.05,421.1,21889,ITC
2025-04-15 10:06:00+05:30,421.15,421.4,421.1,421.4,18569,ITC
2025-04-15 10:07:00+05:30,421.35,421.4,421.3,421.35,11384,ITC
2025-04-15 10:08:00+05:30,421.3,421.4,421.1,421.15,11573,ITC
2025-04-15 10:09:00+05:30,421.05,421.15,420.65,421.0,134896,ITC
2025-04-15 10:10:00+05:30,421.0,421.05,420.85,421.0,18108,ITC
2025-04-15 10:11:00+05:30,421.0,421.2,420.9,421.2,38847,ITC
2025-04-15 10:12:00+05:30,421.2,421.5,421.1,421.5,5934,ITC
2025-04-15 10:13:00+05:30,421.5,421.7,421.35,421.6,12813,ITC
2025-04-15 10:14:00+05:30,421.6,421.6,421.35,421.6,11240,ITC
2025-04-15 10:15:00+05:30,421.6,421.65,421.35,421.65,13594,ITC
2025-04-15 10:16:00+05:30,421.6,421.75,421.4,421.45,15690,ITC
2025-04-15 10:17:00+05:30,421.4,421.6,421.2,421.4,10231,ITC
2025-04-15 10:18:00+05:30,421.4,421.4,421.3,421.35,7646,ITC
2025-04-15 10:19:00+05:30,421.3,421.4,421.3,421.35,4791,ITC
2025-04-15 10:20:00+05:30,421.4,421.4,421.1,421.3,26446,ITC
2025-04-15 10:21:00+05:30,421.4,421.8,421.3,421.65,7646,ITC
2025-04-15 10:22:00+05:30,421.65,421.85,421.6,421.75,9973,ITC
2025-04-15 10:23:00+05:30,421.65,421.75,421.6,421.65,5742,ITC
2025-04-15 10:24:00+05:30,421.7,421.85,421.65,421.85,15886,ITC
2025-04-15 10:25:00+05:30,421.75,422.1,421.75,422.1,9191,ITC
2025-04-15 10:26:00+05:30,422.1,422.2,422.0,422.15,13449,ITC
2025-04-15 10:27:00+05:30,422.0,422.35,422.0,422.2,51899,ITC
2025-04-15 10:28:00+05:30,422.2,422.2,421.95,422.15,18653,ITC
2025-04-15 10:29:00+05:30,422.1,422.2,422.0,422.15,9319,ITC
2025-04-15 10:30:00+05:30,422.05,422.2,422.0,422.0,8383,ITC
2025-04-15 10:31:00+05:30,422.0,422.15,421.85,422.0,8150,ITC
2025-04-15 10:32:00+05:30,422.0,422.0,421.7,421.9,8789,ITC
2025-04-15 10:33:00+05:30,421.9,421.9,421.7,421.8,7308,ITC
2025-04-15 10:34:00+05:30,421.8,421.85,421.7,421.8,6652,ITC
2025-04-15 10:35:00+05:30,421.8,421.8,421.65,421.75,10807,ITC
2025-04-15 10:36:00+05:30,421.75,421.8,421.65,421.8,5452,ITC
2025-04-15 10:37:00+05:30,421.75,421.8,421.5,421.55,17275,ITC
2025-04-15 10:38:00+05:30,421.6,421.75,421.55,421.6,18413,ITC
2025-04-15 10:39:00+05:30,421.55,421.6,421.45,421.5,10856,ITC
2025-04-15 10:40:00+05:30,421.5,421.5,421.25,421.3,12018,ITC
2025-04-15 10:41:00+05:30,421.3,421.3,420.8,420.85,59783,ITC
2025-04-15 10:42:00+05:30,420.85,420.85,420.75,420.8,13405,ITC
2025-04-15 10:43:00+05:30,420.75,420.8,420.1,420.2,55182,ITC
2025-04-15 10:44:00+05:30,420.1,420.2,420.05,420.05,29572,ITC
2025-04-15 10:45:00+05:30,420.1,420.25,420.05,420.25,46705,ITC
2025-04-15 10:46:00+05:30,420.2,420.25,420.05,420.2,11557,ITC
2025-04-15 10:47:00+05:30,420.2,420.25,420.15,420.2,12461,ITC
2025-04-15 10:48:00+05:30,420.2,420.35,420.15,420.3,21488,ITC
2025-04-15 10:49:00+05:30,420.35,420.7,420.35,420.65,11728,ITC
2025-04-15 10:50:00+05:30,420.6,420.85,420.6,420.8,6292,ITC
2025-04-15 10:51:00+05:30,420.75,420.8,420.55,420.6,11292,ITC
2025-04-15 10:52:00+05:30,420.55,420.85,420.55,420.75,6972,ITC
2025-04-15 10:53:00+05:30,420.75,420.85,420.5,420.65,13524,ITC
2025-04-15 10:54:00+05:30,420.6,420.7,420.5,420.65,13577,ITC
2025-04-15 10:55:00+05:30,420.6,420.65,420.45,420.45,11200,ITC
2025-04-15 10:56:00+05:30,420.45,420.55,420.4,420.55,11126,ITC
2025-04-15 10:57:00+05:30,420.5,420.8,420.45,420.75,18811,ITC
2025-04-15 10:58:00+05:30,420.6,420.75,420.3,420.4,17799,ITC
2025-04-15 10:59:00+05:30,420.5,420.5,420.35,420.45,7497,ITC
2025-04-15 11:00:00+05:30,420.45,420.55,420.4,420.5,11239,ITC
2025-04-15 11:01:00+05:30,420.45,420.6,420.4,420.55,3992,ITC
2025-04-15 11:02:00+05:30,420.5,420.6,420.45,420.5,9788,ITC
2025-04-15 11:03:00+05:30,420.45,420.5,420.25,420.35,13753,ITC
2025-04-15 11:04:00+05:30,420.3,420.3,420.15,420.2,10344,ITC
2025-04-15 11:05:00+05:30,420.15,420.45,420.1,420.25,34046,ITC
2025-04-15 11:06:00+05:30,420.3,420.4,420.1,420.15,16906,ITC
2025-04-15 11:07:00+05:30,420.15,420.15,420.0,420.1,23374,ITC
2025-04-15 11:08:00+05:30,420.0,420.1,419.55,419.85,65838,ITC
2025-04-15 11:09:00+05:30,419.85,419.9,419.7,419.75,26517,ITC
2025-04-15 11:10:00+05:30,419.75,419.75,419.55,419.65,21612,ITC
2025-04-15 11:11:00+05:30,419.6,419.65,419.25,419.25,27225,ITC
2025-04-15 11:12:00+05:30,419.25,419.3,419.0,419.05,90248,ITC
2025-04-15 11:13:00+05:30,419.0,419.15,419.0,419.1,11366,ITC
2025-04-15 11:14:00+05:30,419.1,419.5,419.05,419.35,42082,ITC
2025-04-15 11:15:00+05:30,419.3,419.6,419.2,419.5,17855,ITC
2025-04-15 11:16:00+05:30,419.55,419.8,419.5,419.7,13765,ITC
2025-04-15 11:17:00+05:30,419.7,419.8,419.5,419.75,6954,ITC
2025-04-15 11:18:00+05:30,419.75,419.75,419.65,419.75,10184,ITC
2025-04-15 11:19:00+05:30,419.7,419.8,419.65,419.8,12126,ITC
2025-04-15 11:20:00+05:30,419.75,419.85,419.75,419.8,12246,ITC
2025-04-15 11:21:00+05:30,419.8,419.9,419.75,419.85,7699,ITC
2025-04-15 11:22:00+05:30,419.8,420.0,419.8,420.0,34583,ITC
2025-04-15 11:23:00+05:30,419.95,420.1,419.95,420.0,13013,ITC
2025-04-15 11:24:00+05:30,420.0,420.65,420.0,420.55,47844,ITC
2025-04-15 11:25:00+05:30,420.55,420.7,420.5,420.7,6988,ITC
2025-04-15 11:26:00+05:30,420.65,420.8,420.65,420.8,23897,ITC
2025-04-15 11:27:00+05:30,420.8,420.9,420.7,420.9,13376,ITC
2025-04-15 11:28:00+05:30,420.85,421.0,420.8,420.95,7017,ITC
2025-04-15 11:29:00+05:30,420.95,421.0,420.75,420.9,18544,ITC
2025-04-15 11:30:00+05:30,420.9,420.95,420.6,420.75,12115,ITC
2025-04-15 11:31:00+05:30,420.75,420.75,420.55,420.7,7820,ITC
2025-04-15 11:32:00+05:30,420.65,421.2,420.6,421.0,35637,ITC
2025-04-15 11:33:00+05:30,421.0,421.2,421.0,421.1,11250,ITC
2025-04-15 11:34:00+05:30,421.1,421.1,421.0,421.1,3542,ITC
2025-04-15 11:35:00+05:30,421.05,421.2,421.0,421.2,12614,ITC
2025-04-15 11:36:00+05:30,421.2,421.2,421.1,421.2,15198,ITC
2025-04-15 11:37:00+05:30,421.15,421.5,421.15,421.45,16304,ITC
2025-04-15 11:38:00+05:30,421.45,421.5,421.3,421.45,18807,ITC
2025-04-15 11:39:00+05:30,421.4,421.45,421.15,421.4,26238,ITC
2025-04-15 11:40:00+05:30,421.4,421.45,421.3,421.4,9214,ITC
2025-04-15 11:41:00+05:30,421.35,421.4,421.15,421.4,12605,ITC
2025-04-15 11:42:00+05:30,421.35,421.5,421.3,421.5,14359,ITC
2025-04-15 11:43:00+05:30,421.4,421.5,421.4,421.5,10636,ITC
2025-04-15 11:44:00+05:30,421.45,421.6,421.4,421.6,15105,ITC
2025-04-15 11:45:00+05:30,421.55,421.7,421.55,421.7,7766,ITC
2025-04-15 11:46:00+05:30,421.65,421.7,421.4,421.5,14588,ITC
2025-04-15 11:47:00+05:30,421.45,421.5,421.3,421.5,5964,ITC
2025-04-15 11:48:00+05:30,421.35,421.55,421.25,421.5,23510,ITC
2025-04-15 11:49:00+05:30,421.45,421.55,421.35,421.55,13604,ITC
2025-04-15 11:50:00+05:30,421.5,421.65,421.4,421.6,11029,ITC
2025-04-15 11:51:00+05:30,421.4,421.7,421.4,421.7,9702,ITC
2025-04-15 11:52:00+05:30,421.6,421.7,421.4,421.5,7615,ITC
2025-04-15 11:53:00+05:30,421.5,421.6,421.4,421.6,7201,ITC
2025-04-15 11:54:00+05:30,421.6,421.65,421.4,421.4,12879,ITC
2025-04-15 11:55:00+05:30,421.45,421.45,421.35,421.45,3519,ITC
2025-04-15 11:56:00+05:30,421.4,421.55,421.35,421.45,10460,ITC
2025-04-15 11:57:00+05:30,421.45,421.55,421.35,421.45,5763,ITC
2025-04-15 11:58:00+05:30,421.35,421.45,421.3,421.45,11218,ITC
2025-04-15 11:59:00+05:30,421.45,421.5,421.25,421.35,17053,ITC
2025-04-15 12:00:00+05:30,421.25,421.4,421.25,421.4,8069,ITC
2025-04-15 12:01:00+05:30,421.3,421.4,420.9,421.05,56305,ITC
2025-04-15 12:02:00+05:30,420.95,421.05,420.65,420.95,26587,ITC
2025-04-15 12:03:00+05:30,420.85,421.0,420.65,421.0,29343,ITC
2025-04-15 12:04:00+05:30,420.9,421.2,420.75,421.1,24403,ITC
2025-04-15 12:05:00+05:30,421.1,421.2,420.95,421.15,8681,ITC
2025-04-15 12:06:00+05:30,421.2,421.25,421.05,421.25,11964,ITC
2025-04-15 12:07:00+05:30,421.25,421.3,421.05,421.25,6804,ITC
2025-04-15 12:08:00+05:30,421.25,421.3,421.2,421.3,5914,ITC
2025-04-15 12:09:00+05:30,421.3,421.3,421.2,421.3,8572,ITC
2025-04-15 12:10:00+05:30,421.3,421.3,421.15,421.25,7385,ITC
2025-04-15 12:11:00+05:30,421.25,421.3,421.15,421.25,7133,ITC
2025-04-15 12:12:00+05:30,421.25,421.3,421.15,421.3,7423,ITC
2025-04-15 12:13:00+05:30,421.3,421.3,421.15,421.15,11105,ITC
2025-04-15 12:14:00+05:30,421.3,421.3,421.1,421.25,10654,ITC
2025-04-15 12:15:00+05:30,421.3,421.3,421.2,421.3,7130,ITC
2025-04-15 12:16:00+05:30,421.3,421.3,421.15,421.2,6219,ITC
2025-04-15 12:17:00+05:30,421.15,421.25,421.0,421.25,11483,ITC
2025-04-15 12:18:00+05:30,421.2,421.3,421.05,421.3,12543,ITC
2025-04-15 12:19:00+05:30,421.3,421.6,421.25,421.55,21545,ITC
2025-04-15 12:20:00+05:30,421.6,421.6,421.35,421.45,19299,ITC
2025-04-15 12:21:00+05:30,421.45,421.8,421.35,421.75,38050,ITC
2025-04-15 12:22:00+05:30,421.75,421.85,421.7,421.85,20635,ITC
2025-04-15 12:23:00+05:30,421.85,421.95,421.55,421.55,48774,ITC
2025-04-15 12:24:00+05:30,421.6,421.75,421.25,421.6,105499,ITC
2025-04-15 12:25:00+05:30,421.6,421.6,421.2,421.2,12110,ITC
2025-04-15 12:26:00+05:30,421.3,421.8,421.2,421.7,62773,ITC
2025-04-15 12:27:00+05:30,421.65,422.2,421.55,421.75,127619,ITC
2025-04-15 12:28:00+05:30,421.75,421.75,421.65,421.65,11126,ITC
2025-04-15 12:29:00+05:30,421.7,421.7,421.6,421.6,9843,ITC
2025-04-15 12:30:00+05:30,421.65,421.85,421.4,421.8,68753,ITC
2025-04-15 12:31:00+05:30,421.85,422.0,421.8,421.95,25014,ITC
2025-04-15 12:32:00+05:30,421.95,422.05,421.85,421.85,16280,ITC
2025-04-15 12:33:00+05:30,421.85,422.0,421.85,422.0,15394,ITC
2025-04-15 12:34:00+05:30,422.0,422.1,421.85,422.0,13346,ITC
2025-04-15 12:35:00+05:30,422.1,422.1,421.9,422.0,33234,ITC
2025-04-15 12:36:00+05:30,422.0,422.05,421.9,422.0,16995,ITC
2025-04-15 12:37:00+05:30,421.95,422.05,421.9,422.0,10163,ITC
2025-04-15 12:38:00+05:30,422.05,422.1,422.0,422.0,31812,ITC
2025-04-15 12:39:00+05:30,422.05,422.2,421.95,422.05,34656,ITC
2025-04-15 12:40:00+05:30,422.05,422.5,422.0,422.3,113254,ITC
2025-04-15 12:41:00+05:30,422.3,422.4,422.25,422.35,9751,ITC
2025-04-15 12:42:00+05:30,422.35,422.45,422.3,422.45,27195,ITC
2025-04-15 12:43:00+05:30,422.35,422.45,422.25,422.4,16857,ITC
2025-04-15 12:44:00+05:30,422.4,422.5,422.25,422.5,14754,ITC
2025-04-15 12:45:00+05:30,422.45,422.5,422.35,422.45,10679,ITC
2025-04-15 12:46:00+05:30,422.45,422.5,422.3,422.45,15941,ITC
2025-04-15 12:47:00+05:30,422.4,422.5,422.3,422.45,9685,ITC
2025-04-15 12:48:00+05:30,422.45,422.5,422.35,422.35,11039,ITC
2025-04-15 12:49:00+05:30,422.4,422.4,422.25,422.35,11848,ITC
2025-04-15 12:50:00+05:30,422.35,422.4,422.25,422.35,11013,ITC
2025-04-15 12:51:00+05:30,422.3,422.35,421.8,421.85,68022,ITC
2025-04-15 12:52:00+05:30,421.85,421.85,421.35,421.4,28865,ITC
2025-04-15 12:53:00+05:30,421.4,421.4,421.25,421.3,30463,ITC
2025-04-15 12:54:00+05:30,421.4,421.45,421.25,421.3,14932,ITC
2025-04-15 12:55:00+05:30,421.3,421.35,421.2,421.3,7045,ITC
2025-04-15 12:56:00+05:30,421.3,421.3,421.1,421.2,31019,ITC
2025-04-15 12:57:00+05:30,421.2,421.2,421.0,421.05,18055,ITC
2025-04-15 12:58:00+05:30,421.1,422.05,421.0,421.95,177653,ITC
2025-04-15 12:59:00+05:30,421.95,421.95,421.2,421.3,36049,ITC
2025-04-15 13:00:00+05:30,421.3,421.85,421.2,421.6,112871,ITC
2025-04-15 13:01:00+05:30,421.75,421.8,421.5,421.7,8409,ITC
2025-04-15 13:02:00+05:30,421.7,421.7,421.15,421.2,22301,ITC
2025-04-15 13:03:00+05:30,421.2,421.25,421.1,421.25,7421,ITC
2025-04-15 13:04:00+05:30,421.25,421.25,421.15,421.25,7050,ITC
2025-04-15 13:05:00+05:30,421.25,421.25,421.05,421.05,15898,ITC
2025-04-15 13:06:00+05:30,421.1,421.2,421.05,421.15,7544,ITC
2025-04-15 13:07:00+05:30,421.1,421.25,421.0,421.1,36835,ITC
2025-04-15 13:08:00+05:30,421.05,421.65,421.0,421.65,120431,ITC
2025-04-15 13:09:00+05:30,421.55,421.65,421.5,421.55,14998,ITC
2025-04-15 13:10:00+05:30,421.55,421.6,421.5,421.55,8739,ITC
2025-04-15 13:11:00+05:30,421.55,421.6,421.4,421.5,49561,ITC
2025-04-15 13:12:00+05:30,421.5,421.6,421.45,421.55,8674,ITC
2025-04-15 13:13:00+05:30,421.6,421.65,421.45,421.6,9225,ITC
2025-04-15 13:14:00+05:30,421.6,421.65,421.15,421.2,18629,ITC
2025-04-15 13:15:00+05:30,421.2,421.2,421.0,421.1,28012,ITC
2025-04-15 13:16:00+05:30,421.1,421.1,421.05,421.1,3986,ITC
2025-04-15 13:17:00+05:30,421.1,421.15,421.0,421.1,18875,ITC
2025-04-15 13:18:00+05:30,421.1,421.1,420.8,420.95,27255,ITC
2025-04-15 13:19:00+05:30,420.9,420.9,420.6,420.7,11942,ITC
2025-04-15 13:20:00+05:30,420.7,420.7,420.45,420.65,41131,ITC
2025-04-15 13:21:00+05:30,420.65,420.65,420.35,420.4,13433,ITC
2025-04-15 13:22:00+05:30,420.4,420.5,420.15,420.5,53562,ITC
2025-04-15 13:23:00+05:30,420.5,420.8,420.5,420.65,21755,ITC
2025-04-15 13:24:00+05:30,420.65,420.65,420.4,420.45,8636,ITC
2025-04-15 13:25:00+05:30,420.45,420.65,420.3,420.55,16461,ITC
2025-04-15 13:26:00+05:30,420.5,420.65,420.4,420.45,14292,ITC
2025-04-15 13:27:00+05:30,420.45,420.45,420.3,420.4,10551,ITC
2025-04-15 13:28:00+05:30,420.4,420.45,420.3,420.4,14288,ITC
2025-04-15 13:29:00+05:30,420.4,420.4,420.2,420.35,41964,ITC
2025-04-15 13:30:00+05:30,420.35,420.7,420.3,420.7,30519,ITC
2025-04-15 13:31:00+05:30,420.7,420.8,420.6,420.8,7963,ITC
2025-04-15 13:32:00+05:30,420.8,420.8,420.65,420.7,10457,ITC
2025-04-15 13:33:00+05:30,420.8,420.8,420.55,420.75,17375,ITC
2025-04-15 13:34:00+05:30,420.75,420.85,420.65,420.85,9390,ITC
2025-04-15 13:35:00+05:30,420.85,421.15,420.8,421.15,10595,ITC
2025-04-15 13:36:00+05:30,421.1,421.15,420.85,420.9,16067,ITC
2025-04-15 13:37:00+05:30,420.9,420.9,420.75,420.75,15142,ITC
2025-04-15 13:38:00+05:30,420.75,420.75,420.65,420.7,8500,ITC
2025-04-15 13:39:00+05:30,420.75,420.8,420.6,420.7,13008,ITC
2025-04-15 13:40:00+05:30,420.7,420.9,420.65,420.85,12313,ITC
2025-04-15 13:41:00+05:30,420.8,420.9,420.8,420.85,14432,ITC
2025-04-15 13:42:00+05:30,420.85,421.05,420.8,421.05,12037,ITC
2025-04-15 13:43:00+05:30,421.05,421.05,420.95,421.0,11849,ITC
2025-04-15 13:44:00+05:30,421.05,421.15,420.8,420.85,18209,ITC
2025-04-15 13:45:00+05:30,420.85,420.85,420.55,420.6,42868,ITC
2025-04-15 13:46:00+05:30,420.65,420.65,420.3,420.4,41440,ITC
2025-04-15 13:47:00+05:30,420.4,420.4,420.1,420.2,46562,ITC
2025-04-15 13:48:00+05:30,420.2,420.25,420.1,420.15,35627,ITC
2025-04-15 13:49:00+05:30,420.15,420.7,420.1,420.7,29998,ITC
2025-04-15 13:50:00+05:30,420.65,420.85,420.55,420.65,28977,ITC
2025-04-15 13:51:00+05:30,420.65,420.75,420.4,420.65,15960,ITC
2025-04-15 13:52:00+05:30,420.65,420.75,420.6,420.75,8844,ITC
2025-04-15 13:53:00+05:30,420.75,420.75,420.6,420.65,12573,ITC
2025-04-15 13:54:00+05:30,420.65,420.65,420.45,420.6,60230,ITC
2025-04-15 13:55:00+05:30,420.6,421.05,420.6,421.05,22528,ITC
2025-04-15 13:56:00+05:30,421.05,421.1,420.9,421.0,19163,ITC
2025-04-15 13:57:00+05:30,421.05,421.05,420.9,421.0,9201,ITC
2025-04-15 13:58:00+05:30,421.0,421.0,420.9,421.0,9666,ITC
2025-04-15 13:59:00+05:30,421.0,421.0,420.8,420.95,18219,ITC
2025-04-15 14:00:00+05:30,420.95,421.0,420.85,421.0,17352,ITC
2025-04-15 14:01:00+05:30,421.0,421.0,420.95,420.95,15844,ITC
2025-04-15 14:02:00+05:30,420.95,421.0,420.75,420.95,18584,ITC
2025-04-15 14:03:00+05:30,420.9,421.0,420.8,420.8,11181,ITC
2025-04-15 14:04:00+05:30,420.85,420.85,420.7,420.8,10771,ITC
2025-04-15 14:05:00+05:30,420.8,420.8,420.65,420.8,15403,ITC
2025-04-15 14:06:00+05:30,420.8,420.8,420.6,420.75,43437,ITC
2025-04-15 14:07:00+05:30,420.75,420.8,420.7,420.8,8788,ITC
2025-04-15 14:08:00+05:30,420.8,420.9,420.75,420.85,13286,ITC
2025-04-15 14:09:00+05:30,420.8,421.0,420.7,420.85,19619,ITC
2025-04-15 14:10:00+05:30,420.8,420.85,420.7,420.85,7415,ITC
2025-04-15 14:11:00+05:30,420.8,420.85,420.7,420.85,16276,ITC
2025-04-15 14:12:00+05:30,420.8,421.0,420.75,420.95,11642,ITC
2025-04-15 14:13:00+05:30,420.8,421.1,420.8,421.1,20824,ITC
2025-04-15 14:14:00+05:30,421.05,421.1,420.9,421.0,15007,ITC
2025-04-15 14:15:00+05:30,420.95,421.1,420.9,421.05,9376,ITC
2025-04-15 14:16:00+05:30,421.05,421.1,420.8,420.8,57595,ITC
2025-04-15 14:17:00+05:30,420.85,421.0,420.75,420.75,12933,ITC
2025-04-15 14:18:00+05:30,420.75,420.9,420.7,420.9,20533,ITC
2025-04-15 14:19:00+05:30,420.85,420.95,420.75,420.85,11956,ITC
2025-04-15 14:20:00+05:30,420.85,420.95,420.8,420.9,12860,ITC
2025-04-15 14:21:00+05:30,420.85,421.0,420.8,421.0,11096,ITC
2025-04-15 14:22:00+05:30,420.95,421.0,420.75,420.9,9041,ITC
2025-04-15 14:23:00+05:30,420.9,420.95,420.75,420.75,15892,ITC
2025-04-15 14:24:00+05:30,420.75,420.9,420.6,420.65,37109,ITC
2025-04-15 14:25:00+05:30,420.65,420.85,420.65,420.75,10127,ITC
2025-04-15 14:26:00+05:30,420.75,420.9,420.6,420.8,30449,ITC
2025-04-15 14:27:00+05:30,420.8,420.85,420.7,420.85,9536,ITC
2025-04-15 14:28:00+05:30,420.75,420.85,420.5,420.8,30245,ITC
2025-04-15 14:29:00+05:30,420.75,420.8,420.7,420.7,11181,ITC
2025-04-15 14:30:00+05:30,420.75,420.8,420.5,420.5,32107,ITC
2025-04-15 14:31:00+05:30,420.5,420.65,420.35,420.6,28305,ITC
2025-04-15 14:32:00+05:30,420.6,420.65,420.5,420.55,9794,ITC
2025-04-15 14:33:00+05:30,420.55,420.65,420.4,420.45,19579,ITC
2025-04-15 14:34:00+05:30,420.45,420.6,420.35,420.45,8097,ITC
2025-04-15 14:35:00+05:30,420.4,420.5,420.25,420.45,30098,ITC
2025-04-15 14:36:00+05:30,420.5,420.6,420.3,420.4,23430,ITC
2025-04-15 14:37:00+05:30,420.45,420.55,420.3,420.3,25158,ITC
2025-04-15 14:38:00+05:30,420.4,420.6,420.1,420.5,42767,ITC
2025-04-15 14:39:00+05:30,420.55,420.6,420.4,420.55,9372,ITC
2025-04-15 14:40:00+05:30,420.5,420.55,420.25,420.25,28714,ITC
2025-04-15 14:41:00+05:30,420.25,420.35,420.2,420.3,12025,ITC
2025-04-15 14:42:00+05:30,420.3,420.4,420.15,420.2,22496,ITC
2025-04-15 14:43:00+05:30,420.2,420.2,420.05,420.15,21356,ITC
2025-04-15 14:44:00+05:30,420.1,420.25,420.05,420.25,29901,ITC
2025-04-15 14:45:00+05:30,420.25,420.4,420.05,420.4,23765,ITC
2025-04-15 14:46:00+05:30,420.4,420.5,420.3,420.4,12983,ITC
2025-04-15 14:47:00+05:30,420.45,420.5,420.4,420.5,19207,ITC
2025-04-15 14:48:00+05:30,420.45,420.5,420.25,420.45,23151,ITC
2025-04-15 14:49:00+05:30,420.45,420.5,420.3,420.5,12729,ITC
2025-04-15 14:50:00+05:30,420.5,420.5,420.35,420.4,14011,ITC
2025-04-15 14:51:00+05:30,420.4,420.5,420.35,420.5,16097,ITC
2025-04-15 14:52:00+05:30,420.45,420.95,420.45,420.95,55923,ITC
2025-04-15 14:53:00+05:30,420.95,421.25,420.85,421.2,104615,ITC
2025-04-15 14:54:00+05:30,421.25,421.25,421.2,421.25,66130,ITC
2025-04-15 14:55:00+05:30,421.2,421.2,420.9,421.2,47428,ITC
2025-04-15 14:56:00+05:30,421.2,421.25,420.9,421.0,50055,ITC
2025-04-15 14:57:00+05:30,421.0,421.25,420.9,421.0,59563,ITC
2025-04-15 14:58:00+05:30,420.95,421.25,420.8,421.0,50515,ITC
2025-04-15 14:59:00+05:30,421.0,421.1,420.8,420.9,16507,ITC
2025-04-15 15:00:00+05:30,420.9,421.0,420.75,420.85,60939,ITC
2025-04-15 15:01:00+05:30,420.85,420.85,420.8,420.8,37711,ITC
2025-04-15 15:02:00+05:30,420.85,420.9,420.7,420.8,67082,ITC
2025-04-15 15:03:00+05:30,420.8,420.95,420.75,420.8,78356,ITC
2025-04-15 15:04:00+05:30,420.85,420.9,420.75,420.8,67081,ITC
2025-04-15 15:05:00+05:30,420.8,420.85,420.7,420.75,83029,ITC
2025-04-15 15:06:00+05:30,420.8,420.85,420.5,420.55,87423,ITC
2025-04-15 15:07:00+05:30,420.55,420.6,420.35,420.5,84384,ITC
2025-04-15 15:08:00+05:30,420.55,420.85,420.5,420.75,100534,ITC
2025-04-15 15:09:00+05:30,420.75,420.8,420.55,420.55,60516,ITC
2025-04-15 15:10:00+05:30,420.6,420.6,420.35,420.4,71342,ITC
2025-04-15 15:11:00+05:30,420.4,420.5,420.35,420.35,85449,ITC
2025-04-15 15:12:00+05:30,420.4,420.45,420.2,420.45,89546,ITC
2025-04-15 15:13:00+05:30,420.45,420.5,420.4,420.45,75202,ITC
2025-04-15 15:14:00+05:30,420.45,420.5,420.15,420.25,118065,ITC
2025-04-15 15:15:00+05:30,420.3,420.35,420.05,420.2,109312,ITC
2025-04-15 15:16:00+05:30,420.1,420.15,419.85,419.9,138869,ITC
2025-04-15 15:17:00+05:30,419.85,420.0,419.7,419.85,147853,ITC
2025-04-15 15:18:00+05:30,419.75,420.2,419.75,420.2,89624,ITC
2025-04-15 15:19:00+05:30,420.15,420.25,420.05,420.1,133612,ITC
2025-04-15 15:20:00+05:30,420.05,420.3,420.05,420.3,97851,ITC
2025-04-15 15:21:00+05:30,420.25,420.5,420.2,420.45,38059,ITC
2025-04-15 15:22:00+05:30,420.45,420.6,420.4,420.45,73951,ITC
2025-04-15 15:23:00+05:30,420.5,420.6,420.4,420.6,105462,ITC
2025-04-15 15:24:00+05:30,420.55,420.6,420.35,420.4,111002,ITC
2025-04-15 15:25:00+05:30,420.4,420.65,420.35,420.5,106845,ITC
2025-04-15 15:26:00+05:30,420.45,420.55,420.25,420.35,60373,ITC
2025-04-15 15:27:00+05:30,420.35,420.55,420.3,420.45,85178,ITC
2025-04-15 15:28:00+05:30,420.45,420.8,420.3,420.3,89366,ITC
2025-04-15 15:29:00+05:30,420.3,420.55,420.2,420.35,23813,ITC
2025-04-16 09:15:00+05:30,418.0,420.0,418.0,419.5,103918,ITC
2025-04-16 09:16:00+05:30,419.5,420.25,419.3,420.25,50894,ITC
2025-04-16 09:17:00+05:30,420.25,420.6,419.85,420.45,54436,ITC
2025-04-16 09:18:00+05:30,420.35,421.25,420.15,421.25,51040,ITC
2025-04-16 09:19:00+05:30,421.0,421.45,420.95,421.3,34930,ITC
2025-04-16 09:20:00+05:30,421.25,421.55,421.1,421.45,109663,ITC
2025-04-16 09:21:00+05:30,421.3,421.5,421.15,421.15,21325,ITC
2025-04-16 09:22:00+05:30,421.25,421.75,421.15,421.55,25179,ITC
2025-04-16 09:23:00+05:30,421.55,422.35,421.4,422.3,51499,ITC
2025-04-16 09:24:00+05:30,422.3,422.3,421.65,421.8,36603,ITC
2025-04-16 09:25:00+05:30,421.8,422.05,421.65,421.9,11486,ITC
2025-04-16 09:26:00+05:30,421.9,422.05,421.2,421.3,37122,ITC
2025-04-16 09:27:00+05:30,421.25,421.8,421.25,421.5,16101,ITC
2025-04-16 09:28:00+05:30,421.55,422.2,421.4,422.2,28032,ITC
2025-04-16 09:29:00+05:30,422.2,422.4,422.05,422.15,15268,ITC
2025-04-16 09:30:00+05:30,422.3,422.45,422.15,422.15,19813,ITC
2025-04-16 09:31:00+05:30,422.3,422.4,422.15,422.2,14356,ITC
2025-04-16 09:32:00+05:30,422.2,422.35,422.15,422.35,10406,ITC
2025-04-16 09:33:00+05:30,422.35,422.35,421.75,421.95,32762,ITC
2025-04-16 09:34:00+05:30,421.95,422.0,421.6,421.7,11730,ITC
2025-04-16 09:35:00+05:30,421.85,421.9,421.6,421.75,24842,ITC
2025-04-16 09:36:00+05:30,421.7,421.85,421.35,421.6,27910,ITC
2025-04-16 09:37:00+05:30,421.6,421.85,421.6,421.85,8645,ITC
2025-04-16 09:38:00+05:30,421.85,422.0,421.7,421.7,24133,ITC
2025-04-16 09:39:00+05:30,421.75,421.85,421.5,421.7,29759,ITC
2025-04-16 09:40:00+05:30,421.55,421.85,421.45,421.65,29608,ITC
2025-04-16 09:41:00+05:30,421.85,421.85,421.6,421.75,14638,ITC
2025-04-16 09:42:00+05:30,421.75,422.5,421.6,422.45,46143,ITC
2025-04-16 09:43:00+05:30,422.45,422.75,422.4,422.55,34609,ITC
2025-04-16 09:44:00+05:30,422.5,422.7,422.4,422.5,31910,ITC
2025-04-16 09:45:00+05:30,422.6,423.0,422.35,423.0,54824,ITC
2025-04-16 09:46:00+05:30,423.0,423.0,422.45,422.75,35573,ITC
2025-04-16 09:47:00+05:30,422.85,422.9,422.75,422.85,24671,ITC
2025-04-16 09:48:00+05:30,422.85,422.9,422.7,422.9,14398,ITC
2025-04-16 09:49:00+05:30,422.75,422.9,422.5,422.5,14565,ITC
2025-04-16 09:50:00+05:30,422.6,422.7,422.55,422.65,8426,ITC
2025-04-16 09:51:00+05:30,422.6,422.65,422.45,422.45,14958,ITC
2025-04-16 09:52:00+05:30,422.5,422.7,422.3,422.6,27469,ITC
2025-04-16 09:53:00+05:30,422.65,422.75,422.5,422.7,12698,ITC
2025-04-16 09:54:00+05:30,422.6,422.8,422.55,422.6,12745,ITC
2025-04-16 09:55:00+05:30,422.55,422.7,422.45,422.55,22980,ITC
2025-04-16 09:56:00+05:30,422.6,422.7,422.4,422.7,17065,ITC
2025-04-16 09:57:00+05:30,422.7,422.95,422.7,422.9,9875,ITC
2025-04-16 09:58:00+05:30,422.9,423.0,422.75,422.75,20343,ITC
2025-04-16 09:59:00+05:30,422.75,422.85,422.4,422.5,24706,ITC
2025-04-16 10:00:00+05:30,422.5,422.5,422.25,422.35,21792,ITC
2025-04-16 10:01:00+05:30,422.35,422.65,422.1,422.65,14561,ITC
2025-04-16 10:02:00+05:30,422.65,422.95,422.6,422.8,30088,ITC
2025-04-16 10:03:00+05:30,422.85,422.9,422.65,422.8,15351,ITC
2025-04-16 10:04:00+05:30,422.8,422.85,422.55,422.7,28835,ITC
2025-04-16 10:05:00+05:30,422.7,422.8,422.5,422.5,18204,ITC
2025-04-16 10:06:00+05:30,422.6,422.8,422.5,422.7,14353,ITC
2025-04-16 10:07:00+05:30,422.55,422.7,422.35,422.55,26482,ITC
2025-04-16 10:08:00+05:30,422.55,422.65,422.35,422.35,13916,ITC
2025-04-16 10:09:00+05:30,422.45,422.45,422.3,422.35,12241,ITC
2025-04-16 10:10:00+05:30,422.35,422.4,422.15,422.2,11812,ITC
2025-04-16 10:11:00+05:30,422.25,422.35,422.1,422.3,10723,ITC
2025-04-16 10:12:00+05:30,422.3,422.35,422.15,422.35,11714,ITC
2025-04-16 10:13:00+05:30,422.35,422.45,422.15,422.4,14822,ITC
2025-04-16 10:14:00+05:30,422.4,422.5,422.2,422.5,13360,ITC
2025-04-16 10:15:00+05:30,422.5,422.6,422.2,422.25,14694,ITC
2025-04-16 10:16:00+05:30,422.25,422.3,422.1,422.25,12104,ITC
2025-04-16 10:17:00+05:30,422.25,422.25,421.75,421.95,33388,ITC
2025-04-16 10:18:00+05:30,421.8,422.0,421.8,421.95,10406,ITC
2025-04-16 10:19:00+05:30,421.8,421.95,421.7,421.9,23504,ITC
2025-04-16 10:20:00+05:30,421.75,421.95,421.65,421.85,11802,ITC
2025-04-16 10:21:00+05:30,421.65,421.9,421.65,421.65,12884,ITC
2025-04-16 10:22:00+05:30,421.75,421.9,421.55,421.75,21934,ITC
2025-04-16 10:23:00+05:30,421.6,421.8,421.35,421.4,26166,ITC
2025-04-16 10:24:00+05:30,421.35,421.55,421.25,421.55,10919,ITC
2025-04-16 10:25:00+05:30,421.4,421.6,421.35,421.6,12644,ITC
2025-04-16 10:26:00+05:30,421.4,421.6,421.3,421.55,14356,ITC
2025-04-16 10:27:00+05:30,421.35,421.8,421.35,421.55,20946,ITC
2025-04-16 10:28:00+05:30,421.6,421.8,421.3,421.4,51142,ITC
2025-04-16 10:29:00+05:30,421.35,421.6,421.35,421.4,9746,ITC
2025-04-16 10:30:00+05:30,421.4,421.6,421.05,421.35,73314,ITC
2025-04-16 10:31:00+05:30,421.15,421.35,420.85,421.1,55688,ITC
2025-04-16 10:32:00+05:30,420.9,421.2,420.9,421.05,7914,ITC
2025-04-16 10:33:00+05:30,421.15,421.15,420.55,421.0,72434,ITC
2025-04-16 10:34:00+05:30,420.8,421.0,420.5,420.5,10730,ITC
2025-04-16 10:35:00+05:30,420.5,420.65,420.35,420.6,23468,ITC
2025-04-16 10:36:00+05:30,420.6,420.65,420.35,420.5,14958,ITC
2025-04-16 10:37:00+05:30,420.45,420.6,420.3,420.6,15710,ITC
2025-04-16 10:38:00+05:30,420.55,420.6,420.3,420.3,20315,ITC
2025-04-16 10:39:00+05:30,420.3,420.5,420.3,420.35,9058,ITC
2025-04-16 10:40:00+05:30,420.35,420.65,420.3,420.6,20804,ITC
2025-04-16 10:41:00+05:30,420.4,420.6,420.4,420.55,11721,ITC
2025-04-16 10:42:00+05:30,420.55,420.55,420.3,420.4,14488,ITC
2025-04-16 10:43:00+05:30,420.4,420.45,420.25,420.4,29556,ITC
2025-04-16 10:44:00+05:30,420.25,421.05,420.25,420.6,117933,ITC
2025-04-16 10:45:00+05:30,420.6,421.65,420.6,421.55,70781,ITC
2025-04-16 10:46:00+05:30,421.55,421.65,421.25,421.4,15387,ITC
2025-04-16 10:47:00+05:30,421.3,422.05,421.25,422.0,98489,ITC
2025-04-16 10:48:00+05:30,421.8,422.1,421.7,422.1,78775,ITC
2025-04-16 10:49:00+05:30,421.95,422.15,421.85,422.1,24585,ITC
2025-04-16 10:50:00+05:30,422.1,422.15,421.8,421.8,25947,ITC
2025-04-16 10:51:00+05:30,421.8,422.2,421.8,422.05,15732,ITC
2025-04-16 10:52:00+05:30,422.05,422.2,422.0,422.1,21470,ITC
2025-04-16 10:53:00+05:30,422.0,422.15,421.6,421.6,168086,ITC
2025-04-16 10:54:00+05:30,421.65,421.85,421.6,421.75,6443,ITC
2025-04-16 10:55:00+05:30,421.75,422.0,421.55,421.9,15505,ITC
2025-04-16 10:56:00+05:30,421.9,422.05,421.65,421.75,36207,ITC
2025-04-16 10:57:00+05:30,421.65,422.0,421.65,421.95,28717,ITC
2025-04-16 10:58:00+05:30,421.7,422.2,421.7,422.15,32920,ITC
2025-04-16 10:59:00+05:30,422.0,422.4,422.0,422.3,30973,ITC
2025-04-16 11:00:00+05:30,422.3,422.35,422.05,422.05,22153,ITC
2025-04-16 11:01:00+05:30,422.25,422.3,422.05,422.15,16009,ITC
2025-04-16 11:02:00+05:30,422.05,422.25,422.05,422.2,19879,ITC
2025-04-16 11:03:00+05:30,422.2,422.2,422.0,422.2,16050,ITC
2025-04-16 11:04:00+05:30,422.1,422.25,422.0,422.05,27563,ITC
2025-04-16 11:05:00+05:30,422.2,422.45,422.1,422.25,17740,ITC
2025-04-16 11:06:00+05:30,422.25,422.55,422.25,422.5,24924,ITC
2025-04-16 11:07:00+05:30,422.5,422.7,422.4,422.4,29390,ITC
2025-04-16 11:08:00+05:30,422.4,422.65,422.35,422.65,15907,ITC
2025-04-16 11:09:00+05:30,422.65,422.85,422.5,422.7,47148,ITC
2025-04-16 11:10:00+05:30,422.8,422.9,422.65,422.9,24554,ITC
2025-04-16 11:11:00+05:30,422.85,423.2,422.85,423.15,104379,ITC
2025-04-16 11:12:00+05:30,423.15,423.45,423.05,423.2,41441,ITC
2025-04-16 11:13:00+05:30,423.05,423.2,423.0,423.1,20168,ITC
2025-04-16 11:14:00+05:30,423.0,423.2,423.0,423.0,43399,ITC
2025-04-16 11:15:00+05:30,423.0,423.25,423.0,423.25,28841,ITC
2025-04-16 11:16:00+05:30,423.25,423.45,423.15,423.4,25203,ITC
2025-04-16 11:17:00+05:30,423.3,423.4,423.25,423.35,16952,ITC
2025-04-16 11:18:00+05:30,423.25,423.4,423.2,423.4,26318,ITC
2025-04-16 11:19:00+05:30,423.25,423.4,423.15,423.2,15577,ITC
2025-04-16 11:20:00+05:30,423.25,423.25,423.0,423.15,34088,ITC
2025-04-16 11:21:00+05:30,423.0,423.15,422.95,423.0,47528,ITC
2025-04-16 11:22:00+05:30,423.15,423.35,423.0,423.35,13650,ITC
2025-04-16 11:23:00+05:30,423.35,423.4,423.1,423.35,22654,ITC
2025-04-16 11:24:00+05:30,423.2,423.4,423.15,423.35,22904,ITC
2025-04-16 11:25:00+05:30,423.35,423.4,423.1,423.15,16075,ITC
2025-04-16 11:26:00+05:30,423.15,423.15,423.05,423.1,12485,ITC
2025-04-16 11:27:00+05:30,423.05,423.15,423.0,423.1,15212,ITC
2025-04-16 11:28:00+05:30,423.1,423.15,423.0,423.0,17685,ITC
2025-04-16 11:29:00+05:30,423.0,423.15,423.0,423.15,9342,ITC
2025-04-16 11:30:00+05:30,423.0,423.2,422.95,423.15,31874,ITC
2025-04-16 11:31:00+05:30,423.0,423.25,423.0,423.2,15081,ITC
2025-04-16 11:32:00+05:30,423.05,423.25,423.0,423.2,16142,ITC
2025-04-16 11:33:00+05:30,423.2,423.2,422.9,422.9,15876,ITC
2025-04-16 11:34:00+05:30,423.05,423.1,422.9,423.0,12629,ITC
2025-04-16 11:35:00+05:30,423.05,423.1,422.8,423.05,19392,ITC
2025-04-16 11:36:00+05:30,423.0,423.1,422.85,423.1,8683,ITC
2025-04-16 11:37:00+05:30,423.1,423.1,422.85,423.05,9284,ITC
2025-04-16 11:38:00+05:30,422.95,423.1,422.8,422.95,29774,ITC
2025-04-16 11:39:00+05:30,422.8,422.95,422.6,422.75,21824,ITC
2025-04-16 11:40:00+05:30,422.65,422.85,422.6,422.8,10756,ITC
2025-04-16 11:41:00+05:30,422.8,422.85,422.55,422.55,14710,ITC
2025-04-16 11:42:00+05:30,422.55,422.85,422.55,422.8,10435,ITC
2025-04-16 11:43:00+05:30,422.8,422.8,422.65,422.65,10294,ITC
2025-04-16 11:44:00+05:30,422.65,422.95,422.65,422.9,27508,ITC
2025-04-16 11:45:00+05:30,422.75,422.95,422.7,422.75,14623,ITC
2025-04-16 11:46:00+05:30,422.95,423.15,422.75,423.15,51088,ITC
2025-04-16 11:47:00+05:30,423.05,423.2,423.0,423.2,14426,ITC
2025-04-16 11:48:00+05:30,423.05,423.3,423.05,423.25,12286,ITC
2025-04-16 11:49:00+05:30,423.05,423.35,423.05,423.35,13921,ITC
2025-04-16 11:50:00+05:30,423.3,423.4,423.05,423.25,19143,ITC
2025-04-16 11:51:00+05:30,423.1,423.3,423.05,423.05,15739,ITC
2025-04-16 11:52:00+05:30,423.05,423.25,423.0,423.25,31573,ITC
2025-04-16 11:53:00+05:30,423.05,423.3,423.05,423.2,26494,ITC
2025-04-16 11:54:00+05:30,423.2,423.3,423.05,423.25,15761,ITC
2025-04-16 11:55:00+05:30,423.25,423.3,423.1,423.25,13547,ITC
2025-04-16 11:56:00+05:30,423.1,423.35,423.05,423.25,20153,ITC
2025-04-16 11:57:00+05:30,423.05,423.35,423.05,423.3,17885,ITC
2025-04-16 11:58:00+05:30,423.1,423.35,423.1,423.35,16724,ITC
2025-04-16 11:59:00+05:30,423.25,423.35,423.05,423.2,23165,ITC
2025-04-16 12:00:00+05:30,423.05,423.3,423.05,423.2,25529,ITC
2025-04-16 12:01:00+05:30,423.05,423.35,423.05,423.3,14502,ITC
2025-04-16 12:02:00+05:30,423.1,423.35,423.1,423.25,15464,ITC
2025-04-16 12:03:00+05:30,423.25,423.35,423.1,423.3,16653,ITC
2025-04-16 12:04:00+05:30,423.3,423.35,423.15,423.35,17200,ITC
2025-04-16 12:05:00+05:30,423.35,423.4,423.2,423.35,11781,ITC
2025-04-16 12:06:00+05:30,423.25,423.35,423.15,423.25,24070,ITC
2025-04-16 12:07:00+05:30,423.25,423.3,423.0,423.3,33050,ITC
2025-04-16 12:08:00+05:30,423.3,423.35,423.05,423.35,19837,ITC
2025-04-16 12:09:00+05:30,423.35,423.35,423.1,423.3,12412,ITC
2025-04-16 12:10:00+05:30,423.3,423.4,423.05,423.35,24957,ITC
2025-04-16 12:11:00+05:30,423.3,423.35,423.1,423.35,22848,ITC
2025-04-16 12:12:00+05:30,423.35,423.45,423.1,423.45,11521,ITC
2025-04-16 12:13:00+05:30,423.45,423.45,423.1,423.35,19478,ITC
2025-04-16 12:14:00+05:30,423.35,423.35,423.1,423.3,15071,ITC
2025-04-16 12:15:00+05:30,423.25,423.55,423.1,423.2,128321,ITC
2025-04-16 12:16:00+05:30,423.2,423.35,423.05,423.3,26094,ITC
2025-04-16 12:17:00+05:30,423.3,423.35,423.1,423.3,9767,ITC
2025-04-16 12:18:00+05:30,423.3,423.3,423.0,423.25,24255,ITC
2025-04-16 12:19:00+05:30,423.25,423.25,423.0,423.0,24236,ITC
2025-04-16 12:20:00+05:30,423.1,423.25,422.9,423.05,19577,ITC
2025-04-16 12:21:00+05:30,423.05,423.8,422.8,423.25,185582,ITC
2025-04-16 12:22:00+05:30,423.25,423.4,423.05,423.25,21048,ITC
2025-04-16 12:23:00+05:30,423.25,423.3,423.0,423.2,14314,ITC
2025-04-16 12:24:00+05:30,423.2,423.2,422.95,423.2,18685,ITC
2025-04-16 12:25:00+05:30,423.2,423.4,423.05,423.3,9856,ITC
2025-04-16 12:26:00+05:30,423.3,423.8,423.25,423.75,11658,ITC
2025-04-16 12:27:00+05:30,423.75,423.85,423.55,423.8,22478,ITC
2025-04-16 12:28:00+05:30,423.8,423.9,423.65,423.9,17305,ITC
2025-04-16 12:29:00+05:30,423.9,423.9,423.6,423.8,26091,ITC
2025-04-16 12:30:00+05:30,423.8,423.85,423.6,423.85,15286,ITC
2025-04-16 12:31:00+05:30,423.85,423.9,423.65,423.8,13242,ITC
2025-04-16 12:32:00+05:30,423.8,423.8,423.55,423.8,19122,ITC
2025-04-16 12:33:00+05:30,423.8,423.85,423.55,423.75,17974,ITC
2025-04-16 12:34:00+05:30,423.75,424.15,423.55,424.0,78123,ITC
2025-04-16 12:35:00+05:30,424.1,424.2,424.0,424.2,21053,ITC
2025-04-16 12:36:00+05:30,424.05,424.2,424.0,424.2,15673,ITC
2025-04-16 12:37:00+05:30,424.2,424.2,424.0,424.15,13318,ITC
2025-04-16 12:38:00+05:30,424.15,424.2,423.9,424.05,23042,ITC
2025-04-16 12:39:00+05:30,424.05,424.1,423.9,424.1,14918,ITC
2025-04-16 12:40:00+05:30,423.95,424.0,423.65,423.8,34437,ITC
2025-04-16 12:41:00+05:30,423.8,423.85,423.65,423.8,8052,ITC
2025-04-16 12:42:00+05:30,423.8,423.95,423.65,423.9,10141,ITC
2025-04-16 12:43:00+05:30,423.75,424.0,423.75,423.95,12762,ITC
2025-04-16 12:44:00+05:30,423.95,424.0,423.75,423.95,21526,ITC
2025-04-16 12:45:00+05:30,423.95,424.05,423.8,424.0,15451,ITC
2025-04-16 12:46:00+05:30,424.0,424.1,423.85,424.05,8322,ITC
2025-04-16 12:47:00+05:30,424.05,424.05,423.8,424.05,14955,ITC
2025-04-16 12:48:00+05:30,424.05,424.1,423.9,424.05,13571,ITC
2025-04-16 12:49:00+05:30,424.05,424.05,423.8,424.0,11088,ITC
2025-04-16 12:50:00+05:30,424.0,424.05,423.8,424.0,11121,ITC
2025-04-16 12:51:00+05:30,424.0,424.0,423.8,424.0,10803,ITC
2025-04-16 12:52:00+05:30,424.0,424.05,423.85,424.0,11468,ITC
2025-04-16 12:53:00+05:30,424.0,424.0,423.8,424.0,15219,ITC
2025-04-16 12:54:00+05:30,423.95,424.05,423.8,423.95,10492,ITC
2025-04-16 12:55:00+05:30,423.85,423.95,423.75,423.95,16215,ITC
2025-04-16 12:56:00+05:30,423.95,423.95,423.75,423.95,13883,ITC
2025-04-16 12:57:00+05:30,423.95,423.95,423.8,423.95,10420,ITC
2025-04-16 12:58:00+05:30,423.95,423.95,423.7,423.9,15619,ITC
2025-04-16 12:59:00+05:30,423.9,423.95,423.6,423.8,20947,ITC
2025-04-16 13:00:00+05:30,423.8,423.8,423.6,423.7,10622,ITC
2025-04-16 13:01:00+05:30,423.7,423.75,423.55,423.6,12971,ITC
2025-04-16 13:02:00+05:30,423.6,423.75,423.55,423.7,12033,ITC
2025-04-16 13:03:00+05:30,423.7,423.8,423.5,423.8,43219,ITC
2025-04-16 13:04:00+05:30,423.8,423.9,423.75,423.9,19921,ITC
2025-04-16 13:05:00+05:30,423.9,424.05,423.75,423.95,109228,ITC
2025-04-16 13:06:00+05:30,423.95,424.1,423.75,424.05,61014,ITC
2025-04-16 13:07:00+05:30,424.05,424.1,423.8,424.0,21479,ITC
2025-04-16 13:08:00+05:30,424.0,424.0,423.8,423.95,13643,ITC
2025-04-16 13:09:00+05:30,423.95,423.95,423.65,423.8,13565,ITC
2025-04-16 13:10:00+05:30,423.8,423.8,423.6,423.8,17207,ITC
2025-04-16 13:11:00+05:30,423.8,423.8,423.6,423.8,12361,ITC
2025-04-16 13:12:00+05:30,423.8,423.85,423.6,423.8,13672,ITC
2025-04-16 13:13:00+05:30,423.75,423.85,423.55,423.7,46351,ITC
2025-04-16 13:14:00+05:30,423.7,423.8,423.55,423.65,12558,ITC
2025-04-16 13:15:00+05:30,423.65,423.75,423.45,423.65,23270,ITC
2025-04-16 13:16:00+05:30,423.65,423.65,423.0,423.2,34758,ITC
2025-04-16 13:17:00+05:30,423.2,423.2,423.0,423.15,38116,ITC
2025-04-16 13:18:00+05:30,423.15,423.3,423.0,423.25,46412,ITC
2025-04-16 13:19:00+05:30,423.25,423.25,423.05,423.25,19024,ITC
2025-04-16 13:20:00+05:30,423.25,423.25,422.7,422.85,52818,ITC
2025-04-16 13:21:00+05:30,422.85,423.15,422.7,423.15,53207,ITC
2025-04-16 13:22:00+05:30,423.15,423.15,423.0,423.15,15459,ITC
2025-04-16 13:23:00+05:30,423.15,423.15,423.0,423.1,14948,ITC
2025-04-16 13:24:00+05:30,423.1,423.15,422.85,423.05,72976,ITC
2025-04-16 13:25:00+05:30,423.05,423.05,422.6,422.65,29464,ITC
2025-04-16 13:26:00+05:30,422.65,422.7,422.45,422.7,16421,ITC
2025-04-16 13:27:00+05:30,422.7,422.7,422.5,422.7,14004,ITC
2025-04-16 13:28:00+05:30,422.65,422.7,422.5,422.7,15596,ITC
2025-04-16 13:29:00+05:30,422.7,422.7,422.45,422.65,23861,ITC
2025-04-16 13:30:00+05:30,422.65,422.75,422.45,422.7,23095,ITC
2025-04-16 13:31:00+05:30,422.7,422.7,422.45,422.65,15655,ITC
2025-04-16 13:32:00+05:30,422.65,422.75,422.35,422.75,34959,ITC
2025-04-16 13:33:00+05:30,422.75,422.75,422.45,422.65,17643,ITC
2025-04-16 13:34:00+05:30,422.65,422.7,422.45,422.6,9795,ITC
2025-04-16 13:35:00+05:30,422.6,422.75,422.4,422.75,13971,ITC
2025-04-16 13:36:00+05:30,422.65,422.85,422.5,422.7,23739,ITC
2025-04-16 13:37:00+05:30,422.7,422.75,422.5,422.65,16409,ITC
2025-04-16 13:38:00+05:30,422.65,422.7,422.45,422.6,22081,ITC
2025-04-16 13:39:00+05:30,422.6,422.8,422.5,422.65,24308,ITC
2025-04-16 13:40:00+05:30,422.65,422.7,422.5,422.65,13125,ITC
2025-04-16 13:41:00+05:30,422.65,422.65,422.45,422.65,11357,ITC
2025-04-16 13:42:00+05:30,422.65,422.7,422.45,422.6,23181,ITC
2025-04-16 13:43:00+05:30,422.6,422.65,422.4,422.6,16073,ITC
2025-04-16 13:44:00+05:30,422.6,422.7,422.4,422.6,19935,ITC
2025-04-16 13:45:00+05:30,422.6,422.65,422.35,422.65,24606,ITC
2025-04-16 13:46:00+05:30,422.65,422.65,422.4,422.6,18434,ITC
2025-04-16 13:47:00+05:30,422.6,422.6,422.4,422.55,12930,ITC
2025-04-16 13:48:00+05:30,422.55,422.6,422.35,422.55,19889,ITC
2025-04-16 13:49:00+05:30,422.55,422.55,422.35,422.5,47889,ITC
2025-04-16 13:50:00+05:30,422.5,422.85,422.4,422.7,22125,ITC
2025-04-16 13:51:00+05:30,422.7,422.85,422.6,422.85,13749,ITC
2025-04-16 13:52:00+05:30,422.85,422.9,422.65,422.85,14742,ITC
2025-04-16 13:53:00+05:30,422.85,422.95,422.65,422.9,11827,ITC
2025-04-16 13:54:00+05:30,422.75,422.95,422.65,422.8,21847,ITC
2025-04-16 13:55:00+05:30,422.8,422.95,422.65,422.95,16948,ITC
2025-04-16 13:56:00+05:30,422.95,423.35,422.8,423.3,24476,ITC
2025-04-16 13:57:00+05:30,423.25,424.1,423.2,424.1,31591,ITC
2025-04-16 13:58:00+05:30,424.1,424.5,424.05,424.4,60728,ITC
2025-04-16 13:59:00+05:30,424.4,424.5,424.05,424.2,32213,ITC
2025-04-16 14:00:00+05:30,424.15,424.5,424.05,424.45,30453,ITC
2025-04-16 14:01:00+05:30,424.45,424.55,424.25,424.45,33021,ITC
2025-04-16 14:02:00+05:30,424.45,424.45,424.05,424.1,23723,ITC
2025-04-16 14:03:00+05:30,424.1,424.1,423.8,423.85,19483,ITC
2025-04-16 14:04:00+05:30,423.95,424.1,423.8,423.95,12704,ITC
2025-04-16 14:05:00+05:30,423.8,424.0,423.8,424.0,13092,ITC
2025-04-16 14:06:00+05:30,424.0,424.0,423.8,423.85,16129,ITC
2025-04-16 14:07:00+05:30,423.85,423.9,423.6,423.7,19978,ITC
2025-04-16 14:08:00+05:30,423.7,424.0,423.6,424.0,17778,ITC
2025-04-16 14:09:00+05:30,423.85,424.0,423.7,423.85,14571,ITC
2025-04-16 14:10:00+05:30,423.85,423.85,423.6,423.7,10804,ITC
2025-04-16 14:11:00+05:30,423.7,423.9,423.55,423.9,8478,ITC
2025-04-16 14:12:00+05:30,423.9,424.05,423.7,424.0,17725,ITC
2025-04-16 14:13:00+05:30,424.0,424.05,423.8,423.85,12473,ITC
2025-04-16 14:14:00+05:30,423.85,424.0,423.8,424.0,19565,ITC
2025-04-16 14:15:00+05:30,424.0,424.0,423.7,423.8,14524,ITC
2025-04-16 14:16:00+05:30,423.8,423.9,423.7,423.8,14859,ITC
2025-04-16 14:17:00+05:30,423.8,423.85,423.7,423.75,13830,ITC
2025-04-16 14:18:00+05:30,423.75,423.9,423.65,423.8,14088,ITC
2025-04-16 14:19:00+05:30,423.8,424.0,423.65,423.85,16250,ITC
2025-04-16 14:20:00+05:30,423.85,423.9,423.55,423.65,15652,ITC
2025-04-16 14:21:00+05:30,423.55,423.9,423.55,423.8,17048,ITC
2025-04-16 14:22:00+05:30,423.8,423.8,423.55,423.7,13110,ITC
2025-04-16 14:23:00+05:30,423.7,423.8,423.55,423.75,23760,ITC
2025-04-16 14:24:00+05:30,423.75,423.75,423.4,423.55,31942,ITC
2025-04-16 14:25:00+05:30,423.55,423.6,423.4,423.45,14823,ITC
2025-04-16 14:26:00+05:30,423.45,423.55,423.35,423.5,11337,ITC
2025-04-16 14:27:00+05:30,423.5,423.55,423.35,423.4,15618,ITC
2025-04-16 14:28:00+05:30,423.4,423.45,423.15,423.35,13163,ITC
2025-04-16 14:29:00+05:30,423.35,423.4,423.15,423.35,8805,ITC
2025-04-16 14:30:00+05:30,423.2,423.35,423.05,423.15,16998,ITC
2025-04-16 14:31:00+05:30,423.05,423.2,423.0,423.2,32072,ITC
2025-04-16 14:32:00+05:30,423.2,423.2,423.05,423.15,15282,ITC
2025-04-16 14:33:00+05:30,423.15,423.2,423.05,423.2,19113,ITC
2025-04-16 14:34:00+05:30,423.2,423.25,423.0,423.25,22642,ITC
2025-04-16 14:35:00+05:30,423.25,423.5,423.05,423.4,22882,ITC
2025-04-16 14:36:00+05:30,423.35,423.5,423.25,423.4,13652,ITC
2025-04-16 14:37:00+05:30,423.4,423.5,423.25,423.5,15108,ITC
2025-04-16 14:38:00+05:30,423.5,423.5,423.25,423.4,21747,ITC
2025-04-16 14:39:00+05:30,423.4,423.45,423.2,423.45,18144,ITC
2025-04-16 14:40:00+05:30,423.45,423.5,423.25,423.45,13717,ITC
2025-04-16 14:41:00+05:30,423.45,423.55,423.25,423.5,20029,ITC
2025-04-16 14:42:00+05:30,423.5,423.55,423.25,423.35,19897,ITC
2025-04-16 14:43:00+05:30,423.35,423.4,423.0,423.15,30671,ITC
2025-04-16 14:44:00+05:30,423.15,423.15,422.95,423.15,37333,ITC
2025-04-16 14:45:00+05:30,423.15,423.2,422.95,423.15,31408,ITC
2025-04-16 14:46:00+05:30,423.15,423.3,423.0,423.25,17686,ITC
2025-04-16 14:47:00+05:30,423.05,423.3,423.0,423.3,17992,ITC
2025-04-16 14:48:00+05:30,423.1,423.35,423.1,423.3,15973,ITC
2025-04-16 14:49:00+05:30,423.3,423.45,423.1,423.35,22600,ITC
2025-04-16 14:50:00+05:30,423.35,423.5,423.25,423.4,31167,ITC
2025-04-16 14:51:00+05:30,423.4,423.4,423.2,423.25,33089,ITC
2025-04-16 14:52:00+05:30,423.25,423.35,423.1,423.3,39033,ITC
2025-04-16 14:53:00+05:30,423.3,423.5,423.25,423.5,32073,ITC
2025-04-16 14:54:00+05:30,423.5,423.5,423.2,423.4,28977,ITC
2025-04-16 14:55:00+05:30,423.4,423.45,423.0,423.25,26460,ITC
2025-04-16 14:56:00+05:30,423.2,423.3,423.0,423.25,21148,ITC
2025-04-16 14:57:00+05:30,423.05,423.25,423.05,423.2,22792,ITC
2025-04-16 14:58:00+05:30,423.05,423.25,423.0,423.15,34012,ITC
2025-04-16 14:59:00+05:30,423.15,423.25,422.95,423.25,25770,ITC
2025-04-16 15:00:00+05:30,423.2,423.35,423.05,423.3,41652,ITC
2025-04-16 15:01:00+05:30,423.25,423.3,423.05,423.15,76816,ITC
2025-04-16 15:02:00+05:30,423.1,423.25,423.05,423.2,45140,ITC
2025-04-16 15:03:00+05:30,423.15,423.35,423.1,423.25,38821,ITC
2025-04-16 15:04:00+05:30,423.15,423.25,423.1,423.2,36343,ITC
2025-04-16 15:05:00+05:30,423.15,423.2,423.05,423.15,67968,ITC
2025-04-16 15:06:00+05:30,423.1,423.15,423.0,423.05,51957,ITC
2025-04-16 15:07:00+05:30,423.0,423.1,422.9,422.95,52814,ITC
2025-04-16 15:08:00+05:30,422.9,423.05,422.9,423.0,46093,ITC
2025-04-16 15:09:00+05:30,422.95,423.05,422.85,422.9,52102,ITC
2025-04-16 15:10:00+05:30,422.9,423.0,422.8,422.9,47036,ITC
2025-04-16 15:11:00+05:30,422.85,423.0,422.7,423.0,70381,ITC
2025-04-16 15:12:00+05:30,422.95,424.2,422.95,424.2,277295,ITC
2025-04-16 15:13:00+05:30,424.05,424.5,423.45,424.4,253775,ITC
2025-04-16 15:14:00+05:30,424.4,424.75,423.65,423.95,218245,ITC
2025-04-16 15:15:00+05:30,423.95,424.05,423.45,423.6,203815,ITC
2025-04-16 15:16:00+05:30,423.55,424.05,423.45,424.05,158548,ITC
2025-04-16 15:17:00+05:30,424.05,424.2,423.75,423.95,192981,ITC
2025-04-16 15:18:00+05:30,423.95,424.35,423.95,424.25,154854,ITC
2025-04-16 15:19:00+05:30,424.25,424.9,424.25,424.8,208328,ITC
2025-04-16 15:20:00+05:30,424.75,425.0,424.65,425.0,195025,ITC
2025-04-16 15:21:00+05:30,424.95,425.4,424.95,425.3,190696,ITC
2025-04-16 15:22:00+05:30,425.3,425.4,424.9,425.3,249970,ITC
2025-04-16 15:23:00+05:30,425.25,426.05,425.0,425.4,507395,ITC
2025-04-16 15:24:00+05:30,425.4,425.45,425.15,425.25,186703,ITC
2025-04-16 15:25:00+05:30,425.3,425.4,424.95,425.1,213225,ITC
2025-04-16 15:26:00+05:30,425.15,425.25,424.85,425.2,212976,ITC
2025-04-16 15:27:00+05:30,425.15,425.35,424.85,425.2,207651,ITC
2025-04-16 15:28:00+05:30,425.2,425.35,424.85,425.15,141337,ITC
2025-04-16 15:29:00+05:30,425.1,425.3,424.6,424.9,58332,ITC
2025-04-17 09:15:00+05:30,425.0,425.0,422.5,423.1,303997,ITC
2025-04-17 09:16:00+05:30,423.15,423.4,422.7,423.0,187017,ITC
2025-04-17 09:17:00+05:30,423.1,423.5,423.0,423.25,82924,ITC
2025-04-17 09:18:00+05:30,423.25,423.4,422.75,423.25,140156,ITC
2025-04-17 09:19:00+05:30,423.3,423.3,422.8,423.0,163684,ITC
2025-04-17 09:20:00+05:30,423.0,423.15,422.7,422.85,42806,ITC
2025-04-17 09:21:00+05:30,422.85,423.0,422.5,422.5,63289,ITC
2025-04-17 09:22:00+05:30,422.6,422.6,422.05,422.15,84013,ITC
2025-04-17 09:23:00+05:30,422.15,422.35,421.9,422.0,66644,ITC
2025-04-17 09:24:00+05:30,422.0,422.35,422.0,422.15,32457,ITC
2025-04-17 09:25:00+05:30,422.2,422.45,422.1,422.2,30891,ITC
2025-04-17 09:26:00+05:30,422.2,422.35,421.8,422.05,87826,ITC
2025-04-17 09:27:00+05:30,422.0,422.25,421.8,422.0,40434,ITC
2025-04-17 09:28:00+05:30,422.05,422.2,422.0,422.0,49832,ITC
2025-04-17 09:29:00+05:30,422.05,422.3,421.8,422.0,41867,ITC
2025-04-17 09:30:00+05:30,421.95,422.35,421.95,422.1,19439,ITC
2025-04-17 09:31:00+05:30,422.1,422.15,421.9,422.0,34348,ITC
2025-04-17 09:32:00+05:30,421.95,422.0,421.85,421.9,28123,ITC
2025-04-17 09:33:00+05:30,421.9,422.3,421.55,422.0,57138,ITC
2025-04-17 09:34:00+05:30,422.05,422.3,422.05,422.1,25443,ITC
2025-04-17 09:35:00+05:30,422.1,422.35,422.1,422.2,13342,ITC
2025-04-17 09:36:00+05:30,422.2,422.3,422.05,422.1,26680,ITC
2025-04-17 09:37:00+05:30,422.05,422.15,421.8,421.95,26406,ITC
2025-04-17 09:38:00+05:30,421.9,422.2,421.85,422.1,16261,ITC
2025-04-17 09:39:00+05:30,422.05,422.25,422.0,422.25,11468,ITC
2025-04-17 09:40:00+05:30,422.25,422.6,422.2,422.6,11620,ITC
2025-04-17 09:41:00+05:30,422.65,423.1,422.65,422.75,41407,ITC
2025-04-17 09:42:00+05:30,422.8,422.95,422.5,422.9,43918,ITC
2025-04-17 09:43:00+05:30,422.9,423.3,422.8,423.15,30084,ITC
2025-04-17 09:44:00+05:30,423.0,423.15,422.7,422.8,22578,ITC
2025-04-17 09:45:00+05:30,422.75,423.05,422.6,423.0,15340,ITC
2025-04-17 09:46:00+05:30,423.0,423.25,422.95,423.05,19256,ITC
2025-04-17 09:47:00+05:30,423.1,423.5,423.0,423.25,15214,ITC
2025-04-17 09:48:00+05:30,423.3,423.5,423.25,423.5,26995,ITC
2025-04-17 09:49:00+05:30,423.55,423.75,423.35,423.35,29226,ITC
2025-04-17 09:50:00+05:30,423.5,423.5,423.35,423.5,7836,ITC
2025-04-17 09:51:00+05:30,423.5,423.5,423.1,423.2,21065,ITC
2025-04-17 09:52:00+05:30,423.1,423.25,423.05,423.25,11887,ITC
2025-04-17 09:53:00+05:30,423.25,423.3,423.05,423.15,9002,ITC
2025-04-17 09:54:00+05:30,423.15,423.35,423.05,423.1,9089,ITC
2025-04-17 09:55:00+05:30,423.05,423.1,422.6,423.0,21572,ITC
2025-04-17 09:56:00+05:30,423.0,423.2,422.85,422.9,16609,ITC
2025-04-17 09:57:00+05:30,422.9,422.95,422.65,422.7,15138,ITC
2025-04-17 09:58:00+05:30,422.7,423.0,422.7,422.75,10034,ITC
2025-04-17 09:59:00+05:30,422.75,423.0,422.7,422.95,7366,ITC
2025-04-17 10:00:00+05:30,423.0,423.0,422.8,422.85,7906,ITC
2025-04-17 10:01:00+05:30,422.85,422.95,422.8,422.95,6682,ITC
2025-04-17 10:02:00+05:30,422.95,423.0,422.75,422.95,18242,ITC
2025-04-17 10:03:00+05:30,422.85,423.0,422.8,422.85,9087,ITC
2025-04-17 10:04:00+05:30,422.85,423.0,422.6,422.75,22092,ITC
2025-04-17 10:05:00+05:30,422.75,422.85,422.3,422.8,26815,ITC
2025-04-17 10:06:00+05:30,422.8,422.85,422.55,422.7,13828,ITC
2025-04-17 10:07:00+05:30,422.75,422.9,422.55,422.7,14445,ITC
2025-04-17 10:08:00+05:30,422.7,422.75,422.45,422.55,13827,ITC
2025-04-17 10:09:00+05:30,422.6,422.75,422.25,422.35,26425,ITC
2025-04-17 10:10:00+05:30,422.3,422.4,421.8,422.3,64704,ITC
2025-04-17 10:11:00+05:30,422.3,422.35,422.05,422.05,25968,ITC
2025-04-17 10:12:00+05:30,422.05,422.4,422.0,422.2,61002,ITC
2025-04-17 10:13:00+05:30,422.2,422.45,422.1,422.3,20643,ITC
2025-04-17 10:14:00+05:30,422.3,422.4,422.1,422.1,17639,ITC
2025-04-17 10:15:00+05:30,422.1,422.25,421.95,422.1,16153,ITC
2025-04-17 10:16:00+05:30,422.1,422.4,421.95,422.15,22825,ITC
2025-04-17 10:17:00+05:30,422.15,422.55,422.0,422.45,24133,ITC
2025-04-17 10:18:00+05:30,422.45,422.8,422.25,422.55,20730,ITC
2025-04-17 10:19:00+05:30,422.7,422.75,422.25,422.35,524917,ITC
2025-04-17 10:20:00+05:30,422.4,422.55,422.2,422.25,45410,ITC
2025-04-17 10:21:00+05:30,422.4,422.65,422.2,422.4,15871,ITC
2025-04-17 10:22:00+05:30,422.4,422.75,422.3,422.6,13954,ITC
2025-04-17 10:23:00+05:30,422.75,422.8,422.45,422.6,11648,ITC
2025-04-17 10:24:00+05:30,422.6,422.6,422.3,422.4,14460,ITC
2025-04-17 10:25:00+05:30,422.55,422.8,422.45,422.65,9633,ITC
2025-04-17 10:26:00+05:30,422.65,422.9,422.65,422.9,14553,ITC
2025-04-17 10:27:00+05:30,422.85,422.9,422.75,422.9,9129,ITC
2025-04-17 10:28:00+05:30,422.9,422.95,422.8,422.9,13587,ITC
2025-04-17 10:29:00+05:30,422.9,423.1,422.8,422.95,26771,ITC
2025-04-17 10:30:00+05:30,423.0,423.1,422.8,422.9,19827,ITC
2025-04-17 10:31:00+05:30,422.95,423.0,422.8,423.0,6643,ITC
2025-04-17 10:32:00+05:30,423.0,423.4,423.0,423.1,36141,ITC
2025-04-17 10:33:00+05:30,423.1,423.2,423.05,423.2,20431,ITC
2025-04-17 10:34:00+05:30,423.2,423.4,423.15,423.4,28394,ITC
2025-04-17 10:35:00+05:30,423.4,423.55,423.3,423.5,23619,ITC
2025-04-17 10:36:00+05:30,423.5,423.6,423.45,423.5,20733,ITC
2025-04-17 10:37:00+05:30,423.55,423.65,423.45,423.45,28010,ITC
2025-04-17 10:38:00+05:30,423.5,423.65,423.5,423.5,42715,ITC
2025-04-17 10:39:00+05:30,423.55,423.6,423.5,423.6,17046,ITC
2025-04-17 10:40:00+05:30,423.6,423.9,423.5,423.8,21701,ITC
2025-04-17 10:41:00+05:30,423.9,423.95,423.8,423.9,25175,ITC
2025-04-17 10:42:00+05:30,423.95,424.0,423.75,423.85,42118,ITC
2025-04-17 10:43:00+05:30,423.85,423.95,423.8,423.85,15868,ITC
2025-04-17 10:44:00+05:30,423.85,423.95,423.75,423.85,17514,ITC
2025-04-17 10:45:00+05:30,423.9,423.95,423.75,423.95,15115,ITC
2025-04-17 10:46:00+05:30,423.95,424.4,423.9,424.3,31856,ITC
2025-04-17 10:47:00+05:30,424.3,424.3,423.95,424.15,25742,ITC
2025-04-17 10:48:00+05:30,424.15,424.2,423.95,424.05,6654,ITC
2025-04-17 10:49:00+05:30,424.05,424.1,423.9,424.1,11872,ITC
2025-04-17 10:50:00+05:30,424.15,425.2,424.0,425.05,237755,ITC
2025-04-17 10:51:00+05:30,425.1,425.25,424.35,424.4,78291,ITC
2025-04-17 10:52:00+05:30,424.4,424.45,424.05,424.05,35087,ITC
2025-04-17 10:53:00+05:30,424.1,424.2,424.0,424.15,10723,ITC
2025-04-17 10:54:00+05:30,424.15,424.15,423.8,423.95,18352,ITC
2025-04-17 10:55:00+05:30,423.95,424.0,423.8,423.85,9337,ITC
2025-04-17 10:56:00+05:30,423.95,424.0,423.8,424.0,10879,ITC
2025-04-17 10:57:00+05:30,424.0,424.0,423.6,423.8,32556,ITC
2025-04-17 10:58:00+05:30,423.85,423.9,423.3,423.35,35321,ITC
2025-04-17 10:59:00+05:30,423.4,423.8,423.3,423.75,9583,ITC
2025-04-17 11:00:00+05:30,423.75,423.9,423.55,423.7,23606,ITC
2025-04-17 11:01:00+05:30,423.7,423.7,423.0,423.05,45151,ITC
2025-04-17 11:02:00+05:30,423.1,423.1,422.7,422.75,70834,ITC
2025-04-17 11:03:00+05:30,422.85,423.0,422.5,422.55,29560,ITC
2025-04-17 11:04:00+05:30,422.6,422.95,422.35,422.8,57675,ITC
2025-04-17 11:05:00+05:30,422.8,423.0,422.55,422.7,25242,ITC
2025-04-17 11:06:00+05:30,422.9,422.95,422.6,422.7,18686,ITC
2025-04-17 11:07:00+05:30,422.7,423.25,422.6,423.05,37606,ITC
2025-04-17 11:08:00+05:30,423.1,423.45,423.0,423.25,16891,ITC
2025-04-17 11:09:00+05:30,423.3,423.7,423.3,423.7,6916,ITC
2025-04-17 11:10:00+05:30,423.7,424.05,423.45,423.85,84919,ITC
2025-04-17 11:11:00+05:30,423.75,424.1,423.65,424.1,78866,ITC
2025-04-17 11:12:00+05:30,424.1,424.1,424.0,424.1,6733,ITC
2025-04-17 11:13:00+05:30,424.1,424.2,423.7,423.75,46892,ITC
2025-04-17 11:14:00+05:30,423.9,424.2,423.7,424.2,24358,ITC
2025-04-17 11:15:00+05:30,424.2,424.35,424.15,424.35,16754,ITC
2025-04-17 11:16:00+05:30,424.35,424.95,424.3,424.8,127796,ITC
2025-04-17 11:17:00+05:30,424.8,425.0,424.5,424.75,66298,ITC
2025-04-17 11:18:00+05:30,424.8,424.8,424.55,424.75,26055,ITC
2025-04-17 11:19:00+05:30,424.75,425.0,424.45,425.0,53266,ITC
2025-04-17 11:20:00+05:30,424.95,424.95,424.55,424.7,20635,ITC
2025-04-17 11:21:00+05:30,424.7,424.8,424.55,424.75,18685,ITC
2025-04-17 11:22:00+05:30,424.75,424.75,424.3,424.4,21616,ITC
2025-04-17 11:23:00+05:30,424.45,424.5,424.25,424.5,33484,ITC
2025-04-17 11:24:00+05:30,424.5,424.5,424.35,424.4,10033,ITC
2025-04-17 11:25:00+05:30,424.45,424.5,424.35,424.5,7299,ITC
2025-04-17 11:26:00+05:30,424.5,424.7,424.2,424.5,26537,ITC
2025-04-17 11:27:00+05:30,424.5,424.8,424.45,424.8,34270,ITC
2025-04-17 11:28:00+05:30,424.8,424.8,424.3,424.45,31670,ITC
2025-04-17 11:29:00+05:30,424.5,424.6,424.35,424.45,21660,ITC
2025-04-17 11:30:00+05:30,424.45,424.5,424.35,424.45,19413,ITC
2025-04-17 11:31:00+05:30,424.45,424.7,424.35,424.65,78448,ITC
2025-04-17 11:32:00+05:30,424.7,424.7,424.35,424.45,159956,ITC
2025-04-17 11:33:00+05:30,424.5,424.65,424.4,424.5,48482,ITC
2025-04-17 11:34:00+05:30,424.5,424.6,424.4,424.45,21806,ITC
2025-04-17 11:35:00+05:30,424.5,424.5,424.3,424.3,19155,ITC
2025-04-17 11:36:00+05:30,424.4,424.95,424.35,424.9,85332,ITC
2025-04-17 11:37:00+05:30,424.95,425.0,424.55,424.75,36469,ITC
2025-04-17 11:38:00+05:30,424.75,424.8,424.6,424.6,18473,ITC
2025-04-17 11:39:00+05:30,424.65,424.8,424.45,424.7,32863,ITC
2025-04-17 11:40:00+05:30,424.55,424.75,424.4,424.75,9428,ITC
2025-04-17 11:41:00+05:30,424.75,424.8,424.55,424.75,27036,ITC
2025-04-17 11:42:00+05:30,424.8,425.0,424.55,424.75,38872,ITC
2025-04-17 11:43:00+05:30,424.75,425.5,424.7,425.3,103637,ITC
2025-04-17 11:44:00+05:30,425.3,425.5,424.85,424.85,122816,ITC
2025-04-17 11:45:00+05:30,424.95,425.0,424.55,424.85,29788,ITC
2025-04-17 11:46:00+05:30,424.75,424.95,424.7,424.9,15227,ITC
2025-04-17 11:47:00+05:30,424.95,425.2,424.9,425.05,90257,ITC
2025-04-17 11:48:00+05:30,425.05,425.2,424.9,424.95,53231,ITC
2025-04-17 11:49:00+05:30,424.95,424.95,424.8,424.95,32236,ITC
2025-04-17 11:50:00+05:30,424.95,425.0,424.7,424.8,140451,ITC
2025-04-17 11:51:00+05:30,424.85,425.4,424.65,425.0,136046,ITC
2025-04-17 11:52:00+05:30,425.0,425.0,424.6,424.85,67214,ITC
2025-04-17 11:53:00+05:30,424.85,424.9,424.7,424.75,18897,ITC
2025-04-17 11:54:00+05:30,424.8,425.0,424.7,424.8,27408,ITC
2025-04-17 11:55:00+05:30,424.8,424.85,424.6,424.8,48702,ITC
2025-04-17 11:56:00+05:30,424.8,425.0,424.8,424.95,39047,ITC
2025-04-17 11:57:00+05:30,425.0,425.0,424.8,425.0,25558,ITC
2025-04-17 11:58:00+05:30,425.0,425.0,424.75,424.85,30657,ITC
2025-04-17 11:59:00+05:30,424.9,424.9,424.75,424.8,23696,ITC
2025-04-17 12:00:00+05:30,424.8,424.9,424.8,424.85,33005,ITC
2025-04-17 12:01:00+05:30,424.85,425.0,423.85,424.0,87234,ITC
2025-04-17 12:02:00+05:30,423.9,424.5,423.85,424.3,88544,ITC
2025-04-17 12:03:00+05:30,424.35,424.5,424.2,424.5,31314,ITC
2025-04-17 12:04:00+05:30,424.5,424.5,424.25,424.5,24387,ITC
2025-04-17 12:05:00+05:30,424.5,424.8,424.2,424.25,72894,ITC
2025-04-17 12:06:00+05:30,424.25,424.4,424.2,424.35,40209,ITC
2025-04-17 12:07:00+05:30,424.35,424.5,424.1,424.5,49552,ITC
2025-04-17 12:08:00+05:30,424.5,424.5,424.35,424.4,33886,ITC
2025-04-17 12:09:00+05:30,424.45,424.75,424.35,424.5,40527,ITC
2025-04-17 12:10:00+05:30,424.5,424.6,424.45,424.6,37750,ITC
2025-04-17 12:11:00+05:30,424.6,425.0,424.55,425.0,80707,ITC
2025-04-17 12:12:00+05:30,425.0,425.0,424.7,424.8,27805,ITC
2025-04-17 12:13:00+05:30,424.75,424.9,424.75,424.85,32352,ITC
2025-04-17 12:14:00+05:30,424.85,425.0,424.7,424.85,51443,ITC
2025-04-17 12:15:00+05:30,424.85,425.0,424.55,425.0,42436,ITC
2025-04-17 12:16:00+05:30,425.0,425.0,424.7,424.85,26163,ITC
2025-04-17 12:17:00+05:30,424.85,425.0,424.75,425.0,35911,ITC
2025-04-17 12:18:00+05:30,425.0,425.1,424.8,425.0,60871,ITC
2025-04-17 12:19:00+05:30,424.95,425.1,424.7,424.95,27535,ITC
2025-04-17 12:20:00+05:30,424.95,425.0,424.65,424.7,31746,ITC
2025-04-17 12:21:00+05:30,424.7,424.95,424.55,424.75,34676,ITC
2025-04-17 12:22:00+05:30,424.75,425.0,424.7,424.95,36554,ITC
2025-04-17 12:23:00+05:30,424.95,425.0,424.7,424.9,30590,ITC
2025-04-17 12:24:00+05:30,424.9,424.95,424.5,424.65,36691,ITC
2025-04-17 12:25:00+05:30,424.65,424.75,424.5,424.65,21996,ITC
2025-04-17 12:26:00+05:30,424.65,424.9,424.55,424.75,38154,ITC
2025-04-17 12:27:00+05:30,424.75,424.9,424.6,424.75,71607,ITC
2025-04-17 12:28:00+05:30,424.75,425.0,424.7,425.0,84227,ITC
2025-04-17 12:29:00+05:30,425.0,425.1,424.8,424.85,49214,ITC
2025-04-17 12:30:00+05:30,424.8,425.0,424.7,424.85,22779,ITC
2025-04-17 12:31:00+05:30,424.85,425.0,424.7,425.0,29755,ITC
2025-04-17 12:32:00+05:30,425.0,425.25,424.9,425.25,72208,ITC
2025-04-17 12:33:00+05:30,425.25,425.5,425.2,425.4,71154,ITC
2025-04-17 12:34:00+05:30,425.4,425.4,425.2,425.3,46277,ITC
2025-04-17 12:35:00+05:30,425.3,425.35,425.05,425.15,33758,ITC
2025-04-17 12:36:00+05:30,425.15,425.2,424.95,425.2,55692,ITC
2025-04-17 12:37:00+05:30,425.2,425.2,424.9,425.05,51590,ITC
2025-04-17 12:38:00+05:30,425.05,425.1,424.7,424.85,74426,ITC
2025-04-17 12:39:00+05:30,424.85,425.0,424.75,424.9,30148,ITC
2025-04-17 12:40:00+05:30,424.85,425.05,424.8,424.9,43195,ITC
2025-04-17 12:41:00+05:30,424.9,425.15,424.8,425.1,40375,ITC
2025-04-17 12:42:00+05:30,425.1,425.3,424.95,425.15,49456,ITC
2025-04-17 12:43:00+05:30,425.15,425.25,425.05,425.2,17684,ITC
2025-04-17 12:44:00+05:30,425.2,425.4,424.95,425.4,67980,ITC
2025-04-17 12:45:00+05:30,425.4,425.4,425.15,425.25,20649,ITC
2025-04-17 12:46:00+05:30,425.25,425.3,425.05,425.1,16299,ITC
2025-04-17 12:47:00+05:30,425.1,425.3,424.9,425.1,50200,ITC
2025-04-17 12:48:00+05:30,425.1,425.3,424.95,425.3,16347,ITC
2025-04-17 12:49:00+05:30,425.3,425.65,425.25,425.35,76332,ITC
2025-04-17 12:50:00+05:30,425.35,425.45,425.05,425.25,21383,ITC
2025-04-17 12:51:00+05:30,425.25,425.3,424.85,425.2,85572,ITC
2025-04-17 12:52:00+05:30,425.2,425.35,425.0,425.1,22108,ITC
2025-04-17 12:53:00+05:30,425.1,425.35,425.0,425.35,16057,ITC
2025-04-17 12:54:00+05:30,425.35,425.35,425.1,425.2,9296,ITC
2025-04-17 12:55:00+05:30,425.2,425.25,425.1,425.25,9398,ITC
2025-04-17 12:56:00+05:30,425.25,425.5,424.9,425.0,74028,ITC
2025-04-17 12:57:00+05:30,425.0,425.0,424.9,424.95,11883,ITC
2025-04-17 12:58:00+05:30,424.95,425.0,424.8,424.9,16633,ITC
2025-04-17 12:59:00+05:30,425.0,425.0,424.8,424.85,9374,ITC
2025-04-17 13:00:00+05:30,424.85,425.0,424.7,424.95,19675,ITC
2025-04-17 13:01:00+05:30,424.95,424.95,424.7,424.8,8221,ITC
2025-04-17 13:02:00+05:30,424.8,424.8,424.7,424.8,16386,ITC
2025-04-17 13:03:00+05:30,424.8,424.95,424.75,424.95,13508,ITC
2025-04-17 13:04:00+05:30,424.95,425.05,424.75,425.0,42545,ITC
2025-04-17 13:05:00+05:30,425.0,425.05,424.8,425.0,37343,ITC
2025-04-17 13:06:00+05:30,425.0,425.25,424.9,425.0,77984,ITC
2025-04-17 13:07:00+05:30,425.0,425.2,424.95,425.2,68811,ITC
2025-04-17 13:08:00+05:30,425.2,425.2,424.85,424.95,14498,ITC
2025-04-17 13:09:00+05:30,424.95,425.0,424.9,425.0,15594,ITC
2025-04-17 13:10:00+05:30,425.0,425.15,424.95,424.95,32585,ITC
2025-04-17 13:11:00+05:30,424.95,425.1,424.85,425.0,46096,ITC
2025-04-17 13:12:00+05:30,425.0,425.25,424.95,425.05,57827,ITC
2025-04-17 13:13:00+05:30,425.05,425.05,424.9,425.0,14211,ITC
2025-04-17 13:14:00+05:30,425.0,425.0,424.7,424.9,10832,ITC
2025-04-17 13:15:00+05:30,424.95,424.95,424.85,424.95,11254,ITC
2025-04-17 13:16:00+05:30,424.9,425.0,424.7,424.95,32802,ITC
2025-04-17 13:17:00+05:30,424.95,424.95,424.6,424.85,36150,ITC
2025-04-17 13:18:00+05:30,424.85,424.95,424.65,424.85,19946,ITC
2025-04-17 13:19:00+05:30,424.9,424.95,424.8,424.9,14189,ITC
2025-04-17 13:20:00+05:30,424.9,425.1,424.65,424.8,114054,ITC
2025-04-17 13:21:00+05:30,424.8,424.85,424.6,424.8,22084,ITC
2025-04-17 13:22:00+05:30,424.8,424.85,424.7,424.8,37350,ITC
2025-04-17 13:23:00+05:30,424.8,425.0,424.75,424.95,15835,ITC
2025-04-17 13:24:00+05:30,424.95,425.05,424.9,425.05,51172,ITC
2025-04-17 13:25:00+05:30,425.05,425.05,424.8,425.0,6549,ITC
2025-04-17 13:26:00+05:30,425.0,425.0,424.85,424.95,9003,ITC
2025-04-17 13:27:00+05:30,424.95,425.0,424.7,424.75,22935,ITC
2025-04-17 13:28:00+05:30,424.8,425.0,424.75,424.9,11458,ITC
2025-04-17 13:29:00+05:30,424.9,425.0,424.85,424.85,14003,ITC
2025-04-17 13:30:00+05:30,424.9,425.0,424.85,424.95,36260,ITC
2025-04-17 13:31:00+05:30,425.0,425.15,424.95,425.1,45782,ITC
2025-04-17 13:32:00+05:30,425.1,425.15,425.0,425.05,15291,ITC
2025-04-17 13:33:00+05:30,425.05,425.05,424.85,424.9,15386,ITC
2025-04-17 13:34:00+05:30,424.9,424.95,424.85,424.9,20103,ITC
2025-04-17 13:35:00+05:30,424.9,425.0,424.75,424.9,23007,ITC
2025-04-17 13:36:00+05:30,424.9,424.95,424.7,424.8,16922,ITC
2025-04-17 13:37:00+05:30,424.8,424.95,424.7,424.95,38206,ITC
2025-04-17 13:38:00+05:30,424.95,425.0,424.8,424.9,65261,ITC
2025-04-17 13:39:00+05:30,424.9,425.0,424.7,425.0,73498,ITC
2025-04-17 13:40:00+05:30,424.95,425.1,424.8,425.1,100149,ITC
2025-04-17 13:41:00+05:30,425.1,425.1,424.75,424.9,31754,ITC
2025-04-17 13:42:00+05:30,424.9,424.95,424.8,424.9,25597,ITC
2025-04-17 13:43:00+05:30,424.85,425.0,424.75,425.0,28729,ITC
2025-04-17 13:44:00+05:30,425.0,425.05,424.85,424.95,84771,ITC
2025-04-17 13:45:00+05:30,424.95,425.0,424.85,424.95,35795,ITC
2025-04-17 13:46:00+05:30,424.95,425.0,424.8,424.95,33502,ITC
2025-04-17 13:47:00+05:30,425.0,425.0,424.7,425.0,41769,ITC
2025-04-17 13:48:00+05:30,425.0,425.1,424.9,425.0,116820,ITC
2025-04-17 13:49:00+05:30,425.0,425.25,424.85,425.25,50438,ITC
2025-04-17 13:50:00+05:30,425.25,425.35,425.0,425.25,91018,ITC
2025-04-17 13:51:00+05:30,425.25,425.55,425.25,425.35,98047,ITC
2025-04-17 13:52:00+05:30,425.35,425.4,424.95,425.0,49840,ITC
2025-04-17 13:53:00+05:30,425.0,425.1,424.8,424.8,95177,ITC
2025-04-17 13:54:00+05:30,424.95,425.25,424.9,425.05,27514,ITC
2025-04-17 13:55:00+05:30,425.05,425.1,424.95,425.1,34933,ITC
2025-04-17 13:56:00+05:30,425.1,425.1,424.95,425.0,26124,ITC
2025-04-17 13:57:00+05:30,425.1,425.2,424.95,425.1,43536,ITC
2025-04-17 13:58:00+05:30,425.1,425.2,424.9,425.1,32101,ITC
2025-04-17 13:59:00+05:30,425.1,425.2,424.85,425.2,65428,ITC
2025-04-17 14:00:00+05:30,425.0,425.25,424.9,425.25,47573,ITC
2025-04-17 14:01:00+05:30,425.25,425.25,425.0,425.05,30800,ITC
2025-04-17 14:02:00+05:30,425.1,425.15,424.9,425.0,22443,ITC
2025-04-17 14:03:00+05:30,425.05,425.05,424.9,425.0,61567,ITC
2025-04-17 14:04:00+05:30,425.05,425.05,424.95,425.05,22721,ITC
2025-04-17 14:05:00+05:30,425.05,425.05,424.95,425.05,18784,ITC
2025-04-17 14:06:00+05:30,425.05,425.05,424.95,425.05,24366,ITC
2025-04-17 14:07:00+05:30,425.05,425.05,424.85,424.95,40568,ITC
2025-04-17 14:08:00+05:30,425.0,425.1,424.95,425.05,20264,ITC
2025-04-17 14:09:00+05:30,425.05,425.05,424.95,425.0,22141,ITC
2025-04-17 14:10:00+05:30,425.05,425.05,424.95,425.0,42212,ITC
2025-04-17 14:11:00+05:30,425.05,425.05,424.95,425.05,30123,ITC
2025-04-17 14:12:00+05:30,425.05,425.05,424.9,425.0,78634,ITC
2025-04-17 14:13:00+05:30,425.0,425.0,424.85,425.0,26125,ITC
2025-04-17 14:14:00+05:30,425.0,425.0,424.65,424.65,37847,ITC
2025-04-17 14:15:00+05:30,424.65,424.7,423.25,423.9,261449,ITC
2025-04-17 14:16:00+05:30,423.95,424.5,423.85,424.35,124685,ITC
2025-04-17 14:17:00+05:30,424.4,425.05,424.4,424.85,59576,ITC
2025-04-17 14:18:00+05:30,424.9,425.0,424.6,425.0,40392,ITC
2025-04-17 14:19:00+05:30,425.0,425.05,424.85,425.0,32288,ITC
2025-04-17 14:20:00+05:30,425.0,425.05,424.75,424.95,37521,ITC
2025-04-17 14:21:00+05:30,424.95,425.1,424.9,425.05,34732,ITC
2025-04-17 14:22:00+05:30,425.05,425.05,424.95,425.0,18111,ITC
2025-04-17 14:23:00+05:30,425.05,425.05,424.85,425.0,38086,ITC
2025-04-17 14:24:00+05:30,425.05,425.05,424.95,425.05,31270,ITC
2025-04-17 14:25:00+05:30,425.0,425.1,424.95,425.1,68980,ITC
2025-04-17 14:26:00+05:30,425.0,425.4,425.0,425.35,45427,ITC
2025-04-17 14:27:00+05:30,425.25,425.4,425.1,425.15,37517,ITC
2025-04-17 14:28:00+05:30,425.15,425.3,425.05,425.25,21817,ITC
2025-04-17 14:29:00+05:30,425.25,425.3,425.15,425.2,25619,ITC
2025-04-17 14:30:00+05:30,425.2,425.25,425.15,425.25,19616,ITC
2025-04-17 14:31:00+05:30,425.25,425.45,425.15,425.4,38578,ITC
2025-04-17 14:32:00+05:30,425.4,425.45,425.2,425.45,66505,ITC
2025-04-17 14:33:00+05:30,425.45,425.5,425.3,425.35,49457,ITC
2025-04-17 14:34:00+05:30,425.35,425.7,425.05,425.15,48812,ITC
2025-04-17 14:35:00+05:30,425.15,425.4,425.05,425.3,32010,ITC
2025-04-17 14:36:00+05:30,425.3,425.5,425.1,425.45,31925,ITC
2025-04-17 14:37:00+05:30,425.45,425.55,425.3,425.4,31753,ITC
2025-04-17 14:38:00+05:30,425.4,425.5,425.35,425.4,42364,ITC
2025-04-17 14:39:00+05:30,425.35,425.65,425.3,425.45,57086,ITC
2025-04-17 14:40:00+05:30,425.45,425.6,425.1,425.5,51855,ITC
2025-04-17 14:41:00+05:30,425.5,425.55,425.3,425.3,29583,ITC
2025-04-17 14:42:00+05:30,425.35,425.6,425.3,425.6,35875,ITC
2025-04-17 14:43:00+05:30,425.6,425.95,425.55,425.6,117621,ITC
2025-04-17 14:44:00+05:30,425.65,427.0,425.65,426.9,181912,ITC
2025-04-17 14:45:00+05:30,426.9,427.0,426.8,426.95,132406,ITC
2025-04-17 14:46:00+05:30,426.9,427.0,426.25,426.65,114980,ITC
2025-04-17 14:47:00+05:30,426.65,426.9,426.6,426.8,63953,ITC
2025-04-17 14:48:00+05:30,426.8,427.0,426.4,426.45,126740,ITC
2025-04-17 14:49:00+05:30,426.6,426.75,426.2,426.25,59156,ITC
2025-04-17 14:50:00+05:30,426.2,426.6,426.1,426.5,73269,ITC
2025-04-17 14:51:00+05:30,426.55,426.7,426.3,426.65,91810,ITC
2025-04-17 14:52:00+05:30,426.65,426.7,426.35,426.45,94528,ITC
2025-04-17 14:53:00+05:30,426.45,426.6,426.3,426.5,73499,ITC
2025-04-17 14:54:00+05:30,426.5,426.7,426.45,426.65,75697,ITC
2025-04-17 14:55:00+05:30,426.65,426.75,426.55,426.65,102197,ITC
2025-04-17 14:56:00+05:30,426.65,426.95,426.6,426.9,101847,ITC
2025-04-17 14:57:00+05:30,426.9,427.15,426.75,427.15,111911,ITC
2025-04-17 14:58:00+05:30,427.15,427.5,427.0,427.4,138566,ITC
2025-04-17 14:59:00+05:30,427.4,427.5,426.85,427.15,94212,ITC
2025-04-17 15:00:00+05:30,427.15,427.55,427.0,427.1,158528,ITC
2025-04-17 15:01:00+05:30,427.25,427.35,426.8,427.15,184487,ITC
2025-04-17 15:02:00+05:30,427.1,427.15,426.9,427.0,1650066,ITC
2025-04-17 15:03:00+05:30,427.0,427.0,426.85,426.85,177294,ITC
2025-04-17 15:04:00+05:30,426.9,427.0,426.6,426.65,478159,ITC
2025-04-17 15:05:00+05:30,426.75,427.0,426.55,426.9,128408,ITC
2025-04-17 15:06:00+05:30,427.0,427.1,426.9,427.1,105932,ITC
2025-04-17 15:07:00+05:30,427.05,427.2,427.0,427.05,118238,ITC
2025-04-17 15:08:00+05:30,427.15,427.3,427.0,427.25,120655,ITC
2025-04-17 15:09:00+05:30,427.25,427.7,427.15,427.35,210221,ITC
2025-04-17 15:10:00+05:30,427.35,427.55,427.2,427.5,170101,ITC
2025-04-17 15:11:00+05:30,427.5,427.6,427.35,427.55,125814,ITC
2025-04-17 15:12:00+05:30,427.5,427.65,427.4,427.45,129277,ITC
2025-04-17 15:13:00+05:30,427.5,427.65,427.25,427.6,123682,ITC
2025-04-17 15:14:00+05:30,427.6,427.65,427.05,427.4,158877,ITC
2025-04-17 15:15:00+05:30,427.3,427.35,427.05,427.3,143258,ITC
2025-04-17 15:16:00+05:30,427.25,427.5,426.85,427.45,259152,ITC
2025-04-17 15:17:00+05:30,427.5,427.6,427.2,427.6,270877,ITC
2025-04-17 15:18:00+05:30,427.5,427.6,427.25,427.5,274853,ITC
2025-04-17 15:19:00+05:30,427.4,427.65,427.4,427.6,188195,ITC
2025-04-17 15:20:00+05:30,427.55,427.7,427.4,427.6,163726,ITC
2025-04-17 15:21:00+05:30,427.5,427.65,427.45,427.55,158334,ITC
2025-04-17 15:22:00+05:30,427.55,427.65,427.3,427.55,199265,ITC
2025-04-17 15:23:00+05:30,427.55,427.6,427.3,427.5,259764,ITC
2025-04-17 15:24:00+05:30,427.5,427.6,427.05,427.3,168674,ITC
2025-04-17 15:25:00+05:30,427.35,427.5,427.15,427.5,170467,ITC
2025-04-17 15:26:00+05:30,427.35,427.55,427.15,427.5,161509,ITC
2025-04-17 15:27:00+05:30,427.5,427.65,427.15,427.25,166463,ITC
2025-04-17 15:28:00+05:30,427.35,427.85,426.6,427.1,259026,ITC
2025-04-17 15:29:00+05:30,427.05,427.1,426.9,427.0,75403,ITC
2025-04-21 09:15:00+05:30,428.05,429.1,425.3,425.9,180910,ITC
2025-04-21 09:16:00+05:30,426.0,426.7,425.0,425.6,63915,ITC
2025-04-21 09:17:00+05:30,425.55,425.7,424.5,424.7,67327,ITC
2025-04-21 09:18:00+05:30,424.7,424.75,424.0,424.1,66719,ITC
2025-04-21 09:19:00+05:30,424.15,424.6,423.8,424.4,81249,ITC
2025-04-21 09:20:00+05:30,424.3,424.4,423.5,423.7,75622,ITC
2025-04-21 09:21:00+05:30,423.7,423.7,423.05,423.2,79920,ITC
2025-04-21 09:22:00+05:30,423.2,423.45,422.75,423.4,96885,ITC
2025-04-21 09:23:00+05:30,423.3,423.6,422.9,423.6,222213,ITC
2025-04-21 09:24:00+05:30,423.6,423.6,422.75,422.85,355019,ITC
2025-04-21 09:25:00+05:30,422.9,423.15,422.8,423.0,140375,ITC
2025-04-21 09:26:00+05:30,423.1,423.1,421.8,421.85,514322,ITC
2025-04-21 09:27:00+05:30,421.85,422.6,421.75,422.25,301231,ITC
2025-04-21 09:28:00+05:30,422.25,422.55,422.15,422.35,46667,ITC
2025-04-21 09:29:00+05:30,422.35,423.1,422.3,422.9,40563,ITC
2025-04-21 09:30:00+05:30,422.9,422.95,422.15,422.25,52286,ITC
2025-04-21 09:31:00+05:30,422.25,422.85,422.2,422.75,14391,ITC
2025-04-21 09:32:00+05:30,422.8,422.8,422.2,422.3,44065,ITC
2025-04-21 09:33:00+05:30,422.3,422.7,422.1,422.2,68132,ITC
2025-04-21 09:34:00+05:30,422.2,422.45,422.05,422.4,17388,ITC
2025-04-21 09:35:00+05:30,422.3,422.45,422.0,422.1,27950,ITC
2025-04-21 09:36:00+05:30,422.1,422.45,422.0,422.25,36067,ITC
2025-04-21 09:37:00+05:30,422.25,422.7,422.2,422.55,18599,ITC
2025-04-21 09:38:00+05:30,422.55,422.7,422.45,422.65,28439,ITC
2025-04-21 09:39:00+05:30,422.7,423.05,422.5,423.05,23594,ITC
2025-04-21 09:40:00+05:30,423.05,423.05,422.5,422.55,47578,ITC
2025-04-21 09:41:00+05:30,422.6,422.65,421.8,421.9,166807,ITC
2025-04-21 09:42:00+05:30,421.9,422.2,421.6,421.85,87773,ITC
2025-04-21 09:43:00+05:30,422.0,422.2,421.8,421.95,162047,ITC
2025-04-21 09:44:00+05:30,421.85,422.25,421.85,422.0,249720,ITC
2025-04-21 09:45:00+05:30,422.0,422.25,421.6,421.85,108187,ITC
2025-04-21 09:46:00+05:30,421.75,421.9,421.5,421.75,59476,ITC
2025-04-21 09:47:00+05:30,421.75,421.95,421.7,421.85,28707,ITC
2025-04-21 09:48:00+05:30,421.8,421.9,421.5,421.65,72244,ITC
2025-04-21 09:49:00+05:30,421.65,421.8,421.55,421.65,35707,ITC
2025-04-21 09:50:00+05:30,421.75,421.85,421.5,421.6,64124,ITC
2025-04-21 09:51:00+05:30,421.7,422.0,421.6,422.0,47463,ITC
2025-04-21 09:52:00+05:30,421.9,422.0,421.75,422.0,48607,ITC
2025-04-21 09:53:00+05:30,421.95,422.0,421.8,421.95,45909,ITC
2025-04-21 09:54:00+05:30,421.95,422.0,421.75,422.0,70985,ITC
2025-04-21 09:55:00+05:30,422.0,422.6,421.8,422.3,128587,ITC
2025-04-21 09:56:00+05:30,422.3,422.4,422.05,422.3,23435,ITC
2025-04-21 09:57:00+05:30,422.3,422.65,422.2,422.25,64858,ITC
2025-04-21 09:58:00+05:30,422.35,422.65,421.75,421.95,176064,ITC
2025-04-21 09:59:00+05:30,421.85,422.2,421.75,422.2,55483,ITC
2025-04-21 10:00:00+05:30,422.2,422.2,421.8,421.85,92454,ITC
2025-04-21 10:01:00+05:30,421.85,422.0,421.6,421.95,111231,ITC
2025-04-21 10:02:00+05:30,421.95,422.0,421.8,421.95,49239,ITC
2025-04-21 10:03:00+05:30,421.95,422.2,421.75,421.9,127660,ITC
2025-04-21 10:04:00+05:30,421.85,422.0,421.8,421.8,101467,ITC
2025-04-21 10:05:00+05:30,421.8,422.0,421.7,421.95,42786,ITC
2025-04-21 10:06:00+05:30,421.95,421.95,421.65,421.9,32011,ITC
2025-04-21 10:07:00+05:30,421.9,422.0,421.8,422.0,38694,ITC
2025-04-21 10:08:00+05:30,421.9,422.1,421.6,422.0,164865,ITC
2025-04-21 10:09:00+05:30,422.0,422.1,421.7,421.8,153259,ITC
2025-04-21 10:10:00+05:30,421.8,422.0,421.75,421.95,82803,ITC
2025-04-21 10:11:00+05:30,421.95,422.1,421.6,422.1,119330,ITC
2025-04-21 10:12:00+05:30,422.05,422.35,422.0,422.35,30801,ITC
2025-04-21 10:13:00+05:30,422.35,422.55,422.3,422.55,58402,ITC
2025-04-21 10:14:00+05:30,422.55,422.85,422.5,422.6,102897,ITC
2025-04-21 10:15:00+05:30,422.65,422.75,421.95,421.95,124187,ITC
2025-04-21 10:16:00+05:30,421.95,422.05,421.9,422.0,69621,ITC
2025-04-21 10:17:00+05:30,422.0,422.1,421.8,422.05,137095,ITC
2025-04-21 10:18:00+05:30,422.05,422.05,421.75,421.95,53117,ITC
2025-04-21 10:19:00+05:30,421.9,422.0,421.8,422.0,31040,ITC
2025-04-21 10:20:00+05:30,422.0,422.0,421.7,421.75,67660,ITC
2025-04-21 10:21:00+05:30,421.75,421.95,421.55,421.9,58855,ITC
2025-04-21 10:22:00+05:30,421.85,421.95,421.7,421.95,33593,ITC
2025-04-21 10:23:00+05:30,421.9,422.0,421.85,421.95,45781,ITC
2025-04-21 10:24:00+05:30,422.0,422.05,421.8,421.95,69933,ITC
2025-04-21 10:25:00+05:30,421.9,422.0,421.8,422.0,23052,ITC
2025-04-21 10:26:00+05:30,422.0,422.0,421.8,422.0,37220,ITC
2025-04-21 10:27:00+05:30,421.95,422.0,421.75,422.0,46497,ITC
2025-04-21 10:28:00+05:30,422.0,422.0,421.75,422.0,48876,ITC
2025-04-21 10:29:00+05:30,422.0,422.0,421.75,421.95,80793,ITC
2025-04-21 10:30:00+05:30,421.95,422.0,421.75,421.95,31060,ITC
2025-04-21 10:31:00+05:30,421.95,422.0,421.7,422.0,40560,ITC
2025-04-21 10:32:00+05:30,422.0,422.0,421.8,421.9,47573,ITC
2025-04-21 10:33:00+05:30,421.9,422.0,421.8,421.95,38486,ITC
2025-04-21 10:34:00+05:30,422.0,422.0,421.8,422.0,59242,ITC
2025-04-21 10:35:00+05:30,422.0,422.0,421.85,422.0,41030,ITC
2025-04-21 10:36:00+05:30,422.0,422.05,421.85,421.9,115022,ITC
2025-04-21 10:37:00+05:30,421.9,422.05,421.8,421.8,157174,ITC
2025-04-21 10:38:00+05:30,421.8,422.15,421.8,422.05,151018,ITC
2025-04-21 10:39:00+05:30,422.05,422.1,421.9,422.05,202220,ITC
2025-04-21 10:40:00+05:30,422.0,422.1,421.75,421.9,147329,ITC
2025-04-21 10:41:00+05:30,421.9,422.15,421.85,422.0,60607,ITC
2025-04-21 10:42:00+05:30,422.05,422.1,421.75,422.0,93438,ITC
2025-04-21 10:43:00+05:30,422.0,422.05,421.75,421.95,213923,ITC
2025-04-21 10:44:00+05:30,421.9,422.0,421.85,422.0,36629,ITC
2025-04-21 10:45:00+05:30,421.95,422.1,421.9,422.1,120745,ITC
2025-04-21 10:46:00+05:30,422.1,422.25,421.9,422.0,105886,ITC
2025-04-21 10:47:00+05:30,422.0,422.05,421.85,421.9,42745,ITC
2025-04-21 10:48:00+05:30,421.9,422.05,421.75,422.0,50160,ITC
2025-04-21 10:49:00+05:30,422.0,422.0,421.9,422.0,34686,ITC
2025-04-21 10:50:00+05:30,422.0,422.0,421.95,422.0,34841,ITC
2025-04-21 10:51:00+05:30,422.0,422.0,421.7,422.0,73736,ITC
2025-04-21 10:52:00+05:30,422.0,422.0,421.8,422.0,16476,ITC
2025-04-21 10:53:00+05:30,422.0,422.0,421.8,421.95,40189,ITC
2025-04-21 10:54:00+05:30,421.95,422.0,421.85,422.0,36941,ITC
2025-04-21 10:55:00+05:30,421.95,422.0,421.7,421.9,62683,ITC
2025-04-21 10:56:00+05:30,422.0,422.0,421.75,421.75,18977,ITC
2025-04-21 10:57:00+05:30,421.8,422.0,421.75,421.95,43758,ITC
2025-04-21 10:58:00+05:30,421.9,421.95,421.75,421.95,21657,ITC
2025-04-21 10:59:00+05:30,421.95,422.0,421.8,421.85,34256,ITC
2025-04-21 11:00:00+05:30,422.0,422.0,421.8,422.0,38498,ITC
2025-04-21 11:01:00+05:30,422.0,422.0,421.75,421.95,36466,ITC
2025-04-21 11:02:00+05:30,421.95,421.95,421.75,421.85,22229,ITC
2025-04-21 11:03:00+05:30,421.8,422.0,421.8,421.95,39966,ITC
2025-04-21 11:04:00+05:30,421.95,422.1,421.75,421.9,110182,ITC
2025-04-21 11:05:00+05:30,421.9,422.0,421.85,421.85,31981,ITC
2025-04-21 11:06:00+05:30,421.95,422.0,421.75,421.9,68724,ITC
2025-04-21 11:07:00+05:30,421.9,421.95,421.7,421.95,24537,ITC
2025-04-21 11:08:00+05:30,421.95,422.0,421.9,421.95,40521,ITC
2025-04-21 11:09:00+05:30,422.0,422.0,421.85,422.0,30070,ITC
2025-04-21 11:10:00+05:30,422.0,422.0,421.8,421.9,53183,ITC
2025-04-21 11:11:00+05:30,421.85,422.0,421.85,422.0,14672,ITC
2025-04-21 11:12:00+05:30,422.0,422.0,421.8,422.0,29411,ITC
2025-04-21 11:13:00+05:30,422.0,422.0,421.8,422.0,24365,ITC
2025-04-21 11:14:00+05:30,422.0,422.15,421.8,421.95,70733,ITC
2025-04-21 11:15:00+05:30,422.05,422.05,421.8,421.85,111133,ITC
2025-04-21 11:16:00+05:30,421.95,422.0,421.8,421.95,22506,ITC
2025-04-21 11:17:00+05:30,421.9,422.0,421.9,422.0,23121,ITC
2025-04-21 11:18:00+05:30,422.0,422.0,421.8,421.95,29832,ITC
2025-04-21 11:19:00+05:30,422.0,422.05,421.8,422.0,125585,ITC
2025-04-21 11:20:00+05:30,422.0,422.0,421.8,421.9,50321,ITC
2025-04-21 11:21:00+05:30,422.0,422.0,421.8,422.0,45800,ITC
2025-04-21 11:22:00+05:30,422.0,422.0,421.85,422.0,94056,ITC
2025-04-21 11:23:00+05:30,422.0,422.0,421.85,422.0,42723,ITC
2025-04-21 11:24:00+05:30,422.0,422.0,421.8,422.0,41721,ITC
2025-04-21 11:25:00+05:30,422.0,422.0,421.8,422.0,59202,ITC
2025-04-21 11:26:00+05:30,422.0,422.0,421.9,421.95,20642,ITC
2025-04-21 11:27:00+05:30,421.9,422.0,421.9,422.0,39955,ITC
2025-04-21 11:28:00+05:30,421.95,422.0,421.85,422.0,61725,ITC
2025-04-21 11:29:00+05:30,421.85,422.0,421.8,421.85,41359,ITC
2025-04-21 11:30:00+05:30,421.9,421.95,421.7,421.8,65474,ITC
2025-04-21 11:31:00+05:30,421.75,422.0,421.5,421.7,1366663,ITC
2025-04-21 11:32:00+05:30,421.7,421.95,421.65,421.85,27104,ITC
2025-04-21 11:33:00+05:30,421.85,422.0,421.85,421.95,33962,ITC
2025-04-21 11:34:00+05:30,421.95,422.0,421.6,421.85,128161,ITC
2025-04-21 11:35:00+05:30,421.8,421.95,421.8,421.9,21234,ITC
2025-04-21 11:36:00+05:30,421.9,421.95,421.8,421.9,19440,ITC
2025-04-21 11:37:00+05:30,421.85,421.95,421.8,421.8,20028,ITC
2025-04-21 11:38:00+05:30,421.8,421.85,421.6,421.75,35010,ITC
2025-04-21 11:39:00+05:30,421.7,421.75,421.6,421.65,35665,ITC
2025-04-21 11:40:00+05:30,421.6,421.75,421.6,421.7,34214,ITC
2025-04-21 11:41:00+05:30,421.7,421.75,421.7,421.7,23929,ITC
2025-04-21 11:42:00+05:30,421.75,421.75,421.7,421.7,27628,ITC
2025-04-21 11:43:00+05:30,421.7,421.9,421.65,421.7,30093,ITC
2025-04-21 11:44:00+05:30,421.7,421.75,421.7,421.75,19078,ITC
2025-04-21 11:45:00+05:30,421.75,421.9,421.7,421.9,19120,ITC
2025-04-21 11:46:00+05:30,421.8,421.9,421.75,421.85,26192,ITC
2025-04-21 11:47:00+05:30,421.8,421.9,421.75,421.8,16495,ITC
2025-04-21 11:48:00+05:30,421.75,421.9,421.7,421.85,18396,ITC
2025-04-21 11:49:00+05:30,421.8,421.9,421.7,421.9,11756,ITC
2025-04-21 11:50:00+05:30,421.8,421.9,421.7,421.8,24230,ITC
2025-04-21 11:51:00+05:30,421.75,421.9,421.7,421.9,11082,ITC
2025-04-21 11:52:00+05:30,421.85,422.0,421.75,421.9,19966,ITC
2025-04-21 11:53:00+05:30,421.85,421.9,421.75,421.8,23696,ITC
2025-04-21 11:54:00+05:30,421.75,421.9,421.65,421.9,72375,ITC
2025-04-21 11:55:00+05:30,421.85,421.9,421.75,421.9,15156,ITC
2025-04-21 11:56:00+05:30,421.8,421.95,421.8,421.95,16044,ITC
2025-04-21 11:57:00+05:30,421.9,422.0,421.8,421.95,34483,ITC
2025-04-21 11:58:00+05:30,421.9,422.0,421.85,421.9,27443,ITC
2025-04-21 11:59:00+05:30,421.95,422.0,421.85,421.95,17634,ITC
2025-04-21 12:00:00+05:30,421.9,422.0,421.75,421.9,28632,ITC
2025-04-21 12:01:00+05:30,421.9,421.95,421.8,421.95,17162,ITC
2025-04-21 12:02:00+05:30,421.95,422.0,421.75,422.0,18175,ITC
2025-04-21 12:03:00+05:30,421.95,422.0,421.8,421.95,41704,ITC
2025-04-21 12:04:00+05:30,421.95,422.0,421.85,421.95,33112,ITC
2025-04-21 12:05:00+05:30,421.95,421.95,421.8,421.85,37293,ITC
2025-04-21 12:06:00+05:30,421.8,421.95,421.8,421.9,18791,ITC
2025-04-21 12:07:00+05:30,421.9,421.95,421.85,421.85,18424,ITC
2025-04-21 12:08:00+05:30,421.85,421.95,421.8,421.9,21770,ITC
2025-04-21 12:09:00+05:30,421.95,422.0,421.8,421.95,44218,ITC
2025-04-21 12:10:00+05:30,421.95,422.0,421.85,421.95,41619,ITC
2025-04-21 12:11:00+05:30,421.95,422.0,421.9,421.95,36696,ITC
2025-04-21 12:12:00+05:30,422.0,422.0,421.85,421.95,22734,ITC
2025-04-21 12:13:00+05:30,421.95,422.0,421.85,422.0,27276,ITC
2025-04-21 12:14:00+05:30,422.0,422.0,421.85,421.9,22406,ITC
2025-04-21 12:15:00+05:30,421.9,422.0,421.8,421.9,25167,ITC
2025-04-21 12:16:00+05:30,421.9,421.95,421.85,421.95,11442,ITC
2025-04-21 12:17:00+05:30,421.95,421.95,421.9,421.9,17129,ITC
2025-04-21 12:18:00+05:30,421.9,422.0,421.85,421.95,25556,ITC
2025-04-21 12:19:00+05:30,421.85,422.0,421.85,422.0,26003,ITC
2025-04-21 12:20:00+05:30,422.0,422.0,421.85,421.95,33985,ITC
2025-04-21 12:21:00+05:30,422.0,422.0,421.95,422.0,19148,ITC
2025-04-21 12:22:00+05:30,422.0,422.4,421.8,422.05,200836,ITC
2025-04-21 12:23:00+05:30,422.0,422.1,421.8,422.0,83567,ITC
2025-04-21 12:24:00+05:30,422.0,422.35,421.8,422.0,201767,ITC
2025-04-21 12:25:00+05:30,422.0,422.1,421.95,422.1,48168,ITC
2025-04-21 12:26:00+05:30,422.1,422.35,421.95,422.15,32024,ITC
2025-04-21 12:27:00+05:30,422.3,422.35,422.05,422.35,24916,ITC
2025-04-21 12:28:00+05:30,422.3,422.8,422.2,422.75,192563,ITC
2025-04-21 12:29:00+05:30,422.8,422.8,422.5,422.75,107598,ITC
2025-04-21 12:30:00+05:30,422.7,422.75,422.5,422.7,28388,ITC
2025-04-21 12:31:00+05:30,422.65,422.75,422.55,422.6,37669,ITC
2025-04-21 12:32:00+05:30,422.6,422.8,422.6,422.8,19186,ITC
2025-04-21 12:33:00+05:30,422.8,422.8,422.5,422.65,56805,ITC
2025-04-21 12:34:00+05:30,422.65,422.8,422.5,422.7,28412,ITC
2025-04-21 12:35:00+05:30,422.7,422.75,422.5,422.7,25543,ITC
2025-04-21 12:36:00+05:30,422.75,422.8,422.6,422.8,30497,ITC
2025-04-21 12:37:00+05:30,422.8,422.8,422.7,422.8,25411,ITC
2025-04-21 12:38:00+05:30,422.8,423.0,422.75,423.0,45782,ITC
2025-04-21 12:39:00+05:30,422.85,423.5,422.85,423.25,152666,ITC
2025-04-21 12:40:00+05:30,423.1,423.3,423.0,423.3,45062,ITC
2025-04-21 12:41:00+05:30,423.3,423.45,423.1,423.45,39690,ITC
2025-04-21 12:42:00+05:30,423.45,423.5,423.35,423.45,40374,ITC
2025-04-21 12:43:00+05:30,423.45,423.5,423.4,423.5,35695,ITC
2025-04-21 12:44:00+05:30,423.45,423.5,423.4,423.45,44023,ITC
2025-04-21 12:45:00+05:30,423.45,423.45,423.05,423.25,123773,ITC
2025-04-21 12:46:00+05:30,423.25,423.3,422.75,423.0,184335,ITC
2025-04-21 12:47:00+05:30,423.0,423.15,422.85,422.9,95509,ITC
2025-04-21 12:48:00+05:30,422.9,423.1,422.65,422.65,91005,ITC
2025-04-21 12:49:00+05:30,422.65,422.85,422.45,422.75,157588,ITC
2025-04-21 12:50:00+05:30,422.75,422.75,422.45,422.65,122714,ITC
2025-04-21 12:51:00+05:30,422.65,422.75,422.3,422.4,95196,ITC
2025-04-21 12:52:00+05:30,422.4,422.55,422.15,422.35,129380,ITC
2025-04-21 12:53:00+05:30,422.35,422.4,422.1,422.1,127486,ITC
2025-04-21 12:54:00+05:30,422.1,422.4,422.05,422.1,121231,ITC
2025-04-21 12:55:00+05:30,422.1,422.45,422.05,422.35,134300,ITC
2025-04-21 12:56:00+05:30,422.35,422.45,422.05,422.25,120766,ITC
2025-04-21 12:57:00+05:30,422.25,422.35,422.0,422.15,143674,ITC
2025-04-21 12:58:00+05:30,422.15,422.95,422.0,422.8,41481,ITC
2025-04-21 12:59:00+05:30,422.8,422.9,422.6,422.75,12400,ITC
2025-04-21 13:00:00+05:30,422.8,422.9,422.7,422.7,23401,ITC
2025-04-21 13:01:00+05:30,422.8,422.85,422.7,422.85,15674,ITC
2025-04-21 13:02:00+05:30,422.85,423.0,422.75,422.95,14376,ITC
2025-04-21 13:03:00+05:30,423.0,423.0,422.8,422.95,15733,ITC
2025-04-21 13:04:00+05:30,422.95,423.0,421.85,422.6,3040619,ITC
2025-04-21 13:05:00+05:30,422.6,422.95,422.5,422.8,24234,ITC
2025-04-21 13:06:00+05:30,422.95,423.0,422.8,423.0,13398,ITC
2025-04-21 13:07:00+05:30,423.0,423.0,422.8,422.95,21729,ITC
2025-04-21 13:08:00+05:30,422.95,423.45,422.9,423.15,83982,ITC
2025-04-21 13:09:00+05:30,423.2,424.15,423.15,424.05,598497,ITC
2025-04-21 13:10:00+05:30,424.0,424.1,423.55,424.0,165270,ITC
2025-04-21 13:11:00+05:30,424.0,424.0,423.75,423.8,24441,ITC
2025-04-21 13:12:00+05:30,423.9,424.1,423.8,424.0,57345,ITC
2025-04-21 13:13:00+05:30,423.9,424.0,423.45,423.5,39983,ITC
2025-04-21 13:14:00+05:30,423.7,423.8,423.25,423.3,147173,ITC
2025-04-21 13:15:00+05:30,423.3,423.7,423.25,423.3,130403,ITC
2025-04-21 13:16:00+05:30,423.3,423.6,423.25,423.5,119105,ITC
2025-04-21 13:17:00+05:30,423.35,423.7,423.25,423.3,112071,ITC
2025-04-21 13:18:00+05:30,423.55,423.55,423.25,423.35,63984,ITC
2025-04-21 13:19:00+05:30,423.35,423.4,423.1,423.25,52963,ITC
2025-04-21 13:20:00+05:30,423.25,423.3,423.05,423.3,66825,ITC
2025-04-21 13:21:00+05:30,423.3,423.35,423.05,423.15,63772,ITC
2025-04-21 13:22:00+05:30,423.25,423.5,423.1,423.2,58624,ITC
2025-04-21 13:23:00+05:30,423.4,423.4,423.1,423.25,76228,ITC
2025-04-21 13:24:00+05:30,423.25,423.45,423.1,423.45,58739,ITC
2025-04-21 13:25:00+05:30,423.45,423.45,423.3,423.45,30429,ITC
2025-04-21 13:26:00+05:30,423.4,423.6,423.4,423.6,26758,ITC
2025-04-21 13:27:00+05:30,423.6,423.8,423.55,423.8,22843,ITC
2025-04-21 13:28:00+05:30,423.75,423.95,423.75,423.95,28738,ITC
2025-04-21 13:29:00+05:30,423.9,423.95,423.55,423.7,54594,ITC
2025-04-21 13:30:00+05:30,423.8,423.95,423.7,423.8,25144,ITC
2025-04-21 13:31:00+05:30,423.85,423.9,422.95,423.0,425423,ITC
2025-04-21 13:32:00+05:30,423.0,423.5,422.95,423.35,441959,ITC
2025-04-21 13:33:00+05:30,423.35,423.4,422.95,423.0,159550,ITC
2025-04-21 13:34:00+05:30,423.0,423.0,422.95,423.0,19737,ITC
2025-04-21 13:35:00+05:30,423.0,423.25,422.95,423.1,137901,ITC
2025-04-21 13:36:00+05:30,423.1,423.15,423.0,423.1,43977,ITC
2025-04-21 13:37:00+05:30,423.1,423.15,422.95,423.0,296175,ITC
2025-04-21 13:38:00+05:30,423.05,423.1,422.95,422.95,216944,ITC
2025-04-21 13:39:00+05:30,423.0,423.0,422.95,423.0,29105,ITC
2025-04-21 13:40:00+05:30,423.0,423.05,422.95,423.0,19805,ITC
2025-04-21 13:41:00+05:30,423.0,423.0,422.7,422.95,57389,ITC
2025-04-21 13:42:00+05:30,422.95,423.0,422.85,423.0,21547,ITC
2025-04-21 13:43:00+05:30,423.0,423.0,422.95,422.95,20458,ITC
2025-04-21 13:44:00+05:30,422.95,423.0,422.85,422.95,36328,ITC
2025-04-21 13:45:00+05:30,422.9,422.95,422.85,422.95,16666,ITC
2025-04-21 13:46:00+05:30,422.95,423.0,422.9,423.0,22493,ITC
2025-04-21 13:47:00+05:30,423.0,423.0,422.95,422.95,24029,ITC
2025-04-21 13:48:00+05:30,423.0,423.0,422.9,422.95,24256,ITC
2025-04-21 13:49:00+05:30,423.0,423.0,422.95,423.0,21859,ITC
2025-04-21 13:50:00+05:30,423.0,423.05,422.95,422.95,60862,ITC
2025-04-21 13:51:00+05:30,423.0,423.4,422.95,423.35,95147,ITC
2025-04-21 13:52:00+05:30,423.35,423.4,422.95,423.1,146214,ITC
2025-04-21 13:53:00+05:30,423.1,423.2,422.95,423.0,51445,ITC
2025-04-21 13:54:00+05:30,423.0,423.05,422.95,423.05,38329,ITC
2025-04-21 13:55:00+05:30,423.0,423.3,423.0,423.3,22088,ITC
2025-04-21 13:56:00+05:30,423.2,423.35,423.15,423.35,16417,ITC
2025-04-21 13:57:00+05:30,423.3,423.4,423.25,423.3,12001,ITC
2025-04-21 13:58:00+05:30,423.3,423.4,423.2,423.3,17451,ITC
2025-04-21 13:59:00+05:30,423.3,423.4,423.25,423.3,12308,ITC
2025-04-21 14:00:00+05:30,423.35,423.4,423.25,423.4,12484,ITC
2025-04-21 14:01:00+05:30,423.4,423.45,423.25,423.35,22305,ITC
2025-04-21 14:02:00+05:30,423.45,423.45,423.25,423.25,34548,ITC
2025-04-21 14:03:00+05:30,423.35,423.35,423.25,423.35,15165,ITC
2025-04-21 14:04:00+05:30,423.35,423.35,423.3,423.3,24025,ITC
2025-04-21 14:05:00+05:30,423.3,423.45,423.3,423.4,17016,ITC
2025-04-21 14:06:00+05:30,423.4,423.45,423.35,423.45,13302,ITC
2025-04-21 14:07:00+05:30,423.45,423.45,423.3,423.35,27739,ITC
2025-04-21 14:08:00+05:30,423.45,423.5,423.3,423.45,19891,ITC
2025-04-21 14:09:00+05:30,423.45,423.5,423.4,423.45,17456,ITC
2025-04-21 14:10:00+05:30,423.5,423.5,423.45,423.5,21471,ITC
2025-04-21 14:11:00+05:30,423.5,423.5,423.45,423.45,19891,ITC
2025-04-21 14:12:00+05:30,423.5,423.5,423.45,423.45,26497,ITC
2025-04-21 14:13:00+05:30,423.5,423.5,423.3,423.3,38262,ITC
2025-04-21 14:14:00+05:30,423.3,423.45,423.3,423.4,12361,ITC
2025-04-21 14:15:00+05:30,423.45,423.5,423.35,423.45,19586,ITC
2025-04-21 14:16:00+05:30,423.45,423.5,423.35,423.45,19874,ITC
2025-04-21 14:17:00+05:30,423.45,423.5,423.35,423.4,19742,ITC
2025-04-21 14:18:00+05:30,423.4,423.4,423.25,423.3,30811,ITC
2025-04-21 14:19:00+05:30,423.3,423.3,423.25,423.3,19983,ITC
2025-04-21 14:20:00+05:30,423.3,423.35,423.25,423.35,20911,ITC
2025-04-21 14:21:00+05:30,423.35,423.5,423.3,423.45,21909,ITC
2025-04-21 14:22:00+05:30,423.45,423.5,423.35,423.45,21512,ITC
2025-04-21 14:23:00+05:30,423.45,423.5,423.25,423.3,35732,ITC
2025-04-21 14:24:00+05:30,423.3,423.45,423.3,423.4,16658,ITC
2025-04-21 14:25:00+05:30,423.4,423.5,423.3,423.45,16583,ITC
2025-04-21 14:26:00+05:30,423.45,423.45,423.35,423.45,22902,ITC
2025-04-21 14:27:00+05:30,423.45,423.45,423.35,423.45,19241,ITC
2025-04-21 14:28:00+05:30,423.4,423.5,423.35,423.5,17435,ITC
2025-04-21 14:29:00+05:30,423.5,423.5,423.25,423.4,37276,ITC
2025-04-21 14:30:00+05:30,423.4,423.45,423.25,423.4,23895,ITC
2025-04-21 14:31:00+05:30,423.45,423.45,423.3,423.45,13919,ITC
2025-04-21 14:32:00+05:30,423.45,423.45,423.3,423.3,19684,ITC
2025-04-21 14:33:00+05:30,423.3,423.45,423.3,423.45,16868,ITC
2025-04-21 14:34:00+05:30,423.45,423.45,423.3,423.3,24685,ITC
2025-04-21 14:35:00+05:30,423.4,423.4,423.25,423.35,24124,ITC
2025-04-21 14:36:00+05:30,423.3,423.35,423.2,423.2,34419,ITC
2025-04-21 14:37:00+05:30,423.3,423.3,423.15,423.15,13148,ITC
2025-04-21 14:38:00+05:30,423.15,423.3,423.15,423.3,21608,ITC
2025-04-21 14:39:00+05:30,423.25,423.3,423.05,423.2,34071,ITC
2025-04-21 14:40:00+05:30,423.1,423.25,423.05,423.15,16139,ITC
2025-04-21 14:41:00+05:30,423.15,423.2,422.8,422.9,86217,ITC
2025-04-21 14:42:00+05:30,422.9,423.0,422.8,423.0,20600,ITC
2025-04-21 14:43:00+05:30,422.95,423.2,422.9,423.15,18746,ITC
2025-04-21 14:44:00+05:30,423.1,423.15,422.9,423.0,50240,ITC
2025-04-21 14:45:00+05:30,423.0,423.15,422.8,422.95,34216,ITC
2025-04-21 14:46:00+05:30,422.95,423.0,422.75,423.0,30401,ITC
2025-04-21 14:47:00+05:30,422.9,423.15,422.85,423.05,22298,ITC
2025-04-21 14:48:00+05:30,423.1,423.3,423.05,423.3,23500,ITC
2025-04-21 14:49:00+05:30,423.3,423.4,423.15,423.4,26047,ITC
2025-04-21 14:50:00+05:30,423.35,423.45,423.25,423.4,29072,ITC
2025-04-21 14:51:00+05:30,423.35,423.4,423.25,423.35,22445,ITC
2025-04-21 14:52:00+05:30,423.3,423.35,423.2,423.3,22518,ITC
2025-04-21 14:53:00+05:30,423.2,423.35,423.2,423.3,17907,ITC
2025-04-21 14:54:00+05:30,423.35,423.35,423.05,423.2,25894,ITC
2025-04-21 14:55:00+05:30,423.15,423.25,423.05,423.2,20420,ITC
2025-04-21 14:56:00+05:30,423.15,423.3,423.1,423.1,30290,ITC
2025-04-21 14:57:00+05:30,423.1,423.25,423.1,423.25,23603,ITC
2025-04-21 14:58:00+05:30,423.15,423.25,423.15,423.2,17811,ITC
2025-04-21 14:59:00+05:30,423.15,423.2,423.05,423.1,33165,ITC
2025-04-21 15:00:00+05:30,423.1,423.2,422.8,422.9,68193,ITC
2025-04-21 15:01:00+05:30,422.8,423.0,422.8,422.85,32755,ITC
2025-04-21 15:02:00+05:30,422.9,422.95,422.8,422.8,41848,ITC
2025-04-21 15:03:00+05:30,422.85,422.9,422.7,422.9,39385,ITC
2025-04-21 15:04:00+05:30,422.9,422.9,422.75,422.75,41566,ITC
2025-04-21 15:05:00+05:30,422.75,422.9,422.6,422.65,45853,ITC
2025-04-21 15:06:00+05:30,422.7,422.7,422.5,422.5,48702,ITC
2025-04-21 15:07:00+05:30,422.55,422.7,422.5,422.65,48784,ITC
2025-04-21 15:08:00+05:30,422.65,422.75,422.55,422.7,38412,ITC
2025-04-21 15:09:00+05:30,422.7,422.75,422.6,422.75,40743,ITC
2025-04-21 15:10:00+05:30,422.7,422.75,422.6,422.6,54874,ITC
2025-04-21 15:11:00+05:30,422.6,422.7,422.5,422.65,37363,ITC
2025-04-21 15:12:00+05:30,422.7,422.7,422.55,422.65,54008,ITC
2025-04-21 15:13:00+05:30,422.65,422.7,422.5,422.65,42122,ITC
2025-04-21 15:14:00+05:30,422.65,422.7,422.5,422.55,53222,ITC
2025-04-21 15:15:00+05:30,422.6,422.7,422.3,422.45,100362,ITC
2025-04-21 15:16:00+05:30,422.45,422.8,422.45,422.75,77691,ITC
2025-04-21 15:17:00+05:30,422.65,422.9,422.65,422.9,55750,ITC
2025-04-21 15:18:00+05:30,422.9,423.0,422.75,422.9,93096,ITC
2025-04-21 15:19:00+05:30,422.95,423.1,422.9,423.05,49726,ITC
2025-04-21 15:20:00+05:30,423.05,423.15,423.0,423.0,79537,ITC
2025-04-21 15:21:00+05:30,423.1,423.1,423.0,423.1,29331,ITC
2025-04-21 15:22:00+05:30,423.1,423.1,423.0,423.1,69374,ITC
2025-04-21 15:23:00+05:30,423.1,423.1,423.05,423.1,52948,ITC
2025-04-21 15:24:00+05:30,423.1,423.2,423.05,423.1,78950,ITC
2025-04-21 15:25:00+05:30,423.05,423.15,423.0,423.05,53910,ITC
2025-04-21 15:26:00+05:30,423.05,423.1,422.9,423.0,76134,ITC
2025-04-21 15:27:00+05:30,423.0,423.05,422.95,423.0,66665,ITC
2025-04-21 15:28:00+05:30,423.0,423.05,422.9,423.0,89819,ITC
2025-04-21 15:29:00+05:30,423.0,423.0,422.5,422.95,90189,ITC
2025-04-22 09:15:00+05:30,425.95,426.0,423.8,424.7,228733,ITC
2025-04-22 09:16:00+05:30,424.9,425.0,423.55,424.25,97031,ITC
2025-04-22 09:17:00+05:30,424.25,424.75,424.25,424.65,45460,ITC
2025-04-22 09:18:00+05:30,424.65,424.8,424.35,424.35,45268,ITC
2025-04-22 09:19:00+05:30,424.5,424.55,424.1,424.1,47875,ITC
2025-04-22 09:20:00+05:30,424.1,424.45,423.9,424.1,67889,ITC
2025-04-22 09:21:00+05:30,424.05,424.5,424.0,424.25,57531,ITC
2025-04-22 09:22:00+05:30,424.35,425.0,424.2,424.75,111520,ITC
2025-04-22 09:23:00+05:30,424.75,425.0,424.5,424.5,59851,ITC
2025-04-22 09:24:00+05:30,424.6,424.75,424.25,424.6,34736,ITC
2025-04-22 09:25:00+05:30,424.6,424.95,424.45,424.95,42807,ITC
2025-04-22 09:26:00+05:30,424.75,425.1,424.5,424.55,79343,ITC
2025-04-22 09:27:00+05:30,424.5,424.7,424.3,424.6,35558,ITC
2025-04-22 09:28:00+05:30,424.6,425.0,424.4,424.85,37657,ITC
2025-04-22 09:29:00+05:30,425.0,425.3,424.7,425.15,81292,ITC
2025-04-22 09:30:00+05:30,425.15,425.5,424.8,424.9,60417,ITC
2025-04-22 09:31:00+05:30,425.0,425.0,424.8,424.9,52571,ITC
2025-04-22 09:32:00+05:30,424.9,425.4,424.9,425.0,119308,ITC
2025-04-22 09:33:00+05:30,424.95,425.8,424.95,425.75,473826,ITC
2025-04-22 09:34:00+05:30,425.6,426.65,425.6,426.45,241153,ITC
2025-04-22 09:35:00+05:30,426.45,426.6,426.15,426.3,30611,ITC
2025-04-22 09:36:00+05:30,426.3,426.4,426.0,426.2,42458,ITC
2025-04-22 09:37:00+05:30,426.2,426.3,425.75,426.0,58158,ITC
2025-04-22 09:38:00+05:30,426.0,426.8,425.75,426.6,201418,ITC
2025-04-22 09:39:00+05:30,426.75,427.55,426.5,427.4,244756,ITC
2025-04-22 09:40:00+05:30,427.25,427.45,426.4,426.95,448284,ITC
2025-04-22 09:41:00+05:30,426.95,426.95,425.95,426.6,446273,ITC
2025-04-22 09:42:00+05:30,426.5,426.95,426.3,426.8,60171,ITC
2025-04-22 09:43:00+05:30,426.8,427.0,426.65,426.8,25772,ITC
2025-04-22 09:44:00+05:30,426.65,426.8,425.85,426.0,531176,ITC
2025-04-22 09:45:00+05:30,426.0,426.6,425.45,425.9,486744,ITC
2025-04-22 09:46:00+05:30,426.0,427.0,425.9,427.0,254860,ITC
2025-04-22 09:47:00+05:30,427.0,427.5,426.9,427.2,108358,ITC
2025-04-22 09:48:00+05:30,427.2,427.4,426.65,426.85,59263,ITC
2025-04-22 09:49:00+05:30,426.75,426.9,425.75,425.75,600426,ITC
2025-04-22 09:50:00+05:30,425.75,426.05,424.9,425.95,527824,ITC
2025-04-22 09:51:00+05:30,426.0,426.3,425.9,425.9,83590,ITC
2025-04-22 09:52:00+05:30,425.85,426.0,425.35,425.4,41015,ITC
2025-04-22 09:53:00+05:30,425.5,425.7,425.35,425.6,33637,ITC
2025-04-22 09:54:00+05:30,425.6,425.7,425.35,425.45,24973,ITC
2025-04-22 09:55:00+05:30,425.5,425.5,425.25,425.35,14050,ITC
2025-04-22 09:56:00+05:30,425.35,426.0,425.35,425.95,32584,ITC
2025-04-22 09:57:00+05:30,425.95,426.0,425.8,425.95,18377,ITC
2025-04-22 09:58:00+05:30,425.9,425.95,425.5,425.55,17224,ITC
2025-04-22 09:59:00+05:30,425.55,425.9,425.5,425.85,15266,ITC
2025-04-22 10:00:00+05:30,425.9,426.0,425.75,425.95,12710,ITC
2025-04-22 10:01:00+05:30,425.95,426.1,425.8,426.0,41361,ITC
2025-04-22 10:02:00+05:30,426.0,426.1,425.95,426.0,44496,ITC
2025-04-22 10:03:00+05:30,426.0,426.0,425.75,425.9,14162,ITC
2025-04-22 10:04:00+05:30,426.0,426.0,425.8,426.0,12791,ITC
2025-04-22 10:05:00+05:30,425.95,426.0,425.8,425.95,13871,ITC
2025-04-22 10:06:00+05:30,426.0,426.0,425.8,425.95,15092,ITC
2025-04-22 10:07:00+05:30,425.95,426.0,425.75,425.85,15416,ITC
2025-04-22 10:08:00+05:30,425.8,425.95,425.7,425.95,14736,ITC
2025-04-22 10:09:00+05:30,425.9,426.0,425.75,426.0,14279,ITC
2025-04-22 10:10:00+05:30,425.95,426.0,425.85,425.9,14696,ITC
2025-04-22 10:11:00+05:30,425.95,426.0,425.9,426.0,100078,ITC
2025-04-22 10:12:00+05:30,425.95,426.15,425.9,426.0,77171,ITC
2025-04-22 10:13:00+05:30,425.95,426.15,425.95,426.1,24728,ITC
2025-04-22 10:14:00+05:30,426.15,426.15,426.05,426.05,23405,ITC
2025-04-22 10:15:00+05:30,426.05,426.15,425.95,426.05,27783,ITC
2025-04-22 10:16:00+05:30,426.05,426.1,425.8,425.9,19324,ITC
2025-04-22 10:17:00+05:30,425.9,426.05,425.75,426.0,14276,ITC
2025-04-22 10:18:00+05:30,425.95,426.0,425.9,426.0,12346,ITC
2025-04-22 10:19:00+05:30,426.0,426.0,425.95,425.95,17176,ITC
2025-04-22 10:20:00+05:30,426.0,426.0,425.75,425.85,16488,ITC
2025-04-22 10:21:00+05:30,425.9,425.95,425.75,425.9,14536,ITC
2025-04-22 10:22:00+05:30,425.9,426.1,425.8,425.95,46045,ITC
2025-04-22 10:23:00+05:30,426.0,426.1,425.85,425.95,17556,ITC
2025-04-22 10:24:00+05:30,425.95,426.0,425.7,425.75,36712,ITC
2025-04-22 10:25:00+05:30,425.75,425.95,425.75,425.95,14942,ITC
2025-04-22 10:26:00+05:30,425.85,426.0,425.75,425.95,14931,ITC
2025-04-22 10:27:00+05:30,425.95,426.0,425.8,425.95,16142,ITC
2025-04-22 10:28:00+05:30,425.95,426.0,425.75,425.9,13180,ITC
2025-04-22 10:29:00+05:30,426.0,426.1,425.85,425.85,16617,ITC
2025-04-22 10:30:00+05:30,425.85,426.05,425.75,426.0,17152,ITC
2025-04-22 10:31:00+05:30,426.0,426.1,425.85,426.0,14557,ITC
2025-04-22 10:32:00+05:30,426.0,426.0,425.35,425.95,2106436,ITC
2025-04-22 10:33:00+05:30,425.95,425.95,425.7,425.7,20681,ITC
2025-04-22 10:34:00+05:30,425.7,426.2,425.7,426.0,396303,ITC
2025-04-22 10:35:00+05:30,426.0,426.15,425.85,426.0,39310,ITC
2025-04-22 10:36:00+05:30,425.95,426.1,425.75,426.0,22840,ITC
2025-04-22 10:37:00+05:30,426.05,426.7,426.0,426.7,50906,ITC
2025-04-22 10:38:00+05:30,426.7,427.0,426.65,426.9,30905,ITC
2025-04-22 10:39:00+05:30,426.95,427.0,425.9,425.9,658717,ITC
2025-04-22 10:40:00+05:30,426.1,427.0,425.85,426.85,683256,ITC
2025-04-22 10:41:00+05:30,426.9,427.4,426.7,427.25,66844,ITC
2025-04-22 10:42:00+05:30,427.1,427.4,426.95,427.4,43646,ITC
2025-04-22 10:43:00+05:30,427.4,427.5,427.3,427.5,41902,ITC
2025-04-22 10:44:00+05:30,427.45,427.5,427.2,427.45,47694,ITC
2025-04-22 10:45:00+05:30,427.45,427.5,426.8,427.0,98778,ITC
2025-04-22 10:46:00+05:30,427.0,427.0,425.9,425.95,580053,ITC
2025-04-22 10:47:00+05:30,426.0,426.25,425.9,425.95,64834,ITC
2025-04-22 10:48:00+05:30,425.9,426.3,425.8,426.0,424566,ITC
2025-04-22 10:49:00+05:30,426.0,426.3,425.95,426.0,177841,ITC
2025-04-22 10:50:00+05:30,425.95,426.15,425.95,426.0,27954,ITC
2025-04-22 10:51:00+05:30,426.0,426.25,425.95,426.0,140311,ITC
2025-04-22 10:52:00+05:30,425.95,426.1,425.95,426.0,84452,ITC
2025-04-22 10:53:00+05:30,425.95,426.0,425.8,425.95,64849,ITC
2025-04-22 10:54:00+05:30,425.85,426.0,425.8,425.9,11182,ITC
2025-04-22 10:55:00+05:30,425.95,426.2,425.85,426.0,1260623,ITC
2025-04-22 10:56:00+05:30,426.0,426.1,425.75,425.95,33395,ITC
2025-04-22 10:57:00+05:30,425.95,426.0,425.75,425.9,26136,ITC
2025-04-22 10:58:00+05:30,425.75,426.0,425.7,426.0,69371,ITC
2025-04-22 10:59:00+05:30,426.0,426.1,425.95,426.0,92681,ITC
2025-04-22 11:00:00+05:30,425.95,426.2,425.95,426.15,93138,ITC
2025-04-22 11:01:00+05:30,426.2,426.7,426.1,426.4,23009,ITC
2025-04-22 11:02:00+05:30,426.5,426.6,425.8,425.95,153242,ITC
2025-04-22 11:03:00+05:30,425.9,426.5,425.75,426.3,245002,ITC
2025-04-22 11:04:00+05:30,426.3,426.35,426.1,426.15,13188,ITC
2025-04-22 11:05:00+05:30,426.15,426.25,426.0,426.0,10515,ITC
2025-04-22 11:06:00+05:30,426.0,426.25,426.0,426.15,9850,ITC
2025-04-22 11:07:00+05:30,426.15,426.25,425.9,426.0,97196,ITC
2025-04-22 11:08:00+05:30,426.0,426.2,426.0,426.05,11602,ITC
2025-04-22 11:09:00+05:30,426.05,426.3,426.0,426.15,14929,ITC
2025-04-22 11:10:00+05:30,426.0,426.25,426.0,426.2,9626,ITC
2025-04-22 11:11:00+05:30,426.15,426.2,426.0,426.15,13061,ITC
2025-04-22 11:12:00+05:30,426.0,426.2,425.95,426.0,71682,ITC
2025-04-22 11:13:00+05:30,426.1,426.2,426.0,426.15,10092,ITC
2025-04-22 11:14:00+05:30,426.15,426.2,426.1,426.1,10749,ITC
2025-04-22 11:15:00+05:30,426.2,426.35,426.1,426.3,10581,ITC
2025-04-22 11:16:00+05:30,426.1,426.35,426.1,426.1,11743,ITC
2025-04-22 11:17:00+05:30,426.25,426.55,425.95,426.05,2217668,ITC
2025-04-22 11:18:00+05:30,426.1,426.15,426.0,426.0,325188,ITC
2025-04-22 11:19:00+05:30,426.0,426.1,425.9,426.05,34682,ITC
2025-04-22 11:20:00+05:30,426.05,426.1,425.8,425.9,63890,ITC
2025-04-22 11:21:00+05:30,425.9,425.9,425.65,425.75,29311,ITC
2025-04-22 11:22:00+05:30,425.75,425.9,425.7,425.8,13137,ITC
2025-04-22 11:23:00+05:30,425.7,426.1,425.25,425.3,154918,ITC
2025-04-22 11:24:00+05:30,425.3,425.35,424.8,425.0,106207,ITC
2025-04-22 11:25:00+05:30,424.95,425.15,424.7,425.15,51744,ITC
2025-04-22 11:26:00+05:30,425.1,425.4,425.05,425.1,27224,ITC
2025-04-22 11:27:00+05:30,425.1,425.45,425.05,425.4,17095,ITC
2025-04-22 11:28:00+05:30,425.4,425.45,425.2,425.35,14946,ITC
2025-04-22 11:29:00+05:30,425.45,425.45,425.1,425.25,14384,ITC
2025-04-22 11:30:00+05:30,425.2,425.4,424.9,425.4,18577,ITC
2025-04-22 11:31:00+05:30,425.4,425.4,425.15,425.4,12067,ITC
2025-04-22 11:32:00+05:30,425.4,425.4,425.3,425.35,13575,ITC
2025-04-22 11:33:00+05:30,425.35,425.4,425.15,425.35,20301,ITC
2025-04-22 11:34:00+05:30,425.25,425.35,425.0,425.05,13328,ITC
2025-04-22 11:35:00+05:30,425.15,425.2,424.75,424.8,30056,ITC
2025-04-22 11:36:00+05:30,424.85,425.25,424.8,425.25,15638,ITC
2025-04-22 11:37:00+05:30,425.25,425.4,425.1,425.4,13729,ITC
2025-04-22 11:38:00+05:30,425.4,425.45,425.3,425.45,11843,ITC
2025-04-22 11:39:00+05:30,425.45,425.5,425.25,425.5,11664,ITC
2025-04-22 11:40:00+05:30,425.45,425.5,425.25,425.3,13499,ITC
2025-04-22 11:41:00+05:30,425.3,425.45,425.2,425.3,10874,ITC
2025-04-22 11:42:00+05:30,425.4,425.5,425.25,425.5,14451,ITC
2025-04-22 11:43:00+05:30,425.3,425.5,425.15,425.35,14031,ITC
2025-04-22 11:44:00+05:30,425.4,425.45,425.05,425.25,35629,ITC
2025-04-22 11:45:00+05:30,425.1,425.25,424.9,425.0,29453,ITC
2025-04-22 11:46:00+05:30,425.0,425.3,424.9,425.3,71360,ITC
2025-04-22 11:47:00+05:30,425.3,425.3,425.15,425.3,12269,ITC
2025-04-22 11:48:00+05:30,425.35,425.6,425.35,425.6,16843,ITC
2025-04-22 11:49:00+05:30,425.65,425.9,425.55,425.9,12474,ITC
2025-04-22 11:50:00+05:30,425.9,426.25,425.85,426.1,21274,ITC
2025-04-22 11:51:00+05:30,426.1,426.1,425.75,425.95,27514,ITC
2025-04-22 11:52:00+05:30,425.95,425.95,425.85,425.95,9631,ITC
2025-04-22 11:53:00+05:30,425.95,425.95,425.85,425.95,12274,ITC
2025-04-22 11:54:00+05:30,425.95,426.0,425.9,426.0,13019,ITC
2025-04-22 11:55:00+05:30,426.0,426.15,425.9,426.15,32187,ITC
2025-04-22 11:56:00+05:30,426.15,426.3,426.0,426.25,13708,ITC
2025-04-22 11:57:00+05:30,426.25,426.35,426.0,426.25,14631,ITC
2025-04-22 11:58:00+05:30,426.25,426.45,426.1,426.4,26415,ITC
2025-04-22 11:59:00+05:30,426.4,426.45,426.05,426.05,14259,ITC
2025-04-22 12:00:00+05:30,426.05,426.35,426.05,426.2,9529,ITC
2025-04-22 12:01:00+05:30,426.2,426.4,426.05,426.3,10851,ITC
2025-04-22 12:02:00+05:30,426.05,426.3,426.05,426.25,11202,ITC
2025-04-22 12:03:00+05:30,426.2,426.35,426.05,426.35,11795,ITC
2025-04-22 12:04:00+05:30,426.3,426.45,426.2,426.25,13684,ITC
2025-04-22 12:05:00+05:30,426.25,426.45,426.2,426.45,12530,ITC
2025-04-22 12:06:00+05:30,426.3,426.45,426.3,426.45,13216,ITC
2025-04-22 12:07:00+05:30,426.35,426.45,426.35,426.45,11626,ITC
2025-04-22 12:08:00+05:30,426.4,426.45,426.3,426.45,13345,ITC
2025-04-22 12:09:00+05:30,426.45,426.45,426.1,426.35,10557,ITC
2025-04-22 12:10:00+05:30,426.3,427.0,426.15,426.8,134660,ITC
2025-04-22 12:11:00+05:30,426.75,426.75,426.35,426.4,13868,ITC
2025-04-22 12:12:00+05:30,426.35,426.6,426.3,426.4,19201,ITC
2025-04-22 12:13:00+05:30,426.4,426.65,426.35,426.5,14109,ITC
2025-04-22 12:14:00+05:30,426.4,426.75,426.4,426.75,12390,ITC
2025-04-22 12:15:00+05:30,426.65,427.0,426.65,426.9,16297,ITC
2025-04-22 12:16:00+05:30,426.9,426.95,426.7,426.85,15609,ITC
2025-04-22 12:17:00+05:30,426.7,426.85,426.6,426.75,15604,ITC
2025-04-22 12:18:00+05:30,426.75,426.8,426.6,426.8,13620,ITC
2025-04-22 12:19:00+05:30,426.75,426.8,426.7,426.8,17058,ITC
2025-04-22 12:20:00+05:30,426.75,426.9,426.7,426.75,26675,ITC
2025-04-22 12:21:00+05:30,426.75,426.95,426.7,426.95,16595,ITC
2025-04-22 12:22:00+05:30,426.95,426.95,426.7,426.9,24173,ITC
2025-04-22 12:23:00+05:30,426.8,426.95,426.7,426.9,20831,ITC
2025-04-22 12:24:00+05:30,426.95,427.3,426.85,427.05,61448,ITC
2025-04-22 12:25:00+05:30,427.1,427.2,427.0,427.2,18334,ITC
2025-04-22 12:26:00+05:30,427.1,427.3,427.0,427.25,38000,ITC
2025-04-22 12:27:00+05:30,427.2,427.3,427.05,427.3,22343,ITC
2025-04-22 12:28:00+05:30,427.25,427.5,427.2,427.4,33171,ITC
2025-04-22 12:29:00+05:30,427.4,427.5,427.25,427.4,28616,ITC
2025-04-22 12:30:00+05:30,427.25,427.5,427.15,427.3,33262,ITC
2025-04-22 12:31:00+05:30,427.15,427.65,427.1,427.65,46693,ITC
2025-04-22 12:32:00+05:30,427.65,427.7,427.55,427.7,34518,ITC
2025-04-22 12:33:00+05:30,427.65,427.75,427.45,427.75,38493,ITC
2025-04-22 12:34:00+05:30,427.7,427.95,427.55,427.95,42087,ITC
2025-04-22 12:35:00+05:30,427.9,428.3,427.85,428.3,90855,ITC
2025-04-22 12:36:00+05:30,428.2,428.35,427.45,427.6,111671,ITC
2025-04-22 12:37:00+05:30,427.55,428.2,427.25,428.05,44327,ITC
2025-04-22 12:38:00+05:30,428.1,428.15,427.7,427.8,39930,ITC
2025-04-22 12:39:00+05:30,427.75,427.85,427.6,427.8,27612,ITC
2025-04-22 12:40:00+05:30,427.65,427.85,427.5,427.7,23133,ITC
2025-04-22 12:41:00+05:30,427.6,427.65,427.25,427.45,38389,ITC
2025-04-22 12:42:00+05:30,427.45,428.0,427.35,427.95,44907,ITC
2025-04-22 12:43:00+05:30,428.0,428.0,427.7,427.9,34451,ITC
2025-04-22 12:44:00+05:30,427.9,428.35,427.8,428.1,34393,ITC
2025-04-22 12:45:00+05:30,428.1,428.45,427.95,428.15,75887,ITC
2025-04-22 12:46:00+05:30,428.15,428.4,428.0,428.4,39392,ITC
2025-04-22 12:47:00+05:30,428.25,428.5,428.15,428.35,42203,ITC
2025-04-22 12:48:00+05:30,428.35,428.4,428.0,428.35,38908,ITC
2025-04-22 12:49:00+05:30,428.3,428.5,428.1,428.3,34431,ITC
2025-04-22 12:50:00+05:30,428.2,428.5,428.2,428.3,24008,ITC
2025-04-22 12:51:00+05:30,428.45,429.2,428.25,429.1,454836,ITC
2025-04-22 12:52:00+05:30,429.0,429.4,428.6,429.25,128062,ITC
2025-04-22 12:53:00+05:30,429.35,429.7,429.15,429.65,162703,ITC
2025-04-22 12:54:00+05:30,429.65,429.8,429.3,429.3,79047,ITC
2025-04-22 12:55:00+05:30,429.25,429.5,429.0,429.35,40176,ITC
2025-04-22 12:56:00+05:30,429.3,429.45,429.0,429.3,67406,ITC
2025-04-22 12:57:00+05:30,429.3,429.5,429.05,429.05,61438,ITC
2025-04-22 12:58:00+05:30,429.0,429.5,429.0,429.45,32207,ITC
2025-04-22 12:59:00+05:30,429.45,429.7,429.1,429.4,34404,ITC
2025-04-22 13:00:00+05:30,429.45,429.7,429.25,429.55,35170,ITC
2025-04-22 13:01:00+05:30,429.55,429.6,429.1,429.45,96849,ITC
2025-04-22 13:02:00+05:30,429.55,429.65,429.3,429.6,36987,ITC
2025-04-22 13:03:00+05:30,429.55,429.65,429.25,429.5,44765,ITC
2025-04-22 13:04:00+05:30,429.5,429.55,429.4,429.5,21188,ITC
2025-04-22 13:05:00+05:30,429.5,429.6,429.35,429.45,38243,ITC
2025-04-22 13:06:00+05:30,429.4,429.8,429.4,429.8,55511,ITC
2025-04-22 13:07:00+05:30,429.8,429.8,429.45,429.6,35219,ITC
2025-04-22 13:08:00+05:30,429.6,429.8,429.25,429.4,69397,ITC
2025-04-22 13:09:00+05:30,429.35,429.8,429.35,429.65,57120,ITC
2025-04-22 13:10:00+05:30,429.65,429.9,429.65,429.9,28643,ITC
2025-04-22 13:11:00+05:30,429.9,429.9,429.75,429.85,36197,ITC
2025-04-22 13:12:00+05:30,429.9,430.0,429.8,429.8,33048,ITC
2025-04-22 13:13:00+05:30,429.9,429.95,429.7,429.8,33385,ITC
2025-04-22 13:14:00+05:30,429.8,429.9,429.65,429.9,35305,ITC
2025-04-22 13:15:00+05:30,429.8,429.9,429.65,429.75,19839,ITC
2025-04-22 13:16:00+05:30,429.75,430.0,429.6,429.8,55870,ITC
2025-04-22 13:17:00+05:30,429.8,430.0,429.5,429.8,186600,ITC
2025-04-22 13:18:00+05:30,429.8,429.8,429.55,429.75,29605,ITC
2025-04-22 13:19:00+05:30,429.75,429.9,429.65,429.7,32079,ITC
2025-04-22 13:20:00+05:30,429.7,429.9,429.6,429.9,31800,ITC
2025-04-22 13:21:00+05:30,429.85,429.9,429.55,429.7,38595,ITC
2025-04-22 13:22:00+05:30,429.7,429.95,429.6,429.65,78003,ITC
2025-04-22 13:23:00+05:30,429.65,430.6,429.6,430.6,228072,ITC
2025-04-22 13:24:00+05:30,430.55,430.7,430.3,430.55,100204,ITC
2025-04-22 13:25:00+05:30,430.6,430.65,430.25,430.25,42366,ITC
2025-04-22 13:26:00+05:30,430.3,430.6,430.2,430.5,69862,ITC
2025-04-22 13:27:00+05:30,430.6,430.7,430.3,430.45,53716,ITC
2025-04-22 13:28:00+05:30,430.45,430.45,430.1,430.1,32721,ITC
2025-04-22 13:29:00+05:30,430.1,430.3,430.0,430.15,78630,ITC
2025-04-22 13:30:00+05:30,430.15,430.4,430.1,430.4,53766,ITC
2025-04-22 13:31:00+05:30,430.45,430.55,430.1,430.2,64782,ITC
2025-04-22 13:32:00+05:30,430.15,430.35,430.15,430.15,20727,ITC
2025-04-22 13:33:00+05:30,430.2,430.2,429.7,429.7,52341,ITC
2025-04-22 13:34:00+05:30,429.7,429.75,429.35,429.7,79626,ITC
2025-04-22 13:35:00+05:30,429.7,429.75,429.3,429.3,37823,ITC
2025-04-22 13:36:00+05:30,429.35,429.5,429.05,429.15,112476,ITC
2025-04-22 13:37:00+05:30,429.15,429.5,429.1,429.5,25206,ITC
2025-04-22 13:38:00+05:30,429.5,429.5,429.15,429.25,38115,ITC
2025-04-22 13:39:00+05:30,429.15,429.7,429.05,429.5,34849,ITC
2025-04-22 13:40:00+05:30,429.55,429.75,429.4,429.6,44421,ITC
2025-04-22 13:41:00+05:30,429.75,429.75,429.55,429.7,16325,ITC
2025-04-22 13:42:00+05:30,429.7,429.95,429.65,429.85,27963,ITC
2025-04-22 13:43:00+05:30,429.9,429.95,429.55,429.8,55642,ITC
2025-04-22 13:44:00+05:30,429.8,429.95,429.7,429.9,14605,ITC
2025-04-22 13:45:00+05:30,429.9,430.0,429.9,430.0,18984,ITC
2025-04-22 13:46:00+05:30,429.95,430.55,429.95,430.5,116351,ITC
2025-04-22 13:47:00+05:30,430.5,430.6,430.2,430.5,50909,ITC
2025-04-22 13:48:00+05:30,430.5,430.5,429.95,430.35,143628,ITC
2025-04-22 13:49:00+05:30,430.35,430.65,430.1,430.65,47691,ITC
2025-04-22 13:50:00+05:30,430.65,430.75,430.5,430.7,44746,ITC
2025-04-22 13:51:00+05:30,430.6,430.9,430.55,430.7,86974,ITC
2025-04-22 13:52:00+05:30,430.6,430.7,430.5,430.7,30492,ITC
2025-04-22 13:53:00+05:30,430.65,430.8,430.4,430.6,43308,ITC
2025-04-22 13:54:00+05:30,430.55,430.75,430.4,430.65,36732,ITC
2025-04-22 13:55:00+05:30,430.5,430.75,430.4,430.75,31752,ITC
2025-04-22 13:56:00+05:30,430.6,430.8,430.35,430.5,26825,ITC
2025-04-22 13:57:00+05:30,430.5,430.7,430.25,430.4,38352,ITC
2025-04-22 13:58:00+05:30,430.3,430.8,430.25,430.75,51820,ITC
2025-04-22 13:59:00+05:30,430.75,430.8,430.2,430.55,69079,ITC
2025-04-22 14:00:00+05:30,430.55,430.75,430.3,430.7,36522,ITC
2025-04-22 14:01:00+05:30,430.55,430.75,430.35,430.7,56437,ITC
2025-04-22 14:02:00+05:30,430.5,431.4,430.5,431.25,204267,ITC
2025-04-22 14:03:00+05:30,431.1,431.35,431.05,431.1,40348,ITC
2025-04-22 14:04:00+05:30,431.15,431.45,431.1,431.3,29350,ITC
2025-04-22 14:05:00+05:30,431.3,431.4,431.15,431.35,30996,ITC
2025-04-22 14:06:00+05:30,431.35,431.4,431.0,431.25,47988,ITC
2025-04-22 14:07:00+05:30,431.25,431.4,431.1,431.4,26543,ITC
2025-04-22 14:08:00+05:30,431.4,431.5,431.15,431.15,36138,ITC
2025-04-22 14:09:00+05:30,431.15,431.25,431.0,431.1,17669,ITC
2025-04-22 14:10:00+05:30,431.15,431.3,431.1,431.15,17352,ITC
2025-04-22 14:11:00+05:30,431.15,431.3,431.05,431.15,27032,ITC
2025-04-22 14:12:00+05:30,431.25,431.35,431.0,431.1,48512,ITC
2025-04-22 14:13:00+05:30,431.1,431.4,431.05,431.2,45494,ITC
2025-04-22 14:14:00+05:30,431.2,431.3,431.05,431.2,26659,ITC
2025-04-22 14:15:00+05:30,431.2,431.4,431.05,431.3,47948,ITC
2025-04-22 14:16:00+05:30,431.3,431.45,431.05,431.25,51657,ITC
2025-04-22 14:17:00+05:30,431.25,431.4,431.15,431.2,23964,ITC
2025-04-22 14:18:00+05:30,431.2,431.3,430.75,430.75,59251,ITC
2025-04-22 14:19:00+05:30,430.75,431.0,430.5,430.8,46220,ITC
2025-04-22 14:20:00+05:30,430.9,431.2,430.7,431.15,52615,ITC
2025-04-22 14:21:00+05:30,431.1,431.2,430.75,430.95,42003,ITC
2025-04-22 14:22:00+05:30,430.95,431.0,430.45,430.6,33267,ITC
2025-04-22 14:23:00+05:30,430.5,430.65,430.45,430.6,15028,ITC
2025-04-22 14:24:00+05:30,430.6,430.6,430.25,430.35,38971,ITC
2025-04-22 14:25:00+05:30,430.25,430.65,430.1,430.6,53393,ITC
2025-04-22 14:26:00+05:30,430.5,430.85,430.45,430.5,43018,ITC
2025-04-22 14:27:00+05:30,430.5,430.6,430.4,430.45,18802,ITC
2025-04-22 14:28:00+05:30,430.45,430.7,430.4,430.4,36825,ITC
2025-04-22 14:29:00+05:30,430.35,430.95,430.35,430.8,87029,ITC
2025-04-22 14:30:00+05:30,430.95,431.4,430.7,431.2,117459,ITC
2025-04-22 14:31:00+05:30,431.0,431.25,430.95,431.05,68658,ITC
2025-04-22 14:32:00+05:30,431.05,431.35,431.0,431.3,42107,ITC
2025-04-22 14:33:00+05:30,431.1,431.35,431.0,431.25,77810,ITC
2025-04-22 14:34:00+05:30,431.05,431.25,431.0,431.1,27123,ITC
2025-04-22 14:35:00+05:30,431.15,431.25,431.0,431.05,57139,ITC
2025-04-22 14:36:00+05:30,431.05,431.15,430.7,430.75,131717,ITC
2025-04-22 14:37:00+05:30,430.7,430.75,430.35,430.45,33255,ITC
2025-04-22 14:38:00+05:30,430.45,430.85,430.3,430.8,55262,ITC
2025-04-22 14:39:00+05:30,430.8,431.0,430.75,431.0,36390,ITC
2025-04-22 14:40:00+05:30,431.0,431.2,430.85,431.15,48998,ITC
2025-04-22 14:41:00+05:30,431.15,431.2,430.95,431.0,63300,ITC
2025-04-22 14:42:00+05:30,431.0,431.4,430.9,431.4,75712,ITC
2025-04-22 14:43:00+05:30,431.25,431.4,431.0,431.2,76376,ITC
2025-04-22 14:44:00+05:30,431.0,431.3,431.0,431.1,55356,ITC
2025-04-22 14:45:00+05:30,431.1,431.35,431.05,431.2,60301,ITC
2025-04-22 14:46:00+05:30,431.2,431.35,431.0,431.25,55998,ITC
2025-04-22 14:47:00+05:30,431.1,431.3,430.55,430.75,81993,ITC
2025-04-22 14:48:00+05:30,430.75,431.2,430.7,431.15,97485,ITC
2025-04-22 14:49:00+05:30,431.15,431.5,430.9,431.45,70572,ITC
2025-04-22 14:50:00+05:30,431.35,431.5,431.15,431.5,73653,ITC
2025-04-22 14:51:00+05:30,431.3,431.65,431.3,431.65,74102,ITC
2025-04-22 14:52:00+05:30,431.5,431.85,431.45,431.85,93617,ITC
2025-04-22 14:53:00+05:30,431.7,432.4,431.6,432.3,154758,ITC
2025-04-22 14:54:00+05:30,432.3,432.3,432.0,432.3,71230,ITC
2025-04-22 14:55:00+05:30,432.2,432.5,432.15,432.35,78858,ITC
2025-04-22 14:56:00+05:30,432.25,432.4,431.75,431.9,101447,ITC
2025-04-22 14:57:00+05:30,431.8,432.25,431.65,432.0,68375,ITC
2025-04-22 14:58:00+05:30,432.0,432.5,431.95,432.5,91046,ITC
2025-04-22 14:59:00+05:30,432.55,433.15,432.45,433.1,109574,ITC
2025-04-22 15:00:00+05:30,433.15,433.2,432.65,433.1,141877,ITC
2025-04-22 15:01:00+05:30,433.1,433.3,432.85,433.0,119968,ITC
2025-04-22 15:02:00+05:30,433.0,433.2,432.5,433.05,106730,ITC
2025-04-22 15:03:00+05:30,433.05,433.15,432.7,432.95,112737,ITC
2025-04-22 15:04:00+05:30,432.9,433.2,432.8,433.1,74715,ITC
2025-04-22 15:05:00+05:30,433.15,433.15,432.85,432.95,86641,ITC
2025-04-22 15:06:00+05:30,432.95,433.1,432.7,433.0,87496,ITC
2025-04-22 15:07:00+05:30,432.95,433.2,432.95,433.15,85054,ITC
2025-04-22 15:08:00+05:30,433.05,433.25,433.05,433.15,90246,ITC
2025-04-22 15:09:00+05:30,433.15,433.7,433.0,433.45,155469,ITC
2025-04-22 15:10:00+05:30,433.4,433.5,433.0,433.4,94062,ITC
2025-04-22 15:11:00+05:30,433.45,433.55,432.9,433.0,96002,ITC
2025-04-22 15:12:00+05:30,432.95,433.25,432.8,433.0,173574,ITC
2025-04-22 15:13:00+05:30,433.0,433.5,432.85,433.35,98694,ITC
2025-04-22 15:14:00+05:30,433.3,433.5,433.05,433.25,98681,ITC
2025-04-22 15:15:00+05:30,433.25,433.5,433.0,433.15,120476,ITC
2025-04-22 15:16:00+05:30,433.35,433.7,433.15,433.55,135883,ITC
2025-04-22 15:17:00+05:30,433.55,433.75,433.4,433.7,116431,ITC
2025-04-22 15:18:00+05:30,433.55,433.95,433.55,433.75,107323,ITC
2025-04-22 15:19:00+05:30,433.75,434.15,433.65,434.05,178825,ITC
2025-04-22 15:20:00+05:30,434.05,434.35,433.8,434.1,219134,ITC
2025-04-22 15:21:00+05:30,434.1,434.35,433.95,434.1,111091,ITC
2025-04-22 15:22:00+05:30,434.1,434.45,434.05,434.3,98638,ITC
2025-04-22 15:23:00+05:30,434.3,434.7,434.15,434.5,143066,ITC
2025-04-22 15:24:00+05:30,434.45,434.8,434.3,434.6,146902,ITC
2025-04-22 15:25:00+05:30,434.55,434.8,434.35,434.4,106826,ITC
2025-04-22 15:26:00+05:30,434.45,434.55,434.35,434.5,103464,ITC
2025-04-22 15:27:00+05:30,434.45,434.55,434.1,434.3,97334,ITC
2025-04-22 15:28:00+05:30,434.3,434.5,434.25,434.45,48540,ITC
2025-04-22 15:29:00+05:30,434.25,434.5,432.8,432.85,69857,ITC
2025-04-23 09:15:00+05:30,436.2,437.45,433.2,433.7,235795,ITC
2025-04-23 09:16:00+05:30,433.75,435.2,433.5,434.9,383530,ITC
2025-04-23 09:17:00+05:30,434.65,435.55,433.85,435.1,126283,ITC
2025-04-23 09:18:00+05:30,435.1,435.1,434.4,434.75,68362,ITC
2025-04-23 09:19:00+05:30,434.75,435.0,434.5,434.95,63676,ITC
2025-04-23 09:20:00+05:30,434.95,435.0,433.0,433.1,125622,ITC
2025-04-23 09:21:00+05:30,433.0,433.15,432.4,432.95,105248,ITC
2025-04-23 09:22:00+05:30,432.95,433.15,432.7,433.0,81478,ITC
2025-04-23 09:23:00+05:30,433.0,433.2,432.65,432.85,66517,ITC
2025-04-23 09:24:00+05:30,432.85,433.6,432.7,433.4,58978,ITC
2025-04-23 09:25:00+05:30,433.4,433.8,433.3,433.7,68360,ITC
2025-04-23 09:26:00+05:30,433.7,433.9,433.35,433.35,50360,ITC
2025-04-23 09:27:00+05:30,433.35,433.6,433.2,433.3,53936,ITC
2025-04-23 09:28:00+05:30,433.3,433.35,432.8,432.85,58047,ITC
2025-04-23 09:29:00+05:30,432.95,432.95,431.75,431.9,86508,ITC
2025-04-23 09:30:00+05:30,431.9,432.25,431.85,432.1,73785,ITC
2025-04-23 09:31:00+05:30,432.0,432.5,432.0,432.5,25205,ITC
2025-04-23 09:32:00+05:30,432.35,432.8,432.3,432.8,60966,ITC
2025-04-23 09:33:00+05:30,432.75,432.8,432.05,432.25,259819,ITC
2025-04-23 09:34:00+05:30,432.3,432.75,432.05,432.5,179178,ITC
2025-04-23 09:35:00+05:30,432.5,432.7,432.4,432.7,86911,ITC
2025-04-23 09:36:00+05:30,432.6,433.25,432.6,433.0,57396,ITC
2025-04-23 09:37:00+05:30,433.0,433.2,432.6,433.15,34792,ITC
2025-04-23 09:38:00+05:30,433.15,433.25,432.45,432.75,79559,ITC
2025-04-23 09:39:00+05:30,432.75,432.95,432.1,432.1,26435,ITC
2025-04-23 09:40:00+05:30,432.1,432.15,431.6,431.95,32735,ITC
2025-04-23 09:41:00+05:30,431.85,432.2,431.8,432.2,28902,ITC
2025-04-23 09:42:00+05:30,432.0,432.7,431.9,432.55,49264,ITC
2025-04-23 09:43:00+05:30,432.55,432.55,432.25,432.5,33365,ITC
2025-04-23 09:44:00+05:30,432.55,432.95,432.4,432.75,28912,ITC
2025-04-23 09:45:00+05:30,432.9,432.9,432.55,432.65,37945,ITC
2025-04-23 09:46:00+05:30,432.6,432.95,432.6,432.75,27315,ITC
2025-04-23 09:47:00+05:30,432.6,432.75,432.25,432.4,42782,ITC
2025-04-23 09:48:00+05:30,432.35,432.6,432.3,432.55,15005,ITC
2025-04-23 09:49:00+05:30,432.5,432.8,432.1,432.1,49548,ITC
2025-04-23 09:50:00+05:30,432.1,432.4,432.1,432.3,27087,ITC
2025-04-23 09:51:00+05:30,432.3,432.55,431.85,432.0,43064,ITC
2025-04-23 09:52:00+05:30,432.0,432.2,431.95,432.0,64339,ITC
2025-04-23 09:53:00+05:30,432.0,432.35,431.8,432.1,117036,ITC
2025-04-23 09:54:00+05:30,432.1,432.55,431.9,432.4,12622,ITC
2025-04-23 09:55:00+05:30,432.5,432.55,432.0,432.2,28213,ITC
2025-04-23 09:56:00+05:30,432.25,432.55,432.2,432.35,67290,ITC
2025-04-23 09:57:00+05:30,432.35,433.1,432.25,432.9,55673,ITC
2025-04-23 09:58:00+05:30,432.95,432.95,432.5,432.55,65231,ITC
2025-04-23 09:59:00+05:30,432.55,432.65,432.05,432.3,41479,ITC
2025-04-23 10:00:00+05:30,432.3,432.95,432.15,432.35,101155,ITC
2025-04-23 10:01:00+05:30,432.35,432.6,432.1,432.5,28477,ITC
2025-04-23 10:02:00+05:30,432.25,432.6,432.2,432.5,104227,ITC
2025-04-23 10:03:00+05:30,432.55,432.65,432.15,432.5,49346,ITC
2025-04-23 10:04:00+05:30,432.55,432.55,432.05,432.45,67923,ITC
2025-04-23 10:05:00+05:30,432.25,432.45,432.2,432.25,34080,ITC
2025-04-23 10:06:00+05:30,432.25,432.4,431.85,432.0,40145,ITC
2025-04-23 10:07:00+05:30,431.95,432.15,431.8,431.9,36820,ITC
2025-04-23 10:08:00+05:30,431.95,432.15,431.7,432.0,64221,ITC
2025-04-23 10:09:00+05:30,432.0,432.3,432.0,432.0,19021,ITC
2025-04-23 10:10:00+05:30,432.0,432.05,431.75,432.0,71513,ITC
2025-04-23 10:11:00+05:30,432.0,432.1,431.8,432.0,28655,ITC
2025-04-23 10:12:00+05:30,432.0,432.05,431.75,432.0,165140,ITC
2025-04-23 10:13:00+05:30,432.0,432.05,431.05,431.85,226462,ITC
2025-04-23 10:14:00+05:30,432.05,432.05,431.65,432.0,75887,ITC
2025-04-23 10:15:00+05:30,432.0,432.05,431.7,432.0,47296,ITC
2025-04-23 10:16:00+05:30,432.0,432.1,431.95,432.0,16242,ITC
2025-04-23 10:17:00+05:30,432.0,432.4,432.0,432.25,13586,ITC
2025-04-23 10:18:00+05:30,432.25,432.9,432.25,432.8,28766,ITC
2025-04-23 10:19:00+05:30,432.8,432.9,432.55,432.8,18176,ITC
2025-04-23 10:20:00+05:30,432.8,432.95,432.4,432.65,14038,ITC
2025-04-23 10:21:00+05:30,432.6,432.8,432.45,432.55,9232,ITC
2025-04-23 10:22:00+05:30,432.55,432.75,432.35,432.35,20730,ITC
2025-04-23 10:23:00+05:30,432.35,432.45,432.15,432.3,11572,ITC
2025-04-23 10:24:00+05:30,432.25,432.4,432.15,432.35,39335,ITC
2025-04-23 10:25:00+05:30,432.25,432.35,432.1,432.15,16165,ITC
2025-04-23 10:26:00+05:30,432.25,432.3,432.0,432.05,37549,ITC
2025-04-23 10:27:00+05:30,432.05,432.25,432.0,432.1,9473,ITC
2025-04-23 10:28:00+05:30,432.1,432.1,431.75,432.0,34593,ITC
2025-04-23 10:29:00+05:30,432.0,432.15,431.85,432.15,28557,ITC
2025-04-23 10:30:00+05:30,432.0,432.3,432.0,432.3,15682,ITC
2025-04-23 10:31:00+05:30,432.1,432.4,432.05,432.15,16367,ITC
2025-04-23 10:32:00+05:30,432.1,432.25,432.0,432.2,15964,ITC
2025-04-23 10:33:00+05:30,432.05,432.3,432.0,432.0,13439,ITC
2025-04-23 10:34:00+05:30,432.0,432.25,432.0,432.15,17397,ITC
2025-04-23 10:35:00+05:30,432.15,432.25,431.8,432.05,45539,ITC
2025-04-23 10:36:00+05:30,432.1,432.7,432.0,432.7,17992,ITC
2025-04-23 10:37:00+05:30,432.6,432.85,432.5,432.7,11245,ITC
2025-04-23 10:38:00+05:30,432.6,432.7,432.1,432.2,27263,ITC
2025-04-23 10:39:00+05:30,432.1,432.2,431.75,432.2,48154,ITC
2025-04-23 10:40:00+05:30,432.05,432.3,432.05,432.15,18951,ITC
2025-04-23 10:41:00+05:30,432.1,432.3,432.05,432.2,12946,ITC
2025-04-23 10:42:00+05:30,432.25,432.35,432.1,432.15,16300,ITC
2025-04-23 10:43:00+05:30,432.15,432.5,432.15,432.45,7955,ITC
2025-04-23 10:44:00+05:30,432.5,432.55,432.45,432.5,17694,ITC
2025-04-23 10:45:00+05:30,432.45,432.5,432.05,432.25,36098,ITC
2025-04-23 10:46:00+05:30,432.1,432.25,431.5,432.0,63515,ITC
2025-04-23 10:47:00+05:30,432.0,432.1,431.8,432.0,26479,ITC
2025-04-23 10:48:00+05:30,431.95,432.05,431.7,432.0,94371,ITC
2025-04-23 10:49:00+05:30,432.0,432.05,431.65,432.0,86571,ITC
2025-04-23 10:50:00+05:30,432.0,432.15,431.25,432.1,143959,ITC
2025-04-23 10:51:00+05:30,432.0,432.1,431.6,431.85,212965,ITC
2025-04-23 10:52:00+05:30,432.0,432.05,431.6,431.7,76656,ITC
2025-04-23 10:53:00+05:30,431.6,431.8,431.4,431.8,67213,ITC
2025-04-23 10:54:00+05:30,431.8,431.9,431.35,431.55,73544,ITC
2025-04-23 10:55:00+05:30,431.55,432.0,431.35,431.45,82963,ITC
2025-04-23 10:56:00+05:30,431.35,431.45,431.15,431.25,26935,ITC
2025-04-23 10:57:00+05:30,431.25,431.6,431.15,431.5,31949,ITC
2025-04-23 10:58:00+05:30,431.5,431.6,431.3,431.6,51222,ITC
2025-04-23 10:59:00+05:30,431.6,431.6,431.1,431.25,23255,ITC
2025-04-23 11:00:00+05:30,431.25,431.35,431.1,431.25,26453,ITC
2025-04-23 11:01:00+05:30,431.25,431.25,430.7,430.85,69867,ITC
2025-04-23 11:02:00+05:30,430.85,431.0,430.65,431.0,21370,ITC
2025-04-23 11:03:00+05:30,430.95,431.2,430.85,431.15,89604,ITC
2025-04-23 11:04:00+05:30,431.15,431.2,430.9,431.05,51048,ITC
2025-04-23 11:05:00+05:30,431.05,431.05,430.85,431.0,22754,ITC
2025-04-23 11:06:00+05:30,431.0,431.05,430.8,430.85,22842,ITC
2025-04-23 11:07:00+05:30,431.05,431.15,430.85,430.95,19165,ITC
2025-04-23 11:08:00+05:30,431.05,431.6,430.85,431.15,108930,ITC
2025-04-23 11:09:00+05:30,431.15,431.4,430.8,431.05,108259,ITC
2025-04-23 11:10:00+05:30,431.05,431.05,430.75,430.9,27819,ITC
2025-04-23 11:11:00+05:30,430.95,431.0,430.6,430.95,24765,ITC
2025-04-23 11:12:00+05:30,430.95,431.0,430.6,430.6,22219,ITC
2025-04-23 11:13:00+05:30,430.65,430.7,430.3,430.7,31369,ITC
2025-04-23 11:14:00+05:30,430.7,430.8,430.5,430.65,36046,ITC
2025-04-23 11:15:00+05:30,430.65,431.05,430.5,430.7,25865,ITC
2025-04-23 11:16:00+05:30,430.85,431.05,430.65,430.9,36334,ITC
2025-04-23 11:17:00+05:30,430.9,430.9,430.55,430.9,23876,ITC
2025-04-23 11:18:00+05:30,430.9,431.05,430.6,430.7,53845,ITC
2025-04-23 11:19:00+05:30,430.7,430.7,429.7,429.9,717878,ITC
2025-04-23 11:20:00+05:30,430.0,430.0,429.8,430.0,168569,ITC
2025-04-23 11:21:00+05:30,430.0,430.35,429.95,430.0,368289,ITC
2025-04-23 11:22:00+05:30,430.0,430.0,429.5,429.7,41036,ITC
2025-04-23 11:23:00+05:30,429.65,429.85,429.5,429.5,21179,ITC
2025-04-23 11:24:00+05:30,429.7,429.7,429.2,429.4,54542,ITC
2025-04-23 11:25:00+05:30,429.3,430.0,429.15,429.45,2068986,ITC
2025-04-23 11:26:00+05:30,429.6,430.15,429.4,429.85,50714,ITC
2025-04-23 11:27:00+05:30,430.0,430.0,429.6,429.95,26183,ITC
2025-04-23 11:28:00+05:30,429.85,430.0,429.75,430.0,18328,ITC
2025-04-23 11:29:00+05:30,430.0,430.0,429.75,429.9,20152,ITC
2025-04-23 11:30:00+05:30,429.9,429.9,428.85,429.3,101903,ITC
2025-04-23 11:31:00+05:30,429.3,430.0,429.2,429.9,24659,ITC
2025-04-23 11:32:00+05:30,429.9,429.9,429.6,429.8,9017,ITC
2025-04-23 11:33:00+05:30,429.8,430.0,429.75,430.0,13997,ITC
2025-04-23 11:34:00+05:30,429.95,430.0,429.8,430.0,13875,ITC
2025-04-23 11:35:00+05:30,430.0,430.0,429.9,430.0,21037,ITC
2025-04-23 11:36:00+05:30,429.95,430.0,429.8,429.95,18710,ITC
2025-04-23 11:37:00+05:30,429.95,429.95,429.7,429.8,16899,ITC
2025-04-23 11:38:00+05:30,429.8,429.85,429.35,429.55,19496,ITC
2025-04-23 11:39:00+05:30,429.55,429.7,429.4,429.65,10865,ITC
2025-04-23 11:40:00+05:30,429.55,429.65,429.3,429.5,16755,ITC
2025-04-23 11:41:00+05:30,429.45,429.6,429.25,429.4,19582,ITC
2025-04-23 11:42:00+05:30,429.4,429.5,429.25,429.5,19385,ITC
2025-04-23 11:43:00+05:30,429.4,430.0,429.4,429.95,18301,ITC
2025-04-23 11:44:00+05:30,429.95,430.3,429.75,430.15,16155,ITC
2025-04-23 11:45:00+05:30,430.15,430.25,429.65,429.7,52407,ITC
2025-04-23 11:46:00+05:30,429.7,429.8,429.45,429.7,12519,ITC
2025-04-23 11:47:00+05:30,429.7,429.8,429.4,429.8,28248,ITC
2025-04-23 11:48:00+05:30,429.75,429.85,429.5,429.85,9181,ITC
2025-04-23 11:49:00+05:30,429.85,429.9,429.65,429.75,15180,ITC
2025-04-23 11:50:00+05:30,429.75,430.1,429.5,430.0,39851,ITC
2025-04-23 11:51:00+05:30,430.0,430.15,430.0,430.15,14851,ITC
2025-04-23 11:52:00+05:30,430.05,430.2,429.85,430.0,27394,ITC
2025-04-23 11:53:00+05:30,430.05,430.25,430.0,430.25,15991,ITC
2025-04-23 11:54:00+05:30,430.25,431.05,430.2,430.5,311827,ITC
2025-04-23 11:55:00+05:30,430.4,430.55,430.15,430.4,18286,ITC
2025-04-23 11:56:00+05:30,430.4,430.45,429.85,430.0,23437,ITC
2025-04-23 11:57:00+05:30,430.0,430.0,429.75,429.85,19193,ITC
2025-04-23 11:58:00+05:30,429.95,429.95,429.65,429.9,17672,ITC
2025-04-23 11:59:00+05:30,429.9,429.95,429.6,429.85,21592,ITC
2025-04-23 12:00:00+05:30,429.85,430.1,429.7,429.9,34985,ITC
2025-04-23 12:01:00+05:30,429.9,430.0,429.65,429.95,13247,ITC
2025-04-23 12:02:00+05:30,429.9,430.15,429.75,430.1,13421,ITC
2025-04-23 12:03:00+05:30,430.05,430.15,429.7,429.9,46087,ITC
2025-04-23 12:04:00+05:30,429.9,429.9,429.65,429.85,20555,ITC
2025-04-23 12:05:00+05:30,429.85,430.0,429.65,430.0,17307,ITC
2025-04-23 12:06:00+05:30,430.0,430.1,429.75,429.9,52734,ITC
2025-04-23 12:07:00+05:30,429.85,430.0,429.65,429.85,17343,ITC
2025-04-23 12:08:00+05:30,429.85,429.9,429.65,429.75,9850,ITC
2025-04-23 12:09:00+05:30,429.85,429.85,429.25,429.5,25218,ITC
2025-04-23 12:10:00+05:30,429.45,429.7,429.4,429.6,21661,ITC
2025-04-23 12:11:00+05:30,429.6,429.7,429.35,429.5,25778,ITC
2025-04-23 12:12:00+05:30,429.5,429.65,429.3,429.55,44825,ITC
2025-04-23 12:13:00+05:30,429.5,429.65,429.3,429.55,41682,ITC
2025-04-23 12:14:00+05:30,429.55,429.75,429.15,429.65,68725,ITC
2025-04-23 12:15:00+05:30,429.65,429.75,429.1,429.5,50927,ITC
2025-04-23 12:16:00+05:30,429.45,429.55,429.15,429.25,34634,ITC
2025-04-23 12:17:00+05:30,429.45,429.6,429.15,429.5,28206,ITC
2025-04-23 12:18:00+05:30,429.5,429.65,429.25,429.65,21865,ITC
2025-04-23 12:19:00+05:30,429.45,429.7,429.35,429.6,13791,ITC
2025-04-23 12:20:00+05:30,429.6,429.65,429.25,429.4,17392,ITC
2025-04-23 12:21:00+05:30,429.25,429.4,428.95,429.2,39664,ITC
2025-04-23 12:22:00+05:30,429.2,429.35,429.0,429.15,12828,ITC
2025-04-23 12:23:00+05:30,429.3,429.35,429.0,429.3,20727,ITC
2025-04-23 12:24:00+05:30,429.3,429.4,429.05,429.25,25452,ITC
2025-04-23 12:25:00+05:30,429.35,429.5,429.2,429.45,19918,ITC
2025-04-23 12:26:00+05:30,429.35,429.45,429.15,429.25,18129,ITC
2025-04-23 12:27:00+05:30,429.2,429.4,429.05,429.25,23565,ITC
2025-04-23 12:28:00+05:30,429.2,429.3,429.0,429.2,20369,ITC
2025-04-23 12:29:00+05:30,429.15,429.4,429.0,429.3,30992,ITC
2025-04-23 12:30:00+05:30,429.3,429.4,429.05,429.2,24828,ITC
2025-04-23 12:31:00+05:30,429.25,429.65,429.15,429.65,22601,ITC
2025-04-23 12:32:00+05:30,429.6,429.85,429.45,429.85,16782,ITC
2025-04-23 12:33:00+05:30,429.75,429.95,429.6,429.8,18098,ITC
2025-04-23 12:34:00+05:30,429.8,429.95,429.55,429.95,19961,ITC
2025-04-23 12:35:00+05:30,429.95,430.0,429.75,429.9,14698,ITC
2025-04-23 12:36:00+05:30,429.9,429.9,429.75,429.8,17372,ITC
2025-04-23 12:37:00+05:30,429.8,429.9,429.7,429.9,12999,ITC
2025-04-23 12:38:00+05:30,429.85,430.0,429.75,429.95,31451,ITC
2025-04-23 12:39:00+05:30,429.9,429.95,429.7,429.95,13222,ITC
2025-04-23 12:40:00+05:30,429.95,429.95,429.55,429.75,22635,ITC
2025-04-23 12:41:00+05:30,429.75,429.75,429.2,429.4,28761,ITC
2025-04-23 12:42:00+05:30,429.4,429.4,429.05,429.15,26946,ITC
2025-04-23 12:43:00+05:30,429.15,429.35,429.0,429.25,63607,ITC
2025-04-23 12:44:00+05:30,429.2,429.45,429.15,429.25,26088,ITC
2025-04-23 12:45:00+05:30,429.4,429.5,429.2,429.35,19783,ITC
2025-04-23 12:46:00+05:30,429.25,429.6,429.25,429.5,16313,ITC
2025-04-23 12:47:00+05:30,429.5,429.75,429.45,429.65,19579,ITC
2025-04-23 12:48:00+05:30,429.6,429.9,429.45,429.75,21833,ITC
2025-04-23 12:49:00+05:30,429.75,430.1,429.65,430.0,42841,ITC
2025-04-23 12:50:00+05:30,430.05,430.5,429.95,430.45,25579,ITC
2025-04-23 12:51:00+05:30,430.45,430.55,430.35,430.5,18534,ITC
2025-04-23 12:52:00+05:30,430.5,430.55,430.4,430.5,20401,ITC
2025-04-23 12:53:00+05:30,430.45,430.65,430.4,430.6,14143,ITC
2025-04-23 12:54:00+05:30,430.6,431.0,430.55,430.8,44785,ITC
2025-04-23 12:55:00+05:30,430.85,431.0,430.8,430.9,18882,ITC
2025-04-23 12:56:00+05:30,430.9,431.0,430.75,430.75,19629,ITC
2025-04-23 12:57:00+05:30,430.75,430.95,430.75,430.75,15807,ITC
2025-04-23 12:58:00+05:30,430.8,431.0,430.75,430.95,7247,ITC
2025-04-23 12:59:00+05:30,430.95,431.0,430.85,430.85,14095,ITC
2025-04-23 13:00:00+05:30,430.9,430.9,430.7,430.85,13485,ITC
2025-04-23 13:01:00+05:30,430.85,430.85,430.55,430.7,16312,ITC
2025-04-23 13:02:00+05:30,430.7,430.7,430.5,430.65,10065,ITC
2025-04-23 13:03:00+05:30,430.7,430.7,430.6,430.7,8256,ITC
2025-04-23 13:04:00+05:30,430.65,430.8,430.6,430.8,13902,ITC
2025-04-23 13:05:00+05:30,430.8,430.8,430.65,430.7,23799,ITC
2025-04-23 13:06:00+05:30,430.7,430.7,430.4,430.5,17124,ITC
2025-04-23 13:07:00+05:30,430.5,430.5,430.2,430.3,19416,ITC
2025-04-23 13:08:00+05:30,430.3,430.4,430.1,430.3,21009,ITC
2025-04-23 13:09:00+05:30,430.25,430.35,430.2,430.35,9283,ITC
2025-04-23 13:10:00+05:30,430.25,430.5,430.2,430.5,13367,ITC
2025-04-23 13:11:00+05:30,430.5,430.5,430.45,430.5,5960,ITC
2025-04-23 13:12:00+05:30,430.5,430.65,430.3,430.3,24558,ITC
2025-04-23 13:13:00+05:30,430.3,430.3,429.95,430.25,37826,ITC
2025-04-23 13:14:00+05:30,430.1,430.6,429.95,430.55,24968,ITC
2025-04-23 13:15:00+05:30,430.5,430.65,430.45,430.65,10959,ITC
2025-04-23 13:16:00+05:30,430.65,430.65,430.45,430.65,28795,ITC
2025-04-23 13:17:00+05:30,430.65,430.65,430.55,430.6,9745,ITC
2025-04-23 13:18:00+05:30,430.6,430.65,430.35,430.4,27116,ITC
2025-04-23 13:19:00+05:30,430.45,430.5,429.8,430.3,1013579,ITC
2025-04-23 13:20:00+05:30,430.3,430.4,430.25,430.35,11530,ITC
2025-04-23 13:21:00+05:30,430.4,430.6,430.35,430.6,7797,ITC
2025-04-23 13:22:00+05:30,430.55,431.2,430.55,431.1,140120,ITC
2025-04-23 13:23:00+05:30,431.1,431.1,431.0,431.05,121600,ITC
2025-04-23 13:24:00+05:30,431.0,431.1,430.9,431.1,154167,ITC
2025-04-23 13:25:00+05:30,431.05,431.3,431.05,431.25,22900,ITC
2025-04-23 13:26:00+05:30,431.25,431.25,431.1,431.1,18900,ITC
2025-04-23 13:27:00+05:30,431.1,431.4,431.1,431.4,29870,ITC
2025-04-23 13:28:00+05:30,431.35,431.4,431.35,431.4,15455,ITC
2025-04-23 13:29:00+05:30,431.4,431.4,431.35,431.4,17630,ITC
2025-04-23 13:30:00+05:30,431.35,431.4,431.35,431.4,11624,ITC
2025-04-23 13:31:00+05:30,431.4,431.55,431.35,431.55,28733,ITC
2025-04-23 13:32:00+05:30,431.6,432.1,431.55,432.0,114378,ITC
2025-04-23 13:33:00+05:30,432.1,432.2,431.95,432.0,43964,ITC
2025-04-23 13:34:00+05:30,432.0,432.1,431.4,431.4,67136,ITC
2025-04-23 13:35:00+05:30,431.5,431.9,431.4,431.85,32330,ITC
2025-04-23 13:36:00+05:30,431.8,431.85,431.7,431.85,37503,ITC
2025-04-23 13:37:00+05:30,431.85,432.0,431.8,432.0,24342,ITC
2025-04-23 13:38:00+05:30,432.0,432.0,431.75,431.85,24102,ITC
2025-04-23 13:39:00+05:30,431.8,431.85,431.7,431.75,14768,ITC
2025-04-23 13:40:00+05:30,431.75,431.8,431.4,431.8,49837,ITC
2025-04-23 13:41:00+05:30,431.7,432.15,431.6,432.1,86499,ITC
2025-04-23 13:42:00+05:30,432.1,432.2,431.65,432.05,80595,ITC
2025-04-23 13:43:00+05:30,432.05,432.15,431.95,432.0,54873,ITC
2025-04-23 13:44:00+05:30,432.0,432.15,431.95,431.95,19017,ITC
2025-04-23 13:45:00+05:30,431.95,432.05,431.9,432.0,46637,ITC
2025-04-23 13:46:00+05:30,432.0,432.0,431.65,431.75,12608,ITC
2025-04-23 13:47:00+05:30,431.7,431.8,431.7,431.8,5208,ITC
2025-04-23 13:48:00+05:30,431.8,432.05,431.6,431.95,116036,ITC
2025-04-23 13:49:00+05:30,431.8,431.95,431.6,431.7,17422,ITC
2025-04-23 13:50:00+05:30,431.65,431.95,431.65,431.7,26939,ITC
2025-04-23 13:51:00+05:30,431.7,432.1,431.7,432.0,30424,ITC
2025-04-23 13:52:00+05:30,432.0,432.0,431.85,432.0,16289,ITC
2025-04-23 13:53:00+05:30,432.0,432.0,431.9,431.95,14871,ITC
2025-04-23 13:54:00+05:30,431.95,431.95,431.8,431.8,21649,ITC
2025-04-23 13:55:00+05:30,431.8,431.85,431.75,431.85,11555,ITC
2025-04-23 13:56:00+05:30,431.85,431.95,431.8,431.9,16268,ITC
2025-04-23 13:57:00+05:30,431.9,431.9,431.75,431.75,21426,ITC
2025-04-23 13:58:00+05:30,431.75,431.8,431.7,431.7,4527,ITC
2025-04-23 13:59:00+05:30,431.75,431.85,431.7,431.8,21681,ITC
2025-04-23 14:00:00+05:30,431.75,431.85,431.7,431.8,18398,ITC
2025-04-23 14:01:00+05:30,431.8,431.8,431.75,431.8,7766,ITC
2025-04-23 14:02:00+05:30,431.75,431.8,431.65,431.65,27145,ITC
2025-04-23 14:03:00+05:30,431.7,431.7,431.5,431.7,29735,ITC
2025-04-23 14:04:00+05:30,431.65,431.75,431.5,431.7,21352,ITC
2025-04-23 14:05:00+05:30,431.7,431.8,431.65,431.75,12903,ITC
2025-04-23 14:06:00+05:30,431.75,431.75,431.6,431.65,16738,ITC
2025-04-23 14:07:00+05:30,431.65,431.65,431.55,431.65,9918,ITC
2025-04-23 14:08:00+05:30,431.65,431.65,431.45,431.5,19606,ITC
2025-04-23 14:09:00+05:30,431.5,431.75,431.4,431.7,15397,ITC
2025-04-23 14:10:00+05:30,431.65,431.9,431.65,431.8,12935,ITC
2025-04-23 14:11:00+05:30,431.8,431.8,431.4,431.6,22951,ITC
2025-04-23 14:12:00+05:30,431.55,431.7,431.4,431.6,19576,ITC
2025-04-23 14:13:00+05:30,431.6,431.7,431.4,431.7,18750,ITC
2025-04-23 14:14:00+05:30,431.7,431.8,431.55,431.75,15189,ITC
2025-04-23 14:15:00+05:30,431.7,431.8,431.55,431.55,14986,ITC
2025-04-23 14:16:00+05:30,431.55,431.6,431.2,431.4,25364,ITC
2025-04-23 14:17:00+05:30,431.3,431.3,431.1,431.25,29863,ITC
2025-04-23 14:18:00+05:30,431.3,431.4,431.0,431.35,47003,ITC
2025-04-23 14:19:00+05:30,431.35,431.5,431.2,431.35,17541,ITC
2025-04-23 14:20:00+05:30,431.3,431.4,431.25,431.4,18997,ITC
2025-04-23 14:21:00+05:30,431.3,431.4,431.3,431.35,9645,ITC
2025-04-23 14:22:00+05:30,431.35,431.65,431.35,431.45,22969,ITC
2025-04-23 14:23:00+05:30,431.45,431.5,431.4,431.5,6331,ITC
2025-04-23 14:24:00+05:30,431.5,431.6,431.45,431.55,19220,ITC
2025-04-23 14:25:00+05:30,431.55,431.6,431.45,431.5,13077,ITC
2025-04-23 14:26:00+05:30,431.5,431.5,431.45,431.5,8682,ITC
2025-04-23 14:27:00+05:30,431.45,431.5,430.95,430.95,48080,ITC
2025-04-23 14:28:00+05:30,430.95,431.15,430.9,431.15,10531,ITC
2025-04-23 14:29:00+05:30,431.1,431.15,431.05,431.1,25983,ITC
2025-04-23 14:30:00+05:30,431.1,431.15,430.95,431.0,13499,ITC
2025-04-23 14:31:00+05:30,431.0,431.15,430.95,431.15,12136,ITC
2025-04-23 14:32:00+05:30,431.15,431.65,431.15,431.5,32491,ITC
2025-04-23 14:33:00+05:30,431.5,431.5,431.3,431.35,15635,ITC
2025-04-23 14:34:00+05:30,431.35,431.5,431.3,431.45,21846,ITC
2025-04-23 14:35:00+05:30,431.45,431.5,431.15,431.2,16357,ITC
2025-04-23 14:36:00+05:30,431.2,431.2,430.7,430.85,68875,ITC
2025-04-23 14:37:00+05:30,430.85,430.9,430.6,430.9,26482,ITC
2025-04-23 14:38:00+05:30,430.75,430.9,430.7,430.8,32195,ITC
2025-04-23 14:39:00+05:30,430.8,431.0,430.75,430.8,25155,ITC
2025-04-23 14:40:00+05:30,430.75,430.85,430.55,430.55,30340,ITC
2025-04-23 14:41:00+05:30,430.55,430.75,430.15,430.5,21102,ITC
2025-04-23 14:42:00+05:30,430.5,430.55,430.45,430.55,21226,ITC
2025-04-23 14:43:00+05:30,430.55,430.65,430.0,430.0,86525,ITC
2025-04-23 14:44:00+05:30,429.95,430.25,429.85,430.1,85544,ITC
2025-04-23 14:45:00+05:30,430.1,430.35,429.95,430.0,92379,ITC
2025-04-23 14:46:00+05:30,430.0,430.15,429.9,430.0,55690,ITC
2025-04-23 14:47:00+05:30,430.0,430.2,429.95,430.05,55408,ITC
2025-04-23 14:48:00+05:30,430.0,430.05,429.95,430.05,33326,ITC
2025-04-23 14:49:00+05:30,430.0,430.05,429.9,429.9,33217,ITC
2025-04-23 14:50:00+05:30,430.0,430.15,429.9,430.0,28489,ITC
2025-04-23 14:51:00+05:30,430.0,430.25,429.95,430.1,36153,ITC
2025-04-23 14:52:00+05:30,430.15,430.25,429.95,430.2,70226,ITC
2025-04-23 14:53:00+05:30,430.05,430.25,429.95,430.0,62068,ITC
2025-04-23 14:54:00+05:30,430.0,430.0,429.95,430.0,19908,ITC
2025-04-23 14:55:00+05:30,430.0,430.25,429.95,430.25,57828,ITC
2025-04-23 14:56:00+05:30,430.25,430.35,430.1,430.35,20754,ITC
2025-04-23 14:57:00+05:30,430.35,430.4,429.95,430.0,56767,ITC
2025-04-23 14:58:00+05:30,430.0,430.35,429.95,430.1,114954,ITC
2025-04-23 14:59:00+05:30,430.2,430.25,430.0,430.15,75331,ITC
2025-04-23 15:00:00+05:30,430.05,430.55,430.0,430.5,56777,ITC
2025-04-23 15:01:00+05:30,430.55,430.7,430.5,430.65,25540,ITC
2025-04-23 15:02:00+05:30,430.7,430.95,430.65,430.9,47989,ITC
2025-04-23 15:03:00+05:30,430.9,431.0,430.75,430.9,90382,ITC
2025-04-23 15:04:00+05:30,430.85,431.0,430.85,431.0,43199,ITC
2025-04-23 15:05:00+05:30,430.95,431.0,430.95,431.0,29261,ITC
2025-04-23 15:06:00+05:30,430.95,431.0,430.95,431.0,23715,ITC
2025-04-23 15:07:00+05:30,430.95,431.0,430.95,430.95,34143,ITC
2025-04-23 15:08:00+05:30,430.95,431.0,430.9,430.95,87107,ITC
2025-04-23 15:09:00+05:30,430.9,430.95,430.9,430.95,27906,ITC
2025-04-23 15:10:00+05:30,430.9,431.2,430.9,431.2,105230,ITC
2025-04-23 15:11:00+05:30,431.15,431.25,431.1,431.25,55222,ITC
2025-04-23 15:12:00+05:30,431.2,431.35,431.15,431.25,59008,ITC
2025-04-23 15:13:00+05:30,431.2,431.25,431.1,431.15,42905,ITC
2025-04-23 15:14:00+05:30,431.1,431.25,431.1,431.25,25877,ITC
2025-04-23 15:15:00+05:30,431.15,431.25,431.05,431.05,75945,ITC
2025-04-23 15:16:00+05:30,431.05,431.1,430.4,430.5,108796,ITC
2025-04-23 15:17:00+05:30,430.5,430.85,430.5,430.7,25461,ITC
2025-04-23 15:18:00+05:30,430.7,430.75,430.45,430.55,53424,ITC
2025-04-23 15:19:00+05:30,430.55,430.75,430.55,430.7,41417,ITC
2025-04-23 15:20:00+05:30,430.7,430.95,430.65,430.75,73158,ITC
2025-04-23 15:21:00+05:30,430.75,430.8,430.6,430.65,55371,ITC
2025-04-23 15:22:00+05:30,430.7,430.7,430.65,430.7,16464,ITC
2025-04-23 15:23:00+05:30,430.65,430.7,430.65,430.65,29019,ITC
2025-04-23 15:24:00+05:30,430.65,430.9,430.65,430.85,37131,ITC
2025-04-23 15:25:00+05:30,430.8,431.0,430.75,430.75,100229,ITC
2025-04-23 15:26:00+05:30,430.8,431.0,430.65,430.85,34106,ITC
2025-04-23 15:27:00+05:30,430.85,430.9,430.5,430.6,41448,ITC
2025-04-23 15:28:00+05:30,430.5,430.75,430.1,430.7,57417,ITC
2025-04-23 15:29:00+05:30,430.6,430.8,430.05,430.15,30735,ITC
2025-04-24 09:15:00+05:30,431.85,431.85,430.85,431.2,83516,ITC
2025-04-24 09:16:00+05:30,431.25,431.55,431.0,431.25,40229,ITC
2025-04-24 09:17:00+05:30,431.4,431.45,430.55,430.6,42693,ITC
2025-04-24 09:18:00+05:30,430.8,431.85,430.6,431.7,38884,ITC
2025-04-24 09:19:00+05:30,431.7,431.8,430.95,431.0,49445,ITC
2025-04-24 09:20:00+05:30,431.0,431.65,430.85,431.15,66328,ITC
2025-04-24 09:21:00+05:30,431.25,431.3,430.8,430.95,32953,ITC
2025-04-24 09:22:00+05:30,430.95,431.45,430.8,431.25,42784,ITC
2025-04-24 09:23:00+05:30,431.3,432.3,431.3,432.0,84564,ITC
2025-04-24 09:24:00+05:30,432.2,432.8,432.0,432.65,43143,ITC
2025-04-24 09:25:00+05:30,432.5,432.7,431.75,431.85,35896,ITC
2025-04-24 09:26:00+05:30,431.75,431.75,430.8,431.0,73878,ITC
2025-04-24 09:27:00+05:30,431.0,431.0,430.25,430.5,55763,ITC
2025-04-24 09:28:00+05:30,430.5,430.5,430.15,430.4,37026,ITC
2025-04-24 09:29:00+05:30,430.45,430.65,429.7,430.5,146634,ITC
2025-04-24 09:30:00+05:30,430.5,431.0,430.5,430.6,27268,ITC
2025-04-24 09:31:00+05:30,430.7,431.25,430.7,431.15,25186,ITC
2025-04-24 09:32:00+05:30,431.25,431.65,431.15,431.5,26739,ITC
2025-04-24 09:33:00+05:30,431.7,432.0,431.45,432.0,16160,ITC
2025-04-24 09:34:00+05:30,432.0,432.35,431.9,432.2,37419,ITC
2025-04-24 09:35:00+05:30,432.2,432.35,432.1,432.35,20772,ITC
2025-04-24 09:36:00+05:30,432.25,432.35,431.55,431.55,36874,ITC
2025-04-24 09:37:00+05:30,431.7,432.0,431.4,431.85,39013,ITC
2025-04-24 09:38:00+05:30,431.85,432.0,431.7,431.95,11368,ITC
2025-04-24 09:39:00+05:30,431.85,431.95,431.3,431.4,20148,ITC
2025-04-24 09:40:00+05:30,431.45,431.45,430.5,430.75,24714,ITC
2025-04-24 09:41:00+05:30,430.65,431.2,430.5,431.1,11807,ITC
2025-04-24 09:42:00+05:30,431.2,431.35,430.95,431.25,24917,ITC
2025-04-24 09:43:00+05:30,431.25,431.4,431.15,431.15,16583,ITC
2025-04-24 09:44:00+05:30,431.3,431.4,431.2,431.4,6271,ITC
2025-04-24 09:45:00+05:30,431.25,431.4,431.15,431.4,26328,ITC
2025-04-24 09:46:00+05:30,431.4,431.4,431.25,431.25,8933,ITC
2025-04-24 09:47:00+05:30,431.4,431.65,431.25,431.45,39256,ITC
2025-04-24 09:48:00+05:30,431.45,431.65,431.35,431.4,16512,ITC
2025-04-24 09:49:00+05:30,431.4,431.55,431.25,431.3,13263,ITC
2025-04-24 09:50:00+05:30,431.3,431.4,431.15,431.3,9821,ITC
2025-04-24 09:51:00+05:30,431.3,431.4,431.3,431.4,11385,ITC
2025-04-24 09:52:00+05:30,431.4,431.4,431.25,431.35,16215,ITC
2025-04-24 09:53:00+05:30,431.35,431.4,431.2,431.2,3223,ITC
2025-04-24 09:54:00+05:30,431.2,431.3,431.2,431.25,38667,ITC
2025-04-24 09:55:00+05:30,431.3,431.4,430.9,431.0,49649,ITC
2025-04-24 09:56:00+05:30,431.0,431.15,430.45,430.6,25044,ITC
2025-04-24 09:57:00+05:30,430.5,430.7,430.5,430.6,19311,ITC
2025-04-24 09:58:00+05:30,430.6,430.9,430.5,430.65,57878,ITC
2025-04-24 09:59:00+05:30,430.65,430.7,430.45,430.6,11947,ITC
2025-04-24 10:00:00+05:30,430.7,430.7,430.6,430.7,28216,ITC
2025-04-24 10:01:00+05:30,430.7,430.7,430.2,430.7,55344,ITC
2025-04-24 10:02:00+05:30,430.7,430.7,430.4,430.45,95305,ITC
2025-04-24 10:03:00+05:30,430.5,430.75,430.45,430.75,56314,ITC
2025-04-24 10:04:00+05:30,430.7,431.0,430.65,430.7,29695,ITC
2025-04-24 10:05:00+05:30,430.75,430.75,430.7,430.75,8516,ITC
2025-04-24 10:06:00+05:30,430.75,430.95,430.7,430.8,106741,ITC
2025-04-24 10:07:00+05:30,430.75,430.8,430.75,430.8,19162,ITC
2025-04-24 10:08:00+05:30,430.8,430.8,430.25,430.5,49964,ITC
2025-04-24 10:09:00+05:30,430.5,430.75,430.3,430.4,47979,ITC
2025-04-24 10:10:00+05:30,430.4,430.4,430.3,430.3,4263,ITC
2025-04-24 10:11:00+05:30,430.4,430.85,430.3,430.85,89700,ITC
2025-04-24 10:12:00+05:30,430.85,431.45,430.65,430.95,206171,ITC
2025-04-24 10:13:00+05:30,431.0,431.45,430.95,431.45,133710,ITC
2025-04-24 10:14:00+05:30,431.3,432.35,431.3,432.35,91756,ITC
2025-04-24 10:15:00+05:30,432.4,432.95,432.05,432.25,256798,ITC
2025-04-24 10:16:00+05:30,432.25,432.25,431.85,431.95,56364,ITC
2025-04-24 10:17:00+05:30,431.95,432.2,431.85,431.95,78272,ITC
2025-04-24 10:18:00+05:30,432.0,432.2,431.85,432.0,48664,ITC
2025-04-24 10:19:00+05:30,432.0,432.85,431.95,432.6,124943,ITC
2025-04-24 10:20:00+05:30,432.6,433.25,432.45,433.0,143793,ITC
2025-04-24 10:21:00+05:30,433.0,433.2,432.85,433.1,41990,ITC
2025-04-24 10:22:00+05:30,433.1,433.1,432.3,432.5,35608,ITC
2025-04-24 10:23:00+05:30,432.5,432.5,432.3,432.4,23262,ITC
2025-04-24 10:24:00+05:30,432.4,432.65,432.3,432.4,35403,ITC
2025-04-24 10:25:00+05:30,432.4,433.0,432.35,432.8,41394,ITC
2025-04-24 10:26:00+05:30,432.8,433.0,432.75,432.8,35176,ITC
2025-04-24 10:27:00+05:30,432.8,433.0,432.75,432.8,25662,ITC
2025-04-24 10:28:00+05:30,432.9,432.95,432.2,432.2,46116,ITC
2025-04-24 10:29:00+05:30,432.25,432.25,432.2,432.25,7205,ITC
2025-04-24 10:30:00+05:30,432.2,432.25,432.15,432.2,19869,ITC
2025-04-24 10:31:00+05:30,432.2,432.25,432.15,432.25,16293,ITC
2025-04-24 10:32:00+05:30,432.25,432.4,432.0,432.35,89685,ITC
2025-04-24 10:33:00+05:30,432.4,432.5,432.2,432.5,49245,ITC
2025-04-24 10:34:00+05:30,432.45,432.45,432.1,432.25,17861,ITC
2025-04-24 10:35:00+05:30,432.25,432.35,431.9,432.25,77359,ITC
2025-04-24 10:36:00+05:30,432.15,432.25,431.95,432.2,82222,ITC
2025-04-24 10:37:00+05:30,432.2,432.2,431.45,431.9,485523,ITC
2025-04-24 10:38:00+05:30,431.9,431.9,430.9,431.25,57849,ITC
2025-04-24 10:39:00+05:30,431.45,431.85,431.35,431.85,32053,ITC
2025-04-24 10:40:00+05:30,431.7,432.35,431.6,431.9,116526,ITC
2025-04-24 10:41:00+05:30,431.8,432.65,431.8,432.65,33821,ITC
2025-04-24 10:42:00+05:30,432.6,433.2,432.4,433.15,38742,ITC
2025-04-24 10:43:00+05:30,433.1,433.6,433.1,433.55,25235,ITC
2025-04-24 10:44:00+05:30,433.6,433.6,433.2,433.5,15243,ITC
2025-04-24 10:45:00+05:30,433.5,433.6,433.4,433.55,30738,ITC
2025-04-24 10:46:00+05:30,433.5,434.1,433.5,434.0,64490,ITC
2025-04-24 10:47:00+05:30,434.1,434.2,433.65,433.65,40354,ITC
2025-04-24 10:48:00+05:30,433.65,433.95,433.6,433.6,25265,ITC
2025-04-24 10:49:00+05:30,433.65,433.85,433.6,433.75,19493,ITC
2025-04-24 10:50:00+05:30,433.85,433.9,433.75,433.85,22081,ITC
2025-04-24 10:51:00+05:30,433.85,434.1,433.7,433.85,68635,ITC
2025-04-24 10:52:00+05:30,433.8,433.85,433.45,433.55,32430,ITC
2025-04-24 10:53:00+05:30,433.55,433.7,433.3,433.5,34050,ITC
2025-04-24 10:54:00+05:30,433.6,433.8,433.5,433.8,18298,ITC
2025-04-24 10:55:00+05:30,433.8,433.85,433.7,433.85,14481,ITC
2025-04-24 10:56:00+05:30,433.85,433.95,433.75,433.9,10232,ITC
2025-04-24 10:57:00+05:30,433.9,433.95,433.75,433.95,14245,ITC
2025-04-24 10:58:00+05:30,433.95,433.95,433.8,433.9,16832,ITC
2025-04-24 10:59:00+05:30,433.9,433.9,433.8,433.8,12288,ITC
2025-04-24 11:00:00+05:30,433.9,434.2,433.85,434.0,99892,ITC
2025-04-24 11:01:00+05:30,434.05,434.05,433.7,433.85,41256,ITC
2025-04-24 11:02:00+05:30,433.9,433.9,433.8,433.9,15690,ITC
2025-04-24 11:03:00+05:30,433.9,433.9,433.75,433.8,17462,ITC
2025-04-24 11:04:00+05:30,433.8,433.85,433.75,433.8,15445,ITC
2025-04-24 11:05:00+05:30,433.8,433.9,433.75,433.9,18341,ITC
2025-04-24 11:06:00+05:30,433.9,433.9,433.2,433.4,65216,ITC
2025-04-24 11:07:00+05:30,433.3,433.6,433.3,433.45,11644,ITC
2025-04-24 11:08:00+05:30,433.45,433.5,433.3,433.45,12921,ITC
2025-04-24 11:09:00+05:30,433.4,433.45,432.7,432.95,38678,ITC
2025-04-24 11:10:00+05:30,432.85,433.2,432.85,433.0,16811,ITC
2025-04-24 11:11:00+05:30,432.95,433.2,432.85,433.15,13110,ITC
2025-04-24 11:12:00+05:30,433.15,433.5,433.05,433.35,14915,ITC
2025-04-24 11:13:00+05:30,433.35,433.45,433.15,433.4,23647,ITC
2025-04-24 11:14:00+05:30,433.4,433.4,433.2,433.3,9374,ITC
2025-04-24 11:15:00+05:30,433.3,433.35,433.15,433.2,11716,ITC
2025-04-24 11:16:00+05:30,433.2,433.25,433.15,433.25,18185,ITC
2025-04-24 11:17:00+05:30,433.15,433.25,433.15,433.2,11704,ITC
2025-04-24 11:18:00+05:30,433.15,433.35,433.05,433.3,22434,ITC
2025-04-24 11:19:00+05:30,433.3,433.55,433.15,433.55,97251,ITC
2025-04-24 11:20:00+05:30,433.6,434.1,433.55,433.95,109894,ITC
2025-04-24 11:21:00+05:30,433.95,433.95,433.85,433.85,16721,ITC
2025-04-24 11:22:00+05:30,433.95,434.1,433.75,434.1,60537,ITC
2025-04-24 11:23:00+05:30,434.1,434.2,433.85,434.1,29604,ITC
2025-04-24 11:24:00+05:30,434.1,434.5,434.0,434.4,91932,ITC
2025-04-24 11:25:00+05:30,434.25,434.4,433.6,433.8,69306,ITC
2025-04-24 11:26:00+05:30,433.9,434.55,433.9,434.4,164013,ITC
2025-04-24 11:27:00+05:30,434.4,434.5,433.95,434.25,228782,ITC
2025-04-24 11:28:00+05:30,434.15,434.5,434.0,434.2,122092,ITC
2025-04-24 11:29:00+05:30,434.1,434.3,433.65,434.2,23000,ITC
2025-04-24 11:30:00+05:30,434.2,434.45,434.1,434.3,28710,ITC
2025-04-24 11:31:00+05:30,434.1,434.55,434.0,434.5,415419,ITC
2025-04-24 11:32:00+05:30,434.5,434.6,434.3,434.6,149020,ITC
2025-04-24 11:33:00+05:30,434.55,435.05,434.55,435.0,226484,ITC
2025-04-24 11:34:00+05:30,435.0,435.1,434.55,434.95,243385,ITC
2025-04-24 11:35:00+05:30,434.9,435.0,434.3,434.6,84551,ITC
2025-04-24 11:36:00+05:30,434.6,435.0,434.35,434.4,122753,ITC
2025-04-24 11:37:00+05:30,434.3,435.0,434.25,434.7,296717,ITC
2025-04-24 11:38:00+05:30,434.65,435.1,434.5,435.0,183015,ITC
2025-04-24 11:39:00+05:30,435.0,435.95,435.0,435.5,260808,ITC
2025-04-24 11:40:00+05:30,435.5,436.05,435.4,435.6,155125,ITC
2025-04-24 11:41:00+05:30,435.5,435.6,434.9,435.0,41476,ITC
2025-04-24 11:42:00+05:30,435.0,435.0,434.8,434.8,12705,ITC
2025-04-24 11:43:00+05:30,434.85,435.0,434.8,435.0,17437,ITC
2025-04-24 11:44:00+05:30,434.95,435.1,434.7,434.75,33186,ITC
2025-04-24 11:45:00+05:30,434.75,434.75,434.65,434.7,16868,ITC
2025-04-24 11:46:00+05:30,434.7,434.7,434.1,434.35,32470,ITC
2025-04-24 11:47:00+05:30,434.35,434.7,434.35,434.55,36926,ITC
2025-04-24 11:48:00+05:30,434.55,434.8,434.55,434.65,23076,ITC
2025-04-24 11:49:00+05:30,434.7,434.75,434.55,434.6,14254,ITC
2025-04-24 11:50:00+05:30,434.6,434.65,434.5,434.5,24837,ITC
2025-04-24 11:51:00+05:30,434.5,434.6,434.3,434.45,35522,ITC
2025-04-24 11:52:00+05:30,434.45,434.6,434.15,434.5,47277,ITC
2025-04-24 11:53:00+05:30,434.45,434.85,434.45,434.7,14996,ITC
2025-04-24 11:54:00+05:30,434.65,434.8,434.5,434.5,41228,ITC
2025-04-24 11:55:00+05:30,434.5,434.65,434.5,434.6,42366,ITC
2025-04-24 11:56:00+05:30,434.55,434.6,434.5,434.6,14279,ITC
2025-04-24 11:57:00+05:30,434.55,434.6,434.5,434.6,14995,ITC
2025-04-24 11:58:00+05:30,434.5,434.9,434.5,434.8,37174,ITC
2025-04-24 11:59:00+05:30,434.8,435.0,434.6,434.6,22890,ITC
2025-04-24 12:00:00+05:30,434.6,434.65,434.5,434.55,12667,ITC
2025-04-24 12:01:00+05:30,434.55,434.75,434.55,434.75,9236,ITC
2025-04-24 12:02:00+05:30,434.65,434.9,434.55,434.65,35528,ITC
2025-04-24 12:03:00+05:30,434.7,434.75,434.65,434.75,6657,ITC
2025-04-24 12:04:00+05:30,434.65,434.8,434.65,434.75,11288,ITC
2025-04-24 12:05:00+05:30,434.7,434.75,434.65,434.7,18551,ITC
2025-04-24 12:06:00+05:30,434.65,434.8,434.45,434.45,19020,ITC
2025-04-24 12:07:00+05:30,434.45,434.6,434.4,434.6,37298,ITC
2025-04-24 12:08:00+05:30,434.55,434.7,434.15,434.2,45480,ITC
2025-04-24 12:09:00+05:30,434.2,434.45,433.8,433.8,149713,ITC
2025-04-24 12:10:00+05:30,433.8,433.85,433.25,433.6,258859,ITC
2025-04-24 12:11:00+05:30,433.45,433.6,433.1,433.4,66373,ITC
2025-04-24 12:12:00+05:30,433.35,433.75,433.35,433.5,32921,ITC
2025-04-24 12:13:00+05:30,433.5,433.5,433.4,433.5,13772,ITC
2025-04-24 12:14:00+05:30,433.45,433.5,433.4,433.5,24237,ITC
2025-04-24 12:15:00+05:30,433.45,433.5,433.45,433.5,18146,ITC
2025-04-24 12:16:00+05:30,433.5,433.5,433.15,433.15,53604,ITC
2025-04-24 12:17:00+05:30,433.15,433.2,432.8,432.95,46604,ITC
2025-04-24 12:18:00+05:30,432.9,433.0,432.85,432.9,18961,ITC
2025-04-24 12:19:00+05:30,432.95,433.0,432.8,433.0,48032,ITC
2025-04-24 12:20:00+05:30,433.05,433.05,432.85,432.95,16346,ITC
2025-04-24 12:21:00+05:30,432.95,433.0,432.85,432.85,21694,ITC
2025-04-24 12:22:00+05:30,432.9,433.0,432.85,433.0,14707,ITC
2025-04-24 12:23:00+05:30,432.95,433.0,432.65,432.65,30786,ITC
2025-04-24 12:24:00+05:30,432.65,432.95,432.6,432.95,7255,ITC
2025-04-24 12:25:00+05:30,432.95,433.0,432.8,432.9,27055,ITC
2025-04-24 12:26:00+05:30,432.85,432.9,432.7,432.9,19483,ITC
2025-04-24 12:27:00+05:30,432.85,433.4,432.6,432.8,277577,ITC
2025-04-24 12:28:00+05:30,432.9,433.5,432.75,433.35,482877,ITC
2025-04-24 12:29:00+05:30,433.35,433.35,432.9,433.0,92186,ITC
2025-04-24 12:30:00+05:30,432.9,433.0,432.85,433.0,33736,ITC
2025-04-24 12:31:00+05:30,433.0,433.0,432.9,433.0,16607,ITC
2025-04-24 12:32:00+05:30,433.0,433.0,432.9,432.95,12423,ITC
2025-04-24 12:33:00+05:30,433.0,433.5,432.8,433.0,284547,ITC
2025-04-24 12:34:00+05:30,433.0,433.0,432.75,432.8,31611,ITC
2025-04-24 12:35:00+05:30,432.85,432.85,432.65,432.75,23339,ITC
2025-04-24 12:36:00+05:30,432.8,432.8,432.55,432.75,26561,ITC
2025-04-24 12:37:00+05:30,432.75,432.85,432.25,432.4,60781,ITC
2025-04-24 12:38:00+05:30,432.5,432.6,432.25,432.5,18746,ITC
2025-04-24 12:39:00+05:30,432.5,432.85,432.5,432.8,41682,ITC
2025-04-24 12:40:00+05:30,432.8,432.9,432.65,432.8,27945,ITC
2025-04-24 12:41:00+05:30,432.85,432.95,432.7,432.9,29260,ITC
2025-04-24 12:42:00+05:30,432.75,432.95,432.55,432.55,46313,ITC
2025-04-24 12:43:00+05:30,432.65,432.8,432.55,432.7,25937,ITC
2025-04-24 12:44:00+05:30,432.7,432.95,432.55,432.85,24056,ITC
2025-04-24 12:45:00+05:30,432.75,433.0,432.75,432.95,26414,ITC
2025-04-24 12:46:00+05:30,432.95,433.0,432.8,432.95,33643,ITC
2025-04-24 12:47:00+05:30,432.95,433.0,432.8,433.0,24962,ITC
2025-04-24 12:48:00+05:30,433.0,433.0,432.85,433.0,29128,ITC
2025-04-24 12:49:00+05:30,433.0,433.65,432.95,433.65,168005,ITC
2025-04-24 12:50:00+05:30,433.7,433.9,432.9,433.15,444742,ITC
2025-04-24 12:51:00+05:30,433.15,433.15,432.85,432.95,17067,ITC
2025-04-24 12:52:00+05:30,432.95,433.4,432.7,432.85,265243,ITC
2025-04-24 12:53:00+05:30,432.85,433.0,432.7,432.95,17902,ITC
2025-04-24 12:54:00+05:30,432.9,433.0,432.9,433.0,40083,ITC
2025-04-24 12:55:00+05:30,433.0,433.0,432.85,433.0,29673,ITC
2025-04-24 12:56:00+05:30,433.0,433.2,432.95,433.05,60033,ITC
2025-04-24 12:57:00+05:30,433.1,433.2,432.95,433.0,106192,ITC
2025-04-24 12:58:00+05:30,433.0,433.0,432.75,432.9,28630,ITC
2025-04-24 12:59:00+05:30,432.9,433.0,432.75,432.95,15300,ITC
2025-04-24 13:00:00+05:30,432.95,433.0,432.65,432.75,34691,ITC
2025-04-24 13:01:00+05:30,432.75,432.8,432.55,432.7,5226,ITC
2025-04-24 13:02:00+05:30,432.7,432.95,432.55,432.95,13488,ITC
2025-04-24 13:03:00+05:30,432.95,433.0,432.8,433.0,33918,ITC
2025-04-24 13:04:00+05:30,432.95,433.0,432.8,432.95,49358,ITC
2025-04-24 13:05:00+05:30,432.85,433.0,432.8,433.0,22374,ITC
2025-04-24 13:06:00+05:30,433.0,433.0,432.8,433.0,16111,ITC
2025-04-24 13:07:00+05:30,432.9,433.0,432.7,432.7,57015,ITC
2025-04-24 13:08:00+05:30,432.7,432.95,432.65,432.8,24976,ITC
2025-04-24 13:09:00+05:30,432.9,433.0,432.65,432.85,39745,ITC
2025-04-24 13:10:00+05:30,432.85,432.9,432.65,432.7,21069,ITC
2025-04-24 13:11:00+05:30,432.65,432.8,432.35,432.6,66464,ITC
2025-04-24 13:12:00+05:30,432.6,432.75,432.5,432.75,18942,ITC
2025-04-24 13:13:00+05:30,432.75,432.9,432.6,432.75,25140,ITC
2025-04-24 13:14:00+05:30,432.7,432.85,432.35,432.55,49379,ITC
2025-04-24 13:15:00+05:30,432.45,432.55,432.2,432.2,23044,ITC
2025-04-24 13:16:00+05:30,432.25,432.4,432.0,432.05,65032,ITC
2025-04-24 13:17:00+05:30,432.15,432.3,431.8,432.05,39915,ITC
2025-04-24 13:18:00+05:30,432.05,432.2,431.95,432.0,25602,ITC
2025-04-24 13:19:00+05:30,432.0,432.15,431.75,431.8,33078,ITC
2025-04-24 13:20:00+05:30,431.8,432.0,431.8,432.0,10854,ITC
2025-04-24 13:21:00+05:30,432.0,432.2,431.95,431.95,54603,ITC
2025-04-24 13:22:00+05:30,432.0,432.1,431.75,432.0,49229,ITC
2025-04-24 13:23:00+05:30,432.0,432.2,431.9,432.0,34317,ITC
2025-04-24 13:24:00+05:30,432.0,432.25,432.0,432.0,40007,ITC
2025-04-24 13:25:00+05:30,432.05,432.15,431.9,432.05,29478,ITC
2025-04-24 13:26:00+05:30,432.05,432.35,431.85,432.0,51739,ITC
2025-04-24 13:27:00+05:30,432.0,432.15,431.85,432.15,16771,ITC
2025-04-24 13:28:00+05:30,432.15,432.25,431.95,431.95,41475,ITC
2025-04-24 13:29:00+05:30,431.95,432.25,431.9,432.1,16360,ITC
2025-04-24 13:30:00+05:30,432.15,432.3,431.95,432.0,44545,ITC
2025-04-24 13:31:00+05:30,432.05,432.25,431.9,432.0,31728,ITC
2025-04-24 13:32:00+05:30,431.95,432.25,431.95,431.95,37348,ITC
2025-04-24 13:33:00+05:30,432.05,432.1,431.9,432.1,17369,ITC
2025-04-24 13:34:00+05:30,432.15,432.15,431.9,432.05,33654,ITC
2025-04-24 13:35:00+05:30,431.95,432.05,431.95,431.95,24942,ITC
2025-04-24 13:36:00+05:30,432.0,432.2,431.9,431.95,41800,ITC
2025-04-24 13:37:00+05:30,432.05,432.2,431.95,431.95,67871,ITC
2025-04-24 13:38:00+05:30,431.95,432.15,431.6,431.95,25516,ITC
2025-04-24 13:39:00+05:30,431.85,432.1,431.85,431.95,28075,ITC
2025-04-24 13:40:00+05:30,432.0,432.15,431.85,431.95,20712,ITC
2025-04-24 13:41:00+05:30,432.15,432.25,431.75,431.75,33352,ITC
2025-04-24 13:42:00+05:30,431.75,432.0,431.75,431.85,23087,ITC
2025-04-24 13:43:00+05:30,431.9,432.0,431.8,431.95,12666,ITC
2025-04-24 13:44:00+05:30,431.95,432.1,431.85,431.95,22938,ITC
2025-04-24 13:45:00+05:30,431.95,432.1,431.85,431.9,17112,ITC
2025-04-24 13:46:00+05:30,431.95,432.1,431.75,431.75,37190,ITC
2025-04-24 13:47:00+05:30,431.75,431.9,431.35,431.55,31109,ITC
2025-04-24 13:48:00+05:30,431.55,431.65,431.25,431.4,24571,ITC
2025-04-24 13:49:00+05:30,431.4,431.55,431.25,431.25,26863,ITC
2025-04-24 13:50:00+05:30,431.3,431.45,431.25,431.35,14140,ITC
2025-04-24 13:51:00+05:30,431.4,431.6,431.3,431.5,32486,ITC
2025-04-24 13:52:00+05:30,431.35,431.45,431.25,431.3,23783,ITC
2025-04-24 13:53:00+05:30,431.3,431.55,431.2,431.2,23394,ITC
2025-04-24 13:54:00+05:30,431.2,431.4,431.15,431.25,16408,ITC
2025-04-24 13:55:00+05:30,431.3,431.4,431.05,431.15,42259,ITC
2025-04-24 13:56:00+05:30,431.2,431.35,431.15,431.3,14464,ITC
2025-04-24 13:57:00+05:30,431.3,431.55,431.25,431.4,18749,ITC
2025-04-24 13:58:00+05:30,431.45,431.6,431.25,431.3,33103,ITC
2025-04-24 13:59:00+05:30,431.3,431.55,431.25,431.45,14090,ITC
2025-04-24 14:00:00+05:30,431.5,431.6,431.45,431.5,14628,ITC
2025-04-24 14:01:00+05:30,431.55,431.55,431.4,431.4,9825,ITC
2025-04-24 14:02:00+05:30,431.45,431.5,431.3,431.45,26749,ITC
2025-04-24 14:03:00+05:30,431.45,431.6,431.35,431.6,17906,ITC
2025-04-24 14:04:00+05:30,431.55,431.75,431.5,431.65,10631,ITC
2025-04-24 14:05:00+05:30,431.7,431.75,431.55,431.7,19055,ITC
2025-04-24 14:06:00+05:30,431.7,431.7,431.55,431.6,10436,ITC
2025-04-24 14:07:00+05:30,431.6,431.7,431.55,431.55,18732,ITC
2025-04-24 14:08:00+05:30,431.5,431.55,431.45,431.55,10136,ITC
2025-04-24 14:09:00+05:30,431.55,431.75,431.45,431.45,27396,ITC
2025-04-24 14:10:00+05:30,431.5,431.5,431.3,431.3,16116,ITC
2025-04-24 14:11:00+05:30,431.3,431.4,431.3,431.35,9691,ITC
2025-04-24 14:12:00+05:30,431.4,431.4,431.25,431.35,24079,ITC
2025-04-24 14:13:00+05:30,431.35,431.35,431.15,431.25,60746,ITC
2025-04-24 14:14:00+05:30,431.2,431.4,431.15,431.3,20109,ITC
2025-04-24 14:15:00+05:30,431.35,431.4,431.15,431.2,26916,ITC
2025-04-24 14:16:00+05:30,431.25,431.35,431.15,431.2,19612,ITC
2025-04-24 14:17:00+05:30,431.2,431.25,431.05,431.2,13197,ITC
2025-04-24 14:18:00+05:30,431.15,431.3,431.1,431.3,13906,ITC
2025-04-24 14:19:00+05:30,431.3,431.35,431.1,431.15,11662,ITC
2025-04-24 14:20:00+05:30,431.25,431.3,431.15,431.15,13162,ITC
2025-04-24 14:21:00+05:30,431.15,431.4,431.15,431.15,16048,ITC
2025-04-24 14:22:00+05:30,431.2,431.35,431.15,431.15,25677,ITC
2025-04-24 14:23:00+05:30,431.15,431.35,431.1,431.15,37977,ITC
2025-04-24 14:24:00+05:30,431.1,431.3,431.1,431.1,35779,ITC
2025-04-24 14:25:00+05:30,431.15,431.15,431.1,431.15,16313,ITC
2025-04-24 14:26:00+05:30,431.1,431.25,431.1,431.2,24176,ITC
2025-04-24 14:27:00+05:30,431.25,431.35,431.2,431.25,22704,ITC
2025-04-24 14:28:00+05:30,431.3,431.3,431.25,431.25,9173,ITC
2025-04-24 14:29:00+05:30,431.3,431.35,431.2,431.2,25709,ITC
2025-04-24 14:30:00+05:30,431.2,431.25,431.05,431.15,26352,ITC
2025-04-24 14:31:00+05:30,431.1,431.15,431.05,431.1,20997,ITC
2025-04-24 14:32:00+05:30,431.1,431.2,431.1,431.15,13306,ITC
2025-04-24 14:33:00+05:30,431.15,431.25,431.15,431.2,25121,ITC
2025-04-24 14:34:00+05:30,431.25,431.3,431.2,431.25,16011,ITC
2025-04-24 14:35:00+05:30,431.25,431.4,431.25,431.3,29460,ITC
2025-04-24 14:36:00+05:30,431.25,431.35,431.2,431.2,27219,ITC
2025-04-24 14:37:00+05:30,431.25,431.25,431.15,431.15,13572,ITC
2025-04-24 14:38:00+05:30,431.15,431.2,431.0,431.0,29346,ITC
2025-04-24 14:39:00+05:30,431.0,431.05,430.85,430.85,24088,ITC
2025-04-24 14:40:00+05:30,430.9,431.0,430.85,430.95,46058,ITC
2025-04-24 14:41:00+05:30,430.95,431.0,430.95,430.95,16035,ITC
2025-04-24 14:42:00+05:30,430.95,431.0,429.85,429.95,716752,ITC
2025-04-24 14:43:00+05:30,430.0,430.7,429.8,430.4,189331,ITC
2025-04-24 14:44:00+05:30,430.4,430.7,430.25,430.55,31959,ITC
2025-04-24 14:45:00+05:30,430.6,430.85,430.6,430.75,16806,ITC
2025-04-24 14:46:00+05:30,430.8,430.85,430.55,430.65,46722,ITC
2025-04-24 14:47:00+05:30,430.6,430.9,430.6,430.9,30793,ITC
2025-04-24 14:48:00+05:30,430.9,431.05,430.85,431.05,23859,ITC
2025-04-24 14:49:00+05:30,431.05,431.1,430.45,430.65,96675,ITC
2025-04-24 14:50:00+05:30,430.6,430.65,430.35,430.4,28803,ITC
2025-04-24 14:51:00+05:30,430.35,430.4,430.3,430.35,25068,ITC
2025-04-24 14:52:00+05:30,430.35,430.35,430.15,430.2,30699,ITC
2025-04-24 14:53:00+05:30,430.2,430.25,430.15,430.2,30930,ITC
2025-04-24 14:54:00+05:30,430.25,430.35,430.15,430.3,28570,ITC
2025-04-24 14:55:00+05:30,430.3,430.4,430.25,430.35,27733,ITC
2025-04-24 14:56:00+05:30,430.35,430.4,430.2,430.2,37266,ITC
2025-04-24 14:57:00+05:30,430.3,430.35,429.55,429.6,2250762,ITC
2025-04-24 14:58:00+05:30,429.7,429.75,429.5,429.6,33245,ITC
2025-04-24 14:59:00+05:30,429.65,429.7,429.3,429.5,64465,ITC
2025-04-24 15:00:00+05:30,429.5,430.4,429.5,430.2,478212,ITC
2025-04-24 15:01:00+05:30,430.25,430.35,430.15,430.35,74490,ITC
2025-04-24 15:02:00+05:30,430.3,430.9,430.3,430.6,215049,ITC
2025-04-24 15:03:00+05:30,430.65,430.7,430.1,430.55,103595,ITC
2025-04-24 15:04:00+05:30,430.55,430.6,429.95,430.35,120592,ITC
2025-04-24 15:05:00+05:30,430.35,430.55,429.85,429.95,115864,ITC
2025-04-24 15:06:00+05:30,429.9,430.0,429.85,430.0,83401,ITC
2025-04-24 15:07:00+05:30,430.0,430.05,429.95,430.0,239402,ITC
2025-04-24 15:08:00+05:30,429.95,430.0,429.95,430.0,64977,ITC
2025-04-24 15:09:00+05:30,429.95,430.0,429.85,430.0,310821,ITC
2025-04-24 15:10:00+05:30,429.95,430.0,429.95,429.95,76931,ITC
2025-04-24 15:11:00+05:30,429.95,430.0,429.7,429.95,151276,ITC
2025-04-24 15:12:00+05:30,429.9,430.0,429.9,430.0,103155,ITC
2025-04-24 15:13:00+05:30,430.0,430.0,429.95,430.0,96493,ITC
2025-04-24 15:14:00+05:30,430.0,430.0,429.95,429.95,103377,ITC
2025-04-24 15:15:00+05:30,429.95,430.0,429.95,429.95,88448,ITC
2025-04-24 15:16:00+05:30,430.0,430.0,429.95,430.0,90383,ITC
2025-04-24 15:17:00+05:30,429.95,430.0,429.95,429.95,143919,ITC
2025-04-24 15:18:00+05:30,429.95,430.0,429.95,430.0,335313,ITC
2025-04-24 15:19:00+05:30,430.0,430.0,429.95,430.0,195272,ITC
2025-04-24 15:20:00+05:30,430.0,430.0,429.95,430.0,1413922,ITC
2025-04-24 15:21:00+05:30,429.95,430.6,429.95,430.6,204867,ITC
2025-04-24 15:22:00+05:30,430.5,431.1,429.7,430.0,394933,ITC
2025-04-24 15:23:00+05:30,430.0,430.15,429.9,430.0,128129,ITC
2025-04-24 15:24:00+05:30,430.0,430.1,429.95,430.0,125510,ITC
2025-04-24 15:25:00+05:30,430.0,430.2,429.95,430.0,229881,ITC
2025-04-24 15:26:00+05:30,430.0,430.2,429.95,430.0,166127,ITC
2025-04-24 15:27:00+05:30,430.0,430.05,429.95,430.0,147477,ITC
2025-04-24 15:28:00+05:30,430.0,430.0,429.8,430.0,148854,ITC
2025-04-24 15:29:00+05:30,430.0,430.05,429.5,429.85,148515,ITC
2025-04-25 09:15:00+05:30,430.05,432.7,429.85,430.8,126536,ITC
2025-04-25 09:16:00+05:30,431.0,431.0,429.6,429.9,104745,ITC
2025-04-25 09:17:00+05:30,430.25,430.25,429.9,429.9,135091,ITC
2025-04-25 09:18:00+05:30,429.75,430.2,429.75,429.95,51132,ITC
2025-04-25 09:19:00+05:30,429.9,430.15,429.8,430.0,24220,ITC
2025-04-25 09:20:00+05:30,429.95,430.1,429.75,429.75,81553,ITC
2025-04-25 09:21:00+05:30,429.75,430.15,429.5,430.15,20699,ITC
2025-04-25 09:22:00+05:30,430.0,430.6,429.8,430.3,25180,ITC
2025-04-25 09:23:00+05:30,430.5,430.55,430.25,430.25,30985,ITC
2025-04-25 09:24:00+05:30,430.1,430.45,430.05,430.1,27120,ITC
2025-04-25 09:25:00+05:30,430.0,430.1,429.9,429.95,35174,ITC
2025-04-25 09:26:00+05:30,429.95,430.25,429.95,430.15,54150,ITC
2025-04-25 09:27:00+05:30,430.3,430.3,429.95,430.25,26088,ITC
2025-04-25 09:28:00+05:30,430.25,430.25,429.9,430.05,20917,ITC
2025-04-25 09:29:00+05:30,430.0,430.05,430.0,430.05,13439,ITC
2025-04-25 09:30:00+05:30,430.1,430.15,430.0,430.05,23130,ITC
2025-04-25 09:31:00+05:30,430.1,430.1,429.95,429.95,16486,ITC
2025-04-25 09:32:00+05:30,429.95,430.1,429.95,430.0,29273,ITC
2025-04-25 09:33:00+05:30,430.05,430.2,430.0,430.1,27444,ITC
2025-04-25 09:34:00+05:30,430.0,430.1,430.0,430.0,18556,ITC
2025-04-25 09:35:00+05:30,429.95,430.0,429.75,429.95,82203,ITC
2025-04-25 09:36:00+05:30,429.85,430.0,429.7,430.0,14419,ITC
2025-04-25 09:37:00+05:30,430.0,430.0,429.8,429.8,14253,ITC
2025-04-25 09:38:00+05:30,429.85,430.45,429.85,430.45,50025,ITC
2025-04-25 09:39:00+05:30,430.8,430.85,430.6,430.85,49343,ITC
2025-04-25 09:40:00+05:30,431.25,431.45,430.65,430.65,68535,ITC
2025-04-25 09:41:00+05:30,430.65,431.0,430.35,430.55,62214,ITC
2025-04-25 09:42:00+05:30,430.7,430.8,430.05,430.3,71661,ITC
2025-04-25 09:43:00+05:30,430.3,430.7,430.2,430.6,29743,ITC
2025-04-25 09:44:00+05:30,430.5,430.7,430.2,430.25,32912,ITC
2025-04-25 09:45:00+05:30,430.3,430.35,429.85,430.15,56932,ITC
2025-04-25 09:46:00+05:30,430.15,430.2,429.3,429.75,64420,ITC
2025-04-25 09:47:00+05:30,429.6,429.95,429.5,429.7,21252,ITC
2025-04-25 09:48:00+05:30,429.7,430.0,429.7,429.95,27403,ITC
2025-04-25 09:49:00+05:30,430.0,430.0,429.5,429.8,29213,ITC
2025-04-25 09:50:00+05:30,429.8,429.95,428.9,429.3,63657,ITC
2025-04-25 09:51:00+05:30,429.25,429.4,429.0,429.0,28279,ITC
2025-04-25 09:52:00+05:30,429.0,429.1,428.5,428.6,29659,ITC
2025-04-25 09:53:00+05:30,428.5,428.85,428.35,428.5,21101,ITC
2025-04-25 09:54:00+05:30,428.6,428.75,428.15,428.4,41672,ITC
2025-04-25 09:55:00+05:30,428.4,428.6,428.2,428.4,16761,ITC
2025-04-25 09:56:00+05:30,428.4,428.6,428.0,428.25,33645,ITC
2025-04-25 09:57:00+05:30,428.2,428.35,427.6,428.2,72248,ITC
2025-04-25 09:58:00+05:30,428.2,428.2,427.6,427.75,11293,ITC
2025-04-25 09:59:00+05:30,427.75,427.85,427.35,427.5,17286,ITC
2025-04-25 10:00:00+05:30,427.6,427.65,426.5,426.65,35816,ITC
2025-04-25 10:01:00+05:30,426.65,427.0,426.45,426.65,21333,ITC
2025-04-25 10:02:00+05:30,426.65,426.95,426.4,426.6,43864,ITC
2025-04-25 10:03:00+05:30,426.6,426.6,425.65,425.75,45123,ITC
2025-04-25 10:04:00+05:30,425.75,426.25,425.55,425.85,32812,ITC
2025-04-25 10:05:00+05:30,425.85,426.2,425.25,425.7,39293,ITC
2025-04-25 10:06:00+05:30,425.7,425.9,425.5,425.7,66352,ITC
2025-04-25 10:07:00+05:30,425.7,426.4,425.5,426.05,26575,ITC
2025-04-25 10:08:00+05:30,426.05,426.25,425.65,425.85,26761,ITC
2025-04-25 10:09:00+05:30,425.85,425.9,425.5,425.7,21493,ITC
2025-04-25 10:10:00+05:30,425.9,426.55,425.85,426.4,17506,ITC
2025-04-25 10:11:00+05:30,426.4,426.75,426.35,426.65,22155,ITC
2025-04-25 10:12:00+05:30,426.7,426.7,426.2,426.4,26052,ITC
2025-04-25 10:13:00+05:30,426.35,426.65,426.1,426.65,13294,ITC
2025-04-25 10:14:00+05:30,426.6,426.75,426.2,426.7,14763,ITC
2025-04-25 10:15:00+05:30,426.7,426.95,426.5,426.6,21191,ITC
2025-04-25 10:16:00+05:30,426.6,426.9,426.45,426.55,10536,ITC
2025-04-25 10:17:00+05:30,426.75,426.8,426.4,426.5,7872,ITC
2025-04-25 10:18:00+05:30,426.65,426.95,426.5,426.75,14720,ITC
2025-04-25 10:19:00+05:30,426.95,427.45,426.75,427.45,12010,ITC
2025-04-25 10:20:00+05:30,427.45,427.45,427.1,427.25,8828,ITC
2025-04-25 10:21:00+05:30,427.3,427.55,427.1,427.2,15978,ITC
2025-04-25 10:22:00+05:30,427.2,427.3,427.0,427.3,11653,ITC
2025-04-25 10:23:00+05:30,427.1,427.75,427.1,427.75,14163,ITC
2025-04-25 10:24:00+05:30,427.6,427.7,427.2,427.55,12850,ITC
2025-04-25 10:25:00+05:30,427.5,427.55,427.1,427.1,13033,ITC
2025-04-25 10:26:00+05:30,427.15,427.4,426.8,427.25,58419,ITC
2025-04-25 10:27:00+05:30,427.4,427.5,426.9,426.95,22745,ITC
2025-04-25 10:28:00+05:30,426.85,427.0,426.5,426.65,30168,ITC
2025-04-25 10:29:00+05:30,426.65,426.7,425.7,425.95,25054,ITC
2025-04-25 10:30:00+05:30,426.0,426.15,425.25,425.25,43290,ITC
2025-04-25 10:31:00+05:30,425.45,425.9,425.05,425.8,37700,ITC
2025-04-25 10:32:00+05:30,425.8,426.4,425.8,426.2,47396,ITC
2025-04-25 10:33:00+05:30,426.2,426.5,425.85,426.2,46805,ITC
2025-04-25 10:34:00+05:30,426.3,426.35,425.7,426.0,48266,ITC
2025-04-25 10:35:00+05:30,426.0,426.75,425.9,426.75,33028,ITC
2025-04-25 10:36:00+05:30,426.75,426.8,426.1,426.45,54117,ITC
2025-04-25 10:37:00+05:30,426.45,426.85,426.2,426.35,57753,ITC
2025-04-25 10:38:00+05:30,426.45,426.75,426.3,426.75,27784,ITC
2025-04-25 10:39:00+05:30,426.75,426.8,426.35,426.75,29250,ITC
2025-04-25 10:40:00+05:30,426.75,427.0,426.7,426.95,29993,ITC
2025-04-25 10:41:00+05:30,426.95,427.0,426.7,426.9,24315,ITC
2025-04-25 10:42:00+05:30,426.9,427.2,426.9,427.05,36910,ITC
2025-04-25 10:43:00+05:30,427.05,427.15,426.7,426.75,175212,ITC
2025-04-25 10:44:00+05:30,426.75,426.8,426.4,426.7,18707,ITC
2025-04-25 10:45:00+05:30,426.6,426.75,426.35,426.65,18600,ITC
2025-04-25 10:46:00+05:30,426.6,426.8,426.35,426.7,17585,ITC
2025-04-25 10:47:00+05:30,426.7,426.8,426.25,426.25,20114,ITC
2025-04-25 10:48:00+05:30,426.3,426.7,426.2,426.55,13444,ITC
2025-04-25 10:49:00+05:30,426.65,427.1,426.5,426.95,32645,ITC
2025-04-25 10:50:00+05:30,427.0,427.1,426.95,427.0,51324,ITC
2025-04-25 10:51:00+05:30,427.05,427.05,426.5,426.65,111722,ITC
2025-04-25 10:52:00+05:30,426.6,427.05,426.4,426.8,35445,ITC
2025-04-25 10:53:00+05:30,426.9,427.0,426.4,426.6,33401,ITC
2025-04-25 10:54:00+05:30,426.65,426.85,426.4,426.5,19454,ITC
2025-04-25 10:55:00+05:30,426.5,426.7,426.1,426.3,24482,ITC
2025-04-25 10:56:00+05:30,426.3,426.8,426.2,426.7,32623,ITC
2025-04-25 10:57:00+05:30,426.75,427.2,426.65,426.85,180610,ITC
2025-04-25 10:58:00+05:30,426.8,427.0,426.65,426.8,16415,ITC
2025-04-25 10:59:00+05:30,427.0,427.0,426.75,426.9,12629,ITC
2025-04-25 11:00:00+05:30,426.9,427.0,426.5,426.5,19750,ITC
2025-04-25 11:01:00+05:30,426.6,426.9,426.45,426.55,17495,ITC
2025-04-25 11:02:00+05:30,426.6,426.8,426.35,426.65,19127,ITC
2025-04-25 11:03:00+05:30,426.7,426.7,426.1,426.55,19426,ITC
2025-04-25 11:04:00+05:30,426.5,426.7,426.1,426.6,63875,ITC
2025-04-25 11:05:00+05:30,426.6,427.0,426.35,426.75,54847,ITC
2025-04-25 11:06:00+05:30,426.95,427.0,426.75,427.0,78458,ITC
2025-04-25 11:07:00+05:30,426.95,427.3,426.95,427.1,18249,ITC
2025-04-25 11:08:00+05:30,427.2,427.25,427.05,427.2,5924,ITC
2025-04-25 11:09:00+05:30,427.2,427.2,426.7,426.7,47571,ITC
2025-04-25 11:10:00+05:30,426.75,427.1,426.6,426.85,40587,ITC
2025-04-25 11:11:00+05:30,426.9,426.9,426.35,426.35,15478,ITC
2025-04-25 11:12:00+05:30,426.45,426.55,426.15,426.3,18512,ITC
2025-04-25 11:13:00+05:30,426.3,426.5,426.2,426.4,19787,ITC
2025-04-25 11:14:00+05:30,426.4,426.5,426.25,426.5,12313,ITC
2025-04-25 11:15:00+05:30,426.5,426.65,426.35,426.45,19353,ITC
2025-04-25 11:16:00+05:30,426.45,426.65,426.3,426.4,18958,ITC
2025-04-25 11:17:00+05:30,426.6,426.65,426.1,426.25,45021,ITC
2025-04-25 11:18:00+05:30,426.25,426.25,425.8,425.8,25855,ITC
2025-04-25 11:19:00+05:30,426.0,426.05,425.3,425.65,77892,ITC
2025-04-25 11:20:00+05:30,425.8,425.95,425.4,425.5,137969,ITC
2025-04-25 11:21:00+05:30,425.5,425.5,425.25,425.45,15796,ITC
2025-04-25 11:22:00+05:30,425.45,425.55,425.25,425.5,12777,ITC
2025-04-25 11:23:00+05:30,425.5,425.5,425.3,425.5,18974,ITC
2025-04-25 11:24:00+05:30,425.5,425.55,425.2,425.45,32394,ITC
2025-04-25 11:25:00+05:30,425.4,425.45,425.15,425.2,35112,ITC
2025-04-25 11:26:00+05:30,425.35,425.4,424.85,425.0,51644,ITC
2025-04-25 11:27:00+05:30,425.0,425.0,424.75,424.9,21021,ITC
2025-04-25 11:28:00+05:30,424.9,425.0,424.75,424.8,17462,ITC
2025-04-25 11:29:00+05:30,425.0,425.25,424.85,425.1,59185,ITC
2025-04-25 11:30:00+05:30,425.1,425.15,424.8,425.0,14848,ITC
2025-04-25 11:31:00+05:30,425.0,425.0,424.8,424.8,17421,ITC
2025-04-25 11:32:00+05:30,424.95,425.75,424.8,425.5,153789,ITC
2025-04-25 11:33:00+05:30,425.5,425.5,425.0,425.15,28836,ITC
2025-04-25 11:34:00+05:30,425.2,425.25,424.75,424.75,17042,ITC
2025-04-25 11:35:00+05:30,424.9,425.0,424.7,425.0,13673,ITC
2025-04-25 11:36:00+05:30,425.0,425.25,424.8,425.25,40679,ITC
2025-04-25 11:37:00+05:30,425.25,425.25,424.9,424.95,15340,ITC
2025-04-25 11:38:00+05:30,425.0,425.0,424.8,424.85,14283,ITC
2025-04-25 11:39:00+05:30,425.0,425.0,424.75,425.0,14466,ITC
2025-04-25 11:40:00+05:30,425.0,425.25,424.85,425.0,17270,ITC
2025-04-25 11:41:00+05:30,425.0,425.25,424.9,425.25,16683,ITC
2025-04-25 11:42:00+05:30,425.25,425.25,425.0,425.05,13686,ITC
2025-04-25 11:43:00+05:30,425.2,425.25,425.05,425.25,12687,ITC
2025-04-25 11:44:00+05:30,425.25,425.5,425.2,425.4,18601,ITC
2025-04-25 11:45:00+05:30,425.3,425.45,425.15,425.25,31781,ITC
2025-04-25 11:46:00+05:30,425.4,425.5,424.95,425.0,25983,ITC
2025-04-25 11:47:00+05:30,425.0,425.0,424.5,424.55,20223,ITC
2025-04-25 11:48:00+05:30,424.7,425.0,424.5,425.0,15221,ITC
2025-04-25 11:49:00+05:30,425.0,425.25,424.8,424.8,25142,ITC
2025-04-25 11:50:00+05:30,424.9,425.0,424.35,424.65,21540,ITC
2025-04-25 11:51:00+05:30,424.6,424.75,424.3,424.75,25062,ITC
2025-04-25 11:52:00+05:30,424.55,425.0,424.55,424.6,20494,ITC
2025-04-25 11:53:00+05:30,424.8,424.9,424.5,424.65,15196,ITC
2025-04-25 11:54:00+05:30,424.7,424.85,424.45,424.55,16060,ITC
2025-04-25 11:55:00+05:30,424.65,424.85,424.6,424.6,18383,ITC
2025-04-25 11:56:00+05:30,424.8,425.0,424.6,424.85,14461,ITC
2025-04-25 11:57:00+05:30,424.75,424.95,424.6,424.8,16132,ITC
2025-04-25 11:58:00+05:30,424.85,424.95,424.45,424.95,29429,ITC
2025-04-25 11:59:00+05:30,424.7,424.95,424.65,424.95,13355,ITC
2025-04-25 12:00:00+05:30,424.95,425.0,424.75,424.85,16506,ITC
2025-04-25 12:01:00+05:30,424.9,425.0,424.4,424.55,51733,ITC
2025-04-25 12:02:00+05:30,424.7,425.0,424.45,424.9,43508,ITC
2025-04-25 12:03:00+05:30,424.9,424.95,424.45,424.75,26669,ITC
2025-04-25 12:04:00+05:30,424.75,424.9,424.45,424.9,29050,ITC
2025-04-25 12:05:00+05:30,424.9,425.0,424.75,424.75,14797,ITC
2025-04-25 12:06:00+05:30,424.95,425.25,424.45,425.2,245609,ITC
2025-04-25 12:07:00+05:30,425.2,425.2,424.8,425.0,78930,ITC
2025-04-25 12:08:00+05:30,424.85,425.25,424.85,425.1,71169,ITC
2025-04-25 12:09:00+05:30,425.2,425.25,424.85,424.85,127847,ITC
2025-04-25 12:10:00+05:30,424.95,425.1,424.75,425.0,28226,ITC
2025-04-25 12:11:00+05:30,425.0,425.0,424.8,424.8,25421,ITC
2025-04-25 12:12:00+05:30,424.9,424.95,424.65,424.9,19717,ITC
2025-04-25 12:13:00+05:30,424.95,425.0,424.7,425.0,18909,ITC
2025-04-25 12:14:00+05:30,424.75,425.0,424.65,425.0,17484,ITC
2025-04-25 12:15:00+05:30,425.0,425.0,424.6,424.85,27903,ITC
2025-04-25 12:16:00+05:30,424.8,424.9,424.45,424.75,41496,ITC
2025-04-25 12:17:00+05:30,424.75,424.8,424.25,424.55,68639,ITC
2025-04-25 12:18:00+05:30,424.5,424.65,424.3,424.6,22053,ITC
2025-04-25 12:19:00+05:30,424.6,424.65,424.3,424.5,18106,ITC
2025-04-25 12:20:00+05:30,424.45,424.55,424.0,424.05,33883,ITC
2025-04-25 12:21:00+05:30,424.05,424.3,423.65,423.9,47402,ITC
2025-04-25 12:22:00+05:30,423.9,424.2,423.75,424.0,28644,ITC
2025-04-25 12:23:00+05:30,424.1,424.15,423.9,424.0,44995,ITC
2025-04-25 12:24:00+05:30,424.0,424.15,423.9,424.05,20081,ITC
2025-04-25 12:25:00+05:30,424.15,424.2,424.0,424.0,19334,ITC
2025-04-25 12:26:00+05:30,424.05,424.15,423.9,424.0,25173,ITC
2025-04-25 12:27:00+05:30,423.95,424.05,423.5,423.5,30974,ITC
2025-04-25 12:28:00+05:30,423.65,423.95,423.3,423.95,32072,ITC
2025-04-25 12:29:00+05:30,423.85,423.95,423.7,423.95,17722,ITC
2025-04-25 12:30:00+05:30,423.95,424.05,423.85,424.0,26082,ITC
2025-04-25 12:31:00+05:30,424.0,424.05,423.85,423.85,16487,ITC
2025-04-25 12:32:00+05:30,424.0,424.0,423.7,424.0,26161,ITC
2025-04-25 12:33:00+05:30,424.0,424.0,423.35,423.75,110385,ITC
2025-04-25 12:34:00+05:30,423.75,424.1,423.65,423.95,16442,ITC
2025-04-25 12:35:00+05:30,423.95,424.1,423.7,424.1,18460,ITC
2025-04-25 12:36:00+05:30,424.1,424.25,423.95,424.15,24736,ITC
2025-04-25 12:37:00+05:30,424.15,424.8,424.05,424.75,35657,ITC
2025-04-25 12:38:00+05:30,424.75,424.8,423.8,424.0,248043,ITC
2025-04-25 12:39:00+05:30,424.0,424.5,423.75,424.5,25454,ITC
2025-04-25 12:40:00+05:30,424.5,424.65,424.05,424.25,32176,ITC
2025-04-25 12:41:00+05:30,424.25,424.25,423.9,424.0,35390,ITC
2025-04-25 12:42:00+05:30,424.0,424.0,423.75,423.95,17847,ITC
2025-04-25 12:43:00+05:30,424.0,424.0,423.65,423.85,25051,ITC
2025-04-25 12:44:00+05:30,423.75,423.95,423.45,423.55,96770,ITC
2025-04-25 12:45:00+05:30,423.75,423.9,423.45,423.9,86872,ITC
2025-04-25 12:46:00+05:30,423.85,423.9,423.6,423.9,18706,ITC
2025-04-25 12:47:00+05:30,423.9,423.9,423.7,423.75,36765,ITC
2025-04-25 12:48:00+05:30,423.75,424.2,423.7,424.2,29926,ITC
2025-04-25 12:49:00+05:30,424.15,424.25,423.7,424.0,92090,ITC
2025-04-25 12:50:00+05:30,424.0,424.45,423.85,424.0,42948,ITC
2025-04-25 12:51:00+05:30,424.0,424.0,423.95,424.0,25287,ITC
2025-04-25 12:52:00+05:30,424.0,424.25,423.95,424.0,33669,ITC
2025-04-25 12:53:00+05:30,424.0,424.25,423.85,424.0,72137,ITC
2025-04-25 12:54:00+05:30,424.0,424.25,423.95,424.25,163912,ITC
2025-04-25 12:55:00+05:30,424.2,424.45,423.95,424.2,122660,ITC
2025-04-25 12:56:00+05:30,424.4,424.7,424.2,424.65,27238,ITC
2025-04-25 12:57:00+05:30,424.6,424.95,424.55,424.85,30974,ITC
2025-04-25 12:58:00+05:30,424.95,425.25,424.5,425.25,991472,ITC
2025-04-25 12:59:00+05:30,425.2,425.5,425.05,425.45,38417,ITC
2025-04-25 13:00:00+05:30,425.4,425.5,425.15,425.5,32329,ITC
2025-04-25 13:01:00+05:30,425.45,425.75,425.4,425.7,35956,ITC
2025-04-25 13:02:00+05:30,425.75,426.5,425.4,426.0,169990,ITC
2025-04-25 13:03:00+05:30,426.05,426.05,425.65,425.65,63253,ITC
2025-04-25 13:04:00+05:30,425.75,425.75,425.4,425.55,35929,ITC
2025-04-25 13:05:00+05:30,425.55,425.6,425.05,425.25,45770,ITC
2025-04-25 13:06:00+05:30,425.25,425.4,425.1,425.15,37390,ITC
2025-04-25 13:07:00+05:30,425.25,425.6,425.05,425.45,68107,ITC
2025-04-25 13:08:00+05:30,425.45,425.5,424.85,425.45,1083665,ITC
2025-04-25 13:09:00+05:30,425.4,425.5,425.15,425.15,46749,ITC
2025-04-25 13:10:00+05:30,425.3,425.35,424.85,425.25,240453,ITC
2025-04-25 13:11:00+05:30,425.25,425.25,425.1,425.15,34237,ITC
2025-04-25 13:12:00+05:30,425.15,425.25,424.85,425.0,24720,ITC
2025-04-25 13:13:00+05:30,425.0,425.0,424.75,424.95,32943,ITC
2025-04-25 13:14:00+05:30,425.0,425.25,424.85,425.25,32473,ITC
2025-04-25 13:15:00+05:30,425.2,425.25,424.8,425.25,33709,ITC
2025-04-25 13:16:00+05:30,425.25,425.5,425.0,425.25,44807,ITC
2025-04-25 13:17:00+05:30,425.25,425.75,425.25,425.35,55048,ITC
2025-04-25 13:18:00+05:30,425.45,425.7,425.4,425.55,26065,ITC
2025-04-25 13:19:00+05:30,425.65,425.7,425.05,425.25,34515,ITC
2025-04-25 13:20:00+05:30,425.2,425.5,425.1,425.5,38107,ITC
2025-04-25 13:21:00+05:30,425.5,425.75,425.35,425.75,52656,ITC
2025-04-25 13:22:00+05:30,425.75,425.75,425.5,425.55,34958,ITC
2025-04-25 13:23:00+05:30,425.65,425.75,425.15,425.25,34705,ITC
2025-04-25 13:24:00+05:30,425.25,425.35,425.15,425.25,38642,ITC
2025-04-25 13:25:00+05:30,425.25,425.5,425.05,425.45,38490,ITC
2025-04-25 13:26:00+05:30,425.45,425.5,425.05,425.4,53857,ITC
2025-04-25 13:27:00+05:30,425.4,425.45,425.15,425.25,58333,ITC
2025-04-25 13:28:00+05:30,425.25,425.25,424.85,425.0,65164,ITC
2025-04-25 13:29:00+05:30,425.0,425.25,424.6,424.95,54903,ITC
2025-04-25 13:30:00+05:30,425.0,425.0,424.65,424.85,33799,ITC
2025-04-25 13:31:00+05:30,424.9,425.0,424.85,424.9,30834,ITC
2025-04-25 13:32:00+05:30,425.0,425.0,424.85,425.0,36075,ITC
2025-04-25 13:33:00+05:30,425.0,425.4,424.85,424.85,144290,ITC
2025-04-25 13:34:00+05:30,424.95,425.5,424.85,425.15,53530,ITC
2025-04-25 13:35:00+05:30,425.3,425.65,425.15,425.65,28559,ITC
2025-04-25 13:36:00+05:30,425.5,425.8,424.95,425.0,359557,ITC
2025-04-25 13:37:00+05:30,425.0,425.05,424.8,425.0,38327,ITC
2025-04-25 13:38:00+05:30,424.85,425.0,424.8,425.0,28561,ITC
2025-04-25 13:39:00+05:30,425.0,425.25,424.9,425.0,91942,ITC
2025-04-25 13:40:00+05:30,425.0,425.4,424.9,425.05,171975,ITC
2025-04-25 13:41:00+05:30,425.05,425.2,424.85,425.05,49598,ITC
2025-04-25 13:42:00+05:30,425.1,425.15,424.85,425.0,43219,ITC
2025-04-25 13:43:00+05:30,425.0,425.0,424.85,424.85,68882,ITC
2025-04-25 13:44:00+05:30,424.95,425.0,424.75,425.0,67704,ITC
2025-04-25 13:45:00+05:30,424.95,425.4,424.7,424.9,79414,ITC
2025-04-25 13:46:00+05:30,424.85,425.0,424.7,424.85,40820,ITC
2025-04-25 13:47:00+05:30,424.95,425.45,424.8,425.1,109028,ITC
2025-04-25 13:48:00+05:30,425.1,425.1,424.8,424.9,110604,ITC
2025-04-25 13:49:00+05:30,425.0,425.1,424.75,424.95,103871,ITC
2025-04-25 13:50:00+05:30,425.0,426.15,424.95,426.1,264560,ITC
2025-04-25 13:51:00+05:30,425.95,426.15,425.25,425.55,52460,ITC
2025-04-25 13:52:00+05:30,425.55,425.55,424.95,425.0,165929,ITC
2025-04-25 13:53:00+05:30,425.0,425.2,424.95,425.0,161747,ITC
2025-04-25 13:54:00+05:30,425.0,425.2,424.95,425.1,68903,ITC
2025-04-25 13:55:00+05:30,425.05,425.2,424.95,425.0,38879,ITC
2025-04-25 13:56:00+05:30,425.1,425.55,424.95,425.5,70280,ITC
2025-04-25 13:57:00+05:30,425.5,425.55,424.9,424.95,198033,ITC
2025-04-25 13:58:00+05:30,425.05,425.2,424.9,425.2,78928,ITC
2025-04-25 13:59:00+05:30,425.2,425.2,424.9,424.95,49216,ITC
2025-04-25 14:00:00+05:30,425.0,425.4,424.8,425.15,44561,ITC
2025-04-25 14:01:00+05:30,425.25,425.35,425.05,425.35,41496,ITC
2025-04-25 14:02:00+05:30,425.25,425.3,424.9,424.9,88071,ITC
2025-04-25 14:03:00+05:30,425.0,425.0,424.7,424.85,42711,ITC
2025-04-25 14:04:00+05:30,424.85,425.0,424.6,424.95,34655,ITC
2025-04-25 14:05:00+05:30,424.75,425.0,424.75,425.0,30653,ITC
2025-04-25 14:06:00+05:30,425.0,425.0,424.75,424.75,37685,ITC
2025-04-25 14:07:00+05:30,424.95,424.95,424.5,424.9,35516,ITC
2025-04-25 14:08:00+05:30,424.75,425.0,424.55,424.95,41292,ITC
2025-04-25 14:09:00+05:30,424.9,425.0,424.5,424.7,37658,ITC
2025-04-25 14:10:00+05:30,424.7,424.95,424.5,424.95,33162,ITC
2025-04-25 14:11:00+05:30,424.8,425.0,424.7,424.7,32110,ITC
2025-04-25 14:12:00+05:30,424.8,424.95,424.5,424.6,39028,ITC
2025-04-25 14:13:00+05:30,424.85,425.0,424.55,425.0,35411,ITC
2025-04-25 14:14:00+05:30,424.95,425.0,424.6,424.95,47651,ITC
2025-04-25 14:15:00+05:30,424.75,425.0,424.7,424.95,53109,ITC
2025-04-25 14:16:00+05:30,424.95,425.0,424.8,425.0,73896,ITC
2025-04-25 14:17:00+05:30,424.95,425.05,424.8,424.85,118187,ITC
2025-04-25 14:18:00+05:30,425.0,425.0,424.8,424.8,36094,ITC
2025-04-25 14:19:00+05:30,424.95,425.0,424.8,425.0,51576,ITC
2025-04-25 14:20:00+05:30,424.9,425.0,424.75,424.95,44005,ITC
2025-04-25 14:21:00+05:30,424.95,425.0,424.75,425.0,43087,ITC
2025-04-25 14:22:00+05:30,425.0,425.0,424.75,424.8,39094,ITC
2025-04-25 14:23:00+05:30,424.95,425.0,424.75,425.0,29222,ITC
2025-04-25 14:24:00+05:30,425.0,425.0,424.75,425.0,57271,ITC
2025-04-25 14:25:00+05:30,424.95,425.0,424.8,424.95,50023,ITC
2025-04-25 14:26:00+05:30,424.95,425.0,424.8,424.85,49997,ITC
2025-04-25 14:27:00+05:30,425.0,425.0,424.85,425.0,65611,ITC
2025-04-25 14:28:00+05:30,424.95,425.65,424.9,425.6,125842,ITC
2025-04-25 14:29:00+05:30,425.6,426.0,425.4,425.5,125110,ITC
2025-04-25 14:30:00+05:30,425.45,425.5,425.25,425.5,75512,ITC
2025-04-25 14:31:00+05:30,425.5,425.5,425.4,425.5,133468,ITC
2025-04-25 14:32:00+05:30,425.4,425.5,425.2,425.45,75021,ITC
2025-04-25 14:33:00+05:30,425.4,425.5,425.3,425.45,99116,ITC
2025-04-25 14:34:00+05:30,425.5,425.5,425.35,425.45,92930,ITC
2025-04-25 14:35:00+05:30,425.45,425.95,425.4,425.95,116169,ITC
2025-04-25 14:36:00+05:30,425.95,426.3,425.8,426.2,67135,ITC
2025-04-25 14:37:00+05:30,426.0,426.0,425.25,425.5,343321,ITC
2025-04-25 14:38:00+05:30,425.5,425.6,425.4,425.6,120631,ITC
2025-04-25 14:39:00+05:30,425.6,426.1,425.5,425.7,207983,ITC
2025-04-25 14:40:00+05:30,425.7,425.85,425.6,425.8,70926,ITC
2025-04-25 14:41:00+05:30,425.85,425.9,425.7,425.7,111483,ITC
2025-04-25 14:42:00+05:30,425.7,425.9,425.35,425.75,192518,ITC
2025-04-25 14:43:00+05:30,425.75,425.9,425.35,425.85,249879,ITC
2025-04-25 14:44:00+05:30,425.7,426.35,425.7,425.95,99769,ITC
2025-04-25 14:45:00+05:30,425.95,426.4,425.9,426.0,199231,ITC
2025-04-25 14:46:00+05:30,426.0,426.0,425.8,426.0,86740,ITC
2025-04-25 14:47:00+05:30,426.0,426.0,425.9,426.0,92844,ITC
2025-04-25 14:48:00+05:30,425.95,426.0,425.95,426.0,93158,ITC
2025-04-25 14:49:00+05:30,425.95,426.8,425.95,426.5,455514,ITC
2025-04-25 14:50:00+05:30,426.4,426.5,425.95,426.0,181368,ITC
2025-04-25 14:51:00+05:30,426.0,426.1,425.95,426.1,101968,ITC
2025-04-25 14:52:00+05:30,426.1,426.9,426.05,426.9,148195,ITC
2025-04-25 14:53:00+05:30,426.9,427.5,426.75,427.0,152452,ITC
2025-04-25 14:54:00+05:30,427.0,427.0,426.65,426.95,98795,ITC
2025-04-25 14:55:00+05:30,426.95,427.05,426.65,426.8,59280,ITC
2025-04-25 14:56:00+05:30,426.85,427.05,426.55,426.6,61026,ITC
2025-04-25 14:57:00+05:30,426.75,426.95,426.4,426.9,104996,ITC
2025-04-25 14:58:00+05:30,426.9,426.95,426.35,426.5,206278,ITC
2025-04-25 14:59:00+05:30,426.5,426.9,426.45,426.5,136438,ITC
2025-04-25 15:00:00+05:30,426.45,426.8,426.25,426.4,155606,ITC
2025-04-25 15:01:00+05:30,426.4,426.8,426.4,426.45,234923,ITC
2025-04-25 15:02:00+05:30,426.45,426.65,426.45,426.5,123135,ITC
2025-04-25 15:03:00+05:30,426.45,427.35,426.45,427.35,61106,ITC
2025-04-25 15:04:00+05:30,427.3,427.9,427.25,427.8,49912,ITC
2025-04-25 15:05:00+05:30,427.8,427.95,427.45,427.9,66116,ITC
2025-04-25 15:06:00+05:30,427.75,427.95,427.7,427.95,36562,ITC
2025-04-25 15:07:00+05:30,427.95,428.0,427.6,427.8,60873,ITC
2025-04-25 15:08:00+05:30,427.6,428.0,427.55,427.9,39651,ITC
2025-04-25 15:09:00+05:30,427.9,428.25,427.8,428.2,43513,ITC
2025-04-25 15:10:00+05:30,428.0,428.5,427.95,428.5,56245,ITC
2025-04-25 15:11:00+05:30,428.5,428.65,428.25,428.35,68380,ITC
2025-04-25 15:12:00+05:30,428.3,428.55,428.05,428.5,67505,ITC
2025-04-25 15:13:00+05:30,428.35,428.55,428.25,428.4,42359,ITC
2025-04-25 15:14:00+05:30,428.4,428.95,428.4,428.85,36896,ITC
2025-04-25 15:15:00+05:30,428.7,429.15,428.7,429.15,66880,ITC
2025-04-25 15:16:00+05:30,429.0,429.15,429.0,429.15,48615,ITC
2025-04-25 15:17:00+05:30,429.15,429.35,428.95,429.2,53813,ITC
2025-04-25 15:18:00+05:30,429.2,429.4,429.05,429.4,61795,ITC
2025-04-25 15:19:00+05:30,429.3,429.95,429.2,429.5,125883,ITC
2025-04-25 15:20:00+05:30,429.4,429.5,428.35,428.6,74760,ITC
2025-04-25 15:21:00+05:30,428.6,428.65,427.65,427.7,54385,ITC
2025-04-25 15:22:00+05:30,427.7,428.1,427.55,428.0,44363,ITC
2025-04-25 15:23:00+05:30,428.0,428.2,427.7,428.0,55805,ITC
2025-04-25 15:24:00+05:30,427.95,428.1,427.5,427.85,52942,ITC
2025-04-25 15:25:00+05:30,427.65,427.9,427.6,427.7,43998,ITC
2025-04-25 15:26:00+05:30,427.7,427.85,427.45,427.45,67986,ITC
2025-04-25 15:27:00+05:30,427.6,427.9,427.1,427.65,70402,ITC
2025-04-25 15:28:00+05:30,427.8,428.0,427.05,427.4,35377,ITC
2025-04-25 15:29:00+05:30,427.4,428.0,426.5,427.6,21579,ITC
2025-04-28 09:15:00+05:30,426.65,427.8,424.75,427.1,139838,ITC
2025-04-28 09:16:00+05:30,426.8,427.95,426.8,427.0,18090,ITC
2025-04-28 09:17:00+05:30,427.1,427.65,426.7,427.65,16028,ITC
2025-04-28 09:18:00+05:30,427.65,427.7,425.95,425.95,32645,ITC
2025-04-28 09:19:00+05:30,425.9,427.05,425.85,426.25,49905,ITC
2025-04-28 09:20:00+05:30,426.45,426.6,425.5,425.55,31063,ITC
2025-04-28 09:21:00+05:30,425.5,426.1,425.25,425.8,23782,ITC
2025-04-28 09:22:00+05:30,425.8,426.25,425.8,426.1,13857,ITC
2025-04-28 09:23:00+05:30,426.1,426.3,425.5,425.5,17306,ITC
2025-04-28 09:24:00+05:30,425.5,425.95,425.3,425.8,35312,ITC
2025-04-28 09:25:00+05:30,425.8,426.0,425.5,425.8,37421,ITC
2025-04-28 09:26:00+05:30,425.85,426.5,425.85,426.35,21524,ITC
2025-04-28 09:27:00+05:30,426.45,427.0,426.25,426.25,23897,ITC
2025-04-28 09:28:00+05:30,426.2,426.45,425.65,425.65,33482,ITC
2025-04-28 09:29:00+05:30,425.6,425.8,425.2,425.8,31156,ITC
2025-04-28 09:30:00+05:30,425.65,425.85,425.3,425.8,12604,ITC
2025-04-28 09:31:00+05:30,425.65,425.8,425.3,425.65,11819,ITC
2025-04-28 09:32:00+05:30,425.55,426.25,425.5,426.1,18783,ITC
2025-04-28 09:33:00+05:30,426.1,426.45,425.85,426.3,13395,ITC
2025-04-28 09:34:00+05:30,426.5,427.25,426.35,427.05,28712,ITC
2025-04-28 09:35:00+05:30,427.2,427.4,427.05,427.15,15851,ITC
2025-04-28 09:36:00+05:30,427.25,427.8,427.15,427.75,13551,ITC
2025-04-28 09:37:00+05:30,427.75,428.0,427.35,428.0,15284,ITC
2025-04-28 09:38:00+05:30,428.0,428.4,427.95,428.25,49758,ITC
2025-04-28 09:39:00+05:30,428.25,428.25,427.75,427.9,6734,ITC
2025-04-28 09:40:00+05:30,427.85,428.0,427.75,427.85,5863,ITC
2025-04-28 09:41:00+05:30,427.9,428.3,427.25,427.4,35871,ITC
2025-04-28 09:42:00+05:30,427.4,428.0,427.35,427.7,11876,ITC
2025-04-28 09:43:00+05:30,427.75,427.8,427.45,427.45,7999,ITC
2025-04-28 09:44:00+05:30,427.45,427.45,426.65,426.8,9908,ITC
2025-04-28 09:45:00+05:30,426.75,427.15,426.7,426.9,7193,ITC
2025-04-28 09:46:00+05:30,426.9,427.1,426.65,426.8,2949,ITC
2025-04-28 09:47:00+05:30,426.85,427.5,426.6,427.3,23484,ITC
2025-04-28 09:48:00+05:30,427.35,427.65,427.1,427.4,8590,ITC
2025-04-28 09:49:00+05:30,427.35,427.5,427.1,427.45,2751,ITC
2025-04-28 09:50:00+05:30,427.5,428.0,427.3,427.8,9506,ITC
2025-04-28 09:51:00+05:30,427.8,428.0,427.8,427.8,4334,ITC
2025-04-28 09:52:00+05:30,427.8,428.0,427.8,427.8,5655,ITC
2025-04-28 09:53:00+05:30,427.8,427.95,427.4,427.4,12786,ITC
2025-04-28 09:54:00+05:30,427.35,428.0,427.3,428.0,14751,ITC
2025-04-28 09:55:00+05:30,427.8,427.95,427.5,427.55,5274,ITC
2025-04-28 09:56:00+05:30,427.65,427.9,427.5,427.7,16725,ITC
2025-04-28 09:57:00+05:30,427.65,428.35,427.65,427.85,26620,ITC
2025-04-28 09:58:00+05:30,427.9,428.2,427.75,428.15,6705,ITC
2025-04-28 09:59:00+05:30,428.0,428.2,427.85,427.95,8126,ITC
2025-04-28 10:00:00+05:30,427.8,428.05,427.8,427.95,3032,ITC
2025-04-28 10:01:00+05:30,427.95,428.15,427.9,428.0,8282,ITC
2025-04-28 10:02:00+05:30,428.0,428.05,427.95,428.05,8119,ITC
2025-04-28 10:03:00+05:30,427.95,428.45,427.95,428.4,13266,ITC
2025-04-28 10:04:00+05:30,428.4,428.4,428.0,428.25,8539,ITC
2025-04-28 10:05:00+05:30,428.35,428.75,428.15,428.6,19223,ITC
2025-04-28 10:06:00+05:30,428.4,428.5,428.25,428.5,1824,ITC
2025-04-28 10:07:00+05:30,428.5,428.7,428.4,428.55,5826,ITC
2025-04-28 10:08:00+05:30,428.65,428.7,428.5,428.55,5365,ITC
2025-04-28 10:09:00+05:30,428.65,428.7,428.5,428.6,23063,ITC
2025-04-28 10:10:00+05:30,428.7,428.9,428.5,428.8,4042,ITC
2025-04-28 10:11:00+05:30,428.8,428.9,428.7,428.8,7045,ITC
2025-04-28 10:12:00+05:30,428.8,428.9,428.5,428.85,8117,ITC
2025-04-28 10:13:00+05:30,428.85,429.0,428.55,428.95,12054,ITC
2025-04-28 10:14:00+05:30,428.95,429.3,428.85,429.25,54767,ITC
2025-04-28 10:15:00+05:30,429.2,429.9,429.0,429.3,150841,ITC
2025-04-28 10:16:00+05:30,429.1,429.9,429.05,429.6,43400,ITC
2025-04-28 10:17:00+05:30,429.8,429.95,429.55,429.75,45514,ITC
2025-04-28 10:18:00+05:30,429.75,429.75,429.2,429.25,8826,ITC
2025-04-28 10:19:00+05:30,429.2,429.45,429.2,429.3,6333,ITC
2025-04-28 10:20:00+05:30,429.3,429.55,429.3,429.4,13549,ITC
2025-04-28 10:21:00+05:30,429.45,429.65,429.3,429.55,6984,ITC
2025-04-28 10:22:00+05:30,429.5,429.55,429.3,429.45,6774,ITC
2025-04-28 10:23:00+05:30,429.3,429.4,429.1,429.2,12785,ITC
2025-04-28 10:24:00+05:30,429.2,429.35,429.0,429.2,8837,ITC
2025-04-28 10:25:00+05:30,429.05,429.35,429.05,429.35,8312,ITC
2025-04-28 10:26:00+05:30,429.35,429.85,429.15,429.75,30721,ITC
2025-04-28 10:27:00+05:30,429.75,429.75,429.4,429.45,8293,ITC
2025-04-28 10:28:00+05:30,429.55,429.55,428.85,429.0,20239,ITC
2025-04-28 10:29:00+05:30,428.9,429.1,428.7,428.85,8743,ITC
2025-04-28 10:30:00+05:30,428.85,429.25,428.65,428.7,20798,ITC
2025-04-28 10:31:00+05:30,428.85,429.0,428.8,429.0,4932,ITC
2025-04-28 10:32:00+05:30,429.0,429.25,429.0,429.2,10408,ITC
2025-04-28 10:33:00+05:30,429.25,429.4,429.1,429.2,8366,ITC
2025-04-28 10:34:00+05:30,429.1,429.55,429.05,429.5,13463,ITC
2025-04-28 10:35:00+05:30,429.5,429.7,429.0,429.0,15643,ITC
2025-04-28 10:36:00+05:30,429.05,429.45,428.95,429.4,17656,ITC
2025-04-28 10:37:00+05:30,429.25,429.35,429.0,429.05,9955,ITC
2025-04-28 10:38:00+05:30,429.05,429.35,429.0,429.2,15553,ITC
2025-04-28 10:39:00+05:30,429.15,429.2,428.65,428.8,13772,ITC
2025-04-28 10:40:00+05:30,428.65,428.75,428.15,428.35,26540,ITC
2025-04-28 10:41:00+05:30,428.35,428.4,428.2,428.3,14761,ITC
2025-04-28 10:42:00+05:30,428.25,428.6,428.2,428.35,18572,ITC
2025-04-28 10:43:00+05:30,428.35,428.9,428.2,428.8,22783,ITC
2025-04-28 10:44:00+05:30,428.8,428.8,428.35,428.45,7266,ITC
2025-04-28 10:45:00+05:30,428.45,428.8,428.25,428.65,9537,ITC
2025-04-28 10:46:00+05:30,428.75,429.0,428.6,428.8,8734,ITC
2025-04-28 10:47:00+05:30,428.8,428.85,428.45,428.45,5515,ITC
2025-04-28 10:48:00+05:30,428.45,428.95,428.35,428.85,15772,ITC
2025-04-28 10:49:00+05:30,428.85,428.95,428.65,428.8,3466,ITC
2025-04-28 10:50:00+05:30,428.8,428.95,428.75,428.8,2204,ITC
2025-04-28 10:51:00+05:30,428.9,428.95,428.7,428.7,3359,ITC
2025-04-28 10:52:00+05:30,428.85,429.25,428.5,429.25,24223,ITC
2025-04-28 10:53:00+05:30,429.25,429.25,428.7,428.7,9135,ITC
2025-04-28 10:54:00+05:30,428.75,428.75,428.5,428.7,1728,ITC
2025-04-28 10:55:00+05:30,428.7,428.7,428.5,428.5,3132,ITC
2025-04-28 10:56:00+05:30,428.6,428.65,428.5,428.5,2568,ITC
2025-04-28 10:57:00+05:30,428.6,428.9,428.55,428.8,4991,ITC
2025-04-28 10:58:00+05:30,428.8,428.8,428.5,428.6,9825,ITC
2025-04-28 10:59:00+05:30,428.6,428.95,428.5,428.8,4266,ITC
2025-04-28 11:00:00+05:30,428.95,428.95,428.7,428.75,5876,ITC
2025-04-28 11:01:00+05:30,428.7,428.8,428.6,428.8,1746,ITC
2025-04-28 11:02:00+05:30,428.65,429.35,428.6,429.05,16792,ITC
2025-04-28 11:03:00+05:30,429.25,429.25,428.95,428.95,8506,ITC
2025-04-28 11:04:00+05:30,428.95,429.1,428.9,428.9,1996,ITC
2025-04-28 11:05:00+05:30,429.0,429.1,428.9,428.9,2619,ITC
2025-04-28 11:06:00+05:30,429.0,429.2,428.85,429.1,3674,ITC
2025-04-28 11:07:00+05:30,429.1,429.35,428.85,429.0,34169,ITC
2025-04-28 11:08:00+05:30,428.9,429.25,428.9,429.25,7996,ITC
2025-04-28 11:09:00+05:30,429.25,429.35,429.1,429.25,8362,ITC
2025-04-28 11:10:00+05:30,429.25,429.35,428.9,429.0,12610,ITC
2025-04-28 11:11:00+05:30,429.0,429.2,428.6,428.8,7847,ITC
2025-04-28 11:12:00+05:30,428.8,428.8,428.6,428.8,1105,ITC
2025-04-28 11:13:00+05:30,428.75,428.75,428.4,428.4,8071,ITC
2025-04-28 11:14:00+05:30,428.55,428.85,428.4,428.85,14116,ITC
2025-04-28 11:15:00+05:30,428.75,429.2,428.55,428.65,13752,ITC
2025-04-28 11:16:00+05:30,428.65,428.75,428.3,428.3,12563,ITC
2025-04-28 11:17:00+05:30,428.35,428.8,428.3,428.65,7599,ITC
2025-04-28 11:18:00+05:30,428.7,428.85,428.5,428.6,7422,ITC
2025-04-28 11:19:00+05:30,428.65,428.65,428.35,428.35,7584,ITC
2025-04-28 11:20:00+05:30,428.4,428.75,428.35,428.75,2975,ITC
2025-04-28 11:21:00+05:30,428.75,428.9,428.65,428.65,6365,ITC
2025-04-28 11:22:00+05:30,428.85,428.85,428.5,428.55,7006,ITC
2025-04-28 11:23:00+05:30,428.55,428.55,428.4,428.45,5328,ITC
2025-04-28 11:24:00+05:30,428.4,428.45,427.8,427.8,26145,ITC
2025-04-28 11:25:00+05:30,427.8,427.9,427.1,427.25,22148,ITC
2025-04-28 11:26:00+05:30,427.25,427.55,427.2,427.5,7322,ITC
2025-04-28 11:27:00+05:30,427.35,427.5,427.35,427.4,1798,ITC
2025-04-28 11:28:00+05:30,427.45,427.45,427.3,427.4,4732,ITC
2025-04-28 11:29:00+05:30,427.3,427.9,427.2,427.9,9074,ITC
2025-04-28 11:30:00+05:30,427.9,427.95,427.55,427.7,5015,ITC
2025-04-28 11:31:00+05:30,427.65,427.7,427.4,427.7,6187,ITC
2025-04-28 11:32:00+05:30,427.7,427.7,427.4,427.45,5231,ITC
2025-04-28 11:33:00+05:30,427.4,427.6,427.3,427.6,3504,ITC
2025-04-28 11:34:00+05:30,427.45,427.75,427.45,427.7,4239,ITC
2025-04-28 11:35:00+05:30,427.6,427.7,427.45,427.5,4469,ITC
2025-04-28 11:36:00+05:30,427.5,427.6,427.45,427.5,4542,ITC
2025-04-28 11:37:00+05:30,427.5,427.55,427.35,427.5,6948,ITC
2025-04-28 11:38:00+05:30,427.5,427.7,427.4,427.45,5686,ITC
2025-04-28 11:39:00+05:30,427.45,427.65,427.35,427.5,6117,ITC
2025-04-28 11:40:00+05:30,427.35,427.7,427.35,427.5,5519,ITC
2025-04-28 11:41:00+05:30,427.6,427.65,427.45,427.55,3455,ITC
2025-04-28 11:42:00+05:30,427.65,427.75,427.5,427.7,8580,ITC
2025-04-28 11:43:00+05:30,427.7,427.85,427.35,427.5,23193,ITC
2025-04-28 11:44:00+05:30,427.5,427.8,427.4,427.75,80050,ITC
2025-04-28 11:45:00+05:30,427.8,427.85,427.75,427.75,32790,ITC
2025-04-28 11:46:00+05:30,427.75,428.05,427.5,427.55,60771,ITC
2025-04-28 11:47:00+05:30,427.75,427.8,427.3,427.3,12952,ITC
2025-04-28 11:48:00+05:30,427.4,427.4,427.3,427.3,3278,ITC
2025-04-28 11:49:00+05:30,427.35,427.55,427.3,427.45,3574,ITC
2025-04-28 11:50:00+05:30,427.45,427.8,427.45,427.8,4446,ITC
2025-04-28 11:51:00+05:30,427.8,427.9,427.65,427.8,7044,ITC
2025-04-28 11:52:00+05:30,427.9,427.9,427.55,427.75,7904,ITC
2025-04-28 11:53:00+05:30,427.7,427.7,427.6,427.65,5055,ITC
2025-04-28 11:54:00+05:30,427.65,427.7,427.45,427.5,14450,ITC
2025-04-28 11:55:00+05:30,427.5,427.6,427.4,427.5,25806,ITC
2025-04-28 11:56:00+05:30,427.4,427.6,427.2,427.55,27313,ITC
2025-04-28 11:57:00+05:30,427.5,427.75,427.4,427.55,67161,ITC
2025-04-28 11:58:00+05:30,427.55,427.6,427.4,427.5,36665,ITC
2025-04-28 11:59:00+05:30,427.5,427.6,427.5,427.55,4983,ITC
2025-04-28 12:00:00+05:30,427.55,427.75,427.5,427.6,42996,ITC
2025-04-28 12:01:00+05:30,427.75,427.8,427.6,427.75,46646,ITC
2025-04-28 12:02:00+05:30,427.7,427.8,427.65,427.7,9002,ITC
2025-04-28 12:03:00+05:30,427.7,427.9,427.55,427.75,21741,ITC
2025-04-28 12:04:00+05:30,427.75,427.75,427.5,427.55,14049,ITC
2025-04-28 12:05:00+05:30,427.55,427.7,427.45,427.45,12150,ITC
2025-04-28 12:06:00+05:30,427.5,427.7,427.1,427.1,19818,ITC
2025-04-28 12:07:00+05:30,427.1,427.45,427.05,427.25,37256,ITC
2025-04-28 12:08:00+05:30,427.25,427.45,427.15,427.35,16068,ITC
2025-04-28 12:09:00+05:30,427.35,427.35,427.1,427.3,19173,ITC
2025-04-28 12:10:00+05:30,427.3,427.4,427.15,427.4,9568,ITC
2025-04-28 12:11:00+05:30,427.4,427.55,427.3,427.35,16780,ITC
2025-04-28 12:12:00+05:30,427.45,427.6,427.35,427.6,15149,ITC
2025-04-28 12:13:00+05:30,427.6,427.65,427.45,427.55,13887,ITC
2025-04-28 12:14:00+05:30,427.6,427.7,427.55,427.55,12220,ITC
2025-04-28 12:15:00+05:30,427.7,427.85,427.5,427.7,23591,ITC
2025-04-28 12:16:00+05:30,427.75,427.75,427.6,427.6,7415,ITC
2025-04-28 12:17:00+05:30,427.7,427.75,427.6,427.75,11237,ITC
2025-04-28 12:18:00+05:30,427.75,428.2,427.7,428.2,46447,ITC
2025-04-28 12:19:00+05:30,428.15,428.65,428.1,428.55,12619,ITC
2025-04-28 12:20:00+05:30,428.5,428.9,428.4,428.9,21422,ITC
2025-04-28 12:21:00+05:30,428.9,429.0,428.7,428.9,29112,ITC
2025-04-28 12:22:00+05:30,429.0,429.5,428.85,429.3,46326,ITC
2025-04-28 12:23:00+05:30,429.45,429.5,429.3,429.45,12663,ITC
2025-04-28 12:24:00+05:30,429.45,429.45,429.2,429.25,11596,ITC
2025-04-28 12:25:00+05:30,429.4,429.75,429.2,429.6,30167,ITC
2025-04-28 12:26:00+05:30,429.75,429.75,429.5,429.6,7537,ITC
2025-04-28 12:27:00+05:30,429.6,429.75,429.5,429.75,9099,ITC
2025-04-28 12:28:00+05:30,429.75,430.35,429.7,430.2,89266,ITC
2025-04-28 12:29:00+05:30,430.35,430.35,430.15,430.3,10178,ITC
2025-04-28 12:30:00+05:30,430.35,430.4,430.2,430.35,9615,ITC
2025-04-28 12:31:00+05:30,430.35,430.35,429.8,429.9,59165,ITC
2025-04-28 12:32:00+05:30,430.1,430.25,430.0,430.25,8725,ITC
2025-04-28 12:33:00+05:30,430.25,430.4,430.2,430.35,12180,ITC
2025-04-28 12:34:00+05:30,430.35,430.5,430.3,430.35,20535,ITC
2025-04-28 12:35:00+05:30,430.5,430.5,430.35,430.45,6941,ITC
2025-04-28 12:36:00+05:30,430.5,430.5,430.35,430.4,4439,ITC
2025-04-28 12:37:00+05:30,430.4,430.5,430.05,430.25,8577,ITC
2025-04-28 12:38:00+05:30,430.25,430.35,430.0,430.25,12590,ITC
2025-04-28 12:39:00+05:30,430.25,430.3,430.0,430.2,13444,ITC
2025-04-28 12:40:00+05:30,430.3,430.45,430.2,430.25,15663,ITC
2025-04-28 12:41:00+05:30,430.35,430.4,430.15,430.15,10950,ITC
2025-04-28 12:42:00+05:30,430.2,430.35,430.0,430.05,7915,ITC
2025-04-28 12:43:00+05:30,430.2,430.4,430.05,430.3,6023,ITC
2025-04-28 12:44:00+05:30,430.4,430.5,430.3,430.5,9120,ITC
2025-04-28 12:45:00+05:30,430.5,430.5,430.4,430.4,6559,ITC
2025-04-28 12:46:00+05:30,430.45,430.5,430.05,430.05,14687,ITC
2025-04-28 12:47:00+05:30,430.3,430.5,430.15,430.25,10437,ITC
2025-04-28 12:48:00+05:30,430.35,430.45,430.2,430.4,15720,ITC
2025-04-28 12:49:00+05:30,430.4,430.45,430.15,430.15,4482,ITC
2025-04-28 12:50:00+05:30,430.2,430.3,430.1,430.1,4822,ITC
2025-04-28 12:51:00+05:30,430.2,430.3,430.0,430.05,15618,ITC
2025-04-28 12:52:00+05:30,430.05,430.3,430.0,430.3,15667,ITC
2025-04-28 12:53:00+05:30,430.3,430.3,430.05,430.05,8347,ITC
2025-04-28 12:54:00+05:30,430.1,430.1,429.95,430.0,28742,ITC
2025-04-28 12:55:00+05:30,430.05,430.05,429.6,429.8,88047,ITC
2025-04-28 12:56:00+05:30,429.75,429.9,429.6,429.6,12852,ITC
2025-04-28 12:57:00+05:30,429.8,429.85,429.6,429.8,5045,ITC
2025-04-28 12:58:00+05:30,429.8,430.0,429.65,430.0,12173,ITC
2025-04-28 12:59:00+05:30,430.0,430.0,429.6,429.85,7356,ITC
2025-04-28 13:00:00+05:30,429.85,429.9,429.65,429.85,5327,ITC
2025-04-28 13:01:00+05:30,429.85,429.9,429.6,429.6,7536,ITC
2025-04-28 13:02:00+05:30,429.7,429.9,429.55,429.85,61834,ITC
2025-04-28 13:03:00+05:30,429.85,429.9,429.55,429.7,9602,ITC
2025-04-28 13:04:00+05:30,429.75,429.8,429.35,429.6,14880,ITC
2025-04-28 13:05:00+05:30,429.65,429.65,429.3,429.6,13142,ITC
2025-04-28 13:06:00+05:30,429.7,429.75,429.45,429.5,9788,ITC
2025-04-28 13:07:00+05:30,429.55,429.55,429.05,429.2,23027,ITC
2025-04-28 13:08:00+05:30,429.15,429.5,429.1,429.25,13409,ITC
2025-04-28 13:09:00+05:30,429.25,429.55,429.2,429.3,25580,ITC
2025-04-28 13:10:00+05:30,429.5,429.6,429.25,429.6,7129,ITC
2025-04-28 13:11:00+05:30,429.6,429.6,429.4,429.45,8933,ITC
2025-04-28 13:12:00+05:30,429.45,429.55,429.05,429.15,13249,ITC
2025-04-28 13:13:00+05:30,429.25,429.3,428.7,428.7,14176,ITC
2025-04-28 13:14:00+05:30,428.7,428.9,428.6,428.6,12905,ITC
2025-04-28 13:15:00+05:30,428.7,428.75,428.4,428.65,13985,ITC
2025-04-28 13:16:00+05:30,428.75,429.0,428.55,429.0,9079,ITC
2025-04-28 13:17:00+05:30,429.0,429.1,428.85,429.0,10669,ITC
2025-04-28 13:18:00+05:30,429.1,429.1,428.7,428.7,8967,ITC
2025-04-28 13:19:00+05:30,428.75,428.85,428.55,428.8,8925,ITC
2025-04-28 13:20:00+05:30,428.7,428.85,428.55,428.75,6363,ITC
2025-04-28 13:21:00+05:30,428.75,428.9,428.55,428.9,5239,ITC
2025-04-28 13:22:00+05:30,428.9,429.0,428.7,428.9,6325,ITC
2025-04-28 13:23:00+05:30,428.9,429.1,428.75,429.1,11995,ITC
2025-04-28 13:24:00+05:30,429.1,429.45,429.0,429.35,19288,ITC
2025-04-28 13:25:00+05:30,429.45,429.6,429.1,429.2,24591,ITC
2025-04-28 13:26:00+05:30,429.2,429.4,429.05,429.2,7333,ITC
2025-04-28 13:27:00+05:30,429.05,429.25,429.05,429.1,5577,ITC
2025-04-28 13:28:00+05:30,429.25,429.5,429.1,429.25,4988,ITC
2025-04-28 13:29:00+05:30,429.25,429.85,429.2,429.65,17966,ITC
2025-04-28 13:30:00+05:30,429.85,429.9,429.6,429.7,32092,ITC
2025-04-28 13:31:00+05:30,429.8,429.95,429.65,429.95,39761,ITC
2025-04-28 13:32:00+05:30,429.95,429.95,429.9,429.95,14210,ITC
2025-04-28 13:33:00+05:30,429.95,430.0,429.6,429.6,35034,ITC
2025-04-28 13:34:00+05:30,429.75,429.85,429.55,429.8,7462,ITC
2025-04-28 13:35:00+05:30,429.8,429.8,429.45,429.5,6284,ITC
2025-04-28 13:36:00+05:30,429.5,429.8,429.4,429.65,8939,ITC
2025-04-28 13:37:00+05:30,429.6,429.7,429.5,429.55,13378,ITC
2025-04-28 13:38:00+05:30,429.55,429.6,429.25,429.45,8235,ITC
2025-04-28 13:39:00+05:30,429.35,429.85,429.35,429.45,10472,ITC
2025-04-28 13:40:00+05:30,429.5,429.7,429.4,429.5,3926,ITC
2025-04-28 13:41:00+05:30,429.5,429.65,429.3,429.3,5397,ITC
2025-04-28 13:42:00+05:30,429.4,429.7,429.3,429.7,5077,ITC
2025-04-28 13:43:00+05:30,429.6,429.75,429.45,429.5,7800,ITC
2025-04-28 13:44:00+05:30,429.55,429.7,429.25,429.3,5635,ITC
2025-04-28 13:45:00+05:30,429.45,429.5,429.25,429.35,9218,ITC
2025-04-28 13:46:00+05:30,429.5,429.5,429.25,429.5,7740,ITC
2025-04-28 13:47:00+05:30,429.45,429.6,429.3,429.45,8990,ITC
2025-04-28 13:48:00+05:30,429.45,429.5,429.3,429.4,8394,ITC
2025-04-28 13:49:00+05:30,429.45,429.45,429.25,429.35,5413,ITC
2025-04-28 13:50:00+05:30,429.35,429.5,429.15,429.2,19376,ITC
2025-04-28 13:51:00+05:30,429.25,429.35,429.1,429.15,5783,ITC
2025-04-28 13:52:00+05:30,429.2,429.4,428.9,429.25,23391,ITC
2025-04-28 13:53:00+05:30,429.3,429.45,429.25,429.3,5290,ITC
2025-04-28 13:54:00+05:30,429.35,429.5,429.3,429.45,7079,ITC
2025-04-28 13:55:00+05:30,429.45,429.5,429.25,429.25,10717,ITC
2025-04-28 13:56:00+05:30,429.3,429.4,429.05,429.4,10293,ITC
2025-04-28 13:57:00+05:30,429.2,429.45,429.1,429.1,6427,ITC
2025-04-28 13:58:00+05:30,429.15,429.4,428.9,428.95,11790,ITC
2025-04-28 13:59:00+05:30,429.0,429.2,428.9,429.0,11008,ITC
2025-04-28 14:00:00+05:30,429.0,429.15,428.75,428.8,10779,ITC
2025-04-28 14:01:00+05:30,428.9,428.95,428.75,428.95,7460,ITC
2025-04-28 14:02:00+05:30,428.95,429.1,428.7,429.1,8312,ITC
2025-04-28 14:03:00+05:30,429.1,429.25,428.95,429.0,9447,ITC
2025-04-28 14:04:00+05:30,429.05,429.25,428.95,429.05,10857,ITC
2025-04-28 14:05:00+05:30,429.05,429.45,428.85,429.25,11716,ITC
2025-04-28 14:06:00+05:30,429.25,429.45,429.15,429.45,9237,ITC
2025-04-28 14:07:00+05:30,429.45,429.5,429.2,429.5,10846,ITC
2025-04-28 14:08:00+05:30,429.5,429.5,429.2,429.3,7193,ITC
2025-04-28 14:09:00+05:30,429.3,429.5,429.2,429.45,6623,ITC
2025-04-28 14:10:00+05:30,429.45,429.8,429.35,429.7,31451,ITC
2025-04-28 14:11:00+05:30,429.7,429.8,429.55,429.65,9472,ITC
2025-04-28 14:12:00+05:30,429.7,429.95,429.6,429.9,12965,ITC
2025-04-28 14:13:00+05:30,429.95,429.95,429.65,429.9,9009,ITC
2025-04-28 14:14:00+05:30,429.85,429.95,429.6,429.85,17370,ITC
2025-04-28 14:15:00+05:30,429.85,429.95,429.2,429.25,19026,ITC
2025-04-28 14:16:00+05:30,429.45,429.8,429.2,429.5,11071,ITC
2025-04-28 14:17:00+05:30,429.5,429.65,429.25,429.4,7023,ITC
2025-04-28 14:18:00+05:30,429.5,429.65,429.25,429.45,10325,ITC
2025-04-28 14:19:00+05:30,429.45,429.5,429.15,429.2,5468,ITC
2025-04-28 14:20:00+05:30,429.2,429.35,429.0,429.25,8853,ITC
2025-04-28 14:21:00+05:30,429.25,429.3,428.95,429.05,3546,ITC
2025-04-28 14:22:00+05:30,429.15,429.2,428.8,428.95,6450,ITC
2025-04-28 14:23:00+05:30,428.95,429.2,428.8,429.2,10167,ITC
2025-04-28 14:24:00+05:30,429.2,429.2,428.8,428.9,5074,ITC
2025-04-28 14:25:00+05:30,428.95,429.0,428.65,428.9,8382,ITC
2025-04-28 14:26:00+05:30,428.9,429.15,428.7,428.75,17539,ITC
2025-04-28 14:27:00+05:30,428.8,429.15,428.75,429.1,6368,ITC
2025-04-28 14:28:00+05:30,429.1,429.15,428.65,428.65,23049,ITC
2025-04-28 14:29:00+05:30,428.7,428.8,428.55,428.55,10708,ITC
2025-04-28 14:30:00+05:30,428.75,428.8,428.55,428.75,8530,ITC
2025-04-28 14:31:00+05:30,428.75,428.8,428.6,428.75,11746,ITC
2025-04-28 14:32:00+05:30,428.75,428.85,428.15,428.7,60262,ITC
2025-04-28 14:33:00+05:30,428.85,428.95,428.6,428.85,24073,ITC
2025-04-28 14:34:00+05:30,428.8,428.85,428.55,428.55,10459,ITC
2025-04-28 14:35:00+05:30,428.5,428.7,428.25,428.55,13305,ITC
2025-04-28 14:36:00+05:30,428.7,428.8,428.45,428.5,19662,ITC
2025-04-28 14:37:00+05:30,428.5,428.5,428.3,428.45,5912,ITC
2025-04-28 14:38:00+05:30,428.4,428.75,428.35,428.5,11236,ITC
2025-04-28 14:39:00+05:30,428.55,428.6,428.3,428.5,7416,ITC
2025-04-28 14:40:00+05:30,428.5,428.5,428.25,428.3,4604,ITC
2025-04-28 14:41:00+05:30,428.45,428.5,428.25,428.45,17057,ITC
2025-04-28 14:42:00+05:30,428.4,428.75,428.3,428.65,18869,ITC
2025-04-28 14:43:00+05:30,428.6,428.7,428.45,428.45,14765,ITC
2025-04-28 14:44:00+05:30,428.65,428.75,428.4,428.45,8391,ITC
2025-04-28 14:45:00+05:30,428.6,428.6,428.4,428.45,4562,ITC
2025-04-28 14:46:00+05:30,428.45,428.55,428.25,428.45,7637,ITC
2025-04-28 14:47:00+05:30,428.45,428.5,428.25,428.5,13312,ITC
2025-04-28 14:48:00+05:30,428.45,428.85,428.35,428.7,15807,ITC
2025-04-28 14:49:00+05:30,428.8,428.95,428.65,428.65,6440,ITC
2025-04-28 14:50:00+05:30,428.7,428.85,428.65,428.7,8121,ITC
2025-04-28 14:51:00+05:30,428.8,428.9,428.65,428.7,7671,ITC
2025-04-28 14:52:00+05:30,428.7,428.95,428.65,428.95,11684,ITC
2025-04-28 14:53:00+05:30,428.9,428.95,428.75,428.95,12993,ITC
2025-04-28 14:54:00+05:30,428.9,429.4,428.75,429.2,45694,ITC
2025-04-28 14:55:00+05:30,429.35,429.4,429.0,429.35,15050,ITC
2025-04-28 14:56:00+05:30,429.3,429.3,429.0,429.25,23807,ITC
2025-04-28 14:57:00+05:30,429.25,429.4,429.05,429.3,20054,ITC
2025-04-28 14:58:00+05:30,429.2,429.25,428.7,428.7,13578,ITC
2025-04-28 14:59:00+05:30,428.8,428.95,428.6,428.65,16820,ITC
2025-04-28 15:00:00+05:30,428.65,429.35,428.65,429.2,41242,ITC
2025-04-28 15:01:00+05:30,429.2,429.35,429.1,429.15,20658,ITC
2025-04-28 15:02:00+05:30,429.15,429.5,429.05,429.1,32672,ITC
2025-04-28 15:03:00+05:30,429.15,429.25,428.75,428.8,32245,ITC
2025-04-28 15:04:00+05:30,428.8,429.0,428.65,428.9,22260,ITC
2025-04-28 15:05:00+05:30,428.9,428.9,428.7,428.7,16883,ITC
2025-04-28 15:06:00+05:30,428.75,428.9,428.55,428.7,23837,ITC
2025-04-28 15:07:00+05:30,428.8,428.9,428.45,428.45,30566,ITC
2025-04-28 15:08:00+05:30,428.65,428.65,428.4,428.65,20060,ITC
2025-04-28 15:09:00+05:30,428.65,428.8,428.4,428.5,23054,ITC
2025-04-28 15:10:00+05:30,428.55,428.85,428.55,428.55,33943,ITC
2025-04-28 15:11:00+05:30,428.6,428.7,428.5,428.6,17785,ITC
2025-04-28 15:12:00+05:30,428.65,428.9,428.55,428.7,39081,ITC
2025-04-28 15:13:00+05:30,428.7,428.95,428.55,428.6,45964,ITC
2025-04-28 15:14:00+05:30,428.7,428.7,428.6,428.65,27272,ITC
2025-04-28 15:15:00+05:30,428.7,428.85,428.6,428.75,32809,ITC
2025-04-28 15:16:00+05:30,428.9,428.9,428.65,428.7,45387,ITC
2025-04-28 15:17:00+05:30,428.75,428.95,428.7,428.75,24820,ITC
2025-04-28 15:18:00+05:30,428.75,429.0,428.7,428.75,24636,ITC
2025-04-28 15:19:00+05:30,428.8,428.8,428.65,428.75,43381,ITC
2025-04-28 15:20:00+05:30,428.75,428.8,428.7,428.7,41396,ITC
2025-04-28 15:21:00+05:30,428.75,428.85,428.7,428.7,16810,ITC
2025-04-28 15:22:00+05:30,428.75,428.85,428.7,428.7,20965,ITC
2025-04-28 15:23:00+05:30,428.75,428.75,428.7,428.7,34417,ITC
2025-04-28 15:24:00+05:30,428.75,428.8,428.5,428.65,66368,ITC
2025-04-28 15:25:00+05:30,428.65,428.9,428.6,428.8,43140,ITC
2025-04-28 15:26:00+05:30,428.85,429.15,428.75,429.05,50689,ITC
2025-04-28 15:27:00+05:30,429.1,429.65,429.05,429.1,59348,ITC
2025-04-28 15:28:00+05:30,429.1,429.7,429.0,429.25,44937,ITC
2025-04-28 15:29:00+05:30,429.2,429.55,428.75,428.75,19751,ITC
2025-04-29 09:15:00+05:30,428.9,429.6,428.05,429.4,25617,ITC
2025-04-29 09:16:00+05:30,429.4,429.55,429.05,429.15,20775,ITC
2025-04-29 09:17:00+05:30,429.15,429.2,428.3,428.8,41501,ITC
2025-04-29 09:18:00+05:30,428.85,429.0,428.5,428.65,40947,ITC
2025-04-29 09:19:00+05:30,428.65,428.65,428.1,428.3,21836,ITC
2025-04-29 09:20:00+05:30,428.1,428.3,427.65,428.0,39682,ITC
2025-04-29 09:21:00+05:30,428.0,428.05,427.7,427.7,22662,ITC
2025-04-29 09:22:00+05:30,427.7,427.8,427.5,427.55,29285,ITC
2025-04-29 09:23:00+05:30,427.65,427.9,427.5,427.9,24210,ITC
2025-04-29 09:24:00+05:30,427.9,428.4,427.75,428.15,30096,ITC
2025-04-29 09:25:00+05:30,428.1,428.2,427.7,427.95,49965,ITC
2025-04-29 09:26:00+05:30,427.85,428.0,427.8,427.9,11266,ITC
2025-04-29 09:27:00+05:30,427.9,428.0,427.6,427.6,31727,ITC
2025-04-29 09:28:00+05:30,427.75,427.75,427.1,427.3,32183,ITC
2025-04-29 09:29:00+05:30,427.35,427.4,426.8,426.9,50702,ITC
2025-04-29 09:30:00+05:30,426.95,427.1,426.8,427.0,32529,ITC
2025-04-29 09:31:00+05:30,426.9,427.3,426.9,427.25,13826,ITC
2025-04-29 09:32:00+05:30,427.25,427.4,427.2,427.4,33492,ITC
2025-04-29 09:33:00+05:30,427.4,427.55,427.3,427.4,13978,ITC
2025-04-29 09:34:00+05:30,427.55,427.6,427.15,427.15,24183,ITC
2025-04-29 09:35:00+05:30,427.15,427.3,426.95,427.2,20415,ITC
2025-04-29 09:36:00+05:30,427.2,427.3,426.8,426.95,26359,ITC
2025-04-29 09:37:00+05:30,426.9,427.05,426.8,426.95,17137,ITC
2025-04-29 09:38:00+05:30,426.95,427.15,426.85,427.15,12743,ITC
2025-04-29 09:39:00+05:30,427.15,427.3,426.0,426.0,84547,ITC
2025-04-29 09:40:00+05:30,426.05,426.2,425.75,425.85,85119,ITC
2025-04-29 09:41:00+05:30,425.85,426.2,425.75,426.1,33636,ITC
2025-04-29 09:42:00+05:30,426.1,426.2,425.65,425.75,38748,ITC
2025-04-29 09:43:00+05:30,425.7,426.1,425.6,425.9,40561,ITC
2025-04-29 09:44:00+05:30,425.75,426.1,425.7,425.9,29808,ITC
2025-04-29 09:45:00+05:30,425.9,426.6,425.9,426.3,24533,ITC
2025-04-29 09:46:00+05:30,426.25,426.4,425.75,425.9,21980,ITC
2025-04-29 09:47:00+05:30,425.9,426.25,425.7,426.2,13833,ITC
2025-04-29 09:48:00+05:30,426.2,426.2,425.7,425.8,34177,ITC
2025-04-29 09:49:00+05:30,425.8,426.0,425.5,425.55,28890,ITC
2025-04-29 09:50:00+05:30,425.55,425.65,425.35,425.35,24936,ITC
2025-04-29 09:51:00+05:30,425.4,426.05,425.4,425.55,32429,ITC
2025-04-29 09:52:00+05:30,425.55,425.7,425.0,425.35,116627,ITC
2025-04-29 09:53:00+05:30,425.4,425.5,425.3,425.4,21295,ITC
2025-04-29 09:54:00+05:30,425.4,425.55,425.3,425.4,23398,ITC
2025-04-29 09:55:00+05:30,425.3,425.7,425.3,425.6,17370,ITC
2025-04-29 09:56:00+05:30,425.7,425.85,425.5,425.85,14419,ITC
2025-04-29 09:57:00+05:30,425.85,426.3,425.7,426.25,13807,ITC
2025-04-29 09:58:00+05:30,426.2,426.25,426.05,426.1,8258,ITC
2025-04-29 09:59:00+05:30,426.15,426.3,426.15,426.2,7975,ITC
2025-04-29 10:00:00+05:30,426.2,426.4,426.15,426.25,24265,ITC
2025-04-29 10:01:00+05:30,426.35,426.35,426.05,426.3,24698,ITC
2025-04-29 10:02:00+05:30,426.3,426.4,426.25,426.3,8479,ITC
2025-04-29 10:03:00+05:30,426.4,426.4,426.3,426.4,9100,ITC
2025-04-29 10:04:00+05:30,426.4,426.4,425.85,425.95,52068,ITC
2025-04-29 10:05:00+05:30,425.95,425.95,425.55,425.7,17162,ITC
2025-04-29 10:06:00+05:30,425.65,425.65,425.0,425.05,34597,ITC
2025-04-29 10:07:00+05:30,425.05,425.45,425.05,425.4,20255,ITC
2025-04-29 10:08:00+05:30,425.3,425.65,425.25,425.5,24423,ITC
2025-04-29 10:09:00+05:30,425.5,425.55,425.1,425.25,19849,ITC
2025-04-29 10:10:00+05:30,425.45,425.45,425.2,425.2,14120,ITC
2025-04-29 10:11:00+05:30,425.3,425.3,425.1,425.2,10156,ITC
2025-04-29 10:12:00+05:30,425.2,425.3,425.15,425.3,8969,ITC
2025-04-29 10:13:00+05:30,425.3,425.55,425.15,425.55,15204,ITC
2025-04-29 10:14:00+05:30,425.45,425.75,425.35,425.55,6278,ITC
2025-04-29 10:15:00+05:30,425.5,425.7,425.4,425.6,5875,ITC
2025-04-29 10:16:00+05:30,425.7,425.7,425.45,425.6,13678,ITC
2025-04-29 10:17:00+05:30,425.6,425.6,425.4,425.55,10640,ITC
2025-04-29 10:18:00+05:30,425.45,425.6,425.35,425.45,22169,ITC
2025-04-29 10:19:00+05:30,425.4,425.55,425.15,425.2,21980,ITC
2025-04-29 10:20:00+05:30,425.25,425.4,425.2,425.4,5848,ITC
2025-04-29 10:21:00+05:30,425.4,425.55,425.4,425.5,4208,ITC
2025-04-29 10:22:00+05:30,425.45,425.55,425.3,425.5,17553,ITC
2025-04-29 10:23:00+05:30,425.4,425.55,425.4,425.4,8131,ITC
2025-04-29 10:24:00+05:30,425.4,425.55,425.4,425.55,12154,ITC
2025-04-29 10:25:00+05:30,425.55,425.7,425.45,425.55,19048,ITC
2025-04-29 10:26:00+05:30,425.5,425.55,425.2,425.3,8502,ITC
2025-04-29 10:27:00+05:30,425.25,425.5,425.25,425.35,7848,ITC
2025-04-29 10:28:00+05:30,425.45,425.45,425.15,425.15,12036,ITC
2025-04-29 10:29:00+05:30,425.25,425.3,425.15,425.15,5528,ITC
2025-04-29 10:30:00+05:30,425.25,425.25,425.1,425.2,10187,ITC
2025-04-29 10:31:00+05:30,425.1,425.4,425.1,425.3,7853,ITC
2025-04-29 10:32:00+05:30,425.35,425.5,425.3,425.35,13004,ITC
2025-04-29 10:33:00+05:30,425.4,425.45,425.25,425.3,6412,ITC
2025-04-29 10:34:00+05:30,425.25,425.45,425.25,425.45,4672,ITC
2025-04-29 10:35:00+05:30,425.3,425.45,425.3,425.4,5503,ITC
2025-04-29 10:36:00+05:30,425.35,425.45,425.35,425.45,5182,ITC
2025-04-29 10:37:00+05:30,425.4,425.45,425.4,425.45,1815,ITC
2025-04-29 10:38:00+05:30,425.45,425.5,425.4,425.45,5608,ITC
2025-04-29 10:39:00+05:30,425.45,425.45,425.2,425.3,16334,ITC
2025-04-29 10:40:00+05:30,425.3,425.3,425.1,425.1,11895,ITC
2025-04-29 10:41:00+05:30,425.1,425.45,425.1,425.45,24765,ITC
2025-04-29 10:42:00+05:30,425.45,425.75,425.4,425.45,22146,ITC
2025-04-29 10:43:00+05:30,425.45,425.6,425.3,425.55,17400,ITC
2025-04-29 10:44:00+05:30,425.55,425.55,425.4,425.45,5954,ITC
2025-04-29 10:45:00+05:30,425.45,425.5,425.4,425.4,8063,ITC
2025-04-29 10:46:00+05:30,425.4,425.45,425.4,425.4,4650,ITC
2025-04-29 10:47:00+05:30,425.45,425.5,425.3,425.3,5963,ITC
2025-04-29 10:48:00+05:30,425.3,425.4,425.2,425.35,5362,ITC
2025-04-29 10:49:00+05:30,425.3,425.35,425.15,425.35,8105,ITC
2025-04-29 10:50:00+05:30,425.2,425.5,425.2,425.35,10539,ITC
2025-04-29 10:51:00+05:30,425.35,425.5,425.35,425.4,5662,ITC
2025-04-29 10:52:00+05:30,425.45,425.5,425.3,425.4,8420,ITC
2025-04-29 10:53:00+05:30,425.3,425.4,425.2,425.35,7830,ITC
2025-04-29 10:54:00+05:30,425.3,425.35,425.25,425.35,3407,ITC
2025-04-29 10:55:00+05:30,425.3,425.5,425.3,425.5,3133,ITC
2025-04-29 10:56:00+05:30,425.5,425.6,425.4,425.55,14537,ITC
2025-04-29 10:57:00+05:30,425.45,425.55,425.45,425.55,3760,ITC
2025-04-29 10:58:00+05:30,425.55,425.6,425.5,425.5,5447,ITC
2025-04-29 10:59:00+05:30,425.55,425.75,425.5,425.75,7923,ITC
2025-04-29 11:00:00+05:30,425.75,425.8,425.6,425.8,9569,ITC
2025-04-29 11:01:00+05:30,425.75,426.0,425.75,425.85,18276,ITC
2025-04-29 11:02:00+05:30,425.85,425.9,425.8,425.85,3787,ITC
2025-04-29 11:03:00+05:30,425.8,425.9,425.75,425.9,2920,ITC
2025-04-29 11:04:00+05:30,425.9,425.9,425.8,425.8,4894,ITC
2025-04-29 11:05:00+05:30,425.8,426.1,425.8,426.1,20907,ITC
2025-04-29 11:06:00+05:30,426.1,426.5,426.0,426.45,20321,ITC
2025-04-29 11:07:00+05:30,426.45,426.5,426.35,426.4,9016,ITC
2025-04-29 11:08:00+05:30,426.4,426.45,426.4,426.45,5365,ITC
2025-04-29 11:09:00+05:30,426.4,426.45,426.4,426.4,7139,ITC
2025-04-29 11:10:00+05:30,426.4,426.45,426.3,426.3,3691,ITC
2025-04-29 11:11:00+05:30,426.3,426.4,426.2,426.2,4023,ITC
2025-04-29 11:12:00+05:30,426.2,426.25,426.0,426.2,18226,ITC
2025-04-29 11:13:00+05:30,426.15,426.2,425.9,425.95,9425,ITC
2025-04-29 11:14:00+05:30,425.9,426.0,425.85,425.85,4233,ITC
2025-04-29 11:15:00+05:30,425.9,426.0,425.85,425.95,2392,ITC
2025-04-29 11:16:00+05:30,425.9,426.15,425.85,426.15,28267,ITC
2025-04-29 11:17:00+05:30,426.0,426.15,426.0,426.1,1043,ITC
2025-04-29 11:18:00+05:30,426.05,426.2,425.9,425.95,23238,ITC
2025-04-29 11:19:00+05:30,425.95,426.05,425.9,425.95,1442,ITC
2025-04-29 11:20:00+05:30,426.05,426.1,425.95,426.1,2094,ITC
2025-04-29 11:21:00+05:30,426.1,426.2,426.05,426.15,5817,ITC
2025-04-29 11:22:00+05:30,426.15,426.4,426.15,426.4,11739,ITC
2025-04-29 11:23:00+05:30,426.4,426.4,426.3,426.3,2673,ITC
2025-04-29 11:24:00+05:30,426.3,426.35,426.1,426.25,8139,ITC
2025-04-29 11:25:00+05:30,426.25,426.35,426.25,426.3,1925,ITC
2025-04-29 11:26:00+05:30,426.3,426.5,426.3,426.35,15597,ITC
2025-04-29 11:27:00+05:30,426.5,426.85,426.35,426.65,12639,ITC
2025-04-29 11:28:00+05:30,426.8,426.85,426.65,426.65,6830,ITC
2025-04-29 11:29:00+05:30,426.75,426.75,426.65,426.7,5389,ITC
2025-04-29 11:30:00+05:30,426.65,426.75,426.6,426.75,7753,ITC
2025-04-29 11:31:00+05:30,426.75,426.75,426.65,426.7,1343,ITC
2025-04-29 11:32:00+05:30,426.65,426.7,426.65,426.65,3908,ITC
2025-04-29 11:33:00+05:30,426.65,426.7,426.55,426.65,3310,ITC
2025-04-29 11:34:00+05:30,426.65,426.7,426.5,426.65,7908,ITC
2025-04-29 11:35:00+05:30,426.5,426.65,426.45,426.55,7445,ITC
2025-04-29 11:36:00+05:30,426.45,426.55,426.35,426.35,12075,ITC
2025-04-29 11:37:00+05:30,426.4,426.45,426.2,426.35,7569,ITC
2025-04-29 11:38:00+05:30,426.3,426.45,426.25,426.3,7233,ITC
2025-04-29 11:39:00+05:30,426.3,426.5,426.3,426.4,4978,ITC
2025-04-29 11:40:00+05:30,426.45,426.7,426.4,426.6,14259,ITC
2025-04-29 11:41:00+05:30,426.6,426.65,426.35,426.4,17674,ITC
2025-04-29 11:42:00+05:30,426.35,426.4,426.05,426.1,10587,ITC
2025-04-29 11:43:00+05:30,426.05,426.1,425.7,425.85,23522,ITC
2025-04-29 11:44:00+05:30,425.8,425.95,425.8,425.9,5689,ITC
2025-04-29 11:45:00+05:30,425.85,426.0,425.85,425.95,6627,ITC
2025-04-29 11:46:00+05:30,425.95,426.15,425.9,426.05,5741,ITC
2025-04-29 11:47:00+05:30,426.05,426.05,425.9,426.0,862,ITC
2025-04-29 11:48:00+05:30,425.9,426.0,425.9,425.95,2295,ITC
2025-04-29 11:49:00+05:30,425.9,425.95,425.9,425.9,5386,ITC
2025-04-29 11:50:00+05:30,425.9,426.0,425.9,426.0,2852,ITC
2025-04-29 11:51:00+05:30,425.9,426.0,425.9,426.0,2334,ITC
2025-04-29 11:52:00+05:30,426.0,426.1,425.95,425.95,20899,ITC
2025-04-29 11:53:00+05:30,426.1,426.15,425.95,426.0,8459,ITC
2025-04-29 11:54:00+05:30,426.15,426.15,425.9,425.95,9473,ITC
2025-04-29 11:55:00+05:30,425.9,426.15,425.9,426.1,8668,ITC
2025-04-29 11:56:00+05:30,426.0,426.1,426.0,426.1,3379,ITC
2025-04-29 11:57:00+05:30,426.05,426.1,425.9,425.95,4866,ITC
2025-04-29 11:58:00+05:30,425.9,426.0,425.8,425.8,3379,ITC
2025-04-29 11:59:00+05:30,425.8,425.85,425.7,425.7,3442,ITC
2025-04-29 12:00:00+05:30,425.7,425.8,425.5,425.6,12466,ITC
2025-04-29 12:01:00+05:30,425.6,425.8,425.6,425.8,6068,ITC
2025-04-29 12:02:00+05:30,425.8,425.8,425.7,425.75,10181,ITC
2025-04-29 12:03:00+05:30,425.8,425.8,425.7,425.75,9406,ITC
2025-04-29 12:04:00+05:30,425.8,425.8,425.7,425.7,9745,ITC
2025-04-29 12:05:00+05:30,425.7,425.75,425.65,425.7,14020,ITC
2025-04-29 12:06:00+05:30,425.65,425.7,425.65,425.7,5645,ITC
2025-04-29 12:07:00+05:30,425.65,425.75,425.65,425.7,7060,ITC
2025-04-29 12:08:00+05:30,425.7,425.8,425.7,425.75,11918,ITC
2025-04-29 12:09:00+05:30,425.75,425.85,425.7,425.8,8594,ITC
2025-04-29 12:10:00+05:30,425.7,425.85,425.65,425.65,14838,ITC
2025-04-29 12:11:00+05:30,425.65,425.7,425.55,425.55,15417,ITC
2025-04-29 12:12:00+05:30,425.55,425.6,425.3,425.5,15493,ITC
2025-04-29 12:13:00+05:30,425.35,425.85,425.35,425.85,23675,ITC
2025-04-29 12:14:00+05:30,425.7,425.9,425.65,425.7,11654,ITC
2025-04-29 12:15:00+05:30,425.7,426.0,425.55,425.95,18633,ITC
2025-04-29 12:16:00+05:30,425.95,426.0,425.9,426.0,12659,ITC
2025-04-29 12:17:00+05:30,425.95,426.0,425.8,425.9,6878,ITC
2025-04-29 12:18:00+05:30,425.8,425.85,425.7,425.8,7017,ITC
2025-04-29 12:19:00+05:30,425.75,425.8,425.6,425.65,7618,ITC
2025-04-29 12:20:00+05:30,425.65,425.8,425.55,425.6,4556,ITC
2025-04-29 12:21:00+05:30,425.55,425.7,425.55,425.7,4922,ITC
2025-04-29 12:22:00+05:30,425.65,425.8,425.65,425.75,8666,ITC
2025-04-29 12:23:00+05:30,425.75,425.8,425.65,425.65,5149,ITC
2025-04-29 12:24:00+05:30,425.65,425.7,425.6,425.65,4782,ITC
2025-04-29 12:25:00+05:30,425.6,425.7,425.55,425.65,4417,ITC
2025-04-29 12:26:00+05:30,425.55,425.65,425.25,425.4,40631,ITC
2025-04-29 12:27:00+05:30,425.35,425.55,425.35,425.5,7833,ITC
2025-04-29 12:28:00+05:30,425.5,425.55,425.4,425.45,4538,ITC
2025-04-29 12:29:00+05:30,425.45,425.5,425.25,425.35,5963,ITC
2025-04-29 12:30:00+05:30,425.35,425.65,425.3,425.6,14149,ITC
2025-04-29 12:31:00+05:30,425.5,425.95,425.45,425.9,26298,ITC
2025-04-29 12:32:00+05:30,425.9,425.95,425.8,425.9,3026,ITC
2025-04-29 12:33:00+05:30,425.8,425.85,425.8,425.85,6950,ITC
2025-04-29 12:34:00+05:30,425.8,425.85,425.8,425.85,6199,ITC
2025-04-29 12:35:00+05:30,425.8,425.9,425.8,425.85,12247,ITC
2025-04-29 12:36:00+05:30,425.8,425.85,425.8,425.85,9205,ITC
2025-04-29 12:37:00+05:30,425.8,425.9,425.75,425.9,25467,ITC
2025-04-29 12:38:00+05:30,425.8,425.9,425.8,425.85,13725,ITC
2025-04-29 12:39:00+05:30,425.8,425.85,425.75,425.85,8778,ITC
2025-04-29 12:40:00+05:30,425.8,425.85,425.35,425.5,126231,ITC
2025-04-29 12:41:00+05:30,425.45,425.65,425.45,425.55,11836,ITC
2025-04-29 12:42:00+05:30,425.55,425.7,425.45,425.5,14477,ITC
2025-04-29 12:43:00+05:30,425.55,425.65,425.3,425.6,17210,ITC
2025-04-29 12:44:00+05:30,425.6,425.8,425.5,425.8,16419,ITC
2025-04-29 12:45:00+05:30,425.75,425.8,425.75,425.8,7977,ITC
2025-04-29 12:46:00+05:30,425.75,425.8,425.55,425.8,40628,ITC
2025-04-29 12:47:00+05:30,425.75,425.85,425.75,425.8,25571,ITC
2025-04-29 12:48:00+05:30,425.75,425.85,425.75,425.85,25146,ITC
2025-04-29 12:49:00+05:30,425.8,426.05,425.8,426.05,41825,ITC
2025-04-29 12:50:00+05:30,426.0,426.15,426.0,426.15,25390,ITC
2025-04-29 12:51:00+05:30,426.0,426.15,426.0,426.1,11447,ITC
2025-04-29 12:52:00+05:30,426.0,426.1,425.95,426.05,32806,ITC
2025-04-29 12:53:00+05:30,426.0,426.05,425.7,425.8,25191,ITC
2025-04-29 12:54:00+05:30,425.7,425.8,425.65,425.75,4908,ITC
2025-04-29 12:55:00+05:30,425.75,425.75,425.4,425.45,12243,ITC
2025-04-29 12:56:00+05:30,425.5,425.55,425.35,425.45,13310,ITC
2025-04-29 12:57:00+05:30,425.45,425.5,425.3,425.45,14635,ITC
2025-04-29 12:58:00+05:30,425.35,425.45,425.15,425.25,8830,ITC
2025-04-29 12:59:00+05:30,425.15,425.25,425.1,425.25,12826,ITC
2025-04-29 13:00:00+05:30,425.1,425.25,425.1,425.2,19060,ITC
2025-04-29 13:01:00+05:30,425.15,425.6,425.15,425.5,76559,ITC
2025-04-29 13:02:00+05:30,425.45,425.6,425.45,425.6,15664,ITC
2025-04-29 13:03:00+05:30,425.6,425.8,425.45,425.7,59006,ITC
2025-04-29 13:04:00+05:30,425.7,425.8,425.55,425.8,71309,ITC
2025-04-29 13:05:00+05:30,425.8,426.0,425.6,425.95,61513,ITC
2025-04-29 13:06:00+05:30,425.95,425.95,425.8,425.95,7848,ITC
2025-04-29 13:07:00+05:30,425.95,425.95,425.8,425.9,8147,ITC
2025-04-29 13:08:00+05:30,425.9,425.9,425.8,425.9,18669,ITC
2025-04-29 13:09:00+05:30,425.85,425.95,425.85,425.9,13654,ITC
2025-04-29 13:10:00+05:30,425.9,425.9,425.6,425.7,13827,ITC
2025-04-29 13:11:00+05:30,425.7,425.85,425.65,425.8,12184,ITC
2025-04-29 13:12:00+05:30,425.8,425.85,425.7,425.8,5324,ITC
2025-04-29 13:13:00+05:30,425.7,425.8,425.55,425.6,6498,ITC
2025-04-29 13:14:00+05:30,425.6,425.9,425.55,425.75,8096,ITC
2025-04-29 13:15:00+05:30,425.75,425.75,425.6,425.7,8968,ITC
2025-04-29 13:16:00+05:30,425.6,425.75,425.5,425.6,13217,ITC
2025-04-29 13:17:00+05:30,425.6,425.9,425.5,425.9,21216,ITC
2025-04-29 13:18:00+05:30,425.9,425.95,425.75,425.95,9627,ITC
2025-04-29 13:19:00+05:30,425.95,426.0,425.85,426.0,11939,ITC
2025-04-29 13:20:00+05:30,426.0,426.0,425.75,425.95,17036,ITC
2025-04-29 13:21:00+05:30,425.95,426.0,425.8,426.0,24653,ITC
2025-04-29 13:22:00+05:30,425.85,426.0,425.75,425.95,20274,ITC
2025-04-29 13:23:00+05:30,425.75,425.95,425.75,425.85,12940,ITC
2025-04-29 13:24:00+05:30,425.85,425.95,425.7,425.9,13955,ITC
2025-04-29 13:25:00+05:30,425.9,425.9,425.65,425.9,13466,ITC
2025-04-29 13:26:00+05:30,425.9,426.05,425.7,426.05,30502,ITC
2025-04-29 13:27:00+05:30,425.95,426.05,425.8,426.0,16044,ITC
2025-04-29 13:28:00+05:30,426.0,426.05,425.8,426.0,6531,ITC
2025-04-29 13:29:00+05:30,426.0,426.1,425.85,425.95,14774,ITC
2025-04-29 13:30:00+05:30,425.95,426.0,425.8,426.0,12104,ITC
2025-04-29 13:31:00+05:30,426.0,426.05,425.8,426.05,10173,ITC
2025-04-29 13:32:00+05:30,426.05,426.05,425.85,425.9,9979,ITC
2025-04-29 13:33:00+05:30,425.9,425.9,425.75,425.85,4450,ITC
2025-04-29 13:34:00+05:30,425.85,425.95,425.7,425.9,9555,ITC
2025-04-29 13:35:00+05:30,425.9,426.1,425.75,426.1,9424,ITC
2025-04-29 13:36:00+05:30,426.1,426.15,425.9,426.1,11550,ITC
2025-04-29 13:37:00+05:30,426.1,426.1,425.75,426.05,13808,ITC
2025-04-29 13:38:00+05:30,426.05,426.15,426.0,426.15,8823,ITC
2025-04-29 13:39:00+05:30,426.15,426.15,426.0,426.05,15823,ITC
2025-04-29 13:40:00+05:30,426.05,426.2,425.9,426.2,12656,ITC
2025-04-29 13:41:00+05:30,426.2,426.2,425.95,426.05,6815,ITC
2025-04-29 13:42:00+05:30,426.05,426.2,425.95,426.2,7130,ITC
2025-04-29 13:43:00+05:30,426.2,426.2,426.0,426.1,8347,ITC
2025-04-29 13:44:00+05:30,426.1,426.25,426.0,426.2,12233,ITC
2025-04-29 13:45:00+05:30,426.2,426.25,426.0,426.05,10140,ITC
2025-04-29 13:46:00+05:30,426.05,426.2,425.95,426.0,8813,ITC
2025-04-29 13:47:00+05:30,426.0,426.0,425.95,426.0,4669,ITC
2025-04-29 13:48:00+05:30,426.0,426.0,425.55,425.95,49537,ITC
2025-04-29 13:49:00+05:30,425.95,425.95,425.8,425.95,5707,ITC
2025-04-29 13:50:00+05:30,425.95,425.95,425.85,425.95,12494,ITC
2025-04-29 13:51:00+05:30,425.95,425.95,425.9,425.95,6119,ITC
2025-04-29 13:52:00+05:30,425.9,425.95,425.85,425.95,13963,ITC
2025-04-29 13:53:00+05:30,425.9,425.95,425.8,425.95,11282,ITC
2025-04-29 13:54:00+05:30,425.95,425.95,425.75,425.95,4433,ITC
2025-04-29 13:55:00+05:30,425.95,425.95,425.75,425.95,5244,ITC
2025-04-29 13:56:00+05:30,425.75,425.95,425.75,425.9,4830,ITC
2025-04-29 13:57:00+05:30,425.9,425.95,425.75,425.95,9007,ITC
2025-04-29 13:58:00+05:30,425.95,425.95,425.8,425.9,4016,ITC
2025-04-29 13:59:00+05:30,425.9,425.95,425.75,425.95,6476,ITC
2025-04-29 14:00:00+05:30,425.75,426.05,425.75,426.05,81639,ITC
2025-04-29 14:01:00+05:30,426.0,426.05,425.85,426.05,18833,ITC
2025-04-29 14:02:00+05:30,426.05,426.05,426.0,426.05,5043,ITC
2025-04-29 14:03:00+05:30,426.05,426.05,426.0,426.05,8205,ITC
2025-04-29 14:04:00+05:30,426.05,426.2,426.0,426.2,12021,ITC
2025-04-29 14:05:00+05:30,426.15,426.25,426.1,426.2,10256,ITC
2025-04-29 14:06:00+05:30,426.2,426.2,426.0,426.15,10040,ITC
2025-04-29 14:07:00+05:30,426.15,426.15,426.05,426.15,7888,ITC
2025-04-29 14:08:00+05:30,426.05,426.15,426.0,426.1,22121,ITC
2025-04-29 14:09:00+05:30,426.1,426.1,426.0,426.1,13825,ITC
2025-04-29 14:10:00+05:30,426.1,426.1,426.0,426.1,11210,ITC
2025-04-29 14:11:00+05:30,426.1,426.15,426.0,426.05,21583,ITC
2025-04-29 14:12:00+05:30,426.05,426.05,425.8,425.95,28608,ITC
2025-04-29 14:13:00+05:30,425.95,426.05,425.8,425.95,41374,ITC
2025-04-29 14:14:00+05:30,425.9,426.0,425.8,426.0,10664,ITC
2025-04-29 14:15:00+05:30,426.0,426.0,425.8,426.0,7752,ITC
2025-04-29 14:16:00+05:30,425.8,426.0,425.8,425.85,13181,ITC
2025-04-29 14:17:00+05:30,425.85,426.05,425.8,425.95,22119,ITC
2025-04-29 14:18:00+05:30,425.95,426.0,425.9,426.0,15875,ITC
2025-04-29 14:19:00+05:30,426.0,426.15,425.9,426.1,70413,ITC
2025-04-29 14:20:00+05:30,426.15,426.2,426.1,426.15,20580,ITC
2025-04-29 14:21:00+05:30,426.2,426.5,426.15,426.3,40996,ITC
2025-04-29 14:22:00+05:30,426.4,426.4,426.1,426.15,50476,ITC
2025-04-29 14:23:00+05:30,426.2,426.75,426.15,426.5,268479,ITC
2025-04-29 14:24:00+05:30,426.55,426.55,426.45,426.45,20344,ITC
2025-04-29 14:25:00+05:30,426.5,426.55,426.3,426.55,32721,ITC
2025-04-29 14:26:00+05:30,426.55,426.55,426.4,426.45,23058,ITC
2025-04-29 14:27:00+05:30,426.45,426.8,426.4,426.8,52553,ITC
2025-04-29 14:28:00+05:30,426.8,426.8,426.55,426.7,18484,ITC
2025-04-29 14:29:00+05:30,426.7,426.7,426.55,426.55,24331,ITC
2025-04-29 14:30:00+05:30,426.6,426.7,426.55,426.65,8421,ITC
2025-04-29 14:31:00+05:30,426.7,426.85,426.65,426.85,24836,ITC
2025-04-29 14:32:00+05:30,426.85,426.9,426.7,426.9,18744,ITC
2025-04-29 14:33:00+05:30,426.9,427.0,426.8,426.85,16662,ITC
2025-04-29 14:34:00+05:30,426.9,426.9,426.75,426.85,21794,ITC
2025-04-29 14:35:00+05:30,426.85,426.85,426.75,426.85,15944,ITC
2025-04-29 14:36:00+05:30,426.85,427.1,426.75,427.0,59219,ITC
2025-04-29 14:37:00+05:30,427.0,427.1,426.95,427.05,22763,ITC
2025-04-29 14:38:00+05:30,427.1,427.25,427.0,427.15,24043,ITC
2025-04-29 14:39:00+05:30,427.15,427.25,427.05,427.15,36270,ITC
2025-04-29 14:40:00+05:30,427.2,427.2,426.95,426.95,16236,ITC
2025-04-29 14:41:00+05:30,427.05,427.15,427.0,427.0,15555,ITC
2025-04-29 14:42:00+05:30,427.05,427.15,427.0,427.0,13897,ITC
2025-04-29 14:43:00+05:30,427.05,427.15,427.0,427.0,13189,ITC
2025-04-29 14:44:00+05:30,427.1,427.3,427.0,427.2,1878949,ITC
2025-04-29 14:45:00+05:30,427.2,427.25,426.25,426.25,438444,ITC
2025-04-29 14:46:00+05:30,426.45,426.55,426.05,426.2,40705,ITC
2025-04-29 14:47:00+05:30,426.2,426.2,426.0,426.15,39592,ITC
2025-04-29 14:48:00+05:30,426.15,426.55,426.1,426.35,32998,ITC
2025-04-29 14:49:00+05:30,426.4,426.55,426.3,426.45,34981,ITC
2025-04-29 14:50:00+05:30,426.45,426.55,426.25,426.55,38877,ITC
2025-04-29 14:51:00+05:30,426.55,426.55,426.35,426.35,21255,ITC
2025-04-29 14:52:00+05:30,426.4,426.5,426.35,426.45,51734,ITC
2025-04-29 14:53:00+05:30,426.5,426.7,426.35,426.4,53814,ITC
2025-04-29 14:54:00+05:30,426.4,426.4,426.25,426.25,29230,ITC
2025-04-29 14:55:00+05:30,426.3,426.5,426.2,426.3,24916,ITC
2025-04-29 14:56:00+05:30,426.35,426.5,426.1,426.1,24600,ITC
2025-04-29 14:57:00+05:30,426.15,426.3,426.0,426.0,30989,ITC
2025-04-29 14:58:00+05:30,426.1,426.1,425.4,425.6,62334,ITC
2025-04-29 14:59:00+05:30,425.6,425.6,425.3,425.3,42666,ITC
2025-04-29 15:00:00+05:30,425.4,425.55,425.2,425.4,104553,ITC
2025-04-29 15:01:00+05:30,425.4,425.8,425.35,425.5,133239,ITC
2025-04-29 15:02:00+05:30,425.45,425.5,425.2,425.2,49224,ITC
2025-04-29 15:03:00+05:30,425.2,425.45,425.15,425.4,74457,ITC
2025-04-29 15:04:00+05:30,425.4,425.55,425.1,425.5,156211,ITC
2025-04-29 15:05:00+05:30,425.5,425.55,425.4,425.5,67594,ITC
2025-04-29 15:06:00+05:30,425.5,425.5,425.2,425.5,87780,ITC
2025-04-29 15:07:00+05:30,425.5,425.6,425.45,425.6,48470,ITC
2025-04-29 15:08:00+05:30,425.6,425.65,425.4,425.65,125089,ITC
2025-04-29 15:09:00+05:30,425.65,425.75,425.55,425.7,53055,ITC
2025-04-29 15:10:00+05:30,425.75,425.75,425.6,425.75,91740,ITC
2025-04-29 15:11:00+05:30,425.75,426.0,425.7,426.0,94014,ITC
2025-04-29 15:12:00+05:30,426.0,426.25,425.9,426.1,134219,ITC
2025-04-29 15:13:00+05:30,426.1,426.25,425.95,426.25,69761,ITC
2025-04-29 15:14:00+05:30,426.25,426.4,426.1,426.4,72293,ITC
2025-04-29 15:15:00+05:30,426.4,426.5,426.25,426.5,83506,ITC
2025-04-29 15:16:00+05:30,426.5,426.5,426.25,426.35,59759,ITC
2025-04-29 15:17:00+05:30,426.35,426.35,426.05,426.15,42512,ITC
2025-04-29 15:18:00+05:30,426.15,426.35,426.1,426.35,62830,ITC
2025-04-29 15:19:00+05:30,426.35,426.9,426.25,426.75,172251,ITC
2025-04-29 15:20:00+05:30,426.8,426.8,426.6,426.7,112681,ITC
2025-04-29 15:21:00+05:30,426.75,426.85,426.7,426.85,52884,ITC
2025-04-29 15:22:00+05:30,426.85,426.95,426.5,426.55,112258,ITC
2025-04-29 15:23:00+05:30,426.55,426.65,426.45,426.6,65228,ITC
2025-04-29 15:24:00+05:30,426.65,426.8,426.6,426.8,69547,ITC
2025-04-29 15:25:00+05:30,426.8,426.85,426.6,426.65,98032,ITC
2025-04-29 15:26:00+05:30,426.8,426.9,426.6,426.65,82006,ITC
2025-04-29 15:27:00+05:30,426.65,426.65,426.05,426.2,35646,ITC
2025-04-29 15:28:00+05:30,426.15,426.25,425.5,425.55,36220,ITC
2025-04-29 15:29:00+05:30,425.55,426.2,425.0,425.35,106813,ITC
2025-04-30 09:15:00+05:30,427.4,429.3,425.45,425.5,150345,ITC
2025-04-30 09:16:00+05:30,425.5,426.3,425.45,425.85,81853,ITC
2025-04-30 09:17:00+05:30,425.85,426.55,425.85,426.1,37846,ITC
2025-04-30 09:18:00+05:30,426.15,426.75,425.6,425.65,48145,ITC
2025-04-30 09:19:00+05:30,425.65,426.3,425.65,426.1,44362,ITC
2025-04-30 09:20:00+05:30,426.1,426.6,425.95,426.1,17241,ITC
2025-04-30 09:21:00+05:30,426.25,426.85,426.2,426.45,16043,ITC
2025-04-30 09:22:00+05:30,426.45,426.6,426.25,426.4,14477,ITC
2025-04-30 09:23:00+05:30,426.4,427.8,426.05,427.55,31717,ITC
2025-04-30 09:24:00+05:30,427.35,427.75,427.2,427.3,15688,ITC
2025-04-30 09:25:00+05:30,427.3,427.4,427.2,427.25,10213,ITC
2025-04-30 09:26:00+05:30,427.25,427.9,427.2,427.75,36402,ITC
2025-04-30 09:27:00+05:30,427.75,428.1,427.6,428.0,40593,ITC
2025-04-30 09:28:00+05:30,428.0,428.45,427.95,428.4,25800,ITC
2025-04-30 09:29:00+05:30,428.4,428.7,428.3,428.5,21155,ITC
2025-04-30 09:30:00+05:30,428.5,428.75,428.35,428.55,22007,ITC
2025-04-30 09:31:00+05:30,428.55,428.55,427.8,427.85,18880,ITC
2025-04-30 09:32:00+05:30,427.85,427.9,427.7,427.7,9993,ITC
2025-04-30 09:33:00+05:30,427.75,427.75,427.3,427.55,13494,ITC
2025-04-30 09:34:00+05:30,427.55,427.9,427.45,427.8,8504,ITC
2025-04-30 09:35:00+05:30,427.9,428.4,427.85,428.3,19569,ITC
2025-04-30 09:36:00+05:30,428.4,428.8,428.3,428.6,15396,ITC
2025-04-30 09:37:00+05:30,428.6,428.65,428.5,428.6,11968,ITC
2025-04-30 09:38:00+05:30,428.5,428.6,428.2,428.45,12892,ITC
2025-04-30 09:39:00+05:30,428.3,428.45,428.1,428.15,6838,ITC
2025-04-30 09:40:00+05:30,428.2,428.2,427.75,427.75,14106,ITC
2025-04-30 09:41:00+05:30,427.75,428.1,427.6,428.0,14962,ITC
2025-04-30 09:42:00+05:30,428.1,428.35,427.9,428.35,8153,ITC
2025-04-30 09:43:00+05:30,428.2,428.65,428.2,428.35,25085,ITC
2025-04-30 09:44:00+05:30,428.35,428.55,428.35,428.55,6826,ITC
2025-04-30 09:45:00+05:30,428.55,428.55,428.3,428.3,11851,ITC
2025-04-30 09:46:00+05:30,428.4,428.4,428.15,428.15,3801,ITC
2025-04-30 09:47:00+05:30,428.15,428.4,427.95,428.1,23141,ITC
2025-04-30 09:48:00+05:30,428.05,428.15,427.9,427.95,8643,ITC
2025-04-30 09:49:00+05:30,427.95,428.0,427.7,427.7,11258,ITC
2025-04-30 09:50:00+05:30,427.7,428.3,427.6,427.9,14658,ITC
2025-04-30 09:51:00+05:30,427.9,428.5,427.85,428.25,9423,ITC
2025-04-30 09:52:00+05:30,428.25,428.35,428.05,428.35,5859,ITC
2025-04-30 09:53:00+05:30,428.35,428.35,428.2,428.2,4835,ITC
2025-04-30 09:54:00+05:30,428.2,428.3,428.0,428.15,7879,ITC
2025-04-30 09:55:00+05:30,428.2,428.65,428.0,428.0,53575,ITC
2025-04-30 09:56:00+05:30,428.15,428.45,428.0,428.4,18086,ITC
2025-04-30 09:57:00+05:30,428.4,428.55,428.1,428.1,16730,ITC
2025-04-30 09:58:00+05:30,428.15,428.3,428.05,428.05,5720,ITC
2025-04-30 09:59:00+05:30,428.05,428.2,428.0,428.0,14027,ITC
2025-04-30 10:00:00+05:30,428.05,428.2,428.0,428.1,5704,ITC
2025-04-30 10:01:00+05:30,428.05,428.25,428.05,428.15,7636,ITC
2025-04-30 10:02:00+05:30,428.15,428.2,428.0,428.1,8883,ITC
2025-04-30 10:03:00+05:30,428.05,428.35,428.05,428.2,7695,ITC
2025-04-30 10:04:00+05:30,428.35,428.6,428.2,428.5,12666,ITC
2025-04-30 10:05:00+05:30,428.5,428.65,428.4,428.4,7829,ITC
2025-04-30 10:06:00+05:30,428.55,428.55,428.2,428.4,8918,ITC
2025-04-30 10:07:00+05:30,428.4,428.45,428.15,428.15,7022,ITC
2025-04-30 10:08:00+05:30,428.15,428.3,428.15,428.2,4917,ITC
2025-04-30 10:09:00+05:30,428.2,428.5,428.2,428.5,5701,ITC
2025-04-30 10:10:00+05:30,428.35,428.5,428.35,428.35,8196,ITC
2025-04-30 10:11:00+05:30,428.35,428.45,428.25,428.25,5709,ITC
2025-04-30 10:12:00+05:30,428.25,428.4,428.25,428.35,5733,ITC
2025-04-30 10:13:00+05:30,428.35,428.5,428.3,428.3,3959,ITC
2025-04-30 10:14:00+05:30,428.3,428.5,428.15,428.35,8171,ITC
2025-04-30 10:15:00+05:30,428.3,428.3,428.0,428.05,6549,ITC
2025-04-30 10:16:00+05:30,428.2,428.25,428.0,428.0,14799,ITC
2025-04-30 10:17:00+05:30,428.0,428.2,427.85,428.0,17588,ITC
2025-04-30 10:18:00+05:30,428.05,428.2,427.95,428.2,4645,ITC
2025-04-30 10:19:00+05:30,428.15,428.4,428.05,428.3,2711,ITC
2025-04-30 10:20:00+05:30,428.3,428.35,427.9,427.9,11275,ITC
2025-04-30 10:21:00+05:30,428.05,428.25,427.9,427.9,15154,ITC
2025-04-30 10:22:00+05:30,427.9,428.2,427.9,428.2,8453,ITC
2025-04-30 10:23:00+05:30,428.2,428.25,428.15,428.15,3429,ITC
2025-04-30 10:24:00+05:30,428.25,428.3,427.85,428.15,11848,ITC
2025-04-30 10:25:00+05:30,428.0,428.3,428.0,428.05,9875,ITC
2025-04-30 10:26:00+05:30,428.05,428.2,427.95,428.0,6181,ITC
2025-04-30 10:27:00+05:30,428.0,428.2,428.0,428.2,6167,ITC
2025-04-30 10:28:00+05:30,428.2,428.2,428.1,428.1,7243,ITC
2025-04-30 10:29:00+05:30,428.1,428.2,427.8,427.85,12711,ITC
2025-04-30 10:30:00+05:30,427.85,428.0,427.55,427.55,10745,ITC
2025-04-30 10:31:00+05:30,427.5,427.7,427.15,427.15,15928,ITC
2025-04-30 10:32:00+05:30,427.3,427.5,427.2,427.5,7107,ITC
2025-04-30 10:33:00+05:30,427.5,427.6,427.4,427.5,6734,ITC
2025-04-30 10:34:00+05:30,427.55,427.65,427.4,427.4,5522,ITC
2025-04-30 10:35:00+05:30,427.4,427.6,427.4,427.6,5545,ITC
2025-04-30 10:36:00+05:30,427.45,427.6,427.45,427.5,3935,ITC
2025-04-30 10:37:00+05:30,427.6,427.7,427.4,427.5,11322,ITC
2025-04-30 10:38:00+05:30,427.45,427.6,427.4,427.4,5261,ITC
2025-04-30 10:39:00+05:30,427.4,427.6,427.4,427.4,5256,ITC
2025-04-30 10:40:00+05:30,427.4,427.6,427.4,427.45,8495,ITC
2025-04-30 10:41:00+05:30,427.45,427.5,427.4,427.5,4440,ITC
2025-04-30 10:42:00+05:30,427.4,427.7,427.4,427.55,9371,ITC
2025-04-30 10:43:00+05:30,427.55,427.65,427.5,427.65,5059,ITC
2025-04-30 10:44:00+05:30,427.65,427.65,427.25,427.25,11666,ITC
2025-04-30 10:45:00+05:30,427.4,427.4,427.1,427.25,11554,ITC
2025-04-30 10:46:00+05:30,427.2,427.2,427.0,427.0,22011,ITC
2025-04-30 10:47:00+05:30,427.0,427.45,426.75,427.05,45773,ITC
2025-04-30 10:48:00+05:30,427.1,427.2,427.0,427.2,7938,ITC
2025-04-30 10:49:00+05:30,427.1,427.2,427.0,427.05,9918,ITC
2025-04-30 10:50:00+05:30,427.05,427.2,426.75,426.75,7184,ITC
2025-04-30 10:51:00+05:30,426.8,427.0,426.75,426.9,9168,ITC
2025-04-30 10:52:00+05:30,426.9,427.0,426.8,426.95,4580,ITC
2025-04-30 10:53:00+05:30,426.95,427.0,426.8,426.9,13703,ITC
2025-04-30 10:54:00+05:30,426.8,426.95,426.75,426.8,4864,ITC
2025-04-30 10:55:00+05:30,426.8,427.0,426.8,426.9,3745,ITC
2025-04-30 10:56:00+05:30,426.9,427.45,426.9,427.1,72439,ITC
2025-04-30 10:57:00+05:30,427.1,427.45,427.1,427.35,5408,ITC
2025-04-30 10:58:00+05:30,427.35,427.5,427.3,427.4,8299,ITC
2025-04-30 10:59:00+05:30,427.45,427.45,427.25,427.45,6832,ITC
2025-04-30 11:00:00+05:30,427.45,427.6,427.35,427.55,12942,ITC
2025-04-30 11:01:00+05:30,427.6,427.7,427.4,427.7,4384,ITC
2025-04-30 11:02:00+05:30,427.6,427.85,427.6,427.6,5385,ITC
2025-04-30 11:03:00+05:30,427.7,427.75,427.55,427.7,5161,ITC
2025-04-30 11:04:00+05:30,427.6,427.85,427.6,427.75,4746,ITC
2025-04-30 11:05:00+05:30,427.85,427.85,427.75,427.8,4325,ITC
2025-04-30 11:06:00+05:30,427.85,427.9,427.8,427.85,4615,ITC
2025-04-30 11:07:00+05:30,427.85,427.95,427.85,427.85,5920,ITC
2025-04-30 11:08:00+05:30,427.85,428.0,427.85,427.9,8444,ITC
2025-04-30 11:09:00+05:30,427.95,428.0,427.85,427.85,7481,ITC
2025-04-30 11:10:00+05:30,427.9,427.9,427.65,427.7,8532,ITC
2025-04-30 11:11:00+05:30,427.7,427.85,427.65,427.75,3633,ITC
2025-04-30 11:12:00+05:30,427.75,427.9,427.7,427.8,7051,ITC
2025-04-30 11:13:00+05:30,427.8,427.9,427.7,427.8,3356,ITC
2025-04-30 11:14:00+05:30,427.8,427.9,427.75,427.9,7625,ITC
2025-04-30 11:15:00+05:30,427.9,428.0,427.8,428.0,9662,ITC
2025-04-30 11:16:00+05:30,427.9,428.25,427.9,428.2,10300,ITC
2025-04-30 11:17:00+05:30,428.2,428.3,428.2,428.25,5116,ITC
2025-04-30 11:18:00+05:30,428.25,428.5,428.1,428.4,18287,ITC
2025-04-30 11:19:00+05:30,428.5,428.7,428.4,428.55,13640,ITC
2025-04-30 11:20:00+05:30,428.65,428.7,428.55,428.6,5295,ITC
2025-04-30 11:21:00+05:30,428.55,428.65,428.2,428.35,13705,ITC
2025-04-30 11:22:00+05:30,428.3,428.35,428.25,428.25,5467,ITC
2025-04-30 11:23:00+05:30,428.3,428.35,428.25,428.35,6320,ITC
2025-04-30 11:24:00+05:30,428.3,428.6,428.3,428.45,14723,ITC
2025-04-30 11:25:00+05:30,428.5,428.6,428.4,428.55,8056,ITC
2025-04-30 11:26:00+05:30,428.6,428.6,428.35,428.35,10419,ITC
2025-04-30 11:27:00+05:30,428.5,428.6,428.35,428.5,4228,ITC
2025-04-30 11:28:00+05:30,428.5,428.75,428.4,428.7,26128,ITC
2025-04-30 11:29:00+05:30,428.75,428.75,428.6,428.7,13099,ITC
2025-04-30 11:30:00+05:30,428.7,428.7,428.55,428.6,21996,ITC
2025-04-30 11:31:00+05:30,428.65,428.65,428.2,428.35,9148,ITC
2025-04-30 11:32:00+05:30,428.25,428.45,428.25,428.45,3884,ITC
2025-04-30 11:33:00+05:30,428.35,428.6,428.35,428.55,5503,ITC
2025-04-30 11:34:00+05:30,428.6,428.7,428.55,428.6,7004,ITC
2025-04-30 11:35:00+05:30,428.65,428.7,428.6,428.7,7215,ITC
2025-04-30 11:36:00+05:30,428.65,428.75,428.65,428.7,6839,ITC
2025-04-30 11:37:00+05:30,428.7,428.75,428.35,428.35,13555,ITC
2025-04-30 11:38:00+05:30,428.5,428.7,428.35,428.7,7631,ITC
2025-04-30 11:39:00+05:30,428.7,428.75,428.45,428.6,10468,ITC
2025-04-30 11:40:00+05:30,428.6,428.75,428.55,428.7,6290,ITC
2025-04-30 11:41:00+05:30,428.65,428.75,428.4,428.55,55673,ITC
2025-04-30 11:42:00+05:30,428.55,428.65,428.35,428.55,8452,ITC
2025-04-30 11:43:00+05:30,428.6,428.6,428.4,428.6,6019,ITC
2025-04-30 11:44:00+05:30,428.5,428.6,428.45,428.45,7368,ITC
2025-04-30 11:45:00+05:30,428.45,428.5,428.2,428.2,10167,ITC
2025-04-30 11:46:00+05:30,428.45,428.45,428.05,428.2,5773,ITC
2025-04-30 11:47:00+05:30,428.1,428.4,428.05,428.4,7438,ITC
2025-04-30 11:48:00+05:30,428.4,428.5,428.25,428.5,7593,ITC
2025-04-30 11:49:00+05:30,428.4,428.5,428.2,428.3,9133,ITC
2025-04-30 11:50:00+05:30,428.3,428.35,428.15,428.35,5794,ITC
2025-04-30 11:51:00+05:30,428.35,428.5,428.25,428.45,7870,ITC
2025-04-30 11:52:00+05:30,428.45,428.45,428.25,428.45,9026,ITC
2025-04-30 11:53:00+05:30,428.45,428.45,428.3,428.35,7554,ITC
2025-04-30 11:54:00+05:30,428.35,428.5,428.3,428.4,9740,ITC
2025-04-30 11:55:00+05:30,428.4,428.5,428.3,428.4,11934,ITC
2025-04-30 11:56:00+05:30,428.4,428.55,428.3,428.5,13100,ITC
2025-04-30 11:57:00+05:30,428.5,428.5,428.35,428.45,7388,ITC
2025-04-30 11:58:00+05:30,428.45,428.6,428.4,428.45,6859,ITC
2025-04-30 11:59:00+05:30,428.55,428.65,428.45,428.65,5543,ITC
2025-04-30 12:00:00+05:30,428.65,428.7,428.45,428.6,11066,ITC
2025-04-30 12:01:00+05:30,428.6,428.75,428.5,428.65,9040,ITC
2025-04-30 12:02:00+05:30,428.65,428.65,428.5,428.6,14018,ITC
2025-04-30 12:03:00+05:30,428.6,428.6,428.4,428.55,9210,ITC
2025-04-30 12:04:00+05:30,428.55,428.6,428.3,428.45,7911,ITC
2025-04-30 12:05:00+05:30,428.3,428.45,428.05,428.25,7734,ITC
2025-04-30 12:06:00+05:30,428.25,428.3,428.15,428.3,3888,ITC
2025-04-30 12:07:00+05:30,428.3,428.35,428.15,428.25,8445,ITC
2025-04-30 12:08:00+05:30,428.15,428.35,428.15,428.3,8213,ITC
2025-04-30 12:09:00+05:30,428.25,428.35,428.15,428.3,5088,ITC
2025-04-30 12:10:00+05:30,428.3,428.3,428.15,428.3,8918,ITC
2025-04-30 12:11:00+05:30,428.25,428.35,428.2,428.35,4929,ITC
2025-04-30 12:12:00+05:30,428.3,428.45,428.25,428.45,10915,ITC
2025-04-30 12:13:00+05:30,428.25,428.45,428.25,428.4,6854,ITC
2025-04-30 12:14:00+05:30,428.4,428.45,428.3,428.45,9246,ITC
2025-04-30 12:15:00+05:30,428.45,428.55,428.3,428.4,9410,ITC
2025-04-30 12:16:00+05:30,428.4,428.6,428.35,428.5,4997,ITC
2025-04-30 12:17:00+05:30,428.4,428.5,428.35,428.4,8747,ITC
2025-04-30 12:18:00+05:30,428.5,428.7,428.4,428.6,11296,ITC
2025-04-30 12:19:00+05:30,428.6,428.75,428.6,428.7,6549,ITC
2025-04-30 12:20:00+05:30,428.7,428.75,428.65,428.7,10845,ITC
2025-04-30 12:21:00+05:30,428.7,428.7,428.45,428.65,15766,ITC
2025-04-30 12:22:00+05:30,428.45,428.65,428.4,428.5,8503,ITC
2025-04-30 12:23:00+05:30,428.45,428.6,428.3,428.4,6922,ITC
2025-04-30 12:24:00+05:30,428.3,428.55,428.3,428.35,13291,ITC
2025-04-30 12:25:00+05:30,428.35,428.6,428.3,428.55,12633,ITC
2025-04-30 12:26:00+05:30,428.4,428.6,428.4,428.5,9506,ITC
2025-04-30 12:27:00+05:30,428.5,428.7,428.45,428.45,12411,ITC
2025-04-30 12:28:00+05:30,428.45,428.65,428.45,428.45,10779,ITC
2025-04-30 12:29:00+05:30,428.5,428.5,427.75,427.75,48705,ITC
2025-04-30 12:30:00+05:30,427.8,427.8,427.5,427.65,30528,ITC
2025-04-30 12:31:00+05:30,427.5,427.8,427.5,427.65,13103,ITC
2025-04-30 12:32:00+05:30,427.8,427.85,427.6,427.65,9992,ITC
2025-04-30 12:33:00+05:30,427.8,427.95,427.65,427.7,13785,ITC
2025-04-30 12:34:00+05:30,427.85,428.15,427.7,428.05,13757,ITC
2025-04-30 12:35:00+05:30,428.05,428.25,428.0,428.15,9551,ITC
2025-04-30 12:36:00+05:30,428.15,428.25,428.05,428.05,16092,ITC
2025-04-30 12:37:00+05:30,428.25,428.45,428.05,428.35,11570,ITC
2025-04-30 12:38:00+05:30,428.45,428.5,428.25,428.35,5155,ITC
2025-04-30 12:39:00+05:30,428.25,428.45,428.25,428.45,12999,ITC
2025-04-30 12:40:00+05:30,428.45,428.5,428.25,428.25,11146,ITC
2025-04-30 12:41:00+05:30,428.4,428.45,428.25,428.3,5820,ITC
2025-04-30 12:42:00+05:30,428.35,428.45,428.25,428.4,9789,ITC
2025-04-30 12:43:00+05:30,428.3,428.45,428.15,428.4,18006,ITC
2025-04-30 12:44:00+05:30,428.25,428.5,428.25,428.25,12506,ITC
2025-04-30 12:45:00+05:30,428.3,428.45,428.2,428.3,8524,ITC
2025-04-30 12:46:00+05:30,428.35,428.45,428.2,428.4,9073,ITC
2025-04-30 12:47:00+05:30,428.2,428.4,428.1,428.2,8183,ITC
2025-04-30 12:48:00+05:30,428.3,428.3,428.05,428.2,13428,ITC
2025-04-30 12:49:00+05:30,428.2,428.3,428.05,428.05,10392,ITC
2025-04-30 12:50:00+05:30,428.1,428.2,428.05,428.05,11728,ITC
2025-04-30 12:51:00+05:30,428.2,428.3,428.05,428.2,11642,ITC
2025-04-30 12:52:00+05:30,428.15,428.65,428.15,428.3,94248,ITC
2025-04-30 12:53:00+05:30,428.45,428.5,428.15,428.25,10494,ITC
2025-04-30 12:54:00+05:30,428.4,428.55,428.2,428.45,12070,ITC
2025-04-30 12:55:00+05:30,428.35,428.6,428.35,428.5,12744,ITC
2025-04-30 12:56:00+05:30,428.5,428.6,428.25,428.3,19659,ITC
2025-04-30 12:57:00+05:30,428.5,428.5,428.3,428.35,13161,ITC
2025-04-30 12:58:00+05:30,428.5,428.6,428.35,428.6,12632,ITC
2025-04-30 12:59:00+05:30,428.6,428.65,428.4,428.55,13389,ITC
2025-04-30 13:00:00+05:30,428.4,428.7,428.4,428.55,15400,ITC
2025-04-30 13:01:00+05:30,428.55,428.75,428.5,428.6,22716,ITC
2025-04-30 13:02:00+05:30,428.65,428.75,428.55,428.7,18195,ITC
2025-04-30 13:03:00+05:30,428.55,428.7,428.55,428.6,19679,ITC
2025-04-30 13:04:00+05:30,428.6,428.7,428.45,428.6,18318,ITC
2025-04-30 13:05:00+05:30,428.6,428.7,428.5,428.5,14113,ITC
2025-04-30 13:06:00+05:30,428.55,428.6,428.45,428.6,16112,ITC
2025-04-30 13:07:00+05:30,428.6,428.6,428.4,428.6,11224,ITC
2025-04-30 13:08:00+05:30,428.6,428.65,428.45,428.65,16375,ITC
2025-04-30 13:09:00+05:30,428.65,428.75,428.45,428.55,14822,ITC
2025-04-30 13:10:00+05:30,428.75,428.75,428.45,428.65,14490,ITC
2025-04-30 13:11:00+05:30,428.65,428.7,428.4,428.65,15186,ITC
2025-04-30 13:12:00+05:30,428.65,428.65,428.35,428.55,10032,ITC
2025-04-30 13:13:00+05:30,428.55,428.6,428.35,428.6,15940,ITC
2025-04-30 13:14:00+05:30,428.6,428.65,428.3,428.5,18133,ITC
2025-04-30 13:15:00+05:30,428.5,428.6,428.35,428.5,12718,ITC
2025-04-30 13:16:00+05:30,428.45,428.6,428.35,428.55,15031,ITC
2025-04-30 13:17:00+05:30,428.55,428.6,428.35,428.6,13673,ITC
2025-04-30 13:18:00+05:30,428.6,428.6,428.3,428.45,14581,ITC
2025-04-30 13:19:00+05:30,428.5,428.6,428.3,428.4,19141,ITC
2025-04-30 13:20:00+05:30,428.4,428.55,428.3,428.35,12159,ITC
2025-04-30 13:21:00+05:30,428.4,428.6,428.35,428.4,10565,ITC
2025-04-30 13:22:00+05:30,428.45,428.6,428.4,428.5,14933,ITC
2025-04-30 13:23:00+05:30,428.4,428.7,428.4,428.65,20447,ITC
2025-04-30 13:24:00+05:30,428.55,428.7,428.4,428.6,13584,ITC
2025-04-30 13:25:00+05:30,428.65,428.7,428.45,428.6,14907,ITC
2025-04-30 13:26:00+05:30,428.5,428.6,428.35,428.6,18188,ITC
2025-04-30 13:27:00+05:30,428.4,428.65,428.3,428.35,13213,ITC
2025-04-30 13:28:00+05:30,428.3,428.35,427.85,427.9,56280,ITC
2025-04-30 13:29:00+05:30,427.95,428.0,427.75,428.0,18668,ITC
2025-04-30 13:30:00+05:30,428.0,428.0,427.7,427.9,15214,ITC
2025-04-30 13:31:00+05:30,427.9,427.95,427.7,427.85,8106,ITC
2025-04-30 13:32:00+05:30,427.85,427.95,427.8,427.95,7212,ITC
2025-04-30 13:33:00+05:30,427.9,428.05,427.8,428.0,12921,ITC
2025-04-30 13:34:00+05:30,428.0,428.05,427.8,427.85,10200,ITC
2025-04-30 13:35:00+05:30,427.8,428.0,427.6,427.6,19157,ITC
2025-04-30 13:36:00+05:30,427.6,427.8,427.35,427.55,18483,ITC
2025-04-30 13:37:00+05:30,427.5,427.6,427.25,427.5,18948,ITC
2025-04-30 13:38:00+05:30,427.5,427.55,427.3,427.35,9819,ITC
2025-04-30 13:39:00+05:30,427.35,427.55,427.3,427.4,10211,ITC
2025-04-30 13:40:00+05:30,427.35,427.55,427.3,427.45,11872,ITC
2025-04-30 13:41:00+05:30,427.5,427.55,427.45,427.45,8860,ITC
2025-04-30 13:42:00+05:30,427.5,427.7,427.45,427.7,8722,ITC
2025-04-30 13:43:00+05:30,427.7,427.7,427.45,427.65,9115,ITC
2025-04-30 13:44:00+05:30,427.5,427.5,426.8,427.05,38091,ITC
2025-04-30 13:45:00+05:30,427.0,427.1,426.8,426.9,17038,ITC
2025-04-30 13:46:00+05:30,426.9,427.05,426.8,427.0,10279,ITC
2025-04-30 13:47:00+05:30,427.0,427.2,426.95,427.15,10022,ITC
2025-04-30 13:48:00+05:30,427.15,427.25,427.05,427.15,7465,ITC
2025-04-30 13:49:00+05:30,427.2,427.25,427.05,427.1,9528,ITC
2025-04-30 13:50:00+05:30,427.1,427.25,427.05,427.15,11536,ITC
2025-04-30 13:51:00+05:30,427.15,427.25,427.05,427.15,16429,ITC
2025-04-30 13:52:00+05:30,427.15,427.3,427.1,427.25,9209,ITC
2025-04-30 13:53:00+05:30,427.25,427.25,427.1,427.25,8844,ITC
2025-04-30 13:54:00+05:30,427.25,427.25,426.8,426.8,29448,ITC
2025-04-30 13:55:00+05:30,426.95,426.95,426.7,426.75,12492,ITC
2025-04-30 13:56:00+05:30,426.95,426.95,426.75,426.85,9831,ITC
2025-04-30 13:57:00+05:30,426.85,426.95,426.6,426.95,13348,ITC
2025-04-30 13:58:00+05:30,426.95,426.95,426.75,426.75,15851,ITC
2025-04-30 13:59:00+05:30,426.95,426.95,426.7,426.75,18012,ITC
2025-04-30 14:00:00+05:30,426.85,426.95,426.75,426.8,14710,ITC
2025-04-30 14:01:00+05:30,426.85,426.95,426.8,426.95,9399,ITC
2025-04-30 14:02:00+05:30,426.95,427.05,426.9,426.95,17478,ITC
2025-04-30 14:03:00+05:30,426.9,427.05,426.9,426.95,8024,ITC
2025-04-30 14:04:00+05:30,427.05,427.1,426.95,426.95,10543,ITC
2025-04-30 14:05:00+05:30,427.0,427.1,426.9,426.95,8419,ITC
2025-04-30 14:06:00+05:30,427.1,427.25,426.95,427.25,10347,ITC
2025-04-30 14:07:00+05:30,427.25,427.3,427.1,427.25,15231,ITC
2025-04-30 14:08:00+05:30,427.25,427.25,427.05,427.05,16339,ITC
2025-04-30 14:09:00+05:30,427.1,427.3,427.05,427.25,15159,ITC
2025-04-30 14:10:00+05:30,427.1,427.3,427.05,427.2,12254,ITC
2025-04-30 14:11:00+05:30,427.15,427.3,427.1,427.2,15261,ITC
2025-04-30 14:12:00+05:30,427.2,427.45,427.15,427.4,12254,ITC
2025-04-30 14:13:00+05:30,427.4,427.5,427.25,427.35,10661,ITC
2025-04-30 14:14:00+05:30,427.5,427.5,427.1,427.15,17360,ITC
2025-04-30 14:15:00+05:30,427.15,427.35,427.05,427.3,11837,ITC
2025-04-30 14:16:00+05:30,427.3,427.35,426.45,426.7,74930,ITC
2025-04-30 14:17:00+05:30,426.75,426.75,426.5,426.65,17819,ITC
2025-04-30 14:18:00+05:30,426.65,426.8,426.5,426.75,16224,ITC
2025-04-30 14:19:00+05:30,426.75,426.8,426.5,426.6,15154,ITC
2025-04-30 14:20:00+05:30,426.7,426.85,426.6,426.85,16237,ITC
2025-04-30 14:21:00+05:30,426.85,426.9,426.65,426.9,12520,ITC
2025-04-30 14:22:00+05:30,426.9,427.0,426.65,427.0,18933,ITC
2025-04-30 14:23:00+05:30,427.0,427.0,426.75,426.75,10509,ITC
2025-04-30 14:24:00+05:30,426.9,426.95,426.7,426.95,10846,ITC
2025-04-30 14:25:00+05:30,426.75,426.95,426.65,426.9,12319,ITC
2025-04-30 14:26:00+05:30,426.9,427.0,426.75,426.95,7330,ITC
2025-04-30 14:27:00+05:30,426.95,427.0,426.85,427.0,20378,ITC
2025-04-30 14:28:00+05:30,427.0,427.05,426.8,427.0,13936,ITC
2025-04-30 14:29:00+05:30,426.95,427.05,426.85,426.95,16817,ITC
2025-04-30 14:30:00+05:30,426.95,427.05,426.8,426.95,14487,ITC
2025-04-30 14:31:00+05:30,426.95,427.15,426.85,427.1,18939,ITC
2025-04-30 14:32:00+05:30,427.1,427.25,427.0,427.2,14140,ITC
2025-04-30 14:33:00+05:30,427.1,427.35,427.0,427.25,25788,ITC
2025-04-30 14:34:00+05:30,427.25,427.35,427.1,427.25,13472,ITC
2025-04-30 14:35:00+05:30,427.35,427.35,427.15,427.25,11611,ITC
2025-04-30 14:36:00+05:30,427.2,427.3,427.1,427.15,15627,ITC
2025-04-30 14:37:00+05:30,427.15,427.3,427.05,427.3,15216,ITC
2025-04-30 14:38:00+05:30,427.3,427.3,427.1,427.3,10940,ITC
2025-04-30 14:39:00+05:30,427.25,427.3,426.75,426.8,42906,ITC
2025-04-30 14:40:00+05:30,426.8,427.0,426.3,426.5,69386,ITC
2025-04-30 14:41:00+05:30,426.45,426.8,426.2,426.5,88449,ITC
2025-04-30 14:42:00+05:30,426.6,426.75,425.95,426.2,148452,ITC
2025-04-30 14:43:00+05:30,426.05,426.65,426.0,426.15,74016,ITC
2025-04-30 14:44:00+05:30,426.15,426.3,425.8,425.8,119022,ITC
2025-04-30 14:45:00+05:30,425.85,425.95,425.45,425.65,61459,ITC
2025-04-30 14:46:00+05:30,425.65,426.2,425.65,426.1,51486,ITC
2025-04-30 14:47:00+05:30,426.1,426.15,426.0,426.1,24025,ITC
2025-04-30 14:48:00+05:30,426.15,426.2,425.8,425.95,45921,ITC
2025-04-30 14:49:00+05:30,425.8,426.0,425.65,425.65,57813,ITC
2025-04-30 14:50:00+05:30,425.65,425.95,425.55,425.75,49007,ITC
2025-04-30 14:51:00+05:30,425.65,425.75,425.5,425.7,36753,ITC
2025-04-30 14:52:00+05:30,425.6,425.7,425.3,425.55,51997,ITC
2025-04-30 14:53:00+05:30,425.5,426.15,425.5,426.0,111900,ITC
2025-04-30 14:54:00+05:30,426.1,426.15,425.95,425.95,26032,ITC
2025-04-30 14:55:00+05:30,425.95,426.1,425.8,425.95,29628,ITC
2025-04-30 14:56:00+05:30,425.8,426.0,425.7,426.0,29044,ITC
2025-04-30 14:57:00+05:30,425.95,426.1,425.75,425.85,110918,ITC
2025-04-30 14:58:00+05:30,425.85,426.0,425.65,425.7,28806,ITC
2025-04-30 14:59:00+05:30,425.65,426.1,425.5,425.85,40904,ITC
2025-04-30 15:00:00+05:30,425.8,427.1,425.8,426.85,251768,ITC
2025-04-30 15:01:00+05:30,426.9,426.95,425.9,426.0,125927,ITC
2025-04-30 15:02:00+05:30,426.0,426.55,425.95,426.5,189132,ITC
2025-04-30 15:03:00+05:30,426.5,426.6,426.0,426.2,264196,ITC
2025-04-30 15:04:00+05:30,426.2,426.2,425.6,425.7,113202,ITC
2025-04-30 15:05:00+05:30,425.75,425.85,425.4,425.5,204475,ITC
2025-04-30 15:06:00+05:30,425.5,425.85,425.45,425.6,153626,ITC
2025-04-30 15:07:00+05:30,425.6,425.85,425.4,425.45,199565,ITC
2025-04-30 15:08:00+05:30,425.5,425.8,425.4,425.6,98105,ITC
2025-04-30 15:09:00+05:30,425.65,425.7,425.5,425.65,147985,ITC
2025-04-30 15:10:00+05:30,425.65,425.8,425.2,425.55,124334,ITC
2025-04-30 15:11:00+05:30,425.6,425.65,425.3,425.6,138335,ITC
2025-04-30 15:12:00+05:30,425.65,425.7,425.5,425.7,86117,ITC
2025-04-30 15:13:00+05:30,425.7,425.7,425.4,425.6,156019,ITC
2025-04-30 15:14:00+05:30,425.7,425.7,425.4,425.55,83549,ITC
2025-04-30 15:15:00+05:30,425.6,425.65,425.4,425.45,83739,ITC
2025-04-30 15:16:00+05:30,425.45,426.25,425.4,426.25,207871,ITC
2025-04-30 15:17:00+05:30,426.2,426.5,425.9,426.0,132370,ITC
2025-04-30 15:18:00+05:30,426.0,426.15,425.9,425.95,61571,ITC
2025-04-30 15:19:00+05:30,426.0,426.15,425.9,425.95,148543,ITC
2025-04-30 15:20:00+05:30,425.95,426.0,425.85,425.85,85912,ITC
2025-04-30 15:21:00+05:30,425.9,425.95,425.8,425.85,122033,ITC
2025-04-30 15:22:00+05:30,425.9,426.45,425.85,426.3,164290,ITC
2025-04-30 15:23:00+05:30,426.3,426.35,426.1,426.15,58705,ITC
2025-04-30 15:24:00+05:30,426.15,426.15,425.8,426.0,86677,ITC
2025-04-30 15:25:00+05:30,425.9,425.95,425.15,425.5,210956,ITC
2025-04-30 15:26:00+05:30,425.5,425.65,425.0,425.2,109131,ITC
2025-04-30 15:27:00+05:30,425.3,426.8,422.0,426.65,336710,ITC
2025-04-30 15:28:00+05:30,426.5,426.7,423.3,425.25,70624,ITC
2025-04-30 15:29:00+05:30,425.55,426.0,425.0,425.0,10681,ITC
2025-05-02 09:15:00+05:30,424.1,428.35,424.1,428.15,107622,ITC
2025-05-02 09:16:00+05:30,428.35,428.75,427.45,427.45,62279,ITC
2025-05-02 09:17:00+05:30,427.35,427.7,426.95,427.5,26494,ITC
2025-05-02 09:18:00+05:30,427.45,427.7,427.1,427.4,29618,ITC
2025-05-02 09:19:00+05:30,427.35,427.5,426.85,427.0,18252,ITC
2025-05-02 09:20:00+05:30,426.8,427.5,426.65,426.9,24663,ITC
2025-05-02 09:21:00+05:30,426.9,427.3,426.7,426.75,11223,ITC
2025-05-02 09:22:00+05:30,426.65,427.0,426.6,426.95,9114,ITC
2025-05-02 09:23:00+05:30,426.95,427.05,426.55,426.95,21976,ITC
2025-05-02 09:24:00+05:30,426.95,427.05,426.4,426.4,12432,ITC
2025-05-02 09:25:00+05:30,426.35,426.4,426.0,426.05,23605,ITC
2025-05-02 09:26:00+05:30,426.05,426.45,425.95,426.35,15350,ITC
2025-05-02 09:27:00+05:30,426.2,426.35,425.85,426.0,19136,ITC
2025-05-02 09:28:00+05:30,426.0,427.35,425.95,427.35,17658,ITC
2025-05-02 09:29:00+05:30,427.35,428.1,427.2,428.0,16343,ITC
2025-05-02 09:30:00+05:30,427.95,428.75,427.9,428.75,23895,ITC
2025-05-02 09:31:00+05:30,428.75,429.15,428.35,428.6,69129,ITC
2025-05-02 09:32:00+05:30,428.5,428.95,428.4,428.95,21254,ITC
2025-05-02 09:33:00+05:30,428.95,429.6,428.35,428.5,90367,ITC
2025-05-02 09:34:00+05:30,428.5,429.05,428.3,428.95,19745,ITC
2025-05-02 09:35:00+05:30,428.95,428.95,428.2,428.4,9818,ITC
2025-05-02 09:36:00+05:30,428.2,428.6,428.2,428.4,6477,ITC
2025-05-02 09:37:00+05:30,428.55,428.95,428.4,428.85,40371,ITC
2025-05-02 09:38:00+05:30,428.75,428.85,428.25,428.45,16169,ITC
2025-05-02 09:39:00+05:30,428.45,429.75,428.4,429.6,65229,ITC
2025-05-02 09:40:00+05:30,429.6,429.85,429.45,429.85,18077,ITC
2025-05-02 09:41:00+05:30,429.7,430.0,429.7,430.0,35320,ITC
2025-05-02 09:42:00+05:30,430.0,430.05,429.85,430.0,35659,ITC
2025-05-02 09:43:00+05:30,429.85,430.0,429.7,429.9,13362,ITC
2025-05-02 09:44:00+05:30,429.9,430.65,429.85,430.4,31087,ITC
2025-05-02 09:45:00+05:30,430.5,430.75,430.4,430.5,19901,ITC
2025-05-02 09:46:00+05:30,430.65,430.65,430.2,430.4,18840,ITC
2025-05-02 09:47:00+05:30,430.4,430.5,430.1,430.25,13765,ITC
2025-05-02 09:48:00+05:30,430.25,430.3,430.0,430.2,8758,ITC
2025-05-02 09:49:00+05:30,430.0,430.5,429.95,430.45,24239,ITC
2025-05-02 09:50:00+05:30,430.3,430.5,430.3,430.45,6680,ITC
2025-05-02 09:51:00+05:30,430.35,430.5,430.1,430.3,11483,ITC
2025-05-02 09:52:00+05:30,430.45,430.65,430.25,430.65,16925,ITC
2025-05-02 09:53:00+05:30,430.55,430.95,430.25,430.85,39239,ITC
2025-05-02 09:54:00+05:30,430.85,430.95,430.65,430.85,10207,ITC
2025-05-02 09:55:00+05:30,430.85,431.4,430.8,431.4,56633,ITC
2025-05-02 09:56:00+05:30,431.3,431.5,431.0,431.0,34210,ITC
2025-05-02 09:57:00+05:30,431.2,431.2,430.85,430.85,10684,ITC
2025-05-02 09:58:00+05:30,431.0,431.05,430.6,430.9,18478,ITC
2025-05-02 09:59:00+05:30,430.85,430.95,430.7,430.9,6678,ITC
2025-05-02 10:00:00+05:30,430.7,430.9,430.25,430.55,30696,ITC
2025-05-02 10:01:00+05:30,430.5,430.5,430.05,430.3,9978,ITC
2025-05-02 10:02:00+05:30,430.15,430.35,430.0,430.2,13766,ITC
2025-05-02 10:03:00+05:30,430.2,430.2,430.05,430.2,4614,ITC
2025-05-02 10:04:00+05:30,430.15,430.25,430.1,430.15,5271,ITC
2025-05-02 10:05:00+05:30,430.15,430.2,430.0,430.15,17493,ITC
2025-05-02 10:06:00+05:30,430.15,430.15,430.0,430.05,6977,ITC
2025-05-02 10:07:00+05:30,430.05,430.1,429.5,429.55,14851,ITC
2025-05-02 10:08:00+05:30,429.55,430.1,429.55,430.05,18326,ITC
2025-05-02 10:09:00+05:30,430.0,430.4,429.9,430.0,18751,ITC
2025-05-02 10:10:00+05:30,430.15,430.35,430.0,430.25,20660,ITC
2025-05-02 10:11:00+05:30,430.2,430.35,430.2,430.25,4369,ITC
2025-05-02 10:12:00+05:30,430.3,430.3,430.0,430.15,14381,ITC
2025-05-02 10:13:00+05:30,430.05,430.25,430.0,430.25,8928,ITC
2025-05-02 10:14:00+05:30,430.2,430.25,430.0,430.05,8117,ITC
2025-05-02 10:15:00+05:30,430.15,430.15,429.7,429.7,18092,ITC
2025-05-02 10:16:00+05:30,429.85,430.15,429.7,430.15,14680,ITC
2025-05-02 10:17:00+05:30,430.0,430.15,429.95,430.05,9670,ITC
2025-05-02 10:18:00+05:30,430.0,430.1,429.9,430.1,7205,ITC
2025-05-02 10:19:00+05:30,430.05,430.15,429.75,429.75,13518,ITC
2025-05-02 10:20:00+05:30,429.75,429.95,429.75,429.95,10657,ITC
2025-05-02 10:21:00+05:30,429.9,430.0,429.65,429.8,10313,ITC
2025-05-02 10:22:00+05:30,429.8,430.0,429.75,430.0,13043,ITC
2025-05-02 10:23:00+05:30,429.9,430.0,429.65,429.8,10268,ITC
2025-05-02 10:24:00+05:30,429.75,429.8,429.45,429.7,11710,ITC
2025-05-02 10:25:00+05:30,429.6,430.1,429.5,430.05,21024,ITC
2025-05-02 10:26:00+05:30,429.95,430.2,429.85,430.05,10090,ITC
2025-05-02 10:27:00+05:30,430.05,430.2,429.4,429.9,30125,ITC
2025-05-02 10:28:00+05:30,429.75,430.15,429.75,430.15,19165,ITC
2025-05-02 10:29:00+05:30,430.05,430.15,429.95,430.05,12713,ITC
2025-05-02 10:30:00+05:30,430.0,430.1,429.6,429.85,23255,ITC
2025-05-02 10:31:00+05:30,429.85,429.9,429.3,429.7,21731,ITC
2025-05-02 10:32:00+05:30,429.7,429.85,429.35,429.6,23298,ITC
2025-05-02 10:33:00+05:30,429.6,429.65,429.3,429.55,17925,ITC
2025-05-02 10:34:00+05:30,429.3,429.45,429.05,429.35,16922,ITC
2025-05-02 10:35:00+05:30,429.35,429.7,429.15,429.55,19713,ITC
2025-05-02 10:36:00+05:30,429.55,429.55,429.1,429.4,18641,ITC
2025-05-02 10:37:00+05:30,429.4,429.8,429.25,429.7,19673,ITC
2025-05-02 10:38:00+05:30,429.8,430.05,429.7,430.0,15329,ITC
2025-05-02 10:39:00+05:30,430.0,430.5,429.9,430.35,20129,ITC
2025-05-02 10:40:00+05:30,430.35,430.35,430.15,430.35,9575,ITC
2025-05-02 10:41:00+05:30,430.25,430.45,430.25,430.3,13099,ITC
2025-05-02 10:42:00+05:30,430.3,430.5,430.25,430.3,12800,ITC
2025-05-02 10:43:00+05:30,430.3,430.5,430.25,430.5,9470,ITC
2025-05-02 10:44:00+05:30,430.5,430.5,430.25,430.4,10195,ITC
2025-05-02 10:45:00+05:30,430.4,430.45,430.2,430.45,5713,ITC
2025-05-02 10:46:00+05:30,430.45,430.45,430.25,430.25,8328,ITC
2025-05-02 10:47:00+05:30,430.25,430.4,430.2,430.3,6006,ITC
2025-05-02 10:48:00+05:30,430.3,430.3,430.05,430.2,9497,ITC
2025-05-02 10:49:00+05:30,430.15,430.2,430.0,430.2,7718,ITC
2025-05-02 10:50:00+05:30,430.1,430.25,430.0,430.1,11441,ITC
2025-05-02 10:51:00+05:30,430.1,430.3,430.0,430.05,17523,ITC
2025-05-02 10:52:00+05:30,430.25,430.25,430.0,430.05,11081,ITC
2025-05-02 10:53:00+05:30,430.05,430.1,429.5,429.8,18625,ITC
2025-05-02 10:54:00+05:30,429.65,429.85,429.3,429.5,20691,ITC
2025-05-02 10:55:00+05:30,429.5,429.6,429.35,429.5,34059,ITC
2025-05-02 10:56:00+05:30,429.5,429.55,429.35,429.45,17339,ITC
2025-05-02 10:57:00+05:30,429.45,430.1,429.4,430.1,19966,ITC
2025-05-02 10:58:00+05:30,430.1,430.15,429.9,430.05,12089,ITC
2025-05-02 10:59:00+05:30,430.0,430.05,429.45,429.6,21035,ITC
2025-05-02 11:00:00+05:30,429.6,429.75,429.4,429.75,12773,ITC
2025-05-02 11:01:00+05:30,429.75,429.95,429.65,429.85,12877,ITC
2025-05-02 11:02:00+05:30,429.7,430.0,429.7,430.0,14248,ITC
2025-05-02 11:03:00+05:30,429.9,430.0,429.55,429.55,16163,ITC
2025-05-02 11:04:00+05:30,429.6,429.85,429.5,429.6,14091,ITC
2025-05-02 11:05:00+05:30,429.55,429.8,429.5,429.75,15571,ITC
2025-05-02 11:06:00+05:30,429.75,430.0,429.6,430.0,13487,ITC
2025-05-02 11:07:00+05:30,430.0,430.0,429.8,429.95,15275,ITC
2025-05-02 11:08:00+05:30,429.9,429.95,429.7,429.9,18321,ITC
2025-05-02 11:09:00+05:30,429.9,430.0,429.6,429.95,18617,ITC
2025-05-02 11:10:00+05:30,430.0,430.0,429.7,429.8,26083,ITC
2025-05-02 11:11:00+05:30,429.75,429.85,429.55,429.7,25199,ITC
2025-05-02 11:12:00+05:30,429.55,429.75,429.05,429.15,23997,ITC
2025-05-02 11:13:00+05:30,429.15,429.6,428.95,429.6,42872,ITC
2025-05-02 11:14:00+05:30,429.5,429.7,429.05,429.3,16748,ITC
2025-05-02 11:15:00+05:30,429.3,429.3,428.95,429.25,17585,ITC
2025-05-02 11:16:00+05:30,429.25,429.35,429.0,429.35,23848,ITC
2025-05-02 11:17:00+05:30,429.15,429.45,429.1,429.2,17407,ITC
2025-05-02 11:18:00+05:30,429.2,429.2,428.8,428.95,15423,ITC
2025-05-02 11:19:00+05:30,429.0,429.0,428.65,428.7,21044,ITC
2025-05-02 11:20:00+05:30,428.8,428.95,428.6,428.75,14634,ITC
2025-05-02 11:21:00+05:30,428.8,428.9,428.4,428.65,31326,ITC
2025-05-02 11:22:00+05:30,428.65,428.7,428.4,428.5,20025,ITC
2025-05-02 11:23:00+05:30,428.5,428.7,428.05,428.4,35142,ITC
2025-05-02 11:24:00+05:30,428.4,428.75,428.1,428.4,60754,ITC
2025-05-02 11:25:00+05:30,428.15,428.5,428.1,428.45,30956,ITC
2025-05-02 11:26:00+05:30,428.25,428.55,428.15,428.55,34972,ITC
2025-05-02 11:27:00+05:30,428.55,428.7,428.25,428.35,39768,ITC
2025-05-02 11:28:00+05:30,428.5,428.7,428.25,428.45,36804,ITC
2025-05-02 11:29:00+05:30,428.45,428.75,428.4,428.5,36466,ITC
2025-05-02 11:30:00+05:30,428.65,428.7,428.0,428.15,50347,ITC
2025-05-02 11:31:00+05:30,428.15,428.15,427.4,427.6,35309,ITC
2025-05-02 11:32:00+05:30,427.6,427.65,427.3,427.45,62183,ITC
2025-05-02 11:33:00+05:30,427.6,427.65,427.4,427.4,10557,ITC
2025-05-02 11:34:00+05:30,427.5,427.5,427.1,427.35,20913,ITC
2025-05-02 11:35:00+05:30,427.35,427.45,427.3,427.3,10062,ITC
2025-05-02 11:36:00+05:30,427.3,427.35,427.05,427.25,19988,ITC
2025-05-02 11:37:00+05:30,427.25,427.35,427.0,427.15,10661,ITC
2025-05-02 11:38:00+05:30,427.1,427.3,426.95,427.2,14383,ITC
2025-05-02 11:39:00+05:30,427.2,427.2,426.75,426.85,12754,ITC
2025-05-02 11:40:00+05:30,427.05,427.1,426.6,426.85,15291,ITC
2025-05-02 11:41:00+05:30,426.65,427.05,426.55,427.0,19438,ITC
2025-05-02 11:42:00+05:30,427.0,427.2,426.9,426.9,14072,ITC
2025-05-02 11:43:00+05:30,426.95,426.95,426.6,426.7,13450,ITC
2025-05-02 11:44:00+05:30,426.75,426.8,426.6,426.65,9891,ITC
2025-05-02 11:45:00+05:30,426.65,426.7,426.55,426.6,7435,ITC
2025-05-02 11:46:00+05:30,426.7,426.95,426.6,426.7,20709,ITC
2025-05-02 11:47:00+05:30,426.7,427.0,426.6,426.8,12768,ITC
2025-05-02 11:48:00+05:30,426.8,426.9,426.75,426.9,8425,ITC
2025-05-02 11:49:00+05:30,426.9,426.9,426.7,426.85,11042,ITC
2025-05-02 11:50:00+05:30,426.8,426.9,426.7,426.85,10957,ITC
2025-05-02 11:51:00+05:30,426.8,426.85,426.7,426.85,7349,ITC
2025-05-02 11:52:00+05:30,426.85,426.85,426.7,426.85,8910,ITC
2025-05-02 11:53:00+05:30,426.85,426.85,426.6,426.75,14175,ITC
2025-05-02 11:54:00+05:30,426.75,426.8,426.45,426.6,14822,ITC
2025-05-02 11:55:00+05:30,426.6,426.8,426.6,426.75,17673,ITC
2025-05-02 11:56:00+05:30,426.7,426.9,426.7,426.9,12088,ITC
2025-05-02 11:57:00+05:30,426.75,426.95,426.75,426.95,10717,ITC
2025-05-02 11:58:00+05:30,426.85,427.15,426.8,426.95,24316,ITC
2025-05-02 11:59:00+05:30,426.95,427.0,426.7,426.7,13347,ITC
2025-05-02 12:00:00+05:30,426.8,426.8,426.45,426.6,14829,ITC
2025-05-02 12:01:00+05:30,426.8,426.8,426.35,426.5,15759,ITC
2025-05-02 12:02:00+05:30,426.55,426.6,426.35,426.35,11002,ITC
2025-05-02 12:03:00+05:30,426.45,426.55,426.35,426.5,7985,ITC
2025-05-02 12:04:00+05:30,426.5,426.75,426.4,426.4,15465,ITC
2025-05-02 12:05:00+05:30,426.5,426.55,426.15,426.35,10392,ITC
2025-05-02 12:06:00+05:30,426.3,426.35,425.85,426.05,21172,ITC
2025-05-02 12:07:00+05:30,426.05,426.25,426.0,426.2,9960,ITC
2025-05-02 12:08:00+05:30,426.15,426.2,426.05,426.1,10450,ITC
2025-05-02 12:09:00+05:30,426.05,426.15,426.05,426.1,7632,ITC
2025-05-02 12:10:00+05:30,426.1,426.15,425.95,426.0,11430,ITC
2025-05-02 12:11:00+05:30,426.0,426.2,426.0,426.1,8680,ITC
2025-05-02 12:12:00+05:30,426.05,426.1,425.65,425.75,39293,ITC
2025-05-02 12:13:00+05:30,425.75,425.8,425.6,425.6,9143,ITC
2025-05-02 12:14:00+05:30,425.6,425.85,425.5,425.5,16296,ITC
2025-05-02 12:15:00+05:30,425.5,425.7,425.5,425.6,9152,ITC
2025-05-02 12:16:00+05:30,425.55,425.6,425.25,425.25,13638,ITC
2025-05-02 12:17:00+05:30,425.25,425.5,425.15,425.3,15142,ITC
2025-05-02 12:18:00+05:30,425.3,425.5,425.25,425.45,21141,ITC
2025-05-02 12:19:00+05:30,425.45,425.75,425.35,425.5,10633,ITC
2025-05-02 12:20:00+05:30,425.5,425.7,425.4,425.6,17571,ITC
2025-05-02 12:21:00+05:30,425.5,425.8,425.45,425.8,9939,ITC
2025-05-02 12:22:00+05:30,425.8,425.8,425.3,425.45,22396,ITC
2025-05-02 12:23:00+05:30,425.45,425.55,425.35,425.4,14257,ITC
2025-05-02 12:24:00+05:30,425.35,425.4,425.35,425.35,7577,ITC
2025-05-02 12:25:00+05:30,425.4,425.4,425.3,425.4,9286,ITC
2025-05-02 12:26:00+05:30,425.4,425.4,425.0,425.05,20294,ITC
2025-05-02 12:27:00+05:30,425.0,425.3,425.0,425.2,11476,ITC
2025-05-02 12:28:00+05:30,425.2,425.3,424.5,424.55,46513,ITC
2025-05-02 12:29:00+05:30,424.55,424.85,424.5,424.65,24575,ITC
2025-05-02 12:30:00+05:30,424.65,424.85,424.5,424.55,12090,ITC
2025-05-02 12:31:00+05:30,424.55,424.7,424.55,424.7,7306,ITC
2025-05-02 12:32:00+05:30,424.6,425.0,424.6,424.95,10084,ITC
2025-05-02 12:33:00+05:30,424.8,425.0,424.8,424.85,12406,ITC
2025-05-02 12:34:00+05:30,424.85,425.35,424.85,425.2,33797,ITC
2025-05-02 12:35:00+05:30,425.2,426.3,425.2,426.25,283728,ITC
2025-05-02 12:36:00+05:30,426.25,426.4,426.05,426.25,77855,ITC
2025-05-02 12:37:00+05:30,426.25,426.5,426.0,426.45,53623,ITC
2025-05-02 12:38:00+05:30,426.4,426.55,425.95,426.05,45594,ITC
2025-05-02 12:39:00+05:30,426.1,427.05,425.85,425.95,701903,ITC
2025-05-02 12:40:00+05:30,425.9,426.2,425.5,425.5,40239,ITC
2025-05-02 12:41:00+05:30,425.6,426.2,425.55,426.0,367900,ITC
2025-05-02 12:42:00+05:30,426.05,426.05,425.35,425.65,252381,ITC
2025-05-02 12:43:00+05:30,425.7,426.55,425.6,426.3,52227,ITC
2025-05-02 12:44:00+05:30,426.15,426.6,426.15,426.4,13017,ITC
2025-05-02 12:45:00+05:30,426.55,426.9,426.4,426.7,10005,ITC
2025-05-02 12:46:00+05:30,426.7,427.0,426.4,427.0,43181,ITC
2025-05-02 12:47:00+05:30,426.75,427.35,426.65,427.35,77125,ITC
2025-05-02 12:48:00+05:30,427.35,427.75,426.95,427.65,98199,ITC
2025-05-02 12:49:00+05:30,427.65,427.75,427.25,427.55,68581,ITC
2025-05-02 12:50:00+05:30,427.6,427.65,427.3,427.5,21533,ITC
2025-05-02 12:51:00+05:30,427.5,427.65,427.35,427.5,15497,ITC
2025-05-02 12:52:00+05:30,427.4,427.6,427.3,427.4,24821,ITC
2025-05-02 12:53:00+05:30,427.35,427.6,427.1,427.15,25787,ITC
2025-05-02 12:54:00+05:30,427.25,427.5,427.2,427.3,15666,ITC
2025-05-02 12:55:00+05:30,427.3,427.5,427.3,427.3,8877,ITC
2025-05-02 12:56:00+05:30,427.45,427.5,427.3,427.45,12602,ITC
2025-05-02 12:57:00+05:30,427.45,427.65,427.45,427.65,20610,ITC
2025-05-02 12:58:00+05:30,427.45,427.65,427.25,427.55,15470,ITC
2025-05-02 12:59:00+05:30,427.45,427.65,427.2,427.5,19705,ITC
2025-05-02 13:00:00+05:30,427.45,427.7,427.35,427.55,15733,ITC
2025-05-02 13:01:00+05:30,427.45,427.6,427.15,427.3,15004,ITC
2025-05-02 13:02:00+05:30,427.15,427.3,427.05,427.25,17348,ITC
2025-05-02 13:03:00+05:30,427.2,427.25,427.05,427.05,18586,ITC
2025-05-02 13:04:00+05:30,427.05,427.45,426.6,427.35,32849,ITC
2025-05-02 13:05:00+05:30,427.35,427.4,427.3,427.4,9571,ITC
2025-05-02 13:06:00+05:30,427.4,427.75,427.4,427.65,21794,ITC
2025-05-02 13:07:00+05:30,427.65,428.0,427.6,427.95,26457,ITC
2025-05-02 13:08:00+05:30,427.95,427.95,427.75,427.95,22309,ITC
2025-05-02 13:09:00+05:30,427.9,428.0,427.75,427.9,20221,ITC
2025-05-02 13:10:00+05:30,427.8,427.9,427.65,427.65,18113,ITC
2025-05-02 13:11:00+05:30,427.7,427.95,427.6,427.6,19515,ITC
2025-05-02 13:12:00+05:30,427.8,427.85,427.6,427.8,11724,ITC
2025-05-02 13:13:00+05:30,427.8,427.85,427.6,427.6,14729,ITC
2025-05-02 13:14:00+05:30,427.65,428.0,427.6,427.85,13651,ITC
2025-05-02 13:15:00+05:30,427.75,428.3,427.65,428.3,31903,ITC
2025-05-02 13:16:00+05:30,428.3,428.5,427.85,428.35,20179,ITC
2025-05-02 13:17:00+05:30,428.35,428.45,428.05,428.05,24391,ITC
2025-05-02 13:18:00+05:30,428.2,428.4,428.05,428.15,13720,ITC
2025-05-02 13:19:00+05:30,428.3,428.6,428.15,428.4,23123,ITC
2025-05-02 13:20:00+05:30,428.35,428.6,428.15,428.35,27879,ITC
2025-05-02 13:21:00+05:30,428.35,428.6,428.25,428.6,11836,ITC
2025-05-02 13:22:00+05:30,428.6,428.6,428.3,428.5,10941,ITC
2025-05-02 13:23:00+05:30,428.6,428.85,428.4,428.8,30299,ITC
2025-05-02 13:24:00+05:30,428.7,428.85,428.55,428.75,14201,ITC
2025-05-02 13:25:00+05:30,428.7,428.85,428.55,428.85,10957,ITC
2025-05-02 13:26:00+05:30,428.85,429.0,428.65,429.0,12699,ITC
2025-05-02 13:27:00+05:30,429.0,429.35,428.65,429.35,20256,ITC
2025-05-02 13:28:00+05:30,429.3,429.3,428.9,429.0,14735,ITC
2025-05-02 13:29:00+05:30,429.2,429.25,428.95,429.2,16634,ITC
2025-05-02 13:30:00+05:30,429.2,429.6,429.0,429.55,47681,ITC
2025-05-02 13:31:00+05:30,429.55,429.75,429.35,429.55,11054,ITC
2025-05-02 13:32:00+05:30,429.7,429.85,429.55,429.75,27859,ITC
2025-05-02 13:33:00+05:30,429.8,430.1,429.55,430.1,93217,ITC
2025-05-02 13:34:00+05:30,430.1,430.2,429.6,430.15,63919,ITC
2025-05-02 13:35:00+05:30,430.15,430.25,429.95,430.05,78464,ITC
2025-05-02 13:36:00+05:30,430.05,430.6,429.95,430.4,229907,ITC
2025-05-02 13:37:00+05:30,430.15,430.4,430.0,430.2,31092,ITC
2025-05-02 13:38:00+05:30,430.2,430.25,430.05,430.1,19242,ITC
2025-05-02 13:39:00+05:30,430.15,430.25,430.0,430.15,17525,ITC
2025-05-02 13:40:00+05:30,430.15,430.15,430.0,430.1,11782,ITC
2025-05-02 13:41:00+05:30,430.0,430.45,430.0,430.15,41206,ITC
2025-05-02 13:42:00+05:30,430.2,430.4,430.15,430.2,20131,ITC
2025-05-02 13:43:00+05:30,430.2,430.3,430.0,430.05,16812,ITC
2025-05-02 13:44:00+05:30,430.05,430.2,430.0,430.2,18433,ITC
2025-05-02 13:45:00+05:30,430.05,430.4,430.05,430.35,7957,ITC
2025-05-02 13:46:00+05:30,430.35,430.5,430.35,430.5,18478,ITC
2025-05-02 13:47:00+05:30,430.45,430.8,430.4,430.55,44673,ITC
2025-05-02 13:48:00+05:30,430.55,430.8,430.35,430.6,20622,ITC
2025-05-02 13:49:00+05:30,430.45,430.6,430.2,430.35,20373,ITC
2025-05-02 13:50:00+05:30,430.25,430.45,430.1,430.45,24343,ITC
2025-05-02 13:51:00+05:30,430.45,430.65,430.3,430.5,16771,ITC
2025-05-02 13:52:00+05:30,430.5,430.5,430.25,430.25,18679,ITC
2025-05-02 13:53:00+05:30,430.25,430.5,430.1,430.45,34279,ITC
2025-05-02 13:54:00+05:30,430.4,430.5,430.3,430.4,12221,ITC
2025-05-02 13:55:00+05:30,430.4,430.7,430.35,430.55,32494,ITC
2025-05-02 13:56:00+05:30,430.65,430.65,430.45,430.6,10881,ITC
2025-05-02 13:57:00+05:30,430.6,430.65,430.4,430.45,12251,ITC
2025-05-02 13:58:00+05:30,430.4,430.45,430.0,430.3,28408,ITC
2025-05-02 13:59:00+05:30,430.3,430.3,430.2,430.3,12719,ITC
2025-05-02 14:00:00+05:30,430.3,430.45,430.2,430.3,11436,ITC
2025-05-02 14:01:00+05:30,430.3,430.45,430.25,430.4,6867,ITC
2025-05-02 14:02:00+05:30,430.4,430.75,430.2,430.75,51269,ITC
2025-05-02 14:03:00+05:30,430.75,430.95,430.6,430.9,20483,ITC
2025-05-02 14:04:00+05:30,430.95,431.25,430.9,431.0,99197,ITC
2025-05-02 14:05:00+05:30,431.0,431.15,430.85,430.9,18375,ITC
2025-05-02 14:06:00+05:30,430.9,431.0,430.55,431.0,47611,ITC
2025-05-02 14:07:00+05:30,431.0,431.0,430.75,430.95,8739,ITC
2025-05-02 14:08:00+05:30,430.9,430.9,430.4,430.6,31883,ITC
2025-05-02 14:09:00+05:30,430.5,430.6,430.4,430.45,30776,ITC
2025-05-02 14:10:00+05:30,430.45,430.55,430.05,430.25,90317,ITC
2025-05-02 14:11:00+05:30,430.3,430.55,430.1,430.55,12780,ITC
2025-05-02 14:12:00+05:30,430.5,430.5,429.75,430.15,46995,ITC
2025-05-02 14:13:00+05:30,430.15,430.15,429.7,430.0,45299,ITC
2025-05-02 14:14:00+05:30,429.95,430.35,429.7,430.3,38656,ITC
2025-05-02 14:15:00+05:30,430.2,430.4,430.15,430.15,17867,ITC
2025-05-02 14:16:00+05:30,430.2,430.4,430.15,430.2,14713,ITC
2025-05-02 14:17:00+05:30,430.3,430.35,430.15,430.2,10278,ITC
2025-05-02 14:18:00+05:30,430.15,430.3,430.0,430.15,38103,ITC
2025-05-02 14:19:00+05:30,430.05,430.1,429.85,430.0,21305,ITC
2025-05-02 14:20:00+05:30,430.0,430.15,429.95,430.05,18805,ITC
2025-05-02 14:21:00+05:30,430.0,430.2,429.7,429.9,35875,ITC
2025-05-02 14:22:00+05:30,429.8,429.9,429.5,429.7,46995,ITC
2025-05-02 14:23:00+05:30,429.7,429.75,429.4,429.6,23076,ITC
2025-05-02 14:24:00+05:30,429.6,430.0,429.4,429.75,29172,ITC
2025-05-02 14:25:00+05:30,429.8,429.8,429.4,429.55,27267,ITC
2025-05-02 14:26:00+05:30,429.5,429.6,429.2,429.55,31237,ITC
2025-05-02 14:27:00+05:30,429.5,429.75,429.45,429.7,25718,ITC
2025-05-02 14:28:00+05:30,429.7,429.7,429.3,429.35,30301,ITC
2025-05-02 14:29:00+05:30,429.35,429.4,429.05,429.15,35409,ITC
2025-05-02 14:30:00+05:30,429.15,429.25,428.6,429.0,56010,ITC
2025-05-02 14:31:00+05:30,429.0,429.0,428.85,429.0,29660,ITC
2025-05-02 14:32:00+05:30,428.85,429.6,428.85,429.5,60221,ITC
2025-05-02 14:33:00+05:30,429.4,429.5,429.05,429.25,65926,ITC
2025-05-02 14:34:00+05:30,429.05,429.25,428.9,428.9,33758,ITC
2025-05-02 14:35:00+05:30,429.0,429.0,428.5,428.7,39797,ITC
2025-05-02 14:36:00+05:30,428.7,429.15,428.6,429.1,18702,ITC
2025-05-02 14:37:00+05:30,429.1,429.35,428.95,429.1,31426,ITC
2025-05-02 14:38:00+05:30,429.1,429.75,428.95,429.6,47597,ITC
2025-05-02 14:39:00+05:30,429.55,429.8,429.4,429.6,38610,ITC
2025-05-02 14:40:00+05:30,429.5,429.85,429.45,429.7,31874,ITC
2025-05-02 14:41:00+05:30,429.7,430.0,429.6,429.9,33989,ITC
2025-05-02 14:42:00+05:30,429.8,430.0,429.75,429.9,46286,ITC
2025-05-02 14:43:00+05:30,429.8,430.2,429.8,430.15,37518,ITC
2025-05-02 14:44:00+05:30,430.05,430.2,430.0,430.2,35488,ITC
2025-05-02 14:45:00+05:30,430.05,430.3,430.05,430.2,26267,ITC
2025-05-02 14:46:00+05:30,430.15,430.35,429.8,430.1,59260,ITC
2025-05-02 14:47:00+05:30,430.1,430.35,430.05,430.1,32260,ITC
2025-05-02 14:48:00+05:30,430.15,430.35,430.1,430.15,23658,ITC
2025-05-02 14:49:00+05:30,430.1,430.35,430.1,430.25,20262,ITC
2025-05-02 14:50:00+05:30,430.1,430.5,430.0,430.4,70978,ITC
2025-05-02 14:51:00+05:30,430.45,430.5,430.35,430.4,35222,ITC
2025-05-02 14:52:00+05:30,430.35,430.6,430.35,430.6,39441,ITC
2025-05-02 14:53:00+05:30,430.6,430.7,430.35,430.45,53733,ITC
2025-05-02 14:54:00+05:30,430.35,430.5,430.25,430.45,40764,ITC
2025-05-02 14:55:00+05:30,430.35,430.6,430.35,430.55,13304,ITC
2025-05-02 14:56:00+05:30,430.5,430.8,430.5,430.7,22701,ITC
2025-05-02 14:57:00+05:30,430.75,430.9,430.65,430.65,56485,ITC
2025-05-02 14:58:00+05:30,430.7,430.8,430.55,430.7,26425,ITC
2025-05-02 14:59:00+05:30,430.7,430.85,430.55,430.75,17256,ITC
2025-05-02 15:00:00+05:30,430.6,430.95,430.6,430.85,59294,ITC
2025-05-02 15:01:00+05:30,430.8,430.95,430.6,430.9,57132,ITC
2025-05-02 15:02:00+05:30,430.9,430.95,430.5,430.7,118318,ITC
2025-05-02 15:03:00+05:30,430.65,430.85,430.5,430.6,82436,ITC
2025-05-02 15:04:00+05:30,430.5,430.5,430.1,430.15,76652,ITC
2025-05-02 15:05:00+05:30,430.05,430.3,430.05,430.3,47846,ITC
2025-05-02 15:06:00+05:30,430.1,430.45,430.1,430.25,43976,ITC
2025-05-02 15:07:00+05:30,430.35,430.65,430.25,430.35,74864,ITC
2025-05-02 15:08:00+05:30,430.4,430.4,430.2,430.3,55051,ITC
2025-05-02 15:09:00+05:30,430.3,430.55,430.3,430.4,58559,ITC
2025-05-02 15:10:00+05:30,430.45,430.55,430.3,430.35,77858,ITC
2025-05-02 15:11:00+05:30,430.35,430.6,430.35,430.4,109855,ITC
2025-05-02 15:12:00+05:30,430.45,430.45,430.3,430.3,78413,ITC
2025-05-02 15:13:00+05:30,430.3,430.5,430.3,430.35,33255,ITC
2025-05-02 15:14:00+05:30,430.35,430.6,430.35,430.5,68045,ITC
2025-05-02 15:15:00+05:30,430.5,430.65,429.85,429.9,228692,ITC
2025-05-02 15:16:00+05:30,429.9,430.15,429.85,430.1,69680,ITC
2025-05-02 15:17:00+05:30,430.1,430.25,430.0,430.1,128091,ITC
2025-05-02 15:18:00+05:30,430.1,430.25,430.05,430.1,78069,ITC
2025-05-02 15:19:00+05:30,430.1,430.25,429.85,430.2,180080,ITC
2025-05-02 15:20:00+05:30,430.15,430.3,430.15,430.15,139880,ITC
2025-05-02 15:21:00+05:30,430.25,430.4,430.15,430.4,44210,ITC
2025-05-02 15:22:00+05:30,430.3,430.45,430.15,430.25,88494,ITC
2025-05-02 15:23:00+05:30,430.3,430.6,430.25,430.3,150128,ITC
2025-05-02 15:24:00+05:30,430.3,430.45,430.0,430.0,76463,ITC
2025-05-02 15:25:00+05:30,430.0,430.25,430.0,430.0,55186,ITC
2025-05-02 15:26:00+05:30,430.05,430.2,429.35,429.35,115509,ITC
2025-05-02 15:27:00+05:30,429.4,430.1,429.1,430.0,165097,ITC
2025-05-02 15:28:00+05:30,430.0,430.05,429.05,429.5,168863,ITC
2025-05-02 15:29:00+05:30,429.3,430.0,429.0,429.3,43194,ITC
2025-05-05 09:15:00+05:30,430.25,432.7,429.35,432.35,94795,ITC
2025-05-05 09:16:00+05:30,432.65,433.45,432.25,432.25,58473,ITC
2025-05-05 09:17:00+05:30,432.25,432.95,431.7,432.35,26255,ITC
2025-05-05 09:18:00+05:30,432.35,432.45,431.55,431.75,11670,ITC
2025-05-05 09:19:00+05:30,431.8,432.0,431.5,431.85,25087,ITC
2025-05-05 09:20:00+05:30,431.95,432.45,431.9,432.3,19835,ITC
2025-05-05 09:21:00+05:30,432.3,432.3,431.4,431.55,20351,ITC
2025-05-05 09:22:00+05:30,431.5,432.3,431.4,432.1,16703,ITC
2025-05-05 09:23:00+05:30,432.0,432.25,431.75,431.9,20975,ITC
2025-05-05 09:24:00+05:30,431.8,432.25,431.6,432.25,18545,ITC
2025-05-05 09:25:00+05:30,432.25,432.9,432.1,432.6,24026,ITC
2025-05-05 09:26:00+05:30,432.4,433.4,432.4,433.2,29600,ITC
2025-05-05 09:27:00+05:30,433.3,433.6,432.9,433.1,31523,ITC
2025-05-05 09:28:00+05:30,433.1,433.4,432.5,433.4,14582,ITC
2025-05-05 09:29:00+05:30,433.4,433.8,433.3,433.3,27009,ITC
2025-05-05 09:30:00+05:30,433.3,433.8,433.2,433.75,19727,ITC
2025-05-05 09:31:00+05:30,433.6,434.35,433.55,433.65,148754,ITC
2025-05-05 09:32:00+05:30,433.65,434.0,433.35,433.35,22854,ITC
2025-05-05 09:33:00+05:30,433.4,433.8,433.15,433.45,12519,ITC
2025-05-05 09:34:00+05:30,433.7,434.0,433.0,433.2,30982,ITC
2025-05-05 09:35:00+05:30,433.05,433.25,433.0,433.2,11411,ITC
2025-05-05 09:36:00+05:30,433.1,433.2,432.6,433.0,7401,ITC
2025-05-05 09:37:00+05:30,432.85,433.6,432.8,433.3,20310,ITC
2025-05-05 09:38:00+05:30,433.5,433.6,432.85,433.0,9495,ITC
2025-05-05 09:39:00+05:30,433.0,433.2,432.8,433.0,16361,ITC
2025-05-05 09:40:00+05:30,433.2,433.2,432.8,432.8,9170,ITC
2025-05-05 09:41:00+05:30,432.8,433.1,432.75,432.9,7560,ITC
2025-05-05 09:42:00+05:30,432.9,434.0,432.75,433.8,58848,ITC
2025-05-05 09:43:00+05:30,433.85,434.3,433.8,434.25,35067,ITC
2025-05-05 09:44:00+05:30,434.2,434.45,434.05,434.4,34618,ITC
2025-05-05 09:45:00+05:30,434.4,434.8,434.25,434.75,36551,ITC
2025-05-05 09:46:00+05:30,434.75,434.95,434.25,434.75,37026,ITC
2025-05-05 09:47:00+05:30,434.95,435.25,434.65,435.1,84545,ITC
2025-05-05 09:48:00+05:30,435.1,435.15,434.25,434.6,25567,ITC
2025-05-05 09:49:00+05:30,434.6,434.65,434.25,434.5,11884,ITC
2025-05-05 09:50:00+05:30,434.35,434.5,433.85,434.05,21536,ITC
2025-05-05 09:51:00+05:30,433.9,434.35,433.65,434.35,21946,ITC
2025-05-05 09:52:00+05:30,434.25,434.6,434.25,434.55,6634,ITC
2025-05-05 09:53:00+05:30,434.55,434.65,434.2,434.65,11568,ITC
2025-05-05 09:54:00+05:30,434.65,434.9,434.45,434.65,16075,ITC
2025-05-05 09:55:00+05:30,434.85,434.9,434.7,434.85,5701,ITC
2025-05-05 09:56:00+05:30,434.7,434.9,434.5,434.9,18542,ITC
2025-05-05 09:57:00+05:30,434.9,435.25,434.9,435.1,44987,ITC
2025-05-05 09:58:00+05:30,435.05,435.2,434.9,435.1,20873,ITC
2025-05-05 09:59:00+05:30,435.2,435.25,434.95,435.2,22583,ITC
2025-05-05 10:00:00+05:30,435.25,435.35,434.95,435.0,13977,ITC
2025-05-05 10:01:00+05:30,435.2,435.2,434.85,435.0,14174,ITC
2025-05-05 10:02:00+05:30,434.9,435.0,434.7,434.7,6367,ITC
2025-05-05 10:03:00+05:30,434.7,434.8,434.25,434.45,5114,ITC
2025-05-05 10:04:00+05:30,434.3,434.45,434.1,434.25,10418,ITC
2025-05-05 10:05:00+05:30,434.25,434.4,434.1,434.3,13267,ITC
2025-05-05 10:06:00+05:30,434.25,434.45,434.0,434.45,10727,ITC
2025-05-05 10:07:00+05:30,434.3,434.6,434.05,434.6,22068,ITC
2025-05-05 10:08:00+05:30,434.6,434.6,434.1,434.25,3822,ITC
2025-05-05 10:09:00+05:30,434.15,434.35,433.75,433.9,8423,ITC
2025-05-05 10:10:00+05:30,433.9,433.95,433.45,433.95,11921,ITC
2025-05-05 10:11:00+05:30,433.9,434.0,433.55,433.9,6309,ITC
2025-05-05 10:12:00+05:30,433.9,433.9,433.8,433.8,5788,ITC
2025-05-05 10:13:00+05:30,433.9,434.25,433.8,434.1,17250,ITC
2025-05-05 10:14:00+05:30,434.1,434.2,433.8,434.0,3864,ITC
2025-05-05 10:15:00+05:30,434.0,434.0,433.7,433.85,5860,ITC
2025-05-05 10:16:00+05:30,433.85,434.0,433.55,433.75,13002,ITC
2025-05-05 10:17:00+05:30,433.75,434.3,433.55,434.3,16209,ITC
2025-05-05 10:18:00+05:30,434.3,434.6,434.05,434.3,8086,ITC
2025-05-05 10:19:00+05:30,434.3,434.3,433.95,434.2,13889,ITC
2025-05-05 10:20:00+05:30,434.2,434.45,434.05,434.25,11380,ITC
2025-05-05 10:21:00+05:30,434.3,434.45,434.2,434.4,7213,ITC
2025-05-05 10:22:00+05:30,434.2,434.5,434.2,434.4,3841,ITC
2025-05-05 10:23:00+05:30,434.4,434.4,434.15,434.2,1763,ITC
2025-05-05 10:24:00+05:30,434.2,434.2,434.05,434.2,4794,ITC
2025-05-05 10:25:00+05:30,434.05,434.3,433.65,433.95,18610,ITC
2025-05-05 10:26:00+05:30,433.95,433.95,433.65,433.95,4184,ITC
2025-05-05 10:27:00+05:30,433.95,434.0,433.75,434.0,4343,ITC
2025-05-05 10:28:00+05:30,434.0,434.3,433.75,434.1,25589,ITC
2025-05-05 10:29:00+05:30,434.3,434.3,433.75,433.75,9398,ITC
2025-05-05 10:30:00+05:30,433.9,434.2,433.7,434.0,14179,ITC
2025-05-05 10:31:00+05:30,434.0,434.75,433.9,434.75,38384,ITC
2025-05-05 10:32:00+05:30,434.75,434.8,434.3,434.65,20948,ITC
2025-05-05 10:33:00+05:30,434.65,434.85,434.35,434.7,12000,ITC
2025-05-05 10:34:00+05:30,434.7,434.85,434.4,434.6,11370,ITC
2025-05-05 10:35:00+05:30,434.75,434.75,434.25,434.5,12602,ITC
2025-05-05 10:36:00+05:30,434.5,435.0,434.45,434.8,15958,ITC
2025-05-05 10:37:00+05:30,434.8,434.8,434.4,434.8,5117,ITC
2025-05-05 10:38:00+05:30,434.8,434.95,434.75,434.9,4331,ITC
2025-05-05 10:39:00+05:30,434.75,434.8,434.5,434.75,4917,ITC
2025-05-05 10:40:00+05:30,434.75,434.9,434.5,434.8,5273,ITC
2025-05-05 10:41:00+05:30,434.8,434.9,434.6,434.85,11329,ITC
2025-05-05 10:42:00+05:30,434.85,434.9,434.6,434.9,13565,ITC
2025-05-05 10:43:00+05:30,434.9,435.3,434.75,435.25,81143,ITC
2025-05-05 10:44:00+05:30,435.25,435.25,435.0,435.15,2101,ITC
2025-05-05 10:45:00+05:30,435.15,435.15,435.0,435.15,25301,ITC
2025-05-05 10:46:00+05:30,435.15,435.3,435.0,435.3,8152,ITC
2025-05-05 10:47:00+05:30,435.3,435.3,435.0,435.05,92758,ITC
2025-05-05 10:48:00+05:30,435.05,435.9,435.0,435.7,99038,ITC
2025-05-05 10:49:00+05:30,435.75,436.0,435.25,435.5,96947,ITC
2025-05-05 10:50:00+05:30,435.7,435.75,435.3,435.6,7963,ITC
2025-05-05 10:51:00+05:30,435.55,436.1,435.55,436.0,32274,ITC
2025-05-05 10:52:00+05:30,436.0,436.0,435.65,435.75,7276,ITC
2025-05-05 10:53:00+05:30,435.9,436.0,435.8,435.95,10519,ITC
2025-05-05 10:54:00+05:30,436.0,436.0,435.8,435.9,4244,ITC
2025-05-05 10:55:00+05:30,435.8,435.9,435.55,435.7,5661,ITC
2025-05-05 10:56:00+05:30,435.55,435.75,435.55,435.75,16573,ITC
2025-05-05 10:57:00+05:30,435.7,435.85,435.6,435.8,4791,ITC
2025-05-05 10:58:00+05:30,435.75,435.95,435.55,435.95,15830,ITC
2025-05-05 10:59:00+05:30,435.85,436.1,435.6,436.1,17323,ITC
2025-05-05 11:00:00+05:30,436.05,436.2,435.9,436.2,17237,ITC
2025-05-05 11:01:00+05:30,436.2,436.2,435.55,435.8,10700,ITC
2025-05-05 11:02:00+05:30,435.8,436.0,435.65,435.8,8506,ITC
2025-05-05 11:03:00+05:30,435.95,436.05,435.65,435.85,8386,ITC
2025-05-05 11:04:00+05:30,435.85,436.15,435.8,436.05,23344,ITC
2025-05-05 11:05:00+05:30,435.8,436.1,435.8,436.0,3623,ITC
2025-05-05 11:06:00+05:30,435.95,436.2,435.85,436.0,99683,ITC
2025-05-05 11:07:00+05:30,436.0,436.1,435.85,436.05,14644,ITC
2025-05-05 11:08:00+05:30,436.05,436.15,436.0,436.0,7456,ITC
2025-05-05 11:09:00+05:30,436.15,436.15,436.0,436.1,3642,ITC
2025-05-05 11:10:00+05:30,436.1,436.15,436.0,436.0,13566,ITC
2025-05-05 11:11:00+05:30,436.1,436.4,436.0,436.25,44669,ITC
2025-05-05 11:12:00+05:30,436.25,436.45,436.0,436.4,23535,ITC
2025-05-05 11:13:00+05:30,436.25,436.9,436.25,436.65,34286,ITC
2025-05-05 11:14:00+05:30,436.8,436.9,436.55,436.65,10346,ITC
2025-05-05 11:15:00+05:30,436.7,437.15,436.6,437.1,83420,ITC
2025-05-05 11:16:00+05:30,437.15,437.15,436.6,436.65,34370,ITC
2025-05-05 11:17:00+05:30,436.65,436.8,436.5,436.6,5914,ITC
2025-05-05 11:18:00+05:30,436.6,436.6,436.2,436.35,13398,ITC
2025-05-05 11:19:00+05:30,436.35,436.35,436.1,436.25,4099,ITC
2025-05-05 11:20:00+05:30,436.25,436.25,436.0,436.0,11987,ITC
2025-05-05 11:21:00+05:30,436.0,436.1,436.0,436.05,6179,ITC
2025-05-05 11:22:00+05:30,436.05,436.1,436.0,436.1,13505,ITC
2025-05-05 11:23:00+05:30,436.1,436.1,436.0,436.0,10952,ITC
2025-05-05 11:24:00+05:30,436.05,436.1,436.0,436.0,4749,ITC
2025-05-05 11:25:00+05:30,436.0,436.1,435.9,436.05,15086,ITC
2025-05-05 11:26:00+05:30,436.0,436.05,435.15,435.35,54461,ITC
2025-05-05 11:27:00+05:30,435.3,435.55,435.05,435.5,24147,ITC
2025-05-05 11:28:00+05:30,435.5,435.9,435.3,435.7,7326,ITC
2025-05-05 11:29:00+05:30,435.9,436.0,435.7,435.75,43667,ITC
2025-05-05 11:30:00+05:30,435.75,436.0,435.7,436.0,92522,ITC
2025-05-05 11:31:00+05:30,436.0,436.1,435.8,436.0,10411,ITC
2025-05-05 11:32:00+05:30,436.1,436.1,435.85,435.9,15651,ITC
2025-05-05 11:33:00+05:30,435.9,436.2,435.8,436.2,6274,ITC
2025-05-05 11:34:00+05:30,436.05,436.2,435.95,436.05,4340,ITC
2025-05-05 11:35:00+05:30,436.05,436.05,435.5,435.7,7206,ITC
2025-05-05 11:36:00+05:30,435.7,435.85,435.5,435.85,4413,ITC
2025-05-05 11:37:00+05:30,435.8,435.8,435.6,435.65,5961,ITC
2025-05-05 11:38:00+05:30,435.75,435.75,435.35,435.55,11198,ITC
2025-05-05 11:39:00+05:30,435.7,435.95,435.5,435.9,13359,ITC
2025-05-05 11:40:00+05:30,435.9,436.1,435.6,435.8,17420,ITC
2025-05-05 11:41:00+05:30,435.8,435.8,435.6,435.6,7422,ITC
2025-05-05 11:42:00+05:30,435.7,435.85,435.65,435.8,12511,ITC
2025-05-05 11:43:00+05:30,435.8,435.8,435.7,435.7,1933,ITC
2025-05-05 11:44:00+05:30,435.75,435.8,435.4,435.4,41039,ITC
2025-05-05 11:45:00+05:30,435.45,435.45,435.0,435.05,7889,ITC
2025-05-05 11:46:00+05:30,435.15,435.5,435.05,435.45,17812,ITC
2025-05-05 11:47:00+05:30,435.45,435.65,435.3,435.55,9553,ITC
2025-05-05 11:48:00+05:30,435.65,435.65,435.4,435.6,11045,ITC
2025-05-05 11:49:00+05:30,435.6,435.6,435.15,435.3,1694,ITC
2025-05-05 11:50:00+05:30,435.3,435.5,435.2,435.5,8845,ITC
2025-05-05 11:51:00+05:30,435.5,435.5,435.3,435.45,5168,ITC
2025-05-05 11:52:00+05:30,435.45,435.45,434.75,435.15,28101,ITC
2025-05-05 11:53:00+05:30,435.15,435.15,435.0,435.0,11178,ITC
2025-05-05 11:54:00+05:30,435.15,435.25,434.9,435.05,9848,ITC
2025-05-05 11:55:00+05:30,435.0,435.05,434.85,435.0,9248,ITC
2025-05-05 11:56:00+05:30,435.0,435.1,434.85,435.0,10052,ITC
2025-05-05 11:57:00+05:30,435.0,435.05,434.8,435.0,8477,ITC
2025-05-05 11:58:00+05:30,435.05,435.1,435.0,435.0,30935,ITC
2025-05-05 11:59:00+05:30,435.05,435.35,435.0,435.35,15965,ITC
2025-05-05 12:00:00+05:30,435.35,435.35,435.1,435.3,2955,ITC
2025-05-05 12:01:00+05:30,435.3,435.6,435.1,435.25,10312,ITC
2025-05-05 12:02:00+05:30,435.3,435.45,435.2,435.3,2653,ITC
2025-05-05 12:03:00+05:30,435.3,435.45,435.2,435.35,6342,ITC
2025-05-05 12:04:00+05:30,435.45,435.45,435.15,435.15,3732,ITC
2025-05-05 12:05:00+05:30,435.35,435.35,435.15,435.25,8805,ITC
2025-05-05 12:06:00+05:30,435.25,435.25,435.2,435.25,2087,ITC
2025-05-05 12:07:00+05:30,435.25,435.25,435.15,435.2,1529,ITC
2025-05-05 12:08:00+05:30,435.2,435.2,435.1,435.1,11378,ITC
2025-05-05 12:09:00+05:30,435.15,435.2,435.05,435.05,1747,ITC
2025-05-05 12:10:00+05:30,435.05,435.2,435.05,435.2,2437,ITC
2025-05-05 12:11:00+05:30,435.2,435.2,435.05,435.05,6153,ITC
2025-05-05 12:12:00+05:30,435.05,435.2,435.0,435.0,5978,ITC
2025-05-05 12:13:00+05:30,435.15,435.25,435.0,435.15,9468,ITC
2025-05-05 12:14:00+05:30,435.25,435.45,435.15,435.2,5435,ITC
2025-05-05 12:15:00+05:30,435.4,435.45,435.15,435.4,2474,ITC
2025-05-05 12:16:00+05:30,435.4,435.45,435.2,435.3,5740,ITC
2025-05-05 12:17:00+05:30,435.45,435.6,435.3,435.55,8875,ITC
2025-05-05 12:18:00+05:30,435.55,435.55,435.15,435.3,6937,ITC
2025-05-05 12:19:00+05:30,435.3,435.4,434.95,435.2,96868,ITC
2025-05-05 12:20:00+05:30,435.2,435.3,435.0,435.2,18527,ITC
2025-05-05 12:21:00+05:30,435.2,435.3,435.0,435.15,55141,ITC
2025-05-05 12:22:00+05:30,435.15,435.35,435.0,435.3,15144,ITC
2025-05-05 12:23:00+05:30,435.3,435.3,435.05,435.25,4526,ITC
2025-05-05 12:24:00+05:30,435.25,435.25,435.0,435.05,15663,ITC
2025-05-05 12:25:00+05:30,435.0,435.2,434.9,435.1,37157,ITC
2025-05-05 12:26:00+05:30,435.1,435.1,435.0,435.05,19840,ITC
2025-05-05 12:27:00+05:30,435.05,435.2,435.0,435.2,113501,ITC
2025-05-05 12:28:00+05:30,435.2,435.55,435.1,435.55,18710,ITC
2025-05-05 12:29:00+05:30,435.55,435.6,435.0,435.4,55255,ITC
2025-05-05 12:30:00+05:30,435.35,435.55,435.25,435.5,4889,ITC
2025-05-05 12:31:00+05:30,435.5,435.55,435.2,435.4,4248,ITC
2025-05-05 12:32:00+05:30,435.4,435.55,435.15,435.55,10945,ITC
2025-05-05 12:33:00+05:30,435.55,436.15,435.4,436.15,68730,ITC
2025-05-05 12:34:00+05:30,436.2,436.25,436.0,436.0,13263,ITC
2025-05-05 12:35:00+05:30,436.15,436.2,436.0,436.0,7975,ITC
2025-05-05 12:36:00+05:30,436.2,436.2,436.0,436.1,7682,ITC
2025-05-05 12:37:00+05:30,436.15,436.15,435.85,436.05,37904,ITC
2025-05-05 12:38:00+05:30,436.05,436.05,436.0,436.05,18451,ITC
2025-05-05 12:39:00+05:30,436.05,436.05,436.0,436.0,22626,ITC
2025-05-05 12:40:00+05:30,436.05,438.1,436.0,438.0,990487,ITC
2025-05-05 12:41:00+05:30,438.0,438.2,437.15,437.35,334865,ITC
2025-05-05 12:42:00+05:30,437.4,437.6,437.15,437.5,29729,ITC
2025-05-05 12:43:00+05:30,437.45,437.5,437.05,437.2,21542,ITC
2025-05-05 12:44:00+05:30,437.2,437.2,436.9,436.95,18426,ITC
2025-05-05 12:45:00+05:30,436.95,437.1,436.85,437.0,7490,ITC
2025-05-05 12:46:00+05:30,436.85,437.0,436.6,437.0,11954,ITC
2025-05-05 12:47:00+05:30,437.0,437.1,436.7,436.85,10881,ITC
2025-05-05 12:48:00+05:30,436.85,437.0,436.7,436.9,4492,ITC
2025-05-05 12:49:00+05:30,436.8,436.8,436.5,436.65,8771,ITC
2025-05-05 12:50:00+05:30,436.65,436.65,436.25,436.5,9785,ITC
2025-05-05 12:51:00+05:30,436.5,436.65,436.25,436.65,8902,ITC
2025-05-05 12:52:00+05:30,436.7,436.7,436.4,436.65,6336,ITC
2025-05-05 12:53:00+05:30,436.45,436.75,436.3,436.75,7178,ITC
2025-05-05 12:54:00+05:30,436.75,436.8,436.4,436.55,31399,ITC
2025-05-05 12:55:00+05:30,436.7,436.75,436.5,436.75,4125,ITC
2025-05-05 12:56:00+05:30,436.75,436.75,436.45,436.65,7505,ITC
2025-05-05 12:57:00+05:30,436.65,436.65,436.45,436.45,4670,ITC
2025-05-05 12:58:00+05:30,436.55,436.55,436.25,436.5,12701,ITC
2025-05-05 12:59:00+05:30,436.5,436.6,436.35,436.45,11231,ITC
2025-05-05 13:00:00+05:30,436.45,436.65,436.1,436.2,8579,ITC
2025-05-05 13:01:00+05:30,436.15,436.3,436.0,436.15,11284,ITC
2025-05-05 13:02:00+05:30,436.05,436.35,436.05,436.3,12105,ITC
2025-05-05 13:03:00+05:30,436.1,436.3,436.0,436.1,32124,ITC
2025-05-05 13:04:00+05:30,436.05,436.25,436.0,436.15,26305,ITC
2025-05-05 13:05:00+05:30,436.0,436.3,436.0,436.3,10354,ITC
2025-05-05 13:06:00+05:30,436.3,436.4,436.1,436.4,6698,ITC
2025-05-05 13:07:00+05:30,436.2,436.55,436.2,436.5,11573,ITC
2025-05-05 13:08:00+05:30,436.5,436.5,436.15,436.25,4624,ITC
2025-05-05 13:09:00+05:30,436.35,436.45,436.2,436.3,6677,ITC
2025-05-05 13:10:00+05:30,436.3,436.4,436.2,436.35,9121,ITC
2025-05-05 13:11:00+05:30,436.35,436.35,436.0,436.15,44854,ITC
2025-05-05 13:12:00+05:30,436.25,436.35,436.05,436.2,9263,ITC
2025-05-05 13:13:00+05:30,436.2,436.4,436.05,436.35,7440,ITC
2025-05-05 13:14:00+05:30,436.15,436.4,436.05,436.3,37446,ITC
2025-05-05 13:15:00+05:30,436.3,436.35,436.1,436.3,10441,ITC
2025-05-05 13:16:00+05:30,436.15,436.35,436.1,436.3,6211,ITC
2025-05-05 13:17:00+05:30,436.3,436.3,436.05,436.25,6872,ITC
2025-05-05 13:18:00+05:30,436.3,436.3,436.15,436.3,4881,ITC
2025-05-05 13:19:00+05:30,436.25,436.3,436.0,436.3,41881,ITC
2025-05-05 13:20:00+05:30,436.1,436.3,436.05,436.25,7328,ITC
2025-05-05 13:21:00+05:30,436.15,436.6,436.0,436.35,37592,ITC
2025-05-05 13:22:00+05:30,436.25,436.45,436.15,436.45,7975,ITC
2025-05-05 13:23:00+05:30,436.45,436.6,436.25,436.6,18026,ITC
2025-05-05 13:24:00+05:30,436.6,436.6,436.25,436.5,5274,ITC
2025-05-05 13:25:00+05:30,436.5,436.9,436.3,436.9,11768,ITC
2025-05-05 13:26:00+05:30,436.9,436.9,436.65,436.85,6461,ITC
2025-05-05 13:27:00+05:30,436.9,436.9,436.5,436.75,4600,ITC
2025-05-05 13:28:00+05:30,436.75,436.85,436.55,436.75,7788,ITC
2025-05-05 13:29:00+05:30,436.75,436.75,436.5,436.75,4819,ITC
2025-05-05 13:30:00+05:30,436.55,436.85,436.55,436.55,11308,ITC
2025-05-05 13:31:00+05:30,436.55,437.5,436.45,436.95,158638,ITC
2025-05-05 13:32:00+05:30,436.95,436.95,436.45,436.7,13962,ITC
2025-05-05 13:33:00+05:30,436.7,436.8,436.5,436.75,7578,ITC
2025-05-05 13:34:00+05:30,436.75,436.8,436.4,436.45,15927,ITC
2025-05-05 13:35:00+05:30,436.6,436.65,436.35,436.6,8304,ITC
2025-05-05 13:36:00+05:30,436.6,436.65,436.4,436.6,5175,ITC
2025-05-05 13:37:00+05:30,436.4,436.6,436.1,436.2,8842,ITC
2025-05-05 13:38:00+05:30,436.15,436.35,436.05,436.3,6619,ITC
2025-05-05 13:39:00+05:30,436.3,436.3,436.1,436.2,5882,ITC
2025-05-05 13:40:00+05:30,436.2,436.3,436.1,436.3,5083,ITC
2025-05-05 13:41:00+05:30,436.3,436.6,436.15,436.5,8565,ITC
2025-05-05 13:42:00+05:30,436.5,436.55,436.25,436.55,8505,ITC
2025-05-05 13:43:00+05:30,436.45,436.55,436.25,436.4,4060,ITC
2025-05-05 13:44:00+05:30,436.3,436.5,436.3,436.5,2682,ITC
2025-05-05 13:45:00+05:30,436.5,436.5,436.3,436.45,3925,ITC
2025-05-05 13:46:00+05:30,436.5,436.5,436.1,436.3,6859,ITC
2025-05-05 13:47:00+05:30,436.1,436.35,436.05,436.15,9502,ITC
2025-05-05 13:48:00+05:30,436.25,436.4,436.05,436.4,12938,ITC
2025-05-05 13:49:00+05:30,436.3,436.4,436.15,436.4,6345,ITC
2025-05-05 13:50:00+05:30,436.25,436.5,436.25,436.5,4982,ITC
2025-05-05 13:51:00+05:30,436.5,436.5,436.1,436.35,11022,ITC
2025-05-05 13:52:00+05:30,436.15,436.45,436.15,436.45,4611,ITC
2025-05-05 13:53:00+05:30,436.25,436.45,436.2,436.4,8181,ITC
2025-05-05 13:54:00+05:30,436.4,436.6,436.25,436.6,8561,ITC
2025-05-05 13:55:00+05:30,436.6,436.75,436.35,436.75,6773,ITC
2025-05-05 13:56:00+05:30,436.65,436.8,436.3,436.35,27986,ITC
2025-05-05 13:57:00+05:30,436.35,436.6,436.15,436.45,38403,ITC
2025-05-05 13:58:00+05:30,436.35,436.5,436.2,436.5,10090,ITC
2025-05-05 13:59:00+05:30,436.5,436.5,436.1,436.15,6593,ITC
2025-05-05 14:00:00+05:30,436.35,436.4,436.15,436.35,5984,ITC
2025-05-05 14:01:00+05:30,436.35,436.4,436.15,436.3,5588,ITC
2025-05-05 14:02:00+05:30,436.2,436.3,436.15,436.25,10192,ITC
2025-05-05 14:03:00+05:30,436.25,436.4,436.1,436.35,17656,ITC
2025-05-05 14:04:00+05:30,436.3,436.45,436.1,436.25,7202,ITC
2025-05-05 14:05:00+05:30,436.15,436.3,436.1,436.3,6565,ITC
2025-05-05 14:06:00+05:30,436.3,436.45,436.1,436.25,19230,ITC
2025-05-05 14:07:00+05:30,436.2,437.25,436.1,436.3,414399,ITC
2025-05-05 14:08:00+05:30,436.4,436.8,436.3,436.65,67146,ITC
2025-05-05 14:09:00+05:30,436.65,437.0,436.5,436.8,51553,ITC
2025-05-05 14:10:00+05:30,436.75,436.9,436.6,436.8,80996,ITC
2025-05-05 14:11:00+05:30,436.6,436.8,436.45,436.65,13398,ITC
2025-05-05 14:12:00+05:30,436.65,436.65,436.3,436.6,49666,ITC
2025-05-05 14:13:00+05:30,436.5,436.6,436.25,436.35,9903,ITC
2025-05-05 14:14:00+05:30,436.35,436.6,436.15,436.55,39389,ITC
2025-05-05 14:15:00+05:30,436.55,436.55,436.15,436.4,10560,ITC
2025-05-05 14:16:00+05:30,436.25,436.4,436.05,436.25,14305,ITC
2025-05-05 14:17:00+05:30,436.2,436.3,436.0,436.25,22529,ITC
2025-05-05 14:18:00+05:30,436.25,436.35,436.0,436.15,18668,ITC
2025-05-05 14:19:00+05:30,436.05,436.2,436.0,436.1,78188,ITC
2025-05-05 14:20:00+05:30,436.1,436.2,435.8,435.9,53346,ITC
2025-05-05 14:21:00+05:30,435.9,436.3,435.8,436.2,32001,ITC
2025-05-05 14:22:00+05:30,436.2,436.3,435.85,435.95,11215,ITC
2025-05-05 14:23:00+05:30,435.9,436.35,435.85,436.2,57438,ITC
2025-05-05 14:24:00+05:30,436.2,436.2,436.0,436.0,18510,ITC
2025-05-05 14:25:00+05:30,436.1,436.3,435.95,436.2,80564,ITC
2025-05-05 14:26:00+05:30,436.1,436.35,436.05,436.35,22252,ITC
2025-05-05 14:27:00+05:30,436.2,436.35,436.05,436.3,12691,ITC
2025-05-05 14:28:00+05:30,436.3,436.65,436.1,436.4,49197,ITC
2025-05-05 14:29:00+05:30,436.4,436.45,436.05,436.3,14025,ITC
2025-05-05 14:30:00+05:30,436.15,436.5,436.1,436.4,20681,ITC
2025-05-05 14:31:00+05:30,436.45,436.45,436.15,436.15,16015,ITC
2025-05-05 14:32:00+05:30,436.3,436.5,436.15,436.3,14525,ITC
2025-05-05 14:33:00+05:30,436.3,436.8,436.1,436.55,236109,ITC
2025-05-05 14:34:00+05:30,436.55,436.75,436.3,436.45,19828,ITC
2025-05-05 14:35:00+05:30,436.45,436.55,436.2,436.35,20654,ITC
2025-05-05 14:36:00+05:30,436.35,436.35,436.2,436.2,8231,ITC
2025-05-05 14:37:00+05:30,436.2,436.25,436.05,436.2,43863,ITC
2025-05-05 14:38:00+05:30,436.2,436.2,436.0,436.05,27410,ITC
2025-05-05 14:39:00+05:30,436.05,436.05,435.9,436.0,31148,ITC
2025-05-05 14:40:00+05:30,435.95,436.25,435.85,436.1,58690,ITC
2025-05-05 14:41:00+05:30,436.2,436.2,435.95,436.1,26327,ITC
2025-05-05 14:42:00+05:30,436.1,436.2,435.95,436.15,23249,ITC
2025-05-05 14:43:00+05:30,436.15,436.2,436.0,436.1,19196,ITC
2025-05-05 14:44:00+05:30,436.1,436.5,436.05,436.45,30963,ITC
2025-05-05 14:45:00+05:30,436.5,436.65,436.25,436.5,40687,ITC
2025-05-05 14:46:00+05:30,436.5,436.6,436.35,436.55,22750,ITC
2025-05-05 14:47:00+05:30,436.55,436.65,436.4,436.5,20790,ITC
2025-05-05 14:48:00+05:30,436.5,436.85,436.45,436.7,36430,ITC
2025-05-05 14:49:00+05:30,436.6,437.2,436.6,437.05,94127,ITC
2025-05-05 14:50:00+05:30,437.05,437.3,437.0,437.2,42295,ITC
2025-05-05 14:51:00+05:30,437.15,437.65,437.15,437.35,57625,ITC
2025-05-05 14:52:00+05:30,437.3,437.6,437.1,437.25,68387,ITC
2025-05-05 14:53:00+05:30,437.25,437.55,437.1,437.35,60698,ITC
2025-05-05 14:54:00+05:30,437.25,437.45,437.2,437.35,35750,ITC
2025-05-05 14:55:00+05:30,437.35,437.55,437.2,437.4,50022,ITC
2025-05-05 14:56:00+05:30,437.4,437.55,437.15,437.35,52053,ITC
2025-05-05 14:57:00+05:30,437.35,437.5,437.05,437.2,77985,ITC
2025-05-05 14:58:00+05:30,437.2,437.25,436.85,437.05,40261,ITC
2025-05-05 14:59:00+05:30,437.15,437.25,437.05,437.15,59659,ITC
2025-05-05 15:00:00+05:30,437.05,437.45,436.95,437.05,73523,ITC
2025-05-05 15:01:00+05:30,437.1,437.4,436.95,437.15,34420,ITC
2025-05-05 15:02:00+05:30,437.2,437.5,437.0,437.15,83742,ITC
2025-05-05 15:03:00+05:30,437.15,437.35,436.7,436.7,78193,ITC
2025-05-05 15:04:00+05:30,436.8,436.8,436.5,436.65,62235,ITC
2025-05-05 15:05:00+05:30,436.65,436.95,436.3,436.75,94325,ITC
2025-05-05 15:06:00+05:30,436.75,436.8,436.2,436.45,75851,ITC
2025-05-05 15:07:00+05:30,436.45,436.55,436.25,436.4,69569,ITC
2025-05-05 15:08:00+05:30,436.4,436.7,436.3,436.5,69607,ITC
2025-05-05 15:09:00+05:30,436.5,436.7,436.15,436.5,72780,ITC
2025-05-05 15:10:00+05:30,436.5,436.85,436.4,436.55,72942,ITC
2025-05-05 15:11:00+05:30,436.55,436.95,436.35,436.6,102189,ITC
2025-05-05 15:12:00+05:30,436.55,436.95,436.45,436.6,102445,ITC
2025-05-05 15:13:00+05:30,436.7,437.0,436.5,436.65,84435,ITC
2025-05-05 15:14:00+05:30,436.65,437.0,436.35,436.5,76403,ITC
2025-05-05 15:15:00+05:30,436.5,437.0,436.45,436.9,61684,ITC
2025-05-05 15:16:00+05:30,436.9,437.15,436.55,436.8,78366,ITC
2025-05-05 15:17:00+05:30,436.8,437.25,436.65,436.8,64198,ITC
2025-05-05 15:18:00+05:30,436.85,437.0,436.75,436.95,75710,ITC
2025-05-05 15:19:00+05:30,436.95,437.0,436.55,436.8,89016,ITC
2025-05-05 15:20:00+05:30,436.75,437.0,436.65,436.9,78124,ITC
2025-05-05 15:21:00+05:30,436.9,437.45,436.85,437.35,184384,ITC
2025-05-05 15:22:00+05:30,437.35,437.7,437.3,437.4,97791,ITC
2025-05-05 15:23:00+05:30,437.4,437.6,437.25,437.35,96430,ITC
2025-05-05 15:24:00+05:30,437.4,437.8,437.25,437.4,90585,ITC
2025-05-05 15:25:00+05:30,437.65,438.0,437.35,437.7,92424,ITC
2025-05-05 15:26:00+05:30,437.95,438.1,437.8,437.9,60025,ITC
2025-05-05 15:27:00+05:30,438.1,438.5,437.95,438.15,57702,ITC
2025-05-05 15:28:00+05:30,438.1,438.45,438.0,438.0,25576,ITC
2025-05-05 15:29:00+05:30,438.0,438.25,437.2,437.5,23329,ITC
2025-05-06 09:15:00+05:30,437.5,439.65,435.85,436.3,158053,ITC
2025-05-06 09:16:00+05:30,436.3,437.15,436.2,437.15,46407,ITC
2025-05-06 09:17:00+05:30,436.95,437.1,436.45,436.75,9819,ITC
2025-05-06 09:18:00+05:30,436.5,437.7,436.5,437.5,39779,ITC
2025-05-06 09:19:00+05:30,437.5,437.7,436.75,436.8,28409,ITC
2025-05-06 09:20:00+05:30,436.85,437.45,436.6,437.35,36659,ITC
2025-05-06 09:21:00+05:30,437.35,437.85,437.1,437.65,20595,ITC
2025-05-06 09:22:00+05:30,437.65,437.8,437.3,437.5,27605,ITC
2025-05-06 09:23:00+05:30,437.55,437.95,437.35,437.9,20801,ITC
2025-05-06 09:24:00+05:30,437.7,438.0,437.65,437.7,19448,ITC
2025-05-06 09:25:00+05:30,437.65,437.7,437.55,437.7,10130,ITC
2025-05-06 09:26:00+05:30,437.55,437.7,436.7,437.0,41973,ITC
2025-05-06 09:27:00+05:30,437.0,437.55,436.85,437.15,47478,ITC
2025-05-06 09:28:00+05:30,437.3,437.45,436.75,437.3,14300,ITC
2025-05-06 09:29:00+05:30,437.4,437.4,437.05,437.15,19353,ITC
2025-05-06 09:30:00+05:30,437.25,438.0,437.05,437.95,66928,ITC
2025-05-06 09:31:00+05:30,437.95,438.4,437.75,438.05,41215,ITC
2025-05-06 09:32:00+05:30,438.0,438.25,437.85,437.85,10661,ITC
2025-05-06 09:33:00+05:30,438.0,438.25,437.8,438.25,20694,ITC
2025-05-06 09:34:00+05:30,438.25,438.25,437.5,437.65,13693,ITC
2025-05-06 09:35:00+05:30,437.65,437.75,437.45,437.45,10579,ITC
2025-05-06 09:36:00+05:30,437.65,437.7,437.15,437.45,22185,ITC
2025-05-06 09:37:00+05:30,437.45,437.6,437.05,437.5,11367,ITC
2025-05-06 09:38:00+05:30,437.5,437.6,437.35,437.55,9454,ITC
2025-05-06 09:39:00+05:30,437.5,438.05,437.35,437.85,19855,ITC
2025-05-06 09:40:00+05:30,438.05,438.25,437.8,437.8,13136,ITC
2025-05-06 09:41:00+05:30,438.0,438.25,437.8,438.05,17834,ITC
2025-05-06 09:42:00+05:30,438.25,438.75,438.0,438.7,29983,ITC
2025-05-06 09:43:00+05:30,438.75,438.75,438.15,438.15,13481,ITC
2025-05-06 09:44:00+05:30,438.15,438.55,438.15,438.45,19528,ITC
2025-05-06 09:45:00+05:30,438.45,438.5,438.15,438.15,24133,ITC
2025-05-06 09:46:00+05:30,438.15,438.35,437.95,438.0,5870,ITC
2025-05-06 09:47:00+05:30,437.95,438.05,437.7,437.85,11398,ITC
2025-05-06 09:48:00+05:30,437.9,438.05,437.8,437.85,10872,ITC
2025-05-06 09:49:00+05:30,437.85,437.95,437.55,437.65,16118,ITC
2025-05-06 09:50:00+05:30,437.8,437.8,437.4,437.65,15455,ITC
2025-05-06 09:51:00+05:30,437.55,437.65,437.35,437.4,12026,ITC
2025-05-06 09:52:00+05:30,437.4,437.4,436.55,436.6,42124,ITC
2025-05-06 09:53:00+05:30,436.6,436.8,436.1,436.15,46544,ITC
2025-05-06 09:54:00+05:30,436.15,436.55,436.1,436.5,18061,ITC
2025-05-06 09:55:00+05:30,436.6,438.9,436.5,438.3,202037,ITC
2025-05-06 09:56:00+05:30,438.25,438.25,437.5,437.85,14862,ITC
2025-05-06 09:57:00+05:30,437.7,437.85,437.45,437.5,21005,ITC
2025-05-06 09:58:00+05:30,437.5,437.7,437.4,437.45,15497,ITC
2025-05-06 09:59:00+05:30,437.4,437.45,437.0,437.15,20186,ITC
2025-05-06 10:00:00+05:30,437.05,437.15,436.75,436.8,23970,ITC
2025-05-06 10:01:00+05:30,436.85,436.85,436.45,436.7,18868,ITC
2025-05-06 10:02:00+05:30,436.55,436.6,436.25,436.4,27392,ITC
2025-05-06 10:03:00+05:30,436.5,436.6,436.35,436.4,6726,ITC
2025-05-06 10:04:00+05:30,436.6,436.6,436.15,436.3,26435,ITC
2025-05-06 10:05:00+05:30,436.3,436.55,436.25,436.55,6704,ITC
2025-05-06 10:06:00+05:30,436.55,436.65,436.15,436.35,14568,ITC
2025-05-06 10:07:00+05:30,436.2,436.45,436.1,436.1,13086,ITC
2025-05-06 10:08:00+05:30,436.3,436.3,435.9,435.9,18649,ITC
2025-05-06 10:09:00+05:30,435.9,436.35,435.9,436.3,14744,ITC
2025-05-06 10:10:00+05:30,436.2,436.45,436.1,436.3,6292,ITC
2025-05-06 10:11:00+05:30,436.35,436.45,436.0,436.3,8158,ITC
2025-05-06 10:12:00+05:30,436.15,436.65,436.15,436.6,15062,ITC
2025-05-06 10:13:00+05:30,436.6,436.7,436.2,436.35,9428,ITC
2025-05-06 10:14:00+05:30,436.3,436.85,436.05,436.85,76916,ITC
2025-05-06 10:15:00+05:30,436.8,436.95,436.5,436.6,20738,ITC
2025-05-06 10:16:00+05:30,436.8,436.8,436.3,436.45,10385,ITC
2025-05-06 10:17:00+05:30,436.5,436.5,436.25,436.25,8134,ITC
2025-05-06 10:18:00+05:30,436.25,436.55,436.25,436.4,8498,ITC
2025-05-06 10:19:00+05:30,436.4,436.5,436.25,436.5,7602,ITC
2025-05-06 10:20:00+05:30,436.35,436.5,436.3,436.4,7541,ITC
2025-05-06 10:21:00+05:30,436.45,437.1,436.45,437.0,69536,ITC
2025-05-06 10:22:00+05:30,437.1,437.5,437.0,437.4,14746,ITC
2025-05-06 10:23:00+05:30,437.3,437.45,436.85,437.0,21615,ITC
2025-05-06 10:24:00+05:30,437.0,437.2,436.8,437.0,21886,ITC
2025-05-06 10:25:00+05:30,437.1,437.1,436.9,437.0,8483,ITC
2025-05-06 10:26:00+05:30,436.95,437.05,436.85,437.05,10839,ITC
2025-05-06 10:27:00+05:30,437.05,437.05,436.9,436.9,5851,ITC
2025-05-06 10:28:00+05:30,437.0,437.3,436.9,437.3,8767,ITC
2025-05-06 10:29:00+05:30,437.1,437.3,436.9,437.05,10494,ITC
2025-05-06 10:30:00+05:30,437.2,437.2,436.95,437.05,3386,ITC
2025-05-06 10:31:00+05:30,437.05,437.1,436.8,437.0,6787,ITC
2025-05-06 10:32:00+05:30,437.0,437.0,436.9,437.0,2774,ITC
2025-05-06 10:33:00+05:30,437.0,437.1,436.9,437.1,11500,ITC
2025-05-06 10:34:00+05:30,437.1,437.1,436.85,436.95,8323,ITC
2025-05-06 10:35:00+05:30,436.95,437.1,436.9,436.95,42712,ITC
2025-05-06 10:36:00+05:30,437.0,437.0,436.85,437.0,4017,ITC
2025-05-06 10:37:00+05:30,437.0,437.0,436.7,437.0,69057,ITC
2025-05-06 10:38:00+05:30,436.95,437.0,436.85,436.95,1772,ITC
2025-05-06 10:39:00+05:30,437.0,437.25,436.95,437.05,13032,ITC
2025-05-06 10:40:00+05:30,437.2,437.25,436.95,437.05,9589,ITC
2025-05-06 10:41:00+05:30,437.05,437.2,437.05,437.05,2885,ITC
2025-05-06 10:42:00+05:30,437.05,437.25,437.0,437.2,19112,ITC
2025-05-06 10:43:00+05:30,437.2,437.25,437.05,437.05,6332,ITC
2025-05-06 10:44:00+05:30,437.05,437.4,437.05,437.4,7663,ITC
2025-05-06 10:45:00+05:30,437.2,437.6,437.2,437.55,9698,ITC
2025-05-06 10:46:00+05:30,437.6,437.6,437.3,437.6,5159,ITC
2025-05-06 10:47:00+05:30,437.6,437.7,437.2,437.2,9440,ITC
2025-05-06 10:48:00+05:30,437.2,437.5,437.2,437.45,11838,ITC
2025-05-06 10:49:00+05:30,437.45,437.45,437.2,437.4,17995,ITC
2025-05-06 10:50:00+05:30,437.4,437.55,437.2,437.3,13949,ITC
2025-05-06 10:51:00+05:30,437.4,437.7,437.3,437.7,8761,ITC
2025-05-06 10:52:00+05:30,437.5,437.75,437.45,437.5,5504,ITC
2025-05-06 10:53:00+05:30,437.55,437.65,437.45,437.65,7826,ITC
2025-05-06 10:54:00+05:30,437.45,437.65,437.4,437.65,11916,ITC
2025-05-06 10:55:00+05:30,437.55,437.75,437.5,437.75,6368,ITC
2025-05-06 10:56:00+05:30,437.75,437.85,437.65,437.65,7645,ITC
2025-05-06 10:57:00+05:30,437.8,437.9,437.65,437.85,7424,ITC
2025-05-06 10:58:00+05:30,437.75,438.0,437.65,438.0,11093,ITC
2025-05-06 10:59:00+05:30,437.95,438.0,437.65,437.8,7356,ITC
2025-05-06 11:00:00+05:30,437.7,437.85,437.4,437.5,13656,ITC
2025-05-06 11:01:00+05:30,437.7,437.95,437.3,437.9,41624,ITC
2025-05-06 11:02:00+05:30,437.8,438.0,437.6,437.85,20617,ITC
2025-05-06 11:03:00+05:30,437.65,437.85,437.5,437.75,3906,ITC
2025-05-06 11:04:00+05:30,437.75,437.8,437.55,437.8,4863,ITC
2025-05-06 11:05:00+05:30,437.8,437.85,437.55,437.65,7527,ITC
2025-05-06 11:06:00+05:30,437.65,438.0,437.5,437.9,5829,ITC
2025-05-06 11:07:00+05:30,437.95,438.0,437.75,437.9,3974,ITC
2025-05-06 11:08:00+05:30,437.85,437.9,437.8,437.85,5269,ITC
2025-05-06 11:09:00+05:30,437.85,437.95,437.65,437.85,9314,ITC
2025-05-06 11:10:00+05:30,437.85,438.0,437.7,438.0,12489,ITC
2025-05-06 11:11:00+05:30,438.0,438.0,437.75,437.95,6684,ITC
2025-05-06 11:12:00+05:30,437.95,438.0,437.8,438.0,10195,ITC
2025-05-06 11:13:00+05:30,437.95,437.95,437.8,437.9,11064,ITC
2025-05-06 11:14:00+05:30,437.95,438.0,437.8,438.0,3932,ITC
2025-05-06 11:15:00+05:30,438.0,438.25,437.9,438.25,17239,ITC
2025-05-06 11:16:00+05:30,438.25,438.25,437.95,438.2,10730,ITC
2025-05-06 11:17:00+05:30,438.2,438.25,438.05,438.1,4451,ITC
2025-05-06 11:18:00+05:30,438.05,438.1,437.8,438.1,6503,ITC
2025-05-06 11:19:00+05:30,438.1,438.15,437.9,438.15,4515,ITC
2025-05-06 11:20:00+05:30,438.15,438.15,437.95,438.15,5143,ITC
2025-05-06 11:21:00+05:30,438.0,438.4,437.9,438.25,37397,ITC
2025-05-06 11:22:00+05:30,438.1,438.35,437.8,437.95,11287,ITC
2025-05-06 11:23:00+05:30,437.95,438.05,437.8,437.85,15441,ITC
2025-05-06 11:24:00+05:30,438.1,438.15,437.9,438.15,16391,ITC
2025-05-06 11:25:00+05:30,438.15,438.25,437.9,438.1,9510,ITC
2025-05-06 11:26:00+05:30,438.1,438.1,437.5,437.5,31564,ITC
2025-05-06 11:27:00+05:30,437.6,437.6,437.05,437.25,12596,ITC
2025-05-06 11:28:00+05:30,437.3,438.05,437.2,437.8,131003,ITC
2025-05-06 11:29:00+05:30,437.8,437.95,437.3,437.5,32772,ITC
2025-05-06 11:30:00+05:30,437.5,437.8,437.3,437.6,5591,ITC
2025-05-06 11:31:00+05:30,437.75,438.15,437.6,437.75,146644,ITC
2025-05-06 11:32:00+05:30,437.75,437.9,437.5,437.8,14665,ITC
2025-05-06 11:33:00+05:30,437.6,438.0,437.55,438.0,6021,ITC
2025-05-06 11:34:00+05:30,437.85,438.0,437.5,437.9,31910,ITC
2025-05-06 11:35:00+05:30,437.9,438.0,437.8,438.0,4808,ITC
2025-05-06 11:36:00+05:30,437.9,438.1,437.5,438.0,45132,ITC
2025-05-06 11:37:00+05:30,438.0,438.1,437.9,438.0,6968,ITC
2025-05-06 11:38:00+05:30,438.0,438.1,437.85,438.1,8057,ITC
2025-05-06 11:39:00+05:30,438.1,438.15,437.75,438.1,35826,ITC
2025-05-06 11:40:00+05:30,438.1,438.15,437.9,438.15,6521,ITC
2025-05-06 11:41:00+05:30,438.15,438.15,437.6,437.9,38095,ITC
2025-05-06 11:42:00+05:30,437.9,438.0,437.75,438.0,4070,ITC
2025-05-06 11:43:00+05:30,438.0,438.0,437.65,437.75,7778,ITC
2025-05-06 11:44:00+05:30,437.75,437.75,437.4,437.65,8020,ITC
2025-05-06 11:45:00+05:30,437.65,438.0,437.3,437.8,95061,ITC
2025-05-06 11:46:00+05:30,437.85,437.85,437.05,437.05,19946,ITC
2025-05-06 11:47:00+05:30,437.2,437.35,437.1,437.2,7860,ITC
2025-05-06 11:48:00+05:30,437.15,437.35,437.0,437.25,13399,ITC
2025-05-06 11:49:00+05:30,437.25,437.25,437.0,437.2,5059,ITC
2025-05-06 11:50:00+05:30,437.05,437.25,437.0,437.2,4852,ITC
2025-05-06 11:51:00+05:30,437.2,437.35,437.05,437.3,11152,ITC
2025-05-06 11:52:00+05:30,437.3,437.4,437.1,437.3,4018,ITC
2025-05-06 11:53:00+05:30,437.25,437.25,436.65,436.75,25371,ITC
2025-05-06 11:54:00+05:30,436.9,437.35,436.75,437.3,35963,ITC
2025-05-06 11:55:00+05:30,437.3,437.3,436.7,436.85,5053,ITC
2025-05-06 11:56:00+05:30,436.85,436.85,436.55,436.6,6728,ITC
2025-05-06 11:57:00+05:30,436.8,436.85,436.6,436.65,4276,ITC
2025-05-06 11:58:00+05:30,436.8,436.85,436.6,436.75,4057,ITC
2025-05-06 11:59:00+05:30,436.8,436.8,436.5,436.55,3035,ITC
2025-05-06 12:00:00+05:30,436.55,436.55,436.25,436.3,14317,ITC
2025-05-06 12:01:00+05:30,436.4,436.7,436.15,436.7,12131,ITC
2025-05-06 12:02:00+05:30,436.7,436.95,436.65,436.95,5741,ITC
2025-05-06 12:03:00+05:30,436.95,437.0,436.7,436.85,10355,ITC
2025-05-06 12:04:00+05:30,436.85,436.9,436.7,436.85,5588,ITC
2025-05-06 12:05:00+05:30,436.85,436.9,436.7,436.75,5737,ITC
2025-05-06 12:06:00+05:30,436.9,436.9,436.35,436.35,3870,ITC
2025-05-06 12:07:00+05:30,436.4,436.85,436.35,436.75,8656,ITC
2025-05-06 12:08:00+05:30,436.65,436.8,436.25,436.3,14527,ITC
2025-05-06 12:09:00+05:30,436.3,436.5,436.1,436.2,17617,ITC
2025-05-06 12:10:00+05:30,436.2,436.2,436.0,436.15,13033,ITC
2025-05-06 12:11:00+05:30,436.0,436.15,435.85,435.9,19618,ITC
2025-05-06 12:12:00+05:30,435.95,436.0,435.55,435.9,17201,ITC
2025-05-06 12:13:00+05:30,435.95,436.0,435.8,435.8,14448,ITC
2025-05-06 12:14:00+05:30,435.85,436.0,435.75,435.75,12689,ITC
2025-05-06 12:15:00+05:30,435.8,435.85,435.65,435.85,13529,ITC
2025-05-06 12:16:00+05:30,435.75,435.9,435.65,435.9,15305,ITC
2025-05-06 12:17:00+05:30,435.85,436.0,435.8,436.0,10277,ITC
2025-05-06 12:18:00+05:30,436.0,436.35,435.95,436.2,31085,ITC
2025-05-06 12:19:00+05:30,436.1,436.35,436.05,436.15,10579,ITC
2025-05-06 12:20:00+05:30,436.35,436.55,436.15,436.2,11690,ITC
2025-05-06 12:21:00+05:30,436.25,436.35,435.85,436.0,21371,ITC
2025-05-06 12:22:00+05:30,436.0,436.35,435.9,436.35,8359,ITC
2025-05-06 12:23:00+05:30,436.3,436.4,435.95,435.95,7786,ITC
2025-05-06 12:24:00+05:30,436.1,436.2,435.9,436.0,7011,ITC
2025-05-06 12:25:00+05:30,436.2,436.2,435.9,436.1,9741,ITC
2025-05-06 12:26:00+05:30,436.0,436.2,435.95,435.95,9290,ITC
2025-05-06 12:27:00+05:30,436.0,436.2,435.9,436.15,6166,ITC
2025-05-06 12:28:00+05:30,436.0,436.2,435.9,436.0,10716,ITC
2025-05-06 12:29:00+05:30,436.1,436.35,436.05,436.2,16990,ITC
2025-05-06 12:30:00+05:30,436.2,436.35,436.05,436.3,8090,ITC
2025-05-06 12:31:00+05:30,436.2,436.4,436.15,436.35,8774,ITC
2025-05-06 12:32:00+05:30,436.35,436.35,435.9,436.0,10087,ITC
2025-05-06 12:33:00+05:30,436.0,436.1,435.75,436.05,10046,ITC
2025-05-06 12:34:00+05:30,435.95,436.1,435.7,435.9,18533,ITC
2025-05-06 12:35:00+05:30,435.85,435.9,435.65,435.75,12382,ITC
2025-05-06 12:36:00+05:30,435.75,435.85,435.6,435.6,20277,ITC
2025-05-06 12:37:00+05:30,435.7,435.9,435.6,435.65,15542,ITC
2025-05-06 12:38:00+05:30,435.65,435.95,435.65,435.95,7642,ITC
2025-05-06 12:39:00+05:30,435.9,435.9,435.65,435.85,9049,ITC
2025-05-06 12:40:00+05:30,435.8,435.95,435.7,435.8,7413,ITC
2025-05-06 12:41:00+05:30,435.75,435.9,435.7,435.9,4524,ITC
2025-05-06 12:42:00+05:30,435.8,435.9,435.7,435.8,7145,ITC
2025-05-06 12:43:00+05:30,435.8,435.85,435.6,435.65,35166,ITC
2025-05-06 12:44:00+05:30,435.65,435.9,435.65,435.9,10993,ITC
2025-05-06 12:45:00+05:30,435.8,435.95,435.7,435.9,12420,ITC
2025-05-06 12:46:00+05:30,435.75,435.9,435.6,435.8,12020,ITC
2025-05-06 12:47:00+05:30,435.8,435.8,435.15,435.45,51386,ITC
2025-05-06 12:48:00+05:30,435.4,435.5,435.2,435.3,21851,ITC
2025-05-06 12:49:00+05:30,435.25,435.3,435.05,435.25,11290,ITC
2025-05-06 12:50:00+05:30,435.15,435.25,435.1,435.2,14869,ITC
2025-05-06 12:51:00+05:30,435.2,435.3,435.1,435.3,17067,ITC
2025-05-06 12:52:00+05:30,435.25,435.4,435.1,435.4,11039,ITC
2025-05-06 12:53:00+05:30,435.4,435.4,435.1,435.2,23771,ITC
2025-05-06 12:54:00+05:30,435.15,435.25,435.1,435.2,11761,ITC
2025-05-06 12:55:00+05:30,435.2,435.65,435.2,435.45,36388,ITC
2025-05-06 12:56:00+05:30,435.4,435.75,435.3,435.45,18533,ITC
2025-05-06 12:57:00+05:30,435.4,435.5,435.25,435.45,10684,ITC
2025-05-06 12:58:00+05:30,435.35,435.45,435.2,435.35,10343,ITC
2025-05-06 12:59:00+05:30,435.35,435.45,435.35,435.45,5764,ITC
2025-05-06 13:00:00+05:30,435.45,435.65,435.4,435.6,29332,ITC
2025-05-06 13:01:00+05:30,435.6,435.7,435.5,435.55,14327,ITC
2025-05-06 13:02:00+05:30,435.55,435.8,435.4,435.55,35153,ITC
2025-05-06 13:03:00+05:30,435.55,435.7,435.4,435.45,10110,ITC
2025-05-06 13:04:00+05:30,435.45,435.6,435.1,435.15,34584,ITC
2025-05-06 13:05:00+05:30,435.15,435.2,434.9,435.15,62410,ITC
2025-05-06 13:06:00+05:30,435.15,435.6,435.1,435.5,38008,ITC
2025-05-06 13:07:00+05:30,435.5,435.55,435.25,435.35,20975,ITC
2025-05-06 13:08:00+05:30,435.35,435.55,435.3,435.55,5816,ITC
2025-05-06 13:09:00+05:30,435.5,435.6,435.3,435.35,8474,ITC
2025-05-06 13:10:00+05:30,435.35,435.45,435.2,435.35,9759,ITC
2025-05-06 13:11:00+05:30,435.35,435.35,435.05,435.3,19100,ITC
2025-05-06 13:12:00+05:30,435.25,435.55,435.2,435.3,17238,ITC
2025-05-06 13:13:00+05:30,435.2,435.35,435.05,435.35,11532,ITC
2025-05-06 13:14:00+05:30,435.35,435.35,435.0,435.35,16999,ITC
2025-05-06 13:15:00+05:30,435.35,435.4,435.05,435.3,9391,ITC
2025-05-06 13:16:00+05:30,435.3,435.55,435.3,435.45,11870,ITC
2025-05-06 13:17:00+05:30,435.45,435.5,435.2,435.35,9371,ITC
2025-05-06 13:18:00+05:30,435.3,435.6,435.3,435.5,18840,ITC
2025-05-06 13:19:00+05:30,435.5,435.75,435.2,435.7,50042,ITC
2025-05-06 13:20:00+05:30,435.6,435.65,435.3,435.4,28312,ITC
2025-05-06 13:21:00+05:30,435.45,435.7,435.4,435.7,9134,ITC
2025-05-06 13:22:00+05:30,435.65,435.7,435.4,435.55,51138,ITC
2025-05-06 13:23:00+05:30,435.55,436.05,435.4,436.0,25608,ITC
2025-05-06 13:24:00+05:30,436.0,436.0,435.8,435.85,9425,ITC
2025-05-06 13:25:00+05:30,435.85,435.85,435.6,435.75,5473,ITC
2025-05-06 13:26:00+05:30,435.65,436.05,435.65,436.0,28391,ITC
2025-05-06 13:27:00+05:30,436.0,436.05,435.65,435.9,17608,ITC
2025-05-06 13:28:00+05:30,435.8,436.15,435.6,436.1,81085,ITC
2025-05-06 13:29:00+05:30,436.1,436.2,435.6,435.75,59473,ITC
2025-05-06 13:30:00+05:30,435.75,435.85,435.55,435.65,17709,ITC
2025-05-06 13:31:00+05:30,435.55,435.75,435.4,435.75,19546,ITC
2025-05-06 13:32:00+05:30,435.7,435.8,435.65,435.7,10272,ITC
2025-05-06 13:33:00+05:30,435.65,435.85,435.65,435.85,38881,ITC
2025-05-06 13:34:00+05:30,435.75,435.85,435.65,435.75,49530,ITC
2025-05-06 13:35:00+05:30,435.65,435.75,435.65,435.7,36856,ITC
2025-05-06 13:36:00+05:30,435.65,435.85,435.65,435.85,20235,ITC
2025-05-06 13:37:00+05:30,435.8,435.85,435.65,435.85,9789,ITC
2025-05-06 13:38:00+05:30,435.85,436.0,435.65,435.8,42035,ITC
2025-05-06 13:39:00+05:30,435.75,435.9,435.75,435.85,23274,ITC
2025-05-06 13:40:00+05:30,435.85,435.85,435.65,435.8,9440,ITC
2025-05-06 13:41:00+05:30,435.8,435.8,435.65,435.7,54926,ITC
2025-05-06 13:42:00+05:30,435.7,435.75,435.45,435.75,38397,ITC
2025-05-06 13:43:00+05:30,435.7,435.8,435.4,435.6,61519,ITC
2025-05-06 13:44:00+05:30,435.6,435.7,435.45,435.6,27566,ITC
2025-05-06 13:45:00+05:30,435.6,435.6,435.45,435.55,6070,ITC
2025-05-06 13:46:00+05:30,435.45,435.6,435.25,435.35,12670,ITC
2025-05-06 13:47:00+05:30,435.35,435.4,435.2,435.4,10515,ITC
2025-05-06 13:48:00+05:30,435.25,435.3,435.0,435.1,15508,ITC
2025-05-06 13:49:00+05:30,435.1,435.2,434.95,435.15,8426,ITC
2025-05-06 13:50:00+05:30,435.1,435.25,435.1,435.25,6262,ITC
2025-05-06 13:51:00+05:30,435.2,435.25,435.05,435.2,10344,ITC
2025-05-06 13:52:00+05:30,435.05,435.2,434.95,435.2,11781,ITC
2025-05-06 13:53:00+05:30,435.1,435.2,435.0,435.05,7529,ITC
2025-05-06 13:54:00+05:30,435.05,435.25,435.0,435.25,21567,ITC
2025-05-06 13:55:00+05:30,435.15,435.35,434.9,435.0,24203,ITC
2025-05-06 13:56:00+05:30,435.0,435.05,434.85,435.0,62106,ITC
2025-05-06 13:57:00+05:30,435.0,435.1,434.8,435.0,16742,ITC
2025-05-06 13:58:00+05:30,434.95,435.4,434.95,435.25,13927,ITC
2025-05-06 13:59:00+05:30,435.2,435.45,435.15,435.45,30646,ITC
2025-05-06 14:00:00+05:30,435.45,435.7,435.35,435.45,30768,ITC
2025-05-06 14:01:00+05:30,435.4,435.45,435.2,435.3,11591,ITC
2025-05-06 14:02:00+05:30,435.25,435.4,435.1,435.35,11517,ITC
2025-05-06 14:03:00+05:30,435.3,435.45,435.05,435.1,25861,ITC
2025-05-06 14:04:00+05:30,435.05,435.35,434.9,435.3,22615,ITC
2025-05-06 14:05:00+05:30,435.2,435.35,435.05,435.15,28286,ITC
2025-05-06 14:06:00+05:30,435.05,435.15,435.0,435.15,25602,ITC
2025-05-06 14:07:00+05:30,435.05,435.35,435.0,435.15,116211,ITC
2025-05-06 14:08:00+05:30,435.25,435.25,435.0,435.25,26405,ITC
2025-05-06 14:09:00+05:30,435.2,435.3,435.0,435.15,30839,ITC
2025-05-06 14:10:00+05:30,435.1,435.35,435.05,435.05,33212,ITC
2025-05-06 14:11:00+05:30,435.05,435.25,435.0,435.15,23773,ITC
2025-05-06 14:12:00+05:30,435.1,435.4,435.0,435.2,68284,ITC
2025-05-06 14:13:00+05:30,435.2,435.35,435.05,435.2,39110,ITC
2025-05-06 14:14:00+05:30,435.2,435.3,435.0,435.15,20615,ITC
2025-05-06 14:15:00+05:30,435.1,435.45,435.1,435.3,20758,ITC
2025-05-06 14:16:00+05:30,435.25,435.35,434.95,435.2,39003,ITC
2025-05-06 14:17:00+05:30,435.1,435.3,435.05,435.2,14381,ITC
2025-05-06 14:18:00+05:30,435.2,435.3,435.0,435.1,34501,ITC
2025-05-06 14:19:00+05:30,435.1,435.1,434.8,434.95,13971,ITC
2025-05-06 14:20:00+05:30,434.85,435.0,434.8,434.85,20675,ITC
2025-05-06 14:21:00+05:30,434.85,434.85,434.55,434.6,22108,ITC
2025-05-06 14:22:00+05:30,434.55,434.7,434.35,434.5,24267,ITC
2025-05-06 14:23:00+05:30,434.45,434.7,434.35,434.6,30065,ITC
2025-05-06 14:24:00+05:30,434.45,434.7,434.3,434.6,24556,ITC
2025-05-06 14:25:00+05:30,434.6,434.85,434.5,434.75,25617,ITC
2025-05-06 14:26:00+05:30,434.55,434.75,434.35,434.65,22354,ITC
2025-05-06 14:27:00+05:30,434.6,434.8,434.4,434.8,27629,ITC
2025-05-06 14:28:00+05:30,434.7,434.75,434.3,434.55,13881,ITC
2025-05-06 14:29:00+05:30,434.4,434.6,434.35,434.6,25504,ITC
2025-05-06 14:30:00+05:30,434.55,434.75,434.3,434.35,26934,ITC
2025-05-06 14:31:00+05:30,434.4,434.45,434.2,434.45,18031,ITC
2025-05-06 14:32:00+05:30,434.4,434.5,434.25,434.4,18728,ITC
2025-05-06 14:33:00+05:30,434.4,434.8,434.05,434.5,181266,ITC
2025-05-06 14:34:00+05:30,434.45,436.15,434.35,436.05,273650,ITC
2025-05-06 14:35:00+05:30,436.05,437.1,436.0,437.05,645893,ITC
2025-05-06 14:36:00+05:30,437.05,437.2,436.65,437.0,554884,ITC
2025-05-06 14:37:00+05:30,436.95,437.75,436.7,437.35,530019,ITC
2025-05-06 14:38:00+05:30,437.3,437.35,436.95,437.05,82819,ITC
2025-05-06 14:39:00+05:30,437.05,437.2,437.0,437.15,71433,ITC
2025-05-06 14:40:00+05:30,437.1,437.15,436.95,437.05,50407,ITC
2025-05-06 14:41:00+05:30,437.0,437.3,436.85,437.0,114297,ITC
2025-05-06 14:42:00+05:30,436.9,436.9,436.0,436.65,31121,ITC
2025-05-06 14:43:00+05:30,436.55,437.0,436.55,436.9,65730,ITC
2025-05-06 14:44:00+05:30,436.85,437.2,436.65,436.75,101771,ITC
2025-05-06 14:45:00+05:30,436.7,436.95,436.35,436.4,40779,ITC
2025-05-06 14:46:00+05:30,436.35,436.95,436.35,436.6,66279,ITC
2025-05-06 14:47:00+05:30,436.6,437.0,436.5,436.95,46016,ITC
2025-05-06 14:48:00+05:30,436.85,437.1,436.65,437.05,64745,ITC
2025-05-06 14:49:00+05:30,437.0,437.05,436.85,437.0,43629,ITC
2025-05-06 14:50:00+05:30,436.9,437.15,436.9,437.05,68234,ITC
2025-05-06 14:51:00+05:30,437.0,437.05,437.0,437.05,20661,ITC
2025-05-06 14:52:00+05:30,437.0,437.1,436.7,436.75,156776,ITC
2025-05-06 14:53:00+05:30,436.7,437.0,436.65,437.0,38810,ITC
2025-05-06 14:54:00+05:30,436.9,437.05,436.55,436.75,66846,ITC
2025-05-06 14:55:00+05:30,436.65,437.2,436.65,436.7,132893,ITC
2025-05-06 14:56:00+05:30,436.7,437.25,436.6,437.15,115155,ITC
2025-05-06 14:57:00+05:30,437.2,437.2,437.0,437.05,27622,ITC
2025-05-06 14:58:00+05:30,437.05,437.05,436.9,437.05,92679,ITC
2025-05-06 14:59:00+05:30,436.95,437.2,436.9,437.2,75196,ITC
2025-05-06 15:00:00+05:30,437.15,437.8,437.0,437.1,245138,ITC
2025-05-06 15:01:00+05:30,437.1,437.25,437.0,437.05,78418,ITC
2025-05-06 15:02:00+05:30,437.0,437.2,437.0,437.05,125298,ITC
2025-05-06 15:03:00+05:30,437.0,437.05,436.6,436.9,95316,ITC
2025-05-06 15:04:00+05:30,436.75,437.15,436.65,436.8,77795,ITC
2025-05-06 15:05:00+05:30,436.8,437.0,436.6,436.7,79956,ITC
2025-05-06 15:06:00+05:30,436.7,436.8,436.35,436.55,70013,ITC
2025-05-06 15:07:00+05:30,436.5,436.5,435.95,436.0,210514,ITC
2025-05-06 15:08:00+05:30,435.95,436.2,435.65,435.85,273873,ITC
2025-05-06 15:09:00+05:30,435.85,436.15,435.75,435.9,107492,ITC
2025-05-06 15:10:00+05:30,435.85,436.0,435.8,436.0,51219,ITC
2025-05-06 15:11:00+05:30,435.95,436.0,435.85,436.0,43739,ITC
2025-05-06 15:12:00+05:30,435.95,436.2,435.8,436.0,343994,ITC
2025-05-06 15:13:00+05:30,436.0,436.05,435.8,436.0,111492,ITC
2025-05-06 15:14:00+05:30,435.95,436.05,435.8,435.9,212112,ITC
2025-05-06 15:15:00+05:30,435.85,435.9,435.45,435.6,45994,ITC
2025-05-06 15:16:00+05:30,435.55,435.8,434.9,434.95,445046,ITC
2025-05-06 15:17:00+05:30,434.9,435.0,434.85,434.9,123455,ITC
2025-05-06 15:18:00+05:30,434.85,435.6,434.75,435.55,402363,ITC
2025-05-06 15:19:00+05:30,435.5,435.6,435.25,435.5,38812,ITC
2025-05-06 15:20:00+05:30,435.35,435.65,435.3,435.6,96674,ITC
2025-05-06 15:21:00+05:30,435.6,435.9,435.25,435.4,117482,ITC
2025-05-06 15:22:00+05:30,435.4,435.5,434.75,435.0,56444,ITC
2025-05-06 15:23:00+05:30,434.95,435.05,434.8,435.0,90026,ITC
2025-05-06 15:24:00+05:30,434.9,435.0,434.6,434.8,47776,ITC
2025-05-06 15:25:00+05:30,434.8,434.8,434.3,434.8,525496,ITC
2025-05-06 15:26:00+05:30,434.7,434.8,434.25,434.45,69011,ITC
2025-05-06 15:27:00+05:30,434.45,434.75,434.1,434.2,215998,ITC
2025-05-06 15:28:00+05:30,434.15,435.15,434.0,434.2,174660,ITC
2025-05-06 15:29:00+05:30,434.2,434.3,433.0,433.2,106612,ITC
2025-05-07 09:15:00+05:30,433.4,433.4,431.15,432.75,225651,ITC
2025-05-07 09:16:00+05:30,432.55,433.4,431.65,431.95,230774,ITC
2025-05-07 09:17:00+05:30,432.25,432.5,431.1,431.85,77717,ITC
2025-05-07 09:18:00+05:30,431.95,432.9,431.95,432.75,54082,ITC
2025-05-07 09:19:00+05:30,432.7,433.2,432.15,432.25,57439,ITC
2025-05-07 09:20:00+05:30,432.4,433.2,432.25,433.2,83539,ITC
2025-05-07 09:21:00+05:30,433.15,433.5,432.7,433.4,42319,ITC
2025-05-07 09:22:00+05:30,433.4,433.7,433.0,433.05,36593,ITC
2025-05-07 09:23:00+05:30,433.1,433.65,432.75,433.6,27198,ITC
2025-05-07 09:24:00+05:30,433.45,433.75,433.25,433.25,20646,ITC
2025-05-07 09:25:00+05:30,433.25,433.35,432.85,433.3,31010,ITC
2025-05-07 09:26:00+05:30,433.35,433.85,433.3,433.65,42640,ITC
2025-05-07 09:27:00+05:30,433.75,433.85,433.45,433.55,34746,ITC
2025-05-07 09:28:00+05:30,433.6,434.25,433.55,433.75,44876,ITC
2025-05-07 09:29:00+05:30,433.75,434.25,433.6,434.1,30875,ITC
2025-05-07 09:30:00+05:30,434.15,434.2,433.55,433.7,27870,ITC
2025-05-07 09:31:00+05:30,433.6,433.9,433.25,433.7,44033,ITC
2025-05-07 09:32:00+05:30,433.8,433.9,433.45,433.5,20281,ITC
2025-05-07 09:33:00+05:30,433.55,433.75,433.45,433.75,9539,ITC
2025-05-07 09:34:00+05:30,433.75,434.1,433.75,433.75,15321,ITC
2025-05-07 09:35:00+05:30,433.75,433.9,433.55,433.6,33455,ITC
2025-05-07 09:36:00+05:30,433.7,433.8,433.5,433.65,8980,ITC
2025-05-07 09:37:00+05:30,433.5,434.0,433.5,433.65,23208,ITC
2025-05-07 09:38:00+05:30,433.75,434.0,433.75,433.9,4678,ITC
2025-05-07 09:39:00+05:30,433.9,433.95,433.55,433.95,35805,ITC
2025-05-07 09:40:00+05:30,433.95,434.25,433.8,434.2,28662,ITC
2025-05-07 09:41:00+05:30,434.15,434.5,433.85,434.45,22730,ITC
2025-05-07 09:42:00+05:30,434.5,434.85,434.15,434.3,17712,ITC
2025-05-07 09:43:00+05:30,434.3,434.6,434.25,434.25,16436,ITC
2025-05-07 09:44:00+05:30,434.25,434.4,434.15,434.35,7120,ITC
2025-05-07 09:45:00+05:30,434.35,434.6,434.15,434.35,20368,ITC
2025-05-07 09:46:00+05:30,434.4,434.4,434.05,434.1,11569,ITC
2025-05-07 09:47:00+05:30,434.1,434.1,433.7,433.8,34046,ITC
2025-05-07 09:48:00+05:30,433.9,434.0,433.6,433.8,29154,ITC
2025-05-07 09:49:00+05:30,433.75,434.85,433.65,434.65,46604,ITC
2025-05-07 09:50:00+05:30,434.75,435.0,434.05,434.1,15554,ITC
2025-05-07 09:51:00+05:30,434.1,434.3,433.6,433.6,12045,ITC
2025-05-07 09:52:00+05:30,433.6,433.75,433.5,433.5,11693,ITC
2025-05-07 09:53:00+05:30,433.5,433.8,433.4,433.6,10665,ITC
2025-05-07 09:54:00+05:30,433.6,433.7,433.3,433.35,8818,ITC
2025-05-07 09:55:00+05:30,433.4,433.75,433.2,433.25,32265,ITC
2025-05-07 09:56:00+05:30,433.4,433.55,433.1,433.3,26209,ITC
2025-05-07 09:57:00+05:30,433.3,433.7,433.2,433.55,11747,ITC
2025-05-07 09:58:00+05:30,433.55,433.6,433.15,433.15,4289,ITC
2025-05-07 09:59:00+05:30,433.15,433.3,432.8,433.0,19706,ITC
2025-05-07 10:00:00+05:30,432.85,433.55,432.8,433.4,32906,ITC
2025-05-07 10:01:00+05:30,433.4,433.5,433.0,433.05,8269,ITC
2025-05-07 10:02:00+05:30,433.0,433.2,432.95,433.0,9798,ITC
2025-05-07 10:03:00+05:30,433.05,433.55,433.05,433.4,17451,ITC
2025-05-07 10:04:00+05:30,433.4,433.55,433.25,433.35,5710,ITC
2025-05-07 10:05:00+05:30,433.25,433.6,433.25,433.45,8822,ITC
2025-05-07 10:06:00+05:30,433.45,434.0,433.45,433.65,21692,ITC
2025-05-07 10:07:00+05:30,433.6,433.9,433.3,433.65,22091,ITC
2025-05-07 10:08:00+05:30,433.65,433.75,433.4,433.5,12424,ITC
2025-05-07 10:09:00+05:30,433.5,433.65,433.15,433.4,35363,ITC
2025-05-07 10:10:00+05:30,433.3,433.45,432.9,432.95,14538,ITC
2025-05-07 10:11:00+05:30,433.1,433.1,432.6,432.8,10719,ITC
2025-05-07 10:12:00+05:30,432.75,432.8,432.3,432.5,20282,ITC
2025-05-07 10:13:00+05:30,432.3,432.5,432.1,432.3,45502,ITC
2025-05-07 10:14:00+05:30,432.3,432.4,432.2,432.3,13061,ITC
2025-05-07 10:15:00+05:30,432.3,432.6,432.25,432.45,9430,ITC
2025-05-07 10:16:00+05:30,432.45,432.55,432.25,432.35,22778,ITC
2025-05-07 10:17:00+05:30,432.35,432.5,432.3,432.4,8912,ITC
2025-05-07 10:18:00+05:30,432.45,432.55,432.2,432.25,11063,ITC
2025-05-07 10:19:00+05:30,432.3,432.35,432.1,432.2,12640,ITC
2025-05-07 10:20:00+05:30,432.25,432.5,432.2,432.45,5870,ITC
2025-05-07 10:21:00+05:30,432.35,432.5,431.7,431.85,12223,ITC
2025-05-07 10:22:00+05:30,431.85,431.95,431.65,431.7,8062,ITC
2025-05-07 10:23:00+05:30,431.75,432.4,431.7,432.4,17197,ITC
2025-05-07 10:24:00+05:30,432.25,433.0,432.2,433.0,48594,ITC
2025-05-07 10:25:00+05:30,433.0,433.0,432.65,432.65,13731,ITC
2025-05-07 10:26:00+05:30,432.65,432.9,432.4,432.5,10383,ITC
2025-05-07 10:27:00+05:30,432.55,433.2,432.55,433.2,11178,ITC
2025-05-07 10:28:00+05:30,433.1,433.2,432.7,432.8,9069,ITC
2025-05-07 10:29:00+05:30,432.85,432.9,432.4,432.5,6747,ITC
2025-05-07 10:30:00+05:30,432.5,432.7,432.4,432.6,6868,ITC
2025-05-07 10:31:00+05:30,432.7,432.75,432.55,432.55,4701,ITC
2025-05-07 10:32:00+05:30,432.75,432.75,432.55,432.6,6136,ITC
2025-05-07 10:33:00+05:30,432.6,432.75,432.5,432.65,4192,ITC
2025-05-07 10:34:00+05:30,432.75,433.45,432.6,432.85,22984,ITC
2025-05-07 10:35:00+05:30,432.8,432.95,432.75,432.85,2213,ITC
2025-05-07 10:36:00+05:30,432.85,433.15,432.85,433.05,10920,ITC
2025-05-07 10:37:00+05:30,433.05,433.3,432.9,433.1,7668,ITC
2025-05-07 10:38:00+05:30,433.1,433.35,433.0,433.35,16423,ITC
2025-05-07 10:39:00+05:30,433.3,433.5,433.0,433.2,9970,ITC
2025-05-07 10:40:00+05:30,433.2,433.35,433.0,433.15,4545,ITC
2025-05-07 10:41:00+05:30,433.15,433.25,433.1,433.1,2713,ITC
2025-05-07 10:42:00+05:30,433.1,433.25,432.8,432.95,9518,ITC
2025-05-07 10:43:00+05:30,432.85,433.0,432.7,432.85,7481,ITC
2025-05-07 10:44:00+05:30,432.85,432.85,432.45,432.8,13232,ITC
2025-05-07 10:45:00+05:30,432.75,432.8,432.45,432.45,9363,ITC
2025-05-07 10:46:00+05:30,432.5,433.45,432.5,433.1,39476,ITC
2025-05-07 10:47:00+05:30,433.2,433.4,433.1,433.2,3136,ITC
2025-05-07 10:48:00+05:30,433.2,433.35,433.05,433.25,4771,ITC
2025-05-07 10:49:00+05:30,433.2,433.2,432.55,432.75,122040,ITC
2025-05-07 10:50:00+05:30,432.95,433.0,432.55,432.7,10078,ITC
2025-05-07 10:51:00+05:30,432.65,432.95,432.55,432.7,30744,ITC
2025-05-07 10:52:00+05:30,432.6,433.25,432.6,432.9,29362,ITC
2025-05-07 10:53:00+05:30,432.8,433.15,432.75,433.0,27080,ITC
2025-05-07 10:54:00+05:30,432.95,433.15,432.9,433.0,14582,ITC
2025-05-07 10:55:00+05:30,432.95,433.15,432.6,432.6,22250,ITC
2025-05-07 10:56:00+05:30,432.55,432.65,432.25,432.4,10280,ITC
2025-05-07 10:57:00+05:30,432.4,432.5,432.1,432.1,11842,ITC
2025-05-07 10:58:00+05:30,432.1,432.3,432.0,432.0,4066,ITC
2025-05-07 10:59:00+05:30,432.05,432.15,431.85,431.85,8546,ITC
2025-05-07 11:00:00+05:30,431.95,432.0,431.85,431.95,4561,ITC
2025-05-07 11:01:00+05:30,431.9,432.45,431.65,432.05,20170,ITC
2025-05-07 11:02:00+05:30,432.05,432.5,432.05,432.5,4731,ITC
2025-05-07 11:03:00+05:30,432.5,432.5,432.0,432.3,4958,ITC
2025-05-07 11:04:00+05:30,432.25,432.35,432.05,432.25,5431,ITC
2025-05-07 11:05:00+05:30,432.15,432.35,432.15,432.3,5302,ITC
2025-05-07 11:06:00+05:30,432.3,432.4,432.2,432.35,24245,ITC
2025-05-07 11:07:00+05:30,432.35,432.4,432.15,432.25,8972,ITC
2025-05-07 11:08:00+05:30,432.3,432.75,432.2,432.7,11803,ITC
2025-05-07 11:09:00+05:30,432.7,432.95,432.55,432.9,13186,ITC
2025-05-07 11:10:00+05:30,432.95,433.0,432.65,432.8,26105,ITC
2025-05-07 11:11:00+05:30,432.95,433.1,432.8,433.05,4179,ITC
2025-05-07 11:12:00+05:30,433.05,433.2,432.95,433.05,4026,ITC
2025-05-07 11:13:00+05:30,433.05,433.2,432.8,432.9,20822,ITC
2025-05-07 11:14:00+05:30,433.0,433.1,432.8,432.95,6781,ITC
2025-05-07 11:15:00+05:30,432.9,433.0,432.8,432.95,5824,ITC
2025-05-07 11:16:00+05:30,432.95,432.95,432.8,432.9,10317,ITC
2025-05-07 11:17:00+05:30,432.8,433.0,432.75,432.9,3456,ITC
2025-05-07 11:18:00+05:30,432.9,433.3,432.85,433.1,4854,ITC
2025-05-07 11:19:00+05:30,433.1,433.4,433.0,433.15,13329,ITC
2025-05-07 11:20:00+05:30,433.15,433.4,433.15,433.35,6022,ITC
2025-05-07 11:21:00+05:30,433.35,433.4,433.2,433.25,5505,ITC
2025-05-07 11:22:00+05:30,433.25,433.25,432.9,433.0,6694,ITC
2025-05-07 11:23:00+05:30,432.95,433.1,432.85,432.9,5052,ITC
2025-05-07 11:24:00+05:30,432.95,433.1,432.85,432.95,5551,ITC
2025-05-07 11:25:00+05:30,432.95,433.15,432.85,433.1,4422,ITC
2025-05-07 11:26:00+05:30,433.05,433.35,433.05,433.3,5991,ITC
2025-05-07 11:27:00+05:30,433.35,433.45,433.2,433.25,5173,ITC
2025-05-07 11:28:00+05:30,433.2,433.55,433.2,433.4,7407,ITC
2025-05-07 11:29:00+05:30,433.4,433.5,433.35,433.5,4097,ITC
2025-05-07 11:30:00+05:30,433.45,433.7,433.35,433.6,5987,ITC
2025-05-07 11:31:00+05:30,433.65,433.9,433.6,433.8,81150,ITC
2025-05-07 11:32:00+05:30,433.8,434.0,433.8,433.95,5391,ITC
2025-05-07 11:33:00+05:30,433.95,434.0,433.85,433.9,3621,ITC
2025-05-07 11:34:00+05:30,433.9,433.95,433.85,433.9,3571,ITC
2025-05-07 11:35:00+05:30,433.85,433.9,433.8,433.8,5060,ITC
2025-05-07 11:36:00+05:30,433.8,433.95,433.8,433.85,6394,ITC
2025-05-07 11:37:00+05:30,433.8,433.8,433.35,433.4,14891,ITC
2025-05-07 11:38:00+05:30,433.35,433.4,433.1,433.3,2535,ITC
2025-05-07 11:39:00+05:30,433.35,433.45,432.45,432.45,18912,ITC
2025-05-07 11:40:00+05:30,432.5,432.8,432.25,432.3,7633,ITC
2025-05-07 11:41:00+05:30,432.3,432.6,432.3,432.45,4709,ITC
2025-05-07 11:42:00+05:30,432.45,432.55,432.2,432.25,13795,ITC
2025-05-07 11:43:00+05:30,432.3,432.6,432.25,432.55,11278,ITC
2025-05-07 11:44:00+05:30,432.55,432.8,432.4,432.45,26660,ITC
2025-05-07 11:45:00+05:30,432.4,432.75,432.25,432.45,19205,ITC
2025-05-07 11:46:00+05:30,432.25,432.6,432.05,432.6,15498,ITC
2025-05-07 11:47:00+05:30,432.5,432.75,432.35,432.75,8375,ITC
2025-05-07 11:48:00+05:30,432.7,432.75,432.3,432.5,6547,ITC
2025-05-07 11:49:00+05:30,432.5,432.55,432.0,432.0,21149,ITC
2025-05-07 11:50:00+05:30,432.0,432.1,431.55,431.6,16079,ITC
2025-05-07 11:51:00+05:30,431.6,431.7,431.5,431.55,8931,ITC
2025-05-07 11:52:00+05:30,431.5,431.55,431.0,431.0,14656,ITC
2025-05-07 11:53:00+05:30,431.1,431.15,430.8,430.8,18693,ITC
2025-05-07 11:54:00+05:30,430.85,431.2,430.8,430.95,18344,ITC
2025-05-07 11:55:00+05:30,430.9,431.2,430.9,430.9,7886,ITC
2025-05-07 11:56:00+05:30,430.9,430.95,430.75,430.85,10687,ITC
2025-05-07 11:57:00+05:30,430.85,430.95,430.6,430.95,9701,ITC
2025-05-07 11:58:00+05:30,430.9,431.0,430.75,430.75,6682,ITC
2025-05-07 11:59:00+05:30,430.75,431.0,430.75,431.0,15260,ITC
2025-05-07 12:00:00+05:30,431.0,431.0,430.65,430.85,6400,ITC
2025-05-07 12:01:00+05:30,430.85,430.9,430.7,430.75,8794,ITC
2025-05-07 12:02:00+05:30,430.8,430.9,430.75,430.85,5227,ITC
2025-05-07 12:03:00+05:30,430.85,430.9,430.6,430.6,18083,ITC
2025-05-07 12:04:00+05:30,430.6,430.8,430.45,430.75,13390,ITC
2025-05-07 12:05:00+05:30,430.6,430.9,430.6,430.85,5919,ITC
2025-05-07 12:06:00+05:30,430.8,430.9,430.75,430.9,3979,ITC
2025-05-07 12:07:00+05:30,430.85,431.1,430.65,431.05,15845,ITC
2025-05-07 12:08:00+05:30,430.9,431.25,430.8,431.05,9579,ITC
2025-05-07 12:09:00+05:30,431.05,431.35,431.0,431.1,7940,ITC
2025-05-07 12:10:00+05:30,431.15,431.4,431.05,431.1,8671,ITC
2025-05-07 12:11:00+05:30,431.05,431.2,430.8,430.9,26393,ITC
2025-05-07 12:12:00+05:30,430.85,430.95,430.7,430.85,5249,ITC
2025-05-07 12:13:00+05:30,430.8,431.0,430.7,430.85,4221,ITC
2025-05-07 12:14:00+05:30,430.9,431.0,430.8,430.8,3182,ITC
2025-05-07 12:15:00+05:30,430.85,431.0,430.8,430.85,10701,ITC
2025-05-07 12:16:00+05:30,430.85,431.0,430.5,430.65,40618,ITC
2025-05-07 12:17:00+05:30,430.55,430.95,430.5,430.9,7169,ITC
2025-05-07 12:18:00+05:30,431.0,431.0,430.75,430.75,13137,ITC
2025-05-07 12:19:00+05:30,430.8,431.0,430.75,431.0,4069,ITC
2025-05-07 12:20:00+05:30,430.95,431.2,430.85,431.1,8453,ITC
2025-05-07 12:21:00+05:30,431.1,431.2,431.0,431.15,11000,ITC
2025-05-07 12:22:00+05:30,431.15,431.25,431.05,431.1,6813,ITC
2025-05-07 12:23:00+05:30,431.1,431.2,431.0,431.05,6863,ITC
2025-05-07 12:24:00+05:30,431.0,431.1,430.8,430.85,5694,ITC
2025-05-07 12:25:00+05:30,430.85,431.05,430.65,431.0,7849,ITC
2025-05-07 12:26:00+05:30,430.95,430.95,430.7,430.85,6274,ITC
2025-05-07 12:27:00+05:30,430.85,431.0,430.8,430.8,6212,ITC
2025-05-07 12:28:00+05:30,430.8,431.0,430.75,431.0,21192,ITC
2025-05-07 12:29:00+05:30,430.95,431.05,430.8,430.8,7677,ITC
2025-05-07 12:30:00+05:30,430.8,430.85,430.5,430.75,16132,ITC
2025-05-07 12:31:00+05:30,430.6,430.8,430.55,430.7,7683,ITC
2025-05-07 12:32:00+05:30,430.7,430.8,430.35,430.55,38793,ITC
2025-05-07 12:33:00+05:30,430.5,430.65,430.35,430.5,15988,ITC
2025-05-07 12:34:00+05:30,430.6,430.65,430.4,430.5,10678,ITC
2025-05-07 12:35:00+05:30,430.5,430.5,430.35,430.4,18687,ITC
2025-05-07 12:36:00+05:30,430.4,430.55,430.25,430.25,22831,ITC
2025-05-07 12:37:00+05:30,430.45,430.75,430.3,430.45,18701,ITC
2025-05-07 12:38:00+05:30,430.5,430.65,430.25,430.5,13432,ITC
2025-05-07 12:39:00+05:30,430.45,430.8,430.4,430.55,29095,ITC
2025-05-07 12:40:00+05:30,430.5,431.15,430.45,431.15,20456,ITC
2025-05-07 12:41:00+05:30,431.1,431.2,430.75,430.75,12651,ITC
2025-05-07 12:42:00+05:30,430.8,430.95,430.7,430.85,4824,ITC
2025-05-07 12:43:00+05:30,430.8,431.1,430.8,430.85,17664,ITC
2025-05-07 12:44:00+05:30,430.8,431.0,430.8,430.9,5515,ITC
2025-05-07 12:45:00+05:30,431.0,431.3,430.9,431.2,13304,ITC
2025-05-07 12:46:00+05:30,431.05,431.2,431.0,431.0,7584,ITC
2025-05-07 12:47:00+05:30,431.0,431.15,430.9,431.05,5397,ITC
2025-05-07 12:48:00+05:30,431.1,431.15,430.95,431.0,4118,ITC
2025-05-07 12:49:00+05:30,431.1,431.15,430.95,431.1,13409,ITC
2025-05-07 12:50:00+05:30,431.15,431.25,431.0,431.25,22462,ITC
2025-05-07 12:51:00+05:30,431.25,431.4,431.1,431.2,31548,ITC
2025-05-07 12:52:00+05:30,431.2,431.4,431.1,431.3,10898,ITC
2025-05-07 12:53:00+05:30,431.35,431.55,431.2,431.3,70179,ITC
2025-05-07 12:54:00+05:30,431.35,431.6,431.3,431.55,36642,ITC
2025-05-07 12:55:00+05:30,431.55,431.55,431.25,431.25,16596,ITC
2025-05-07 12:56:00+05:30,431.25,431.3,431.1,431.1,7682,ITC
2025-05-07 12:57:00+05:30,431.15,431.15,431.0,431.0,5399,ITC
2025-05-07 12:58:00+05:30,431.0,431.0,430.75,430.85,13034,ITC
2025-05-07 12:59:00+05:30,430.9,431.05,430.85,431.0,13410,ITC
2025-05-07 13:00:00+05:30,431.0,431.1,430.8,430.9,19940,ITC
2025-05-07 13:01:00+05:30,430.8,430.9,430.55,430.7,12662,ITC
2025-05-07 13:02:00+05:30,430.7,430.85,430.65,430.7,5325,ITC
2025-05-07 13:03:00+05:30,430.7,430.75,430.65,430.75,4874,ITC
2025-05-07 13:04:00+05:30,430.7,430.85,430.65,430.75,10024,ITC
2025-05-07 13:05:00+05:30,430.8,430.95,430.65,430.95,15257,ITC
2025-05-07 13:06:00+05:30,430.95,430.95,430.75,430.75,24159,ITC
2025-05-07 13:07:00+05:30,430.85,430.9,430.7,430.85,4977,ITC
2025-05-07 13:08:00+05:30,430.9,430.9,430.75,430.9,12055,ITC
2025-05-07 13:09:00+05:30,430.9,430.9,430.75,430.85,10024,ITC
2025-05-07 13:10:00+05:30,430.9,431.0,430.8,430.9,11443,ITC
2025-05-07 13:11:00+05:30,430.95,430.95,430.75,430.85,6481,ITC
2025-05-07 13:12:00+05:30,430.85,430.9,430.65,430.75,15104,ITC
2025-05-07 13:13:00+05:30,430.75,430.9,430.75,430.8,5778,ITC
2025-05-07 13:14:00+05:30,430.85,430.9,430.7,430.8,8627,ITC
2025-05-07 13:15:00+05:30,430.75,430.8,430.6,430.75,15316,ITC
2025-05-07 13:16:00+05:30,430.7,430.95,430.65,430.9,6377,ITC
2025-05-07 13:17:00+05:30,430.9,431.0,430.75,430.95,8610,ITC
2025-05-07 13:18:00+05:30,430.95,431.0,430.75,430.8,14499,ITC
2025-05-07 13:19:00+05:30,430.8,430.9,430.75,430.8,6787,ITC
2025-05-07 13:20:00+05:30,430.8,430.85,430.65,430.65,15394,ITC
2025-05-07 13:21:00+05:30,430.7,430.85,430.65,430.75,8292,ITC
2025-05-07 13:22:00+05:30,430.65,430.95,430.6,430.85,21260,ITC
2025-05-07 13:23:00+05:30,430.75,430.95,430.65,430.95,8141,ITC
2025-05-07 13:24:00+05:30,430.9,430.9,430.6,430.8,12658,ITC
2025-05-07 13:25:00+05:30,430.85,430.85,430.3,430.4,146510,ITC
2025-05-07 13:26:00+05:30,430.4,430.9,430.3,430.5,310204,ITC
2025-05-07 13:27:00+05:30,430.45,430.5,430.4,430.45,18936,ITC
2025-05-07 13:28:00+05:30,430.4,430.5,430.35,430.35,10866,ITC
2025-05-07 13:29:00+05:30,430.45,430.5,430.1,430.35,26982,ITC
2025-05-07 13:30:00+05:30,430.3,430.4,430.1,430.15,4819,ITC
2025-05-07 13:31:00+05:30,430.15,430.2,429.7,430.15,113792,ITC
2025-05-07 13:32:00+05:30,430.15,430.85,430.15,430.6,21232,ITC
2025-05-07 13:33:00+05:30,430.6,430.65,430.4,430.6,7386,ITC
2025-05-07 13:34:00+05:30,430.55,430.8,430.45,430.55,29409,ITC
2025-05-07 13:35:00+05:30,430.6,430.8,430.5,430.7,10566,ITC
2025-05-07 13:36:00+05:30,430.7,430.75,430.35,430.45,10868,ITC
2025-05-07 13:37:00+05:30,430.45,430.55,430.35,430.55,12158,ITC
2025-05-07 13:38:00+05:30,430.55,430.65,430.45,430.65,34422,ITC
2025-05-07 13:39:00+05:30,430.6,430.65,430.5,430.6,7799,ITC
2025-05-07 13:40:00+05:30,430.55,430.7,430.55,430.6,14199,ITC
2025-05-07 13:41:00+05:30,430.65,430.7,430.5,430.55,11326,ITC
2025-05-07 13:42:00+05:30,430.55,431.05,430.55,430.95,72271,ITC
2025-05-07 13:43:00+05:30,430.85,431.05,430.8,431.0,20611,ITC
2025-05-07 13:44:00+05:30,431.0,431.0,430.85,431.0,12004,ITC
2025-05-07 13:45:00+05:30,430.85,431.05,430.8,430.9,29890,ITC
2025-05-07 13:46:00+05:30,430.9,431.05,430.8,431.0,44159,ITC
2025-05-07 13:47:00+05:30,431.05,431.4,430.95,431.4,15612,ITC
2025-05-07 13:48:00+05:30,431.35,431.85,431.3,431.6,58459,ITC
2025-05-07 13:49:00+05:30,431.55,431.9,431.5,431.85,36615,ITC
2025-05-07 13:50:00+05:30,431.85,431.95,431.15,431.3,82939,ITC
2025-05-07 13:51:00+05:30,431.3,431.4,431.15,431.35,13879,ITC
2025-05-07 13:52:00+05:30,431.3,431.5,431.3,431.4,7122,ITC
2025-05-07 13:53:00+05:30,431.4,431.45,431.1,431.35,11854,ITC
2025-05-07 13:54:00+05:30,431.35,431.5,431.3,431.45,7425,ITC
2025-05-07 13:55:00+05:30,431.4,431.5,431.25,431.5,11929,ITC
2025-05-07 13:56:00+05:30,431.45,431.5,431.25,431.45,11357,ITC
2025-05-07 13:57:00+05:30,431.4,431.5,431.2,431.5,22415,ITC
2025-05-07 13:58:00+05:30,431.5,431.5,431.2,431.5,21471,ITC
2025-05-07 13:59:00+05:30,431.45,431.5,431.35,431.4,12407,ITC
2025-05-07 14:00:00+05:30,431.4,431.55,431.0,431.5,132720,ITC
2025-05-07 14:01:00+05:30,431.45,431.5,431.2,431.3,18514,ITC
2025-05-07 14:02:00+05:30,431.25,431.45,431.05,431.3,32520,ITC
2025-05-07 14:03:00+05:30,431.3,431.65,431.25,431.45,19416,ITC
2025-05-07 14:04:00+05:30,431.4,431.7,431.25,431.7,15861,ITC
2025-05-07 14:05:00+05:30,431.7,431.7,431.45,431.7,37708,ITC
2025-05-07 14:06:00+05:30,431.65,432.05,431.65,431.95,50505,ITC
2025-05-07 14:07:00+05:30,431.95,432.0,431.7,432.0,11162,ITC
2025-05-07 14:08:00+05:30,432.0,432.0,431.7,431.7,12095,ITC
2025-05-07 14:09:00+05:30,431.7,432.0,431.65,431.85,42045,ITC
2025-05-07 14:10:00+05:30,431.85,432.0,431.7,431.85,21378,ITC
2025-05-07 14:11:00+05:30,431.9,432.0,431.75,431.95,15947,ITC
2025-05-07 14:12:00+05:30,432.0,432.15,431.8,432.0,16920,ITC
2025-05-07 14:13:00+05:30,432.0,432.0,431.55,431.65,18853,ITC
2025-05-07 14:14:00+05:30,431.7,431.75,431.55,431.65,16737,ITC
2025-05-07 14:15:00+05:30,431.65,431.9,431.55,431.8,10722,ITC
2025-05-07 14:16:00+05:30,431.85,431.9,431.65,431.7,13160,ITC
2025-05-07 14:17:00+05:30,431.75,431.85,431.55,431.55,14620,ITC
2025-05-07 14:18:00+05:30,431.55,431.65,431.5,431.5,10589,ITC
2025-05-07 14:19:00+05:30,431.5,431.65,431.35,431.4,16162,ITC
2025-05-07 14:20:00+05:30,431.55,431.65,431.25,431.25,22023,ITC
2025-05-07 14:21:00+05:30,431.25,431.45,431.15,431.2,12168,ITC
2025-05-07 14:22:00+05:30,431.35,431.4,431.05,431.05,13241,ITC
2025-05-07 14:23:00+05:30,431.1,431.3,430.75,430.75,19662,ITC
2025-05-07 14:24:00+05:30,430.85,431.0,430.75,430.85,10681,ITC
2025-05-07 14:25:00+05:30,430.85,431.0,430.75,430.8,9199,ITC
2025-05-07 14:26:00+05:30,430.85,431.15,430.65,431.1,66105,ITC
2025-05-07 14:27:00+05:30,431.1,431.35,431.05,431.2,15425,ITC
2025-05-07 14:28:00+05:30,431.25,431.5,431.0,431.1,18792,ITC
2025-05-07 14:29:00+05:30,431.15,431.2,431.05,431.15,11381,ITC
2025-05-07 14:30:00+05:30,431.2,431.2,431.1,431.15,11265,ITC
2025-05-07 14:31:00+05:30,431.2,431.6,431.15,431.5,19814,ITC
2025-05-07 14:32:00+05:30,431.55,431.7,431.35,431.6,17698,ITC
2025-05-07 14:33:00+05:30,431.6,431.65,431.35,431.5,83271,ITC
2025-05-07 14:34:00+05:30,431.5,431.75,431.5,431.65,15538,ITC
2025-05-07 14:35:00+05:30,431.65,432.05,431.65,432.05,46844,ITC
2025-05-07 14:36:00+05:30,432.0,432.25,431.9,432.05,35815,ITC
2025-05-07 14:37:00+05:30,432.15,432.15,431.85,432.0,21803,ITC
2025-05-07 14:38:00+05:30,432.05,432.1,431.85,431.85,35096,ITC
2025-05-07 14:39:00+05:30,431.9,432.05,431.55,431.75,43955,ITC
2025-05-07 14:40:00+05:30,431.8,431.85,431.5,431.7,37092,ITC
2025-05-07 14:41:00+05:30,431.8,431.9,431.5,431.5,19137,ITC
2025-05-07 14:42:00+05:30,431.65,431.8,431.4,431.5,62218,ITC
2025-05-07 14:43:00+05:30,431.5,431.75,431.45,431.5,46877,ITC
2025-05-07 14:44:00+05:30,431.55,431.9,431.45,431.85,43918,ITC
2025-05-07 14:45:00+05:30,431.85,431.9,431.35,431.4,59093,ITC
2025-05-07 14:46:00+05:30,431.45,431.5,431.15,431.2,44932,ITC
2025-05-07 14:47:00+05:30,431.35,431.6,431.2,431.45,32302,ITC
2025-05-07 14:48:00+05:30,431.45,431.65,431.25,431.35,30554,ITC
2025-05-07 14:49:00+05:30,431.4,431.6,431.3,431.5,50489,ITC
2025-05-07 14:50:00+05:30,431.5,431.6,431.2,431.45,50349,ITC
2025-05-07 14:51:00+05:30,431.45,431.65,431.3,431.45,59408,ITC
2025-05-07 14:52:00+05:30,431.45,431.95,431.3,431.65,68780,ITC
2025-05-07 14:53:00+05:30,431.65,432.0,431.55,431.85,65930,ITC
2025-05-07 14:54:00+05:30,431.85,432.0,431.7,431.8,47566,ITC
2025-05-07 14:55:00+05:30,431.75,431.95,431.6,431.9,48604,ITC
2025-05-07 14:56:00+05:30,431.85,432.1,431.7,432.0,63681,ITC
2025-05-07 14:57:00+05:30,432.0,432.15,431.8,432.15,40044,ITC
2025-05-07 14:58:00+05:30,432.1,432.15,431.85,432.0,37573,ITC
2025-05-07 14:59:00+05:30,432.0,432.15,431.7,431.8,75611,ITC
2025-05-07 15:00:00+05:30,431.8,432.05,431.75,431.95,79529,ITC
2025-05-07 15:01:00+05:30,431.9,432.1,431.7,431.8,78615,ITC
2025-05-07 15:02:00+05:30,431.75,431.8,431.45,431.55,63734,ITC
2025-05-07 15:03:00+05:30,431.5,431.55,431.25,431.4,72313,ITC
2025-05-07 15:04:00+05:30,431.35,431.65,431.35,431.45,60063,ITC
2025-05-07 15:05:00+05:30,431.4,431.65,431.35,431.4,57431,ITC
2025-05-07 15:06:00+05:30,431.35,431.5,431.3,431.45,54545,ITC
2025-05-07 15:07:00+05:30,431.4,431.5,431.3,431.35,55069,ITC
2025-05-07 15:08:00+05:30,431.3,431.4,431.25,431.35,43727,ITC
2025-05-07 15:09:00+05:30,431.3,431.8,431.3,431.45,82203,ITC
2025-05-07 15:10:00+05:30,431.45,431.5,431.3,431.35,61669,ITC
2025-05-07 15:11:00+05:30,431.3,431.55,431.1,431.3,199491,ITC
2025-05-07 15:12:00+05:30,431.25,431.3,431.2,431.25,47933,ITC
2025-05-07 15:13:00+05:30,431.2,431.25,431.05,431.05,70967,ITC
2025-05-07 15:14:00+05:30,431.05,431.1,430.85,430.85,70277,ITC
2025-05-07 15:15:00+05:30,430.9,431.1,430.85,431.1,67859,ITC
2025-05-07 15:16:00+05:30,431.05,431.15,431.05,431.1,53342,ITC
2025-05-07 15:17:00+05:30,431.05,431.1,430.75,430.8,81005,ITC
2025-05-07 15:18:00+05:30,430.75,430.9,430.65,430.7,53485,ITC
2025-05-07 15:19:00+05:30,430.65,430.8,430.65,430.8,53137,ITC
2025-05-07 15:20:00+05:30,430.75,430.8,430.7,430.75,61401,ITC
2025-05-07 15:21:00+05:30,430.7,430.8,430.7,430.8,41512,ITC
2025-05-07 15:22:00+05:30,430.75,430.8,430.7,430.75,61750,ITC
2025-05-07 15:23:00+05:30,430.75,430.85,430.7,430.85,56352,ITC
2025-05-07 15:24:00+05:30,430.8,430.9,430.7,430.8,59027,ITC
2025-05-07 15:25:00+05:30,430.75,430.85,430.7,430.75,54116,ITC
2025-05-07 15:26:00+05:30,430.7,430.75,430.25,430.3,59796,ITC
2025-05-07 15:27:00+05:30,430.3,430.55,430.05,430.55,55050,ITC
2025-05-07 15:28:00+05:30,430.5,430.75,430.5,430.5,49996,ITC
2025-05-07 15:29:00+05:30,430.5,430.95,430.05,430.15,38370,ITC
2025-05-08 09:15:00+05:30,429.0,429.95,426.5,427.2,294776,ITC
2025-05-08 09:16:00+05:30,427.15,427.75,427.0,427.3,160962,ITC
2025-05-08 09:17:00+05:30,427.25,427.7,427.05,427.1,81307,ITC
2025-05-08 09:18:00+05:30,427.1,427.55,426.85,426.85,65531,ITC
2025-05-08 09:19:00+05:30,426.85,426.85,426.5,426.6,52475,ITC
2025-05-08 09:20:00+05:30,426.6,427.05,426.55,426.8,45433,ITC
2025-05-08 09:21:00+05:30,426.65,427.05,426.2,426.5,81332,ITC
2025-05-08 09:22:00+05:30,426.35,426.75,426.3,426.65,28769,ITC
2025-05-08 09:23:00+05:30,426.7,426.7,426.1,426.2,40123,ITC
2025-05-08 09:24:00+05:30,426.2,426.65,426.2,426.3,34643,ITC
2025-05-08 09:25:00+05:30,426.35,426.55,426.1,426.25,45735,ITC
2025-05-08 09:26:00+05:30,426.3,426.65,426.3,426.4,41412,ITC
2025-05-08 09:27:00+05:30,426.4,426.85,426.15,426.45,46437,ITC
2025-05-08 09:28:00+05:30,426.45,426.6,426.25,426.4,34391,ITC
2025-05-08 09:29:00+05:30,426.4,426.55,426.1,426.2,35073,ITC
2025-05-08 09:30:00+05:30,426.25,426.55,426.1,426.45,42483,ITC
2025-05-08 09:31:00+05:30,426.55,426.55,426.1,426.25,24400,ITC
2025-05-08 09:32:00+05:30,426.3,426.3,426.1,426.3,14511,ITC
2025-05-08 09:33:00+05:30,426.3,426.55,425.85,426.55,87352,ITC
2025-05-08 09:34:00+05:30,426.5,426.7,426.0,426.05,38855,ITC
2025-05-08 09:35:00+05:30,426.05,426.1,425.65,425.75,39767,ITC
2025-05-08 09:36:00+05:30,425.8,425.9,425.05,425.4,87010,ITC
2025-05-08 09:37:00+05:30,425.4,425.55,425.0,425.45,102088,ITC
2025-05-08 09:38:00+05:30,425.3,425.5,425.1,425.3,45604,ITC
2025-05-08 09:39:00+05:30,425.3,425.3,425.0,425.05,33318,ITC
2025-05-08 09:40:00+05:30,425.05,425.25,425.0,425.1,15357,ITC
2025-05-08 09:41:00+05:30,425.2,425.35,425.1,425.25,25804,ITC
2025-05-08 09:42:00+05:30,425.15,425.25,424.7,424.9,100059,ITC
2025-05-08 09:43:00+05:30,424.9,425.1,424.8,424.95,22559,ITC
2025-05-08 09:44:00+05:30,424.95,425.35,424.9,425.1,34932,ITC
2025-05-08 09:45:00+05:30,425.1,425.25,424.9,424.95,29385,ITC
2025-05-08 09:46:00+05:30,424.95,425.2,424.9,425.05,23625,ITC
2025-05-08 09:47:00+05:30,425.05,425.35,425.0,425.05,28035,ITC
2025-05-08 09:48:00+05:30,425.0,425.15,424.4,424.5,51865,ITC
2025-05-08 09:49:00+05:30,424.55,424.7,424.4,424.55,25202,ITC
2025-05-08 09:50:00+05:30,424.6,424.65,424.35,424.4,20923,ITC
2025-05-08 09:51:00+05:30,424.4,424.8,424.3,424.7,21923,ITC
2025-05-08 09:52:00+05:30,424.7,424.9,424.5,424.6,29241,ITC
2025-05-08 09:53:00+05:30,424.65,424.75,424.35,424.5,28260,ITC
2025-05-08 09:54:00+05:30,424.55,424.65,424.4,424.45,21776,ITC
2025-05-08 09:55:00+05:30,424.45,424.6,424.25,424.3,21108,ITC
2025-05-08 09:56:00+05:30,424.3,424.35,424.0,424.15,44140,ITC
2025-05-08 09:57:00+05:30,424.15,424.2,424.1,424.1,11601,ITC
2025-05-08 09:58:00+05:30,424.15,424.2,424.0,424.0,41503,ITC
2025-05-08 09:59:00+05:30,424.05,424.45,424.0,424.45,36966,ITC
2025-05-08 10:00:00+05:30,424.45,424.85,424.25,424.85,27939,ITC
2025-05-08 10:01:00+05:30,424.65,424.85,424.55,424.7,18807,ITC
2025-05-08 10:02:00+05:30,424.7,424.85,424.5,424.8,13480,ITC
2025-05-08 10:03:00+05:30,424.8,425.1,424.7,425.05,18778,ITC
2025-05-08 10:04:00+05:30,425.05,425.9,425.0,425.65,68963,ITC
2025-05-08 10:05:00+05:30,425.6,425.6,425.15,425.25,27221,ITC
2025-05-08 10:06:00+05:30,425.25,425.35,425.1,425.2,12710,ITC
2025-05-08 10:07:00+05:30,425.15,425.4,425.15,425.3,8580,ITC
2025-05-08 10:08:00+05:30,425.35,425.45,424.8,424.8,44108,ITC
2025-05-08 10:09:00+05:30,424.85,424.95,424.65,424.8,24589,ITC
2025-05-08 10:10:00+05:30,424.8,424.85,424.1,424.35,69522,ITC
2025-05-08 10:11:00+05:30,424.3,424.5,424.2,424.2,14909,ITC
2025-05-08 10:12:00+05:30,424.25,424.35,424.15,424.2,14652,ITC
2025-05-08 10:13:00+05:30,424.2,424.4,424.15,424.2,13209,ITC
2025-05-08 10:14:00+05:30,424.25,424.4,424.15,424.15,27229,ITC
2025-05-08 10:15:00+05:30,424.2,424.25,424.05,424.1,29631,ITC
2025-05-08 10:16:00+05:30,424.1,424.1,423.55,423.55,98240,ITC
2025-05-08 10:17:00+05:30,423.75,424.0,423.55,423.95,34378,ITC
2025-05-08 10:18:00+05:30,423.95,423.95,423.85,423.95,11423,ITC
2025-05-08 10:19:00+05:30,423.95,423.95,423.85,423.95,12249,ITC
2025-05-08 10:20:00+05:30,423.9,424.5,423.85,424.3,23815,ITC
2025-05-08 10:21:00+05:30,424.4,424.5,424.05,424.5,12234,ITC
2025-05-08 10:22:00+05:30,424.4,424.9,424.35,424.7,39069,ITC
2025-05-08 10:23:00+05:30,424.75,424.9,424.45,424.5,12756,ITC
2025-05-08 10:24:00+05:30,424.45,424.6,424.35,424.55,11804,ITC
2025-05-08 10:25:00+05:30,424.55,424.7,424.4,424.55,16532,ITC
2025-05-08 10:26:00+05:30,424.55,424.65,424.45,424.6,14584,ITC
2025-05-08 10:27:00+05:30,424.6,424.6,424.35,424.4,22544,ITC
2025-05-08 10:28:00+05:30,424.4,424.85,424.35,424.65,18630,ITC
2025-05-08 10:29:00+05:30,424.65,424.9,424.6,424.75,13284,ITC
2025-05-08 10:30:00+05:30,424.75,424.9,424.65,424.65,9920,ITC
2025-05-08 10:31:00+05:30,424.7,424.75,424.5,424.6,21053,ITC
2025-05-08 10:32:00+05:30,424.55,425.1,424.5,424.85,32829,ITC
2025-05-08 10:33:00+05:30,424.85,425.3,424.7,425.1,67061,ITC
2025-05-08 10:34:00+05:30,425.1,425.3,425.0,425.15,14751,ITC
2025-05-08 10:35:00+05:30,425.15,425.2,425.05,425.1,12579,ITC
2025-05-08 10:36:00+05:30,425.1,425.2,425.05,425.1,14236,ITC
2025-05-08 10:37:00+05:30,425.05,425.55,424.8,424.85,81624,ITC
2025-05-08 10:38:00+05:30,424.85,424.85,424.6,424.65,20676,ITC
2025-05-08 10:39:00+05:30,424.65,424.85,424.55,424.85,9081,ITC
2025-05-08 10:40:00+05:30,424.75,425.0,424.7,424.9,9215,ITC
2025-05-08 10:41:00+05:30,424.85,425.0,424.75,425.0,5935,ITC
2025-05-08 10:42:00+05:30,424.85,425.0,424.8,424.9,5022,ITC
2025-05-08 10:43:00+05:30,424.9,425.0,424.7,424.8,11139,ITC
2025-05-08 10:44:00+05:30,424.8,425.0,424.7,424.9,7374,ITC
2025-05-08 10:45:00+05:30,424.9,425.0,424.75,424.9,2038,ITC
2025-05-08 10:46:00+05:30,424.9,425.2,424.65,425.15,66335,ITC
2025-05-08 10:47:00+05:30,425.1,425.3,425.0,425.25,13290,ITC
2025-05-08 10:48:00+05:30,425.25,425.25,425.1,425.15,5459,ITC
2025-05-08 10:49:00+05:30,425.15,425.3,425.1,425.2,9705,ITC
2025-05-08 10:50:00+05:30,425.15,425.3,425.0,425.1,14985,ITC
2025-05-08 10:51:00+05:30,425.1,425.3,425.0,425.2,7529,ITC
2025-05-08 10:52:00+05:30,425.2,425.3,425.0,425.05,18281,ITC
2025-05-08 10:53:00+05:30,425.05,425.4,425.05,425.15,23969,ITC
2025-05-08 10:54:00+05:30,425.2,425.4,425.1,425.3,7152,ITC
2025-05-08 10:55:00+05:30,425.15,425.3,425.05,425.25,6874,ITC
2025-05-08 10:56:00+05:30,425.2,425.25,424.8,424.9,29879,ITC
2025-05-08 10:57:00+05:30,424.9,425.05,424.8,424.85,11248,ITC
2025-05-08 10:58:00+05:30,424.85,424.95,424.7,424.75,6975,ITC
2025-05-08 10:59:00+05:30,424.7,424.9,424.5,424.5,20993,ITC
2025-05-08 11:00:00+05:30,424.55,424.95,424.5,424.85,22209,ITC
2025-05-08 11:01:00+05:30,424.7,425.1,424.7,424.85,10145,ITC
2025-05-08 11:02:00+05:30,424.95,425.15,424.85,424.9,5569,ITC
2025-05-08 11:03:00+05:30,424.9,425.15,424.7,424.75,10923,ITC
2025-05-08 11:04:00+05:30,424.75,424.8,424.6,424.65,11046,ITC
2025-05-08 11:05:00+05:30,424.65,424.9,424.6,424.75,7970,ITC
2025-05-08 11:06:00+05:30,424.75,424.95,424.65,424.85,9565,ITC
2025-05-08 11:07:00+05:30,424.8,424.85,424.65,424.75,10979,ITC
2025-05-08 11:08:00+05:30,424.75,424.75,424.6,424.65,20813,ITC
2025-05-08 11:09:00+05:30,424.65,424.8,424.6,424.6,11452,ITC
2025-05-08 11:10:00+05:30,424.65,424.7,424.5,424.55,9174,ITC
2025-05-08 11:11:00+05:30,424.5,424.6,424.3,424.3,20718,ITC
2025-05-08 11:12:00+05:30,424.35,424.5,424.2,424.45,41569,ITC
2025-05-08 11:13:00+05:30,424.45,424.5,424.25,424.3,20458,ITC
2025-05-08 11:14:00+05:30,424.3,424.5,424.15,424.45,30815,ITC
2025-05-08 11:15:00+05:30,424.45,424.75,424.3,424.7,13825,ITC
2025-05-08 11:16:00+05:30,424.7,425.0,424.5,424.8,13729,ITC
2025-05-08 11:17:00+05:30,424.75,424.9,424.6,424.75,21260,ITC
2025-05-08 11:18:00+05:30,424.75,424.9,424.5,424.6,24079,ITC
2025-05-08 11:19:00+05:30,424.55,424.7,424.4,424.6,26628,ITC
2025-05-08 11:20:00+05:30,424.5,424.85,424.35,424.85,22044,ITC
2025-05-08 11:21:00+05:30,424.85,424.95,424.6,424.9,16510,ITC
2025-05-08 11:22:00+05:30,424.75,425.3,424.7,425.3,27423,ITC
2025-05-08 11:23:00+05:30,425.3,426.2,425.1,426.15,100384,ITC
2025-05-08 11:24:00+05:30,426.15,426.6,425.8,426.4,61838,ITC
2025-05-08 11:25:00+05:30,426.4,426.45,426.05,426.35,37049,ITC
2025-05-08 11:26:00+05:30,426.35,426.6,426.1,426.3,72455,ITC
2025-05-08 11:27:00+05:30,426.3,426.45,426.15,426.4,35754,ITC
2025-05-08 11:28:00+05:30,426.35,427.0,426.2,426.9,69549,ITC
2025-05-08 11:29:00+05:30,426.8,427.3,426.7,427.25,69586,ITC
2025-05-08 11:30:00+05:30,427.25,427.35,427.0,427.25,24251,ITC
2025-05-08 11:31:00+05:30,427.25,427.25,427.0,427.15,14020,ITC
2025-05-08 11:32:00+05:30,427.1,427.15,426.5,426.6,32630,ITC
2025-05-08 11:33:00+05:30,426.6,426.75,426.45,426.65,11819,ITC
2025-05-08 11:34:00+05:30,426.55,426.75,426.5,426.6,18108,ITC
2025-05-08 11:35:00+05:30,426.7,427.1,426.55,427.0,37562,ITC
2025-05-08 11:36:00+05:30,427.0,427.5,426.9,427.45,60977,ITC
2025-05-08 11:37:00+05:30,427.4,427.5,427.2,427.25,11059,ITC
2025-05-08 11:38:00+05:30,427.25,427.4,427.0,427.1,17364,ITC
2025-05-08 11:39:00+05:30,427.1,427.15,426.95,427.15,18541,ITC
2025-05-08 11:40:00+05:30,426.95,427.35,426.9,427.3,30335,ITC
2025-05-08 11:41:00+05:30,427.3,427.7,427.05,427.7,29525,ITC
2025-05-08 11:42:00+05:30,427.7,427.7,427.15,427.4,11463,ITC
2025-05-08 11:43:00+05:30,427.35,427.4,427.05,427.1,7735,ITC
2025-05-08 11:44:00+05:30,427.2,427.2,426.85,427.0,7691,ITC
2025-05-08 11:45:00+05:30,427.0,427.0,426.75,426.95,9095,ITC
2025-05-08 11:46:00+05:30,426.9,426.9,426.55,426.7,9401,ITC
2025-05-08 11:47:00+05:30,426.7,426.75,426.45,426.5,14361,ITC
2025-05-08 11:48:00+05:30,426.5,426.9,426.35,426.9,21358,ITC
2025-05-08 11:49:00+05:30,426.85,426.95,426.5,426.7,23182,ITC
2025-05-08 11:50:00+05:30,426.5,426.75,426.45,426.7,17893,ITC
2025-05-08 11:51:00+05:30,426.7,426.9,426.6,426.9,9029,ITC
2025-05-08 11:52:00+05:30,426.7,427.25,426.7,427.2,41367,ITC
2025-05-08 11:53:00+05:30,427.1,427.45,427.0,427.25,58326,ITC
2025-05-08 11:54:00+05:30,427.4,427.5,427.25,427.4,11789,ITC
2025-05-08 11:55:00+05:30,427.4,427.75,427.25,427.6,53383,ITC
2025-05-08 11:56:00+05:30,427.5,427.75,427.5,427.6,14826,ITC
2025-05-08 11:57:00+05:30,427.65,427.7,427.4,427.6,12751,ITC
2025-05-08 11:58:00+05:30,427.5,427.6,427.2,427.4,20780,ITC
2025-05-08 11:59:00+05:30,427.4,427.5,427.15,427.5,7353,ITC
2025-05-08 12:00:00+05:30,427.5,427.8,427.3,427.75,30255,ITC
2025-05-08 12:01:00+05:30,427.75,427.8,427.4,427.6,20950,ITC
2025-05-08 12:02:00+05:30,427.7,427.8,427.55,427.75,10029,ITC
2025-05-08 12:03:00+05:30,427.75,427.8,427.6,427.8,12478,ITC
2025-05-08 12:04:00+05:30,427.7,427.95,427.65,427.8,18864,ITC
2025-05-08 12:05:00+05:30,427.75,428.0,427.7,427.95,32888,ITC
2025-05-08 12:06:00+05:30,427.95,428.0,427.65,428.0,31498,ITC
2025-05-08 12:07:00+05:30,428.0,428.0,427.65,427.85,26125,ITC
2025-05-08 12:08:00+05:30,427.85,428.0,427.7,427.7,8096,ITC
2025-05-08 12:09:00+05:30,427.9,427.9,427.5,427.65,19417,ITC
2025-05-08 12:10:00+05:30,427.65,427.85,427.5,427.8,11357,ITC
2025-05-08 12:11:00+05:30,427.8,427.85,427.6,427.8,24606,ITC
2025-05-08 12:12:00+05:30,427.8,427.9,427.65,427.9,17863,ITC
2025-05-08 12:13:00+05:30,427.8,427.9,427.5,427.7,14504,ITC
2025-05-08 12:14:00+05:30,427.6,427.95,427.5,427.8,14188,ITC
2025-05-08 12:15:00+05:30,427.8,427.95,427.65,427.8,16850,ITC
2025-05-08 12:16:00+05:30,427.75,428.0,427.65,427.9,13774,ITC
2025-05-08 12:17:00+05:30,427.9,428.0,427.65,427.95,17724,ITC
2025-05-08 12:18:00+05:30,427.95,428.0,427.65,427.9,16462,ITC
2025-05-08 12:19:00+05:30,427.85,428.0,427.8,428.0,20239,ITC
2025-05-08 12:20:00+05:30,428.0,428.0,427.85,428.0,9155,ITC
2025-05-08 12:21:00+05:30,428.0,428.0,427.65,427.8,18281,ITC
2025-05-08 12:22:00+05:30,427.8,427.95,427.7,427.75,12957,ITC
2025-05-08 12:23:00+05:30,427.75,428.5,427.65,428.5,87648,ITC
2025-05-08 12:24:00+05:30,428.5,428.5,428.0,428.2,33341,ITC
2025-05-08 12:25:00+05:30,428.2,428.4,428.1,428.2,9162,ITC
2025-05-08 12:26:00+05:30,428.25,428.35,428.1,428.3,9318,ITC
2025-05-08 12:27:00+05:30,428.3,428.35,428.05,428.25,22918,ITC
2025-05-08 12:28:00+05:30,428.25,428.25,428.05,428.25,5787,ITC
2025-05-08 12:29:00+05:30,428.2,428.3,428.15,428.25,8754,ITC
2025-05-08 12:30:00+05:30,428.25,428.4,428.1,428.2,12854,ITC
2025-05-08 12:31:00+05:30,428.2,428.4,428.1,428.4,15188,ITC
2025-05-08 12:32:00+05:30,428.3,428.5,428.2,428.5,27061,ITC
2025-05-08 12:33:00+05:30,428.5,428.6,428.2,428.45,14323,ITC
2025-05-08 12:34:00+05:30,428.35,428.45,428.05,428.25,42851,ITC
2025-05-08 12:35:00+05:30,428.25,428.65,428.15,428.4,37750,ITC
2025-05-08 12:36:00+05:30,428.55,428.65,428.15,428.3,24893,ITC
2025-05-08 12:37:00+05:30,428.25,428.5,428.2,428.5,16587,ITC
2025-05-08 12:38:00+05:30,428.5,428.7,428.3,428.6,16022,ITC
2025-05-08 12:39:00+05:30,428.55,428.75,428.45,428.5,17622,ITC
2025-05-08 12:40:00+05:30,428.45,428.7,428.4,428.65,26918,ITC
2025-05-08 12:41:00+05:30,428.7,428.95,428.65,428.85,25331,ITC
2025-05-08 12:42:00+05:30,428.85,428.95,428.65,428.8,17647,ITC
2025-05-08 12:43:00+05:30,428.65,428.9,428.5,428.7,21001,ITC
2025-05-08 12:44:00+05:30,428.75,428.95,428.6,428.7,24013,ITC
2025-05-08 12:45:00+05:30,428.7,429.0,428.55,428.95,28887,ITC
2025-05-08 12:46:00+05:30,428.85,429.0,428.75,428.85,22205,ITC
2025-05-08 12:47:00+05:30,428.8,429.2,428.8,429.15,16379,ITC
2025-05-08 12:48:00+05:30,429.2,429.4,429.0,429.15,44194,ITC
2025-05-08 12:49:00+05:30,429.15,429.4,429.0,429.15,42379,ITC
2025-05-08 12:50:00+05:30,429.15,429.35,428.95,429.1,32067,ITC
2025-05-08 12:51:00+05:30,429.05,429.35,429.0,429.25,46778,ITC
2025-05-08 12:52:00+05:30,429.25,429.5,429.1,429.4,71336,ITC
2025-05-08 12:53:00+05:30,429.15,429.45,429.05,429.25,41868,ITC
2025-05-08 12:54:00+05:30,429.25,429.45,429.0,429.35,37910,ITC
2025-05-08 12:55:00+05:30,429.15,429.2,429.0,429.2,15660,ITC
2025-05-08 12:56:00+05:30,429.15,429.2,429.0,429.05,26153,ITC
2025-05-08 12:57:00+05:30,429.1,429.1,429.0,429.1,13942,ITC
2025-05-08 12:58:00+05:30,429.05,429.2,428.75,429.0,92221,ITC
2025-05-08 12:59:00+05:30,428.9,429.2,428.9,429.15,28754,ITC
2025-05-08 13:00:00+05:30,429.15,429.2,429.05,429.15,13662,ITC
2025-05-08 13:01:00+05:30,429.1,429.55,429.05,429.45,30191,ITC
2025-05-08 13:02:00+05:30,429.45,429.5,429.25,429.35,26969,ITC
2025-05-08 13:03:00+05:30,429.35,429.6,428.95,429.35,39543,ITC
2025-05-08 13:04:00+05:30,429.2,429.6,429.05,429.5,36217,ITC
2025-05-08 13:05:00+05:30,429.5,429.55,429.2,429.35,26359,ITC
2025-05-08 13:06:00+05:30,429.35,429.45,429.1,429.3,17215,ITC
2025-05-08 13:07:00+05:30,429.2,429.5,429.1,429.35,46954,ITC
2025-05-08 13:08:00+05:30,429.35,429.55,429.15,429.5,20632,ITC
2025-05-08 13:09:00+05:30,429.5,429.75,429.3,429.65,41088,ITC
2025-05-08 13:10:00+05:30,429.65,429.7,429.25,429.4,23753,ITC
2025-05-08 13:11:00+05:30,429.35,429.65,429.25,429.5,27397,ITC
2025-05-08 13:12:00+05:30,429.5,429.65,429.15,429.65,38100,ITC
2025-05-08 13:13:00+05:30,429.65,429.75,429.3,429.45,20704,ITC
2025-05-08 13:14:00+05:30,429.35,429.7,429.35,429.7,18689,ITC
2025-05-08 13:15:00+05:30,429.7,429.9,429.35,429.8,46268,ITC
2025-05-08 13:16:00+05:30,429.85,429.95,429.5,429.8,77456,ITC
2025-05-08 13:17:00+05:30,429.55,429.95,429.55,429.75,22515,ITC
2025-05-08 13:18:00+05:30,429.75,429.9,429.2,429.65,78276,ITC
2025-05-08 13:19:00+05:30,429.5,429.75,429.1,429.6,69336,ITC
2025-05-08 13:20:00+05:30,429.45,429.7,429.25,429.5,15018,ITC
2025-05-08 13:21:00+05:30,429.5,429.5,429.1,429.15,16805,ITC
2025-05-08 13:22:00+05:30,429.15,429.3,429.1,429.3,19552,ITC
2025-05-08 13:23:00+05:30,429.3,429.5,429.2,429.45,12279,ITC
2025-05-08 13:24:00+05:30,429.45,429.45,428.8,429.4,23238,ITC
2025-05-08 13:25:00+05:30,429.25,429.7,429.2,429.65,26363,ITC
2025-05-08 13:26:00+05:30,429.65,429.7,429.4,429.7,10370,ITC
2025-05-08 13:27:00+05:30,429.65,429.65,429.4,429.65,9641,ITC
2025-05-08 13:28:00+05:30,429.65,429.7,429.4,429.7,16561,ITC
2025-05-08 13:29:00+05:30,429.7,429.75,429.4,429.7,6292,ITC
2025-05-08 13:30:00+05:30,429.7,429.7,429.45,429.65,7048,ITC
2025-05-08 13:31:00+05:30,429.65,429.65,429.3,429.4,19309,ITC
2025-05-08 13:32:00+05:30,429.35,429.7,429.35,429.6,13738,ITC
2025-05-08 13:33:00+05:30,429.6,429.75,429.35,429.75,16088,ITC
2025-05-08 13:34:00+05:30,429.75,429.8,429.5,429.8,42549,ITC
2025-05-08 13:35:00+05:30,429.6,429.95,429.55,429.8,49290,ITC
2025-05-08 13:36:00+05:30,429.8,429.9,429.5,429.85,22743,ITC
2025-05-08 13:37:00+05:30,429.85,429.95,429.8,429.95,5693,ITC
2025-05-08 13:38:00+05:30,429.85,429.95,429.25,429.4,38350,ITC
2025-05-08 13:39:00+05:30,429.4,429.75,429.2,429.35,34922,ITC
2025-05-08 13:40:00+05:30,429.35,429.95,429.35,429.95,45557,ITC
2025-05-08 13:41:00+05:30,429.75,429.95,429.65,429.95,14391,ITC
2025-05-08 13:42:00+05:30,429.95,429.95,429.75,429.95,22287,ITC
2025-05-08 13:43:00+05:30,429.9,430.0,429.7,429.9,24252,ITC
2025-05-08 13:44:00+05:30,429.9,430.0,429.7,430.0,17966,ITC
2025-05-08 13:45:00+05:30,430.0,430.5,429.65,430.45,77114,ITC
2025-05-08 13:46:00+05:30,430.4,430.75,430.25,430.6,137384,ITC
2025-05-08 13:47:00+05:30,430.5,430.85,430.35,430.6,34498,ITC
2025-05-08 13:48:00+05:30,430.65,430.8,430.3,430.55,22563,ITC
2025-05-08 13:49:00+05:30,430.55,430.7,430.4,430.5,31927,ITC
2025-05-08 13:50:00+05:30,430.5,430.75,430.1,430.35,22786,ITC
2025-05-08 13:51:00+05:30,430.35,430.35,429.85,430.0,47300,ITC
2025-05-08 13:52:00+05:30,430.0,430.3,429.8,429.9,36951,ITC
2025-05-08 13:53:00+05:30,429.8,430.0,429.5,429.65,14572,ITC
2025-05-08 13:54:00+05:30,429.6,429.85,429.3,429.45,31177,ITC
2025-05-08 13:55:00+05:30,429.45,429.65,429.15,429.5,30397,ITC
2025-05-08 13:56:00+05:30,429.5,429.65,429.3,429.55,17336,ITC
2025-05-08 13:57:00+05:30,429.6,429.6,429.3,429.35,31651,ITC
2025-05-08 13:58:00+05:30,429.3,429.6,429.25,429.45,18727,ITC
2025-05-08 13:59:00+05:30,429.45,429.65,429.2,429.55,43557,ITC
2025-05-08 14:00:00+05:30,429.55,429.75,429.35,429.6,27309,ITC
2025-05-08 14:01:00+05:30,429.45,429.65,429.25,429.5,10800,ITC
2025-05-08 14:02:00+05:30,429.4,429.85,429.3,429.6,50790,ITC
2025-05-08 14:03:00+05:30,429.6,429.75,429.4,429.65,11737,ITC
2025-05-08 14:04:00+05:30,429.6,429.75,429.35,429.65,22468,ITC
2025-05-08 14:05:00+05:30,429.65,429.8,429.4,429.6,28315,ITC
2025-05-08 14:06:00+05:30,429.6,429.75,429.3,429.55,21409,ITC
2025-05-08 14:07:00+05:30,429.45,429.65,429.25,429.55,21477,ITC
2025-05-08 14:08:00+05:30,429.55,429.6,429.2,429.45,73800,ITC
2025-05-08 14:09:00+05:30,429.45,429.5,429.1,429.25,14785,ITC
2025-05-08 14:10:00+05:30,429.2,429.3,429.05,429.2,16732,ITC
2025-05-08 14:11:00+05:30,429.2,429.35,429.0,429.3,31310,ITC
2025-05-08 14:12:00+05:30,429.3,429.4,429.05,429.35,43194,ITC
2025-05-08 14:13:00+05:30,429.35,429.45,429.05,429.2,93362,ITC
2025-05-08 14:14:00+05:30,429.15,429.3,429.05,429.25,19776,ITC
2025-05-08 14:15:00+05:30,429.25,429.3,429.05,429.25,20067,ITC
2025-05-08 14:16:00+05:30,429.25,430.1,429.1,429.95,222190,ITC
2025-05-08 14:17:00+05:30,429.85,430.7,429.7,430.1,205504,ITC
2025-05-08 14:18:00+05:30,430.3,430.5,429.95,430.4,68643,ITC
2025-05-08 14:19:00+05:30,430.2,431.1,430.15,430.15,164584,ITC
2025-05-08 14:20:00+05:30,430.3,430.8,430.3,430.55,37546,ITC
2025-05-08 14:21:00+05:30,430.55,430.65,430.3,430.45,18935,ITC
2025-05-08 14:22:00+05:30,430.4,431.05,430.3,431.05,78617,ITC
2025-05-08 14:23:00+05:30,431.0,431.15,431.0,431.05,19178,ITC
2025-05-08 14:24:00+05:30,431.05,431.05,430.6,430.8,6244,ITC
2025-05-08 14:25:00+05:30,430.8,430.8,430.5,430.7,17128,ITC
2025-05-08 14:26:00+05:30,430.65,430.9,430.55,430.75,36049,ITC
2025-05-08 14:27:00+05:30,430.75,431.2,430.5,431.05,47965,ITC
2025-05-08 14:28:00+05:30,431.05,431.05,430.6,430.7,19334,ITC
2025-05-08 14:29:00+05:30,430.7,430.95,430.7,430.9,17682,ITC
2025-05-08 14:30:00+05:30,430.9,431.35,430.75,430.95,85060,ITC
2025-05-08 14:31:00+05:30,430.85,431.0,430.65,431.0,35086,ITC
2025-05-08 14:32:00+05:30,430.85,431.4,430.5,431.25,63052,ITC
2025-05-08 14:33:00+05:30,431.4,431.5,431.05,431.3,56613,ITC
2025-05-08 14:34:00+05:30,431.3,431.4,430.7,430.75,55810,ITC
2025-05-08 14:35:00+05:30,430.8,431.05,430.65,430.7,62977,ITC
2025-05-08 14:36:00+05:30,430.7,430.8,430.3,430.6,41737,ITC
2025-05-08 14:37:00+05:30,430.5,430.65,430.4,430.55,10860,ITC
2025-05-08 14:38:00+05:30,430.5,430.7,430.35,430.65,38866,ITC
2025-05-08 14:39:00+05:30,430.65,430.65,430.15,430.2,14428,ITC
2025-05-08 14:40:00+05:30,430.2,430.55,430.0,430.4,36447,ITC
2025-05-08 14:41:00+05:30,430.35,430.55,430.15,430.4,40816,ITC
2025-05-08 14:42:00+05:30,430.4,430.5,430.1,430.4,15861,ITC
2025-05-08 14:43:00+05:30,430.3,430.7,430.15,430.55,75524,ITC
2025-05-08 14:44:00+05:30,430.55,430.55,430.05,430.25,14050,ITC
2025-05-08 14:45:00+05:30,430.25,430.3,430.0,430.25,15110,ITC
2025-05-08 14:46:00+05:30,430.25,430.25,429.5,430.05,56553,ITC
2025-05-08 14:47:00+05:30,430.05,430.25,429.8,430.2,82830,ITC
2025-05-08 14:48:00+05:30,430.2,430.3,429.95,430.1,21138,ITC
2025-05-08 14:49:00+05:30,430.05,430.35,429.8,430.1,213083,ITC
2025-05-08 14:50:00+05:30,430.1,430.2,429.55,429.9,279661,ITC
2025-05-08 14:51:00+05:30,429.9,430.05,429.35,429.85,154151,ITC
2025-05-08 14:52:00+05:30,429.85,430.2,429.35,429.35,316937,ITC
2025-05-08 14:53:00+05:30,429.5,429.95,429.3,429.7,223306,ITC
2025-05-08 14:54:00+05:30,429.8,430.75,428.95,430.0,654797,ITC
2025-05-08 14:55:00+05:30,430.0,430.75,429.5,430.55,429019,ITC
2025-05-08 14:56:00+05:30,430.55,430.8,429.85,430.55,156255,ITC
2025-05-08 14:57:00+05:30,430.7,430.75,430.2,430.65,88973,ITC
2025-05-08 14:58:00+05:30,430.7,430.75,430.05,430.15,109959,ITC
2025-05-08 14:59:00+05:30,430.15,430.9,429.7,430.2,459916,ITC
2025-05-08 15:00:00+05:30,430.25,430.6,430.05,430.5,200201,ITC
2025-05-08 15:01:00+05:30,430.5,430.75,430.1,430.45,171279,ITC
2025-05-08 15:02:00+05:30,430.35,430.75,430.1,430.5,125469,ITC
2025-05-08 15:03:00+05:30,430.45,430.75,430.15,430.55,151177,ITC
2025-05-08 15:04:00+05:30,430.5,430.5,430.05,430.25,89090,ITC
2025-05-08 15:05:00+05:30,430.3,430.5,430.25,430.45,56381,ITC
2025-05-08 15:06:00+05:30,430.45,430.7,430.25,430.3,129311,ITC
2025-05-08 15:07:00+05:30,430.25,430.85,430.1,430.6,190444,ITC
2025-05-08 15:08:00+05:30,430.55,430.7,430.15,430.35,138398,ITC
2025-05-08 15:09:00+05:30,430.35,430.65,430.15,430.55,80649,ITC
2025-05-08 15:10:00+05:30,430.5,430.85,430.3,430.4,112285,ITC
2025-05-08 15:11:00+05:30,430.4,430.65,430.2,430.25,155954,ITC
2025-05-08 15:12:00+05:30,430.3,430.65,430.2,430.4,172390,ITC
2025-05-08 15:13:00+05:30,430.4,430.4,430.1,430.1,78154,ITC
2025-05-08 15:14:00+05:30,430.15,430.45,430.0,430.15,214334,ITC
2025-05-08 15:15:00+05:30,430.1,430.45,430.05,430.35,132048,ITC
2025-05-08 15:16:00+05:30,430.35,430.65,430.15,430.25,159069,ITC
2025-05-08 15:17:00+05:30,430.25,430.7,430.15,430.25,129188,ITC
2025-05-08 15:18:00+05:30,430.25,430.6,430.05,430.55,142030,ITC
2025-05-08 15:19:00+05:30,430.55,430.7,430.05,430.35,147850,ITC
2025-05-08 15:20:00+05:30,430.35,430.65,430.25,430.4,210656,ITC
2025-05-08 15:21:00+05:30,430.4,430.6,430.15,430.35,194641,ITC
2025-05-08 15:22:00+05:30,430.35,430.75,430.0,430.55,229961,ITC
2025-05-08 15:23:00+05:30,430.55,430.6,430.0,430.5,226791,ITC
2025-05-08 15:24:00+05:30,430.35,430.7,430.35,430.6,253429,ITC
2025-05-08 15:25:00+05:30,430.65,431.15,430.6,431.0,418423,ITC
2025-05-08 15:26:00+05:30,431.0,431.2,430.5,431.05,750850,ITC
2025-05-08 15:27:00+05:30,431.05,431.25,431.0,431.05,490264,ITC
2025-05-08 15:28:00+05:30,431.0,431.25,430.9,430.95,497774,ITC
2025-05-08 15:29:00+05:30,430.95,431.0,429.0,429.4,35485,ITC
2025-05-09 09:15:00+05:30,425.95,429.15,425.0,427.9,202529,ITC
2025-05-09 09:16:00+05:30,428.2,428.55,426.9,427.25,62975,ITC
2025-05-09 09:17:00+05:30,427.3,428.3,427.25,427.65,69657,ITC
2025-05-09 09:18:00+05:30,427.65,428.45,427.05,427.5,35971,ITC
2025-05-09 09:19:00+05:30,427.05,427.4,426.35,426.9,31697,ITC
2025-05-09 09:20:00+05:30,426.8,427.35,426.35,426.95,33036,ITC
2025-05-09 09:21:00+05:30,427.2,427.8,426.6,426.85,22602,ITC
2025-05-09 09:22:00+05:30,427.0,427.05,426.0,426.2,25477,ITC
2025-05-09 09:23:00+05:30,426.2,426.55,425.95,426.2,24754,ITC
2025-05-09 09:24:00+05:30,426.05,426.65,425.65,426.65,54776,ITC
2025-05-09 09:25:00+05:30,426.45,426.75,425.9,426.15,18382,ITC
2025-05-09 09:26:00+05:30,426.2,426.45,425.8,426.25,18955,ITC
2025-05-09 09:27:00+05:30,426.2,426.9,425.95,426.3,17989,ITC
2025-05-09 09:28:00+05:30,426.3,427.0,426.1,426.8,31162,ITC
2025-05-09 09:29:00+05:30,426.85,427.2,426.25,427.1,49587,ITC
2025-05-09 09:30:00+05:30,427.15,427.4,426.45,427.35,16690,ITC
2025-05-09 09:31:00+05:30,427.35,427.5,426.7,426.75,6942,ITC
2025-05-09 09:32:00+05:30,426.7,427.25,426.6,426.9,16846,ITC
2025-05-09 09:33:00+05:30,426.7,426.85,426.45,426.65,17096,ITC
2025-05-09 09:34:00+05:30,426.75,426.95,426.5,426.6,12973,ITC
2025-05-09 09:35:00+05:30,426.7,427.0,426.5,426.7,10899,ITC
2025-05-09 09:36:00+05:30,426.8,426.8,426.55,426.75,7252,ITC
2025-05-09 09:37:00+05:30,426.6,427.1,426.5,426.8,36029,ITC
2025-05-09 09:38:00+05:30,426.8,426.9,426.3,426.6,17199,ITC
2025-05-09 09:39:00+05:30,426.85,427.0,426.6,426.8,9352,ITC
2025-05-09 09:40:00+05:30,426.8,427.1,426.55,427.1,23142,ITC
2025-05-09 09:41:00+05:30,426.95,427.45,426.55,427.35,74451,ITC
2025-05-09 09:42:00+05:30,427.35,427.4,426.95,427.25,17422,ITC
2025-05-09 09:43:00+05:30,427.2,427.55,427.0,427.4,61739,ITC
2025-05-09 09:44:00+05:30,427.4,427.4,426.6,426.7,11139,ITC
2025-05-09 09:45:00+05:30,426.75,427.1,426.25,426.75,27037,ITC
2025-05-09 09:46:00+05:30,426.75,426.9,426.5,426.5,13294,ITC
2025-05-09 09:47:00+05:30,426.55,426.65,426.3,426.65,25182,ITC
2025-05-09 09:48:00+05:30,426.6,426.65,426.2,426.45,11703,ITC
2025-05-09 09:49:00+05:30,426.45,426.65,426.1,426.4,25339,ITC
2025-05-09 09:50:00+05:30,426.35,426.55,426.15,426.45,24706,ITC
2025-05-09 09:51:00+05:30,426.4,426.5,426.15,426.5,24534,ITC
2025-05-09 09:52:00+05:30,426.5,426.7,426.3,426.4,35673,ITC
2025-05-09 09:53:00+05:30,426.35,426.75,426.25,426.45,34636,ITC
2025-05-09 09:54:00+05:30,426.55,426.65,426.25,426.45,56079,ITC
2025-05-09 09:55:00+05:30,426.45,426.65,426.3,426.55,48235,ITC
2025-05-09 09:56:00+05:30,426.5,426.7,426.35,426.5,13721,ITC
2025-05-09 09:57:00+05:30,426.65,426.65,426.1,426.1,63307,ITC
2025-05-09 09:58:00+05:30,426.25,426.65,426.1,426.6,111803,ITC
2025-05-09 09:59:00+05:30,426.6,426.6,426.15,426.4,37236,ITC
2025-05-09 10:00:00+05:30,426.4,426.4,425.55,425.9,97765,ITC
2025-05-09 10:01:00+05:30,425.9,426.7,425.65,426.6,152789,ITC
2025-05-09 10:02:00+05:30,426.6,426.6,426.0,426.2,59451,ITC
2025-05-09 10:03:00+05:30,426.2,426.5,425.85,426.35,60852,ITC
2025-05-09 10:04:00+05:30,426.35,426.6,426.25,426.45,62054,ITC
2025-05-09 10:05:00+05:30,426.45,426.55,426.1,426.35,49402,ITC
2025-05-09 10:06:00+05:30,426.35,426.35,425.3,425.5,40527,ITC
2025-05-09 10:07:00+05:30,425.55,426.2,425.5,426.15,23311,ITC
2025-05-09 10:08:00+05:30,426.05,426.25,425.8,426.2,13508,ITC
2025-05-09 10:09:00+05:30,426.2,426.25,426.0,426.25,11961,ITC
2025-05-09 10:10:00+05:30,426.25,426.45,426.05,426.4,20943,ITC
2025-05-09 10:11:00+05:30,426.4,426.7,426.1,426.7,25564,ITC
2025-05-09 10:12:00+05:30,426.65,426.85,426.35,426.6,14250,ITC
2025-05-09 10:13:00+05:30,426.6,426.65,426.35,426.65,8400,ITC
2025-05-09 10:14:00+05:30,426.65,426.95,426.45,426.9,13641,ITC
2025-05-09 10:15:00+05:30,426.95,427.45,426.9,427.15,21597,ITC
2025-05-09 10:16:00+05:30,427.15,427.8,426.95,427.65,10070,ITC
2025-05-09 10:17:00+05:30,427.65,427.95,427.65,427.8,8048,ITC
2025-05-09 10:18:00+05:30,427.95,427.95,427.45,427.7,8137,ITC
2025-05-09 10:19:00+05:30,427.55,427.7,426.8,427.0,12041,ITC
2025-05-09 10:20:00+05:30,426.95,427.3,426.75,427.15,14772,ITC
2025-05-09 10:21:00+05:30,426.9,427.35,426.85,427.25,7117,ITC
2025-05-09 10:22:00+05:30,427.15,427.6,427.1,427.3,6553,ITC
2025-05-09 10:23:00+05:30,427.55,427.65,427.25,427.45,8593,ITC
2025-05-09 10:24:00+05:30,427.4,427.7,427.2,427.7,6852,ITC
2025-05-09 10:25:00+05:30,427.6,427.7,427.5,427.7,3935,ITC
2025-05-09 10:26:00+05:30,427.55,427.7,427.4,427.65,4444,ITC
2025-05-09 10:27:00+05:30,427.5,427.7,427.45,427.6,8172,ITC
2025-05-09 10:28:00+05:30,427.5,427.65,427.25,427.6,6637,ITC
2025-05-09 10:29:00+05:30,427.55,427.95,427.55,427.9,7905,ITC
2025-05-09 10:30:00+05:30,427.85,427.9,427.7,427.85,5087,ITC
2025-05-09 10:31:00+05:30,427.9,427.9,427.5,427.85,4637,ITC
2025-05-09 10:32:00+05:30,427.85,427.9,427.6,427.9,4859,ITC
2025-05-09 10:33:00+05:30,427.8,428.0,427.8,428.0,5936,ITC
2025-05-09 10:34:00+05:30,428.0,428.4,427.85,428.2,50082,ITC
2025-05-09 10:35:00+05:30,428.15,428.7,428.1,428.7,32840,ITC
2025-05-09 10:36:00+05:30,428.45,428.8,428.45,428.8,13441,ITC
2025-05-09 10:37:00+05:30,428.8,428.95,428.6,428.9,5543,ITC
2025-05-09 10:38:00+05:30,428.85,429.0,428.6,428.95,38208,ITC
2025-05-09 10:39:00+05:30,428.95,428.95,427.9,428.0,19848,ITC
2025-05-09 10:40:00+05:30,428.0,428.25,427.8,428.0,10313,ITC
2025-05-09 10:41:00+05:30,427.85,428.0,427.55,427.6,4143,ITC
2025-05-09 10:42:00+05:30,427.65,427.9,427.45,427.45,6841,ITC
2025-05-09 10:43:00+05:30,427.45,427.65,427.2,427.4,6272,ITC
2025-05-09 10:44:00+05:30,427.35,427.4,427.2,427.3,3094,ITC
2025-05-09 10:45:00+05:30,427.3,427.4,426.85,427.0,18037,ITC
2025-05-09 10:46:00+05:30,427.0,427.25,426.75,427.0,18214,ITC
2025-05-09 10:47:00+05:30,427.0,427.0,426.5,426.65,20263,ITC
2025-05-09 10:48:00+05:30,426.85,427.1,426.5,426.9,15427,ITC
2025-05-09 10:49:00+05:30,426.75,427.45,426.75,426.85,72555,ITC
2025-05-09 10:50:00+05:30,426.85,427.0,426.5,426.7,5227,ITC
2025-05-09 10:51:00+05:30,426.6,426.8,426.35,426.55,23285,ITC
2025-05-09 10:52:00+05:30,426.5,426.8,426.25,426.75,48450,ITC
2025-05-09 10:53:00+05:30,426.75,426.9,426.5,426.75,17917,ITC
2025-05-09 10:54:00+05:30,426.65,426.95,426.45,426.7,14619,ITC
2025-05-09 10:55:00+05:30,426.7,426.7,426.3,426.65,15420,ITC
2025-05-09 10:56:00+05:30,426.55,426.7,426.5,426.6,10447,ITC
2025-05-09 10:57:00+05:30,426.5,426.7,426.5,426.6,5831,ITC
2025-05-09 10:58:00+05:30,426.6,426.65,426.2,426.4,11996,ITC
2025-05-09 10:59:00+05:30,426.5,426.5,426.25,426.4,17434,ITC
2025-05-09 11:00:00+05:30,426.4,426.9,426.35,426.7,15568,ITC
2025-05-09 11:01:00+05:30,426.65,427.0,426.5,426.95,9957,ITC
2025-05-09 11:02:00+05:30,426.9,427.45,426.75,427.05,23019,ITC
2025-05-09 11:03:00+05:30,427.0,427.1,426.7,426.85,4642,ITC
2025-05-09 11:04:00+05:30,426.8,426.95,426.6,426.85,3532,ITC
2025-05-09 11:05:00+05:30,426.8,427.0,426.6,427.0,8197,ITC
2025-05-09 11:06:00+05:30,426.95,427.0,426.35,426.65,10647,ITC
2025-05-09 11:07:00+05:30,426.5,426.9,426.5,426.75,5293,ITC
2025-05-09 11:08:00+05:30,426.7,426.75,426.5,426.5,7133,ITC
2025-05-09 11:09:00+05:30,426.5,426.65,426.35,426.5,3750,ITC
2025-05-09 11:10:00+05:30,426.4,426.7,426.35,426.65,5947,ITC
2025-05-09 11:11:00+05:30,426.6,426.9,426.5,426.55,2967,ITC
2025-05-09 11:12:00+05:30,426.55,426.75,426.55,426.7,3690,ITC
2025-05-09 11:13:00+05:30,426.65,427.0,426.55,427.0,6103,ITC
2025-05-09 11:14:00+05:30,426.9,427.2,426.65,426.7,68494,ITC
2025-05-09 11:15:00+05:30,426.75,426.85,426.6,426.8,1475,ITC
2025-05-09 11:16:00+05:30,426.8,426.8,426.55,426.75,8427,ITC
2025-05-09 11:17:00+05:30,426.65,426.85,426.6,426.85,2017,ITC
2025-05-09 11:18:00+05:30,426.7,426.8,426.6,426.7,2122,ITC
2025-05-09 11:19:00+05:30,426.7,426.85,426.5,426.85,9182,ITC
2025-05-09 11:20:00+05:30,426.7,426.85,426.5,426.7,7374,ITC
2025-05-09 11:21:00+05:30,426.65,426.7,426.5,426.65,4046,ITC
2025-05-09 11:22:00+05:30,426.6,426.9,426.5,426.9,6515,ITC
2025-05-09 11:23:00+05:30,426.8,427.2,426.75,427.15,12395,ITC
2025-05-09 11:24:00+05:30,427.1,427.15,426.5,426.7,11762,ITC
2025-05-09 11:25:00+05:30,426.65,426.9,426.6,426.9,6856,ITC
2025-05-09 11:26:00+05:30,426.75,426.9,426.6,426.65,3681,ITC
2025-05-09 11:27:00+05:30,426.7,427.0,426.6,426.95,8387,ITC
2025-05-09 11:28:00+05:30,426.95,427.0,426.8,426.8,2159,ITC
2025-05-09 11:29:00+05:30,426.85,427.85,426.8,427.7,63242,ITC
2025-05-09 11:30:00+05:30,427.75,427.85,427.4,427.6,12582,ITC
2025-05-09 11:31:00+05:30,427.6,427.9,427.3,427.85,4316,ITC
2025-05-09 11:32:00+05:30,427.8,428.0,427.6,427.6,5692,ITC
2025-05-09 11:33:00+05:30,427.75,427.8,427.45,427.45,19745,ITC
2025-05-09 11:34:00+05:30,427.5,427.7,427.25,427.7,6295,ITC
2025-05-09 11:35:00+05:30,427.6,427.6,427.0,427.25,17408,ITC
2025-05-09 11:36:00+05:30,427.2,427.2,426.75,426.95,6181,ITC
2025-05-09 11:37:00+05:30,426.95,427.05,426.8,427.0,5011,ITC
2025-05-09 11:38:00+05:30,426.95,427.3,426.9,427.1,10430,ITC
2025-05-09 11:39:00+05:30,427.15,427.15,426.85,427.0,10672,ITC
2025-05-09 11:40:00+05:30,426.95,427.0,426.75,426.95,9120,ITC
2025-05-09 11:41:00+05:30,427.0,427.35,426.8,427.35,14209,ITC
2025-05-09 11:42:00+05:30,427.35,427.35,426.85,426.95,9445,ITC
2025-05-09 11:43:00+05:30,426.95,427.0,426.85,426.9,1519,ITC
2025-05-09 11:44:00+05:30,426.95,427.0,426.85,426.85,6928,ITC
2025-05-09 11:45:00+05:30,426.85,426.85,426.6,426.6,6317,ITC
2025-05-09 11:46:00+05:30,426.7,426.8,426.6,426.75,5124,ITC
2025-05-09 11:47:00+05:30,426.75,426.8,426.5,426.6,10759,ITC
2025-05-09 11:48:00+05:30,426.6,426.7,426.5,426.55,10765,ITC
2025-05-09 11:49:00+05:30,426.6,426.6,426.2,426.5,16672,ITC
2025-05-09 11:50:00+05:30,426.5,426.6,426.3,426.55,3377,ITC
2025-05-09 11:51:00+05:30,426.5,426.65,426.4,426.65,1851,ITC
2025-05-09 11:52:00+05:30,426.65,426.7,426.45,426.65,6165,ITC
2025-05-09 11:53:00+05:30,426.7,426.75,426.65,426.7,1659,ITC
2025-05-09 11:54:00+05:30,426.75,426.9,426.65,426.8,3849,ITC
2025-05-09 11:55:00+05:30,426.8,427.0,426.65,426.85,4829,ITC
2025-05-09 11:56:00+05:30,426.85,427.4,426.85,427.25,25424,ITC
2025-05-09 11:57:00+05:30,427.15,427.4,427.1,427.3,9858,ITC
2025-05-09 11:58:00+05:30,427.2,427.3,427.2,427.25,2004,ITC
2025-05-09 11:59:00+05:30,427.25,427.3,427.25,427.3,1375,ITC
2025-05-09 12:00:00+05:30,427.25,427.3,427.0,427.05,9087,ITC
2025-05-09 12:01:00+05:30,427.0,427.1,426.85,426.85,17390,ITC
2025-05-09 12:02:00+05:30,426.8,426.85,426.55,426.6,17539,ITC
2025-05-09 12:03:00+05:30,426.55,426.7,426.4,426.55,28139,ITC
2025-05-09 12:04:00+05:30,426.5,426.75,426.45,426.75,55263,ITC
2025-05-09 12:05:00+05:30,426.75,426.95,426.5,426.9,27865,ITC
2025-05-09 12:06:00+05:30,426.9,427.0,426.55,426.55,49089,ITC
2025-05-09 12:07:00+05:30,426.55,426.7,426.5,426.6,33410,ITC
2025-05-09 12:08:00+05:30,426.6,426.8,426.5,426.6,18799,ITC
2025-05-09 12:09:00+05:30,426.6,426.7,426.6,426.65,6443,ITC
2025-05-09 12:10:00+05:30,426.7,426.7,426.35,426.5,56962,ITC
2025-05-09 12:11:00+05:30,426.5,426.6,426.5,426.55,17630,ITC
2025-05-09 12:12:00+05:30,426.55,426.65,426.5,426.6,12986,ITC
2025-05-09 12:13:00+05:30,426.55,426.65,426.5,426.6,17381,ITC
2025-05-09 12:14:00+05:30,426.6,426.85,426.5,426.65,16491,ITC
2025-05-09 12:15:00+05:30,426.55,426.7,426.5,426.65,18495,ITC
2025-05-09 12:16:00+05:30,426.7,426.7,426.4,426.5,36265,ITC
2025-05-09 12:17:00+05:30,426.5,426.5,426.4,426.4,8738,ITC
2025-05-09 12:18:00+05:30,426.4,426.45,426.25,426.25,19982,ITC
2025-05-09 12:19:00+05:30,426.3,426.45,426.2,426.4,13732,ITC
2025-05-09 12:20:00+05:30,426.35,426.45,425.5,425.65,86397,ITC
2025-05-09 12:21:00+05:30,425.7,425.85,425.25,425.35,25114,ITC
2025-05-09 12:22:00+05:30,425.25,425.5,424.75,424.8,66262,ITC
2025-05-09 12:23:00+05:30,424.75,425.25,424.65,425.25,33509,ITC
2025-05-09 12:24:00+05:30,425.1,425.35,424.75,424.85,29799,ITC
2025-05-09 12:25:00+05:30,424.8,425.2,424.6,425.0,98988,ITC
2025-05-09 12:26:00+05:30,425.0,425.2,424.65,425.15,51200,ITC
2025-05-09 12:27:00+05:30,425.1,425.2,425.0,425.1,17768,ITC
2025-05-09 12:28:00+05:30,425.05,425.2,424.85,425.1,20441,ITC
2025-05-09 12:29:00+05:30,425.0,425.2,425.0,425.2,12690,ITC
2025-05-09 12:30:00+05:30,425.1,425.15,424.5,424.95,60315,ITC
2025-05-09 12:31:00+05:30,424.95,425.2,424.9,425.1,37712,ITC
2025-05-09 12:32:00+05:30,425.05,425.1,424.7,425.0,123380,ITC
2025-05-09 12:33:00+05:30,425.0,425.4,424.95,425.4,11731,ITC
2025-05-09 12:34:00+05:30,425.35,425.55,425.25,425.25,9473,ITC
2025-05-09 12:35:00+05:30,425.45,425.9,425.2,425.9,6757,ITC
2025-05-09 12:36:00+05:30,425.85,425.9,425.7,425.9,12050,ITC
2025-05-09 12:37:00+05:30,425.75,425.9,425.6,425.85,8072,ITC
2025-05-09 12:38:00+05:30,425.8,425.9,425.55,425.65,16067,ITC
2025-05-09 12:39:00+05:30,425.7,425.9,425.55,425.75,16407,ITC
2025-05-09 12:40:00+05:30,425.8,426.0,425.55,425.9,14538,ITC
2025-05-09 12:41:00+05:30,425.75,426.0,425.65,425.85,7439,ITC
2025-05-09 12:42:00+05:30,425.85,425.85,425.6,425.7,8718,ITC
2025-05-09 12:43:00+05:30,425.7,425.7,425.6,425.7,7254,ITC
2025-05-09 12:44:00+05:30,425.65,425.85,425.65,425.85,5289,ITC
2025-05-09 12:45:00+05:30,425.7,425.85,425.6,425.85,9354,ITC
2025-05-09 12:46:00+05:30,425.75,426.0,425.75,426.0,6941,ITC
2025-05-09 12:47:00+05:30,425.95,426.2,425.8,426.2,12915,ITC
2025-05-09 12:48:00+05:30,426.2,426.25,425.55,425.75,10638,ITC
2025-05-09 12:49:00+05:30,425.65,425.8,425.65,425.8,5105,ITC
2025-05-09 12:50:00+05:30,425.75,426.05,425.7,425.85,6345,ITC
2025-05-09 12:51:00+05:30,425.75,425.75,425.5,425.5,12476,ITC
2025-05-09 12:52:00+05:30,425.5,425.6,425.5,425.55,8130,ITC
2025-05-09 12:53:00+05:30,425.55,425.75,425.5,425.75,12754,ITC
2025-05-09 12:54:00+05:30,425.7,425.8,425.55,425.75,9977,ITC
2025-05-09 12:55:00+05:30,425.7,425.75,425.55,425.6,9537,ITC
2025-05-09 12:56:00+05:30,425.55,425.65,425.0,425.2,18466,ITC
2025-05-09 12:57:00+05:30,425.2,425.2,424.85,425.05,25224,ITC
2025-05-09 12:58:00+05:30,425.05,425.1,424.9,425.1,23010,ITC
2025-05-09 12:59:00+05:30,425.05,425.4,425.05,425.4,5352,ITC
2025-05-09 13:00:00+05:30,425.4,425.4,425.15,425.15,11801,ITC
2025-05-09 13:01:00+05:30,425.15,425.25,425.1,425.2,5833,ITC
2025-05-09 13:02:00+05:30,425.15,425.2,425.0,425.15,10200,ITC
2025-05-09 13:03:00+05:30,425.15,425.15,424.6,424.75,15933,ITC
2025-05-09 13:04:00+05:30,424.7,425.1,424.7,425.1,13070,ITC
2025-05-09 13:05:00+05:30,425.1,425.3,424.7,424.8,10453,ITC
2025-05-09 13:06:00+05:30,424.8,425.1,424.7,425.1,15645,ITC
2025-05-09 13:07:00+05:30,425.05,425.2,424.85,425.2,15354,ITC
2025-05-09 13:08:00+05:30,425.15,425.3,425.0,425.1,11270,ITC
2025-05-09 13:09:00+05:30,425.1,425.1,424.95,425.05,7134,ITC
2025-05-09 13:10:00+05:30,425.0,425.25,425.0,425.25,9016,ITC
2025-05-09 13:11:00+05:30,425.1,425.25,425.0,425.15,4699,ITC
2025-05-09 13:12:00+05:30,425.1,425.6,425.1,425.2,25319,ITC
2025-05-09 13:13:00+05:30,425.15,425.25,425.05,425.2,5543,ITC
2025-05-09 13:14:00+05:30,425.15,425.25,425.05,425.15,7177,ITC
2025-05-09 13:15:00+05:30,425.1,425.3,425.1,425.1,8668,ITC
2025-05-09 13:16:00+05:30,425.1,425.35,425.05,425.25,5266,ITC
2025-05-09 13:17:00+05:30,425.2,425.4,425.2,425.3,3832,ITC
2025-05-09 13:18:00+05:30,425.25,425.4,425.25,425.35,9066,ITC
2025-05-09 13:19:00+05:30,425.3,425.45,425.2,425.4,6244,ITC
2025-05-09 13:20:00+05:30,425.4,425.45,425.25,425.4,8048,ITC
2025-05-09 13:21:00+05:30,425.3,425.4,424.8,425.05,45692,ITC
2025-05-09 13:22:00+05:30,425.0,425.3,424.9,425.2,23799,ITC
2025-05-09 13:23:00+05:30,425.15,425.35,425.1,425.3,8223,ITC
2025-05-09 13:24:00+05:30,425.25,425.3,425.0,425.1,8398,ITC
2025-05-09 13:25:00+05:30,425.05,425.3,425.0,425.25,4499,ITC
2025-05-09 13:26:00+05:30,425.2,425.4,425.1,425.3,7560,ITC
2025-05-09 13:27:00+05:30,425.15,425.35,425.1,425.2,5625,ITC
2025-05-09 13:28:00+05:30,425.15,425.35,424.8,425.05,16819,ITC
2025-05-09 13:29:00+05:30,425.05,425.2,424.9,424.9,8757,ITC
2025-05-09 13:30:00+05:30,424.9,425.15,424.9,425.15,6342,ITC
2025-05-09 13:31:00+05:30,425.1,425.5,425.1,425.35,14037,ITC
2025-05-09 13:32:00+05:30,425.3,425.65,425.25,425.6,4577,ITC
2025-05-09 13:33:00+05:30,425.65,425.7,425.5,425.7,6881,ITC
2025-05-09 13:34:00+05:30,425.6,425.65,425.2,425.3,10830,ITC
2025-05-09 13:35:00+05:30,425.35,425.5,425.2,425.4,6576,ITC
2025-05-09 13:36:00+05:30,425.3,425.4,425.0,425.2,11634,ITC
2025-05-09 13:37:00+05:30,425.1,425.25,425.0,425.25,7014,ITC
2025-05-09 13:38:00+05:30,425.2,425.35,425.0,425.25,7218,ITC
2025-05-09 13:39:00+05:30,425.2,425.45,425.1,425.45,9959,ITC
2025-05-09 13:40:00+05:30,425.35,425.6,425.15,425.35,9954,ITC
2025-05-09 13:41:00+05:30,425.25,425.35,425.05,425.25,6085,ITC
2025-05-09 13:42:00+05:30,425.15,425.45,425.1,425.35,11175,ITC
2025-05-09 13:43:00+05:30,425.25,425.4,425.15,425.25,5921,ITC
2025-05-09 13:44:00+05:30,425.25,425.6,425.2,425.45,11852,ITC
2025-05-09 13:45:00+05:30,425.35,425.5,425.25,425.45,4138,ITC
2025-05-09 13:46:00+05:30,425.35,425.5,425.3,425.5,5004,ITC
2025-05-09 13:47:00+05:30,425.45,425.75,425.45,425.7,9165,ITC
2025-05-09 13:48:00+05:30,425.65,425.7,425.3,425.5,15570,ITC
2025-05-09 13:49:00+05:30,425.35,425.5,425.25,425.5,5737,ITC
2025-05-09 13:50:00+05:30,425.4,425.6,425.05,425.35,10104,ITC
2025-05-09 13:51:00+05:30,425.35,425.4,425.15,425.3,10769,ITC
2025-05-09 13:52:00+05:30,425.25,425.45,425.1,425.45,6050,ITC
2025-05-09 13:53:00+05:30,425.45,425.65,425.25,425.5,13422,ITC
2025-05-09 13:54:00+05:30,425.35,425.7,425.3,425.4,11141,ITC
2025-05-09 13:55:00+05:30,425.45,425.65,425.35,425.35,6342,ITC
2025-05-09 13:56:00+05:30,425.35,425.45,425.0,425.15,11530,ITC
2025-05-09 13:57:00+05:30,425.15,425.3,425.05,425.2,6145,ITC
2025-05-09 13:58:00+05:30,425.2,425.3,425.05,425.15,21530,ITC
2025-05-09 13:59:00+05:30,425.05,425.15,424.85,424.9,25240,ITC
2025-05-09 14:00:00+05:30,424.9,425.15,424.8,425.05,7727,ITC
2025-05-09 14:01:00+05:30,425.05,425.3,425.0,425.3,6998,ITC
2025-05-09 14:02:00+05:30,425.3,425.45,425.1,425.4,8396,ITC
2025-05-09 14:03:00+05:30,425.35,425.45,425.05,425.3,10158,ITC
2025-05-09 14:04:00+05:30,425.2,425.4,425.15,425.2,8223,ITC
2025-05-09 14:05:00+05:30,425.2,425.25,424.65,424.95,23880,ITC
2025-05-09 14:06:00+05:30,424.8,425.15,424.75,425.0,34866,ITC
2025-05-09 14:07:00+05:30,425.0,425.15,424.9,425.0,8654,ITC
2025-05-09 14:08:00+05:30,425.0,425.05,424.8,425.05,7239,ITC
2025-05-09 14:09:00+05:30,425.05,425.2,424.95,425.15,12751,ITC
2025-05-09 14:10:00+05:30,425.15,425.15,424.9,425.05,7837,ITC
2025-05-09 14:11:00+05:30,425.05,425.25,424.95,425.0,16037,ITC
2025-05-09 14:12:00+05:30,424.95,425.1,424.9,425.05,9334,ITC
2025-05-09 14:13:00+05:30,425.0,425.2,424.95,425.05,9335,ITC
2025-05-09 14:14:00+05:30,425.0,425.2,424.9,425.05,10640,ITC
2025-05-09 14:15:00+05:30,425.0,425.05,424.9,425.05,12074,ITC
2025-05-09 14:16:00+05:30,425.05,425.3,425.0,425.25,9753,ITC
2025-05-09 14:17:00+05:30,425.2,425.5,425.1,425.4,10790,ITC
2025-05-09 14:18:00+05:30,425.4,425.45,425.0,425.1,8278,ITC
2025-05-09 14:19:00+05:30,425.1,425.1,424.75,424.85,18852,ITC
2025-05-09 14:20:00+05:30,424.75,425.1,424.6,425.05,26641,ITC
2025-05-09 14:21:00+05:30,425.0,425.2,424.8,425.1,18427,ITC
2025-05-09 14:22:00+05:30,425.1,425.2,424.8,424.85,17811,ITC
2025-05-09 14:23:00+05:30,424.8,424.9,424.4,424.75,38932,ITC
2025-05-09 14:24:00+05:30,424.65,424.75,424.15,424.35,27831,ITC
2025-05-09 14:25:00+05:30,424.2,424.4,424.1,424.3,15553,ITC
2025-05-09 14:26:00+05:30,424.25,424.3,423.75,424.2,70998,ITC
2025-05-09 14:27:00+05:30,424.1,424.25,424.0,424.1,10603,ITC
2025-05-09 14:28:00+05:30,424.05,424.2,424.0,424.05,12646,ITC
2025-05-09 14:29:00+05:30,424.0,424.1,423.85,424.0,9363,ITC
2025-05-09 14:30:00+05:30,424.0,424.25,423.9,424.2,10684,ITC
2025-05-09 14:31:00+05:30,424.2,424.55,424.1,424.25,15818,ITC
2025-05-09 14:32:00+05:30,424.25,424.5,424.2,424.3,12943,ITC
2025-05-09 14:33:00+05:30,424.25,424.5,424.25,424.35,10066,ITC
2025-05-09 14:34:00+05:30,424.35,424.45,424.2,424.4,13270,ITC
2025-05-09 14:35:00+05:30,424.3,424.5,424.25,424.4,7958,ITC
2025-05-09 14:36:00+05:30,424.3,424.4,424.25,424.3,12952,ITC
2025-05-09 14:37:00+05:30,424.25,424.3,423.8,423.95,85509,ITC
2025-05-09 14:38:00+05:30,423.95,424.0,423.7,423.9,21008,ITC
2025-05-09 14:39:00+05:30,423.7,424.0,423.7,423.9,9038,ITC
2025-05-09 14:40:00+05:30,423.85,424.4,423.85,424.0,33627,ITC
2025-05-09 14:41:00+05:30,423.95,424.3,423.95,424.0,34227,ITC
2025-05-09 14:42:00+05:30,423.95,424.1,423.95,424.0,30898,ITC
2025-05-09 14:43:00+05:30,424.0,424.0,423.9,423.95,17368,ITC
2025-05-09 14:44:00+05:30,423.95,424.0,423.9,424.0,8898,ITC
2025-05-09 14:45:00+05:30,423.95,424.0,423.9,424.0,9891,ITC
2025-05-09 14:46:00+05:30,423.95,424.0,423.95,424.0,10599,ITC
2025-05-09 14:47:00+05:30,424.0,424.25,423.9,424.0,31270,ITC
2025-05-09 14:48:00+05:30,424.0,424.0,423.9,424.0,10143,ITC
2025-05-09 14:49:00+05:30,424.0,424.0,423.95,424.0,14915,ITC
2025-05-09 14:50:00+05:30,423.95,424.1,423.9,424.0,16670,ITC
2025-05-09 14:51:00+05:30,423.95,424.0,423.95,424.0,18258,ITC
2025-05-09 14:52:00+05:30,424.0,424.2,423.9,424.0,75456,ITC
2025-05-09 14:53:00+05:30,424.0,424.3,423.9,424.0,84865,ITC
2025-05-09 14:54:00+05:30,423.95,424.0,423.7,423.8,25624,ITC
2025-05-09 14:55:00+05:30,423.8,423.85,423.65,423.85,12490,ITC
2025-05-09 14:56:00+05:30,423.8,424.0,423.8,424.0,8507,ITC
2025-05-09 14:57:00+05:30,424.0,424.0,423.65,423.95,30229,ITC
2025-05-09 14:58:00+05:30,423.85,424.0,423.65,424.0,13196,ITC
2025-05-09 14:59:00+05:30,423.95,424.0,423.95,423.95,12047,ITC
2025-05-09 15:00:00+05:30,423.95,424.0,423.25,423.55,49128,ITC
2025-05-09 15:01:00+05:30,423.5,423.8,423.35,423.4,28163,ITC
2025-05-09 15:02:00+05:30,423.35,423.55,423.3,423.35,22869,ITC
2025-05-09 15:03:00+05:30,423.3,423.5,423.3,423.5,19851,ITC
2025-05-09 15:04:00+05:30,423.45,423.55,423.35,423.55,21950,ITC
2025-05-09 15:05:00+05:30,423.5,423.7,423.5,423.65,17906,ITC
2025-05-09 15:06:00+05:30,423.6,423.9,423.6,423.9,20327,ITC
2025-05-09 15:07:00+05:30,423.85,423.95,423.5,423.6,60427,ITC
2025-05-09 15:08:00+05:30,423.6,423.7,423.5,423.6,43742,ITC
2025-05-09 15:09:00+05:30,423.55,423.75,423.1,423.35,69547,ITC
2025-05-09 15:10:00+05:30,423.35,423.35,423.2,423.3,17861,ITC
2025-05-09 15:11:00+05:30,423.3,423.35,423.15,423.2,29008,ITC
2025-05-09 15:12:00+05:30,423.2,423.25,423.15,423.2,23480,ITC
2025-05-09 15:13:00+05:30,423.2,423.35,423.2,423.35,23765,ITC
2025-05-09 15:14:00+05:30,423.25,423.45,423.15,423.3,29642,ITC
2025-05-09 15:15:00+05:30,423.25,423.3,423.0,423.2,43681,ITC
2025-05-09 15:16:00+05:30,423.2,423.45,423.05,423.45,30204,ITC
2025-05-09 15:17:00+05:30,423.4,423.45,423.25,423.35,27820,ITC
2025-05-09 15:18:00+05:30,423.3,423.3,423.0,423.2,43725,ITC
2025-05-09 15:19:00+05:30,423.2,423.9,423.2,423.8,70772,ITC
2025-05-09 15:20:00+05:30,423.95,423.95,423.5,423.55,101630,ITC
2025-05-09 15:21:00+05:30,423.5,423.55,423.2,423.3,66552,ITC
2025-05-09 15:22:00+05:30,423.2,423.55,423.2,423.35,84727,ITC
2025-05-09 15:23:00+05:30,423.35,423.95,423.35,423.8,116951,ITC
2025-05-09 15:24:00+05:30,423.65,424.25,423.65,424.1,69102,ITC
2025-05-09 15:25:00+05:30,424.05,424.15,423.85,423.95,35297,ITC
2025-05-09 15:26:00+05:30,423.95,424.25,423.9,424.15,52823,ITC
2025-05-09 15:27:00+05:30,424.0,424.15,423.5,423.7,95132,ITC
2025-05-09 15:28:00+05:30,423.7,424.0,423.3,423.8,64893,ITC
2025-05-09 15:29:00+05:30,423.8,424.0,423.1,424.0,42249,ITC
2025-05-12 09:15:00+05:30,429.5,430.9,428.15,430.2,98131,ITC
2025-05-12 09:16:00+05:30,430.75,431.9,430.15,430.95,66042,ITC
2025-05-12 09:17:00+05:30,430.85,431.05,430.1,430.4,21122,ITC
2025-05-12 09:18:00+05:30,430.65,430.75,430.0,430.0,28641,ITC
2025-05-12 09:19:00+05:30,430.2,430.45,429.7,429.95,25325,ITC
2025-05-12 09:20:00+05:30,429.95,430.2,429.35,429.6,19498,ITC
2025-05-12 09:21:00+05:30,429.75,430.2,429.55,429.9,27183,ITC
2025-05-12 09:22:00+05:30,429.9,430.45,429.6,430.2,35229,ITC
2025-05-12 09:23:00+05:30,430.2,430.25,429.6,430.15,28747,ITC
2025-05-12 09:24:00+05:30,430.2,431.15,430.05,430.75,61222,ITC
2025-05-12 09:25:00+05:30,430.95,431.25,430.65,430.9,38287,ITC
2025-05-12 09:26:00+05:30,430.7,431.25,430.55,431.1,29863,ITC
2025-05-12 09:27:00+05:30,431.15,431.7,430.9,431.4,27508,ITC
2025-05-12 09:28:00+05:30,431.4,431.6,431.0,431.4,33313,ITC
2025-05-12 09:29:00+05:30,431.4,431.9,431.25,431.9,33038,ITC
2025-05-12 09:30:00+05:30,431.8,432.0,431.3,431.5,36793,ITC
2025-05-12 09:31:00+05:30,431.3,431.6,431.2,431.45,51496,ITC
2025-05-12 09:32:00+05:30,431.45,431.7,431.25,431.6,74371,ITC
2025-05-12 09:33:00+05:30,431.7,431.85,431.1,431.15,53206,ITC
2025-05-12 09:34:00+05:30,431.2,431.3,430.75,430.9,55502,ITC
2025-05-12 09:35:00+05:30,431.0,431.6,430.95,431.3,63548,ITC
2025-05-12 09:36:00+05:30,431.4,431.85,431.3,431.5,115207,ITC
2025-05-12 09:37:00+05:30,431.4,432.0,431.4,431.95,57452,ITC
2025-05-12 09:38:00+05:30,431.95,432.0,431.6,431.75,49225,ITC
2025-05-12 09:39:00+05:30,431.75,431.9,431.6,431.7,37981,ITC
2025-05-12 09:40:00+05:30,431.75,432.0,431.25,431.35,29107,ITC
2025-05-12 09:41:00+05:30,431.35,431.4,431.05,431.3,39269,ITC
2025-05-12 09:42:00+05:30,431.35,431.65,431.25,431.3,10453,ITC
2025-05-12 09:43:00+05:30,431.4,431.65,431.25,431.4,19309,ITC
2025-05-12 09:44:00+05:30,431.4,431.6,431.25,431.6,15536,ITC
2025-05-12 09:45:00+05:30,431.4,431.75,431.05,431.15,47661,ITC
2025-05-12 09:46:00+05:30,431.25,431.65,431.1,431.35,15226,ITC
2025-05-12 09:47:00+05:30,431.35,431.4,431.1,431.2,9516,ITC
2025-05-12 09:48:00+05:30,431.1,431.55,431.1,431.5,12142,ITC
2025-05-12 09:49:00+05:30,431.5,431.75,431.15,431.35,34118,ITC
2025-05-12 09:50:00+05:30,431.2,431.45,431.15,431.25,5495,ITC
2025-05-12 09:51:00+05:30,431.2,431.6,431.0,431.4,21083,ITC
2025-05-12 09:52:00+05:30,431.4,431.65,431.2,431.4,47919,ITC
2025-05-12 09:53:00+05:30,431.4,431.65,431.1,431.4,22270,ITC
2025-05-12 09:54:00+05:30,431.4,432.35,431.35,431.95,71404,ITC
2025-05-12 09:55:00+05:30,432.0,432.35,431.8,432.1,28875,ITC
2025-05-12 09:56:00+05:30,432.35,433.0,432.2,432.75,41305,ITC
2025-05-12 09:57:00+05:30,432.75,433.2,432.65,433.0,17822,ITC
2025-05-12 09:58:00+05:30,433.0,433.45,432.85,433.45,27394,ITC
2025-05-12 09:59:00+05:30,433.45,433.65,433.25,433.3,17709,ITC
2025-05-12 10:00:00+05:30,433.35,433.6,432.85,433.2,34148,ITC
2025-05-12 10:01:00+05:30,433.1,433.2,432.75,433.15,9591,ITC
2025-05-12 10:02:00+05:30,433.2,433.65,433.15,433.65,17461,ITC
2025-05-12 10:03:00+05:30,433.65,433.7,433.3,433.4,25107,ITC
2025-05-12 10:04:00+05:30,433.45,433.85,433.3,433.85,19548,ITC
2025-05-12 10:05:00+05:30,433.8,433.95,433.55,433.75,18461,ITC
2025-05-12 10:06:00+05:30,433.65,434.2,433.65,434.0,35270,ITC
2025-05-12 10:07:00+05:30,434.0,434.35,433.75,434.05,25816,ITC
2025-05-12 10:08:00+05:30,434.05,434.25,433.95,434.2,21390,ITC
2025-05-12 10:09:00+05:30,434.2,434.4,433.8,434.25,7759,ITC
2025-05-12 10:10:00+05:30,434.25,434.5,434.25,434.35,12596,ITC
2025-05-12 10:11:00+05:30,434.35,434.4,434.1,434.25,22818,ITC
2025-05-12 10:12:00+05:30,434.15,434.2,433.95,434.05,11862,ITC
2025-05-12 10:13:00+05:30,434.05,434.1,433.75,433.85,29944,ITC
2025-05-12 10:14:00+05:30,433.75,433.85,433.55,433.85,9236,ITC
2025-05-12 10:15:00+05:30,433.85,434.25,433.85,434.1,17419,ITC
2025-05-12 10:16:00+05:30,434.05,434.3,433.85,434.15,22617,ITC
2025-05-12 10:17:00+05:30,434.25,434.5,434.15,434.2,14016,ITC
2025-05-12 10:18:00+05:30,434.25,434.25,433.85,433.9,12687,ITC
2025-05-12 10:19:00+05:30,433.9,433.9,433.65,433.85,5797,ITC
2025-05-12 10:20:00+05:30,433.85,434.3,433.85,434.25,23772,ITC
2025-05-12 10:21:00+05:30,434.25,434.95,434.2,434.9,40350,ITC
2025-05-12 10:22:00+05:30,434.95,435.0,434.75,434.85,27677,ITC
2025-05-12 10:23:00+05:30,434.85,434.85,434.5,434.55,15761,ITC
2025-05-12 10:24:00+05:30,434.55,434.75,434.5,434.75,12999,ITC
2025-05-12 10:25:00+05:30,434.7,435.25,434.6,435.15,47598,ITC
2025-05-12 10:26:00+05:30,435.15,435.2,434.8,435.0,15663,ITC
2025-05-12 10:27:00+05:30,434.9,435.2,434.75,434.75,25454,ITC
2025-05-12 10:28:00+05:30,434.75,435.25,434.65,435.1,11412,ITC
2025-05-12 10:29:00+05:30,435.05,435.5,434.9,434.95,66717,ITC
2025-05-12 10:30:00+05:30,434.95,435.15,434.8,434.95,17947,ITC
2025-05-12 10:31:00+05:30,434.95,435.1,434.9,434.95,3763,ITC
2025-05-12 10:32:00+05:30,435.0,435.15,434.75,434.9,6278,ITC
2025-05-12 10:33:00+05:30,434.85,435.15,434.85,434.9,10830,ITC
2025-05-12 10:34:00+05:30,434.9,435.1,434.25,434.45,13411,ITC
2025-05-12 10:35:00+05:30,434.4,434.75,434.15,434.45,54122,ITC
2025-05-12 10:36:00+05:30,434.45,434.8,434.25,434.7,9513,ITC
2025-05-12 10:37:00+05:30,434.7,434.75,434.15,434.3,14028,ITC
2025-05-12 10:38:00+05:30,434.3,434.65,434.15,434.5,12419,ITC
2025-05-12 10:39:00+05:30,434.3,434.6,434.2,434.6,8384,ITC
2025-05-12 10:40:00+05:30,434.45,434.55,434.15,434.25,11230,ITC
2025-05-12 10:41:00+05:30,434.25,434.35,433.75,433.9,36361,ITC
2025-05-12 10:42:00+05:30,433.9,434.05,433.7,433.7,11306,ITC
2025-05-12 10:43:00+05:30,433.7,434.3,433.5,434.0,61755,ITC
2025-05-12 10:44:00+05:30,433.95,434.2,433.7,433.75,9942,ITC
2025-05-12 10:45:00+05:30,433.7,434.1,433.7,434.0,23270,ITC
2025-05-12 10:46:00+05:30,433.95,434.15,433.75,433.8,5315,ITC
2025-05-12 10:47:00+05:30,433.95,434.15,433.85,433.95,14209,ITC
2025-05-12 10:48:00+05:30,433.95,433.95,433.5,433.65,8899,ITC
2025-05-12 10:49:00+05:30,433.8,434.0,433.45,434.0,7288,ITC
2025-05-12 10:50:00+05:30,434.0,434.0,433.8,434.0,2165,ITC
2025-05-12 10:51:00+05:30,434.0,434.0,433.6,433.6,4965,ITC
2025-05-12 10:52:00+05:30,433.6,433.8,433.45,433.45,7067,ITC
2025-05-12 10:53:00+05:30,433.45,433.75,433.45,433.7,4462,ITC
2025-05-12 10:54:00+05:30,433.75,433.75,433.6,433.6,3022,ITC
2025-05-12 10:55:00+05:30,433.6,433.75,433.55,433.65,2042,ITC
2025-05-12 10:56:00+05:30,433.55,433.7,433.5,433.7,6029,ITC
2025-05-12 10:57:00+05:30,433.7,433.7,433.1,433.25,6010,ITC
2025-05-12 10:58:00+05:30,433.1,433.15,432.3,432.65,28978,ITC
2025-05-12 10:59:00+05:30,432.75,433.0,432.75,432.95,8789,ITC
2025-05-12 11:00:00+05:30,432.8,433.3,432.8,432.9,8430,ITC
2025-05-12 11:01:00+05:30,432.85,433.25,432.75,432.9,6678,ITC
2025-05-12 11:02:00+05:30,433.05,433.05,432.85,432.95,2717,ITC
2025-05-12 11:03:00+05:30,432.95,433.0,432.85,433.0,3767,ITC
2025-05-12 11:04:00+05:30,433.0,433.0,432.85,432.95,2939,ITC
2025-05-12 11:05:00+05:30,432.95,433.25,432.8,433.2,8619,ITC
2025-05-12 11:06:00+05:30,433.2,433.45,433.0,433.3,13769,ITC
2025-05-12 11:07:00+05:30,433.3,433.35,433.2,433.35,1863,ITC
2025-05-12 11:08:00+05:30,433.35,433.4,433.2,433.25,6904,ITC
2025-05-12 11:09:00+05:30,433.4,433.5,433.35,433.35,5618,ITC
2025-05-12 11:10:00+05:30,433.4,433.6,433.35,433.5,6429,ITC
2025-05-12 11:11:00+05:30,433.6,433.9,433.55,433.9,9571,ITC
2025-05-12 11:12:00+05:30,433.9,434.0,433.8,433.85,10310,ITC
2025-05-12 11:13:00+05:30,433.8,434.0,433.8,434.0,11077,ITC
2025-05-12 11:14:00+05:30,434.0,434.0,433.85,433.9,7137,ITC
2025-05-12 11:15:00+05:30,433.95,434.0,433.9,434.0,8416,ITC
2025-05-12 11:16:00+05:30,434.0,434.0,433.65,433.7,12748,ITC
2025-05-12 11:17:00+05:30,433.7,434.25,433.55,434.15,65877,ITC
2025-05-12 11:18:00+05:30,434.15,434.55,434.0,434.1,69012,ITC
2025-05-12 11:19:00+05:30,434.1,434.25,433.65,434.0,25692,ITC
2025-05-12 11:20:00+05:30,434.0,434.0,433.75,433.8,9158,ITC
2025-05-12 11:21:00+05:30,433.8,434.0,433.8,434.0,12771,ITC
2025-05-12 11:22:00+05:30,434.0,434.0,433.9,433.95,1326,ITC
2025-05-12 11:23:00+05:30,433.9,434.0,433.85,434.0,2848,ITC
2025-05-12 11:24:00+05:30,434.0,434.0,433.9,433.95,4724,ITC
2025-05-12 11:25:00+05:30,433.95,434.45,433.8,433.8,75149,ITC
2025-05-12 11:26:00+05:30,433.85,434.15,433.75,433.95,19149,ITC
2025-05-12 11:27:00+05:30,434.0,434.25,433.9,434.0,13466,ITC
2025-05-12 11:28:00+05:30,434.0,434.15,433.9,434.15,5316,ITC
2025-05-12 11:29:00+05:30,434.0,434.25,433.9,433.95,32757,ITC
2025-05-12 11:30:00+05:30,433.9,434.0,433.8,433.85,5859,ITC
2025-05-12 11:31:00+05:30,433.95,433.95,433.55,433.6,20508,ITC
2025-05-12 11:32:00+05:30,433.6,433.95,433.45,433.6,17286,ITC
2025-05-12 11:33:00+05:30,433.6,433.75,433.45,433.45,9566,ITC
2025-05-12 11:34:00+05:30,433.65,433.7,433.35,433.35,12406,ITC
2025-05-12 11:35:00+05:30,433.35,433.5,433.25,433.25,4289,ITC
2025-05-12 11:36:00+05:30,433.25,433.55,433.25,433.55,5895,ITC
2025-05-12 11:37:00+05:30,433.5,433.95,433.45,433.65,12873,ITC
2025-05-12 11:38:00+05:30,433.7,433.85,433.55,433.55,14209,ITC
2025-05-12 11:39:00+05:30,433.5,433.7,433.4,433.55,7316,ITC
2025-05-12 11:40:00+05:30,433.55,433.7,433.45,433.5,13134,ITC
2025-05-12 11:41:00+05:30,433.45,433.45,433.15,433.35,5630,ITC
2025-05-12 11:42:00+05:30,433.3,433.35,433.05,433.3,9087,ITC
2025-05-12 11:43:00+05:30,433.1,433.45,433.1,433.45,4751,ITC
2025-05-12 11:44:00+05:30,433.4,433.6,433.35,433.55,3985,ITC
2025-05-12 11:45:00+05:30,433.55,433.6,433.15,433.4,38405,ITC
2025-05-12 11:46:00+05:30,433.25,433.4,433.15,433.15,3506,ITC
2025-05-12 11:47:00+05:30,433.15,433.25,432.55,432.95,87699,ITC
2025-05-12 11:48:00+05:30,433.1,433.15,432.95,433.15,3794,ITC
2025-05-12 11:49:00+05:30,433.15,433.35,433.05,433.35,4138,ITC
2025-05-12 11:50:00+05:30,433.25,433.4,433.15,433.3,8551,ITC
2025-05-12 11:51:00+05:30,433.3,433.3,433.1,433.2,3662,ITC
2025-05-12 11:52:00+05:30,433.25,433.65,433.25,433.55,19922,ITC
2025-05-12 11:53:00+05:30,433.65,433.65,433.5,433.65,7764,ITC
2025-05-12 11:54:00+05:30,433.65,433.85,433.5,433.85,11392,ITC
2025-05-12 11:55:00+05:30,433.9,433.9,433.7,433.8,10358,ITC
2025-05-12 11:56:00+05:30,433.8,433.8,433.4,433.7,11355,ITC
2025-05-12 11:57:00+05:30,433.7,433.7,433.25,433.4,5667,ITC
2025-05-12 11:58:00+05:30,433.4,433.55,433.25,433.55,4165,ITC
2025-05-12 11:59:00+05:30,433.45,433.55,433.4,433.5,5410,ITC
2025-05-12 12:00:00+05:30,433.5,433.65,433.4,433.6,4673,ITC
2025-05-12 12:01:00+05:30,433.6,433.7,433.45,433.65,5741,ITC
2025-05-12 12:02:00+05:30,433.5,433.6,433.4,433.45,4862,ITC
2025-05-12 12:03:00+05:30,433.5,433.65,433.4,433.6,3596,ITC
2025-05-12 12:04:00+05:30,433.6,433.7,433.55,433.65,3040,ITC
2025-05-12 12:05:00+05:30,433.65,433.7,433.55,433.7,7280,ITC
2025-05-12 12:06:00+05:30,433.7,433.8,433.6,433.6,5216,ITC
2025-05-12 12:07:00+05:30,433.7,433.8,433.55,433.6,7252,ITC
2025-05-12 12:08:00+05:30,433.55,433.6,433.45,433.55,2184,ITC
2025-05-12 12:09:00+05:30,433.45,433.5,433.15,433.3,12527,ITC
2025-05-12 12:10:00+05:30,433.3,433.3,433.05,433.15,3001,ITC
2025-05-12 12:11:00+05:30,433.05,433.45,433.05,433.3,17973,ITC
2025-05-12 12:12:00+05:30,433.25,433.3,432.8,432.9,18162,ITC
2025-05-12 12:13:00+05:30,432.8,432.9,432.55,432.6,10761,ITC
2025-05-12 12:14:00+05:30,432.6,432.65,432.15,432.2,29932,ITC
2025-05-12 12:15:00+05:30,432.3,432.4,432.15,432.15,22776,ITC
2025-05-12 12:16:00+05:30,432.3,432.4,432.15,432.4,12484,ITC
2025-05-12 12:17:00+05:30,432.3,432.4,432.25,432.4,4868,ITC
2025-05-12 12:18:00+05:30,432.4,432.4,432.3,432.4,1073,ITC
2025-05-12 12:19:00+05:30,432.4,432.4,432.2,432.25,10513,ITC
2025-05-12 12:20:00+05:30,432.2,432.2,432.05,432.2,13827,ITC
2025-05-12 12:21:00+05:30,432.15,432.25,432.05,432.2,8440,ITC
2025-05-12 12:22:00+05:30,432.15,432.3,432.0,432.0,11175,ITC
2025-05-12 12:23:00+05:30,432.0,432.2,431.8,431.8,15180,ITC
2025-05-12 12:24:00+05:30,431.85,432.1,431.8,432.1,9522,ITC
2025-05-12 12:25:00+05:30,432.0,432.1,432.0,432.1,5040,ITC
2025-05-12 12:26:00+05:30,432.05,432.4,432.0,432.35,22842,ITC
2025-05-12 12:27:00+05:30,432.15,432.35,432.15,432.35,1897,ITC
2025-05-12 12:28:00+05:30,432.3,432.55,432.3,432.5,7114,ITC
2025-05-12 12:29:00+05:30,432.5,432.65,432.35,432.6,7750,ITC
2025-05-12 12:30:00+05:30,432.6,433.45,432.5,433.25,34749,ITC
2025-05-12 12:31:00+05:30,433.25,433.9,433.2,433.75,58964,ITC
2025-05-12 12:32:00+05:30,433.7,434.0,433.5,434.0,20844,ITC
2025-05-12 12:33:00+05:30,434.0,434.0,433.65,433.65,35082,ITC
2025-05-12 12:34:00+05:30,433.6,433.85,433.55,433.7,11531,ITC
2025-05-12 12:35:00+05:30,433.7,434.0,433.65,433.95,3573,ITC
2025-05-12 12:36:00+05:30,433.85,433.95,433.4,433.8,22273,ITC
2025-05-12 12:37:00+05:30,433.8,434.25,433.75,434.1,26309,ITC
2025-05-12 12:38:00+05:30,434.0,434.3,433.9,434.1,34270,ITC
2025-05-12 12:39:00+05:30,434.1,434.2,433.85,434.05,20958,ITC
2025-05-12 12:40:00+05:30,434.0,434.4,434.0,434.2,24523,ITC
2025-05-12 12:41:00+05:30,434.1,434.25,433.95,434.2,24748,ITC
2025-05-12 12:42:00+05:30,434.0,434.15,433.9,434.0,13393,ITC
2025-05-12 12:43:00+05:30,434.0,434.25,433.9,434.25,12326,ITC
2025-05-12 12:44:00+05:30,434.25,434.25,434.05,434.15,7408,ITC
2025-05-12 12:45:00+05:30,434.1,434.25,434.1,434.15,3926,ITC
2025-05-12 12:46:00+05:30,434.1,434.4,434.05,434.35,18187,ITC
2025-05-12 12:47:00+05:30,434.25,434.4,434.0,434.05,10183,ITC
2025-05-12 12:48:00+05:30,434.05,434.2,433.85,433.9,14273,ITC
2025-05-12 12:49:00+05:30,433.9,433.9,433.75,433.9,3846,ITC
2025-05-12 12:50:00+05:30,433.85,434.2,433.85,433.95,10660,ITC
2025-05-12 12:51:00+05:30,433.9,433.95,433.85,433.95,4606,ITC
2025-05-12 12:52:00+05:30,433.95,433.95,433.8,433.8,1529,ITC
2025-05-12 12:53:00+05:30,433.9,433.95,433.8,433.95,1108,ITC
2025-05-12 12:54:00+05:30,433.95,434.0,433.75,434.0,3021,ITC
2025-05-12 12:55:00+05:30,433.95,434.2,433.95,434.05,12437,ITC
2025-05-12 12:56:00+05:30,434.0,434.2,433.95,434.05,18143,ITC
2025-05-12 12:57:00+05:30,434.05,434.05,433.9,434.0,8508,ITC
2025-05-12 12:58:00+05:30,434.0,434.05,433.75,433.9,14218,ITC
2025-05-12 12:59:00+05:30,433.9,434.0,433.75,433.85,1290,ITC
2025-05-12 13:00:00+05:30,433.95,434.0,433.7,433.9,18257,ITC
2025-05-12 13:01:00+05:30,433.9,433.9,433.55,433.75,8446,ITC
2025-05-12 13:02:00+05:30,433.75,434.0,433.65,434.0,6712,ITC
2025-05-12 13:03:00+05:30,433.9,434.0,433.7,433.7,9095,ITC
2025-05-12 13:04:00+05:30,433.9,433.9,433.7,433.85,1937,ITC
2025-05-12 13:05:00+05:30,433.85,433.85,433.7,433.75,1822,ITC
2025-05-12 13:06:00+05:30,433.75,433.8,433.6,433.7,2136,ITC
2025-05-12 13:07:00+05:30,433.6,433.85,433.6,433.85,1890,ITC
2025-05-12 13:08:00+05:30,433.65,433.85,433.65,433.8,1845,ITC
2025-05-12 13:09:00+05:30,433.8,433.8,433.6,433.7,2881,ITC
2025-05-12 13:10:00+05:30,433.7,433.7,433.6,433.7,1868,ITC
2025-05-12 13:11:00+05:30,433.6,433.7,433.4,433.65,3554,ITC
2025-05-12 13:12:00+05:30,433.55,433.55,433.2,433.55,14672,ITC
2025-05-12 13:13:00+05:30,433.55,433.55,433.3,433.5,2678,ITC
2025-05-12 13:14:00+05:30,433.5,433.65,433.3,433.45,3837,ITC
2025-05-12 13:15:00+05:30,433.35,433.6,433.35,433.55,1933,ITC
2025-05-12 13:16:00+05:30,433.35,433.6,433.35,433.55,3015,ITC
2025-05-12 13:17:00+05:30,433.55,433.55,433.35,433.4,1191,ITC
2025-05-12 13:18:00+05:30,433.4,433.45,433.15,433.35,4269,ITC
2025-05-12 13:19:00+05:30,433.35,433.45,433.15,433.3,12819,ITC
2025-05-12 13:20:00+05:30,433.3,433.45,433.25,433.45,4453,ITC
2025-05-12 13:21:00+05:30,433.45,433.5,433.25,433.5,7831,ITC
2025-05-12 13:22:00+05:30,433.5,433.7,433.35,433.55,3597,ITC
2025-05-12 13:23:00+05:30,433.5,433.85,433.4,433.85,8214,ITC
2025-05-12 13:24:00+05:30,433.8,433.95,433.65,433.95,13167,ITC
2025-05-12 13:25:00+05:30,433.95,434.05,433.9,434.05,34190,ITC
2025-05-12 13:26:00+05:30,434.05,434.05,433.8,433.8,4559,ITC
2025-05-12 13:27:00+05:30,433.8,434.0,433.7,433.85,19141,ITC
2025-05-12 13:28:00+05:30,433.85,434.3,433.8,434.1,70720,ITC
2025-05-12 13:29:00+05:30,434.1,434.25,434.0,434.0,6138,ITC
2025-05-12 13:30:00+05:30,434.05,434.15,434.0,434.05,6155,ITC
2025-05-12 13:31:00+05:30,434.0,434.35,434.0,434.15,7328,ITC
2025-05-12 13:32:00+05:30,434.25,434.8,434.15,434.75,26354,ITC
2025-05-12 13:33:00+05:30,434.75,434.9,434.5,434.55,22609,ITC
2025-05-12 13:34:00+05:30,434.55,434.65,434.3,434.5,16970,ITC
2025-05-12 13:35:00+05:30,434.5,434.5,434.3,434.3,6818,ITC
2025-05-12 13:36:00+05:30,434.45,434.45,434.2,434.2,10920,ITC
2025-05-12 13:37:00+05:30,434.35,434.4,434.05,434.25,19910,ITC
2025-05-12 13:38:00+05:30,434.25,434.25,434.0,434.2,11912,ITC
2025-05-12 13:39:00+05:30,434.05,434.45,434.05,434.4,13131,ITC
2025-05-12 13:40:00+05:30,434.4,434.4,434.1,434.1,6594,ITC
2025-05-12 13:41:00+05:30,434.2,434.25,434.0,434.15,4501,ITC
2025-05-12 13:42:00+05:30,434.05,434.15,434.0,434.1,20945,ITC
2025-05-12 13:43:00+05:30,434.1,434.4,434.05,434.2,19762,ITC
2025-05-12 13:44:00+05:30,434.2,434.2,433.95,434.05,21755,ITC
2025-05-12 13:45:00+05:30,434.05,434.3,433.8,434.3,16746,ITC
2025-05-12 13:46:00+05:30,434.2,434.45,434.1,434.45,7818,ITC
2025-05-12 13:47:00+05:30,434.45,434.45,433.9,434.15,26948,ITC
2025-05-12 13:48:00+05:30,434.15,434.4,433.95,434.3,8906,ITC
2025-05-12 13:49:00+05:30,434.3,434.45,434.2,434.4,10742,ITC
2025-05-12 13:50:00+05:30,434.2,434.4,434.1,434.3,7893,ITC
2025-05-12 13:51:00+05:30,434.3,434.5,434.1,434.45,11347,ITC
2025-05-12 13:52:00+05:30,434.45,434.5,434.15,434.3,12514,ITC
2025-05-12 13:53:00+05:30,434.3,434.45,434.05,434.2,14963,ITC
2025-05-12 13:54:00+05:30,434.15,434.25,434.0,434.1,11694,ITC
2025-05-12 13:55:00+05:30,434.1,434.2,434.0,434.15,7306,ITC
2025-05-12 13:56:00+05:30,434.15,434.2,433.75,434.0,11565,ITC
2025-05-12 13:57:00+05:30,434.0,434.1,433.8,434.1,12491,ITC
2025-05-12 13:58:00+05:30,433.9,434.1,433.8,434.05,13199,ITC
2025-05-12 13:59:00+05:30,434.05,434.15,433.85,434.0,12036,ITC
2025-05-12 14:00:00+05:30,434.0,434.0,433.85,433.85,1101,ITC
2025-05-12 14:01:00+05:30,433.85,434.0,433.85,433.95,3538,ITC
2025-05-12 14:02:00+05:30,433.95,433.95,433.85,433.9,1450,ITC
2025-05-12 14:03:00+05:30,433.9,433.9,433.85,433.85,4240,ITC
2025-05-12 14:04:00+05:30,433.85,433.85,433.75,433.8,2778,ITC
2025-05-12 14:05:00+05:30,433.75,433.85,433.65,433.8,3870,ITC
2025-05-12 14:06:00+05:30,433.8,434.25,433.7,434.1,128303,ITC
2025-05-12 14:07:00+05:30,434.05,434.1,433.7,433.7,24816,ITC
2025-05-12 14:08:00+05:30,433.75,433.75,433.25,433.55,23363,ITC
2025-05-12 14:09:00+05:30,433.55,433.65,433.5,433.6,1007,ITC
2025-05-12 14:10:00+05:30,433.6,433.6,433.5,433.55,10494,ITC
2025-05-12 14:11:00+05:30,433.55,433.85,433.5,433.85,3444,ITC
2025-05-12 14:12:00+05:30,433.85,433.95,433.75,433.85,8328,ITC
2025-05-12 14:13:00+05:30,433.85,434.35,433.75,434.35,26225,ITC
2025-05-12 14:14:00+05:30,434.15,434.6,434.15,434.55,29650,ITC
2025-05-12 14:15:00+05:30,434.55,435.25,434.55,435.0,96786,ITC
2025-05-12 14:16:00+05:30,435.0,435.6,434.95,435.5,44512,ITC
2025-05-12 14:17:00+05:30,435.5,435.85,435.45,435.85,31223,ITC
2025-05-12 14:18:00+05:30,435.7,435.85,435.4,435.45,18580,ITC
2025-05-12 14:19:00+05:30,435.45,435.5,435.1,435.15,28605,ITC
2025-05-12 14:20:00+05:30,435.1,435.6,435.1,435.45,26544,ITC
2025-05-12 14:21:00+05:30,435.45,435.5,435.25,435.4,7901,ITC
2025-05-12 14:22:00+05:30,435.4,435.7,435.25,435.6,49846,ITC
2025-05-12 14:23:00+05:30,435.55,435.6,435.25,435.25,5813,ITC
2025-05-12 14:24:00+05:30,435.3,435.6,435.25,435.6,12078,ITC
2025-05-12 14:25:00+05:30,435.5,435.65,435.4,435.5,11579,ITC
2025-05-12 14:26:00+05:30,435.5,435.65,435.4,435.45,18767,ITC
2025-05-12 14:27:00+05:30,435.45,435.6,435.3,435.35,18967,ITC
2025-05-12 14:28:00+05:30,435.3,435.65,435.1,435.5,22346,ITC
2025-05-12 14:29:00+05:30,435.5,435.7,435.5,435.65,7583,ITC
2025-05-12 14:30:00+05:30,435.65,435.7,435.55,435.7,3001,ITC
2025-05-12 14:31:00+05:30,435.6,435.85,435.6,435.75,12946,ITC
2025-05-12 14:32:00+05:30,435.75,435.75,435.35,435.4,16111,ITC
2025-05-12 14:33:00+05:30,435.4,435.45,435.2,435.45,9814,ITC
2025-05-12 14:34:00+05:30,435.45,435.45,435.15,435.15,7612,ITC
2025-05-12 14:35:00+05:30,435.2,435.4,435.05,435.25,15876,ITC
2025-05-12 14:36:00+05:30,435.2,435.8,435.15,435.45,33543,ITC
2025-05-12 14:37:00+05:30,435.45,435.75,435.3,435.6,27959,ITC
2025-05-12 14:38:00+05:30,435.65,435.8,435.6,435.7,21691,ITC
2025-05-12 14:39:00+05:30,435.7,435.85,435.3,435.45,25512,ITC
2025-05-12 14:40:00+05:30,435.45,435.45,435.1,435.1,28328,ITC
2025-05-12 14:41:00+05:30,435.05,435.1,434.55,434.95,77175,ITC
2025-05-12 14:42:00+05:30,434.9,434.95,434.55,434.55,37057,ITC
2025-05-12 14:43:00+05:30,434.55,434.75,434.15,434.15,38396,ITC
2025-05-12 14:44:00+05:30,434.15,434.3,433.4,433.4,73250,ITC
2025-05-12 14:45:00+05:30,433.5,433.8,433.15,433.2,45341,ITC
2025-05-12 14:46:00+05:30,433.2,433.7,433.1,433.7,90146,ITC
2025-05-12 14:47:00+05:30,433.7,433.9,433.4,433.5,53164,ITC
2025-05-12 14:48:00+05:30,433.5,433.65,433.35,433.5,99207,ITC
2025-05-12 14:49:00+05:30,433.5,434.25,433.4,434.05,62464,ITC
2025-05-12 14:50:00+05:30,434.1,434.2,433.55,434.05,28486,ITC
2025-05-12 14:51:00+05:30,434.0,434.05,433.4,433.7,131229,ITC
2025-05-12 14:52:00+05:30,433.7,434.0,433.6,433.8,45076,ITC
2025-05-12 14:53:00+05:30,433.95,434.1,433.75,434.05,23196,ITC
2025-05-12 14:54:00+05:30,434.1,434.5,434.05,434.15,37114,ITC
2025-05-12 14:55:00+05:30,434.15,434.65,434.15,434.45,23057,ITC
2025-05-12 14:56:00+05:30,434.45,434.75,434.25,434.6,36671,ITC
2025-05-12 14:57:00+05:30,434.75,435.5,434.4,435.25,40299,ITC
2025-05-12 14:58:00+05:30,435.45,435.5,435.15,435.15,16383,ITC
2025-05-12 14:59:00+05:30,435.15,435.85,435.15,435.85,19557,ITC
2025-05-12 15:00:00+05:30,435.75,435.9,435.15,435.35,55545,ITC
2025-05-12 15:01:00+05:30,435.35,435.9,435.35,435.75,30706,ITC
2025-05-12 15:02:00+05:30,435.75,435.8,435.35,435.5,43756,ITC
2025-05-12 15:03:00+05:30,435.5,435.65,435.15,435.3,22669,ITC
2025-05-12 15:04:00+05:30,435.2,435.65,435.05,435.1,34504,ITC
2025-05-12 15:05:00+05:30,435.3,435.45,435.05,435.3,31776,ITC
2025-05-12 15:06:00+05:30,435.1,435.4,435.05,435.1,34391,ITC
2025-05-12 15:07:00+05:30,435.25,435.35,435.0,435.1,28660,ITC
2025-05-12 15:08:00+05:30,435.1,435.15,434.95,435.0,38820,ITC
2025-05-12 15:09:00+05:30,435.05,435.4,435.0,435.2,37617,ITC
2025-05-12 15:10:00+05:30,435.3,435.4,435.2,435.2,20972,ITC
2025-05-12 15:11:00+05:30,435.25,435.3,435.15,435.2,26076,ITC
2025-05-12 15:12:00+05:30,435.15,435.25,434.85,435.15,44681,ITC
2025-05-12 15:13:00+05:30,435.15,435.15,435.05,435.1,21975,ITC
2025-05-12 15:14:00+05:30,435.1,435.3,435.05,435.2,24651,ITC
2025-05-12 15:15:00+05:30,435.2,435.65,435.15,435.55,39876,ITC
2025-05-12 15:16:00+05:30,435.6,436.0,435.5,435.95,51276,ITC
2025-05-12 15:17:00+05:30,436.0,436.2,435.9,435.95,118412,ITC
2025-05-12 15:18:00+05:30,436.0,436.05,435.75,435.75,45544,ITC
2025-05-12 15:19:00+05:30,435.8,436.05,435.7,435.95,28076,ITC
2025-05-12 15:20:00+05:30,435.95,436.0,435.6,435.85,40971,ITC
2025-05-12 15:21:00+05:30,435.85,435.95,435.7,435.8,25287,ITC
2025-05-12 15:22:00+05:30,435.75,435.95,435.6,435.85,22259,ITC
2025-05-12 15:23:00+05:30,435.75,435.9,435.45,435.45,27328,ITC
2025-05-12 15:24:00+05:30,435.4,435.65,435.3,435.6,29368,ITC
2025-05-12 15:25:00+05:30,435.6,435.65,435.35,435.45,24598,ITC
2025-05-12 15:26:00+05:30,435.45,435.5,435.35,435.4,21993,ITC
2025-05-12 15:27:00+05:30,435.4,435.45,435.0,435.4,43897,ITC
2025-05-12 15:28:00+05:30,435.35,435.45,435.1,435.4,18814,ITC
2025-05-12 15:29:00+05:30,435.35,435.9,435.1,435.1,21077,ITC
2025-05-13 09:15:00+05:30,434.9,436.8,434.1,436.6,151663,ITC
2025-05-13 09:16:00+05:30,436.5,437.85,436.25,437.65,89027,ITC
2025-05-13 09:17:00+05:30,437.65,437.95,436.85,436.85,73774,ITC
2025-05-13 09:18:00+05:30,436.8,437.05,434.6,434.6,51982,ITC
2025-05-13 09:19:00+05:30,434.6,434.6,434.0,434.6,36308,ITC
2025-05-13 09:20:00+05:30,434.65,434.95,434.0,434.1,51652,ITC
2025-05-13 09:21:00+05:30,434.15,434.2,433.15,433.25,43846,ITC
2025-05-13 09:22:00+05:30,433.25,434.45,433.1,433.8,49906,ITC
2025-05-13 09:23:00+05:30,433.8,434.35,433.7,434.05,23119,ITC
2025-05-13 09:24:00+05:30,434.05,434.2,432.85,433.0,46273,ITC
2025-05-13 09:25:00+05:30,433.0,433.45,432.75,433.1,27231,ITC
2025-05-13 09:26:00+05:30,433.05,433.3,432.95,432.95,28823,ITC
2025-05-13 09:27:00+05:30,432.95,433.2,432.5,433.1,28616,ITC
2025-05-13 09:28:00+05:30,433.2,433.25,432.75,432.9,26546,ITC
2025-05-13 09:29:00+05:30,432.9,433.0,431.65,432.05,96245,ITC
2025-05-13 09:30:00+05:30,432.1,432.15,431.55,432.05,97766,ITC
2025-05-13 09:31:00+05:30,431.9,432.05,430.55,430.85,188865,ITC
2025-05-13 09:32:00+05:30,430.95,431.3,430.5,431.0,119656,ITC
2025-05-13 09:33:00+05:30,431.0,431.55,430.65,430.95,77984,ITC
2025-05-13 09:34:00+05:30,430.85,431.45,430.65,431.35,29890,ITC
2025-05-13 09:35:00+05:30,431.45,432.35,431.25,431.75,51626,ITC
2025-05-13 09:36:00+05:30,431.6,432.4,431.55,432.15,27787,ITC
2025-05-13 09:37:00+05:30,432.15,432.8,432.1,432.45,37212,ITC
2025-05-13 09:38:00+05:30,432.55,433.0,432.35,433.0,29039,ITC
2025-05-13 09:39:00+05:30,432.95,433.0,432.5,432.8,27731,ITC
2025-05-13 09:40:00+05:30,432.85,432.9,431.15,431.25,52811,ITC
2025-05-13 09:41:00+05:30,431.15,431.8,431.1,431.55,23587,ITC
2025-05-13 09:42:00+05:30,431.55,431.55,430.75,430.95,65699,ITC
2025-05-13 09:43:00+05:30,430.9,431.5,430.8,431.15,21654,ITC
2025-05-13 09:44:00+05:30,431.15,431.55,430.85,431.05,42193,ITC
2025-05-13 09:45:00+05:30,431.15,431.6,430.8,431.4,42727,ITC
2025-05-13 09:46:00+05:30,431.4,431.55,430.3,430.6,66813,ITC
2025-05-13 09:47:00+05:30,430.45,430.95,430.25,430.8,49241,ITC
2025-05-13 09:48:00+05:30,430.8,430.95,430.35,430.7,43386,ITC
2025-05-13 09:49:00+05:30,430.6,430.7,430.0,430.25,86359,ITC
2025-05-13 09:50:00+05:30,430.25,430.7,430.0,430.45,64904,ITC
2025-05-13 09:51:00+05:30,430.35,430.85,430.2,430.25,27011,ITC
2025-05-13 09:52:00+05:30,430.2,430.9,430.1,430.65,32787,ITC
2025-05-13 09:53:00+05:30,430.65,431.05,430.5,430.85,23141,ITC
2025-05-13 09:54:00+05:30,430.8,431.0,430.6,430.65,10235,ITC
2025-05-13 09:55:00+05:30,430.65,431.15,430.5,431.05,19065,ITC
2025-05-13 09:56:00+05:30,431.1,431.25,431.0,431.15,7843,ITC
2025-05-13 09:57:00+05:30,431.15,431.2,430.7,430.85,18695,ITC
2025-05-13 09:58:00+05:30,430.85,431.5,430.8,430.9,19225,ITC
2025-05-13 09:59:00+05:30,430.8,431.1,430.65,430.7,22699,ITC
2025-05-13 10:00:00+05:30,430.6,431.15,430.5,431.15,19344,ITC
2025-05-13 10:01:00+05:30,431.05,431.05,430.2,430.25,32748,ITC
2025-05-13 10:02:00+05:30,430.2,430.5,430.2,430.4,21481,ITC
2025-05-13 10:03:00+05:30,430.4,430.6,430.1,430.2,36537,ITC
2025-05-13 10:04:00+05:30,430.1,430.35,430.0,430.25,58526,ITC
2025-05-13 10:05:00+05:30,430.25,430.7,430.05,430.55,14359,ITC
2025-05-13 10:06:00+05:30,430.55,431.1,430.5,430.8,15745,ITC
2025-05-13 10:07:00+05:30,430.8,431.1,430.7,430.9,10623,ITC
2025-05-13 10:08:00+05:30,430.9,431.45,430.85,431.15,31022,ITC
2025-05-13 10:09:00+05:30,431.15,431.65,431.0,431.6,36081,ITC
2025-05-13 10:10:00+05:30,431.65,431.9,431.1,431.1,26974,ITC
2025-05-13 10:11:00+05:30,431.25,431.3,430.85,430.9,27602,ITC
2025-05-13 10:12:00+05:30,430.9,431.6,430.9,431.35,23709,ITC
2025-05-13 10:13:00+05:30,431.35,431.65,431.1,431.1,19898,ITC
2025-05-13 10:14:00+05:30,431.1,431.6,431.0,431.4,24995,ITC
2025-05-13 10:15:00+05:30,431.4,431.6,431.1,431.6,12976,ITC
2025-05-13 10:16:00+05:30,431.5,432.0,431.5,431.8,21172,ITC
2025-05-13 10:17:00+05:30,431.8,431.85,431.4,431.65,21603,ITC
2025-05-13 10:18:00+05:30,431.6,431.75,431.35,431.55,11222,ITC
2025-05-13 10:19:00+05:30,431.45,431.55,431.3,431.35,6420,ITC
2025-05-13 10:20:00+05:30,431.3,431.85,431.3,431.6,7539,ITC
2025-05-13 10:21:00+05:30,431.6,431.65,431.2,431.25,17106,ITC
2025-05-13 10:22:00+05:30,431.25,431.45,430.75,431.0,23561,ITC
2025-05-13 10:23:00+05:30,430.95,432.25,430.9,432.2,84502,ITC
2025-05-13 10:24:00+05:30,432.25,432.45,431.85,432.0,62626,ITC
2025-05-13 10:25:00+05:30,432.05,432.15,431.95,432.0,46756,ITC
2025-05-13 10:26:00+05:30,432.0,432.1,431.65,431.8,153047,ITC
2025-05-13 10:27:00+05:30,431.8,431.8,431.05,431.15,39413,ITC
2025-05-13 10:28:00+05:30,431.05,431.05,430.25,430.5,62190,ITC
2025-05-13 10:29:00+05:30,430.5,430.6,430.0,430.0,235825,ITC
2025-05-13 10:30:00+05:30,430.0,430.05,429.5,429.85,120214,ITC
2025-05-13 10:31:00+05:30,429.85,429.85,429.0,429.35,89304,ITC
2025-05-13 10:32:00+05:30,429.3,430.25,429.25,429.9,44621,ITC
2025-05-13 10:33:00+05:30,429.9,430.3,429.7,429.85,19505,ITC
2025-05-13 10:34:00+05:30,429.85,429.85,429.05,429.4,52589,ITC
2025-05-13 10:35:00+05:30,429.4,429.95,429.25,429.9,22241,ITC
2025-05-13 10:36:00+05:30,429.9,429.95,429.4,429.65,18553,ITC
2025-05-13 10:37:00+05:30,429.65,429.75,429.5,429.65,13888,ITC
2025-05-13 10:38:00+05:30,429.55,429.65,429.35,429.45,16948,ITC
2025-05-13 10:39:00+05:30,429.45,430.15,429.3,430.1,19107,ITC
2025-05-13 10:40:00+05:30,430.1,430.35,429.9,430.15,8423,ITC
2025-05-13 10:41:00+05:30,430.15,430.35,430.0,430.2,9048,ITC
2025-05-13 10:42:00+05:30,430.2,430.6,430.05,430.4,7723,ITC
2025-05-13 10:43:00+05:30,430.4,430.5,430.15,430.25,13789,ITC
2025-05-13 10:44:00+05:30,430.25,430.35,429.85,430.3,15882,ITC
2025-05-13 10:45:00+05:30,430.3,430.5,430.0,430.1,39560,ITC
2025-05-13 10:46:00+05:30,430.1,430.45,429.85,430.35,14397,ITC
2025-05-13 10:47:00+05:30,430.35,430.5,430.15,430.5,3496,ITC
2025-05-13 10:48:00+05:30,430.5,430.75,430.3,430.3,14895,ITC
2025-05-13 10:49:00+05:30,430.25,430.45,430.1,430.45,6678,ITC
2025-05-13 10:50:00+05:30,430.5,431.8,430.45,431.4,51205,ITC
2025-05-13 10:51:00+05:30,431.3,431.8,431.25,431.3,35440,ITC
2025-05-13 10:52:00+05:30,431.3,432.15,431.3,431.7,231276,ITC
2025-05-13 10:53:00+05:30,431.65,431.75,431.05,431.65,47923,ITC
2025-05-13 10:54:00+05:30,431.55,431.85,431.5,431.85,19254,ITC
2025-05-13 10:55:00+05:30,431.85,432.05,431.75,432.05,84950,ITC
2025-05-13 10:56:00+05:30,432.05,432.15,431.85,432.05,72285,ITC
2025-05-13 10:57:00+05:30,432.1,432.6,432.05,432.6,49391,ITC
2025-05-13 10:58:00+05:30,432.55,432.95,432.5,432.75,73606,ITC
2025-05-13 10:59:00+05:30,432.75,432.9,432.35,432.75,70988,ITC
2025-05-13 11:00:00+05:30,432.75,432.75,432.2,432.25,12344,ITC
2025-05-13 11:01:00+05:30,432.4,433.5,432.2,433.15,82717,ITC
2025-05-13 11:02:00+05:30,433.15,433.8,433.05,433.75,70851,ITC
2025-05-13 11:03:00+05:30,433.75,434.45,433.5,433.85,77550,ITC
2025-05-13 11:04:00+05:30,433.85,434.6,433.55,433.7,43018,ITC
2025-05-13 11:05:00+05:30,433.7,433.7,433.15,433.3,14187,ITC
2025-05-13 11:06:00+05:30,433.35,433.4,433.05,433.05,9112,ITC
2025-05-13 11:07:00+05:30,433.1,433.1,432.65,432.8,13506,ITC
2025-05-13 11:08:00+05:30,432.9,433.0,432.2,432.2,9712,ITC
2025-05-13 11:09:00+05:30,432.4,432.4,432.05,432.2,14085,ITC
2025-05-13 11:10:00+05:30,432.25,432.25,431.6,431.95,35959,ITC
2025-05-13 11:11:00+05:30,431.95,432.5,431.55,431.75,133812,ITC
2025-05-13 11:12:00+05:30,431.9,431.9,431.5,431.55,8170,ITC
2025-05-13 11:13:00+05:30,431.55,431.7,431.05,431.55,17684,ITC
2025-05-13 11:14:00+05:30,431.55,431.65,431.4,431.6,7713,ITC
2025-05-13 11:15:00+05:30,431.7,431.95,431.6,431.9,11819,ITC
2025-05-13 11:16:00+05:30,431.85,431.9,431.6,431.85,25352,ITC
2025-05-13 11:17:00+05:30,431.9,432.9,431.8,432.4,31334,ITC
2025-05-13 11:18:00+05:30,432.4,433.3,432.35,433.1,23478,ITC
2025-05-13 11:19:00+05:30,433.1,433.4,432.7,433.25,22741,ITC
2025-05-13 11:20:00+05:30,433.35,433.45,432.75,432.9,38272,ITC
2025-05-13 11:21:00+05:30,432.9,433.05,432.45,432.5,12423,ITC
2025-05-13 11:22:00+05:30,432.5,432.55,432.2,432.35,6466,ITC
2025-05-13 11:23:00+05:30,432.3,432.3,431.75,432.0,6810,ITC
2025-05-13 11:24:00+05:30,432.15,432.15,431.5,431.65,10291,ITC
2025-05-13 11:25:00+05:30,431.65,432.05,431.55,432.0,15306,ITC
2025-05-13 11:26:00+05:30,431.85,432.2,431.85,432.0,4856,ITC
2025-05-13 11:27:00+05:30,432.0,432.85,431.85,432.75,34310,ITC
2025-05-13 11:28:00+05:30,432.85,433.5,432.4,433.05,50870,ITC
2025-05-13 11:29:00+05:30,433.05,433.4,432.75,433.15,19176,ITC
2025-05-13 11:30:00+05:30,433.15,433.3,432.65,432.75,13448,ITC
2025-05-13 11:31:00+05:30,432.75,433.4,432.5,432.85,13846,ITC
2025-05-13 11:32:00+05:30,433.05,433.15,432.6,432.7,7411,ITC
2025-05-13 11:33:00+05:30,432.6,432.7,432.1,432.3,11493,ITC
2025-05-13 11:34:00+05:30,432.2,433.4,432.2,432.55,53366,ITC
2025-05-13 11:35:00+05:30,432.7,432.8,432.25,432.45,9572,ITC
2025-05-13 11:36:00+05:30,432.25,432.55,432.2,432.35,4950,ITC
2025-05-13 11:37:00+05:30,432.25,432.55,432.0,432.05,4168,ITC
2025-05-13 11:38:00+05:30,432.05,432.25,432.0,432.05,3943,ITC
2025-05-13 11:39:00+05:30,432.1,432.15,431.55,431.75,16846,ITC
2025-05-13 11:40:00+05:30,431.75,431.85,431.6,431.65,7738,ITC
2025-05-13 11:41:00+05:30,431.8,432.5,431.6,432.45,27510,ITC
2025-05-13 11:42:00+05:30,432.45,432.5,431.8,431.85,27156,ITC
2025-05-13 11:43:00+05:30,431.85,431.95,431.05,431.2,25339,ITC
2025-05-13 11:44:00+05:30,431.25,431.65,431.05,431.05,8740,ITC
2025-05-13 11:45:00+05:30,431.05,431.45,431.05,431.25,5887,ITC
2025-05-13 11:46:00+05:30,431.2,432.0,431.2,431.35,105001,ITC
2025-05-13 11:47:00+05:30,431.3,431.5,431.2,431.4,8412,ITC
2025-05-13 11:48:00+05:30,431.3,431.5,430.6,430.6,27303,ITC
2025-05-13 11:49:00+05:30,430.6,430.8,430.35,430.65,23632,ITC
2025-05-13 11:50:00+05:30,430.65,430.7,430.2,430.65,28691,ITC
2025-05-13 11:51:00+05:30,430.55,430.8,430.55,430.6,16193,ITC
2025-05-13 11:52:00+05:30,430.6,430.75,430.55,430.65,5924,ITC
2025-05-13 11:53:00+05:30,430.65,430.7,430.35,430.4,9309,ITC
2025-05-13 11:54:00+05:30,430.35,430.55,430.15,430.55,13364,ITC
2025-05-13 11:55:00+05:30,430.55,430.6,430.4,430.45,5369,ITC
2025-05-13 11:56:00+05:30,430.45,430.45,429.4,429.5,128032,ITC
2025-05-13 11:57:00+05:30,429.5,429.6,429.25,429.45,33832,ITC
2025-05-13 11:58:00+05:30,429.45,429.8,429.25,429.7,5404,ITC
2025-05-13 11:59:00+05:30,429.7,429.85,429.5,429.5,10915,ITC
2025-05-13 12:00:00+05:30,429.55,430.0,429.2,429.25,35053,ITC
2025-05-13 12:01:00+05:30,429.25,429.45,429.0,429.05,34700,ITC
2025-05-13 12:02:00+05:30,429.05,429.4,429.05,429.4,8648,ITC
2025-05-13 12:03:00+05:30,429.5,429.5,429.0,429.2,19797,ITC
2025-05-13 12:04:00+05:30,429.2,429.4,429.1,429.2,7741,ITC
2025-05-13 12:05:00+05:30,429.3,429.8,429.2,429.8,4874,ITC
2025-05-13 12:06:00+05:30,429.85,430.05,429.55,430.05,51418,ITC
2025-05-13 12:07:00+05:30,430.05,430.25,429.55,429.95,122972,ITC
2025-05-13 12:08:00+05:30,430.1,430.2,429.6,430.2,37795,ITC
2025-05-13 12:09:00+05:30,430.25,430.45,430.0,430.25,14094,ITC
2025-05-13 12:10:00+05:30,430.2,430.7,430.0,430.65,38003,ITC
2025-05-13 12:11:00+05:30,430.7,430.7,430.5,430.65,13677,ITC
2025-05-13 12:12:00+05:30,430.65,430.75,430.15,430.3,18487,ITC
2025-05-13 12:13:00+05:30,430.4,430.75,430.05,430.7,18302,ITC
2025-05-13 12:14:00+05:30,430.6,430.75,430.45,430.6,14039,ITC
2025-05-13 12:15:00+05:30,430.5,430.75,430.5,430.7,13511,ITC
2025-05-13 12:16:00+05:30,430.7,430.95,430.5,430.7,47073,ITC
2025-05-13 12:17:00+05:30,430.8,430.85,430.2,430.35,91815,ITC
2025-05-13 12:18:00+05:30,430.3,430.7,430.2,430.7,25453,ITC
2025-05-13 12:19:00+05:30,430.7,430.7,430.1,430.1,24007,ITC
2025-05-13 12:20:00+05:30,430.15,430.65,429.95,430.1,40806,ITC
2025-05-13 12:21:00+05:30,430.05,430.25,429.95,430.1,21170,ITC
2025-05-13 12:22:00+05:30,430.15,430.4,430.05,430.1,22007,ITC
2025-05-13 12:23:00+05:30,430.25,430.25,429.7,430.1,46328,ITC
2025-05-13 12:24:00+05:30,430.15,430.25,429.8,429.85,35675,ITC
2025-05-13 12:25:00+05:30,429.85,430.15,429.7,430.1,34830,ITC
2025-05-13 12:26:00+05:30,430.15,430.15,429.6,429.6,29012,ITC
2025-05-13 12:27:00+05:30,429.75,429.9,429.5,429.65,25297,ITC
2025-05-13 12:28:00+05:30,429.65,429.8,429.45,429.55,33079,ITC
2025-05-13 12:29:00+05:30,429.5,429.65,429.3,429.6,40277,ITC
2025-05-13 12:30:00+05:30,429.6,429.6,429.25,429.5,36547,ITC
2025-05-13 12:31:00+05:30,429.55,429.85,429.5,429.75,6724,ITC
2025-05-13 12:32:00+05:30,429.75,429.95,429.5,429.5,21537,ITC
2025-05-13 12:33:00+05:30,429.5,429.6,428.55,428.55,98392,ITC
2025-05-13 12:34:00+05:30,428.55,429.0,428.1,428.5,83402,ITC
2025-05-13 12:35:00+05:30,428.5,428.85,428.2,428.3,47224,ITC
2025-05-13 12:36:00+05:30,428.3,428.75,428.0,428.5,66946,ITC
2025-05-13 12:37:00+05:30,428.5,428.95,427.75,427.95,242838,ITC
2025-05-13 12:38:00+05:30,427.95,427.95,427.6,427.75,90593,ITC
2025-05-13 12:39:00+05:30,427.75,428.1,427.7,427.95,31827,ITC
2025-05-13 12:40:00+05:30,427.95,428.0,427.2,427.7,75755,ITC
2025-05-13 12:41:00+05:30,427.5,428.0,427.45,427.8,33311,ITC
2025-05-13 12:42:00+05:30,427.8,427.9,427.2,427.55,54432,ITC
2025-05-13 12:43:00+05:30,427.5,427.9,427.3,427.65,73267,ITC
2025-05-13 12:44:00+05:30,427.65,427.65,427.25,427.35,26826,ITC
2025-05-13 12:45:00+05:30,427.35,427.6,427.1,427.45,57000,ITC
2025-05-13 12:46:00+05:30,427.45,427.85,427.25,427.6,26410,ITC
2025-05-13 12:47:00+05:30,427.6,427.8,427.1,427.35,57777,ITC
2025-05-13 12:48:00+05:30,427.4,427.8,427.25,427.75,26082,ITC
2025-05-13 12:49:00+05:30,427.7,427.7,427.3,427.55,61353,ITC
2025-05-13 12:50:00+05:30,427.6,427.8,427.5,427.75,12783,ITC
2025-05-13 12:51:00+05:30,427.75,427.85,427.55,427.65,23417,ITC
2025-05-13 12:52:00+05:30,427.6,427.65,427.2,427.4,26126,ITC
2025-05-13 12:53:00+05:30,427.4,427.65,427.3,427.55,7058,ITC
2025-05-13 12:54:00+05:30,427.55,427.65,426.25,426.25,162385,ITC
2025-05-13 12:55:00+05:30,426.25,427.0,426.1,426.7,39575,ITC
2025-05-13 12:56:00+05:30,426.65,426.7,426.15,426.45,128044,ITC
2025-05-13 12:57:00+05:30,426.55,426.6,426.25,426.55,31416,ITC
2025-05-13 12:58:00+05:30,426.55,426.55,425.6,425.7,75267,ITC
2025-05-13 12:59:00+05:30,425.7,425.95,425.35,425.8,68356,ITC
2025-05-13 13:00:00+05:30,425.9,426.3,425.8,426.2,18406,ITC
2025-05-13 13:01:00+05:30,426.25,426.5,425.95,426.3,64050,ITC
2025-05-13 13:02:00+05:30,426.35,426.8,426.05,426.65,16508,ITC
2025-05-13 13:03:00+05:30,426.8,427.0,426.6,426.8,14994,ITC
2025-05-13 13:04:00+05:30,426.75,426.95,426.5,426.75,40060,ITC
2025-05-13 13:05:00+05:30,426.55,426.9,426.4,426.9,14758,ITC
2025-05-13 13:06:00+05:30,426.85,427.1,426.85,427.05,7919,ITC
2025-05-13 13:07:00+05:30,427.05,427.2,426.5,426.6,43150,ITC
2025-05-13 13:08:00+05:30,426.65,426.85,426.3,426.55,20569,ITC
2025-05-13 13:09:00+05:30,426.75,426.9,426.35,426.65,43802,ITC
2025-05-13 13:10:00+05:30,426.65,426.85,426.4,426.5,25767,ITC
2025-05-13 13:11:00+05:30,426.5,426.6,426.25,426.55,36855,ITC
2025-05-13 13:12:00+05:30,426.45,426.7,426.4,426.7,18813,ITC
2025-05-13 13:13:00+05:30,426.7,426.85,426.55,426.7,22054,ITC
2025-05-13 13:14:00+05:30,426.75,426.85,426.45,426.8,29835,ITC
2025-05-13 13:15:00+05:30,426.9,426.95,426.6,426.8,15372,ITC
2025-05-13 13:16:00+05:30,426.8,426.95,426.45,426.45,19598,ITC
2025-05-13 13:17:00+05:30,426.45,426.6,426.35,426.55,20873,ITC
2025-05-13 13:18:00+05:30,426.55,426.7,426.35,426.4,11675,ITC
2025-05-13 13:19:00+05:30,426.45,426.5,426.05,426.25,42787,ITC
2025-05-13 13:20:00+05:30,426.15,426.6,426.05,426.5,21836,ITC
2025-05-13 13:21:00+05:30,426.5,426.7,426.45,426.7,13691,ITC
2025-05-13 13:22:00+05:30,426.7,426.75,426.15,426.5,24525,ITC
2025-05-13 13:23:00+05:30,426.5,426.75,426.3,426.65,9792,ITC
2025-05-13 13:24:00+05:30,426.65,426.75,426.35,426.6,20067,ITC
2025-05-13 13:25:00+05:30,426.7,426.8,426.5,426.6,16994,ITC
2025-05-13 13:26:00+05:30,426.6,426.7,426.45,426.45,21817,ITC
2025-05-13 13:27:00+05:30,426.45,426.7,426.3,426.7,18288,ITC
2025-05-13 13:28:00+05:30,426.7,426.9,426.35,426.35,25984,ITC
2025-05-13 13:29:00+05:30,426.35,426.6,426.25,426.35,9492,ITC
2025-05-13 13:30:00+05:30,426.35,426.7,426.25,426.6,13667,ITC
2025-05-13 13:31:00+05:30,426.6,426.7,426.4,426.55,8989,ITC
2025-05-13 13:32:00+05:30,426.5,426.75,426.25,426.6,21505,ITC
2025-05-13 13:33:00+05:30,426.6,426.8,426.25,426.25,20016,ITC
2025-05-13 13:34:00+05:30,426.35,426.6,426.1,426.4,43458,ITC
2025-05-13 13:35:00+05:30,426.4,426.75,426.15,426.75,15765,ITC
2025-05-13 13:36:00+05:30,426.75,426.8,426.5,426.75,10532,ITC
2025-05-13 13:37:00+05:30,426.8,426.8,426.45,426.5,16509,ITC
2025-05-13 13:38:00+05:30,426.75,426.8,426.5,426.7,9429,ITC
2025-05-13 13:39:00+05:30,426.7,426.8,426.5,426.55,15722,ITC
2025-05-13 13:40:00+05:30,426.55,426.8,426.55,426.75,8230,ITC
2025-05-13 13:41:00+05:30,426.75,426.9,426.7,426.85,9188,ITC
2025-05-13 13:42:00+05:30,426.9,427.2,426.8,426.85,20936,ITC
2025-05-13 13:43:00+05:30,426.9,427.15,426.8,427.15,9431,ITC
2025-05-13 13:44:00+05:30,427.15,427.15,426.8,426.95,21993,ITC
2025-05-13 13:45:00+05:30,426.95,427.15,426.85,427.05,15433,ITC
2025-05-13 13:46:00+05:30,427.0,427.35,427.0,427.15,26864,ITC
2025-05-13 13:47:00+05:30,427.1,427.4,427.0,427.2,25212,ITC
2025-05-13 13:48:00+05:30,427.05,427.25,426.85,426.85,21873,ITC
2025-05-13 13:49:00+05:30,426.9,427.1,426.75,427.1,20335,ITC
2025-05-13 13:50:00+05:30,426.9,427.15,426.75,426.95,8960,ITC
2025-05-13 13:51:00+05:30,426.85,426.95,426.6,426.75,27558,ITC
2025-05-13 13:52:00+05:30,426.65,427.05,426.6,426.8,13983,ITC
2025-05-13 13:53:00+05:30,426.75,426.85,426.5,426.7,34830,ITC
2025-05-13 13:54:00+05:30,426.65,427.1,426.55,427.1,27371,ITC
2025-05-13 13:55:00+05:30,426.85,427.0,426.6,426.85,18551,ITC
2025-05-13 13:56:00+05:30,426.65,426.85,426.35,426.7,35635,ITC
2025-05-13 13:57:00+05:30,426.5,426.7,426.45,426.65,16503,ITC
2025-05-13 13:58:00+05:30,426.5,426.7,426.35,426.45,39755,ITC
2025-05-13 13:59:00+05:30,426.4,426.75,426.35,426.75,13974,ITC
2025-05-13 14:00:00+05:30,426.65,426.85,426.45,426.5,17019,ITC
2025-05-13 14:01:00+05:30,426.5,426.8,426.45,426.75,12774,ITC
2025-05-13 14:02:00+05:30,426.75,427.25,426.6,426.95,69770,ITC
2025-05-13 14:03:00+05:30,427.0,427.05,426.75,427.0,11109,ITC
2025-05-13 14:04:00+05:30,426.9,427.25,426.8,426.9,17465,ITC
2025-05-13 14:05:00+05:30,426.8,427.1,426.8,426.95,14725,ITC
2025-05-13 14:06:00+05:30,426.85,427.15,426.8,427.0,28686,ITC
2025-05-13 14:07:00+05:30,427.0,427.3,426.85,427.3,58871,ITC
2025-05-13 14:08:00+05:30,427.15,427.45,427.15,427.4,14288,ITC
2025-05-13 14:09:00+05:30,427.4,427.5,427.3,427.5,14169,ITC
2025-05-13 14:10:00+05:30,427.45,427.7,427.25,427.4,44583,ITC
2025-05-13 14:11:00+05:30,427.4,427.5,427.3,427.5,12003,ITC
2025-05-13 14:12:00+05:30,427.5,427.65,427.4,427.4,15548,ITC
2025-05-13 14:13:00+05:30,427.4,427.6,427.05,427.4,37285,ITC
2025-05-13 14:14:00+05:30,427.2,427.4,427.1,427.35,11333,ITC
2025-05-13 14:15:00+05:30,427.4,427.45,427.15,427.25,9139,ITC
2025-05-13 14:16:00+05:30,427.2,427.4,427.1,427.4,14430,ITC
2025-05-13 14:17:00+05:30,427.3,427.45,427.1,427.15,7674,ITC
2025-05-13 14:18:00+05:30,427.3,427.35,427.0,427.05,10518,ITC
2025-05-13 14:19:00+05:30,427.0,427.2,426.8,426.8,77030,ITC
2025-05-13 14:20:00+05:30,426.8,427.0,426.75,426.9,10509,ITC
2025-05-13 14:21:00+05:30,426.95,427.0,426.65,426.9,8900,ITC
2025-05-13 14:22:00+05:30,426.85,427.3,426.75,426.85,20950,ITC
2025-05-13 14:23:00+05:30,426.9,427.2,426.75,427.2,15372,ITC
2025-05-13 14:24:00+05:30,427.0,427.5,427.0,427.4,17644,ITC
2025-05-13 14:25:00+05:30,427.4,427.45,427.0,427.25,11235,ITC
2025-05-13 14:26:00+05:30,427.2,427.6,427.2,427.3,19257,ITC
2025-05-13 14:27:00+05:30,427.3,427.8,427.3,427.5,32916,ITC
2025-05-13 14:28:00+05:30,427.45,427.5,427.05,427.2,30239,ITC
2025-05-13 14:29:00+05:30,427.05,427.2,426.8,426.9,21888,ITC
2025-05-13 14:30:00+05:30,426.9,427.1,426.85,426.95,18476,ITC
2025-05-13 14:31:00+05:30,426.95,427.0,426.8,426.95,16407,ITC
2025-05-13 14:32:00+05:30,427.0,427.35,426.85,427.25,29472,ITC
2025-05-13 14:33:00+05:30,427.25,427.35,427.0,427.1,15859,ITC
2025-05-13 14:34:00+05:30,427.05,427.2,427.05,427.15,23238,ITC
2025-05-13 14:35:00+05:30,427.1,427.45,427.05,427.35,16611,ITC
2025-05-13 14:36:00+05:30,427.3,427.6,427.25,427.55,24977,ITC
2025-05-13 14:37:00+05:30,427.35,427.8,427.3,427.55,62508,ITC
2025-05-13 14:38:00+05:30,427.6,427.85,427.5,427.7,64898,ITC
2025-05-13 14:39:00+05:30,427.85,428.4,427.7,428.2,45744,ITC
2025-05-13 14:40:00+05:30,428.15,428.3,427.85,428.0,21493,ITC
2025-05-13 14:41:00+05:30,427.95,428.25,427.9,428.15,16671,ITC
2025-05-13 14:42:00+05:30,428.05,428.2,428.0,428.1,12379,ITC
2025-05-13 14:43:00+05:30,428.1,428.2,428.0,428.1,16107,ITC
2025-05-13 14:44:00+05:30,428.1,428.25,428.0,428.0,26666,ITC
2025-05-13 14:45:00+05:30,428.0,428.5,427.8,428.5,54570,ITC
2025-05-13 14:46:00+05:30,428.45,428.7,428.0,428.3,102549,ITC
2025-05-13 14:47:00+05:30,428.35,428.75,428.2,428.4,121694,ITC
2025-05-13 14:48:00+05:30,428.3,428.3,427.35,427.5,144952,ITC
2025-05-13 14:49:00+05:30,427.5,428.05,427.35,427.95,41878,ITC
2025-05-13 14:50:00+05:30,427.9,428.25,427.7,427.9,56837,ITC
2025-05-13 14:51:00+05:30,427.9,428.15,427.7,427.8,42848,ITC
2025-05-13 14:52:00+05:30,427.75,427.95,427.6,427.9,49974,ITC
2025-05-13 14:53:00+05:30,427.8,427.95,427.5,427.9,96208,ITC
2025-05-13 14:54:00+05:30,427.8,427.9,427.6,427.85,34249,ITC
2025-05-13 14:55:00+05:30,427.85,427.85,427.05,427.25,42002,ITC
2025-05-13 14:56:00+05:30,427.15,427.5,427.0,427.2,110057,ITC
2025-05-13 14:57:00+05:30,427.2,427.6,427.15,427.45,66300,ITC
2025-05-13 14:58:00+05:30,427.45,427.65,427.3,427.65,91087,ITC
2025-05-13 14:59:00+05:30,427.65,428.15,427.55,428.0,119243,ITC
2025-05-13 15:00:00+05:30,428.0,428.55,427.9,428.4,154569,ITC
2025-05-13 15:01:00+05:30,428.4,428.6,428.1,428.5,118413,ITC
2025-05-13 15:02:00+05:30,428.55,428.75,428.15,428.25,93263,ITC
2025-05-13 15:03:00+05:30,428.25,428.45,428.0,428.1,77452,ITC
2025-05-13 15:04:00+05:30,428.1,428.15,427.65,427.95,87089,ITC
2025-05-13 15:05:00+05:30,427.95,428.2,427.85,428.05,103301,ITC
2025-05-13 15:06:00+05:30,428.1,428.35,428.05,428.05,50892,ITC
2025-05-13 15:07:00+05:30,428.1,428.15,427.8,427.95,96960,ITC
2025-05-13 15:08:00+05:30,427.95,428.15,427.65,427.7,54910,ITC
2025-05-13 15:09:00+05:30,427.7,428.0,427.7,427.9,51527,ITC
2025-05-13 15:10:00+05:30,427.9,428.0,427.35,427.5,69942,ITC
2025-05-13 15:11:00+05:30,427.5,428.0,427.45,427.9,96648,ITC
2025-05-13 15:12:00+05:30,427.9,427.9,427.45,427.55,63006,ITC
2025-05-13 15:13:00+05:30,427.55,427.6,427.3,427.5,64370,ITC
2025-05-13 15:14:00+05:30,427.5,427.75,427.45,427.5,55732,ITC
2025-05-13 15:15:00+05:30,427.5,427.95,427.4,427.9,81489,ITC
2025-05-13 15:16:00+05:30,427.9,428.25,427.75,428.2,78858,ITC
2025-05-13 15:17:00+05:30,428.25,428.45,427.6,427.9,100268,ITC
2025-05-13 15:18:00+05:30,427.9,428.25,427.7,428.05,75457,ITC
2025-05-13 15:19:00+05:30,428.1,428.25,428.0,428.0,57784,ITC
2025-05-13 15:20:00+05:30,428.05,428.05,427.35,427.85,110148,ITC
2025-05-13 15:21:00+05:30,427.85,427.95,427.65,427.8,81326,ITC
2025-05-13 15:22:00+05:30,427.8,427.9,427.65,427.75,52001,ITC
2025-05-13 15:23:00+05:30,427.75,427.95,427.65,427.8,82396,ITC
2025-05-13 15:24:00+05:30,427.8,427.85,427.15,427.6,92571,ITC
2025-05-13 15:25:00+05:30,427.55,427.75,427.35,427.55,79352,ITC
2025-05-13 15:26:00+05:30,427.55,427.85,427.35,427.4,77289,ITC
2025-05-13 15:27:00+05:30,427.4,427.75,427.25,427.7,53247,ITC
2025-05-13 15:28:00+05:30,427.7,428.0,427.5,427.95,57841,ITC
2025-05-13 15:29:00+05:30,427.95,427.95,427.55,427.9,22166,ITC
2025-05-14 09:15:00+05:30,427.1,428.95,427.05,427.4,82629,ITC
2025-05-14 09:16:00+05:30,427.4,428.05,427.0,427.4,71757,ITC
2025-05-14 09:17:00+05:30,427.4,427.8,427.05,427.45,35132,ITC
2025-05-14 09:18:00+05:30,427.6,427.7,427.2,427.65,26202,ITC
2025-05-14 09:19:00+05:30,427.65,431.85,427.6,428.05,292575,ITC
2025-05-14 09:20:00+05:30,428.1,429.15,428.0,428.9,29350,ITC
2025-05-14 09:21:00+05:30,428.9,429.55,428.6,429.25,28199,ITC
2025-05-14 09:22:00+05:30,429.4,429.75,429.25,429.4,23318,ITC
2025-05-14 09:23:00+05:30,429.4,429.4,428.9,429.25,18705,ITC
2025-05-14 09:24:00+05:30,429.25,429.25,429.0,429.2,7609,ITC
2025-05-14 09:25:00+05:30,429.15,429.7,429.15,429.7,10421,ITC
2025-05-14 09:26:00+05:30,429.7,429.95,429.55,429.75,16467,ITC
2025-05-14 09:27:00+05:30,429.7,430.3,429.5,430.05,34116,ITC
2025-05-14 09:28:00+05:30,430.05,430.5,430.05,430.35,8327,ITC
2025-05-14 09:29:00+05:30,430.55,430.7,430.1,430.25,18026,ITC
2025-05-14 09:30:00+05:30,430.35,430.5,429.15,429.3,71755,ITC
2025-05-14 09:31:00+05:30,429.45,429.7,429.2,429.35,13540,ITC
2025-05-14 09:32:00+05:30,429.35,429.45,429.1,429.25,6427,ITC
2025-05-14 09:33:00+05:30,429.25,429.85,429.1,429.5,25405,ITC
2025-05-14 09:34:00+05:30,429.45,429.5,428.95,429.25,51210,ITC
2025-05-14 09:35:00+05:30,429.15,429.8,428.9,429.35,17439,ITC
2025-05-14 09:36:00+05:30,429.6,429.75,429.25,429.45,13940,ITC
2025-05-14 09:37:00+05:30,429.5,429.85,429.25,429.55,14851,ITC
2025-05-14 09:38:00+05:30,429.55,429.9,429.45,429.45,9304,ITC
2025-05-14 09:39:00+05:30,429.45,429.75,429.35,429.45,10180,ITC
2025-05-14 09:40:00+05:30,429.45,429.85,429.4,429.75,10137,ITC
2025-05-14 09:41:00+05:30,429.75,430.15,429.75,430.15,19618,ITC
2025-05-14 09:42:00+05:30,430.15,430.35,430.0,430.25,21789,ITC
2025-05-14 09:43:00+05:30,430.05,430.35,430.05,430.3,5501,ITC
2025-05-14 09:44:00+05:30,430.15,430.4,430.15,430.3,8348,ITC
2025-05-14 09:45:00+05:30,430.3,430.8,430.3,430.6,27894,ITC
2025-05-14 09:46:00+05:30,430.55,430.75,430.35,430.6,14943,ITC
2025-05-14 09:47:00+05:30,430.4,430.6,430.2,430.35,8295,ITC
2025-05-14 09:48:00+05:30,430.3,430.35,430.2,430.2,9028,ITC
2025-05-14 09:49:00+05:30,430.2,430.35,430.1,430.1,9182,ITC
2025-05-14 09:50:00+05:30,430.1,430.25,429.65,429.8,35167,ITC
2025-05-14 09:51:00+05:30,429.65,429.9,429.4,429.5,13227,ITC
2025-05-14 09:52:00+05:30,429.5,429.65,429.3,429.5,7455,ITC
2025-05-14 09:53:00+05:30,429.3,429.6,429.3,429.5,2138,ITC
2025-05-14 09:54:00+05:30,429.5,429.85,429.4,429.55,19296,ITC
2025-05-14 09:55:00+05:30,429.55,429.85,429.45,429.75,13628,ITC
2025-05-14 09:56:00+05:30,429.65,429.75,429.4,429.75,4971,ITC
2025-05-14 09:57:00+05:30,429.65,429.95,429.55,429.95,12516,ITC
2025-05-14 09:58:00+05:30,429.85,430.4,429.85,430.4,29578,ITC
2025-05-14 09:59:00+05:30,430.15,430.4,430.05,430.2,7447,ITC
2025-05-14 10:00:00+05:30,430.05,430.25,429.9,430.05,4584,ITC
2025-05-14 10:01:00+05:30,430.0,430.2,430.0,430.2,11120,ITC
2025-05-14 10:02:00+05:30,430.1,430.35,430.05,430.15,12690,ITC
2025-05-14 10:03:00+05:30,430.0,430.4,430.0,430.3,7450,ITC
2025-05-14 10:04:00+05:30,430.3,430.55,430.25,430.4,13218,ITC
2025-05-14 10:05:00+05:30,430.45,430.6,430.35,430.6,8317,ITC
2025-05-14 10:06:00+05:30,430.55,430.8,430.5,430.7,16240,ITC
2025-05-14 10:07:00+05:30,430.7,430.95,430.7,430.9,11935,ITC
2025-05-14 10:08:00+05:30,430.8,430.95,430.6,430.85,11686,ITC
2025-05-14 10:09:00+05:30,430.8,430.95,430.65,430.85,17131,ITC
2025-05-14 10:10:00+05:30,430.7,430.9,430.4,430.5,15061,ITC
2025-05-14 10:11:00+05:30,430.4,430.8,430.4,430.8,7665,ITC
2025-05-14 10:12:00+05:30,430.75,430.9,430.6,430.9,15794,ITC
2025-05-14 10:13:00+05:30,430.8,430.9,430.7,430.9,24112,ITC
2025-05-14 10:14:00+05:30,430.75,430.9,430.7,430.8,12142,ITC
2025-05-14 10:15:00+05:30,430.75,431.2,430.75,431.2,32298,ITC
2025-05-14 10:16:00+05:30,431.05,431.2,430.9,431.1,9348,ITC
2025-05-14 10:17:00+05:30,431.05,431.2,430.95,431.05,18050,ITC
2025-05-14 10:18:00+05:30,431.0,431.2,431.0,431.2,7443,ITC
2025-05-14 10:19:00+05:30,431.1,431.2,431.1,431.1,18912,ITC
2025-05-14 10:20:00+05:30,431.2,431.2,431.1,431.2,2879,ITC
2025-05-14 10:21:00+05:30,431.1,431.2,431.05,431.15,8095,ITC
2025-05-14 10:22:00+05:30,431.1,431.2,430.8,430.8,16202,ITC
2025-05-14 10:23:00+05:30,430.9,431.1,430.8,431.0,9987,ITC
2025-05-14 10:24:00+05:30,430.95,431.2,430.95,431.0,5784,ITC
2025-05-14 10:25:00+05:30,431.0,431.2,430.8,430.95,8400,ITC
2025-05-14 10:26:00+05:30,430.95,430.95,430.55,430.8,12174,ITC
2025-05-14 10:27:00+05:30,430.8,430.85,430.55,430.75,9758,ITC
2025-05-14 10:28:00+05:30,430.6,430.95,430.6,430.8,9652,ITC
2025-05-14 10:29:00+05:30,430.95,431.0,430.65,430.95,14991,ITC
2025-05-14 10:30:00+05:30,430.95,431.0,430.65,430.8,14751,ITC
2025-05-14 10:31:00+05:30,430.65,430.9,430.65,430.85,12220,ITC
2025-05-14 10:32:00+05:30,430.65,430.95,430.65,430.95,8021,ITC
2025-05-14 10:33:00+05:30,430.75,430.95,430.4,430.5,21212,ITC
2025-05-14 10:34:00+05:30,430.5,430.7,430.35,430.55,13380,ITC
2025-05-14 10:35:00+05:30,430.45,430.65,430.25,430.6,19079,ITC
2025-05-14 10:36:00+05:30,430.6,430.65,430.35,430.45,10774,ITC
2025-05-14 10:37:00+05:30,430.45,430.45,429.75,429.75,32800,ITC
2025-05-14 10:38:00+05:30,429.95,430.2,429.65,430.0,45924,ITC
2025-05-14 10:39:00+05:30,429.85,430.0,429.8,429.85,17221,ITC
2025-05-14 10:40:00+05:30,429.8,430.0,429.8,430.0,7800,ITC
2025-05-14 10:41:00+05:30,429.95,430.0,429.8,429.95,13979,ITC
2025-05-14 10:42:00+05:30,429.8,430.0,429.75,429.95,36980,ITC
2025-05-14 10:43:00+05:30,429.85,430.5,429.8,430.5,35117,ITC
2025-05-14 10:44:00+05:30,430.45,430.8,430.4,430.65,39950,ITC
2025-05-14 10:45:00+05:30,430.6,430.7,430.5,430.7,8505,ITC
2025-05-14 10:46:00+05:30,430.5,430.8,430.4,430.75,41441,ITC
2025-05-14 10:47:00+05:30,430.8,430.9,430.5,430.7,16120,ITC
2025-05-14 10:48:00+05:30,430.7,430.75,429.8,430.1,79630,ITC
2025-05-14 10:49:00+05:30,429.95,430.3,429.8,430.3,68088,ITC
2025-05-14 10:50:00+05:30,430.25,430.25,429.9,430.15,13628,ITC
2025-05-14 10:51:00+05:30,430.0,430.2,429.8,430.0,8275,ITC
2025-05-14 10:52:00+05:30,430.0,430.05,429.65,429.75,18227,ITC
2025-05-14 10:53:00+05:30,429.6,429.75,429.45,429.75,17539,ITC
2025-05-14 10:54:00+05:30,429.65,429.9,429.6,429.9,20294,ITC
2025-05-14 10:55:00+05:30,429.7,429.95,429.65,429.9,13837,ITC
2025-05-14 10:56:00+05:30,429.85,430.1,429.65,430.05,11766,ITC
2025-05-14 10:57:00+05:30,430.05,430.2,429.75,429.9,11405,ITC
2025-05-14 10:58:00+05:30,429.9,430.0,429.7,429.85,11894,ITC
2025-05-14 10:59:00+05:30,429.7,429.9,429.65,429.65,13778,ITC
2025-05-14 11:00:00+05:30,429.75,429.95,429.65,429.95,8876,ITC
2025-05-14 11:01:00+05:30,429.9,430.0,429.7,429.7,16461,ITC
2025-05-14 11:02:00+05:30,429.7,429.95,429.5,429.95,25808,ITC
2025-05-14 11:03:00+05:30,429.9,430.0,429.85,429.95,8120,ITC
2025-05-14 11:04:00+05:30,429.85,429.95,429.6,429.85,11405,ITC
2025-05-14 11:05:00+05:30,429.85,430.1,429.65,430.05,12557,ITC
2025-05-14 11:06:00+05:30,429.9,430.05,429.65,429.95,13666,ITC
2025-05-14 11:07:00+05:30,429.95,430.0,429.8,430.0,6683,ITC
2025-05-14 11:08:00+05:30,429.95,430.2,429.85,430.2,12568,ITC
2025-05-14 11:09:00+05:30,430.05,430.25,430.05,430.15,9013,ITC
2025-05-14 11:10:00+05:30,430.1,430.15,429.95,430.1,8668,ITC
2025-05-14 11:11:00+05:30,430.1,430.15,429.95,430.05,15458,ITC
2025-05-14 11:12:00+05:30,430.0,430.1,429.8,430.1,38978,ITC
2025-05-14 11:13:00+05:30,429.95,430.1,429.85,430.05,19123,ITC
2025-05-14 11:14:00+05:30,430.05,430.05,429.4,429.55,127912,ITC
2025-05-14 11:15:00+05:30,429.55,429.95,429.3,429.75,16242,ITC
2025-05-14 11:16:00+05:30,429.75,429.95,429.5,429.65,11978,ITC
2025-05-14 11:17:00+05:30,429.55,429.65,429.35,429.6,17751,ITC
2025-05-14 11:18:00+05:30,429.45,429.85,429.4,429.85,13529,ITC
2025-05-14 11:19:00+05:30,429.85,429.85,429.65,429.8,10445,ITC
2025-05-14 11:20:00+05:30,429.75,429.75,429.15,429.35,34850,ITC
2025-05-14 11:21:00+05:30,429.35,429.45,429.2,429.45,11065,ITC
2025-05-14 11:22:00+05:30,429.45,429.45,429.2,429.4,8396,ITC
2025-05-14 11:23:00+05:30,429.25,429.5,429.15,429.35,13219,ITC
2025-05-14 11:24:00+05:30,429.3,429.5,429.3,429.45,11449,ITC
2025-05-14 11:25:00+05:30,429.3,429.5,429.25,429.45,9709,ITC
2025-05-14 11:26:00+05:30,429.25,429.4,429.1,429.2,15932,ITC
2025-05-14 11:27:00+05:30,429.2,429.35,429.05,429.2,24018,ITC
2025-05-14 11:28:00+05:30,429.05,429.2,428.7,428.95,30202,ITC
2025-05-14 11:29:00+05:30,428.95,429.2,428.95,429.15,13939,ITC
2025-05-14 11:30:00+05:30,429.05,429.15,428.85,429.0,8629,ITC
2025-05-14 11:31:00+05:30,428.85,429.3,428.8,429.2,15813,ITC
2025-05-14 11:32:00+05:30,429.05,429.3,429.0,429.1,17176,ITC
2025-05-14 11:33:00+05:30,429.1,429.3,429.0,429.2,9366,ITC
2025-05-14 11:34:00+05:30,429.1,429.2,429.0,429.1,7216,ITC
2025-05-14 11:35:00+05:30,429.05,429.2,428.95,429.15,11698,ITC
2025-05-14 11:36:00+05:30,429.1,429.25,429.0,429.25,5907,ITC
2025-05-14 11:37:00+05:30,429.2,429.35,429.0,429.2,10601,ITC
2025-05-14 11:38:00+05:30,429.05,429.25,429.0,429.15,9049,ITC
2025-05-14 11:39:00+05:30,429.0,429.25,428.65,429.0,46189,ITC
2025-05-14 11:40:00+05:30,428.9,429.25,428.75,429.25,18966,ITC
2025-05-14 11:41:00+05:30,429.2,429.25,428.95,429.2,10337,ITC
2025-05-14 11:42:00+05:30,429.0,429.2,428.8,429.0,14184,ITC
2025-05-14 11:43:00+05:30,428.9,429.0,428.55,428.8,16455,ITC
2025-05-14 11:44:00+05:30,428.8,428.95,428.7,428.95,11176,ITC
2025-05-14 11:45:00+05:30,428.75,429.0,428.5,428.75,18341,ITC
2025-05-14 11:46:00+05:30,428.65,428.85,428.55,428.85,20641,ITC
2025-05-14 11:47:00+05:30,428.7,428.95,428.45,428.7,10951,ITC
2025-05-14 11:48:00+05:30,428.55,428.8,428.45,428.8,11462,ITC
2025-05-14 11:49:00+05:30,428.75,428.8,428.4,428.55,10351,ITC
2025-05-14 11:50:00+05:30,428.4,428.95,428.4,428.8,23271,ITC
2025-05-14 11:51:00+05:30,428.7,428.9,428.55,428.75,14753,ITC
2025-05-14 11:52:00+05:30,428.55,428.85,428.5,428.6,21808,ITC
2025-05-14 11:53:00+05:30,428.6,429.0,428.5,428.9,19967,ITC
2025-05-14 11:54:00+05:30,428.7,429.0,428.55,428.75,26598,ITC
2025-05-14 11:55:00+05:30,428.55,428.95,428.55,428.75,29745,ITC
2025-05-14 11:56:00+05:30,428.75,428.85,428.55,428.85,11260,ITC
2025-05-14 11:57:00+05:30,428.65,428.9,428.6,428.85,14614,ITC
2025-05-14 11:58:00+05:30,428.65,428.95,428.5,428.95,7537,ITC
2025-05-14 11:59:00+05:30,428.95,429.0,428.7,428.9,9057,ITC
2025-05-14 12:00:00+05:30,428.9,429.0,428.85,429.0,11597,ITC
2025-05-14 12:01:00+05:30,428.95,429.25,428.85,428.95,15760,ITC
2025-05-14 12:02:00+05:30,428.95,429.25,428.85,429.1,10979,ITC
2025-05-14 12:03:00+05:30,428.9,429.1,428.8,429.0,6729,ITC
2025-05-14 12:04:00+05:30,428.9,429.15,428.8,429.1,16106,ITC
2025-05-14 12:05:00+05:30,429.05,429.05,428.8,428.95,17918,ITC
2025-05-14 12:06:00+05:30,428.95,429.05,428.85,429.05,9056,ITC
2025-05-14 12:07:00+05:30,428.9,429.1,428.85,429.1,14853,ITC
2025-05-14 12:08:00+05:30,428.9,429.25,428.9,429.2,13848,ITC
2025-05-14 12:09:00+05:30,429.0,429.05,428.8,429.0,17936,ITC
2025-05-14 12:10:00+05:30,429.0,429.3,428.85,429.1,24497,ITC
2025-05-14 12:11:00+05:30,429.1,429.15,428.8,429.0,22388,ITC
2025-05-14 12:12:00+05:30,428.85,429.25,428.8,429.2,15678,ITC
2025-05-14 12:13:00+05:30,429.1,429.3,429.1,429.3,15421,ITC
2025-05-14 12:14:00+05:30,429.25,429.3,429.05,429.25,13927,ITC
2025-05-14 12:15:00+05:30,429.25,429.3,429.05,429.3,13989,ITC
2025-05-14 12:16:00+05:30,429.15,429.3,429.05,429.15,11334,ITC
2025-05-14 12:17:00+05:30,429.05,429.2,429.05,429.15,6509,ITC
2025-05-14 12:18:00+05:30,429.15,429.3,429.05,429.3,17239,ITC
2025-05-14 12:19:00+05:30,429.25,429.4,429.2,429.3,16027,ITC
2025-05-14 12:20:00+05:30,429.3,429.4,429.15,429.25,12124,ITC
2025-05-14 12:21:00+05:30,429.3,429.4,429.15,429.35,11782,ITC
2025-05-14 12:22:00+05:30,429.35,429.4,429.2,429.3,11274,ITC
2025-05-14 12:23:00+05:30,429.3,429.3,429.05,429.15,12756,ITC
2025-05-14 12:24:00+05:30,429.2,429.25,429.05,429.2,8527,ITC
2025-05-14 12:25:00+05:30,429.25,429.25,428.75,428.8,26868,ITC
2025-05-14 12:26:00+05:30,429.0,429.0,428.55,428.7,29766,ITC
2025-05-14 12:27:00+05:30,428.75,428.75,428.55,428.7,17924,ITC
2025-05-14 12:28:00+05:30,428.75,428.75,428.25,428.55,50697,ITC
2025-05-14 12:29:00+05:30,428.55,428.55,428.2,428.45,26740,ITC
2025-05-14 12:30:00+05:30,428.5,428.5,428.25,428.45,16124,ITC
2025-05-14 12:31:00+05:30,428.45,428.5,428.25,428.25,14415,ITC
2025-05-14 12:32:00+05:30,428.35,428.35,428.1,428.25,18032,ITC
2025-05-14 12:33:00+05:30,428.25,428.25,427.9,428.1,64996,ITC
2025-05-14 12:34:00+05:30,428.0,428.1,427.55,427.75,80321,ITC
2025-05-14 12:35:00+05:30,427.75,427.85,427.55,427.6,37492,ITC
2025-05-14 12:36:00+05:30,427.85,428.1,427.6,427.95,35947,ITC
2025-05-14 12:37:00+05:30,427.8,428.0,427.75,427.8,25220,ITC
2025-05-14 12:38:00+05:30,427.8,427.95,427.65,427.8,16208,ITC
2025-05-14 12:39:00+05:30,427.75,427.8,427.3,427.5,39514,ITC
2025-05-14 12:40:00+05:30,427.5,427.6,427.25,427.5,50785,ITC
2025-05-14 12:41:00+05:30,427.5,427.7,427.3,427.7,51130,ITC
2025-05-14 12:42:00+05:30,427.7,427.8,427.5,427.7,25291,ITC
2025-05-14 12:43:00+05:30,427.75,427.75,427.45,427.65,21874,ITC
2025-05-14 12:44:00+05:30,427.65,427.65,427.4,427.6,16683,ITC
2025-05-14 12:45:00+05:30,427.6,427.7,427.4,427.55,23463,ITC
2025-05-14 12:46:00+05:30,427.55,427.65,427.4,427.65,25496,ITC
2025-05-14 12:47:00+05:30,427.65,427.65,427.35,427.6,16935,ITC
2025-05-14 12:48:00+05:30,427.65,427.75,427.45,427.65,18929,ITC
2025-05-14 12:49:00+05:30,427.65,427.7,427.0,427.25,53553,ITC
2025-05-14 12:50:00+05:30,427.3,427.3,426.55,426.8,97024,ITC
2025-05-14 12:51:00+05:30,426.8,426.8,426.05,426.65,67652,ITC
2025-05-14 12:52:00+05:30,426.65,426.75,426.0,426.15,67783,ITC
2025-05-14 12:53:00+05:30,426.15,426.4,425.9,426.4,57323,ITC
2025-05-14 12:54:00+05:30,426.4,426.5,426.15,426.4,20706,ITC
2025-05-14 12:55:00+05:30,426.45,426.45,426.15,426.4,30281,ITC
2025-05-14 12:56:00+05:30,426.4,426.4,426.0,426.35,31519,ITC
2025-05-14 12:57:00+05:30,426.35,426.4,426.0,426.25,48832,ITC
2025-05-14 12:58:00+05:30,426.2,426.3,426.05,426.2,19365,ITC
2025-05-14 12:59:00+05:30,426.2,426.5,426.05,426.3,56111,ITC
2025-05-14 13:00:00+05:30,426.35,426.5,426.25,426.4,20084,ITC
2025-05-14 13:01:00+05:30,426.4,426.55,426.15,426.3,42901,ITC
2025-05-14 13:02:00+05:30,426.35,426.6,426.2,426.6,27867,ITC
2025-05-14 13:03:00+05:30,426.5,426.9,426.4,426.85,24496,ITC
2025-05-14 13:04:00+05:30,426.9,426.9,426.6,426.75,21965,ITC
2025-05-14 13:05:00+05:30,426.8,426.95,426.65,426.9,29869,ITC
2025-05-14 13:06:00+05:30,426.65,426.9,426.55,426.8,31459,ITC
2025-05-14 13:07:00+05:30,426.8,426.85,426.6,426.85,18538,ITC
2025-05-14 13:08:00+05:30,426.75,426.9,426.6,426.85,28443,ITC
2025-05-14 13:09:00+05:30,426.85,426.95,426.65,426.95,34033,ITC
2025-05-14 13:10:00+05:30,426.95,427.0,426.7,427.0,22574,ITC
2025-05-14 13:11:00+05:30,426.95,427.0,426.75,426.95,20850,ITC
2025-05-14 13:12:00+05:30,426.95,427.0,426.8,427.0,30311,ITC
2025-05-14 13:13:00+05:30,426.9,427.0,426.7,426.95,30912,ITC
2025-05-14 13:14:00+05:30,426.95,427.0,426.75,427.0,13234,ITC
2025-05-14 13:15:00+05:30,427.05,427.3,426.9,427.3,18861,ITC
2025-05-14 13:16:00+05:30,427.35,427.85,427.15,427.85,121114,ITC
2025-05-14 13:17:00+05:30,427.85,427.85,427.45,427.7,16735,ITC
2025-05-14 13:18:00+05:30,427.65,427.75,427.15,427.35,25729,ITC
2025-05-14 13:19:00+05:30,427.3,427.7,427.05,427.7,20099,ITC
2025-05-14 13:20:00+05:30,427.7,427.8,427.4,427.7,22103,ITC
2025-05-14 13:21:00+05:30,427.7,427.8,427.45,427.8,24744,ITC
2025-05-14 13:22:00+05:30,427.8,427.85,427.5,427.8,14237,ITC
2025-05-14 13:23:00+05:30,427.8,427.8,427.45,427.6,10540,ITC
2025-05-14 13:24:00+05:30,427.6,427.75,427.4,427.5,13247,ITC
2025-05-14 13:25:00+05:30,427.5,428.1,427.4,428.0,54545,ITC
2025-05-14 13:26:00+05:30,428.0,428.05,427.65,427.9,18613,ITC
2025-05-14 13:27:00+05:30,427.9,427.9,427.65,427.9,9437,ITC
2025-05-14 13:28:00+05:30,427.9,427.95,427.65,427.9,20238,ITC
2025-05-14 13:29:00+05:30,427.9,427.9,427.5,427.85,15873,ITC
2025-05-14 13:30:00+05:30,427.85,427.85,427.5,427.65,10797,ITC
2025-05-14 13:31:00+05:30,427.7,427.75,427.5,427.75,21112,ITC
2025-05-14 13:32:00+05:30,427.8,427.9,427.7,427.9,13439,ITC
2025-05-14 13:33:00+05:30,427.9,427.9,427.7,427.8,15692,ITC
2025-05-14 13:34:00+05:30,427.85,427.85,427.7,427.8,10289,ITC
2025-05-14 13:35:00+05:30,427.85,427.9,427.65,427.8,14954,ITC
2025-05-14 13:36:00+05:30,427.8,427.8,427.65,427.8,10316,ITC
2025-05-14 13:37:00+05:30,427.85,427.9,427.7,427.85,17148,ITC
2025-05-14 13:38:00+05:30,427.85,427.85,427.55,427.85,13216,ITC
2025-05-14 13:39:00+05:30,427.85,428.0,427.65,427.85,19680,ITC
2025-05-14 13:40:00+05:30,427.9,428.0,427.7,428.0,14515,ITC
2025-05-14 13:41:00+05:30,428.0,428.0,427.8,428.0,13225,ITC
2025-05-14 13:42:00+05:30,428.0,428.05,427.8,428.0,18320,ITC
2025-05-14 13:43:00+05:30,428.0,428.1,427.8,427.95,14103,ITC
2025-05-14 13:44:00+05:30,427.95,427.95,427.5,427.85,22212,ITC
2025-05-14 13:45:00+05:30,427.85,428.0,427.7,427.8,17067,ITC
2025-05-14 13:46:00+05:30,427.8,427.85,427.55,427.75,12388,ITC
2025-05-14 13:47:00+05:30,427.75,427.8,427.4,427.7,20227,ITC
2025-05-14 13:48:00+05:30,427.65,427.75,427.45,427.7,23143,ITC
2025-05-14 13:49:00+05:30,427.65,427.75,427.4,427.6,24412,ITC
2025-05-14 13:50:00+05:30,427.75,427.75,427.45,427.75,13582,ITC
2025-05-14 13:51:00+05:30,427.7,428.0,427.55,427.95,18624,ITC
2025-05-14 13:52:00+05:30,428.0,428.0,427.75,427.95,15002,ITC
2025-05-14 13:53:00+05:30,427.95,428.0,427.75,427.95,11963,ITC
2025-05-14 13:54:00+05:30,427.95,428.1,427.75,428.1,12555,ITC
2025-05-14 13:55:00+05:30,428.1,428.4,428.0,428.3,18191,ITC
2025-05-14 13:56:00+05:30,428.3,428.35,428.1,428.3,14472,ITC
2025-05-14 13:57:00+05:30,428.3,428.35,428.1,428.2,11333,ITC
2025-05-14 13:58:00+05:30,428.25,428.35,428.0,428.3,8129,ITC
2025-05-14 13:59:00+05:30,428.3,428.3,428.05,428.25,10670,ITC
2025-05-14 14:00:00+05:30,428.25,428.25,427.75,427.95,19075,ITC
2025-05-14 14:01:00+05:30,427.95,428.1,427.7,428.1,16089,ITC
2025-05-14 14:02:00+05:30,428.1,428.1,427.75,427.95,12742,ITC
2025-05-14 14:03:00+05:30,427.95,427.95,427.6,427.8,14184,ITC
2025-05-14 14:04:00+05:30,427.8,427.95,427.55,427.7,14109,ITC
2025-05-14 14:05:00+05:30,427.9,427.9,427.65,427.85,12473,ITC
2025-05-14 14:06:00+05:30,427.85,427.9,427.55,427.85,12892,ITC
2025-05-14 14:07:00+05:30,427.85,427.9,427.65,427.85,12807,ITC
2025-05-14 14:08:00+05:30,427.7,427.9,427.6,427.75,13081,ITC
2025-05-14 14:09:00+05:30,427.65,427.9,427.6,427.9,10348,ITC
2025-05-14 14:10:00+05:30,427.9,427.9,427.65,427.7,10432,ITC
2025-05-14 14:11:00+05:30,427.9,427.9,427.65,427.75,12304,ITC
2025-05-14 14:12:00+05:30,427.75,427.75,427.45,427.6,16036,ITC
2025-05-14 14:13:00+05:30,427.6,427.65,427.45,427.65,12015,ITC
2025-05-14 14:14:00+05:30,427.65,427.75,427.5,427.65,10721,ITC
2025-05-14 14:15:00+05:30,427.7,427.9,427.5,427.8,20099,ITC
2025-05-14 14:16:00+05:30,427.8,427.85,427.55,427.75,13956,ITC
2025-05-14 14:17:00+05:30,427.75,427.85,427.55,427.85,15493,ITC
2025-05-14 14:18:00+05:30,427.85,427.9,427.6,427.6,20234,ITC
2025-05-14 14:19:00+05:30,427.85,427.95,427.65,427.95,15949,ITC
2025-05-14 14:20:00+05:30,427.8,428.35,427.7,428.35,15762,ITC
2025-05-14 14:21:00+05:30,428.35,428.35,428.05,428.3,21544,ITC
2025-05-14 14:22:00+05:30,428.2,428.3,427.9,428.2,51466,ITC
2025-05-14 14:23:00+05:30,428.15,428.2,427.9,428.15,16253,ITC
2025-05-14 14:24:00+05:30,428.2,428.2,427.9,428.15,22196,ITC
2025-05-14 14:25:00+05:30,428.15,428.25,427.9,428.2,34331,ITC
2025-05-14 14:26:00+05:30,428.2,428.25,427.8,428.1,14456,ITC
2025-05-14 14:27:00+05:30,427.95,428.2,427.95,427.95,13726,ITC
2025-05-14 14:28:00+05:30,428.1,428.1,427.85,428.1,17854,ITC
2025-05-14 14:29:00+05:30,428.1,428.2,427.8,427.9,19604,ITC
2025-05-14 14:30:00+05:30,427.8,428.2,427.8,428.05,25318,ITC
2025-05-14 14:31:00+05:30,427.9,428.0,427.6,427.75,27470,ITC
2025-05-14 14:32:00+05:30,427.75,428.15,427.55,428.1,39389,ITC
2025-05-14 14:33:00+05:30,428.1,428.2,427.85,428.0,67452,ITC
2025-05-14 14:34:00+05:30,427.95,428.0,427.7,427.8,28585,ITC
2025-05-14 14:35:00+05:30,427.85,427.9,427.65,427.85,19299,ITC
2025-05-14 14:36:00+05:30,427.85,427.85,427.55,427.75,20515,ITC
2025-05-14 14:37:00+05:30,427.75,428.0,427.5,428.0,36368,ITC
2025-05-14 14:38:00+05:30,428.0,428.1,427.7,427.95,45279,ITC
2025-05-14 14:39:00+05:30,427.75,427.95,427.5,427.65,27966,ITC
2025-05-14 14:40:00+05:30,427.65,428.3,427.5,428.3,56383,ITC
2025-05-14 14:41:00+05:30,428.35,429.25,428.25,429.1,89758,ITC
2025-05-14 14:42:00+05:30,429.25,429.4,428.85,429.25,88063,ITC
2025-05-14 14:43:00+05:30,429.25,429.3,428.6,428.8,27656,ITC
2025-05-14 14:44:00+05:30,428.85,428.9,428.5,428.65,24880,ITC
2025-05-14 14:45:00+05:30,428.65,428.75,428.45,428.5,56395,ITC
2025-05-14 14:46:00+05:30,428.5,428.6,428.35,428.5,29974,ITC
2025-05-14 14:47:00+05:30,428.5,428.65,428.4,428.65,24580,ITC
2025-05-14 14:48:00+05:30,428.65,428.65,428.5,428.65,14734,ITC
2025-05-14 14:49:00+05:30,428.65,428.7,428.5,428.6,18579,ITC
2025-05-14 14:50:00+05:30,428.6,428.6,428.3,428.55,47616,ITC
2025-05-14 14:51:00+05:30,428.5,428.6,428.25,428.6,53250,ITC
2025-05-14 14:52:00+05:30,428.5,428.65,428.5,428.6,23305,ITC
2025-05-14 14:53:00+05:30,428.6,428.65,428.5,428.6,18288,ITC
2025-05-14 14:54:00+05:30,428.55,428.6,428.5,428.55,18032,ITC
2025-05-14 14:55:00+05:30,428.55,428.75,428.5,428.65,45722,ITC
2025-05-14 14:56:00+05:30,428.65,428.8,428.2,428.8,101938,ITC
2025-05-14 14:57:00+05:30,428.8,429.0,428.65,428.8,50325,ITC
2025-05-14 14:58:00+05:30,428.8,428.8,428.6,428.65,20730,ITC
2025-05-14 14:59:00+05:30,428.65,428.7,428.4,428.65,48266,ITC
2025-05-14 15:00:00+05:30,428.65,428.95,428.6,428.9,52957,ITC
2025-05-14 15:01:00+05:30,428.9,429.1,428.8,428.95,77365,ITC
2025-05-14 15:02:00+05:30,428.95,429.2,428.8,429.2,56999,ITC
2025-05-14 15:03:00+05:30,429.2,429.3,429.0,429.2,48385,ITC
2025-05-14 15:04:00+05:30,429.2,429.2,429.0,429.15,33165,ITC
2025-05-14 15:05:00+05:30,429.2,429.2,429.0,429.2,28974,ITC
2025-05-14 15:06:00+05:30,429.0,429.3,429.0,429.15,47970,ITC
2025-05-14 15:07:00+05:30,429.2,429.2,429.0,429.0,37222,ITC
2025-05-14 15:08:00+05:30,429.1,429.25,429.0,429.15,29359,ITC
2025-05-14 15:09:00+05:30,429.2,429.3,429.0,429.25,36416,ITC
2025-05-14 15:10:00+05:30,429.25,429.3,429.0,429.05,57505,ITC
2025-05-14 15:11:00+05:30,429.05,429.2,428.95,429.15,59720,ITC
2025-05-14 15:12:00+05:30,429.15,429.15,429.0,429.05,48716,ITC
2025-05-14 15:13:00+05:30,429.05,429.1,428.9,429.05,72800,ITC
2025-05-14 15:14:00+05:30,429.05,429.05,428.9,429.05,38852,ITC
2025-05-14 15:15:00+05:30,429.05,429.2,428.95,429.05,45079,ITC
2025-05-14 15:16:00+05:30,429.05,429.1,428.85,429.1,97954,ITC
2025-05-14 15:17:00+05:30,429.1,429.1,428.9,428.95,88327,ITC
2025-05-14 15:18:00+05:30,428.95,429.1,428.8,429.1,67817,ITC
2025-05-14 15:19:00+05:30,429.1,429.2,429.0,429.15,74937,ITC
2025-05-14 15:20:00+05:30,429.05,429.2,429.0,429.1,64381,ITC
2025-05-14 15:21:00+05:30,429.1,429.35,429.0,429.35,72541,ITC
2025-05-14 15:22:00+05:30,429.35,429.5,429.25,429.45,34550,ITC
2025-05-14 15:23:00+05:30,429.45,429.5,429.4,429.4,42655,ITC
2025-05-14 15:24:00+05:30,429.5,429.5,429.35,429.4,59759,ITC
2025-05-14 15:25:00+05:30,429.4,429.4,429.0,429.25,55001,ITC
2025-05-14 15:26:00+05:30,429.25,429.5,429.15,429.35,41190,ITC
2025-05-14 15:27:00+05:30,429.3,429.45,429.2,429.35,41937,ITC
2025-05-14 15:28:00+05:30,429.35,429.35,429.0,429.15,34088,ITC
2025-05-14 15:29:00+05:30,429.0,429.25,429.0,429.05,29880,ITC
2025-05-15 09:15:00+05:30,429.1,429.75,427.75,428.9,48286,ITC
2025-05-15 09:16:00+05:30,428.8,429.2,427.7,427.9,57054,ITC
2025-05-15 09:17:00+05:30,428.0,428.2,427.0,427.15,68467,ITC
2025-05-15 09:18:00+05:30,427.05,427.9,427.0,427.8,78141,ITC
2025-05-15 09:19:00+05:30,427.7,427.95,427.35,427.65,32929,ITC
2025-05-15 09:20:00+05:30,427.8,427.8,426.8,426.9,71268,ITC
2025-05-15 09:21:00+05:30,426.9,427.75,426.75,427.6,57487,ITC
2025-05-15 09:22:00+05:30,427.65,427.95,427.3,427.5,32594,ITC
2025-05-15 09:23:00+05:30,427.5,427.75,427.2,427.7,30647,ITC
2025-05-15 09:24:00+05:30,427.65,428.1,427.55,427.95,35070,ITC
2025-05-15 09:25:00+05:30,427.9,427.9,427.55,427.7,21678,ITC
2025-05-15 09:26:00+05:30,427.7,427.8,427.5,427.8,26037,ITC
2025-05-15 09:27:00+05:30,427.7,427.9,427.5,427.6,31723,ITC
2025-05-15 09:28:00+05:30,427.5,427.75,427.3,427.6,52216,ITC
2025-05-15 09:29:00+05:30,427.45,427.7,427.3,427.7,25363,ITC
2025-05-15 09:30:00+05:30,427.75,427.95,427.6,427.85,30749,ITC
2025-05-15 09:31:00+05:30,427.8,428.1,427.65,427.75,44772,ITC
2025-05-15 09:32:00+05:30,427.65,428.05,427.55,427.75,48449,ITC
2025-05-15 09:33:00+05:30,427.75,427.8,427.5,427.75,31345,ITC
2025-05-15 09:34:00+05:30,427.6,427.7,427.05,427.05,37498,ITC
2025-05-15 09:35:00+05:30,427.05,427.3,426.85,427.1,67251,ITC
2025-05-15 09:36:00+05:30,426.95,427.75,426.85,427.4,1097470,ITC
2025-05-15 09:37:00+05:30,427.4,427.6,426.8,427.15,85506,ITC
2025-05-15 09:38:00+05:30,427.15,427.4,426.95,427.1,43379,ITC
2025-05-15 09:39:00+05:30,427.1,427.6,427.0,427.2,54140,ITC
2025-05-15 09:40:00+05:30,427.3,428.65,427.0,428.45,71597,ITC
2025-05-15 09:41:00+05:30,428.45,428.8,428.15,428.55,69340,ITC
2025-05-15 09:42:00+05:30,428.6,428.9,428.35,428.55,72431,ITC
2025-05-15 09:43:00+05:30,428.55,428.95,428.3,428.45,52953,ITC
2025-05-15 09:44:00+05:30,428.45,428.55,427.65,427.85,96692,ITC
2025-05-15 09:45:00+05:30,427.7,428.0,427.2,427.45,195259,ITC
2025-05-15 09:46:00+05:30,427.5,428.0,427.0,427.8,189214,ITC
2025-05-15 09:47:00+05:30,427.8,428.45,427.75,428.2,97396,ITC
2025-05-15 09:48:00+05:30,428.25,428.35,427.9,427.95,45101,ITC
2025-05-15 09:49:00+05:30,428.0,428.25,427.65,427.8,37916,ITC
2025-05-15 09:50:00+05:30,427.85,427.9,427.0,427.05,34599,ITC
2025-05-15 09:51:00+05:30,427.05,427.4,427.0,427.25,29214,ITC
2025-05-15 09:52:00+05:30,427.25,427.75,427.15,427.3,35735,ITC
2025-05-15 09:53:00+05:30,427.45,427.55,427.15,427.4,33746,ITC
2025-05-15 09:54:00+05:30,427.4,427.4,427.0,427.0,33735,ITC
2025-05-15 09:55:00+05:30,427.0,427.35,427.0,427.05,25642,ITC
2025-05-15 09:56:00+05:30,427.15,427.2,427.0,427.1,79153,ITC
2025-05-15 09:57:00+05:30,427.0,427.3,427.0,427.05,16632,ITC
2025-05-15 09:58:00+05:30,427.05,427.15,426.5,426.65,44644,ITC
2025-05-15 09:59:00+05:30,426.65,426.95,426.6,426.9,20332,ITC
2025-05-15 10:00:00+05:30,426.95,427.05,426.4,426.45,41660,ITC
2025-05-15 10:01:00+05:30,426.5,426.8,426.2,426.7,32888,ITC
2025-05-15 10:02:00+05:30,426.8,426.8,426.4,426.6,20709,ITC
2025-05-15 10:03:00+05:30,426.7,426.75,426.35,426.45,28405,ITC
2025-05-15 10:04:00+05:30,426.5,426.65,426.2,426.5,37088,ITC
2025-05-15 10:05:00+05:30,426.5,426.8,426.25,426.5,46183,ITC
2025-05-15 10:06:00+05:30,426.25,426.55,426.1,426.25,56086,ITC
2025-05-15 10:07:00+05:30,426.4,426.4,426.0,426.2,43155,ITC
2025-05-15 10:08:00+05:30,426.35,426.45,426.0,426.2,37037,ITC
2025-05-15 10:09:00+05:30,426.2,426.55,426.05,426.2,39778,ITC
2025-05-15 10:10:00+05:30,426.1,426.5,426.05,426.4,40140,ITC
2025-05-15 10:11:00+05:30,426.5,426.65,426.15,426.55,27481,ITC
2025-05-15 10:12:00+05:30,426.65,426.9,426.45,426.85,20299,ITC
2025-05-15 10:13:00+05:30,426.85,426.85,426.5,426.7,23206,ITC
2025-05-15 10:14:00+05:30,426.7,426.7,426.25,426.45,34420,ITC
2025-05-15 10:15:00+05:30,426.6,427.25,426.35,427.15,48782,ITC
2025-05-15 10:16:00+05:30,427.2,427.2,426.95,427.15,16747,ITC
2025-05-15 10:17:00+05:30,427.15,427.35,426.95,427.15,30650,ITC
2025-05-15 10:18:00+05:30,427.15,427.2,426.6,426.9,23090,ITC
2025-05-15 10:19:00+05:30,426.85,426.95,426.55,426.65,22555,ITC
2025-05-15 10:20:00+05:30,426.55,426.8,426.35,426.8,40957,ITC
2025-05-15 10:21:00+05:30,426.8,426.85,426.45,426.65,23632,ITC
2025-05-15 10:22:00+05:30,426.7,426.85,426.4,426.75,23360,ITC
2025-05-15 10:23:00+05:30,426.75,426.9,426.45,426.9,25856,ITC
2025-05-15 10:24:00+05:30,426.9,427.15,426.75,427.0,23183,ITC
2025-05-15 10:25:00+05:30,427.0,427.0,426.5,426.5,49814,ITC
2025-05-15 10:26:00+05:30,426.5,426.95,426.5,426.75,43154,ITC
2025-05-15 10:27:00+05:30,426.85,427.0,426.65,426.9,31998,ITC
2025-05-15 10:28:00+05:30,426.8,427.0,426.75,426.9,12506,ITC
2025-05-15 10:29:00+05:30,426.95,427.0,426.7,426.8,17658,ITC
2025-05-15 10:30:00+05:30,426.8,427.1,426.8,427.1,16139,ITC
2025-05-15 10:31:00+05:30,427.1,427.6,427.05,427.6,36034,ITC
2025-05-15 10:32:00+05:30,427.5,427.9,427.2,427.3,42408,ITC
2025-05-15 10:33:00+05:30,427.25,427.65,427.1,427.5,20855,ITC
2025-05-15 10:34:00+05:30,427.5,427.75,427.45,427.7,29225,ITC
2025-05-15 10:35:00+05:30,427.7,427.9,427.5,427.85,30985,ITC
2025-05-15 10:36:00+05:30,427.7,427.95,427.55,427.8,50737,ITC
2025-05-15 10:37:00+05:30,427.8,428.25,427.7,428.1,47005,ITC
2025-05-15 10:38:00+05:30,428.25,428.4,427.95,428.35,31254,ITC
2025-05-15 10:39:00+05:30,428.3,430.35,428.2,430.35,188127,ITC
2025-05-15 10:40:00+05:30,430.35,431.9,430.2,430.6,196643,ITC
2025-05-15 10:41:00+05:30,430.6,431.6,430.6,431.2,116460,ITC
2025-05-15 10:42:00+05:30,431.2,431.25,430.35,430.8,62453,ITC
2025-05-15 10:43:00+05:30,430.85,431.25,430.4,431.2,73537,ITC
2025-05-15 10:44:00+05:30,431.25,431.4,430.55,430.55,42696,ITC
2025-05-15 10:45:00+05:30,430.6,430.6,430.05,430.5,59856,ITC
2025-05-15 10:46:00+05:30,430.4,431.15,430.0,430.2,72277,ITC
2025-05-15 10:47:00+05:30,430.15,430.15,429.8,430.0,16560,ITC
2025-05-15 10:48:00+05:30,430.0,430.5,429.8,430.5,15218,ITC
2025-05-15 10:49:00+05:30,430.45,430.65,430.15,430.35,16958,ITC
2025-05-15 10:50:00+05:30,430.25,430.7,430.1,430.3,45669,ITC
2025-05-15 10:51:00+05:30,430.05,430.25,429.8,430.15,11653,ITC
2025-05-15 10:52:00+05:30,430.05,430.15,429.8,430.0,7960,ITC
2025-05-15 10:53:00+05:30,429.85,430.0,429.75,429.95,14158,ITC
2025-05-15 10:54:00+05:30,429.85,430.0,429.8,430.0,7861,ITC
2025-05-15 10:55:00+05:30,429.95,430.1,429.75,430.1,11607,ITC
2025-05-15 10:56:00+05:30,430.05,430.5,430.05,430.5,10963,ITC
2025-05-15 10:57:00+05:30,430.5,430.75,430.35,430.55,10116,ITC
2025-05-15 10:58:00+05:30,430.65,431.5,430.55,431.5,66974,ITC
2025-05-15 10:59:00+05:30,431.5,431.9,431.25,431.7,51914,ITC
2025-05-15 11:00:00+05:30,431.75,431.8,431.25,431.45,23887,ITC
2025-05-15 11:01:00+05:30,431.55,431.65,431.1,431.3,10629,ITC
2025-05-15 11:02:00+05:30,431.3,431.3,430.8,430.95,15481,ITC
2025-05-15 11:03:00+05:30,430.95,430.95,430.55,430.9,10776,ITC
2025-05-15 11:04:00+05:30,430.8,430.9,430.35,430.6,9659,ITC
2025-05-15 11:05:00+05:30,430.55,430.6,430.2,430.45,8491,ITC
2025-05-15 11:06:00+05:30,430.3,430.8,430.25,430.8,8940,ITC
2025-05-15 11:07:00+05:30,430.75,430.8,430.2,430.4,16276,ITC
2025-05-15 11:08:00+05:30,430.45,430.45,429.35,429.35,46703,ITC
2025-05-15 11:09:00+05:30,429.35,430.0,429.0,430.0,21967,ITC
2025-05-15 11:10:00+05:30,429.9,430.0,429.05,429.25,50542,ITC
2025-05-15 11:11:00+05:30,429.15,429.2,428.0,428.75,88160,ITC
2025-05-15 11:12:00+05:30,428.75,428.75,428.1,428.4,45008,ITC
2025-05-15 11:13:00+05:30,428.35,428.4,427.25,427.45,155501,ITC
2025-05-15 11:14:00+05:30,427.35,428.0,427.25,427.85,121496,ITC
2025-05-15 11:15:00+05:30,427.85,428.35,427.5,428.0,96229,ITC
2025-05-15 11:16:00+05:30,428.2,428.45,427.4,428.4,57649,ITC
2025-05-15 11:17:00+05:30,428.4,429.2,428.25,429.1,57810,ITC
2025-05-15 11:18:00+05:30,429.0,429.2,428.65,428.9,42173,ITC
2025-05-15 11:19:00+05:30,428.85,428.95,428.35,428.9,16581,ITC
2025-05-15 11:20:00+05:30,428.9,429.05,428.5,428.95,15016,ITC
2025-05-15 11:21:00+05:30,428.9,429.1,428.55,428.75,22679,ITC
2025-05-15 11:22:00+05:30,428.6,428.75,427.9,428.6,158583,ITC
2025-05-15 11:23:00+05:30,428.6,428.75,427.8,428.1,24887,ITC
2025-05-15 11:24:00+05:30,428.2,428.5,428.05,428.45,21545,ITC
2025-05-15 11:25:00+05:30,428.45,428.7,428.15,428.7,24113,ITC
2025-05-15 11:26:00+05:30,428.7,429.25,428.6,429.1,20217,ITC
2025-05-15 11:27:00+05:30,429.2,429.25,429.0,429.15,9473,ITC
2025-05-15 11:28:00+05:30,429.2,429.2,429.0,429.2,6374,ITC
2025-05-15 11:29:00+05:30,429.2,429.25,429.0,429.0,8503,ITC
2025-05-15 11:30:00+05:30,429.0,429.15,428.75,429.0,28115,ITC
2025-05-15 11:31:00+05:30,428.95,429.05,428.8,428.9,25742,ITC
2025-05-15 11:32:00+05:30,428.8,429.0,428.6,429.0,49729,ITC
2025-05-15 11:33:00+05:30,429.0,429.15,428.9,429.15,11127,ITC
2025-05-15 11:34:00+05:30,429.1,429.25,428.7,428.85,16797,ITC
2025-05-15 11:35:00+05:30,428.85,429.05,428.8,428.95,12999,ITC
2025-05-15 11:36:00+05:30,428.95,429.1,428.0,428.55,41953,ITC
2025-05-15 11:37:00+05:30,428.35,428.85,428.2,428.85,49746,ITC
2025-05-15 11:38:00+05:30,428.85,428.9,428.2,428.4,19256,ITC
2025-05-15 11:39:00+05:30,428.45,428.85,428.3,428.8,13138,ITC
2025-05-15 11:40:00+05:30,428.9,428.9,428.5,428.75,15559,ITC
2025-05-15 11:41:00+05:30,428.75,429.3,428.7,429.3,30248,ITC
2025-05-15 11:42:00+05:30,429.3,429.3,428.85,429.1,50822,ITC
2025-05-15 11:43:00+05:30,429.1,429.2,428.85,429.05,20625,ITC
2025-05-15 11:44:00+05:30,429.05,429.05,428.85,429.05,10433,ITC
2025-05-15 11:45:00+05:30,429.05,429.35,428.85,429.2,20813,ITC
2025-05-15 11:46:00+05:30,429.2,429.3,429.0,429.05,10085,ITC
2025-05-15 11:47:00+05:30,429.15,429.15,428.8,429.0,21005,ITC
2025-05-15 11:48:00+05:30,428.95,429.35,428.85,429.35,17996,ITC
2025-05-15 11:49:00+05:30,429.1,429.3,428.8,428.95,11987,ITC
2025-05-15 11:50:00+05:30,428.8,429.05,428.7,428.95,25581,ITC
2025-05-15 11:51:00+05:30,428.95,429.0,428.75,428.9,14105,ITC
2025-05-15 11:52:00+05:30,428.85,429.0,428.8,428.9,14411,ITC
2025-05-15 11:53:00+05:30,428.8,429.0,428.75,429.0,14992,ITC
2025-05-15 11:54:00+05:30,428.95,429.2,428.8,429.2,9325,ITC
2025-05-15 11:55:00+05:30,429.05,429.25,428.7,428.9,140865,ITC
2025-05-15 11:56:00+05:30,428.9,428.95,428.65,428.75,16660,ITC
2025-05-15 11:57:00+05:30,428.7,428.9,428.45,428.65,19041,ITC
2025-05-15 11:58:00+05:30,428.5,428.9,428.5,428.9,10308,ITC
2025-05-15 11:59:00+05:30,428.75,428.9,428.4,428.4,15680,ITC
2025-05-15 12:00:00+05:30,428.4,428.5,428.05,428.3,19940,ITC
2025-05-15 12:01:00+05:30,428.25,428.3,428.05,428.25,17879,ITC
2025-05-15 12:02:00+05:30,428.1,428.35,428.0,428.15,15349,ITC
2025-05-15 12:03:00+05:30,428.15,428.6,428.1,428.6,10063,ITC
2025-05-15 12:04:00+05:30,428.55,428.95,428.45,428.9,15872,ITC
2025-05-15 12:05:00+05:30,428.75,429.0,428.75,428.95,12965,ITC
2025-05-15 12:06:00+05:30,428.95,429.0,428.9,428.9,35504,ITC
2025-05-15 12:07:00+05:30,428.85,429.3,428.75,429.0,91215,ITC
2025-05-15 12:08:00+05:30,428.9,429.2,428.8,429.0,137493,ITC
2025-05-15 12:09:00+05:30,428.95,429.35,428.75,428.85,125282,ITC
2025-05-15 12:10:00+05:30,428.85,429.0,428.65,429.0,28767,ITC
2025-05-15 12:11:00+05:30,428.95,429.0,428.8,428.9,19283,ITC
2025-05-15 12:12:00+05:30,428.8,428.9,428.55,428.9,12066,ITC
2025-05-15 12:13:00+05:30,428.85,428.9,428.5,428.7,14708,ITC
2025-05-15 12:14:00+05:30,428.7,428.95,428.6,428.95,11235,ITC
2025-05-15 12:15:00+05:30,428.8,429.4,428.8,429.4,116703,ITC
2025-05-15 12:16:00+05:30,429.4,430.0,429.15,429.95,52286,ITC
2025-05-15 12:17:00+05:30,429.95,430.5,429.85,430.1,46827,ITC
2025-05-15 12:18:00+05:30,430.1,430.4,429.9,430.0,29419,ITC
2025-05-15 12:19:00+05:30,429.95,429.95,429.25,429.4,11185,ITC
2025-05-15 12:20:00+05:30,429.3,429.4,428.6,428.8,20031,ITC
2025-05-15 12:21:00+05:30,428.65,429.0,428.6,428.95,11578,ITC
2025-05-15 12:22:00+05:30,428.85,429.05,428.8,428.9,12226,ITC
2025-05-15 12:23:00+05:30,428.85,428.95,428.4,428.4,21911,ITC
2025-05-15 12:24:00+05:30,428.4,428.8,428.15,428.8,29138,ITC
2025-05-15 12:25:00+05:30,428.65,428.75,428.3,428.3,17129,ITC
2025-05-15 12:26:00+05:30,428.3,428.45,428.15,428.3,17315,ITC
2025-05-15 12:27:00+05:30,428.3,428.5,428.15,428.5,11821,ITC
2025-05-15 12:28:00+05:30,428.45,428.5,427.8,428.0,41573,ITC
2025-05-15 12:29:00+05:30,428.0,428.0,427.7,427.85,23627,ITC
2025-05-15 12:30:00+05:30,427.85,428.1,427.7,428.1,20991,ITC
2025-05-15 12:31:00+05:30,428.1,428.2,427.65,427.95,33321,ITC
2025-05-15 12:32:00+05:30,427.95,428.3,427.75,428.25,15370,ITC
2025-05-15 12:33:00+05:30,428.25,428.25,428.0,428.05,15010,ITC
2025-05-15 12:34:00+05:30,428.0,428.15,427.75,428.05,21879,ITC
2025-05-15 12:35:00+05:30,428.05,428.15,427.8,427.9,18309,ITC
2025-05-15 12:36:00+05:30,428.0,428.8,428.0,428.8,14918,ITC
2025-05-15 12:37:00+05:30,428.8,429.2,428.6,429.2,24658,ITC
2025-05-15 12:38:00+05:30,429.2,429.35,428.75,429.0,42352,ITC
2025-05-15 12:39:00+05:30,429.0,429.1,428.8,428.85,12948,ITC
2025-05-15 12:40:00+05:30,429.0,429.0,428.6,428.9,17929,ITC
2025-05-15 12:41:00+05:30,428.9,429.0,428.7,428.95,14282,ITC
2025-05-15 12:42:00+05:30,428.95,428.95,428.6,428.85,16334,ITC
2025-05-15 12:43:00+05:30,428.85,428.85,428.2,428.4,18867,ITC
2025-05-15 12:44:00+05:30,428.4,428.45,428.15,428.2,22510,ITC
2025-05-15 12:45:00+05:30,428.2,428.55,428.1,428.45,20652,ITC
2025-05-15 12:46:00+05:30,428.45,428.6,428.2,428.5,20229,ITC
2025-05-15 12:47:00+05:30,428.5,428.5,428.2,428.3,20588,ITC
2025-05-15 12:48:00+05:30,428.4,428.45,428.05,428.05,27790,ITC
2025-05-15 12:49:00+05:30,428.1,428.6,428.0,428.6,15837,ITC
2025-05-15 12:50:00+05:30,428.6,428.6,428.1,428.2,19501,ITC
2025-05-15 12:51:00+05:30,428.25,428.6,428.15,428.45,18252,ITC
2025-05-15 12:52:00+05:30,428.55,428.7,428.2,428.7,19875,ITC
2025-05-15 12:53:00+05:30,428.65,428.9,428.5,428.9,19860,ITC
2025-05-15 12:54:00+05:30,428.9,429.0,428.65,429.0,14295,ITC
2025-05-15 12:55:00+05:30,429.0,429.0,428.8,429.0,18306,ITC
2025-05-15 12:56:00+05:30,429.0,429.0,428.8,429.0,18802,ITC
2025-05-15 12:57:00+05:30,428.85,429.0,428.75,429.0,17710,ITC
2025-05-15 12:58:00+05:30,429.0,429.0,428.85,429.0,14887,ITC
2025-05-15 12:59:00+05:30,429.0,429.0,428.85,429.0,13074,ITC
2025-05-15 13:00:00+05:30,429.0,430.2,428.95,430.2,67964,ITC
2025-05-15 13:01:00+05:30,430.2,430.5,429.3,429.45,48054,ITC
2025-05-15 13:02:00+05:30,429.45,429.8,429.3,429.4,22908,ITC
2025-05-15 13:03:00+05:30,429.4,430.0,429.35,429.75,47379,ITC
2025-05-15 13:04:00+05:30,429.7,429.75,429.55,429.75,22091,ITC
2025-05-15 13:05:00+05:30,429.75,429.95,429.6,429.95,105716,ITC
2025-05-15 13:06:00+05:30,429.95,430.85,429.55,429.75,272609,ITC
2025-05-15 13:07:00+05:30,429.75,430.25,429.7,430.0,464745,ITC
2025-05-15 13:08:00+05:30,430.0,431.95,429.95,431.8,433564,ITC
2025-05-15 13:09:00+05:30,431.8,432.0,431.15,431.5,123421,ITC
2025-05-15 13:10:00+05:30,431.5,432.0,431.4,431.65,102367,ITC
2025-05-15 13:11:00+05:30,431.75,432.1,431.5,431.8,112585,ITC
2025-05-15 13:12:00+05:30,431.75,432.0,431.55,431.75,52453,ITC
2025-05-15 13:13:00+05:30,431.8,432.0,431.6,431.75,73262,ITC
2025-05-15 13:14:00+05:30,431.75,432.75,431.7,432.35,184379,ITC
2025-05-15 13:15:00+05:30,432.4,433.2,432.2,432.95,230984,ITC
2025-05-15 13:16:00+05:30,433.0,433.0,431.3,431.9,125993,ITC
2025-05-15 13:17:00+05:30,431.95,432.45,431.15,432.45,78156,ITC
2025-05-15 13:18:00+05:30,432.45,432.55,431.5,432.05,589680,ITC
2025-05-15 13:19:00+05:30,432.0,432.45,431.65,432.35,53874,ITC
2025-05-15 13:20:00+05:30,432.35,432.5,431.95,432.05,40791,ITC
2025-05-15 13:21:00+05:30,432.05,432.2,431.5,431.8,50749,ITC
2025-05-15 13:22:00+05:30,431.8,432.3,431.5,431.85,138457,ITC
2025-05-15 13:23:00+05:30,431.85,432.3,431.85,432.0,59266,ITC
2025-05-15 13:24:00+05:30,432.1,432.2,431.8,432.0,40779,ITC
2025-05-15 13:25:00+05:30,432.0,432.2,431.9,432.0,42201,ITC
2025-05-15 13:26:00+05:30,432.0,432.3,431.95,432.25,95746,ITC
2025-05-15 13:27:00+05:30,432.3,432.3,431.9,432.0,27789,ITC
2025-05-15 13:28:00+05:30,432.0,432.4,431.9,432.4,34396,ITC
2025-05-15 13:29:00+05:30,432.4,432.75,431.8,432.6,68845,ITC
2025-05-15 13:30:00+05:30,432.6,433.7,432.6,433.45,166323,ITC
2025-05-15 13:31:00+05:30,433.45,433.95,433.35,433.95,196814,ITC
2025-05-15 13:32:00+05:30,433.95,434.25,433.3,433.75,143924,ITC
2025-05-15 13:33:00+05:30,433.75,433.9,433.3,433.7,116748,ITC
2025-05-15 13:34:00+05:30,433.7,433.9,433.5,433.85,85796,ITC
2025-05-15 13:35:00+05:30,433.75,433.9,433.15,433.45,54105,ITC
2025-05-15 13:36:00+05:30,433.5,434.2,433.1,434.05,131085,ITC
2025-05-15 13:37:00+05:30,434.05,434.25,433.6,433.85,84754,ITC
2025-05-15 13:38:00+05:30,433.85,434.05,433.7,433.95,74387,ITC
2025-05-15 13:39:00+05:30,434.05,434.05,433.6,433.8,51340,ITC
2025-05-15 13:40:00+05:30,433.75,434.1,433.65,434.05,63515,ITC
2025-05-15 13:41:00+05:30,434.0,434.1,433.5,433.5,27833,ITC
2025-05-15 13:42:00+05:30,433.7,434.05,433.5,434.0,68599,ITC
2025-05-15 13:43:00+05:30,433.95,434.0,433.6,433.65,25690,ITC
2025-05-15 13:44:00+05:30,433.75,433.85,433.25,433.8,57612,ITC
2025-05-15 13:45:00+05:30,433.65,434.35,433.4,434.35,113723,ITC
2025-05-15 13:46:00+05:30,434.35,434.75,434.2,434.3,190181,ITC
2025-05-15 13:47:00+05:30,434.35,434.75,434.25,434.65,136852,ITC
2025-05-15 13:48:00+05:30,434.65,434.9,434.65,434.85,177369,ITC
2025-05-15 13:49:00+05:30,434.85,434.9,434.45,434.5,50175,ITC
2025-05-15 13:50:00+05:30,434.5,434.95,434.45,434.8,119305,ITC
2025-05-15 13:51:00+05:30,434.75,435.3,434.5,434.7,245025,ITC
2025-05-15 13:52:00+05:30,434.7,435.4,434.65,435.15,48101,ITC
2025-05-15 13:53:00+05:30,435.05,435.3,434.7,435.1,137991,ITC
2025-05-15 13:54:00+05:30,435.1,435.25,434.6,434.85,27671,ITC
2025-05-15 13:55:00+05:30,434.85,434.85,434.5,434.65,27620,ITC
2025-05-15 13:56:00+05:30,434.75,434.9,434.4,434.85,38962,ITC
2025-05-15 13:57:00+05:30,434.85,435.0,434.6,434.75,29977,ITC
2025-05-15 13:58:00+05:30,434.75,435.2,434.65,435.2,47760,ITC
2025-05-15 13:59:00+05:30,435.25,435.4,434.85,435.0,60333,ITC
2025-05-15 14:00:00+05:30,435.1,435.2,434.5,434.9,134277,ITC
2025-05-15 14:01:00+05:30,434.9,434.95,433.9,434.35,86745,ITC
2025-05-15 14:02:00+05:30,434.4,434.65,434.25,434.45,153588,ITC
2025-05-15 14:03:00+05:30,434.45,434.5,434.1,434.5,39443,ITC
2025-05-15 14:04:00+05:30,434.45,434.5,434.1,434.35,39708,ITC
2025-05-15 14:05:00+05:30,434.4,434.5,434.1,434.3,56746,ITC
2025-05-15 14:06:00+05:30,434.3,434.35,434.05,434.25,17314,ITC
2025-05-15 14:07:00+05:30,434.25,434.35,433.75,434.15,41356,ITC
2025-05-15 14:08:00+05:30,434.15,434.3,433.7,433.95,37865,ITC
2025-05-15 14:09:00+05:30,433.95,434.0,433.65,434.0,38261,ITC
2025-05-15 14:10:00+05:30,434.0,434.3,433.9,434.1,69297,ITC
2025-05-15 14:11:00+05:30,434.1,434.8,434.0,434.65,521296,ITC
2025-05-15 14:12:00+05:30,434.5,434.75,434.15,434.2,214614,ITC
2025-05-15 14:13:00+05:30,434.4,434.5,434.05,434.4,44733,ITC
2025-05-15 14:14:00+05:30,434.4,434.7,434.3,434.65,59255,ITC
2025-05-15 14:15:00+05:30,434.7,435.0,434.65,434.9,114241,ITC
2025-05-15 14:16:00+05:30,434.9,434.95,434.7,434.7,39749,ITC
2025-05-15 14:17:00+05:30,434.8,434.85,434.05,434.4,45702,ITC
2025-05-15 14:18:00+05:30,434.3,434.8,434.25,434.55,58378,ITC
2025-05-15 14:19:00+05:30,434.7,434.85,434.0,434.0,57055,ITC
2025-05-15 14:20:00+05:30,434.0,434.85,434.0,434.55,157030,ITC
2025-05-15 14:21:00+05:30,434.55,434.55,433.55,433.65,76699,ITC
2025-05-15 14:22:00+05:30,433.6,434.35,433.5,434.0,100922,ITC
2025-05-15 14:23:00+05:30,434.0,434.3,433.6,433.9,101250,ITC
2025-05-15 14:24:00+05:30,433.9,434.3,433.75,433.8,95053,ITC
2025-05-15 14:25:00+05:30,433.95,434.5,433.75,434.3,193235,ITC
2025-05-15 14:26:00+05:30,434.3,434.8,434.05,434.5,197019,ITC
2025-05-15 14:27:00+05:30,434.5,434.8,434.0,434.0,108540,ITC
2025-05-15 14:28:00+05:30,434.0,434.3,433.7,433.85,102025,ITC
2025-05-15 14:29:00+05:30,433.85,433.95,433.6,433.85,58157,ITC
2025-05-15 14:30:00+05:30,433.8,434.35,433.75,434.2,647146,ITC
2025-05-15 14:31:00+05:30,434.2,434.2,433.25,433.45,77579,ITC
2025-05-15 14:32:00+05:30,433.45,433.85,433.25,433.75,167991,ITC
2025-05-15 14:33:00+05:30,433.7,433.75,433.45,433.65,81639,ITC
2025-05-15 14:34:00+05:30,433.65,433.65,432.9,432.95,115545,ITC
2025-05-15 14:35:00+05:30,433.05,433.45,432.75,433.3,191194,ITC
2025-05-15 14:36:00+05:30,433.3,433.5,432.95,433.5,119610,ITC
2025-05-15 14:37:00+05:30,433.5,433.75,433.35,433.6,103498,ITC
2025-05-15 14:38:00+05:30,433.55,433.65,433.05,433.2,61595,ITC
2025-05-15 14:39:00+05:30,433.2,433.3,433.0,433.25,61141,ITC
2025-05-15 14:40:00+05:30,433.25,433.25,432.7,432.95,57606,ITC
2025-05-15 14:41:00+05:30,432.95,433.0,432.5,432.9,78748,ITC
2025-05-15 14:42:00+05:30,432.9,433.1,432.6,432.8,87520,ITC
2025-05-15 14:43:00+05:30,432.8,432.8,432.4,432.65,64365,ITC
2025-05-15 14:44:00+05:30,432.75,433.2,432.55,433.15,70836,ITC
2025-05-15 14:45:00+05:30,433.1,433.1,432.45,432.7,98207,ITC
2025-05-15 14:46:00+05:30,432.7,432.7,432.2,432.5,73953,ITC
2025-05-15 14:47:00+05:30,432.5,432.6,432.2,432.45,63366,ITC
2025-05-15 14:48:00+05:30,432.45,432.6,432.2,432.35,54368,ITC
2025-05-15 14:49:00+05:30,432.4,432.5,432.15,432.25,62609,ITC
2025-05-15 14:50:00+05:30,432.35,432.55,432.1,432.3,42783,ITC
2025-05-15 14:51:00+05:30,432.3,432.4,432.0,432.0,42121,ITC
2025-05-15 14:52:00+05:30,432.1,432.25,431.85,432.1,61084,ITC
2025-05-15 14:53:00+05:30,432.2,432.45,431.7,431.8,65935,ITC
2025-05-15 14:54:00+05:30,431.95,432.3,431.7,432.05,83185,ITC
2025-05-15 14:55:00+05:30,432.05,432.05,431.15,431.55,101215,ITC
2025-05-15 14:56:00+05:30,431.45,431.55,431.15,431.5,50694,ITC
2025-05-15 14:57:00+05:30,431.55,431.9,431.35,431.4,48872,ITC
2025-05-15 14:58:00+05:30,431.6,431.65,431.15,431.3,55614,ITC
2025-05-15 14:59:00+05:30,431.4,431.55,431.2,431.5,63941,ITC
2025-05-15 15:00:00+05:30,431.5,431.85,431.1,431.35,136681,ITC
2025-05-15 15:01:00+05:30,431.45,431.6,431.25,431.55,96080,ITC
2025-05-15 15:02:00+05:30,431.55,432.35,431.2,432.25,115170,ITC
2025-05-15 15:03:00+05:30,432.3,433.25,432.2,433.25,91072,ITC
2025-05-15 15:04:00+05:30,433.3,433.8,433.05,433.5,135499,ITC
2025-05-15 15:05:00+05:30,433.55,433.9,433.5,433.85,64600,ITC
2025-05-15 15:06:00+05:30,433.85,433.9,433.35,433.45,133498,ITC
2025-05-15 15:07:00+05:30,433.45,433.6,433.05,433.45,80258,ITC
2025-05-15 15:08:00+05:30,433.45,433.7,433.35,433.4,60376,ITC
2025-05-15 15:09:00+05:30,433.4,433.95,433.3,433.85,106947,ITC
2025-05-15 15:10:00+05:30,433.85,433.95,433.1,433.4,57074,ITC
2025-05-15 15:11:00+05:30,433.4,433.5,433.05,433.1,30345,ITC
2025-05-15 15:12:00+05:30,433.1,433.4,433.0,433.3,44982,ITC
2025-05-15 15:13:00+05:30,433.35,433.4,432.6,432.7,98468,ITC
2025-05-15 15:14:00+05:30,432.7,432.7,432.4,432.55,36202,ITC
2025-05-15 15:15:00+05:30,432.55,432.85,432.2,432.2,136693,ITC
2025-05-15 15:16:00+05:30,432.25,432.85,431.85,432.7,48315,ITC
2025-05-15 15:17:00+05:30,432.8,433.0,432.6,432.7,65817,ITC
2025-05-15 15:18:00+05:30,432.7,432.7,432.2,432.45,33949,ITC
2025-05-15 15:19:00+05:30,432.45,432.45,432.2,432.4,42372,ITC
2025-05-15 15:20:00+05:30,432.4,432.45,432.1,432.3,78593,ITC
2025-05-15 15:21:00+05:30,432.25,432.35,431.9,432.05,39053,ITC
2025-05-15 15:22:00+05:30,432.1,432.15,431.9,432.1,79197,ITC
2025-05-15 15:23:00+05:30,432.1,432.2,431.95,432.0,32062,ITC
2025-05-15 15:24:00+05:30,432.0,432.1,431.9,432.1,75122,ITC
2025-05-15 15:25:00+05:30,432.1,432.3,432.0,432.3,55957,ITC
2025-05-15 15:26:00+05:30,432.35,432.5,432.05,432.25,40704,ITC
2025-05-15 15:27:00+05:30,432.25,432.25,432.0,432.05,48152,ITC
2025-05-15 15:28:00+05:30,432.05,432.1,432.0,432.1,46128,ITC
2025-05-15 15:29:00+05:30,432.0,432.6,432.0,432.0,57106,ITC
2025-05-16 09:15:00+05:30,434.9,434.95,432.35,433.35,83486,ITC
2025-05-16 09:16:00+05:30,433.3,433.55,432.45,433.55,36187,ITC
2025-05-16 09:17:00+05:30,433.5,433.5,432.8,432.9,9283,ITC
2025-05-16 09:18:00+05:30,433.0,433.2,432.45,432.7,20264,ITC
2025-05-16 09:19:00+05:30,432.7,432.8,432.35,432.75,14785,ITC
2025-05-16 09:20:00+05:30,432.75,432.75,432.1,432.55,17707,ITC
2025-05-16 09:21:00+05:30,432.6,432.95,432.3,432.65,19154,ITC
2025-05-16 09:22:00+05:30,432.45,432.95,432.4,432.95,9892,ITC
2025-05-16 09:23:00+05:30,432.9,433.0,432.6,432.6,12096,ITC
2025-05-16 09:24:00+05:30,432.65,433.05,432.5,432.5,13903,ITC
2025-05-16 09:25:00+05:30,432.65,433.2,432.4,433.15,13256,ITC
2025-05-16 09:26:00+05:30,433.0,433.5,432.6,433.5,1024930,ITC
2025-05-16 09:27:00+05:30,433.35,433.5,433.0,433.05,21944,ITC
2025-05-16 09:28:00+05:30,433.25,433.7,433.05,433.7,17287,ITC
2025-05-16 09:29:00+05:30,433.7,434.35,433.55,434.05,29873,ITC
2025-05-16 09:30:00+05:30,434.05,434.5,433.55,434.0,24758,ITC
2025-05-16 09:31:00+05:30,434.0,435.05,433.8,434.75,116071,ITC
2025-05-16 09:32:00+05:30,434.7,435.15,434.25,434.45,26127,ITC
2025-05-16 09:33:00+05:30,434.25,434.75,434.25,434.7,10713,ITC
2025-05-16 09:34:00+05:30,434.7,434.75,434.1,434.1,19377,ITC
2025-05-16 09:35:00+05:30,434.1,434.4,434.1,434.35,9706,ITC
2025-05-16 09:36:00+05:30,434.3,434.4,434.0,434.35,6421,ITC
2025-05-16 09:37:00+05:30,434.4,434.4,433.55,433.9,20241,ITC
2025-05-16 09:38:00+05:30,433.9,434.0,433.6,433.7,12790,ITC
2025-05-16 09:39:00+05:30,433.75,433.75,433.2,433.45,16246,ITC
2025-05-16 09:40:00+05:30,433.5,433.5,432.55,432.55,33515,ITC
2025-05-16 09:41:00+05:30,432.8,433.3,432.55,433.0,13361,ITC
2025-05-16 09:42:00+05:30,433.0,433.45,432.8,432.95,25894,ITC
2025-05-16 09:43:00+05:30,432.8,433.15,432.6,432.8,11456,ITC
2025-05-16 09:44:00+05:30,433.0,433.2,432.8,433.1,16182,ITC
2025-05-16 09:45:00+05:30,433.05,433.2,432.9,432.9,22912,ITC
2025-05-16 09:46:00+05:30,433.1,433.2,432.8,433.05,14016,ITC
2025-05-16 09:47:00+05:30,433.05,433.2,432.8,432.85,3695,ITC
2025-05-16 09:48:00+05:30,432.85,433.0,432.8,432.95,7823,ITC
2025-05-16 09:49:00+05:30,432.85,433.35,432.8,433.15,18634,ITC
2025-05-16 09:50:00+05:30,433.15,433.45,433.0,433.35,4113,ITC
2025-05-16 09:51:00+05:30,433.35,433.5,433.0,433.05,47023,ITC
2025-05-16 09:52:00+05:30,433.1,433.35,432.7,433.1,63133,ITC
2025-05-16 09:53:00+05:30,433.0,433.25,432.95,433.25,548173,ITC
2025-05-16 09:54:00+05:30,433.2,433.4,433.05,433.1,7215,ITC
2025-05-16 09:55:00+05:30,433.25,433.4,433.1,433.25,6382,ITC
2025-05-16 09:56:00+05:30,433.15,433.7,433.1,433.6,14581,ITC
2025-05-16 09:57:00+05:30,433.55,433.6,433.3,433.4,4397,ITC
2025-05-16 09:58:00+05:30,433.45,433.65,433.3,433.45,4700,ITC
2025-05-16 09:59:00+05:30,433.3,434.8,433.15,434.8,183623,ITC
2025-05-16 10:00:00+05:30,434.8,435.0,433.9,434.45,57312,ITC
2025-05-16 10:01:00+05:30,434.35,434.45,434.2,434.45,4207,ITC
2025-05-16 10:02:00+05:30,434.4,434.95,434.3,434.9,12779,ITC
2025-05-16 10:03:00+05:30,434.9,435.0,434.5,434.85,19305,ITC
2025-05-16 10:04:00+05:30,434.8,434.95,434.65,434.8,24753,ITC
2025-05-16 10:05:00+05:30,434.8,434.85,434.5,434.55,11367,ITC
2025-05-16 10:06:00+05:30,434.5,434.65,434.5,434.6,4826,ITC
2025-05-16 10:07:00+05:30,434.55,434.65,434.3,434.35,23678,ITC
2025-05-16 10:08:00+05:30,434.3,434.6,434.25,434.35,19693,ITC
2025-05-16 10:09:00+05:30,434.35,434.5,434.25,434.45,7018,ITC
2025-05-16 10:10:00+05:30,434.45,434.45,434.15,434.2,13732,ITC
2025-05-16 10:11:00+05:30,434.15,434.3,434.1,434.15,17794,ITC
2025-05-16 10:12:00+05:30,434.15,434.3,434.1,434.25,16586,ITC
2025-05-16 10:13:00+05:30,434.2,434.25,433.65,433.7,15284,ITC
2025-05-16 10:14:00+05:30,433.8,434.0,433.7,434.0,4909,ITC
2025-05-16 10:15:00+05:30,434.0,434.25,433.65,434.25,20959,ITC
2025-05-16 10:16:00+05:30,434.25,434.65,433.95,434.65,1249159,ITC
2025-05-16 10:17:00+05:30,434.6,434.65,434.45,434.45,11223,ITC
2025-05-16 10:18:00+05:30,434.5,434.65,434.35,434.6,6134,ITC
2025-05-16 10:19:00+05:30,434.6,434.8,434.5,434.55,12556,ITC
2025-05-16 10:20:00+05:30,434.65,435.3,434.55,435.3,56030,ITC
2025-05-16 10:21:00+05:30,435.3,435.5,435.1,435.3,29997,ITC
2025-05-16 10:22:00+05:30,435.25,435.5,435.15,435.35,25970,ITC
2025-05-16 10:23:00+05:30,435.35,435.75,435.0,435.2,46724,ITC
2025-05-16 10:24:00+05:30,435.05,435.4,435.05,435.15,11674,ITC
2025-05-16 10:25:00+05:30,435.25,435.4,435.0,435.35,21531,ITC
2025-05-16 10:26:00+05:30,435.3,435.35,434.75,435.2,415825,ITC
2025-05-16 10:27:00+05:30,435.3,435.4,435.2,435.2,15142,ITC
2025-05-16 10:28:00+05:30,435.3,435.4,435.0,435.15,25246,ITC
2025-05-16 10:29:00+05:30,435.1,435.25,435.0,435.1,7602,ITC
2025-05-16 10:30:00+05:30,435.15,435.3,435.0,435.25,20685,ITC
2025-05-16 10:31:00+05:30,435.15,435.4,435.05,435.3,11626,ITC
2025-05-16 10:32:00+05:30,435.35,436.2,435.3,436.0,181472,ITC
2025-05-16 10:33:00+05:30,435.85,436.1,435.8,436.0,24680,ITC
2025-05-16 10:34:00+05:30,436.05,436.1,435.4,435.55,38405,ITC
2025-05-16 10:35:00+05:30,435.65,435.9,435.55,435.9,7292,ITC
2025-05-16 10:36:00+05:30,435.8,435.9,435.3,435.35,21594,ITC
2025-05-16 10:37:00+05:30,435.35,435.45,435.2,435.3,9560,ITC
2025-05-16 10:38:00+05:30,435.35,435.85,435.2,435.8,13193,ITC
2025-05-16 10:39:00+05:30,435.7,435.9,435.35,435.8,143040,ITC
2025-05-16 10:40:00+05:30,435.8,436.2,435.8,436.0,25010,ITC
2025-05-16 10:41:00+05:30,436.15,436.15,435.75,435.75,79716,ITC
2025-05-16 10:42:00+05:30,435.75,435.8,435.3,435.5,14034,ITC
2025-05-16 10:43:00+05:30,435.4,435.5,435.05,435.4,28313,ITC
2025-05-16 10:44:00+05:30,435.2,435.4,435.0,435.15,15476,ITC
2025-05-16 10:45:00+05:30,435.1,435.55,435.0,435.55,25996,ITC
2025-05-16 10:46:00+05:30,435.55,435.6,435.3,435.55,11583,ITC
2025-05-16 10:47:00+05:30,435.6,435.6,435.0,435.35,17672,ITC
2025-05-16 10:48:00+05:30,435.4,435.4,435.05,435.3,11518,ITC
2025-05-16 10:49:00+05:30,435.35,435.35,435.0,435.0,176433,ITC
2025-05-16 10:50:00+05:30,435.1,435.1,434.8,435.05,49307,ITC
2025-05-16 10:51:00+05:30,435.05,435.25,434.5,435.15,66811,ITC
2025-05-16 10:52:00+05:30,435.15,435.15,435.0,435.1,15150,ITC
2025-05-16 10:53:00+05:30,435.15,435.15,435.0,435.05,31765,ITC
2025-05-16 10:54:00+05:30,435.05,435.1,435.0,435.0,33841,ITC
2025-05-16 10:55:00+05:30,435.05,435.15,435.0,435.05,25830,ITC
2025-05-16 10:56:00+05:30,435.05,435.2,435.0,435.05,18582,ITC
2025-05-16 10:57:00+05:30,435.05,435.2,435.0,435.1,35187,ITC
2025-05-16 10:58:00+05:30,435.15,435.15,435.0,435.0,19929,ITC
2025-05-16 10:59:00+05:30,435.0,435.15,435.0,435.15,14965,ITC
2025-05-16 11:00:00+05:30,435.15,435.3,435.0,435.3,25156,ITC
2025-05-16 11:01:00+05:30,435.3,435.35,435.2,435.2,8601,ITC
2025-05-16 11:02:00+05:30,435.3,435.4,435.0,435.0,24041,ITC
2025-05-16 11:03:00+05:30,435.15,435.35,435.0,435.1,15246,ITC
2025-05-16 11:04:00+05:30,435.05,435.35,435.0,435.1,41225,ITC
2025-05-16 11:05:00+05:30,435.3,435.35,435.0,435.2,17161,ITC
2025-05-16 11:06:00+05:30,435.15,435.2,435.0,435.15,16859,ITC
2025-05-16 11:07:00+05:30,435.15,435.2,435.0,435.05,17258,ITC
2025-05-16 11:08:00+05:30,435.05,435.1,434.8,435.0,145442,ITC
2025-05-16 11:09:00+05:30,435.0,435.1,434.75,435.0,93603,ITC
2025-05-16 11:10:00+05:30,435.1,435.2,435.0,435.0,19394,ITC
2025-05-16 11:11:00+05:30,435.1,435.1,435.0,435.0,32762,ITC
2025-05-16 11:12:00+05:30,435.05,435.1,435.0,435.0,10701,ITC
2025-05-16 11:13:00+05:30,435.05,435.15,435.0,435.05,21319,ITC
2025-05-16 11:14:00+05:30,435.0,435.05,435.0,435.05,20570,ITC
2025-05-16 11:15:00+05:30,435.0,435.05,435.0,435.05,18049,ITC
2025-05-16 11:16:00+05:30,435.0,435.2,435.0,435.0,40787,ITC
2025-05-16 11:17:00+05:30,435.0,435.15,434.95,435.15,21806,ITC
2025-05-16 11:18:00+05:30,435.15,435.15,435.0,435.15,7187,ITC
2025-05-16 11:19:00+05:30,435.15,435.15,435.0,435.0,10895,ITC
2025-05-16 11:20:00+05:30,435.0,435.1,435.0,435.05,31752,ITC
2025-05-16 11:21:00+05:30,435.0,435.15,435.0,435.05,19191,ITC
2025-05-16 11:22:00+05:30,435.0,435.1,435.0,435.05,16589,ITC
2025-05-16 11:23:00+05:30,435.05,435.05,435.0,435.05,7592,ITC
2025-05-16 11:24:00+05:30,435.05,435.1,435.0,435.1,10377,ITC
2025-05-16 11:25:00+05:30,435.1,435.1,435.0,435.0,10284,ITC
2025-05-16 11:26:00+05:30,435.05,435.1,434.6,435.0,89726,ITC
2025-05-16 11:27:00+05:30,435.05,435.05,434.8,435.0,49587,ITC
2025-05-16 11:28:00+05:30,435.0,435.05,434.9,435.0,44623,ITC
2025-05-16 11:29:00+05:30,435.05,435.05,434.3,434.7,20698,ITC
2025-05-16 11:30:00+05:30,434.7,434.85,434.55,434.85,5094,ITC
2025-05-16 11:31:00+05:30,434.85,434.9,434.6,434.6,7812,ITC
2025-05-16 11:32:00+05:30,434.6,435.2,434.5,435.15,19211,ITC
2025-05-16 11:33:00+05:30,435.2,435.25,434.75,434.75,15193,ITC
2025-05-16 11:34:00+05:30,434.75,434.95,434.65,434.7,11027,ITC
2025-05-16 11:35:00+05:30,434.7,434.9,434.5,434.75,10258,ITC
2025-05-16 11:36:00+05:30,434.75,434.9,434.6,434.8,9777,ITC
2025-05-16 11:37:00+05:30,434.8,434.8,434.45,434.65,13720,ITC
2025-05-16 11:38:00+05:30,434.65,434.7,434.15,434.15,12075,ITC
2025-05-16 11:39:00+05:30,434.15,434.35,434.1,434.1,58342,ITC
2025-05-16 11:40:00+05:30,434.15,434.15,434.0,434.1,15563,ITC
2025-05-16 11:41:00+05:30,434.1,434.2,433.85,434.05,307797,ITC
2025-05-16 11:42:00+05:30,434.0,434.05,433.85,434.0,47786,ITC
2025-05-16 11:43:00+05:30,434.0,434.05,434.0,434.0,18306,ITC
2025-05-16 11:44:00+05:30,434.05,434.05,434.0,434.0,11769,ITC
2025-05-16 11:45:00+05:30,434.0,434.05,434.0,434.0,16995,ITC
2025-05-16 11:46:00+05:30,434.05,434.5,434.0,434.2,39132,ITC
2025-05-16 11:47:00+05:30,434.15,434.25,434.0,434.0,24414,ITC
2025-05-16 11:48:00+05:30,434.0,434.2,434.0,434.1,41471,ITC
2025-05-16 11:49:00+05:30,434.1,435.15,434.0,434.7,184559,ITC
2025-05-16 11:50:00+05:30,434.65,434.65,434.25,434.25,14022,ITC
2025-05-16 11:51:00+05:30,434.25,434.5,434.2,434.35,12110,ITC
2025-05-16 11:52:00+05:30,434.35,434.6,434.15,434.4,10717,ITC
2025-05-16 11:53:00+05:30,434.4,434.5,434.05,434.25,31853,ITC
2025-05-16 11:54:00+05:30,434.25,434.35,434.05,434.15,8661,ITC
2025-05-16 11:55:00+05:30,434.15,434.4,434.05,434.1,11602,ITC
2025-05-16 11:56:00+05:30,434.15,434.3,434.0,434.2,8205,ITC
2025-05-16 11:57:00+05:30,434.2,434.4,434.05,434.25,8669,ITC
2025-05-16 11:58:00+05:30,434.2,434.25,434.0,434.0,10238,ITC
2025-05-16 11:59:00+05:30,434.0,434.2,433.85,434.05,65392,ITC
2025-05-16 12:00:00+05:30,434.05,434.2,434.0,434.05,11217,ITC
2025-05-16 12:01:00+05:30,434.05,434.3,434.05,434.3,9351,ITC
2025-05-16 12:02:00+05:30,434.3,434.3,434.0,434.2,8544,ITC
2025-05-16 12:03:00+05:30,434.15,434.25,434.0,434.2,7329,ITC
2025-05-16 12:04:00+05:30,434.05,434.3,434.05,434.05,11141,ITC
2025-05-16 12:05:00+05:30,434.1,434.35,434.1,434.3,7317,ITC
2025-05-16 12:06:00+05:30,434.3,434.4,434.05,434.35,7926,ITC
2025-05-16 12:07:00+05:30,434.35,434.35,434.0,434.35,25282,ITC
2025-05-16 12:08:00+05:30,434.35,434.5,434.25,434.5,10783,ITC
2025-05-16 12:09:00+05:30,434.5,434.5,434.2,434.45,9634,ITC
2025-05-16 12:10:00+05:30,434.45,434.5,434.2,434.2,9111,ITC
2025-05-16 12:11:00+05:30,434.45,434.65,434.2,434.4,21589,ITC
2025-05-16 12:12:00+05:30,434.4,434.85,434.35,434.6,537844,ITC
2025-05-16 12:13:00+05:30,434.4,434.8,434.35,434.65,24861,ITC
2025-05-16 12:14:00+05:30,434.65,434.85,434.55,434.75,15451,ITC
2025-05-16 12:15:00+05:30,434.75,434.95,434.5,434.75,262478,ITC
2025-05-16 12:16:00+05:30,434.75,434.8,434.55,434.65,10356,ITC
2025-05-16 12:17:00+05:30,434.75,434.8,434.55,434.8,7195,ITC
2025-05-16 12:18:00+05:30,434.75,434.9,434.6,434.75,7874,ITC
2025-05-16 12:19:00+05:30,434.75,434.8,434.45,434.6,12313,ITC
2025-05-16 12:20:00+05:30,434.7,434.75,434.55,434.55,8631,ITC
2025-05-16 12:21:00+05:30,434.55,434.75,434.55,434.55,8340,ITC
2025-05-16 12:22:00+05:30,434.55,434.75,434.55,434.6,6337,ITC
2025-05-16 12:23:00+05:30,434.65,434.7,434.55,434.55,10061,ITC
2025-05-16 12:24:00+05:30,434.55,434.7,434.55,434.55,5673,ITC
2025-05-16 12:25:00+05:30,434.55,434.7,434.5,434.65,7033,ITC
2025-05-16 12:26:00+05:30,434.7,434.75,434.55,434.55,9310,ITC
2025-05-16 12:27:00+05:30,434.55,434.7,434.55,434.55,8906,ITC
2025-05-16 12:28:00+05:30,434.55,434.7,434.55,434.55,8337,ITC
2025-05-16 12:29:00+05:30,434.6,434.7,434.55,434.55,9185,ITC
2025-05-16 12:30:00+05:30,434.55,434.7,434.55,434.55,10928,ITC
2025-05-16 12:31:00+05:30,434.55,434.8,434.55,434.55,10103,ITC
2025-05-16 12:32:00+05:30,434.7,434.7,434.55,434.6,8486,ITC
2025-05-16 12:33:00+05:30,434.6,434.9,434.55,434.9,22739,ITC
2025-05-16 12:34:00+05:30,434.9,435.2,434.8,434.95,45865,ITC
2025-05-16 12:35:00+05:30,435.05,435.15,434.9,435.1,74726,ITC
2025-05-16 12:36:00+05:30,435.0,435.4,434.95,435.35,93949,ITC
2025-05-16 12:37:00+05:30,435.3,435.65,434.55,435.65,553977,ITC
2025-05-16 12:38:00+05:30,435.65,435.8,435.0,435.35,35047,ITC
2025-05-16 12:39:00+05:30,435.35,435.35,435.1,435.2,5882,ITC
2025-05-16 12:40:00+05:30,435.2,435.35,435.1,435.3,10007,ITC
2025-05-16 12:41:00+05:30,435.3,435.45,435.0,435.3,1009943,ITC
2025-05-16 12:42:00+05:30,435.4,435.4,435.05,435.25,11709,ITC
2025-05-16 12:43:00+05:30,435.3,435.45,435.1,435.4,18446,ITC
2025-05-16 12:44:00+05:30,435.45,435.5,435.3,435.5,5874,ITC
2025-05-16 12:45:00+05:30,435.45,435.9,435.3,435.85,27725,ITC
2025-05-16 12:46:00+05:30,435.9,435.9,435.55,435.65,11134,ITC
2025-05-16 12:47:00+05:30,435.75,435.95,435.6,435.85,14244,ITC
2025-05-16 12:48:00+05:30,435.85,435.85,435.6,435.7,7495,ITC
2025-05-16 12:49:00+05:30,435.75,435.85,435.55,435.7,12786,ITC
2025-05-16 12:50:00+05:30,435.65,435.85,435.5,435.8,6434,ITC
2025-05-16 12:51:00+05:30,435.85,435.9,435.65,435.8,11967,ITC
2025-05-16 12:52:00+05:30,435.85,436.0,435.7,435.75,96279,ITC
2025-05-16 12:53:00+05:30,435.75,435.75,435.4,435.4,10850,ITC
2025-05-16 12:54:00+05:30,435.5,435.65,435.3,435.55,6270,ITC
2025-05-16 12:55:00+05:30,435.55,435.6,435.3,435.45,6593,ITC
2025-05-16 12:56:00+05:30,435.6,435.65,435.3,435.6,10363,ITC
2025-05-16 12:57:00+05:30,435.55,435.65,435.25,435.4,9650,ITC
2025-05-16 12:58:00+05:30,435.4,435.45,435.15,435.4,11123,ITC
2025-05-16 12:59:00+05:30,435.4,435.5,435.2,435.4,6887,ITC
2025-05-16 13:00:00+05:30,435.35,435.5,435.2,435.4,5467,ITC
2025-05-16 13:01:00+05:30,435.25,435.5,435.2,435.25,7400,ITC
2025-05-16 13:02:00+05:30,435.25,435.5,435.2,435.4,10203,ITC
2025-05-16 13:03:00+05:30,435.5,435.5,435.2,435.3,9241,ITC
2025-05-16 13:04:00+05:30,435.3,435.5,435.2,435.4,10548,ITC
2025-05-16 13:05:00+05:30,435.5,435.55,435.25,435.35,22539,ITC
2025-05-16 13:06:00+05:30,435.45,435.7,435.3,435.45,10075,ITC
2025-05-16 13:07:00+05:30,435.5,435.5,435.4,435.4,15135,ITC
2025-05-16 13:08:00+05:30,435.5,435.5,435.35,435.5,9585,ITC
2025-05-16 13:09:00+05:30,435.5,435.5,435.3,435.4,13577,ITC
2025-05-16 13:10:00+05:30,435.5,435.9,435.35,435.9,18682,ITC
2025-05-16 13:11:00+05:30,435.9,435.9,435.55,435.75,11337,ITC
2025-05-16 13:12:00+05:30,435.75,435.95,435.6,435.8,11751,ITC
2025-05-16 13:13:00+05:30,435.75,436.0,435.65,435.9,11460,ITC
2025-05-16 13:14:00+05:30,435.95,436.0,435.45,435.95,41679,ITC
2025-05-16 13:15:00+05:30,435.95,436.0,435.8,435.8,19431,ITC
2025-05-16 13:16:00+05:30,435.85,435.9,435.65,435.85,11329,ITC
2025-05-16 13:17:00+05:30,435.75,435.95,435.7,435.9,15529,ITC
2025-05-16 13:18:00+05:30,435.85,435.9,435.8,435.9,13685,ITC
2025-05-16 13:19:00+05:30,435.9,435.9,435.8,435.9,22785,ITC
2025-05-16 13:20:00+05:30,435.9,436.0,435.65,435.65,114227,ITC
2025-05-16 13:21:00+05:30,435.8,435.9,435.45,435.5,33571,ITC
2025-05-16 13:22:00+05:30,435.5,435.6,435.4,435.4,21578,ITC
2025-05-16 13:23:00+05:30,435.45,435.5,435.4,435.5,12496,ITC
2025-05-16 13:24:00+05:30,435.5,435.95,435.4,435.9,186449,ITC
2025-05-16 13:25:00+05:30,435.9,435.9,435.65,435.85,23222,ITC
2025-05-16 13:26:00+05:30,435.85,435.95,435.7,435.9,21481,ITC
2025-05-16 13:27:00+05:30,435.9,435.95,435.4,435.8,33158,ITC
2025-05-16 13:28:00+05:30,435.8,435.95,435.6,435.95,26121,ITC
2025-05-16 13:29:00+05:30,435.95,436.0,435.75,435.95,18312,ITC
2025-05-16 13:30:00+05:30,436.0,436.0,435.7,435.9,21898,ITC
2025-05-16 13:31:00+05:30,435.95,436.0,435.85,436.0,81548,ITC
2025-05-16 13:32:00+05:30,436.0,436.0,435.8,436.0,28090,ITC
2025-05-16 13:33:00+05:30,435.95,436.0,435.75,436.0,25084,ITC
2025-05-16 13:34:00+05:30,435.95,436.0,435.05,435.8,113548,ITC
2025-05-16 13:35:00+05:30,435.8,435.95,435.7,435.9,20043,ITC
2025-05-16 13:36:00+05:30,435.9,436.0,435.75,435.95,24453,ITC
2025-05-16 13:37:00+05:30,435.9,436.0,435.75,435.9,23668,ITC
2025-05-16 13:38:00+05:30,435.9,436.0,435.75,435.9,19279,ITC
2025-05-16 13:39:00+05:30,435.95,436.0,435.7,436.0,19509,ITC
2025-05-16 13:40:00+05:30,436.0,436.0,435.7,435.85,22375,ITC
2025-05-16 13:41:00+05:30,435.85,435.95,435.3,435.75,57160,ITC
2025-05-16 13:42:00+05:30,435.75,435.75,435.4,435.55,24701,ITC
2025-05-16 13:43:00+05:30,435.55,435.6,435.2,435.25,35330,ITC
2025-05-16 13:44:00+05:30,435.35,435.6,435.2,435.45,23711,ITC
2025-05-16 13:45:00+05:30,435.45,435.45,435.05,435.25,22811,ITC
2025-05-16 13:46:00+05:30,435.25,435.25,435.0,435.15,37015,ITC
2025-05-16 13:47:00+05:30,435.15,435.25,435.05,435.25,22728,ITC
2025-05-16 13:48:00+05:30,435.25,435.25,435.15,435.2,24132,ITC
2025-05-16 13:49:00+05:30,435.2,435.25,435.05,435.1,17995,ITC
2025-05-16 13:50:00+05:30,435.1,435.1,435.0,435.05,31024,ITC
2025-05-16 13:51:00+05:30,435.05,435.1,435.0,435.05,27797,ITC
2025-05-16 13:52:00+05:30,435.05,435.2,435.0,435.2,25842,ITC
2025-05-16 13:53:00+05:30,435.2,435.35,435.05,435.3,25806,ITC
2025-05-16 13:54:00+05:30,435.25,435.3,435.05,435.25,16164,ITC
2025-05-16 13:55:00+05:30,435.25,435.4,435.15,435.25,18522,ITC
2025-05-16 13:56:00+05:30,435.25,435.4,435.1,435.3,21121,ITC
2025-05-16 13:57:00+05:30,435.25,435.4,435.15,435.25,19448,ITC
2025-05-16 13:58:00+05:30,435.25,435.45,435.15,435.15,21650,ITC
2025-05-16 13:59:00+05:30,435.25,435.4,435.0,435.2,70303,ITC
2025-05-16 14:00:00+05:30,435.1,435.35,435.05,435.1,18821,ITC
2025-05-16 14:01:00+05:30,435.1,435.35,435.1,435.25,20422,ITC
2025-05-16 14:02:00+05:30,435.25,435.4,435.1,435.35,32522,ITC
2025-05-16 14:03:00+05:30,435.35,435.4,435.15,435.25,22081,ITC
2025-05-16 14:04:00+05:30,435.25,435.4,435.2,435.3,23214,ITC
2025-05-16 14:05:00+05:30,435.4,435.4,435.15,435.35,23882,ITC
2025-05-16 14:06:00+05:30,435.25,435.45,435.05,435.25,22712,ITC
2025-05-16 14:07:00+05:30,435.25,435.35,435.1,435.25,23644,ITC
2025-05-16 14:08:00+05:30,435.25,435.35,435.05,435.25,24136,ITC
2025-05-16 14:09:00+05:30,435.2,435.35,434.95,434.95,54212,ITC
2025-05-16 14:10:00+05:30,435.0,435.35,434.95,435.2,48480,ITC
2025-05-16 14:11:00+05:30,435.2,435.4,435.1,435.35,23575,ITC
2025-05-16 14:12:00+05:30,435.25,435.35,435.05,435.2,23147,ITC
2025-05-16 14:13:00+05:30,435.25,435.3,435.0,435.2,29861,ITC
2025-05-16 14:14:00+05:30,435.2,435.3,435.0,435.25,29995,ITC
2025-05-16 14:15:00+05:30,435.25,435.3,435.05,435.1,30953,ITC
2025-05-16 14:16:00+05:30,435.25,435.3,435.0,435.2,23197,ITC
2025-05-16 14:17:00+05:30,435.2,435.3,435.0,435.1,28937,ITC
2025-05-16 14:18:00+05:30,435.15,435.4,435.0,435.35,23346,ITC
2025-05-16 14:19:00+05:30,435.4,435.5,435.2,435.3,33172,ITC
2025-05-16 14:20:00+05:30,435.45,435.5,435.25,435.3,22716,ITC
2025-05-16 14:21:00+05:30,435.35,435.5,435.1,435.2,25141,ITC
2025-05-16 14:22:00+05:30,435.25,435.45,435.15,435.4,36079,ITC
2025-05-16 14:23:00+05:30,435.4,435.45,435.2,435.3,25519,ITC
2025-05-16 14:24:00+05:30,435.35,435.45,435.15,435.2,22701,ITC
2025-05-16 14:25:00+05:30,435.25,435.4,435.0,435.15,49478,ITC
2025-05-16 14:26:00+05:30,435.15,435.4,435.1,435.3,24347,ITC
2025-05-16 14:27:00+05:30,435.3,435.45,435.1,435.2,27764,ITC
2025-05-16 14:28:00+05:30,435.35,435.4,435.15,435.25,26428,ITC
2025-05-16 14:29:00+05:30,435.25,435.4,435.1,435.25,25779,ITC
2025-05-16 14:30:00+05:30,435.3,435.3,435.0,435.05,38038,ITC
2025-05-16 14:31:00+05:30,435.15,435.2,435.0,435.15,30726,ITC
2025-05-16 14:32:00+05:30,435.15,435.2,435.0,435.15,29109,ITC
2025-05-16 14:33:00+05:30,435.2,435.25,435.05,435.2,31510,ITC
2025-05-16 14:34:00+05:30,435.25,435.45,435.15,435.45,31872,ITC
2025-05-16 14:35:00+05:30,435.45,435.5,435.2,435.45,37196,ITC
2025-05-16 14:36:00+05:30,435.5,435.65,435.35,435.45,41748,ITC
2025-05-16 14:37:00+05:30,435.5,435.7,435.45,435.6,32905,ITC
2025-05-16 14:38:00+05:30,435.65,435.85,435.6,435.7,34220,ITC
2025-05-16 14:39:00+05:30,435.85,435.95,435.75,435.9,56748,ITC
2025-05-16 14:40:00+05:30,435.9,435.9,435.75,435.75,29769,ITC
2025-05-16 14:41:00+05:30,435.9,435.95,435.6,435.9,41251,ITC
2025-05-16 14:42:00+05:30,435.9,436.0,435.5,435.75,70247,ITC
2025-05-16 14:43:00+05:30,435.9,435.95,435.7,435.9,31462,ITC
2025-05-16 14:44:00+05:30,435.9,435.95,435.55,435.55,31804,ITC
2025-05-16 14:45:00+05:30,435.7,435.8,435.45,435.65,41108,ITC
2025-05-16 14:46:00+05:30,435.55,435.7,435.3,435.65,53421,ITC
2025-05-16 14:47:00+05:30,435.65,435.65,435.25,435.4,40359,ITC
2025-05-16 14:48:00+05:30,435.4,435.55,435.1,435.25,91398,ITC
2025-05-16 14:49:00+05:30,435.2,435.25,435.05,435.15,43353,ITC
2025-05-16 14:50:00+05:30,435.15,435.2,435.0,435.1,40500,ITC
2025-05-16 14:51:00+05:30,435.1,435.25,435.1,435.2,85085,ITC
2025-05-16 14:52:00+05:30,435.25,435.5,435.2,435.5,59739,ITC
2025-05-16 14:53:00+05:30,435.5,435.5,435.25,435.5,27154,ITC
2025-05-16 14:54:00+05:30,435.3,435.5,435.1,435.45,40485,ITC
2025-05-16 14:55:00+05:30,435.45,435.65,435.4,435.65,57696,ITC
2025-05-16 14:56:00+05:30,435.65,435.65,435.35,435.45,32145,ITC
2025-05-16 14:57:00+05:30,435.45,435.55,435.25,435.5,33420,ITC
2025-05-16 14:58:00+05:30,435.45,435.6,435.25,435.6,52325,ITC
2025-05-16 14:59:00+05:30,435.6,435.6,435.45,435.6,43663,ITC
2025-05-16 15:00:00+05:30,435.6,435.65,435.5,435.55,35963,ITC
2025-05-16 15:01:00+05:30,435.65,435.8,435.55,435.6,29541,ITC
2025-05-16 15:02:00+05:30,435.65,435.9,435.6,435.85,41184,ITC
2025-05-16 15:03:00+05:30,435.9,435.9,435.35,435.55,93482,ITC
2025-05-16 15:04:00+05:30,435.65,435.7,435.5,435.55,79930,ITC
2025-05-16 15:05:00+05:30,435.7,435.75,435.5,435.75,33792,ITC
2025-05-16 15:06:00+05:30,435.75,435.85,435.65,435.7,38247,ITC
2025-05-16 15:07:00+05:30,435.8,435.9,435.55,435.7,41655,ITC
2025-05-16 15:08:00+05:30,435.75,435.9,435.55,435.75,33590,ITC
2025-05-16 15:09:00+05:30,435.8,435.95,435.75,435.85,36461,ITC
2025-05-16 15:10:00+05:30,435.9,435.95,435.65,435.7,47188,ITC
2025-05-16 15:11:00+05:30,435.7,435.85,435.55,435.7,33728,ITC
2025-05-16 15:12:00+05:30,435.8,435.85,435.5,435.65,53739,ITC
2025-05-16 15:13:00+05:30,435.85,435.85,435.65,435.8,45952,ITC
2025-05-16 15:14:00+05:30,435.75,435.9,435.7,435.8,35478,ITC
2025-05-16 15:15:00+05:30,435.85,435.85,435.5,435.75,64109,ITC
2025-05-16 15:16:00+05:30,435.7,435.85,435.5,435.8,50658,ITC
2025-05-16 15:17:00+05:30,435.85,435.9,435.75,435.75,30563,ITC
2025-05-16 15:18:00+05:30,435.8,435.9,435.65,435.65,38664,ITC
2025-05-16 15:19:00+05:30,435.65,435.8,435.55,435.65,38068,ITC
2025-05-16 15:20:00+05:30,435.65,435.75,435.5,435.55,43281,ITC
2025-05-16 15:21:00+05:30,435.55,435.7,435.55,435.7,24759,ITC
2025-05-16 15:22:00+05:30,435.7,435.7,435.6,435.65,29328,ITC
2025-05-16 15:23:00+05:30,435.65,435.65,435.6,435.6,20166,ITC
2025-05-16 15:24:00+05:30,435.65,435.65,435.6,435.65,27451,ITC
2025-05-16 15:25:00+05:30,435.6,435.65,435.5,435.55,32440,ITC
2025-05-16 15:26:00+05:30,435.6,435.6,435.55,435.6,27583,ITC
2025-05-16 15:27:00+05:30,435.6,435.6,435.5,435.5,30863,ITC
2025-05-16 15:28:00+05:30,435.5,435.6,435.5,435.55,56182,ITC
2025-05-16 15:29:00+05:30,435.6,435.7,435.5,435.6,20288,ITC
2025-05-19 09:15:00+05:30,435.0,435.7,434.6,435.35,46945,ITC
2025-05-19 09:16:00+05:30,435.35,435.5,435.05,435.4,26425,ITC
2025-05-19 09:17:00+05:30,435.35,435.7,434.8,435.0,25698,ITC
2025-05-19 09:18:00+05:30,434.85,435.5,434.65,435.0,32193,ITC
2025-05-19 09:19:00+05:30,435.0,435.2,434.8,434.95,25164,ITC
2025-05-19 09:20:00+05:30,434.95,435.45,434.75,435.1,22297,ITC
2025-05-19 09:21:00+05:30,435.0,435.55,435.0,435.3,16982,ITC
2025-05-19 09:22:00+05:30,435.3,435.55,435.0,435.5,16896,ITC
2025-05-19 09:23:00+05:30,435.5,436.0,435.45,435.75,23854,ITC
2025-05-19 09:24:00+05:30,435.9,436.65,435.8,436.65,26173,ITC
2025-05-19 09:25:00+05:30,436.5,436.85,436.35,436.5,80525,ITC
2025-05-19 09:26:00+05:30,436.5,436.5,436.05,436.35,30867,ITC
2025-05-19 09:27:00+05:30,436.45,436.5,436.2,436.4,14403,ITC
2025-05-19 09:28:00+05:30,436.4,436.45,436.05,436.05,14515,ITC
2025-05-19 09:29:00+05:30,436.25,436.35,436.05,436.2,23944,ITC
2025-05-19 09:30:00+05:30,436.35,436.45,436.1,436.4,17465,ITC
2025-05-19 09:31:00+05:30,436.4,437.35,436.4,437.1,92001,ITC
2025-05-19 09:32:00+05:30,437.25,437.45,437.15,437.4,15787,ITC
2025-05-19 09:33:00+05:30,437.45,438.5,437.35,438.45,53844,ITC
2025-05-19 09:34:00+05:30,438.45,438.5,438.0,438.0,38672,ITC
2025-05-19 09:35:00+05:30,438.15,438.15,437.5,437.7,17029,ITC
2025-05-19 09:36:00+05:30,437.7,437.95,437.05,437.05,35604,ITC
2025-05-19 09:37:00+05:30,437.2,437.45,437.0,437.2,22458,ITC
2025-05-19 09:38:00+05:30,437.15,437.2,436.8,437.0,16105,ITC
2025-05-19 09:39:00+05:30,437.0,437.0,436.5,436.5,18919,ITC
2025-05-19 09:40:00+05:30,436.65,437.0,436.5,436.85,21029,ITC
2025-05-19 09:41:00+05:30,436.8,436.95,436.65,436.7,10514,ITC
2025-05-19 09:42:00+05:30,436.7,436.95,436.55,436.75,10808,ITC
2025-05-19 09:43:00+05:30,436.55,436.85,436.55,436.85,12858,ITC
2025-05-19 09:44:00+05:30,436.8,436.95,436.6,436.6,12285,ITC
2025-05-19 09:45:00+05:30,436.6,436.8,436.35,436.55,29592,ITC
2025-05-19 09:46:00+05:30,436.55,436.95,436.45,436.85,8869,ITC
2025-05-19 09:47:00+05:30,436.85,436.95,436.65,436.9,9050,ITC
2025-05-19 09:48:00+05:30,436.75,436.85,436.55,436.75,6297,ITC
2025-05-19 09:49:00+05:30,436.6,437.1,436.6,437.05,19292,ITC
2025-05-19 09:50:00+05:30,437.1,437.25,436.95,437.1,15805,ITC
2025-05-19 09:51:00+05:30,436.95,437.15,436.9,436.95,5988,ITC
2025-05-19 09:52:00+05:30,436.8,436.95,436.75,436.75,6643,ITC
2025-05-19 09:53:00+05:30,436.7,436.85,436.55,436.8,14833,ITC
2025-05-19 09:54:00+05:30,436.65,436.9,436.65,436.8,2945,ITC
2025-05-19 09:55:00+05:30,436.85,436.9,436.7,436.85,5083,ITC
2025-05-19 09:56:00+05:30,436.9,436.9,436.55,436.6,7914,ITC
2025-05-19 09:57:00+05:30,436.7,436.85,436.55,436.75,10153,ITC
2025-05-19 09:58:00+05:30,436.55,436.75,436.5,436.55,12196,ITC
2025-05-19 09:59:00+05:30,436.5,436.55,436.25,436.4,5199,ITC
2025-05-19 10:00:00+05:30,436.35,436.35,435.65,435.8,21442,ITC
2025-05-19 10:01:00+05:30,435.7,436.2,435.7,436.1,19698,ITC
2025-05-19 10:02:00+05:30,436.1,436.35,435.9,436.25,5243,ITC
2025-05-19 10:03:00+05:30,436.35,436.55,436.25,436.55,10172,ITC
2025-05-19 10:04:00+05:30,436.55,436.6,436.4,436.55,5141,ITC
2025-05-19 10:05:00+05:30,436.45,436.55,436.4,436.55,19802,ITC
2025-05-19 10:06:00+05:30,436.55,436.6,436.5,436.5,8088,ITC
2025-05-19 10:07:00+05:30,436.5,436.8,436.5,436.8,8646,ITC
2025-05-19 10:08:00+05:30,436.8,436.95,436.55,436.95,8594,ITC
2025-05-19 10:09:00+05:30,436.9,436.95,436.7,436.8,5388,ITC
2025-05-19 10:10:00+05:30,436.8,437.2,436.8,437.0,17362,ITC
2025-05-19 10:11:00+05:30,437.15,437.2,437.0,437.15,6572,ITC
2025-05-19 10:12:00+05:30,437.15,437.15,436.8,436.95,5048,ITC
2025-05-19 10:13:00+05:30,436.85,436.95,436.8,436.8,3840,ITC
2025-05-19 10:14:00+05:30,436.8,436.85,436.7,436.75,14851,ITC
2025-05-19 10:15:00+05:30,436.85,437.05,436.7,436.95,12284,ITC
2025-05-19 10:16:00+05:30,436.95,437.2,436.8,437.2,4053,ITC
2025-05-19 10:17:00+05:30,437.15,437.55,437.05,437.35,12331,ITC
2025-05-19 10:18:00+05:30,437.35,437.35,437.05,437.05,6191,ITC
2025-05-19 10:19:00+05:30,437.15,437.15,437.0,437.1,3680,ITC
2025-05-19 10:20:00+05:30,437.1,437.1,437.05,437.1,3125,ITC
2025-05-19 10:21:00+05:30,437.1,437.2,437.05,437.15,13474,ITC
2025-05-19 10:22:00+05:30,437.1,437.15,437.0,437.05,11504,ITC
2025-05-19 10:23:00+05:30,437.0,437.05,436.9,436.95,9809,ITC
2025-05-19 10:24:00+05:30,436.9,436.95,436.8,436.85,13637,ITC
2025-05-19 10:25:00+05:30,436.8,436.95,436.3,436.55,36464,ITC
2025-05-19 10:26:00+05:30,436.35,436.6,435.9,436.15,29364,ITC
2025-05-19 10:27:00+05:30,436.05,436.15,435.75,435.9,29617,ITC
2025-05-19 10:28:00+05:30,435.85,435.95,435.75,435.9,12907,ITC
2025-05-19 10:29:00+05:30,435.85,436.0,435.8,435.95,10585,ITC
2025-05-19 10:30:00+05:30,435.9,435.95,435.55,435.75,21518,ITC
2025-05-19 10:31:00+05:30,435.6,435.75,435.6,435.75,8999,ITC
2025-05-19 10:32:00+05:30,435.75,435.9,435.75,435.8,10654,ITC
2025-05-19 10:33:00+05:30,435.75,436.0,435.7,435.9,13286,ITC
2025-05-19 10:34:00+05:30,435.85,435.9,435.6,435.6,15965,ITC
2025-05-19 10:35:00+05:30,435.6,435.7,435.25,435.25,22794,ITC
2025-05-19 10:36:00+05:30,435.35,435.4,435.3,435.35,10243,ITC
2025-05-19 10:37:00+05:30,435.35,435.45,435.35,435.45,12286,ITC
2025-05-19 10:38:00+05:30,435.35,435.45,435.3,435.4,13598,ITC
2025-05-19 10:39:00+05:30,435.4,435.4,435.1,435.15,12394,ITC
2025-05-19 10:40:00+05:30,435.15,435.45,435.1,435.45,13667,ITC
2025-05-19 10:41:00+05:30,435.35,435.4,435.1,435.2,8550,ITC
2025-05-19 10:42:00+05:30,435.25,435.4,435.1,435.25,8372,ITC
2025-05-19 10:43:00+05:30,435.2,435.25,435.05,435.05,11125,ITC
2025-05-19 10:44:00+05:30,435.05,435.15,435.0,435.15,17236,ITC
2025-05-19 10:45:00+05:30,435.1,435.25,435.0,435.0,13059,ITC
2025-05-19 10:46:00+05:30,435.15,435.2,435.0,435.1,5988,ITC
2025-05-19 10:47:00+05:30,435.1,435.15,434.7,434.95,71237,ITC
2025-05-19 10:48:00+05:30,434.95,434.95,434.8,434.85,5546,ITC
2025-05-19 10:49:00+05:30,434.8,435.2,434.8,435.2,16600,ITC
2025-05-19 10:50:00+05:30,435.05,435.4,435.05,435.4,9400,ITC
2025-05-19 10:51:00+05:30,435.35,435.45,435.15,435.45,16828,ITC
2025-05-19 10:52:00+05:30,435.35,435.9,435.35,435.9,16795,ITC
2025-05-19 10:53:00+05:30,435.85,436.0,435.75,435.95,10438,ITC
2025-05-19 10:54:00+05:30,435.95,436.0,435.55,435.75,35111,ITC
2025-05-19 10:55:00+05:30,435.6,435.8,435.5,435.6,9989,ITC
2025-05-19 10:56:00+05:30,435.55,435.75,435.5,435.7,6708,ITC
2025-05-19 10:57:00+05:30,435.7,435.7,435.5,435.65,2354,ITC
2025-05-19 10:58:00+05:30,435.65,435.8,435.5,435.6,13146,ITC
2025-05-19 10:59:00+05:30,435.6,435.65,435.5,435.6,1933,ITC
2025-05-19 11:00:00+05:30,435.6,435.7,435.45,435.65,7422,ITC
2025-05-19 11:01:00+05:30,435.6,435.7,435.6,435.7,8840,ITC
2025-05-19 11:02:00+05:30,435.7,435.7,435.4,435.6,13405,ITC
2025-05-19 11:03:00+05:30,435.6,436.2,435.45,435.9,94512,ITC
2025-05-19 11:04:00+05:30,435.9,436.0,435.65,435.8,6888,ITC
2025-05-19 11:05:00+05:30,435.8,435.85,435.6,435.75,8761,ITC
2025-05-19 11:06:00+05:30,435.65,435.8,435.55,435.65,6563,ITC
2025-05-19 11:07:00+05:30,435.7,435.75,435.65,435.7,3675,ITC
2025-05-19 11:08:00+05:30,435.7,435.75,435.6,435.7,4872,ITC
2025-05-19 11:09:00+05:30,435.7,435.8,435.6,435.65,4105,ITC
2025-05-19 11:10:00+05:30,435.7,435.8,435.6,435.75,7367,ITC
2025-05-19 11:11:00+05:30,435.65,435.75,435.6,435.65,2208,ITC
2025-05-19 11:12:00+05:30,435.65,435.75,435.6,435.75,4079,ITC
2025-05-19 11:13:00+05:30,435.7,435.75,435.55,435.6,5463,ITC
2025-05-19 11:14:00+05:30,435.6,435.65,435.55,435.55,2777,ITC
2025-05-19 11:15:00+05:30,435.55,435.75,435.55,435.65,16067,ITC
2025-05-19 11:16:00+05:30,435.75,436.2,435.5,436.0,31583,ITC
2025-05-19 11:17:00+05:30,435.95,436.1,435.85,436.0,6145,ITC
2025-05-19 11:18:00+05:30,435.95,436.0,435.75,435.85,12006,ITC
2025-05-19 11:19:00+05:30,435.95,435.95,435.7,435.8,3086,ITC
2025-05-19 11:20:00+05:30,435.75,435.8,435.55,435.65,7544,ITC
2025-05-19 11:21:00+05:30,435.65,435.65,435.35,435.45,20639,ITC
2025-05-19 11:22:00+05:30,435.4,435.45,435.3,435.4,5965,ITC
2025-05-19 11:23:00+05:30,435.35,435.7,435.35,435.65,7555,ITC
2025-05-19 11:24:00+05:30,435.55,435.75,435.4,435.5,3242,ITC
2025-05-19 11:25:00+05:30,435.45,435.5,435.45,435.5,2006,ITC
2025-05-19 11:26:00+05:30,435.45,435.55,435.4,435.4,17411,ITC
2025-05-19 11:27:00+05:30,435.4,435.4,435.2,435.3,15888,ITC
2025-05-19 11:28:00+05:30,435.3,435.35,435.05,435.35,19956,ITC
2025-05-19 11:29:00+05:30,435.35,435.5,435.2,435.35,7351,ITC
2025-05-19 11:30:00+05:30,435.35,435.55,435.3,435.45,3864,ITC
2025-05-19 11:31:00+05:30,435.45,435.45,435.3,435.45,2940,ITC
2025-05-19 11:32:00+05:30,435.45,435.65,435.1,435.1,16010,ITC
2025-05-19 11:33:00+05:30,435.25,435.25,435.0,435.1,12728,ITC
2025-05-19 11:34:00+05:30,435.2,435.2,434.5,434.7,60288,ITC
2025-05-19 11:35:00+05:30,434.6,434.8,434.5,434.55,7664,ITC
2025-05-19 11:36:00+05:30,434.7,435.15,434.5,435.15,9184,ITC
2025-05-19 11:37:00+05:30,435.15,435.25,435.1,435.2,3416,ITC
2025-05-19 11:38:00+05:30,435.2,435.2,434.75,435.0,12339,ITC
2025-05-19 11:39:00+05:30,435.0,435.05,434.8,435.05,4895,ITC
2025-05-19 11:40:00+05:30,435.0,435.05,434.85,435.0,2951,ITC
2025-05-19 11:41:00+05:30,435.0,435.0,434.75,434.9,5805,ITC
2025-05-19 11:42:00+05:30,435.0,435.0,434.7,434.85,5061,ITC
2025-05-19 11:43:00+05:30,434.85,434.95,434.65,434.95,3091,ITC
2025-05-19 11:44:00+05:30,434.95,434.95,434.7,434.95,3665,ITC
2025-05-19 11:45:00+05:30,434.95,434.95,434.7,434.9,4545,ITC
2025-05-19 11:46:00+05:30,434.9,435.0,434.7,435.0,7341,ITC
2025-05-19 11:47:00+05:30,435.0,435.05,434.8,435.0,5275,ITC
2025-05-19 11:48:00+05:30,435.0,435.15,434.9,435.1,3546,ITC
2025-05-19 11:49:00+05:30,435.1,435.15,434.65,434.65,7418,ITC
2025-05-19 11:50:00+05:30,434.8,435.4,434.65,435.1,23831,ITC
2025-05-19 11:51:00+05:30,435.2,435.3,435.0,435.25,6611,ITC
2025-05-19 11:52:00+05:30,435.25,435.3,435.05,435.3,2700,ITC
2025-05-19 11:53:00+05:30,435.35,435.5,435.15,435.35,15097,ITC
2025-05-19 11:54:00+05:30,435.3,435.35,435.1,435.15,8107,ITC
2025-05-19 11:55:00+05:30,435.3,435.35,435.1,435.2,5135,ITC
2025-05-19 11:56:00+05:30,435.15,435.3,435.0,435.0,13118,ITC
2025-05-19 11:57:00+05:30,435.1,435.1,434.8,434.85,10571,ITC
2025-05-19 11:58:00+05:30,434.9,435.0,434.8,434.95,9270,ITC
2025-05-19 11:59:00+05:30,434.95,434.95,434.5,434.5,19895,ITC
2025-05-19 12:00:00+05:30,434.7,434.7,434.2,434.2,32857,ITC
2025-05-19 12:01:00+05:30,434.3,434.4,434.1,434.2,18263,ITC
2025-05-19 12:02:00+05:30,434.25,434.35,434.0,434.35,41373,ITC
2025-05-19 12:03:00+05:30,434.35,434.35,433.9,434.1,11951,ITC
2025-05-19 12:04:00+05:30,433.95,434.25,433.85,433.95,18157,ITC
2025-05-19 12:05:00+05:30,434.0,434.45,433.95,434.35,12866,ITC
2025-05-19 12:06:00+05:30,434.35,434.45,434.1,434.3,13327,ITC
2025-05-19 12:07:00+05:30,434.4,434.4,434.05,434.1,19175,ITC
2025-05-19 12:08:00+05:30,434.3,434.3,434.05,434.2,12909,ITC
2025-05-19 12:09:00+05:30,434.25,434.3,433.8,433.85,14145,ITC
2025-05-19 12:10:00+05:30,434.0,434.2,433.85,434.0,11769,ITC
2025-05-19 12:11:00+05:30,434.05,434.15,433.7,433.75,18207,ITC
2025-05-19 12:12:00+05:30,433.75,434.0,433.65,433.9,11041,ITC
2025-05-19 12:13:00+05:30,433.9,434.0,433.65,433.85,13808,ITC
2025-05-19 12:14:00+05:30,434.0,434.15,433.75,434.05,22530,ITC
2025-05-19 12:15:00+05:30,434.05,434.1,433.6,433.75,14946,ITC
2025-05-19 12:16:00+05:30,433.9,433.95,433.6,433.65,12962,ITC
2025-05-19 12:17:00+05:30,433.65,433.9,433.5,433.6,13051,ITC
2025-05-19 12:18:00+05:30,433.7,434.15,433.55,434.0,22502,ITC
2025-05-19 12:19:00+05:30,434.05,434.25,434.0,434.05,12806,ITC
2025-05-19 12:20:00+05:30,434.25,434.25,434.0,434.15,7177,ITC
2025-05-19 12:21:00+05:30,434.15,434.25,434.1,434.1,6489,ITC
2025-05-19 12:22:00+05:30,434.25,434.3,434.1,434.1,5586,ITC
2025-05-19 12:23:00+05:30,434.25,434.35,434.1,434.1,8841,ITC
2025-05-19 12:24:00+05:30,434.35,434.35,434.1,434.3,5534,ITC
2025-05-19 12:25:00+05:30,434.3,434.35,434.1,434.2,4464,ITC
2025-05-19 12:26:00+05:30,434.35,434.45,434.15,434.45,7723,ITC
2025-05-19 12:27:00+05:30,434.4,434.5,434.2,434.3,8427,ITC
2025-05-19 12:28:00+05:30,434.45,434.5,434.15,434.25,4987,ITC
2025-05-19 12:29:00+05:30,434.35,434.45,434.15,434.2,10932,ITC
2025-05-19 12:30:00+05:30,434.25,434.45,434.1,434.1,10089,ITC
2025-05-19 12:31:00+05:30,434.3,434.35,434.0,434.2,12871,ITC
2025-05-19 12:32:00+05:30,434.2,434.3,434.0,434.05,4427,ITC
2025-05-19 12:33:00+05:30,434.1,434.3,433.65,433.85,40113,ITC
2025-05-19 12:34:00+05:30,433.85,434.0,433.75,434.0,7594,ITC
2025-05-19 12:35:00+05:30,434.0,434.0,433.8,434.0,7202,ITC
2025-05-19 12:36:00+05:30,433.85,434.0,433.75,433.95,9974,ITC
2025-05-19 12:37:00+05:30,433.8,434.0,433.65,434.0,9680,ITC
2025-05-19 12:38:00+05:30,434.0,434.0,433.7,433.75,15714,ITC
2025-05-19 12:39:00+05:30,433.95,434.0,433.7,433.95,11088,ITC
2025-05-19 12:40:00+05:30,433.95,434.0,433.7,433.95,6999,ITC
2025-05-19 12:41:00+05:30,433.95,434.0,433.45,433.75,73910,ITC
2025-05-19 12:42:00+05:30,433.75,433.75,433.35,433.7,19460,ITC
2025-05-19 12:43:00+05:30,433.7,433.8,433.45,433.75,8918,ITC
2025-05-19 12:44:00+05:30,433.8,433.9,433.6,433.85,5971,ITC
2025-05-19 12:45:00+05:30,433.9,433.9,433.55,433.9,8346,ITC
2025-05-19 12:46:00+05:30,433.9,433.95,433.65,433.85,11905,ITC
2025-05-19 12:47:00+05:30,433.95,434.0,433.75,433.85,7397,ITC
2025-05-19 12:48:00+05:30,434.0,434.0,433.8,433.85,6208,ITC
2025-05-19 12:49:00+05:30,434.0,434.0,433.75,433.85,8267,ITC
2025-05-19 12:50:00+05:30,434.0,434.0,433.75,434.0,11966,ITC
2025-05-19 12:51:00+05:30,434.0,434.15,433.85,433.9,35401,ITC
2025-05-19 12:52:00+05:30,434.0,434.0,433.8,433.85,8993,ITC
2025-05-19 12:53:00+05:30,434.0,434.25,433.8,434.0,72035,ITC
2025-05-19 12:54:00+05:30,434.0,434.15,433.8,433.95,38637,ITC
2025-05-19 12:55:00+05:30,433.95,434.0,433.85,434.0,9810,ITC
2025-05-19 12:56:00+05:30,434.0,434.0,433.85,433.95,8681,ITC
2025-05-19 12:57:00+05:30,433.95,434.0,433.85,433.85,8448,ITC
2025-05-19 12:58:00+05:30,433.9,434.0,433.8,433.95,10100,ITC
2025-05-19 12:59:00+05:30,433.95,434.0,433.8,433.85,8336,ITC
2025-05-19 13:00:00+05:30,433.95,434.0,433.8,433.95,5019,ITC
2025-05-19 13:01:00+05:30,434.0,434.0,433.9,433.9,11808,ITC
2025-05-19 13:02:00+05:30,434.0,434.05,433.9,433.9,16650,ITC
2025-05-19 13:03:00+05:30,434.0,434.0,433.9,433.95,8664,ITC
2025-05-19 13:04:00+05:30,434.0,434.0,433.9,433.95,8548,ITC
2025-05-19 13:05:00+05:30,434.0,434.0,433.9,434.0,6131,ITC
2025-05-19 13:06:00+05:30,434.0,434.0,433.9,433.9,6979,ITC
2025-05-19 13:07:00+05:30,434.0,434.0,433.85,433.95,28609,ITC
2025-05-19 13:08:00+05:30,433.95,434.0,433.9,433.95,22141,ITC
2025-05-19 13:09:00+05:30,433.95,434.0,433.9,433.9,20285,ITC
2025-05-19 13:10:00+05:30,433.9,434.0,433.9,434.0,17942,ITC
2025-05-19 13:11:00+05:30,433.9,434.0,433.9,433.9,12436,ITC
2025-05-19 13:12:00+05:30,433.95,433.95,433.9,433.9,14717,ITC
2025-05-19 13:13:00+05:30,433.95,434.0,433.9,433.9,8659,ITC
2025-05-19 13:14:00+05:30,434.0,434.0,433.9,434.0,11234,ITC
2025-05-19 13:15:00+05:30,434.0,434.0,433.9,433.9,11712,ITC
2025-05-19 13:16:00+05:30,434.0,434.0,433.9,433.95,14207,ITC
2025-05-19 13:17:00+05:30,434.0,434.0,433.9,434.0,12463,ITC
2025-05-19 13:18:00+05:30,434.0,434.25,433.9,434.0,170594,ITC
2025-05-19 13:19:00+05:30,434.0,434.0,433.85,433.9,36745,ITC
2025-05-19 13:20:00+05:30,433.95,434.0,433.8,434.0,20784,ITC
2025-05-19 13:21:00+05:30,434.0,434.0,433.8,433.85,11488,ITC
2025-05-19 13:22:00+05:30,433.9,434.0,433.8,433.95,7915,ITC
2025-05-19 13:23:00+05:30,433.95,434.0,433.8,433.9,20187,ITC
2025-05-19 13:24:00+05:30,433.95,434.0,433.8,433.85,11175,ITC
2025-05-19 13:25:00+05:30,433.95,434.0,433.8,433.95,6783,ITC
2025-05-19 13:26:00+05:30,433.9,434.0,433.85,433.95,16833,ITC
2025-05-19 13:27:00+05:30,434.0,434.0,433.8,434.0,13997,ITC
2025-05-19 13:28:00+05:30,434.0,434.0,433.95,433.95,13081,ITC
2025-05-19 13:29:00+05:30,434.0,434.0,433.8,433.95,7432,ITC
2025-05-19 13:30:00+05:30,434.0,434.0,433.9,433.9,7371,ITC
2025-05-19 13:31:00+05:30,434.0,434.0,433.9,433.9,8075,ITC
2025-05-19 13:32:00+05:30,433.95,434.0,433.8,433.95,8703,ITC
2025-05-19 13:33:00+05:30,433.95,434.0,433.8,433.9,6553,ITC
2025-05-19 13:34:00+05:30,434.0,434.0,433.85,433.9,8633,ITC
2025-05-19 13:35:00+05:30,433.85,434.0,433.8,433.8,9172,ITC
2025-05-19 13:36:00+05:30,434.0,434.0,433.8,433.95,5303,ITC
2025-05-19 13:37:00+05:30,434.0,434.0,433.85,433.9,8261,ITC
2025-05-19 13:38:00+05:30,433.95,434.0,433.8,434.0,13706,ITC
2025-05-19 13:39:00+05:30,434.0,434.0,433.8,434.0,14011,ITC
2025-05-19 13:40:00+05:30,434.0,434.0,433.9,433.95,38034,ITC
2025-05-19 13:41:00+05:30,433.95,434.05,433.8,433.85,61983,ITC
2025-05-19 13:42:00+05:30,433.95,434.0,433.8,433.8,10279,ITC
2025-05-19 13:43:00+05:30,433.95,434.25,433.8,433.9,77376,ITC
2025-05-19 13:44:00+05:30,433.9,434.0,433.8,433.8,22717,ITC
2025-05-19 13:45:00+05:30,434.0,434.0,433.8,433.85,9319,ITC
2025-05-19 13:46:00+05:30,434.0,434.0,433.8,434.0,7131,ITC
2025-05-19 13:47:00+05:30,434.0,434.0,433.8,433.85,7126,ITC
2025-05-19 13:48:00+05:30,434.0,434.0,433.85,433.9,11241,ITC
2025-05-19 13:49:00+05:30,434.0,434.0,433.85,434.0,10925,ITC
2025-05-19 13:50:00+05:30,434.0,434.0,433.8,433.8,7476,ITC
2025-05-19 13:51:00+05:30,434.0,434.0,433.8,434.0,8751,ITC
2025-05-19 13:52:00+05:30,433.9,434.0,433.85,434.0,6361,ITC
2025-05-19 13:53:00+05:30,434.0,434.0,433.85,433.9,12563,ITC
2025-05-19 13:54:00+05:30,434.0,434.0,433.85,433.9,21195,ITC
2025-05-19 13:55:00+05:30,434.0,434.0,433.85,433.9,13826,ITC
2025-05-19 13:56:00+05:30,434.0,434.0,433.8,433.8,20076,ITC
2025-05-19 13:57:00+05:30,433.85,433.95,433.8,433.85,6722,ITC
2025-05-19 13:58:00+05:30,433.95,434.0,433.85,434.0,13326,ITC
2025-05-19 13:59:00+05:30,434.0,434.0,433.8,433.85,11451,ITC
2025-05-19 14:00:00+05:30,434.0,434.0,433.7,433.75,82824,ITC
2025-05-19 14:01:00+05:30,433.7,433.95,433.6,433.75,9151,ITC
2025-05-19 14:02:00+05:30,433.9,433.95,433.75,433.8,6228,ITC
2025-05-19 14:03:00+05:30,433.9,433.9,433.7,433.85,7430,ITC
2025-05-19 14:04:00+05:30,433.85,433.95,433.6,433.85,24311,ITC
2025-05-19 14:05:00+05:30,433.65,433.9,433.5,433.55,20389,ITC
2025-05-19 14:06:00+05:30,433.55,433.55,433.1,433.25,19509,ITC
2025-05-19 14:07:00+05:30,433.25,433.5,433.1,433.4,27077,ITC
2025-05-19 14:08:00+05:30,433.25,433.5,433.15,433.15,15522,ITC
2025-05-19 14:09:00+05:30,433.15,433.35,432.95,433.15,40601,ITC
2025-05-19 14:10:00+05:30,433.05,433.15,432.65,432.9,29624,ITC
2025-05-19 14:11:00+05:30,432.9,433.2,432.7,433.0,13552,ITC
2025-05-19 14:12:00+05:30,433.1,433.15,432.65,432.8,10611,ITC
2025-05-19 14:13:00+05:30,432.9,433.0,432.7,432.7,5325,ITC
2025-05-19 14:14:00+05:30,432.9,433.15,432.7,433.05,8936,ITC
2025-05-19 14:15:00+05:30,433.15,433.3,433.0,433.2,6621,ITC
2025-05-19 14:16:00+05:30,433.1,433.4,433.1,433.3,11346,ITC
2025-05-19 14:17:00+05:30,433.3,433.65,433.3,433.5,9049,ITC
2025-05-19 14:18:00+05:30,433.6,433.8,433.45,433.6,29017,ITC
2025-05-19 14:19:00+05:30,433.75,433.75,433.5,433.6,6719,ITC
2025-05-19 14:20:00+05:30,433.65,433.65,433.5,433.5,12070,ITC
2025-05-19 14:21:00+05:30,433.6,433.9,433.5,433.6,36998,ITC
2025-05-19 14:22:00+05:30,433.6,433.75,433.55,433.65,3762,ITC
2025-05-19 14:23:00+05:30,433.75,433.75,433.5,433.55,4010,ITC
2025-05-19 14:24:00+05:30,433.55,433.75,433.5,433.7,9114,ITC
2025-05-19 14:25:00+05:30,433.6,433.7,433.5,433.7,4987,ITC
2025-05-19 14:26:00+05:30,433.55,433.7,433.5,433.6,17645,ITC
2025-05-19 14:27:00+05:30,433.55,433.7,433.45,433.45,22350,ITC
2025-05-19 14:28:00+05:30,433.45,433.6,433.45,433.45,13954,ITC
2025-05-19 14:29:00+05:30,433.55,433.55,433.45,433.45,8883,ITC
2025-05-19 14:30:00+05:30,433.45,433.65,433.45,433.65,6619,ITC
2025-05-19 14:31:00+05:30,433.5,433.7,433.5,433.55,18312,ITC
2025-05-19 14:32:00+05:30,433.55,433.7,433.5,433.55,11392,ITC
2025-05-19 14:33:00+05:30,433.55,433.75,433.5,433.7,13782,ITC
2025-05-19 14:34:00+05:30,433.75,433.95,433.6,433.95,12980,ITC
2025-05-19 14:35:00+05:30,433.85,434.0,433.7,433.9,10626,ITC
2025-05-19 14:36:00+05:30,433.9,434.0,433.8,433.95,5499,ITC
2025-05-19 14:37:00+05:30,434.0,434.0,433.8,433.8,10886,ITC
2025-05-19 14:38:00+05:30,433.95,434.0,433.8,434.0,11381,ITC
2025-05-19 14:39:00+05:30,434.0,434.0,433.8,433.85,8607,ITC
2025-05-19 14:40:00+05:30,433.95,434.0,433.8,434.0,9795,ITC
2025-05-19 14:41:00+05:30,433.85,434.0,433.8,433.85,16144,ITC
2025-05-19 14:42:00+05:30,433.95,434.0,433.75,433.85,7900,ITC
2025-05-19 14:43:00+05:30,433.9,435.15,433.85,434.45,454390,ITC
2025-05-19 14:44:00+05:30,434.45,434.85,434.2,434.5,22702,ITC
2025-05-19 14:45:00+05:30,434.55,434.6,434.3,434.3,12376,ITC
2025-05-19 14:46:00+05:30,434.4,434.5,434.25,434.45,20691,ITC
2025-05-19 14:47:00+05:30,434.45,434.5,434.3,434.35,9261,ITC
2025-05-19 14:48:00+05:30,434.3,434.95,434.15,434.95,25544,ITC
2025-05-19 14:49:00+05:30,434.95,435.2,434.8,435.1,24403,ITC
2025-05-19 14:50:00+05:30,435.1,435.3,435.0,435.2,16006,ITC
2025-05-19 14:51:00+05:30,435.25,435.45,435.2,435.4,7705,ITC
2025-05-19 14:52:00+05:30,435.4,435.45,434.85,435.0,26848,ITC
2025-05-19 14:53:00+05:30,434.9,435.0,434.75,434.8,8279,ITC
2025-05-19 14:54:00+05:30,434.8,435.0,434.7,434.95,13801,ITC
2025-05-19 14:55:00+05:30,434.95,435.0,434.75,435.0,16626,ITC
2025-05-19 14:56:00+05:30,435.0,435.0,434.95,434.95,7467,ITC
2025-05-19 14:57:00+05:30,435.0,435.0,434.75,434.9,6521,ITC
2025-05-19 14:58:00+05:30,434.9,434.95,434.7,434.7,6297,ITC
2025-05-19 14:59:00+05:30,434.85,434.95,434.65,434.7,13581,ITC
2025-05-19 15:00:00+05:30,434.7,435.5,434.65,435.4,80716,ITC
2025-05-19 15:01:00+05:30,435.45,435.85,435.4,435.6,56610,ITC
2025-05-19 15:02:00+05:30,435.7,435.8,435.45,435.45,30731,ITC
2025-05-19 15:03:00+05:30,435.45,435.65,435.15,435.55,17572,ITC
2025-05-19 15:04:00+05:30,435.55,435.55,435.25,435.25,25738,ITC
2025-05-19 15:05:00+05:30,435.45,435.55,435.2,435.35,14697,ITC
2025-05-19 15:06:00+05:30,435.45,435.5,435.05,435.2,24528,ITC
2025-05-19 15:07:00+05:30,435.25,435.45,435.15,435.25,11751,ITC
2025-05-19 15:08:00+05:30,435.25,435.3,434.9,435.0,16633,ITC
2025-05-19 15:09:00+05:30,435.0,435.15,434.9,435.05,15726,ITC
2025-05-19 15:10:00+05:30,435.05,435.1,434.9,434.95,18453,ITC
2025-05-19 15:11:00+05:30,434.9,435.0,434.8,434.85,15042,ITC
2025-05-19 15:12:00+05:30,434.85,434.95,434.7,434.7,20632,ITC
2025-05-19 15:13:00+05:30,434.8,434.95,434.55,434.9,35145,ITC
2025-05-19 15:14:00+05:30,434.85,435.0,434.7,434.75,38038,ITC
2025-05-19 15:15:00+05:30,434.75,434.75,434.25,434.5,40965,ITC
2025-05-19 15:16:00+05:30,434.55,434.55,434.3,434.5,15176,ITC
2025-05-19 15:17:00+05:30,434.5,435.0,434.4,434.7,100580,ITC
2025-05-19 15:18:00+05:30,434.7,435.15,434.5,434.7,72028,ITC
2025-05-19 15:19:00+05:30,434.7,434.9,434.65,434.9,20375,ITC
2025-05-19 15:20:00+05:30,434.9,435.05,434.7,434.9,45226,ITC
2025-05-19 15:21:00+05:30,434.95,435.35,434.9,435.15,27109,ITC
2025-05-19 15:22:00+05:30,435.15,435.15,434.6,434.85,58864,ITC
2025-05-19 15:23:00+05:30,434.85,435.1,434.65,434.85,66031,ITC
2025-05-19 15:24:00+05:30,434.85,435.05,434.5,434.95,70840,ITC
2025-05-19 15:25:00+05:30,434.75,435.6,434.75,435.4,111189,ITC
2025-05-19 15:26:00+05:30,435.5,435.65,435.2,435.5,111360,ITC
2025-05-19 15:27:00+05:30,435.5,436.1,435.5,435.95,314325,ITC
2025-05-19 15:28:00+05:30,435.95,436.2,435.9,436.0,189467,ITC
2025-05-19 15:29:00+05:30,436.0,436.15,435.5,436.1,88054,ITC
2025-05-20 09:15:00+05:30,437.0,437.8,436.1,437.5,86149,ITC
2025-05-20 09:16:00+05:30,437.5,437.55,436.45,436.55,34579,ITC
2025-05-20 09:17:00+05:30,436.65,437.05,436.55,437.0,18013,ITC
2025-05-20 09:18:00+05:30,436.85,437.3,436.85,437.1,12326,ITC
2025-05-20 09:19:00+05:30,437.25,437.4,437.0,437.1,12034,ITC
2025-05-20 09:20:00+05:30,437.1,437.2,436.65,436.8,17753,ITC
2025-05-20 09:21:00+05:30,436.65,436.95,436.55,436.95,13199,ITC
2025-05-20 09:22:00+05:30,436.95,438.65,436.85,438.3,97103,ITC
2025-05-20 09:23:00+05:30,438.3,438.9,438.0,438.8,47912,ITC
2025-05-20 09:24:00+05:30,438.8,439.5,438.75,439.25,81042,ITC
2025-05-20 09:25:00+05:30,439.25,439.5,439.05,439.3,45899,ITC
2025-05-20 09:26:00+05:30,439.3,439.4,439.05,439.05,24392,ITC
2025-05-20 09:27:00+05:30,439.15,439.65,438.75,439.15,46730,ITC
2025-05-20 09:28:00+05:30,439.15,439.45,438.85,439.4,29344,ITC
2025-05-20 09:29:00+05:30,439.5,439.9,439.3,439.65,38529,ITC
2025-05-20 09:30:00+05:30,439.7,440.8,439.55,440.45,123520,ITC
2025-05-20 09:31:00+05:30,440.35,440.4,439.3,439.5,59216,ITC
2025-05-20 09:32:00+05:30,439.25,439.65,439.1,439.4,28645,ITC
2025-05-20 09:33:00+05:30,439.3,439.45,439.1,439.1,13636,ITC
2025-05-20 09:34:00+05:30,439.2,439.7,439.05,439.5,21463,ITC
2025-05-20 09:35:00+05:30,439.35,439.75,439.3,439.55,19750,ITC
2025-05-20 09:36:00+05:30,439.55,439.85,439.3,439.45,31533,ITC
2025-05-20 09:37:00+05:30,439.45,439.45,439.05,439.05,16462,ITC
2025-05-20 09:38:00+05:30,439.2,439.25,438.45,438.8,49458,ITC
2025-05-20 09:39:00+05:30,438.8,439.1,438.6,438.95,15024,ITC
2025-05-20 09:40:00+05:30,438.95,438.95,438.6,438.65,10960,ITC
2025-05-20 09:41:00+05:30,438.7,438.7,438.25,438.25,13996,ITC
2025-05-20 09:42:00+05:30,438.4,438.8,438.25,438.55,18906,ITC
2025-05-20 09:43:00+05:30,438.55,438.65,438.2,438.4,6262,ITC
2025-05-20 09:44:00+05:30,438.4,438.45,438.2,438.4,9801,ITC
2025-05-20 09:45:00+05:30,438.4,438.4,438.0,438.0,34420,ITC
2025-05-20 09:46:00+05:30,438.0,438.2,437.6,437.8,22406,ITC
2025-05-20 09:47:00+05:30,437.8,438.0,437.6,437.8,9622,ITC
2025-05-20 09:48:00+05:30,437.8,437.9,437.6,437.8,6252,ITC
2025-05-20 09:49:00+05:30,437.8,437.8,437.6,437.65,15803,ITC
2025-05-20 09:50:00+05:30,437.65,438.25,437.6,438.15,11156,ITC
2025-05-20 09:51:00+05:30,438.15,438.2,437.95,438.1,6772,ITC
2025-05-20 09:52:00+05:30,438.1,438.15,437.9,438.1,10814,ITC
2025-05-20 09:53:00+05:30,438.1,438.1,437.6,437.6,9131,ITC
2025-05-20 09:54:00+05:30,437.6,437.8,437.35,437.6,19025,ITC
2025-05-20 09:55:00+05:30,437.8,437.8,437.35,437.5,13584,ITC
2025-05-20 09:56:00+05:30,437.5,437.7,437.1,437.6,21038,ITC
2025-05-20 09:57:00+05:30,437.3,437.6,437.3,437.45,6833,ITC
2025-05-20 09:58:00+05:30,437.45,437.45,437.1,437.1,14780,ITC
2025-05-20 09:59:00+05:30,437.2,437.25,436.8,436.9,17216,ITC
2025-05-20 10:00:00+05:30,436.9,437.0,436.6,436.95,14637,ITC
2025-05-20 10:01:00+05:30,436.95,437.15,436.85,437.0,18502,ITC
2025-05-20 10:02:00+05:30,437.0,437.0,436.75,436.8,11843,ITC
2025-05-20 10:03:00+05:30,436.75,437.0,436.75,436.95,5838,ITC
2025-05-20 10:04:00+05:30,436.95,437.0,436.5,436.85,10505,ITC
2025-05-20 10:05:00+05:30,436.85,436.95,436.8,436.95,3053,ITC
2025-05-20 10:06:00+05:30,436.95,437.05,436.9,437.05,9931,ITC
2025-05-20 10:07:00+05:30,437.05,437.25,437.0,437.0,18460,ITC
2025-05-20 10:08:00+05:30,437.2,437.25,437.0,437.2,7496,ITC
2025-05-20 10:09:00+05:30,437.2,437.2,437.0,437.0,14611,ITC
2025-05-20 10:10:00+05:30,437.0,437.15,436.8,436.95,47896,ITC
2025-05-20 10:11:00+05:30,437.0,437.85,436.85,437.4,32409,ITC
2025-05-20 10:12:00+05:30,437.3,437.45,437.15,437.45,8110,ITC
2025-05-20 10:13:00+05:30,437.4,437.45,437.1,437.1,6970,ITC
2025-05-20 10:14:00+05:30,437.2,437.2,437.05,437.2,9940,ITC
2025-05-20 10:15:00+05:30,437.2,437.25,436.8,436.8,12425,ITC
2025-05-20 10:16:00+05:30,437.0,437.1,436.8,436.8,2748,ITC
2025-05-20 10:17:00+05:30,436.9,436.9,436.5,436.65,15609,ITC
2025-05-20 10:18:00+05:30,436.6,437.0,436.6,437.0,25744,ITC
2025-05-20 10:19:00+05:30,437.0,437.3,436.85,437.25,4657,ITC
2025-05-20 10:20:00+05:30,437.25,437.8,437.1,437.8,18405,ITC
2025-05-20 10:21:00+05:30,437.8,438.35,437.65,438.2,22185,ITC
2025-05-20 10:22:00+05:30,438.05,438.2,438.0,438.1,8666,ITC
2025-05-20 10:23:00+05:30,438.1,438.2,438.05,438.05,8333,ITC
2025-05-20 10:24:00+05:30,438.05,438.2,437.95,438.05,19248,ITC
2025-05-20 10:25:00+05:30,438.05,438.55,438.05,438.35,20851,ITC
2025-05-20 10:26:00+05:30,438.3,438.4,438.15,438.25,2671,ITC
2025-05-20 10:27:00+05:30,438.2,438.35,438.05,438.2,15282,ITC
2025-05-20 10:28:00+05:30,438.2,438.3,437.45,437.5,17496,ITC
2025-05-20 10:29:00+05:30,437.55,437.75,437.35,437.75,11400,ITC
2025-05-20 10:30:00+05:30,437.55,437.8,437.5,437.7,4073,ITC
2025-05-20 10:31:00+05:30,437.7,439.15,437.6,438.45,206964,ITC
2025-05-20 10:32:00+05:30,438.65,438.8,438.35,438.5,8970,ITC
2025-05-20 10:33:00+05:30,438.35,438.5,438.1,438.15,21019,ITC
2025-05-20 10:34:00+05:30,438.15,438.4,438.05,438.25,9158,ITC
2025-05-20 10:35:00+05:30,438.25,438.25,437.7,437.95,12205,ITC
2025-05-20 10:36:00+05:30,437.95,438.35,437.8,438.3,5921,ITC
2025-05-20 10:37:00+05:30,438.35,438.35,438.15,438.15,2461,ITC
2025-05-20 10:38:00+05:30,438.15,438.45,438.15,438.35,11844,ITC
2025-05-20 10:39:00+05:30,438.3,438.4,438.1,438.15,11665,ITC
2025-05-20 10:40:00+05:30,438.15,438.3,437.75,437.85,12207,ITC
2025-05-20 10:41:00+05:30,437.8,439.1,437.6,438.0,198556,ITC
2025-05-20 10:42:00+05:30,437.9,438.15,437.8,438.05,9962,ITC
2025-05-20 10:43:00+05:30,438.05,438.1,437.85,437.9,3929,ITC
2025-05-20 10:44:00+05:30,438.1,438.1,437.8,437.95,8469,ITC
2025-05-20 10:45:00+05:30,437.95,438.75,437.9,438.75,18070,ITC
2025-05-20 10:46:00+05:30,438.5,439.1,438.5,439.1,14333,ITC
2025-05-20 10:47:00+05:30,438.95,439.1,438.55,438.65,5528,ITC
2025-05-20 10:48:00+05:30,438.65,439.0,438.55,438.8,19691,ITC
2025-05-20 10:49:00+05:30,438.7,439.15,438.7,438.8,21513,ITC
2025-05-20 10:50:00+05:30,438.8,439.05,438.8,438.9,9188,ITC
2025-05-20 10:51:00+05:30,438.95,439.3,438.95,439.25,28580,ITC
2025-05-20 10:52:00+05:30,439.2,439.25,439.1,439.25,10374,ITC
2025-05-20 10:53:00+05:30,439.1,439.25,439.0,439.1,48528,ITC
2025-05-20 10:54:00+05:30,439.0,439.1,438.8,438.9,5914,ITC
2025-05-20 10:55:00+05:30,438.75,438.95,438.45,438.5,8858,ITC
2025-05-20 10:56:00+05:30,438.5,439.15,438.45,439.15,10230,ITC
2025-05-20 10:57:00+05:30,439.0,439.15,439.0,439.1,6591,ITC
2025-05-20 10:58:00+05:30,439.1,439.1,438.7,439.0,12579,ITC
2025-05-20 10:59:00+05:30,439.0,439.3,438.8,439.3,17683,ITC
2025-05-20 11:00:00+05:30,439.3,439.5,439.15,439.35,19342,ITC
2025-05-20 11:01:00+05:30,439.35,439.45,439.0,439.1,4780,ITC
2025-05-20 11:02:00+05:30,439.1,439.25,438.9,439.0,4590,ITC
2025-05-20 11:03:00+05:30,439.0,439.1,438.85,439.05,3393,ITC
2025-05-20 11:04:00+05:30,439.05,439.2,438.8,439.2,5329,ITC
2025-05-20 11:05:00+05:30,439.2,439.3,439.0,439.2,5554,ITC
2025-05-20 11:06:00+05:30,439.0,439.3,439.0,439.2,5042,ITC
2025-05-20 11:07:00+05:30,439.2,439.3,439.0,439.15,5458,ITC
2025-05-20 11:08:00+05:30,439.2,439.2,438.9,438.9,4792,ITC
2025-05-20 11:09:00+05:30,439.0,439.25,438.9,439.2,6186,ITC
2025-05-20 11:10:00+05:30,439.0,439.2,438.8,439.0,7192,ITC
2025-05-20 11:11:00+05:30,438.85,439.1,438.8,439.1,6553,ITC
2025-05-20 11:12:00+05:30,439.0,439.15,439.0,439.05,7697,ITC
2025-05-20 11:13:00+05:30,439.05,439.15,439.0,439.15,3823,ITC
2025-05-20 11:14:00+05:30,439.0,439.3,439.0,439.3,15139,ITC
2025-05-20 11:15:00+05:30,439.15,439.3,439.0,439.2,79040,ITC
2025-05-20 11:16:00+05:30,439.1,439.2,439.0,439.0,35828,ITC
2025-05-20 11:17:00+05:30,439.0,439.1,439.0,439.05,8694,ITC
2025-05-20 11:18:00+05:30,439.0,439.2,438.95,439.0,45339,ITC
2025-05-20 11:19:00+05:30,439.2,439.2,439.0,439.05,3452,ITC
2025-05-20 11:20:00+05:30,439.0,439.15,439.0,439.15,5909,ITC
2025-05-20 11:21:00+05:30,439.1,439.2,439.0,439.1,45428,ITC
2025-05-20 11:22:00+05:30,439.0,439.15,439.0,439.0,12964,ITC
2025-05-20 11:23:00+05:30,439.0,439.05,439.0,439.05,9505,ITC
2025-05-20 11:24:00+05:30,439.0,439.05,439.0,439.05,5599,ITC
2025-05-20 11:25:00+05:30,439.05,439.1,439.0,439.1,6698,ITC
2025-05-20 11:26:00+05:30,439.1,439.15,439.0,439.05,8498,ITC
2025-05-20 11:27:00+05:30,439.0,439.05,439.0,439.0,4845,ITC
2025-05-20 11:28:00+05:30,439.0,439.05,438.65,438.7,25554,ITC
2025-05-20 11:29:00+05:30,438.7,438.9,438.7,438.85,2855,ITC
2025-05-20 11:30:00+05:30,438.7,438.85,438.3,438.3,12271,ITC
2025-05-20 11:31:00+05:30,438.35,438.7,438.2,438.6,53286,ITC
2025-05-20 11:32:00+05:30,438.35,438.6,438.25,438.35,5192,ITC
2025-05-20 11:33:00+05:30,438.25,438.6,438.2,438.6,8535,ITC
2025-05-20 11:34:00+05:30,438.5,438.6,438.1,438.55,43111,ITC
2025-05-20 11:35:00+05:30,438.45,438.55,438.3,438.45,6841,ITC
2025-05-20 11:36:00+05:30,438.45,438.9,438.45,438.6,27637,ITC
2025-05-20 11:37:00+05:30,438.6,438.7,438.45,438.6,3906,ITC
2025-05-20 11:38:00+05:30,438.5,438.9,438.5,438.6,7244,ITC
2025-05-20 11:39:00+05:30,438.65,438.85,438.65,438.7,2284,ITC
2025-05-20 11:40:00+05:30,438.65,438.7,438.3,438.45,16513,ITC
2025-05-20 11:41:00+05:30,438.4,438.45,438.25,438.4,8374,ITC
2025-05-20 11:42:00+05:30,438.4,438.4,438.25,438.3,4540,ITC
2025-05-20 11:43:00+05:30,438.3,438.5,438.3,438.45,2988,ITC
2025-05-20 11:44:00+05:30,438.4,438.9,438.35,438.8,90339,ITC
2025-05-20 11:45:00+05:30,438.8,438.85,438.5,438.75,4492,ITC
2025-05-20 11:46:00+05:30,438.75,438.75,438.55,438.6,3958,ITC
2025-05-20 11:47:00+05:30,438.75,438.8,438.6,438.6,6904,ITC
2025-05-20 11:48:00+05:30,438.7,438.8,438.25,438.25,9071,ITC
2025-05-20 11:49:00+05:30,438.3,438.45,438.0,438.4,45578,ITC
2025-05-20 11:50:00+05:30,438.2,438.6,438.2,438.6,5865,ITC
2025-05-20 11:51:00+05:30,438.45,438.75,438.45,438.75,5526,ITC
2025-05-20 11:52:00+05:30,438.75,438.75,438.2,438.35,9818,ITC
2025-05-20 11:53:00+05:30,438.35,438.35,438.0,438.15,16211,ITC
2025-05-20 11:54:00+05:30,438.1,438.6,438.05,438.5,15506,ITC
2025-05-20 11:55:00+05:30,438.55,438.55,438.3,438.55,1496,ITC
2025-05-20 11:56:00+05:30,438.55,438.65,438.25,438.35,19438,ITC
2025-05-20 11:57:00+05:30,438.35,438.55,438.05,438.05,3921,ITC
2025-05-20 11:58:00+05:30,438.05,438.8,438.05,438.65,54202,ITC
2025-05-20 11:59:00+05:30,438.5,438.7,438.5,438.65,4882,ITC
2025-05-20 12:00:00+05:30,438.5,438.65,438.5,438.5,3596,ITC
2025-05-20 12:01:00+05:30,438.5,438.7,438.5,438.7,5064,ITC
2025-05-20 12:02:00+05:30,438.5,438.8,438.5,438.8,8176,ITC
2025-05-20 12:03:00+05:30,438.7,438.8,438.6,438.7,13827,ITC
2025-05-20 12:04:00+05:30,438.65,438.8,438.5,438.65,42081,ITC
2025-05-20 12:05:00+05:30,438.65,439.0,438.6,439.0,26731,ITC
2025-05-20 12:06:00+05:30,438.95,439.0,438.8,438.9,5427,ITC
2025-05-20 12:07:00+05:30,438.8,439.0,438.8,438.95,11890,ITC
2025-05-20 12:08:00+05:30,439.0,439.2,438.95,439.1,8486,ITC
2025-05-20 12:09:00+05:30,439.0,439.15,439.0,439.1,3828,ITC
2025-05-20 12:10:00+05:30,439.1,439.15,438.8,439.0,11830,ITC
2025-05-20 12:11:00+05:30,438.85,439.1,438.8,439.05,8202,ITC
2025-05-20 12:12:00+05:30,439.05,439.05,438.8,438.85,6566,ITC
2025-05-20 12:13:00+05:30,439.05,439.1,438.85,439.05,11264,ITC
2025-05-20 12:14:00+05:30,439.05,439.1,439.0,439.1,14335,ITC
2025-05-20 12:15:00+05:30,439.1,439.45,439.0,439.4,46764,ITC
2025-05-20 12:16:00+05:30,439.45,439.45,438.8,439.0,50428,ITC
2025-05-20 12:17:00+05:30,439.0,439.1,439.0,439.1,10268,ITC
2025-05-20 12:18:00+05:30,439.1,439.1,439.0,439.1,17328,ITC
2025-05-20 12:19:00+05:30,439.05,439.1,439.0,439.0,6859,ITC
2025-05-20 12:20:00+05:30,439.1,439.1,439.0,439.05,31896,ITC
2025-05-20 12:21:00+05:30,439.05,439.1,439.0,439.0,9928,ITC
2025-05-20 12:22:00+05:30,439.0,439.1,439.0,439.0,7067,ITC
2025-05-20 12:23:00+05:30,439.0,439.25,439.0,439.05,27287,ITC
2025-05-20 12:24:00+05:30,439.2,439.25,439.05,439.2,6145,ITC
2025-05-20 12:25:00+05:30,439.2,439.25,438.95,439.0,22194,ITC
2025-05-20 12:26:00+05:30,438.95,439.2,438.85,439.2,41344,ITC
2025-05-20 12:27:00+05:30,439.0,439.25,439.0,439.2,7804,ITC
2025-05-20 12:28:00+05:30,439.0,439.25,439.0,439.1,51360,ITC
2025-05-20 12:29:00+05:30,439.0,439.2,439.0,439.2,8249,ITC
2025-05-20 12:30:00+05:30,439.2,439.25,439.0,439.2,20277,ITC
2025-05-20 12:31:00+05:30,439.2,439.25,439.0,439.15,35648,ITC
2025-05-20 12:32:00+05:30,439.15,439.2,439.0,439.2,22395,ITC
2025-05-20 12:33:00+05:30,439.0,439.2,438.75,438.95,17037,ITC
2025-05-20 12:34:00+05:30,438.9,439.2,438.8,439.2,29913,ITC
2025-05-20 12:35:00+05:30,439.2,439.25,439.0,439.1,17122,ITC
2025-05-20 12:36:00+05:30,439.1,439.25,438.85,439.15,17115,ITC
2025-05-20 12:37:00+05:30,439.0,439.2,438.85,439.1,17413,ITC
2025-05-20 12:38:00+05:30,439.1,439.2,438.9,439.15,12649,ITC
2025-05-20 12:39:00+05:30,439.15,439.2,438.95,439.15,14718,ITC
2025-05-20 12:40:00+05:30,439.1,439.2,438.9,439.1,12047,ITC
2025-05-20 12:41:00+05:30,439.1,439.2,438.95,439.1,16346,ITC
2025-05-20 12:42:00+05:30,439.0,439.15,438.9,439.1,9642,ITC
2025-05-20 12:43:00+05:30,439.05,439.2,438.9,439.0,82319,ITC
2025-05-20 12:44:00+05:30,439.05,439.15,438.7,439.0,22059,ITC
2025-05-20 12:45:00+05:30,438.95,439.05,438.75,439.0,12165,ITC
2025-05-20 12:46:00+05:30,438.95,439.05,438.75,438.95,21623,ITC
2025-05-20 12:47:00+05:30,438.85,439.0,438.75,438.9,17413,ITC
2025-05-20 12:48:00+05:30,438.9,438.95,438.25,438.35,37866,ITC
2025-05-20 12:49:00+05:30,438.4,438.4,438.0,438.1,31536,ITC
2025-05-20 12:50:00+05:30,438.0,438.15,437.8,437.8,36436,ITC
2025-05-20 12:51:00+05:30,437.8,437.95,437.25,437.45,46155,ITC
2025-05-20 12:52:00+05:30,437.45,437.7,437.0,437.1,52986,ITC
2025-05-20 12:53:00+05:30,437.1,437.45,437.0,437.3,41415,ITC
2025-05-20 12:54:00+05:30,437.25,437.4,437.1,437.4,19120,ITC
2025-05-20 12:55:00+05:30,437.35,437.45,437.15,437.35,28356,ITC
2025-05-20 12:56:00+05:30,437.35,437.35,436.6,436.7,37285,ITC
2025-05-20 12:57:00+05:30,436.75,436.9,436.5,436.55,44594,ITC
2025-05-20 12:58:00+05:30,436.55,436.7,436.1,436.1,52828,ITC
2025-05-20 12:59:00+05:30,436.1,436.3,436.0,436.3,38849,ITC
2025-05-20 13:00:00+05:30,436.3,436.4,436.15,436.35,18063,ITC
2025-05-20 13:01:00+05:30,436.3,436.45,436.1,436.25,21719,ITC
2025-05-20 13:02:00+05:30,436.3,436.6,436.15,436.45,24904,ITC
2025-05-20 13:03:00+05:30,436.4,436.55,436.25,436.45,13960,ITC
2025-05-20 13:04:00+05:30,436.5,436.65,436.15,436.2,60594,ITC
2025-05-20 13:05:00+05:30,436.15,436.35,436.05,436.3,27721,ITC
2025-05-20 13:06:00+05:30,436.3,436.5,436.1,436.2,17038,ITC
2025-05-20 13:07:00+05:30,436.3,436.3,435.6,435.8,66157,ITC
2025-05-20 13:08:00+05:30,435.9,435.95,435.5,435.6,50839,ITC
2025-05-20 13:09:00+05:30,435.65,435.75,435.35,435.45,20718,ITC
2025-05-20 13:10:00+05:30,435.5,435.75,435.45,435.75,22699,ITC
2025-05-20 13:11:00+05:30,435.7,435.75,435.35,435.4,15197,ITC
2025-05-20 13:12:00+05:30,435.4,435.55,435.3,435.45,28521,ITC
2025-05-20 13:13:00+05:30,435.4,435.75,435.4,435.75,17001,ITC
2025-05-20 13:14:00+05:30,435.6,435.8,435.5,435.5,14348,ITC
2025-05-20 13:15:00+05:30,435.7,435.75,435.5,435.6,11611,ITC
2025-05-20 13:16:00+05:30,435.6,435.65,435.4,435.65,8440,ITC
2025-05-20 13:17:00+05:30,435.65,435.75,435.55,435.65,14168,ITC
2025-05-20 13:18:00+05:30,435.65,435.7,435.1,435.25,61343,ITC
2025-05-20 13:19:00+05:30,435.25,435.45,435.1,435.15,41343,ITC
2025-05-20 13:20:00+05:30,435.25,435.45,435.1,435.25,13953,ITC
2025-05-20 13:21:00+05:30,435.2,435.3,435.05,435.25,18587,ITC
2025-05-20 13:22:00+05:30,435.2,435.3,435.0,435.15,29256,ITC
2025-05-20 13:23:00+05:30,435.2,435.5,435.0,435.05,47824,ITC
2025-05-20 13:24:00+05:30,435.05,435.15,434.65,434.8,57394,ITC
2025-05-20 13:25:00+05:30,434.75,434.95,434.55,434.9,18882,ITC
2025-05-20 13:26:00+05:30,434.85,434.95,434.6,434.9,17724,ITC
2025-05-20 13:27:00+05:30,434.8,435.1,434.6,434.85,32433,ITC
2025-05-20 13:28:00+05:30,434.75,435.05,434.6,434.6,35166,ITC
2025-05-20 13:29:00+05:30,434.75,434.95,434.55,434.75,25713,ITC
2025-05-20 13:30:00+05:30,434.7,434.95,434.6,434.65,17258,ITC
2025-05-20 13:31:00+05:30,434.6,434.9,434.45,434.6,33806,ITC
2025-05-20 13:32:00+05:30,434.6,434.9,434.5,434.9,13107,ITC
2025-05-20 13:33:00+05:30,434.9,435.0,434.65,434.85,13289,ITC
2025-05-20 13:34:00+05:30,434.85,435.25,434.6,435.25,30898,ITC
2025-05-20 13:35:00+05:30,435.25,435.4,434.85,435.05,22272,ITC
2025-05-20 13:36:00+05:30,435.05,435.25,434.8,434.9,20837,ITC
2025-05-20 13:37:00+05:30,434.9,435.05,434.8,434.9,8913,ITC
2025-05-20 13:38:00+05:30,434.9,435.05,434.7,434.8,11266,ITC
2025-05-20 13:39:00+05:30,434.75,435.0,434.7,434.95,8554,ITC
2025-05-20 13:40:00+05:30,434.9,434.95,434.7,434.8,13275,ITC
2025-05-20 13:41:00+05:30,434.7,434.85,434.6,434.6,20818,ITC
2025-05-20 13:42:00+05:30,434.75,434.75,434.1,434.1,60409,ITC
2025-05-20 13:43:00+05:30,434.05,434.6,434.05,434.55,13636,ITC
2025-05-20 13:44:00+05:30,434.5,434.95,434.5,434.95,12827,ITC
2025-05-20 13:45:00+05:30,434.9,434.9,434.45,434.55,13330,ITC
2025-05-20 13:46:00+05:30,434.55,434.55,434.05,434.3,45321,ITC
2025-05-20 13:47:00+05:30,434.25,434.5,434.05,434.45,34268,ITC
2025-05-20 13:48:00+05:30,434.25,434.5,434.2,434.35,10418,ITC
2025-05-20 13:49:00+05:30,434.35,434.5,434.05,434.3,27362,ITC
2025-05-20 13:50:00+05:30,434.2,434.6,434.15,434.6,13311,ITC
2025-05-20 13:51:00+05:30,434.55,434.9,434.55,434.65,15241,ITC
2025-05-20 13:52:00+05:30,434.6,435.1,434.45,435.0,39987,ITC
2025-05-20 13:53:00+05:30,435.0,435.35,435.0,435.05,15790,ITC
2025-05-20 13:54:00+05:30,435.05,435.3,435.0,435.3,16296,ITC
2025-05-20 13:55:00+05:30,435.2,435.35,435.0,435.15,17975,ITC
2025-05-20 13:56:00+05:30,435.15,435.35,435.05,435.15,12206,ITC
2025-05-20 13:57:00+05:30,435.05,435.15,434.9,435.0,37312,ITC
2025-05-20 13:58:00+05:30,434.9,435.2,434.9,435.05,33159,ITC
2025-05-20 13:59:00+05:30,435.0,435.1,434.9,435.1,20414,ITC
2025-05-20 14:00:00+05:30,435.0,435.15,434.9,435.1,20891,ITC
2025-05-20 14:01:00+05:30,435.0,435.15,434.8,435.0,15917,ITC
2025-05-20 14:02:00+05:30,435.0,435.15,434.85,435.15,10903,ITC
2025-05-20 14:03:00+05:30,435.0,435.2,434.9,435.15,9435,ITC
2025-05-20 14:04:00+05:30,435.1,435.35,435.0,435.3,12321,ITC
2025-05-20 14:05:00+05:30,435.2,435.3,435.0,435.15,10694,ITC
2025-05-20 14:06:00+05:30,435.1,435.2,434.8,434.9,14671,ITC
2025-05-20 14:07:00+05:30,434.85,435.25,434.85,435.25,12153,ITC
2025-05-20 14:08:00+05:30,435.1,435.3,435.0,435.2,14545,ITC
2025-05-20 14:09:00+05:30,435.2,435.4,434.9,435.35,14297,ITC
2025-05-20 14:10:00+05:30,435.4,435.4,435.0,435.15,14367,ITC
2025-05-20 14:11:00+05:30,435.1,435.3,435.1,435.15,17659,ITC
2025-05-20 14:12:00+05:30,435.1,435.4,435.05,435.4,15038,ITC
2025-05-20 14:13:00+05:30,435.4,435.4,435.05,435.3,24626,ITC
2025-05-20 14:14:00+05:30,435.15,435.4,435.1,435.2,20358,ITC
2025-05-20 14:15:00+05:30,435.35,435.4,435.15,435.35,15080,ITC
2025-05-20 14:16:00+05:30,435.3,435.55,435.15,435.3,19881,ITC
2025-05-20 14:17:00+05:30,435.15,435.45,434.95,435.15,58622,ITC
2025-05-20 14:18:00+05:30,435.15,435.45,435.1,435.35,17507,ITC
2025-05-20 14:19:00+05:30,435.35,435.35,435.1,435.3,15233,ITC
2025-05-20 14:20:00+05:30,435.3,435.4,435.0,435.25,28037,ITC
2025-05-20 14:21:00+05:30,435.15,435.35,435.0,435.05,67095,ITC
2025-05-20 14:22:00+05:30,435.05,435.35,435.0,435.3,26378,ITC
2025-05-20 14:23:00+05:30,435.35,435.7,435.3,435.45,22545,ITC
2025-05-20 14:24:00+05:30,435.5,435.6,435.1,435.2,26894,ITC
2025-05-20 14:25:00+05:30,435.1,435.45,435.05,435.05,31008,ITC
2025-05-20 14:26:00+05:30,435.15,435.2,435.0,435.15,14103,ITC
2025-05-20 14:27:00+05:30,435.0,435.25,435.0,435.15,16397,ITC
2025-05-20 14:28:00+05:30,435.2,435.25,434.5,434.65,50494,ITC
2025-05-20 14:29:00+05:30,434.65,434.85,434.0,434.15,97121,ITC
2025-05-20 14:30:00+05:30,434.05,434.05,432.9,433.15,173341,ITC
2025-05-20 14:31:00+05:30,433.15,434.25,433.1,434.1,117232,ITC
2025-05-20 14:32:00+05:30,434.25,434.45,434.0,434.05,134011,ITC
2025-05-20 14:33:00+05:30,434.0,434.5,434.0,434.45,32230,ITC
2025-05-20 14:34:00+05:30,434.4,434.8,434.35,434.75,29191,ITC
2025-05-20 14:35:00+05:30,434.65,434.75,434.5,434.6,16385,ITC
2025-05-20 14:36:00+05:30,434.7,434.9,434.5,434.8,36405,ITC
2025-05-20 14:37:00+05:30,434.7,434.95,434.5,434.6,16440,ITC
2025-05-20 14:38:00+05:30,434.6,434.8,434.5,434.55,26433,ITC
2025-05-20 14:39:00+05:30,434.7,434.95,434.5,434.9,20671,ITC
2025-05-20 14:40:00+05:30,434.9,434.95,434.55,434.6,27314,ITC
2025-05-20 14:41:00+05:30,434.6,434.7,434.05,434.5,31897,ITC
2025-05-20 14:42:00+05:30,434.45,434.65,434.2,434.45,17924,ITC
2025-05-20 14:43:00+05:30,434.2,434.45,433.9,434.0,27133,ITC
2025-05-20 14:44:00+05:30,434.0,434.3,433.8,434.1,21868,ITC
2025-05-20 14:45:00+05:30,434.05,434.3,434.0,434.15,14801,ITC
2025-05-20 14:46:00+05:30,434.2,434.4,434.0,434.15,11935,ITC
2025-05-20 14:47:00+05:30,434.2,434.5,434.05,434.4,14644,ITC
2025-05-20 14:48:00+05:30,434.45,434.65,434.3,434.45,12782,ITC
2025-05-20 14:49:00+05:30,434.4,434.7,434.0,434.35,42415,ITC
2025-05-20 14:50:00+05:30,434.4,434.45,434.1,434.4,16154,ITC
2025-05-20 14:51:00+05:30,434.35,434.5,434.2,434.45,16073,ITC
2025-05-20 14:52:00+05:30,434.45,434.6,434.05,434.6,17668,ITC
2025-05-20 14:53:00+05:30,434.6,434.8,434.2,434.75,40534,ITC
2025-05-20 14:54:00+05:30,434.7,434.8,434.45,434.55,39090,ITC
2025-05-20 14:55:00+05:30,434.5,434.85,434.45,434.85,50014,ITC
2025-05-20 14:56:00+05:30,434.85,434.9,434.45,434.75,32869,ITC
2025-05-20 14:57:00+05:30,434.75,434.95,434.55,434.75,77886,ITC
2025-05-20 14:58:00+05:30,434.75,435.0,434.7,435.0,48364,ITC
2025-05-20 14:59:00+05:30,435.0,435.1,434.95,435.0,44575,ITC
2025-05-20 15:00:00+05:30,435.0,435.2,434.7,434.85,78133,ITC
2025-05-20 15:01:00+05:30,434.85,434.95,434.6,434.8,36903,ITC
2025-05-20 15:02:00+05:30,434.8,435.35,434.7,435.2,47842,ITC
2025-05-20 15:03:00+05:30,435.35,435.5,434.6,434.7,46119,ITC
2025-05-20 15:04:00+05:30,434.7,435.2,434.6,435.15,40675,ITC
2025-05-20 15:05:00+05:30,435.2,435.2,434.75,435.0,31456,ITC
2025-05-20 15:06:00+05:30,435.0,435.2,434.95,435.0,26909,ITC
2025-05-20 15:07:00+05:30,435.05,435.3,434.9,435.2,39287,ITC
2025-05-20 15:08:00+05:30,435.2,435.2,434.85,434.85,34467,ITC
2025-05-20 15:09:00+05:30,434.95,434.95,434.6,434.9,46447,ITC
2025-05-20 15:10:00+05:30,434.95,435.05,434.85,435.0,31330,ITC
2025-05-20 15:11:00+05:30,435.0,435.1,434.85,434.95,61999,ITC
2025-05-20 15:12:00+05:30,434.95,435.35,434.9,435.1,73993,ITC
2025-05-20 15:13:00+05:30,435.1,435.2,434.95,435.2,58755,ITC
2025-05-20 15:14:00+05:30,435.15,435.25,434.7,434.9,95263,ITC
2025-05-20 15:15:00+05:30,434.95,434.95,434.55,434.8,55030,ITC
2025-05-20 15:16:00+05:30,434.7,434.95,434.6,434.9,40644,ITC
2025-05-20 15:17:00+05:30,434.85,434.95,434.3,434.45,80729,ITC
2025-05-20 15:18:00+05:30,434.5,434.5,434.05,434.35,88316,ITC
2025-05-20 15:19:00+05:30,434.35,434.45,434.2,434.35,55108,ITC
2025-05-20 15:20:00+05:30,434.4,434.95,434.3,434.4,166805,ITC
2025-05-20 15:21:00+05:30,434.4,435.05,434.4,434.85,82155,ITC
2025-05-20 15:22:00+05:30,434.85,435.15,434.75,435.1,32382,ITC
2025-05-20 15:23:00+05:30,435.15,435.15,435.0,435.05,32443,ITC
2025-05-20 15:24:00+05:30,435.0,435.05,434.9,434.9,39736,ITC
2025-05-20 15:25:00+05:30,434.95,435.0,434.85,434.85,24394,ITC
2025-05-20 15:26:00+05:30,434.95,435.55,434.85,435.3,95502,ITC
2025-05-20 15:27:00+05:30,435.35,435.7,435.1,435.35,42189,ITC
2025-05-20 15:28:00+05:30,435.1,435.35,435.0,435.15,20638,ITC
2025-05-20 15:29:00+05:30,435.2,435.45,434.4,435.4,24087,ITC
2025-05-21 09:15:00+05:30,436.6,436.7,435.6,436.05,63553,ITC
2025-05-21 09:16:00+05:30,436.05,436.5,435.7,435.9,53450,ITC
2025-05-21 09:17:00+05:30,436.1,436.15,435.4,435.6,40381,ITC
2025-05-21 09:18:00+05:30,435.45,435.6,435.05,435.3,20365,ITC
2025-05-21 09:19:00+05:30,435.3,435.5,434.9,435.45,19726,ITC
2025-05-21 09:20:00+05:30,435.35,435.8,435.3,435.35,21037,ITC
2025-05-21 09:21:00+05:30,435.35,435.65,435.3,435.5,6518,ITC
2025-05-21 09:22:00+05:30,435.55,436.3,435.5,436.15,9900,ITC
2025-05-21 09:23:00+05:30,436.05,436.45,435.65,435.75,51032,ITC
2025-05-21 09:24:00+05:30,435.95,435.95,435.3,435.75,12126,ITC
2025-05-21 09:25:00+05:30,435.65,435.95,435.55,435.9,9452,ITC
2025-05-21 09:26:00+05:30,435.9,436.1,435.8,436.0,5263,ITC
2025-05-21 09:27:00+05:30,436.0,436.25,435.85,436.2,7332,ITC
2025-05-21 09:28:00+05:30,436.2,436.3,435.45,435.7,26166,ITC
2025-05-21 09:29:00+05:30,435.7,435.95,435.6,435.8,5789,ITC
2025-05-21 09:30:00+05:30,435.8,436.1,435.65,436.05,3122,ITC
2025-05-21 09:31:00+05:30,435.85,436.05,435.6,435.85,6287,ITC
2025-05-21 09:32:00+05:30,435.85,435.85,435.5,435.55,6216,ITC
2025-05-21 09:33:00+05:30,435.55,435.8,435.5,435.75,2359,ITC
2025-05-21 09:34:00+05:30,435.75,436.0,435.6,435.95,4497,ITC
2025-05-21 09:35:00+05:30,435.95,436.0,435.75,435.75,4358,ITC
2025-05-21 09:36:00+05:30,435.9,435.95,435.25,435.5,14699,ITC
2025-05-21 09:37:00+05:30,435.5,436.05,435.35,435.8,9137,ITC
2025-05-21 09:38:00+05:30,435.95,436.15,435.75,436.1,3823,ITC
2025-05-21 09:39:00+05:30,436.15,436.45,435.9,436.2,13323,ITC
2025-05-21 09:40:00+05:30,436.2,436.35,436.05,436.2,4708,ITC
2025-05-21 09:41:00+05:30,436.05,436.5,436.05,436.5,9260,ITC
2025-05-21 09:42:00+05:30,436.35,436.5,436.25,436.3,1971,ITC
2025-05-21 09:43:00+05:30,436.45,436.5,436.0,436.05,41167,ITC
2025-05-21 09:44:00+05:30,436.05,436.25,435.8,435.95,4231,ITC
2025-05-21 09:45:00+05:30,435.85,436.25,435.85,436.15,10633,ITC
2025-05-21 09:46:00+05:30,435.95,436.45,435.85,435.85,11368,ITC
2025-05-21 09:47:00+05:30,435.95,436.25,435.95,436.2,4769,ITC
2025-05-21 09:48:00+05:30,436.15,436.45,436.0,436.25,4378,ITC
2025-05-21 09:49:00+05:30,436.25,436.65,436.2,436.5,10527,ITC
2025-05-21 09:50:00+05:30,436.5,436.5,436.05,436.4,7597,ITC
2025-05-21 09:51:00+05:30,436.35,436.5,436.2,436.45,3483,ITC
2025-05-21 09:52:00+05:30,436.3,436.6,436.25,436.45,3536,ITC
2025-05-21 09:53:00+05:30,436.5,436.8,436.4,436.6,8934,ITC
2025-05-21 09:54:00+05:30,436.55,436.75,436.5,436.6,3644,ITC
2025-05-21 09:55:00+05:30,436.7,436.8,436.55,436.55,7942,ITC
2025-05-21 09:56:00+05:30,436.55,436.65,436.1,436.1,24235,ITC
2025-05-21 09:57:00+05:30,436.2,436.25,436.0,436.05,2668,ITC
2025-05-21 09:58:00+05:30,436.2,436.4,435.9,436.3,8839,ITC
2025-05-21 09:59:00+05:30,436.15,436.3,435.65,436.0,13463,ITC
2025-05-21 10:00:00+05:30,435.85,436.0,435.6,435.7,12287,ITC
2025-05-21 10:01:00+05:30,435.7,435.9,435.5,435.85,20471,ITC
2025-05-21 10:02:00+05:30,435.85,435.95,435.7,435.9,3607,ITC
2025-05-21 10:03:00+05:30,435.8,435.9,435.6,435.65,4480,ITC
2025-05-21 10:04:00+05:30,435.75,435.95,435.65,435.95,4239,ITC
2025-05-21 10:05:00+05:30,435.95,435.95,435.45,435.65,11918,ITC
2025-05-21 10:06:00+05:30,435.5,435.85,435.05,435.8,12947,ITC
2025-05-21 10:07:00+05:30,435.75,435.95,435.6,435.95,3557,ITC
2025-05-21 10:08:00+05:30,435.9,435.9,435.65,435.85,2214,ITC
2025-05-21 10:09:00+05:30,435.9,436.25,435.8,436.05,21283,ITC
2025-05-21 10:10:00+05:30,436.05,436.25,436.0,436.1,1905,ITC
2025-05-21 10:11:00+05:30,436.15,436.15,435.8,435.8,2191,ITC
2025-05-21 10:12:00+05:30,435.95,436.05,435.7,435.85,4441,ITC
2025-05-21 10:13:00+05:30,436.0,436.2,435.85,436.1,10208,ITC
2025-05-21 10:14:00+05:30,435.9,436.25,435.9,436.15,3642,ITC
2025-05-21 10:15:00+05:30,436.2,436.8,436.15,436.6,26025,ITC
2025-05-21 10:16:00+05:30,436.75,437.5,436.6,437.35,37704,ITC
2025-05-21 10:17:00+05:30,437.35,437.35,437.05,437.2,6576,ITC
2025-05-21 10:18:00+05:30,437.1,437.2,437.05,437.15,10800,ITC
2025-05-21 10:19:00+05:30,437.05,437.2,437.05,437.1,4659,ITC
2025-05-21 10:20:00+05:30,437.1,437.25,437.0,437.1,20052,ITC
2025-05-21 10:21:00+05:30,437.1,437.1,436.7,436.85,17032,ITC
2025-05-21 10:22:00+05:30,437.05,437.1,436.85,436.9,2017,ITC
2025-05-21 10:23:00+05:30,437.0,437.0,436.4,436.65,13005,ITC
2025-05-21 10:24:00+05:30,436.85,436.9,436.5,436.55,18429,ITC
2025-05-21 10:25:00+05:30,436.7,436.8,436.5,436.65,10244,ITC
2025-05-21 10:26:00+05:30,436.85,436.9,436.45,436.7,26767,ITC
2025-05-21 10:27:00+05:30,436.7,436.8,436.5,436.8,4168,ITC
2025-05-21 10:28:00+05:30,436.8,436.8,436.25,436.45,11534,ITC
2025-05-21 10:29:00+05:30,436.45,436.5,436.35,436.5,1105,ITC
2025-05-21 10:30:00+05:30,436.5,436.6,436.5,436.6,2790,ITC
2025-05-21 10:31:00+05:30,436.5,436.6,436.4,436.45,3545,ITC
2025-05-21 10:32:00+05:30,436.4,436.65,436.4,436.65,2930,ITC
2025-05-21 10:33:00+05:30,436.6,436.8,436.45,436.75,4094,ITC
2025-05-21 10:34:00+05:30,436.8,436.9,436.75,436.85,2286,ITC
2025-05-21 10:35:00+05:30,436.8,437.5,436.8,437.5,34399,ITC
2025-05-21 10:36:00+05:30,437.4,437.7,437.4,437.55,29185,ITC
2025-05-21 10:37:00+05:30,437.55,437.7,437.55,437.65,4302,ITC
2025-05-21 10:38:00+05:30,437.7,437.8,437.3,437.8,28465,ITC
2025-05-21 10:39:00+05:30,437.7,438.15,437.7,438.0,57609,ITC
2025-05-21 10:40:00+05:30,438.05,438.2,437.6,437.6,94967,ITC
2025-05-21 10:41:00+05:30,437.6,437.9,437.6,437.75,1545,ITC
2025-05-21 10:42:00+05:30,437.85,438.1,437.6,437.75,102279,ITC
2025-05-21 10:43:00+05:30,437.8,438.0,437.55,437.7,92039,ITC
2025-05-21 10:44:00+05:30,437.85,437.9,437.1,437.4,27549,ITC
2025-05-21 10:45:00+05:30,437.45,438.05,437.35,437.75,144265,ITC
2025-05-21 10:46:00+05:30,437.65,438.0,437.5,437.75,13571,ITC
2025-05-21 10:47:00+05:30,437.9,437.95,437.6,437.6,4252,ITC
2025-05-21 10:48:00+05:30,437.7,437.7,437.4,437.7,26210,ITC
2025-05-21 10:49:00+05:30,437.55,437.7,437.35,437.55,12939,ITC
2025-05-21 10:50:00+05:30,437.5,437.75,437.45,437.55,4940,ITC
2025-05-21 10:51:00+05:30,437.7,437.8,437.55,437.65,2615,ITC
2025-05-21 10:52:00+05:30,437.7,437.7,437.35,437.35,18640,ITC
2025-05-21 10:53:00+05:30,437.4,437.7,437.35,437.55,27076,ITC
2025-05-21 10:54:00+05:30,437.65,437.65,437.4,437.55,27221,ITC
2025-05-21 10:55:00+05:30,437.55,437.8,437.55,437.75,14984,ITC
2025-05-21 10:56:00+05:30,437.6,437.75,437.55,437.6,22669,ITC
2025-05-21 10:57:00+05:30,437.55,437.65,437.4,437.4,23186,ITC
2025-05-21 10:58:00+05:30,437.45,437.5,437.25,437.45,11516,ITC
2025-05-21 10:59:00+05:30,437.45,437.65,437.4,437.45,7721,ITC
2025-05-21 11:00:00+05:30,437.5,437.5,437.3,437.3,17015,ITC
2025-05-21 11:01:00+05:30,437.35,437.5,437.3,437.35,9154,ITC
2025-05-21 11:02:00+05:30,437.35,437.35,436.7,436.7,24377,ITC
2025-05-21 11:03:00+05:30,436.8,437.35,436.5,437.1,102825,ITC
2025-05-21 11:04:00+05:30,437.3,437.5,436.85,436.85,71600,ITC
2025-05-21 11:05:00+05:30,436.8,437.05,436.4,436.4,11966,ITC
2025-05-21 11:06:00+05:30,436.55,436.7,436.3,436.7,14551,ITC
2025-05-21 11:07:00+05:30,436.7,436.8,436.55,436.8,2934,ITC
2025-05-21 11:08:00+05:30,436.8,437.0,436.65,436.95,6919,ITC
2025-05-21 11:09:00+05:30,436.95,437.35,436.8,437.3,4287,ITC
2025-05-21 11:10:00+05:30,437.3,437.5,437.0,437.45,51564,ITC
2025-05-21 11:11:00+05:30,437.45,437.45,437.15,437.3,4121,ITC
2025-05-21 11:12:00+05:30,437.25,437.25,437.05,437.05,6117,ITC
2025-05-21 11:13:00+05:30,437.1,437.2,437.0,437.05,8699,ITC
2025-05-21 11:14:00+05:30,437.05,437.05,436.6,436.75,8587,ITC
2025-05-21 11:15:00+05:30,436.7,436.85,436.6,436.65,10677,ITC
2025-05-21 11:16:00+05:30,436.6,436.8,436.6,436.65,6399,ITC
2025-05-21 11:17:00+05:30,436.75,436.75,436.6,436.7,5896,ITC
2025-05-21 11:18:00+05:30,436.65,436.8,436.65,436.7,2569,ITC
2025-05-21 11:19:00+05:30,436.8,436.8,436.65,436.7,2511,ITC
2025-05-21 11:20:00+05:30,436.7,436.8,436.7,436.75,2813,ITC
2025-05-21 11:21:00+05:30,436.8,436.8,436.7,436.7,2155,ITC
2025-05-21 11:22:00+05:30,436.75,436.75,436.7,436.75,1602,ITC
2025-05-21 11:23:00+05:30,436.7,436.75,436.6,436.65,5763,ITC
2025-05-21 11:24:00+05:30,436.6,436.65,436.55,436.65,1864,ITC
2025-05-21 11:25:00+05:30,436.55,436.65,436.4,436.55,2854,ITC
2025-05-21 11:26:00+05:30,436.55,436.55,436.4,436.4,2832,ITC
2025-05-21 11:27:00+05:30,436.45,436.75,436.4,436.75,10492,ITC
2025-05-21 11:28:00+05:30,436.75,436.75,436.6,436.7,3059,ITC
2025-05-21 11:29:00+05:30,436.65,436.7,436.55,436.7,3660,ITC
2025-05-21 11:30:00+05:30,436.7,436.7,436.2,436.35,33456,ITC
2025-05-21 11:31:00+05:30,436.3,436.3,436.1,436.2,8962,ITC
2025-05-21 11:32:00+05:30,436.2,436.25,435.6,435.8,20989,ITC
2025-05-21 11:33:00+05:30,435.8,436.0,435.75,435.9,4872,ITC
2025-05-21 11:34:00+05:30,435.8,435.9,435.7,435.8,2606,ITC
2025-05-21 11:35:00+05:30,435.8,435.8,435.55,435.55,7347,ITC
2025-05-21 11:36:00+05:30,435.7,435.7,435.55,435.55,2756,ITC
2025-05-21 11:37:00+05:30,435.6,435.8,435.55,435.6,3703,ITC
2025-05-21 11:38:00+05:30,435.65,435.85,435.55,435.6,9076,ITC
2025-05-21 11:39:00+05:30,435.6,435.8,435.4,435.4,11136,ITC
2025-05-21 11:40:00+05:30,435.5,435.8,435.4,435.5,3798,ITC
2025-05-21 11:41:00+05:30,435.5,435.8,435.2,435.75,46828,ITC
2025-05-21 11:42:00+05:30,435.8,435.8,435.4,435.4,8855,ITC
2025-05-21 11:43:00+05:30,435.5,435.8,435.35,435.6,5151,ITC
2025-05-21 11:44:00+05:30,435.8,435.8,435.6,435.8,4121,ITC
2025-05-21 11:45:00+05:30,435.75,435.8,435.6,435.65,3536,ITC
2025-05-21 11:46:00+05:30,435.65,435.8,435.65,435.8,5603,ITC
2025-05-21 11:47:00+05:30,435.75,435.8,435.65,435.7,7322,ITC
2025-05-21 11:48:00+05:30,435.75,435.75,435.5,435.5,4594,ITC
2025-05-21 11:49:00+05:30,435.5,435.7,435.5,435.65,5304,ITC
2025-05-21 11:50:00+05:30,435.5,435.65,435.25,435.3,4095,ITC
2025-05-21 11:51:00+05:30,435.2,435.5,435.15,435.45,8853,ITC
2025-05-21 11:52:00+05:30,435.35,435.6,435.35,435.6,2755,ITC
2025-05-21 11:53:00+05:30,435.6,435.6,435.5,435.6,4673,ITC
2025-05-21 11:54:00+05:30,435.55,435.7,435.5,435.5,4186,ITC
2025-05-21 11:55:00+05:30,435.5,435.7,435.5,435.65,4096,ITC
2025-05-21 11:56:00+05:30,435.5,435.7,435.4,435.45,3728,ITC
2025-05-21 11:57:00+05:30,435.45,435.8,435.45,435.8,2212,ITC
2025-05-21 11:58:00+05:30,435.65,435.9,435.6,435.8,7728,ITC
2025-05-21 11:59:00+05:30,435.8,435.95,435.75,435.85,1361,ITC
2025-05-21 12:00:00+05:30,435.85,435.9,435.5,435.5,4549,ITC
2025-05-21 12:01:00+05:30,435.5,435.7,435.2,435.2,6536,ITC
2025-05-21 12:02:00+05:30,435.25,435.25,435.2,435.2,2482,ITC
2025-05-21 12:03:00+05:30,435.2,435.25,434.8,434.8,41629,ITC
2025-05-21 12:04:00+05:30,435.0,435.0,434.8,434.9,3292,ITC
2025-05-21 12:05:00+05:30,434.95,435.0,434.8,434.85,14256,ITC
2025-05-21 12:06:00+05:30,435.0,435.0,434.95,435.0,2591,ITC
2025-05-21 12:07:00+05:30,435.0,435.3,434.95,435.1,37450,ITC
2025-05-21 12:08:00+05:30,435.3,435.3,435.0,435.25,3067,ITC
2025-05-21 12:09:00+05:30,435.25,435.3,435.15,435.2,4991,ITC
2025-05-21 12:10:00+05:30,435.2,435.35,434.6,434.65,32176,ITC
2025-05-21 12:11:00+05:30,434.6,434.9,434.5,434.6,15426,ITC
2025-05-21 12:12:00+05:30,434.75,434.8,434.3,434.3,5961,ITC
2025-05-21 12:13:00+05:30,434.35,434.5,434.1,434.35,6734,ITC
2025-05-21 12:14:00+05:30,434.45,434.5,434.3,434.5,4912,ITC
2025-05-21 12:15:00+05:30,434.5,434.6,433.65,434.05,43305,ITC
2025-05-21 12:16:00+05:30,434.0,434.0,433.2,433.8,20690,ITC
2025-05-21 12:17:00+05:30,433.85,433.9,433.4,433.4,12758,ITC
2025-05-21 12:18:00+05:30,433.35,433.85,433.2,433.4,14745,ITC
2025-05-21 12:19:00+05:30,433.45,433.8,433.35,433.75,12522,ITC
2025-05-21 12:20:00+05:30,433.75,434.25,433.55,434.2,8570,ITC
2025-05-21 12:21:00+05:30,434.2,434.65,434.05,434.5,16049,ITC
2025-05-21 12:22:00+05:30,434.5,434.75,434.3,434.75,2827,ITC
2025-05-21 12:23:00+05:30,434.75,434.75,434.45,434.6,4215,ITC
2025-05-21 12:24:00+05:30,434.6,434.65,434.45,434.65,3513,ITC
2025-05-21 12:25:00+05:30,434.55,434.65,434.5,434.65,2635,ITC
2025-05-21 12:26:00+05:30,434.65,434.65,433.7,433.85,17434,ITC
2025-05-21 12:27:00+05:30,433.85,433.95,433.3,433.9,8238,ITC
2025-05-21 12:28:00+05:30,433.9,433.9,433.65,433.85,3913,ITC
2025-05-21 12:29:00+05:30,433.85,434.0,433.65,433.85,4113,ITC
2025-05-21 12:30:00+05:30,434.0,434.15,433.85,434.0,3627,ITC
2025-05-21 12:31:00+05:30,434.15,434.45,434.05,434.1,8714,ITC
2025-05-21 12:32:00+05:30,434.35,434.35,434.05,434.2,4587,ITC
2025-05-21 12:33:00+05:30,434.2,434.3,434.1,434.1,10179,ITC
2025-05-21 12:34:00+05:30,434.3,434.3,434.1,434.3,2963,ITC
2025-05-21 12:35:00+05:30,434.3,434.5,434.2,434.5,4049,ITC
2025-05-21 12:36:00+05:30,434.5,434.85,434.35,434.8,6754,ITC
2025-05-21 12:37:00+05:30,434.8,434.95,434.6,434.95,4734,ITC
2025-05-21 12:38:00+05:30,434.9,434.9,434.6,434.85,9173,ITC
2025-05-21 12:39:00+05:30,434.8,434.8,434.55,434.7,2272,ITC
2025-05-21 12:40:00+05:30,434.7,434.9,434.6,434.8,5912,ITC
2025-05-21 12:41:00+05:30,434.85,434.9,434.8,434.85,4638,ITC
2025-05-21 12:42:00+05:30,434.9,434.9,434.7,434.75,11443,ITC
2025-05-21 12:43:00+05:30,434.75,434.8,434.45,434.55,5887,ITC
2025-05-21 12:44:00+05:30,434.5,434.6,434.35,434.55,3703,ITC
2025-05-21 12:45:00+05:30,434.6,434.65,434.35,434.5,3156,ITC
2025-05-21 12:46:00+05:30,434.6,434.6,434.1,434.3,9655,ITC
2025-05-21 12:47:00+05:30,434.25,434.3,433.9,434.1,22189,ITC
2025-05-21 12:48:00+05:30,434.25,434.3,434.1,434.3,3971,ITC
2025-05-21 12:49:00+05:30,434.25,434.3,434.05,434.3,2460,ITC
2025-05-21 12:50:00+05:30,434.3,434.3,434.15,434.2,3572,ITC
2025-05-21 12:51:00+05:30,434.2,434.25,434.15,434.25,2619,ITC
2025-05-21 12:52:00+05:30,434.25,434.25,434.05,434.05,7205,ITC
2025-05-21 12:53:00+05:30,434.2,434.25,434.0,434.25,8008,ITC
2025-05-21 12:54:00+05:30,434.25,434.3,434.0,434.1,6561,ITC
2025-05-21 12:55:00+05:30,434.1,434.1,434.05,434.1,2528,ITC
2025-05-21 12:56:00+05:30,434.1,434.3,434.05,434.3,7562,ITC
2025-05-21 12:57:00+05:30,434.3,434.45,434.25,434.45,8185,ITC
2025-05-21 12:58:00+05:30,434.45,434.45,434.3,434.45,3740,ITC
2025-05-21 12:59:00+05:30,434.45,434.6,434.3,434.6,5072,ITC
2025-05-21 13:00:00+05:30,434.6,434.75,434.5,434.75,2523,ITC
2025-05-21 13:01:00+05:30,434.75,434.75,434.35,434.35,9977,ITC
2025-05-21 13:02:00+05:30,434.6,434.6,434.35,434.6,2284,ITC
2025-05-21 13:03:00+05:30,434.6,434.65,434.4,434.45,5647,ITC
2025-05-21 13:04:00+05:30,434.6,435.0,434.35,434.65,51405,ITC
2025-05-21 13:05:00+05:30,434.65,434.8,434.5,434.5,3590,ITC
2025-05-21 13:06:00+05:30,434.65,434.75,434.5,434.55,2498,ITC
2025-05-21 13:07:00+05:30,434.75,434.75,434.55,434.6,2471,ITC
2025-05-21 13:08:00+05:30,434.7,434.7,434.4,434.55,10861,ITC
2025-05-21 13:09:00+05:30,434.55,434.6,434.4,434.5,1410,ITC
2025-05-21 13:10:00+05:30,434.6,434.6,434.5,434.6,3070,ITC
2025-05-21 13:11:00+05:30,434.6,434.6,434.4,434.4,4937,ITC
2025-05-21 13:12:00+05:30,434.6,434.6,434.4,434.6,1527,ITC
2025-05-21 13:13:00+05:30,434.6,434.6,434.5,434.5,2004,ITC
2025-05-21 13:14:00+05:30,434.6,434.65,434.5,434.6,4177,ITC
2025-05-21 13:15:00+05:30,434.65,434.75,434.6,434.75,4055,ITC
2025-05-21 13:16:00+05:30,434.8,434.85,434.75,434.8,8996,ITC
2025-05-21 13:17:00+05:30,434.8,434.85,434.7,434.85,4684,ITC
2025-05-21 13:18:00+05:30,434.85,435.2,434.75,435.2,27933,ITC
2025-05-21 13:19:00+05:30,435.2,435.3,435.0,435.1,11430,ITC
2025-05-21 13:20:00+05:30,435.1,435.5,435.0,435.3,19816,ITC
2025-05-21 13:21:00+05:30,435.35,435.4,435.1,435.25,8929,ITC
2025-05-21 13:22:00+05:30,435.25,435.3,435.1,435.15,5395,ITC
2025-05-21 13:23:00+05:30,435.15,435.35,435.15,435.3,4299,ITC
2025-05-21 13:24:00+05:30,435.3,435.35,435.15,435.2,4829,ITC
2025-05-21 13:25:00+05:30,435.25,435.35,435.1,435.1,24697,ITC
2025-05-21 13:26:00+05:30,435.15,435.35,435.1,435.2,17741,ITC
2025-05-21 13:27:00+05:30,435.2,435.2,434.65,434.65,31362,ITC
2025-05-21 13:28:00+05:30,434.65,434.85,434.6,434.75,3261,ITC
2025-05-21 13:29:00+05:30,434.75,434.9,434.4,434.4,15260,ITC
2025-05-21 13:30:00+05:30,434.4,434.7,434.35,434.45,4185,ITC
2025-05-21 13:31:00+05:30,434.65,434.9,434.5,434.9,4730,ITC
2025-05-21 13:32:00+05:30,434.9,434.9,434.5,434.65,5514,ITC
2025-05-21 13:33:00+05:30,434.65,434.9,434.6,434.9,3763,ITC
2025-05-21 13:34:00+05:30,434.9,434.9,434.6,434.8,5614,ITC
2025-05-21 13:35:00+05:30,434.8,435.0,434.7,434.95,31568,ITC
2025-05-21 13:36:00+05:30,435.0,435.1,434.5,434.75,68973,ITC
2025-05-21 13:37:00+05:30,434.8,434.95,434.65,434.95,4978,ITC
2025-05-21 13:38:00+05:30,434.9,434.95,434.7,434.75,3394,ITC
2025-05-21 13:39:00+05:30,434.8,434.9,434.4,434.55,37822,ITC
2025-05-21 13:40:00+05:30,434.55,434.6,434.4,434.5,9005,ITC
2025-05-21 13:41:00+05:30,434.5,434.55,434.4,434.4,9508,ITC
2025-05-21 13:42:00+05:30,434.4,434.45,434.1,434.1,26924,ITC
2025-05-21 13:43:00+05:30,434.25,434.25,433.4,433.45,22112,ITC
2025-05-21 13:44:00+05:30,433.75,434.0,433.5,433.6,17250,ITC
2025-05-21 13:45:00+05:30,433.6,434.0,433.45,433.9,5573,ITC
2025-05-21 13:46:00+05:30,433.9,434.15,433.85,434.1,5077,ITC
2025-05-21 13:47:00+05:30,434.15,434.25,434.05,434.15,2704,ITC
2025-05-21 13:48:00+05:30,434.2,434.2,433.75,434.1,19715,ITC
2025-05-21 13:49:00+05:30,434.15,434.2,434.0,434.05,4092,ITC
2025-05-21 13:50:00+05:30,434.1,434.15,433.9,433.95,6759,ITC
2025-05-21 13:51:00+05:30,434.0,434.2,433.9,433.9,5084,ITC
2025-05-21 13:52:00+05:30,433.95,434.3,433.9,434.15,3807,ITC
2025-05-21 13:53:00+05:30,434.2,434.2,433.9,434.05,12349,ITC
2025-05-21 13:54:00+05:30,434.1,434.1,434.0,434.05,2622,ITC
2025-05-21 13:55:00+05:30,434.1,434.1,433.6,433.6,31843,ITC
2025-05-21 13:56:00+05:30,433.8,434.0,433.65,434.0,13609,ITC
2025-05-21 13:57:00+05:30,434.0,434.05,433.85,433.95,19253,ITC
2025-05-21 13:58:00+05:30,433.95,434.0,433.8,433.85,9857,ITC
2025-05-21 13:59:00+05:30,433.95,434.0,433.85,434.0,5562,ITC
2025-05-21 14:00:00+05:30,434.0,434.0,433.4,433.4,27283,ITC
2025-05-21 14:01:00+05:30,433.55,433.6,433.35,433.55,9665,ITC
2025-05-21 14:02:00+05:30,433.6,433.65,433.45,433.6,6353,ITC
2025-05-21 14:03:00+05:30,433.65,433.65,433.2,433.4,34016,ITC
2025-05-21 14:04:00+05:30,433.6,433.65,433.4,433.45,5372,ITC
2025-05-21 14:05:00+05:30,433.5,433.95,433.4,433.9,6648,ITC
2025-05-21 14:06:00+05:30,433.9,434.0,433.7,433.85,4396,ITC
2025-05-21 14:07:00+05:30,433.95,434.05,433.75,433.75,4462,ITC
2025-05-21 14:08:00+05:30,433.8,434.0,433.75,433.9,8161,ITC
2025-05-21 14:09:00+05:30,433.9,433.95,433.75,433.85,10044,ITC
2025-05-21 14:10:00+05:30,433.9,433.95,433.75,433.95,6341,ITC
2025-05-21 14:11:00+05:30,433.95,434.1,433.85,433.95,7972,ITC
2025-05-21 14:12:00+05:30,433.95,434.05,433.9,434.05,4497,ITC
2025-05-21 14:13:00+05:30,434.05,434.1,434.0,434.1,10827,ITC
2025-05-21 14:14:00+05:30,434.1,434.15,434.0,434.1,13462,ITC
2025-05-21 14:15:00+05:30,434.1,434.15,433.8,433.9,18453,ITC
2025-05-21 14:16:00+05:30,433.95,433.95,433.7,433.8,10238,ITC
2025-05-21 14:17:00+05:30,433.8,433.9,433.75,433.9,5971,ITC
2025-05-21 14:18:00+05:30,433.9,434.0,433.5,433.65,16502,ITC
2025-05-21 14:19:00+05:30,433.6,433.85,433.5,433.85,5858,ITC
2025-05-21 14:20:00+05:30,433.85,433.95,433.6,433.8,8401,ITC
2025-05-21 14:21:00+05:30,433.85,433.95,433.65,433.65,4954,ITC
2025-05-21 14:22:00+05:30,433.85,434.2,433.85,434.15,10438,ITC
2025-05-21 14:23:00+05:30,434.2,434.2,433.9,433.95,14803,ITC
2025-05-21 14:24:00+05:30,433.95,434.0,433.65,433.85,16566,ITC
2025-05-21 14:25:00+05:30,433.9,433.95,433.8,433.9,6836,ITC
2025-05-21 14:26:00+05:30,433.95,433.95,433.8,433.85,8077,ITC
2025-05-21 14:27:00+05:30,433.85,433.9,433.8,433.8,5092,ITC
2025-05-21 14:28:00+05:30,433.85,434.0,433.8,434.0,7312,ITC
2025-05-21 14:29:00+05:30,434.0,434.0,433.8,433.85,10176,ITC
2025-05-21 14:30:00+05:30,433.85,434.05,433.75,434.05,32726,ITC
2025-05-21 14:31:00+05:30,434.05,434.1,433.9,434.05,20019,ITC
2025-05-21 14:32:00+05:30,434.0,434.1,433.75,433.9,20187,ITC
2025-05-21 14:33:00+05:30,433.95,434.0,433.8,433.9,5252,ITC
2025-05-21 14:34:00+05:30,433.9,434.0,433.85,433.95,3891,ITC
2025-05-21 14:35:00+05:30,433.95,434.0,433.9,433.95,6229,ITC
2025-05-21 14:36:00+05:30,433.95,433.95,433.85,433.9,7659,ITC
2025-05-21 14:37:00+05:30,433.95,433.95,433.75,433.8,23095,ITC
2025-05-21 14:38:00+05:30,433.85,433.95,433.8,433.9,9789,ITC
2025-05-21 14:39:00+05:30,433.9,433.95,433.75,433.85,10163,ITC
2025-05-21 14:40:00+05:30,433.85,433.85,433.75,433.85,6921,ITC
2025-05-21 14:41:00+05:30,433.85,433.9,433.65,433.7,10586,ITC
2025-05-21 14:42:00+05:30,433.7,433.7,433.0,433.45,90824,ITC
2025-05-21 14:43:00+05:30,433.45,433.45,433.2,433.3,13063,ITC
2025-05-21 14:44:00+05:30,433.3,433.35,433.25,433.3,7479,ITC
2025-05-21 14:45:00+05:30,433.3,433.45,433.25,433.45,12783,ITC
2025-05-21 14:46:00+05:30,433.4,433.7,433.4,433.45,25934,ITC
2025-05-21 14:47:00+05:30,433.5,433.65,433.4,433.6,10965,ITC
2025-05-21 14:48:00+05:30,433.6,433.65,433.35,433.45,19716,ITC
2025-05-21 14:49:00+05:30,433.45,433.45,433.3,433.35,9045,ITC
2025-05-21 14:50:00+05:30,433.3,433.4,433.25,433.35,11438,ITC
2025-05-21 14:51:00+05:30,433.3,433.35,433.2,433.35,13873,ITC
2025-05-21 14:52:00+05:30,433.35,433.4,433.2,433.3,8089,ITC
2025-05-21 14:53:00+05:30,433.35,433.5,433.1,433.4,35672,ITC
2025-05-21 14:54:00+05:30,433.4,433.45,433.2,433.4,14000,ITC
2025-05-21 14:55:00+05:30,433.45,433.5,433.3,433.3,17938,ITC
2025-05-21 14:56:00+05:30,433.35,433.4,433.0,433.05,67735,ITC
2025-05-21 14:57:00+05:30,433.15,433.3,433.1,433.3,8250,ITC
2025-05-21 14:58:00+05:30,433.35,433.6,433.2,433.45,35517,ITC
2025-05-21 14:59:00+05:30,433.45,433.5,433.25,433.3,12226,ITC
2025-05-21 15:00:00+05:30,433.35,433.75,433.3,433.65,74224,ITC
2025-05-21 15:01:00+05:30,433.7,433.7,433.45,433.5,23702,ITC
2025-05-21 15:02:00+05:30,433.45,433.5,433.3,433.35,17350,ITC
2025-05-21 15:03:00+05:30,433.35,433.4,433.25,433.4,26508,ITC
2025-05-21 15:04:00+05:30,433.35,433.4,433.35,433.4,18353,ITC
2025-05-21 15:05:00+05:30,433.35,433.4,433.25,433.35,44594,ITC
2025-05-21 15:06:00+05:30,433.35,433.35,433.25,433.3,19547,ITC
2025-05-21 15:07:00+05:30,433.3,433.3,433.15,433.3,23501,ITC
2025-05-21 15:08:00+05:30,433.25,433.3,433.1,433.2,27954,ITC
2025-05-21 15:09:00+05:30,433.2,433.9,433.1,433.75,145733,ITC
2025-05-21 15:10:00+05:30,433.7,433.8,433.4,433.6,32105,ITC
2025-05-21 15:11:00+05:30,433.6,433.6,433.05,433.1,58919,ITC
2025-05-21 15:12:00+05:30,433.15,433.35,433.05,433.15,26361,ITC
2025-05-21 15:13:00+05:30,433.2,433.2,433.05,433.1,20338,ITC
2025-05-21 15:14:00+05:30,433.05,433.2,433.05,433.2,15573,ITC
2025-05-21 15:15:00+05:30,433.2,433.3,433.05,433.2,52397,ITC
2025-05-21 15:16:00+05:30,433.2,433.2,433.0,433.15,48040,ITC
2025-05-21 15:17:00+05:30,433.15,433.15,433.0,433.0,22714,ITC
2025-05-21 15:18:00+05:30,433.05,433.1,432.95,433.1,25580,ITC
2025-05-21 15:19:00+05:30,433.05,433.1,432.95,432.95,19807,ITC
2025-05-21 15:20:00+05:30,433.0,433.0,432.85,432.9,37643,ITC
2025-05-21 15:21:00+05:30,432.9,433.0,432.85,432.9,29591,ITC
2025-05-21 15:22:00+05:30,432.9,432.9,432.85,432.9,17583,ITC
2025-05-21 15:23:00+05:30,432.85,432.9,432.75,432.85,45786,ITC
2025-05-21 15:24:00+05:30,432.8,432.8,432.25,432.6,78446,ITC
2025-05-21 15:25:00+05:30,432.6,432.65,432.45,432.55,53122,ITC
2025-05-21 15:26:00+05:30,432.5,432.55,432.2,432.45,37409,ITC
2025-05-21 15:27:00+05:30,432.45,432.65,432.25,432.65,48855,ITC
2025-05-21 15:28:00+05:30,432.65,432.65,432.0,432.35,71764,ITC
2025-05-21 15:29:00+05:30,432.35,432.5,432.25,432.4,13536,ITC
2025-05-22 09:15:00+05:30,433.0,433.0,428.05,429.05,187716,ITC
2025-05-22 09:16:00+05:30,428.8,430.0,428.8,429.9,38209,ITC
2025-05-22 09:17:00+05:30,429.7,430.35,429.05,429.15,52187,ITC
2025-05-22 09:18:00+05:30,429.05,429.15,428.25,428.65,54710,ITC
2025-05-22 09:19:00+05:30,428.5,429.3,428.25,428.9,57948,ITC
2025-05-22 09:20:00+05:30,428.9,428.9,427.6,427.95,86264,ITC
2025-05-22 09:21:00+05:30,427.95,428.15,427.3,428.15,59820,ITC
2025-05-22 09:22:00+05:30,428.0,428.2,427.55,427.9,84999,ITC
2025-05-22 09:23:00+05:30,427.85,428.05,426.85,426.9,100945,ITC
2025-05-22 09:24:00+05:30,426.9,427.0,426.0,426.0,122936,ITC
2025-05-22 09:25:00+05:30,426.15,426.55,425.15,426.2,158530,ITC
2025-05-22 09:26:00+05:30,426.3,426.3,425.45,426.0,157156,ITC
2025-05-22 09:27:00+05:30,425.95,426.2,425.3,425.75,161324,ITC
2025-05-22 09:28:00+05:30,425.75,426.1,425.4,425.95,173071,ITC
2025-05-22 09:29:00+05:30,425.85,426.15,425.5,425.65,81830,ITC
2025-05-22 09:30:00+05:30,425.6,426.15,425.2,425.9,105282,ITC
2025-05-22 09:31:00+05:30,425.9,426.4,425.7,426.25,57492,ITC
2025-05-22 09:32:00+05:30,426.3,426.7,426.0,426.4,97900,ITC
2025-05-22 09:33:00+05:30,426.4,426.6,426.2,426.5,51626,ITC
2025-05-22 09:34:00+05:30,426.5,426.55,426.0,426.05,64895,ITC
2025-05-22 09:35:00+05:30,426.0,426.55,425.8,426.4,42177,ITC
2025-05-22 09:36:00+05:30,426.4,426.8,426.0,426.15,67926,ITC
2025-05-22 09:37:00+05:30,426.15,426.45,426.05,426.25,78138,ITC
2025-05-22 09:38:00+05:30,426.15,426.5,426.05,426.45,72922,ITC
2025-05-22 09:39:00+05:30,426.45,426.45,425.25,425.45,172621,ITC
2025-05-22 09:40:00+05:30,425.4,425.7,425.25,425.65,47877,ITC
2025-05-22 09:41:00+05:30,425.7,426.3,425.5,425.95,46153,ITC
2025-05-22 09:42:00+05:30,425.9,426.15,425.5,425.75,47950,ITC
2025-05-22 09:43:00+05:30,425.75,426.7,425.55,426.7,44173,ITC
2025-05-22 09:44:00+05:30,426.7,426.7,426.1,426.55,33713,ITC
2025-05-22 09:45:00+05:30,426.55,426.65,425.4,426.2,83536,ITC
2025-05-22 09:46:00+05:30,426.25,426.5,425.9,426.25,34243,ITC
2025-05-22 09:47:00+05:30,426.25,426.25,425.8,426.2,63647,ITC
2025-05-22 09:48:00+05:30,426.2,426.2,426.0,426.15,35859,ITC
2025-05-22 09:49:00+05:30,426.15,426.5,425.9,426.25,36765,ITC
2025-05-22 09:50:00+05:30,426.2,426.5,426.05,426.45,39204,ITC
2025-05-22 09:51:00+05:30,426.45,426.5,426.05,426.15,30675,ITC
2025-05-22 09:52:00+05:30,426.2,426.45,426.1,426.4,24749,ITC
2025-05-22 09:53:00+05:30,426.4,426.6,426.2,426.55,44171,ITC
2025-05-22 09:54:00+05:30,426.55,426.8,426.5,426.7,22995,ITC
2025-05-22 09:55:00+05:30,426.7,426.75,426.35,426.65,34158,ITC
2025-05-22 09:56:00+05:30,426.65,427.0,426.55,426.95,35781,ITC
2025-05-22 09:57:00+05:30,426.95,427.5,426.7,427.5,33366,ITC
2025-05-22 09:58:00+05:30,427.35,427.5,427.15,427.4,26552,ITC
2025-05-22 09:59:00+05:30,427.4,427.75,427.3,427.7,16067,ITC
2025-05-22 10:00:00+05:30,427.7,427.75,427.25,427.45,21914,ITC
2025-05-22 10:01:00+05:30,427.4,427.5,427.05,427.25,14182,ITC
2025-05-22 10:02:00+05:30,427.25,427.5,427.05,427.5,24148,ITC
2025-05-22 10:03:00+05:30,427.5,427.75,427.3,427.6,25429,ITC
2025-05-22 10:04:00+05:30,427.6,427.75,427.25,427.45,34191,ITC
2025-05-22 10:05:00+05:30,427.4,427.75,427.2,427.55,135870,ITC
2025-05-22 10:06:00+05:30,427.5,427.7,427.2,427.5,64272,ITC
2025-05-22 10:07:00+05:30,427.45,427.55,427.2,427.3,25427,ITC
2025-05-22 10:08:00+05:30,427.3,427.3,426.7,426.8,46129,ITC
2025-05-22 10:09:00+05:30,426.8,426.8,426.35,426.35,29516,ITC
2025-05-22 10:10:00+05:30,426.5,426.55,426.1,426.25,50173,ITC
2025-05-22 10:11:00+05:30,426.25,426.25,425.75,425.85,71420,ITC
2025-05-22 10:12:00+05:30,425.85,426.05,425.65,425.9,59743,ITC
2025-05-22 10:13:00+05:30,425.9,426.05,425.75,425.8,88561,ITC
2025-05-22 10:14:00+05:30,425.8,426.1,425.7,425.9,30378,ITC
2025-05-22 10:15:00+05:30,426.0,426.0,425.5,425.6,43197,ITC
2025-05-22 10:16:00+05:30,425.6,425.75,425.5,425.6,20637,ITC
2025-05-22 10:17:00+05:30,425.6,425.75,425.55,425.7,24310,ITC
2025-05-22 10:18:00+05:30,425.7,425.85,425.6,425.8,13467,ITC
2025-05-22 10:19:00+05:30,425.8,426.15,425.8,425.95,19892,ITC
2025-05-22 10:20:00+05:30,425.95,426.0,425.65,425.85,18540,ITC
2025-05-22 10:21:00+05:30,425.85,425.85,425.65,425.85,18397,ITC
2025-05-22 10:22:00+05:30,425.85,426.35,425.75,426.1,59751,ITC
2025-05-22 10:23:00+05:30,426.1,426.1,425.15,425.4,94934,ITC
2025-05-22 10:24:00+05:30,425.35,425.8,425.35,425.6,27568,ITC
2025-05-22 10:25:00+05:30,425.55,425.7,425.25,425.45,36191,ITC
2025-05-22 10:26:00+05:30,425.5,425.9,425.25,425.6,37506,ITC
2025-05-22 10:27:00+05:30,425.65,425.65,425.25,425.4,60611,ITC
2025-05-22 10:28:00+05:30,425.4,425.6,425.2,425.4,30054,ITC
2025-05-22 10:29:00+05:30,425.3,425.45,425.2,425.45,25338,ITC
2025-05-22 10:30:00+05:30,425.45,425.45,425.2,425.3,24089,ITC
2025-05-22 10:31:00+05:30,425.35,425.75,425.25,425.65,15550,ITC
2025-05-22 10:32:00+05:30,425.65,425.8,425.25,425.45,46442,ITC
2025-05-22 10:33:00+05:30,425.45,425.55,425.3,425.55,13733,ITC
2025-05-22 10:34:00+05:30,425.55,426.2,425.4,425.75,110800,ITC
2025-05-22 10:35:00+05:30,425.75,426.0,425.4,425.9,135918,ITC
2025-05-22 10:36:00+05:30,425.9,425.9,425.3,425.5,48876,ITC
2025-05-22 10:37:00+05:30,425.5,426.35,425.3,426.35,46111,ITC
2025-05-22 10:38:00+05:30,426.35,426.6,426.0,426.15,24167,ITC
2025-05-22 10:39:00+05:30,426.0,426.25,425.85,426.05,27467,ITC
2025-05-22 10:40:00+05:30,426.05,426.3,426.0,426.2,22057,ITC
2025-05-22 10:41:00+05:30,426.2,426.45,426.05,426.35,32326,ITC
2025-05-22 10:42:00+05:30,426.35,426.35,426.05,426.3,20887,ITC
2025-05-22 10:43:00+05:30,426.3,426.4,426.1,426.25,44987,ITC
2025-05-22 10:44:00+05:30,426.25,426.45,426.1,426.3,42031,ITC
2025-05-22 10:45:00+05:30,426.3,426.6,426.2,426.45,74186,ITC
2025-05-22 10:46:00+05:30,426.4,426.5,426.05,426.25,26068,ITC
2025-05-22 10:47:00+05:30,426.25,426.35,426.1,426.3,9964,ITC
2025-05-22 10:48:00+05:30,426.25,426.35,426.05,426.2,13764,ITC
2025-05-22 10:49:00+05:30,426.15,426.4,426.0,426.3,106345,ITC
2025-05-22 10:50:00+05:30,426.25,426.45,426.25,426.4,38923,ITC
2025-05-22 10:51:00+05:30,426.4,426.45,426.0,426.2,91592,ITC
2025-05-22 10:52:00+05:30,426.15,426.25,426.0,426.15,14998,ITC
2025-05-22 10:53:00+05:30,426.15,426.25,426.0,426.15,7498,ITC
2025-05-22 10:54:00+05:30,426.15,426.6,426.0,426.35,56446,ITC
2025-05-22 10:55:00+05:30,426.35,426.7,426.3,426.55,44879,ITC
2025-05-22 10:56:00+05:30,426.55,426.75,426.5,426.7,65025,ITC
2025-05-22 10:57:00+05:30,426.7,426.75,426.1,426.1,37291,ITC
2025-05-22 10:58:00+05:30,426.1,426.15,425.85,426.05,44380,ITC
2025-05-22 10:59:00+05:30,426.1,426.3,426.05,426.15,12472,ITC
2025-05-22 11:00:00+05:30,426.1,426.3,426.05,426.1,17356,ITC
2025-05-22 11:01:00+05:30,426.05,426.15,425.85,426.0,24676,ITC
2025-05-22 11:02:00+05:30,426.05,426.1,425.6,425.6,23110,ITC
2025-05-22 11:03:00+05:30,425.7,426.0,425.6,425.9,25477,ITC
2025-05-22 11:04:00+05:30,425.85,425.9,425.6,425.7,9184,ITC
2025-05-22 11:05:00+05:30,425.65,425.85,425.4,425.6,42402,ITC
2025-05-22 11:06:00+05:30,425.6,425.85,425.5,425.75,17578,ITC
2025-05-22 11:07:00+05:30,425.75,425.8,425.5,425.7,21280,ITC
2025-05-22 11:08:00+05:30,425.7,425.85,425.5,425.7,19878,ITC
2025-05-22 11:09:00+05:30,425.75,425.75,425.5,425.65,13102,ITC
2025-05-22 11:10:00+05:30,425.6,425.65,425.5,425.55,7956,ITC
2025-05-22 11:11:00+05:30,425.65,425.8,425.5,425.65,20427,ITC
2025-05-22 11:12:00+05:30,425.65,425.8,425.55,425.75,13316,ITC
2025-05-22 11:13:00+05:30,425.75,425.8,425.55,425.8,13877,ITC
2025-05-22 11:14:00+05:30,425.8,425.8,425.5,425.5,42011,ITC
2025-05-22 11:15:00+05:30,425.55,425.75,425.5,425.55,20504,ITC
2025-05-22 11:16:00+05:30,425.55,425.7,425.3,425.4,39942,ITC
2025-05-22 11:17:00+05:30,425.4,425.5,425.3,425.4,10990,ITC
2025-05-22 11:18:00+05:30,425.35,425.45,425.25,425.35,20082,ITC
2025-05-22 11:19:00+05:30,425.35,425.35,424.75,425.0,288322,ITC
2025-05-22 11:20:00+05:30,425.0,425.1,424.9,425.0,17492,ITC
2025-05-22 11:21:00+05:30,425.05,425.2,425.0,425.15,9219,ITC
2025-05-22 11:22:00+05:30,425.15,425.2,425.0,425.15,8799,ITC
2025-05-22 11:23:00+05:30,425.15,425.2,424.5,424.6,63274,ITC
2025-05-22 11:24:00+05:30,424.65,424.95,424.55,424.7,21074,ITC
2025-05-22 11:25:00+05:30,424.75,424.9,424.5,424.9,18670,ITC
2025-05-22 11:26:00+05:30,424.9,424.9,424.55,424.65,17043,ITC
2025-05-22 11:27:00+05:30,424.75,425.15,424.6,425.1,32127,ITC
2025-05-22 11:28:00+05:30,425.0,425.2,424.9,425.15,11830,ITC
2025-05-22 11:29:00+05:30,425.2,425.35,425.1,425.35,6307,ITC
2025-05-22 11:30:00+05:30,425.25,425.6,425.25,425.55,13464,ITC
2025-05-22 11:31:00+05:30,425.6,425.65,425.4,425.45,11190,ITC
2025-05-22 11:32:00+05:30,425.5,425.65,425.4,425.65,16297,ITC
2025-05-22 11:33:00+05:30,425.65,425.7,425.5,425.65,13534,ITC
2025-05-22 11:34:00+05:30,425.65,425.7,425.2,425.35,26333,ITC
2025-05-22 11:35:00+05:30,425.35,425.55,425.25,425.35,16165,ITC
2025-05-22 11:36:00+05:30,425.35,425.45,425.2,425.4,4838,ITC
2025-05-22 11:37:00+05:30,425.4,425.4,424.6,424.65,69269,ITC
2025-05-22 11:38:00+05:30,424.65,424.7,424.25,424.4,52653,ITC
2025-05-22 11:39:00+05:30,424.4,424.8,424.4,424.65,11997,ITC
2025-05-22 11:40:00+05:30,424.65,424.8,424.55,424.55,15078,ITC
2025-05-22 11:41:00+05:30,424.55,424.65,424.4,424.4,17908,ITC
2025-05-22 11:42:00+05:30,424.4,424.6,424.4,424.4,15289,ITC
2025-05-22 11:43:00+05:30,424.4,424.65,424.4,424.6,12773,ITC
2025-05-22 11:44:00+05:30,424.6,424.8,424.4,424.55,9531,ITC
2025-05-22 11:45:00+05:30,424.5,424.75,424.5,424.5,8608,ITC
2025-05-22 11:46:00+05:30,424.6,424.7,424.4,424.5,18781,ITC
2025-05-22 11:47:00+05:30,424.65,424.65,424.45,424.55,8980,ITC
2025-05-22 11:48:00+05:30,424.55,424.95,424.5,424.85,4734,ITC
2025-05-22 11:49:00+05:30,424.9,424.95,424.65,424.9,14128,ITC
2025-05-22 11:50:00+05:30,424.85,424.95,424.65,424.9,19574,ITC
2025-05-22 11:51:00+05:30,424.85,424.95,424.7,424.9,7492,ITC
2025-05-22 11:52:00+05:30,424.85,425.15,424.85,425.1,5240,ITC
2025-05-22 11:53:00+05:30,425.0,425.2,425.0,425.2,4435,ITC
2025-05-22 11:54:00+05:30,425.2,425.55,425.1,425.4,38401,ITC
2025-05-22 11:55:00+05:30,425.35,425.45,425.15,425.25,7904,ITC
2025-05-22 11:56:00+05:30,425.25,425.4,425.2,425.35,5751,ITC
2025-05-22 11:57:00+05:30,425.3,425.4,425.15,425.3,13965,ITC
2025-05-22 11:58:00+05:30,425.25,425.35,425.0,425.15,10809,ITC
2025-05-22 11:59:00+05:30,425.1,425.2,424.85,425.05,9608,ITC
2025-05-22 12:00:00+05:30,425.0,425.05,424.7,424.7,14136,ITC
2025-05-22 12:01:00+05:30,424.8,424.95,424.65,424.8,6003,ITC
2025-05-22 12:02:00+05:30,424.75,424.85,424.6,424.65,11725,ITC
2025-05-22 12:03:00+05:30,424.65,424.8,424.5,424.75,13933,ITC
2025-05-22 12:04:00+05:30,424.7,424.75,424.45,424.55,23545,ITC
2025-05-22 12:05:00+05:30,424.5,424.8,424.45,424.6,12222,ITC
2025-05-22 12:06:00+05:30,424.55,424.65,424.35,424.35,17226,ITC
2025-05-22 12:07:00+05:30,424.5,424.7,424.4,424.6,12576,ITC
2025-05-22 12:08:00+05:30,424.55,424.6,424.35,424.45,14688,ITC
2025-05-22 12:09:00+05:30,424.4,424.55,424.3,424.35,16367,ITC
2025-05-22 12:10:00+05:30,424.3,424.65,424.25,424.65,47000,ITC
2025-05-22 12:11:00+05:30,424.6,424.7,424.4,424.65,22268,ITC
2025-05-22 12:12:00+05:30,424.65,424.8,424.55,424.65,7984,ITC
2025-05-22 12:13:00+05:30,424.65,424.75,424.5,424.65,17420,ITC
2025-05-22 12:14:00+05:30,424.6,424.65,424.4,424.5,12349,ITC
2025-05-22 12:15:00+05:30,424.5,424.65,424.4,424.65,15451,ITC
2025-05-22 12:16:00+05:30,424.6,424.75,424.5,424.7,8239,ITC
2025-05-22 12:17:00+05:30,424.65,424.85,424.4,424.5,30963,ITC
2025-05-22 12:18:00+05:30,424.5,424.6,424.3,424.5,47517,ITC
2025-05-22 12:19:00+05:30,424.5,424.7,424.5,424.65,16225,ITC
2025-05-22 12:20:00+05:30,424.65,424.65,424.45,424.6,12098,ITC
2025-05-22 12:21:00+05:30,424.55,424.95,424.55,424.7,20089,ITC
2025-05-22 12:22:00+05:30,424.7,424.9,424.6,424.6,16048,ITC
2025-05-22 12:23:00+05:30,424.6,424.7,424.5,424.6,12024,ITC
2025-05-22 12:24:00+05:30,424.6,424.7,424.4,424.55,22738,ITC
2025-05-22 12:25:00+05:30,424.5,424.5,424.25,424.35,20602,ITC
2025-05-22 12:26:00+05:30,424.35,424.4,424.2,424.3,16570,ITC
2025-05-22 12:27:00+05:30,424.3,424.35,424.15,424.2,26907,ITC
2025-05-22 12:28:00+05:30,424.3,424.65,424.2,424.5,25439,ITC
2025-05-22 12:29:00+05:30,424.5,424.55,424.2,424.4,15345,ITC
2025-05-22 12:30:00+05:30,424.4,424.45,424.25,424.35,13092,ITC
2025-05-22 12:31:00+05:30,424.4,424.9,424.3,424.8,21941,ITC
2025-05-22 12:32:00+05:30,424.8,425.15,424.75,425.1,26946,ITC
2025-05-22 12:33:00+05:30,425.1,425.1,424.9,424.9,20324,ITC
2025-05-22 12:34:00+05:30,425.0,425.1,424.9,424.95,15730,ITC
2025-05-22 12:35:00+05:30,424.95,425.1,424.75,424.85,18325,ITC
2025-05-22 12:36:00+05:30,424.85,424.85,424.5,424.65,22536,ITC
2025-05-22 12:37:00+05:30,424.65,425.05,424.5,424.9,26079,ITC
2025-05-22 12:38:00+05:30,424.9,424.95,424.6,424.8,25825,ITC
2025-05-22 12:39:00+05:30,424.8,425.6,424.65,425.05,74956,ITC
2025-05-22 12:40:00+05:30,425.05,425.3,424.7,424.7,33304,ITC
2025-05-22 12:41:00+05:30,424.7,424.9,424.55,424.9,46760,ITC
2025-05-22 12:42:00+05:30,424.9,425.1,424.75,425.1,16484,ITC
2025-05-22 12:43:00+05:30,425.1,425.3,425.0,425.25,14131,ITC
2025-05-22 12:44:00+05:30,425.25,425.25,425.1,425.2,23035,ITC
2025-05-22 12:45:00+05:30,425.2,425.4,425.1,425.35,10907,ITC
2025-05-22 12:46:00+05:30,425.3,425.5,425.1,425.1,32477,ITC
2025-05-22 12:47:00+05:30,425.15,425.4,425.1,425.25,17456,ITC
2025-05-22 12:48:00+05:30,425.3,425.3,425.1,425.2,14203,ITC
2025-05-22 12:49:00+05:30,425.25,425.25,424.75,424.9,47198,ITC
2025-05-22 12:50:00+05:30,424.95,425.15,424.75,424.8,38789,ITC
2025-05-22 12:51:00+05:30,424.8,424.9,424.6,424.6,29341,ITC
2025-05-22 12:52:00+05:30,424.65,424.75,424.5,424.5,24225,ITC
2025-05-22 12:53:00+05:30,424.55,424.65,424.25,424.35,103668,ITC
2025-05-22 12:54:00+05:30,424.4,424.7,424.3,424.65,12065,ITC
2025-05-22 12:55:00+05:30,424.65,424.65,424.35,424.5,22291,ITC
2025-05-22 12:56:00+05:30,424.5,424.5,424.35,424.5,13776,ITC
2025-05-22 12:57:00+05:30,424.5,424.8,424.4,424.65,9453,ITC
2025-05-22 12:58:00+05:30,424.7,425.0,424.55,425.0,11182,ITC
2025-05-22 12:59:00+05:30,424.95,425.0,424.75,424.95,12162,ITC
2025-05-22 13:00:00+05:30,424.95,424.95,424.75,424.8,13140,ITC
2025-05-22 13:01:00+05:30,424.8,424.95,424.7,424.85,13011,ITC
2025-05-22 13:02:00+05:30,424.9,425.0,424.8,424.8,16315,ITC
2025-05-22 13:03:00+05:30,424.85,425.0,424.75,424.85,9509,ITC
2025-05-22 13:04:00+05:30,424.85,425.35,424.75,425.25,17430,ITC
2025-05-22 13:05:00+05:30,425.25,425.3,424.85,425.0,29318,ITC
2025-05-22 13:06:00+05:30,425.0,425.25,424.85,425.15,35996,ITC
2025-05-22 13:07:00+05:30,425.15,425.15,424.6,424.8,29617,ITC
2025-05-22 13:08:00+05:30,424.7,424.8,424.45,424.6,50463,ITC
2025-05-22 13:09:00+05:30,424.6,424.85,424.55,424.75,17122,ITC
2025-05-22 13:10:00+05:30,424.7,424.95,424.65,424.8,14695,ITC
2025-05-22 13:11:00+05:30,424.8,424.9,424.65,424.7,15462,ITC
2025-05-22 13:12:00+05:30,424.7,424.95,424.6,424.7,21635,ITC
2025-05-22 13:13:00+05:30,424.75,424.85,424.6,424.8,13058,ITC
2025-05-22 13:14:00+05:30,424.75,424.9,424.5,424.7,41070,ITC
2025-05-22 13:15:00+05:30,424.75,424.85,424.65,424.8,15333,ITC
2025-05-22 13:16:00+05:30,424.7,424.9,424.5,424.55,18841,ITC
2025-05-22 13:17:00+05:30,424.55,424.6,424.35,424.6,42183,ITC
2025-05-22 13:18:00+05:30,424.6,424.7,424.5,424.6,14578,ITC
2025-05-22 13:19:00+05:30,424.6,424.9,424.55,424.65,21716,ITC
2025-05-22 13:20:00+05:30,424.65,424.9,424.55,424.75,12635,ITC
2025-05-22 13:21:00+05:30,424.8,424.9,424.55,424.85,29984,ITC
2025-05-22 13:22:00+05:30,424.85,424.9,424.7,424.75,12695,ITC
2025-05-22 13:23:00+05:30,424.8,425.2,424.75,425.0,15982,ITC
2025-05-22 13:24:00+05:30,425.15,425.15,424.75,424.8,34772,ITC
2025-05-22 13:25:00+05:30,424.8,425.0,424.75,424.85,37630,ITC
2025-05-22 13:26:00+05:30,424.9,425.2,424.85,424.95,17897,ITC
2025-05-22 13:27:00+05:30,425.05,425.4,424.85,425.2,25534,ITC
2025-05-22 13:28:00+05:30,425.4,425.85,425.2,425.65,90651,ITC
2025-05-22 13:29:00+05:30,425.65,425.65,425.3,425.45,20547,ITC
2025-05-22 13:30:00+05:30,425.45,425.65,425.25,425.3,33619,ITC
2025-05-22 13:31:00+05:30,425.3,425.3,424.85,424.9,45125,ITC
2025-05-22 13:32:00+05:30,424.9,425.05,424.8,424.9,28884,ITC
2025-05-22 13:33:00+05:30,425.05,425.5,424.85,425.25,34724,ITC
2025-05-22 13:34:00+05:30,425.25,425.35,425.05,425.35,25128,ITC
2025-05-22 13:35:00+05:30,425.35,425.4,425.05,425.3,14080,ITC
2025-05-22 13:36:00+05:30,425.3,425.3,424.8,425.1,52850,ITC
2025-05-22 13:37:00+05:30,425.1,425.25,424.9,425.15,8889,ITC
2025-05-22 13:38:00+05:30,425.2,425.25,425.05,425.1,12999,ITC
2025-05-22 13:39:00+05:30,425.1,425.2,424.85,424.9,21936,ITC
2025-05-22 13:40:00+05:30,424.9,424.9,424.55,424.6,59953,ITC
2025-05-22 13:41:00+05:30,424.6,424.8,424.45,424.65,34381,ITC
2025-05-22 13:42:00+05:30,424.65,424.75,424.3,424.35,58677,ITC
2025-05-22 13:43:00+05:30,424.3,424.35,424.25,424.3,50439,ITC
2025-05-22 13:44:00+05:30,424.3,424.35,424.05,424.15,107501,ITC
2025-05-22 13:45:00+05:30,424.15,424.2,424.0,424.15,47617,ITC
2025-05-22 13:46:00+05:30,424.15,424.25,424.05,424.15,42021,ITC
2025-05-22 13:47:00+05:30,424.2,424.4,424.15,424.4,20123,ITC
2025-05-22 13:48:00+05:30,424.4,424.5,424.05,424.1,49822,ITC
2025-05-22 13:49:00+05:30,424.1,424.2,424.0,424.15,34334,ITC
2025-05-22 13:50:00+05:30,424.15,424.2,424.0,424.1,109653,ITC
2025-05-22 13:51:00+05:30,424.1,424.35,424.0,424.1,40934,ITC
2025-05-22 13:52:00+05:30,424.05,424.15,424.0,424.05,28114,ITC
2025-05-22 13:53:00+05:30,424.15,424.15,423.95,424.0,50810,ITC
2025-05-22 13:54:00+05:30,424.0,424.45,423.75,424.4,95445,ITC
2025-05-22 13:55:00+05:30,424.4,424.45,424.2,424.4,9969,ITC
2025-05-22 13:56:00+05:30,424.4,424.5,424.15,424.3,20626,ITC
2025-05-22 13:57:00+05:30,424.3,424.35,424.1,424.3,11943,ITC
2025-05-22 13:58:00+05:30,424.3,424.65,424.25,424.65,12945,ITC
2025-05-22 13:59:00+05:30,424.65,424.8,424.45,424.8,21816,ITC
2025-05-22 14:00:00+05:30,424.8,425.0,424.5,424.5,31775,ITC
2025-05-22 14:01:00+05:30,424.55,424.8,424.45,424.6,23545,ITC
2025-05-22 14:02:00+05:30,424.65,424.9,424.6,424.75,17252,ITC
2025-05-22 14:03:00+05:30,424.75,425.0,424.65,424.9,22770,ITC
2025-05-22 14:04:00+05:30,424.9,425.25,424.85,425.1,40157,ITC
2025-05-22 14:05:00+05:30,425.1,425.2,424.95,425.05,15804,ITC
2025-05-22 14:06:00+05:30,425.05,425.25,424.95,425.15,18271,ITC
2025-05-22 14:07:00+05:30,425.15,425.2,425.0,425.05,17699,ITC
2025-05-22 14:08:00+05:30,425.1,425.1,424.8,424.95,30308,ITC
2025-05-22 14:09:00+05:30,424.95,424.95,424.6,424.6,24532,ITC
2025-05-22 14:10:00+05:30,424.7,424.95,424.2,424.5,53447,ITC
2025-05-22 14:11:00+05:30,424.65,424.75,424.35,424.45,42896,ITC
2025-05-22 14:12:00+05:30,424.45,424.6,424.2,424.4,42515,ITC
2025-05-22 14:13:00+05:30,424.4,424.55,424.2,424.35,21637,ITC
2025-05-22 14:14:00+05:30,424.35,424.45,424.2,424.45,20539,ITC
2025-05-22 14:15:00+05:30,424.45,424.5,424.05,424.2,54523,ITC
2025-05-22 14:16:00+05:30,424.15,424.2,424.05,424.1,21387,ITC
2025-05-22 14:17:00+05:30,424.05,424.15,423.7,423.85,231453,ITC
2025-05-22 14:18:00+05:30,423.85,424.0,423.7,423.85,62594,ITC
2025-05-22 14:19:00+05:30,423.85,423.85,423.5,423.7,86466,ITC
2025-05-22 14:20:00+05:30,423.7,423.9,423.4,423.75,93892,ITC
2025-05-22 14:21:00+05:30,423.75,423.75,423.4,423.65,41291,ITC
2025-05-22 14:22:00+05:30,423.65,423.75,423.05,423.45,185070,ITC
2025-05-22 14:23:00+05:30,423.55,423.7,423.35,423.55,15737,ITC
2025-05-22 14:24:00+05:30,423.6,423.7,423.2,423.5,121941,ITC
2025-05-22 14:25:00+05:30,423.5,423.65,423.4,423.5,12974,ITC
2025-05-22 14:26:00+05:30,423.45,423.55,423.1,423.3,57829,ITC
2025-05-22 14:27:00+05:30,423.25,423.35,423.1,423.35,42347,ITC
2025-05-22 14:28:00+05:30,423.3,423.75,422.9,423.75,403645,ITC
2025-05-22 14:29:00+05:30,423.7,424.2,423.7,424.15,41908,ITC
2025-05-22 14:30:00+05:30,424.15,424.3,424.05,424.2,27868,ITC
2025-05-22 14:31:00+05:30,424.2,424.4,424.0,424.3,52973,ITC
2025-05-22 14:32:00+05:30,424.3,424.4,423.75,424.15,233384,ITC
2025-05-22 14:33:00+05:30,424.1,424.2,423.95,424.1,20574,ITC
2025-05-22 14:34:00+05:30,424.05,424.2,423.9,424.0,17057,ITC
2025-05-22 14:35:00+05:30,424.0,424.0,423.75,423.95,19733,ITC
2025-05-22 14:36:00+05:30,423.95,424.0,423.55,423.75,25865,ITC
2025-05-22 14:37:00+05:30,423.8,424.15,423.7,423.9,20095,ITC
2025-05-22 14:38:00+05:30,423.9,424.15,423.65,424.15,36270,ITC
2025-05-22 14:39:00+05:30,424.15,424.4,423.9,424.25,69844,ITC
2025-05-22 14:40:00+05:30,424.25,425.25,424.25,425.2,194764,ITC
2025-05-22 14:41:00+05:30,425.2,425.5,424.45,425.1,184876,ITC
2025-05-22 14:42:00+05:30,425.1,425.3,424.65,424.85,125524,ITC
2025-05-22 14:43:00+05:30,424.85,425.45,424.7,425.25,181180,ITC
2025-05-22 14:44:00+05:30,425.4,425.5,425.1,425.5,91360,ITC
2025-05-22 14:45:00+05:30,425.45,425.5,424.8,425.0,61689,ITC
2025-05-22 14:46:00+05:30,425.0,425.05,424.5,424.5,45178,ITC
2025-05-22 14:47:00+05:30,424.5,424.65,424.2,424.45,60658,ITC
2025-05-22 14:48:00+05:30,424.5,425.0,424.5,425.0,47159,ITC
2025-05-22 14:49:00+05:30,425.0,425.6,424.8,425.55,147377,ITC
2025-05-22 14:50:00+05:30,425.6,425.6,425.05,425.2,130580,ITC
2025-05-22 14:51:00+05:30,425.2,425.4,425.0,425.15,106315,ITC
2025-05-22 14:52:00+05:30,425.15,425.6,425.0,425.35,153610,ITC
2025-05-22 14:53:00+05:30,425.3,425.55,425.2,425.35,50702,ITC
2025-05-22 14:54:00+05:30,425.35,425.6,425.25,425.55,58022,ITC
2025-05-22 14:55:00+05:30,425.55,426.0,425.3,426.0,154702,ITC
2025-05-22 14:56:00+05:30,426.0,426.2,425.9,426.0,87199,ITC
2025-05-22 14:57:00+05:30,426.0,426.35,425.95,426.25,98636,ITC
2025-05-22 14:58:00+05:30,426.25,426.5,426.2,426.3,143418,ITC
2025-05-22 14:59:00+05:30,426.3,426.5,425.7,426.1,149351,ITC
2025-05-22 15:00:00+05:30,426.05,426.35,425.65,426.35,135225,ITC
2025-05-22 15:01:00+05:30,426.35,426.5,426.25,426.25,159562,ITC
2025-05-22 15:02:00+05:30,426.3,426.35,425.9,425.95,134080,ITC
2025-05-22 15:03:00+05:30,425.95,426.25,425.8,426.05,123382,ITC
2025-05-22 15:04:00+05:30,426.15,426.25,425.8,425.9,77760,ITC
2025-05-22 15:05:00+05:30,425.9,426.35,425.8,426.1,137465,ITC
2025-05-22 15:06:00+05:30,426.15,426.4,426.1,426.25,133049,ITC
2025-05-22 15:07:00+05:30,426.25,426.4,426.2,426.3,107044,ITC
2025-05-22 15:08:00+05:30,426.3,426.45,426.1,426.45,80306,ITC
2025-05-22 15:09:00+05:30,426.45,426.45,426.25,426.45,81114,ITC
2025-05-22 15:10:00+05:30,426.45,426.5,426.1,426.35,80092,ITC
2025-05-22 15:11:00+05:30,426.35,426.4,426.2,426.3,67547,ITC
2025-05-22 15:12:00+05:30,426.3,426.35,426.1,426.35,85738,ITC
2025-05-22 15:13:00+05:30,426.35,426.5,426.3,426.45,64265,ITC
2025-05-22 15:14:00+05:30,426.45,426.9,426.35,426.65,121349,ITC
2025-05-22 15:15:00+05:30,426.65,426.7,426.3,426.5,137382,ITC
2025-05-22 15:16:00+05:30,426.65,426.65,426.1,426.35,198241,ITC
2025-05-22 15:17:00+05:30,426.35,426.55,426.25,426.4,104603,ITC
2025-05-22 15:18:00+05:30,426.4,426.5,426.0,426.3,182061,ITC
2025-05-22 15:19:00+05:30,426.35,426.5,425.85,426.0,167176,ITC
2025-05-22 15:20:00+05:30,425.95,426.25,425.8,426.2,113918,ITC
2025-05-22 15:21:00+05:30,426.2,426.35,426.0,426.2,171032,ITC
2025-05-22 15:22:00+05:30,426.2,426.4,426.0,426.2,143426,ITC
2025-05-22 15:23:00+05:30,426.2,426.4,426.1,426.25,82884,ITC
2025-05-22 15:24:00+05:30,426.25,426.45,426.0,426.4,90770,ITC
2025-05-22 15:25:00+05:30,426.35,426.45,425.85,425.9,181582,ITC
2025-05-22 15:26:00+05:30,425.9,426.5,425.8,425.95,539692,ITC
2025-05-22 15:27:00+05:30,425.95,426.0,425.55,425.8,160419,ITC
2025-05-22 15:28:00+05:30,425.8,426.35,425.55,426.0,345592,ITC
2025-05-22 15:29:00+05:30,425.95,426.45,425.0,425.5,130017,ITC
2025-05-23 09:15:00+05:30,434.0,434.0,431.05,431.9,885270,ITC
2025-05-23 09:16:00+05:30,431.85,431.9,430.0,431.7,373655,ITC
2025-05-23 09:17:00+05:30,431.55,431.9,429.0,429.95,344470,ITC
2025-05-23 09:18:00+05:30,429.8,430.75,429.6,430.5,215531,ITC
2025-05-23 09:19:00+05:30,430.25,430.45,429.1,430.1,219470,ITC
2025-05-23 09:20:00+05:30,430.1,432.0,429.9,431.45,181154,ITC
2025-05-23 09:21:00+05:30,431.35,431.75,431.1,431.35,114410,ITC
2025-05-23 09:22:00+05:30,431.45,432.0,431.3,431.65,139230,ITC
2025-05-23 09:23:00+05:30,431.65,431.75,431.0,431.6,125160,ITC
2025-05-23 09:24:00+05:30,431.75,431.95,431.2,431.65,120409,ITC
2025-05-23 09:25:00+05:30,431.6,431.85,431.25,431.45,70818,ITC
2025-05-23 09:26:00+05:30,431.35,431.65,431.05,431.65,91504,ITC
2025-05-23 09:27:00+05:30,431.65,432.45,431.55,431.75,136328,ITC
2025-05-23 09:28:00+05:30,431.9,431.9,431.55,431.65,46010,ITC
2025-05-23 09:29:00+05:30,431.75,432.25,431.6,431.85,65827,ITC
2025-05-23 09:30:00+05:30,431.75,431.9,431.3,431.35,57257,ITC
2025-05-23 09:31:00+05:30,431.45,431.55,430.05,430.6,225796,ITC
2025-05-23 09:32:00+05:30,430.6,431.8,430.5,431.35,102589,ITC
2025-05-23 09:33:00+05:30,431.35,431.4,430.9,431.25,42342,ITC
2025-05-23 09:34:00+05:30,431.25,431.8,431.05,431.55,56866,ITC
2025-05-23 09:35:00+05:30,431.55,431.6,430.7,430.85,40543,ITC
2025-05-23 09:36:00+05:30,430.95,431.3,430.8,431.3,44651,ITC
2025-05-23 09:37:00+05:30,431.3,431.45,431.05,431.25,17436,ITC
2025-05-23 09:38:00+05:30,431.35,431.7,431.25,431.4,51473,ITC
2025-05-23 09:39:00+05:30,431.4,431.6,431.35,431.55,22033,ITC
2025-05-23 09:40:00+05:30,431.35,431.7,431.3,431.65,33952,ITC
2025-05-23 09:41:00+05:30,431.55,431.85,431.35,431.7,53365,ITC
2025-05-23 09:42:00+05:30,431.7,431.95,431.5,431.65,119481,ITC
2025-05-23 09:43:00+05:30,431.65,431.8,431.4,431.7,40818,ITC
2025-05-23 09:44:00+05:30,431.7,431.8,431.5,431.5,28569,ITC
2025-05-23 09:45:00+05:30,431.55,431.7,431.3,431.4,24722,ITC
2025-05-23 09:46:00+05:30,431.4,431.8,431.3,431.75,26585,ITC
2025-05-23 09:47:00+05:30,431.75,432.35,431.6,432.0,102852,ITC
2025-05-23 09:48:00+05:30,432.15,433.15,431.95,432.7,162297,ITC
2025-05-23 09:49:00+05:30,432.7,432.8,432.25,432.5,46717,ITC
2025-05-23 09:50:00+05:30,432.5,432.7,432.3,432.35,47892,ITC
2025-05-23 09:51:00+05:30,432.35,432.5,432.3,432.4,16800,ITC
2025-05-23 09:52:00+05:30,432.35,432.85,432.35,432.85,78627,ITC
2025-05-23 09:53:00+05:30,432.85,433.45,432.6,433.35,108858,ITC
2025-05-23 09:54:00+05:30,433.35,433.85,433.2,433.8,94301,ITC
2025-05-23 09:55:00+05:30,433.7,433.8,433.1,433.3,70025,ITC
2025-05-23 09:56:00+05:30,433.3,433.4,433.05,433.1,58948,ITC
2025-05-23 09:57:00+05:30,433.3,433.3,432.7,433.0,42069,ITC
2025-05-23 09:58:00+05:30,432.9,433.3,432.8,433.0,32332,ITC
2025-05-23 09:59:00+05:30,433.0,433.5,432.85,433.5,33798,ITC
2025-05-23 10:00:00+05:30,433.35,433.5,433.0,433.15,26035,ITC
2025-05-23 10:01:00+05:30,433.25,433.5,433.05,433.3,28932,ITC
2025-05-23 10:02:00+05:30,433.25,433.6,433.05,433.5,35469,ITC
2025-05-23 10:03:00+05:30,433.55,433.8,433.35,433.7,34880,ITC
2025-05-23 10:04:00+05:30,433.75,433.75,433.3,433.55,20887,ITC
2025-05-23 10:05:00+05:30,433.55,433.65,433.35,433.65,29016,ITC
2025-05-23 10:06:00+05:30,433.65,433.8,433.4,433.65,18301,ITC
2025-05-23 10:07:00+05:30,433.8,434.0,433.65,433.9,72059,ITC
2025-05-23 10:08:00+05:30,433.9,434.8,433.9,434.5,144126,ITC
2025-05-23 10:09:00+05:30,434.4,434.55,434.2,434.25,37176,ITC
2025-05-23 10:10:00+05:30,434.4,434.45,434.2,434.45,46105,ITC
2025-05-23 10:11:00+05:30,434.45,434.45,434.05,434.1,28081,ITC
2025-05-23 10:12:00+05:30,434.3,434.35,433.65,434.05,173960,ITC
2025-05-23 10:13:00+05:30,434.0,434.7,433.8,434.4,93582,ITC
2025-05-23 10:14:00+05:30,434.4,434.9,434.3,434.9,101909,ITC
2025-05-23 10:15:00+05:30,434.85,435.4,434.8,435.0,219733,ITC
2025-05-23 10:16:00+05:30,435.0,435.2,434.8,435.2,53588,ITC
2025-05-23 10:17:00+05:30,435.15,435.7,435.05,435.6,95654,ITC
2025-05-23 10:18:00+05:30,435.7,435.9,435.5,435.7,76272,ITC
2025-05-23 10:19:00+05:30,435.7,436.0,435.25,435.4,158019,ITC
2025-05-23 10:20:00+05:30,435.4,435.5,434.35,434.5,63352,ITC
2025-05-23 10:21:00+05:30,434.5,435.7,434.45,435.4,131202,ITC
2025-05-23 10:22:00+05:30,435.45,436.75,435.45,436.3,212811,ITC
2025-05-23 10:23:00+05:30,436.3,436.4,435.8,436.1,68355,ITC
2025-05-23 10:24:00+05:30,436.15,436.4,435.8,435.9,75099,ITC
2025-05-23 10:25:00+05:30,436.0,436.3,435.9,436.2,50184,ITC
2025-05-23 10:26:00+05:30,436.25,436.3,435.8,436.2,59302,ITC
2025-05-23 10:27:00+05:30,436.15,436.2,435.8,435.8,72302,ITC
2025-05-23 10:28:00+05:30,435.8,435.95,435.05,435.3,94354,ITC
2025-05-23 10:29:00+05:30,435.1,435.5,435.1,435.45,58708,ITC
2025-05-23 10:30:00+05:30,435.45,435.55,435.1,435.35,49923,ITC
2025-05-23 10:31:00+05:30,435.2,435.4,435.05,435.05,47427,ITC
2025-05-23 10:32:00+05:30,435.1,435.45,435.05,435.1,42861,ITC
2025-05-23 10:33:00+05:30,435.05,435.15,434.75,435.1,172019,ITC
2025-05-23 10:34:00+05:30,435.0,435.3,434.8,435.0,62613,ITC
2025-05-23 10:35:00+05:30,435.0,435.1,434.75,434.95,43524,ITC
2025-05-23 10:36:00+05:30,435.05,435.45,434.8,435.3,37305,ITC
2025-05-23 10:37:00+05:30,435.25,435.85,435.25,435.4,52171,ITC
2025-05-23 10:38:00+05:30,435.6,435.8,435.4,435.65,37254,ITC
2025-05-23 10:39:00+05:30,435.65,435.9,435.5,435.75,33557,ITC
2025-05-23 10:40:00+05:30,435.65,436.25,435.5,436.25,54989,ITC
2025-05-23 10:41:00+05:30,436.25,436.5,436.05,436.4,52151,ITC
2025-05-23 10:42:00+05:30,436.5,437.0,436.5,437.0,167885,ITC
2025-05-23 10:43:00+05:30,436.95,437.0,436.1,436.3,48376,ITC
2025-05-23 10:44:00+05:30,436.3,436.4,436.05,436.1,34006,ITC
2025-05-23 10:45:00+05:30,436.35,436.6,436.1,436.55,45849,ITC
2025-05-23 10:46:00+05:30,436.55,436.95,436.3,436.85,50054,ITC
2025-05-23 10:47:00+05:30,436.85,437.0,436.55,436.8,68660,ITC
2025-05-23 10:48:00+05:30,436.8,436.95,436.6,436.85,55152,ITC
2025-05-23 10:49:00+05:30,436.7,437.2,436.7,437.2,95531,ITC
2025-05-23 10:50:00+05:30,437.1,437.35,437.1,437.25,73080,ITC
2025-05-23 10:51:00+05:30,437.2,437.35,437.0,437.2,46953,ITC
2025-05-23 10:52:00+05:30,437.15,437.7,437.05,437.6,110490,ITC
2025-05-23 10:53:00+05:30,437.6,437.9,437.5,437.6,95992,ITC
2025-05-23 10:54:00+05:30,437.6,437.95,437.5,437.8,90386,ITC
2025-05-23 10:55:00+05:30,437.75,438.2,437.55,437.95,265059,ITC
2025-05-23 10:56:00+05:30,437.95,438.0,437.55,437.85,67064,ITC
2025-05-23 10:57:00+05:30,437.95,438.0,437.5,437.8,68731,ITC
2025-05-23 10:58:00+05:30,437.75,438.0,437.7,437.9,30810,ITC
2025-05-23 10:59:00+05:30,437.9,437.95,437.55,437.9,45905,ITC
2025-05-23 11:00:00+05:30,437.75,437.9,437.5,437.75,51553,ITC
2025-05-23 11:01:00+05:30,437.75,437.9,437.65,437.65,40277,ITC
2025-05-23 11:02:00+05:30,437.7,437.8,437.35,437.65,83112,ITC
2025-05-23 11:03:00+05:30,437.5,437.7,437.4,437.4,32493,ITC
2025-05-23 11:04:00+05:30,437.55,437.6,437.1,437.2,30979,ITC
2025-05-23 11:05:00+05:30,437.2,437.4,437.05,437.2,31069,ITC
2025-05-23 11:06:00+05:30,437.3,437.4,437.1,437.2,26302,ITC
2025-05-23 11:07:00+05:30,437.2,437.4,437.2,437.25,14951,ITC
2025-05-23 11:08:00+05:30,437.3,437.5,437.25,437.5,31319,ITC
2025-05-23 11:09:00+05:30,437.45,437.5,437.25,437.35,23802,ITC
2025-05-23 11:10:00+05:30,437.35,437.8,437.2,437.75,78671,ITC
2025-05-23 11:11:00+05:30,437.7,437.9,437.6,437.8,35316,ITC
2025-05-23 11:12:00+05:30,437.9,437.95,437.7,437.9,27281,ITC
2025-05-23 11:13:00+05:30,437.95,438.2,437.7,438.15,107373,ITC
2025-05-23 11:14:00+05:30,438.15,438.45,438.0,438.15,56582,ITC
2025-05-23 11:15:00+05:30,438.0,438.15,437.7,437.75,31061,ITC
2025-05-23 11:16:00+05:30,437.9,437.95,437.5,437.8,26452,ITC
2025-05-23 11:17:00+05:30,437.85,437.95,437.5,437.8,34423,ITC
2025-05-23 11:18:00+05:30,437.95,438.2,437.8,438.1,33435,ITC
2025-05-23 11:19:00+05:30,438.0,438.45,438.0,438.45,33244,ITC
2025-05-23 11:20:00+05:30,438.25,438.7,438.15,438.6,58541,ITC
2025-05-23 11:21:00+05:30,438.6,438.6,438.05,438.3,32786,ITC
2025-05-23 11:22:00+05:30,438.25,438.4,438.05,438.15,29948,ITC
2025-05-23 11:23:00+05:30,438.3,438.35,438.05,438.3,28447,ITC
2025-05-23 11:24:00+05:30,438.3,438.3,437.9,438.15,28572,ITC
2025-05-23 11:25:00+05:30,438.05,438.2,437.95,438.0,23481,ITC
2025-05-23 11:26:00+05:30,438.2,438.2,438.0,438.1,20970,ITC
2025-05-23 11:27:00+05:30,438.05,438.2,437.9,438.2,36856,ITC
2025-05-23 11:28:00+05:30,438.2,438.55,438.15,438.25,61736,ITC
2025-05-23 11:29:00+05:30,438.25,438.5,438.15,438.5,21804,ITC
2025-05-23 11:30:00+05:30,438.5,438.8,438.3,438.65,45516,ITC
2025-05-23 11:31:00+05:30,438.7,438.9,438.4,438.65,58518,ITC
2025-05-23 11:32:00+05:30,438.8,438.85,438.6,438.7,64052,ITC
2025-05-23 11:33:00+05:30,438.7,438.95,438.6,438.85,69600,ITC
2025-05-23 11:34:00+05:30,438.85,439.0,438.55,438.75,93919,ITC
2025-05-23 11:35:00+05:30,438.75,438.95,438.55,438.9,57448,ITC
2025-05-23 11:36:00+05:30,438.85,439.0,438.7,438.9,34921,ITC
2025-05-23 11:37:00+05:30,438.8,438.85,438.55,438.75,45097,ITC
2025-05-23 11:38:00+05:30,438.75,438.85,438.5,438.75,41482,ITC
2025-05-23 11:39:00+05:30,438.75,438.9,438.6,438.9,32807,ITC
2025-05-23 11:40:00+05:30,438.7,439.0,438.7,438.95,30656,ITC
2025-05-23 11:41:00+05:30,438.8,438.95,438.8,438.9,26564,ITC
2025-05-23 11:42:00+05:30,438.9,438.95,438.8,438.8,36296,ITC
2025-05-23 11:43:00+05:30,438.8,438.95,438.7,438.75,22226,ITC
2025-05-23 11:44:00+05:30,438.75,438.9,438.55,438.75,38391,ITC
2025-05-23 11:45:00+05:30,438.85,438.95,438.6,438.8,34093,ITC
2025-05-23 11:46:00+05:30,438.8,438.9,438.25,438.85,80398,ITC
2025-05-23 11:47:00+05:30,438.9,439.0,438.6,438.8,53026,ITC
2025-05-23 11:48:00+05:30,438.8,438.95,438.45,438.45,29017,ITC
2025-05-23 11:49:00+05:30,438.45,438.6,437.1,437.25,134394,ITC
2025-05-23 11:50:00+05:30,437.4,438.0,437.35,437.75,65137,ITC
2025-05-23 11:51:00+05:30,437.8,438.25,437.7,437.95,37090,ITC
2025-05-23 11:52:00+05:30,438.0,438.0,437.4,437.65,56474,ITC
2025-05-23 11:53:00+05:30,437.6,437.9,437.55,437.75,32474,ITC
2025-05-23 11:54:00+05:30,437.7,438.0,437.6,437.85,29856,ITC
2025-05-23 11:55:00+05:30,437.85,438.0,437.6,437.6,28410,ITC
2025-05-23 11:56:00+05:30,437.65,438.0,437.65,437.8,34805,ITC
2025-05-23 11:57:00+05:30,437.8,438.0,437.65,437.85,26072,ITC
2025-05-23 11:58:00+05:30,437.65,437.9,437.6,437.85,39282,ITC
2025-05-23 11:59:00+05:30,437.75,437.95,437.6,437.75,29259,ITC
2025-05-23 12:00:00+05:30,437.8,438.2,437.65,438.15,156474,ITC
2025-05-23 12:01:00+05:30,438.05,438.2,437.75,437.9,38170,ITC
2025-05-23 12:02:00+05:30,437.85,438.05,437.7,437.8,34332,ITC
2025-05-23 12:03:00+05:30,438.0,438.1,437.65,437.65,25914,ITC
2025-05-23 12:04:00+05:30,437.65,438.0,437.65,437.85,31377,ITC
2025-05-23 12:05:00+05:30,437.65,437.85,437.6,437.65,18524,ITC
2025-05-23 12:06:00+05:30,437.6,437.9,437.6,437.65,28747,ITC
2025-05-23 12:07:00+05:30,437.65,437.95,437.6,437.9,25017,ITC
2025-05-23 12:08:00+05:30,437.95,438.5,437.75,438.4,44237,ITC
2025-05-23 12:09:00+05:30,438.4,438.45,437.8,438.0,13208,ITC
2025-05-23 12:10:00+05:30,437.95,437.95,437.3,437.6,47620,ITC
2025-05-23 12:11:00+05:30,437.5,437.6,437.0,437.15,65613,ITC
2025-05-23 12:12:00+05:30,437.1,437.5,436.95,437.3,41764,ITC
2025-05-23 12:13:00+05:30,437.1,437.35,436.75,437.2,69880,ITC
2025-05-23 12:14:00+05:30,437.0,437.5,437.0,437.15,41852,ITC
2025-05-23 12:15:00+05:30,437.05,437.2,436.85,437.0,22661,ITC
2025-05-23 12:16:00+05:30,437.0,437.1,436.8,437.0,30853,ITC
2025-05-23 12:17:00+05:30,437.0,437.2,436.8,437.0,42749,ITC
2025-05-23 12:18:00+05:30,436.8,437.05,436.8,436.8,27420,ITC
2025-05-23 12:19:00+05:30,436.8,437.0,436.2,436.25,118637,ITC
2025-05-23 12:20:00+05:30,436.4,436.45,436.25,436.45,32657,ITC
2025-05-23 12:21:00+05:30,436.25,436.45,436.2,436.25,53647,ITC
2025-05-23 12:22:00+05:30,436.3,436.45,436.25,436.45,43078,ITC
2025-05-23 12:23:00+05:30,436.35,436.9,436.3,436.85,23776,ITC
2025-05-23 12:24:00+05:30,436.9,437.0,436.75,436.85,24666,ITC
2025-05-23 12:25:00+05:30,436.95,437.0,436.7,436.9,16883,ITC
2025-05-23 12:26:00+05:30,436.9,437.0,436.6,437.0,22365,ITC
2025-05-23 12:27:00+05:30,436.8,437.0,436.7,436.9,18871,ITC
2025-05-23 12:28:00+05:30,436.7,437.0,436.65,436.9,20339,ITC
2025-05-23 12:29:00+05:30,436.7,436.9,436.55,436.8,49908,ITC
2025-05-23 12:30:00+05:30,436.75,436.8,436.6,436.8,19358,ITC
2025-05-23 12:31:00+05:30,436.75,436.85,436.65,436.7,20273,ITC
2025-05-23 12:32:00+05:30,436.85,437.45,436.7,437.45,42340,ITC
2025-05-23 12:33:00+05:30,437.45,437.45,437.25,437.45,16507,ITC
2025-05-23 12:34:00+05:30,437.45,437.75,437.15,437.75,25818,ITC
2025-05-23 12:35:00+05:30,437.7,438.0,437.5,438.0,33249,ITC
2025-05-23 12:36:00+05:30,437.85,438.2,437.85,438.15,34490,ITC
2025-05-23 12:37:00+05:30,438.15,438.3,437.95,438.05,31469,ITC
2025-05-23 12:38:00+05:30,438.2,438.4,438.05,438.3,20911,ITC
2025-05-23 12:39:00+05:30,438.3,438.3,438.0,438.15,37725,ITC
2025-05-23 12:40:00+05:30,438.2,438.2,437.55,437.85,33644,ITC
2025-05-23 12:41:00+05:30,437.85,437.85,437.6,437.75,13922,ITC
2025-05-23 12:42:00+05:30,437.6,438.0,437.45,437.9,46903,ITC
2025-05-23 12:43:00+05:30,438.0,438.35,437.9,438.1,34529,ITC
2025-05-23 12:44:00+05:30,438.1,438.25,437.7,437.75,14259,ITC
2025-05-23 12:45:00+05:30,437.75,437.95,437.45,437.65,38627,ITC
2025-05-23 12:46:00+05:30,437.85,437.95,437.65,437.9,14852,ITC
2025-05-23 12:47:00+05:30,437.75,437.9,437.5,437.5,16648,ITC
2025-05-23 12:48:00+05:30,437.65,438.0,437.4,437.75,19217,ITC
2025-05-23 12:49:00+05:30,437.75,438.0,437.75,438.0,11771,ITC
2025-05-23 12:50:00+05:30,437.85,438.25,437.55,438.2,34714,ITC
2025-05-23 12:51:00+05:30,438.2,438.2,437.8,438.0,17485,ITC
2025-05-23 12:52:00+05:30,438.0,438.0,437.7,437.8,22660,ITC
2025-05-23 12:53:00+05:30,437.95,438.0,437.8,437.8,16929,ITC
2025-05-23 12:54:00+05:30,438.0,438.0,437.7,437.85,15364,ITC
2025-05-23 12:55:00+05:30,437.75,437.85,437.45,437.45,21661,ITC
2025-05-23 12:56:00+05:30,437.5,438.0,437.4,438.0,29362,ITC
2025-05-23 12:57:00+05:30,438.0,438.0,437.7,437.7,12503,ITC
2025-05-23 12:58:00+05:30,437.8,437.95,437.65,437.9,21358,ITC
2025-05-23 12:59:00+05:30,437.9,437.95,437.6,437.8,16445,ITC
2025-05-23 13:00:00+05:30,437.8,437.8,437.55,437.55,17999,ITC
2025-05-23 13:01:00+05:30,437.7,438.0,437.55,437.7,52353,ITC
2025-05-23 13:02:00+05:30,437.7,438.1,437.7,438.0,18181,ITC
2025-05-23 13:03:00+05:30,438.0,438.15,437.9,437.95,17250,ITC
2025-05-23 13:04:00+05:30,438.05,438.1,437.8,437.9,17353,ITC
2025-05-23 13:05:00+05:30,437.95,438.0,437.85,437.9,14930,ITC
2025-05-23 13:06:00+05:30,437.9,438.0,437.75,438.0,26707,ITC
2025-05-23 13:07:00+05:30,438.0,438.0,437.7,437.8,13116,ITC
2025-05-23 13:08:00+05:30,437.8,437.95,437.7,437.95,17813,ITC
2025-05-23 13:09:00+05:30,437.85,437.95,437.7,437.75,11902,ITC
2025-05-23 13:10:00+05:30,437.75,437.9,437.3,437.5,25703,ITC
2025-05-23 13:11:00+05:30,437.5,437.55,437.3,437.5,18104,ITC
2025-05-23 13:12:00+05:30,437.5,437.5,437.15,437.4,14996,ITC
2025-05-23 13:13:00+05:30,437.45,437.5,436.75,436.85,31308,ITC
2025-05-23 13:14:00+05:30,437.0,437.3,436.8,437.3,19570,ITC
2025-05-23 13:15:00+05:30,437.3,437.3,437.0,437.25,18740,ITC
2025-05-23 13:16:00+05:30,437.25,437.5,437.0,437.3,17434,ITC
2025-05-23 13:17:00+05:30,437.15,437.35,437.05,437.25,10520,ITC
2025-05-23 13:18:00+05:30,437.05,437.35,437.05,437.15,17446,ITC
2025-05-23 13:19:00+05:30,437.3,437.4,437.05,437.15,15114,ITC
2025-05-23 13:20:00+05:30,437.1,437.4,437.05,437.4,18600,ITC
2025-05-23 13:21:00+05:30,437.2,437.5,437.15,437.2,11459,ITC
2025-05-23 13:22:00+05:30,437.3,437.45,437.15,437.2,15268,ITC
2025-05-23 13:23:00+05:30,437.4,437.55,437.3,437.5,18385,ITC
2025-05-23 13:24:00+05:30,437.35,437.55,437.2,437.25,16169,ITC
2025-05-23 13:25:00+05:30,437.4,437.55,437.2,437.5,10704,ITC
2025-05-23 13:26:00+05:30,437.3,437.55,437.25,437.5,14694,ITC
2025-05-23 13:27:00+05:30,437.45,437.5,437.2,437.35,15972,ITC
2025-05-23 13:28:00+05:30,437.35,437.55,437.2,437.4,18549,ITC
2025-05-23 13:29:00+05:30,437.3,437.6,437.2,437.4,12203,ITC
2025-05-23 13:30:00+05:30,437.4,437.55,437.2,437.35,20807,ITC
2025-05-23 13:31:00+05:30,437.35,437.5,437.1,437.4,18856,ITC
2025-05-23 13:32:00+05:30,437.2,437.4,436.85,436.95,31249,ITC
2025-05-23 13:33:00+05:30,436.95,437.1,436.6,436.8,28430,ITC
2025-05-23 13:34:00+05:30,436.75,437.05,436.7,436.7,22055,ITC
2025-05-23 13:35:00+05:30,436.95,437.0,436.55,436.85,18016,ITC
2025-05-23 13:36:00+05:30,436.85,436.95,436.5,436.85,22892,ITC
2025-05-23 13:37:00+05:30,436.6,437.1,436.6,436.95,63351,ITC
2025-05-23 13:38:00+05:30,436.95,437.0,436.7,436.9,16998,ITC
2025-05-23 13:39:00+05:30,436.9,436.95,436.7,436.9,12042,ITC
2025-05-23 13:40:00+05:30,436.9,437.0,436.7,436.9,15202,ITC
2025-05-23 13:41:00+05:30,436.9,437.0,436.6,436.85,14425,ITC
2025-05-23 13:42:00+05:30,436.65,436.95,436.6,436.7,16921,ITC
2025-05-23 13:43:00+05:30,436.7,436.9,436.3,436.35,36199,ITC
2025-05-23 13:44:00+05:30,436.55,436.7,436.25,436.65,31337,ITC
2025-05-23 13:45:00+05:30,436.65,436.7,436.4,436.5,20631,ITC
2025-05-23 13:46:00+05:30,436.5,436.55,436.15,436.25,37987,ITC
2025-05-23 13:47:00+05:30,436.45,436.45,436.2,436.4,15980,ITC
2025-05-23 13:48:00+05:30,436.3,436.6,436.3,436.35,21434,ITC
2025-05-23 13:49:00+05:30,436.35,436.55,436.0,436.25,55821,ITC
2025-05-23 13:50:00+05:30,436.25,436.3,436.0,436.05,25588,ITC
2025-05-23 13:51:00+05:30,436.25,436.3,436.1,436.3,10766,ITC
2025-05-23 13:52:00+05:30,436.3,436.45,436.1,436.2,14383,ITC
2025-05-23 13:53:00+05:30,436.35,436.7,436.2,436.5,15843,ITC
2025-05-23 13:54:00+05:30,436.5,436.65,436.2,436.3,13028,ITC
2025-05-23 13:55:00+05:30,436.3,436.55,436.25,436.3,9539,ITC
2025-05-23 13:56:00+05:30,436.3,436.6,436.3,436.5,11822,ITC
2025-05-23 13:57:00+05:30,436.55,436.7,436.4,436.6,12657,ITC
2025-05-23 13:58:00+05:30,436.45,436.6,436.35,436.5,10784,ITC
2025-05-23 13:59:00+05:30,436.5,436.6,436.3,436.4,10769,ITC
2025-05-23 14:00:00+05:30,436.55,436.85,436.4,436.85,11305,ITC
2025-05-23 14:01:00+05:30,436.85,437.0,436.7,436.8,11661,ITC
2025-05-23 14:02:00+05:30,436.9,436.95,436.65,436.85,11338,ITC
2025-05-23 14:03:00+05:30,436.85,436.95,436.6,436.75,22117,ITC
2025-05-23 14:04:00+05:30,436.95,436.95,436.7,436.7,18280,ITC
2025-05-23 14:05:00+05:30,436.9,436.95,436.7,436.85,16232,ITC
2025-05-23 14:06:00+05:30,436.95,437.0,436.65,436.7,19793,ITC
2025-05-23 14:07:00+05:30,436.7,436.95,436.6,436.85,18641,ITC
2025-05-23 14:08:00+05:30,436.85,436.95,436.7,436.7,13894,ITC
2025-05-23 14:09:00+05:30,436.7,436.95,436.65,436.65,10731,ITC
2025-05-23 14:10:00+05:30,436.85,436.95,436.65,436.7,11739,ITC
2025-05-23 14:11:00+05:30,436.7,436.9,436.6,436.85,17793,ITC
2025-05-23 14:12:00+05:30,436.9,436.9,436.6,436.6,17533,ITC
2025-05-23 14:13:00+05:30,436.8,436.8,436.4,436.7,16532,ITC
2025-05-23 14:14:00+05:30,436.65,436.75,436.45,436.65,11472,ITC
2025-05-23 14:15:00+05:30,436.5,436.75,436.45,436.5,10232,ITC
2025-05-23 14:16:00+05:30,436.7,436.95,436.5,436.75,25352,ITC
2025-05-23 14:17:00+05:30,436.85,436.85,436.55,436.65,12908,ITC
2025-05-23 14:18:00+05:30,436.8,436.9,436.55,436.8,14141,ITC
2025-05-23 14:19:00+05:30,436.8,436.95,436.65,436.75,16256,ITC
2025-05-23 14:20:00+05:30,436.75,436.95,436.7,436.9,14963,ITC
2025-05-23 14:21:00+05:30,436.9,436.95,436.45,436.8,66254,ITC
2025-05-23 14:22:00+05:30,436.75,436.95,436.55,436.7,15460,ITC
2025-05-23 14:23:00+05:30,436.7,436.7,436.4,436.5,32020,ITC
2025-05-23 14:24:00+05:30,436.45,436.5,436.4,436.4,32619,ITC
2025-05-23 14:25:00+05:30,436.5,436.5,436.4,436.45,15131,ITC
2025-05-23 14:26:00+05:30,436.5,436.75,436.4,436.7,23272,ITC
2025-05-23 14:27:00+05:30,436.7,436.75,436.45,436.45,16563,ITC
2025-05-23 14:28:00+05:30,436.5,436.65,436.45,436.65,19574,ITC
2025-05-23 14:29:00+05:30,436.65,436.65,436.3,436.35,23780,ITC
2025-05-23 14:30:00+05:30,436.35,436.4,436.1,436.2,21948,ITC
2025-05-23 14:31:00+05:30,436.2,436.25,436.1,436.15,12717,ITC
2025-05-23 14:32:00+05:30,436.25,436.5,436.15,436.4,25496,ITC
2025-05-23 14:33:00+05:30,436.5,436.5,436.2,436.3,21239,ITC
2025-05-23 14:34:00+05:30,436.35,436.5,436.25,436.3,17594,ITC
2025-05-23 14:35:00+05:30,436.4,436.45,436.05,436.1,32751,ITC
2025-05-23 14:36:00+05:30,436.3,436.5,436.15,436.25,17452,ITC
2025-05-23 14:37:00+05:30,436.45,436.45,436.15,436.4,10774,ITC
2025-05-23 14:38:00+05:30,436.3,436.5,436.1,436.15,37271,ITC
2025-05-23 14:39:00+05:30,436.25,436.25,436.1,436.25,16955,ITC
2025-05-23 14:40:00+05:30,436.25,436.5,436.15,436.45,29619,ITC
2025-05-23 14:41:00+05:30,436.5,436.5,436.25,436.5,18179,ITC
2025-05-23 14:42:00+05:30,436.5,436.5,436.15,436.35,18804,ITC
2025-05-23 14:43:00+05:30,436.35,436.5,436.15,436.15,42329,ITC
2025-05-23 14:44:00+05:30,436.25,436.5,436.15,436.4,23973,ITC
2025-05-23 14:45:00+05:30,436.4,436.5,436.15,436.4,25062,ITC
2025-05-23 14:46:00+05:30,436.4,436.5,436.25,436.45,37722,ITC
2025-05-23 14:47:00+05:30,436.3,436.5,436.25,436.5,18223,ITC
2025-05-23 14:48:00+05:30,436.35,436.5,436.3,436.5,17869,ITC
2025-05-23 14:49:00+05:30,436.5,436.5,436.25,436.3,26588,ITC
2025-05-23 14:50:00+05:30,436.3,436.5,436.15,436.5,44585,ITC
2025-05-23 14:51:00+05:30,436.3,436.5,436.1,436.5,58204,ITC
2025-05-23 14:52:00+05:30,436.5,436.5,436.2,436.3,100431,ITC
2025-05-23 14:53:00+05:30,436.5,436.5,436.25,436.25,49772,ITC
2025-05-23 14:54:00+05:30,436.25,436.5,436.25,436.3,29979,ITC
2025-05-23 14:55:00+05:30,436.3,436.5,436.2,436.35,34666,ITC
2025-05-23 14:56:00+05:30,436.35,436.5,436.2,436.25,20713,ITC
2025-05-23 14:57:00+05:30,436.25,436.45,436.05,436.05,29612,ITC
2025-05-23 14:58:00+05:30,436.25,436.25,435.6,436.0,89534,ITC
2025-05-23 14:59:00+05:30,435.95,436.25,435.75,436.2,39783,ITC
2025-05-23 15:00:00+05:30,436.2,436.5,436.05,436.5,60217,ITC
2025-05-23 15:01:00+05:30,436.5,436.5,436.25,436.4,54388,ITC
2025-05-23 15:02:00+05:30,436.4,436.75,436.4,436.45,100375,ITC
2025-05-23 15:03:00+05:30,436.45,436.7,436.4,436.55,16603,ITC
2025-05-23 15:04:00+05:30,436.55,436.75,436.45,436.5,57523,ITC
2025-05-23 15:05:00+05:30,436.5,437.0,436.5,436.95,46327,ITC
2025-05-23 15:06:00+05:30,436.95,437.0,436.75,436.8,35909,ITC
2025-05-23 15:07:00+05:30,436.8,436.95,436.45,436.55,33822,ITC
2025-05-23 15:08:00+05:30,436.6,436.9,436.5,436.75,40778,ITC
2025-05-23 15:09:00+05:30,436.6,436.8,436.4,436.5,53995,ITC
2025-05-23 15:10:00+05:30,436.5,436.5,436.1,436.5,60676,ITC
2025-05-23 15:11:00+05:30,436.5,436.5,436.25,436.25,29443,ITC
2025-05-23 15:12:00+05:30,436.25,436.5,436.25,436.4,34364,ITC
2025-05-23 15:13:00+05:30,436.4,436.5,436.25,436.45,33240,ITC
2025-05-23 15:14:00+05:30,436.4,436.7,436.25,436.25,94832,ITC
2025-05-23 15:15:00+05:30,436.25,436.5,436.0,436.1,55192,ITC
2025-05-23 15:16:00+05:30,436.1,436.4,436.0,436.2,71560,ITC
2025-05-23 15:17:00+05:30,436.15,436.2,436.0,436.05,55400,ITC
2025-05-23 15:18:00+05:30,436.0,436.3,435.9,436.2,57000,ITC
2025-05-23 15:19:00+05:30,436.2,436.3,436.05,436.15,52707,ITC
2025-05-23 15:20:00+05:30,436.2,436.5,436.15,436.2,66126,ITC
2025-05-23 15:21:00+05:30,436.25,436.45,436.2,436.3,19229,ITC
2025-05-23 15:22:00+05:30,436.35,436.35,435.9,435.95,68535,ITC
2025-05-23 15:23:00+05:30,436.0,436.0,435.9,435.95,37364,ITC
2025-05-23 15:24:00+05:30,435.95,436.0,435.8,435.95,63016,ITC
2025-05-23 15:25:00+05:30,435.95,436.0,435.7,435.95,37823,ITC
2025-05-23 15:26:00+05:30,435.95,436.0,435.85,435.9,47467,ITC
2025-05-23 15:27:00+05:30,435.95,436.0,435.7,435.9,28071,ITC
2025-05-23 15:28:00+05:30,436.0,436.25,435.75,436.25,24585,ITC
2025-05-23 15:29:00+05:30,436.0,436.3,435.9,436.0,26315,ITC
2025-05-26 09:15:00+05:30,438.25,439.45,436.75,439.2,196205,ITC
2025-05-26 09:16:00+05:30,439.2,439.65,438.5,439.4,134214,ITC
2025-05-26 09:17:00+05:30,439.4,439.4,437.2,438.0,117373,ITC
2025-05-26 09:18:00+05:30,437.95,438.75,437.8,438.55,75352,ITC
2025-05-26 09:19:00+05:30,438.4,438.8,437.5,437.8,111803,ITC
2025-05-26 09:20:00+05:30,437.85,438.7,437.85,438.55,61256,ITC
2025-05-26 09:21:00+05:30,438.5,438.95,437.6,437.95,77534,ITC
2025-05-26 09:22:00+05:30,437.95,438.15,437.65,437.9,22582,ITC
2025-05-26 09:23:00+05:30,438.05,438.4,437.9,438.15,35504,ITC
2025-05-26 09:24:00+05:30,438.3,438.5,438.05,438.15,30210,ITC
2025-05-26 09:25:00+05:30,438.15,438.55,438.0,438.55,29813,ITC
2025-05-26 09:26:00+05:30,438.55,438.9,438.35,438.85,20382,ITC
2025-05-26 09:27:00+05:30,438.85,439.0,438.5,438.6,36111,ITC
2025-05-26 09:28:00+05:30,438.7,439.2,438.5,439.2,18403,ITC
2025-05-26 09:29:00+05:30,439.2,439.2,438.5,438.8,49658,ITC
2025-05-26 09:30:00+05:30,438.8,439.05,438.4,439.05,48601,ITC
2025-05-26 09:31:00+05:30,438.9,439.2,438.75,438.85,35849,ITC
2025-05-26 09:32:00+05:30,438.75,438.85,438.1,438.4,27432,ITC
2025-05-26 09:33:00+05:30,438.4,438.85,438.2,438.65,27049,ITC
2025-05-26 09:34:00+05:30,438.55,438.95,438.3,438.5,43162,ITC
2025-05-26 09:35:00+05:30,438.75,438.75,438.3,438.7,17746,ITC
2025-05-26 09:36:00+05:30,438.7,438.7,438.05,438.4,28803,ITC
2025-05-26 09:37:00+05:30,438.4,438.55,438.25,438.35,13681,ITC
2025-05-26 09:38:00+05:30,438.35,438.7,438.3,438.6,12184,ITC
2025-05-26 09:39:00+05:30,438.6,438.6,438.4,438.55,11733,ITC
2025-05-26 09:40:00+05:30,438.55,438.75,438.25,438.45,12185,ITC
2025-05-26 09:41:00+05:30,438.45,438.5,438.05,438.25,13103,ITC
2025-05-26 09:42:00+05:30,438.35,438.5,438.15,438.45,5003,ITC
2025-05-26 09:43:00+05:30,438.45,438.5,438.0,438.25,22493,ITC
2025-05-26 09:44:00+05:30,438.35,438.5,438.1,438.45,16214,ITC
2025-05-26 09:45:00+05:30,438.45,438.85,438.2,438.75,29982,ITC
2025-05-26 09:46:00+05:30,438.75,439.2,438.55,439.1,33907,ITC
2025-05-26 09:47:00+05:30,439.2,439.2,438.75,439.0,20343,ITC
2025-05-26 09:48:00+05:30,439.1,439.2,438.9,439.1,16795,ITC
2025-05-26 09:49:00+05:30,439.1,439.15,438.85,438.9,14954,ITC
2025-05-26 09:50:00+05:30,439.1,439.2,438.9,439.0,6322,ITC
2025-05-26 09:51:00+05:30,439.15,439.15,438.8,439.1,15973,ITC
2025-05-26 09:52:00+05:30,439.1,439.55,438.95,439.5,46499,ITC
2025-05-26 09:53:00+05:30,439.55,439.8,439.45,439.5,32106,ITC
2025-05-26 09:54:00+05:30,439.6,439.7,439.2,439.2,19503,ITC
2025-05-26 09:55:00+05:30,439.2,439.25,438.9,439.0,19292,ITC
2025-05-26 09:56:00+05:30,439.0,439.15,438.8,438.95,14897,ITC
2025-05-26 09:57:00+05:30,438.95,439.2,438.8,439.1,15992,ITC
2025-05-26 09:58:00+05:30,439.2,439.2,438.95,439.15,12422,ITC
2025-05-26 09:59:00+05:30,439.15,439.3,439.0,439.3,7637,ITC
2025-05-26 10:00:00+05:30,439.35,439.5,439.05,439.3,12971,ITC
2025-05-26 10:01:00+05:30,439.3,439.4,438.85,439.0,30778,ITC
2025-05-26 10:02:00+05:30,439.0,439.15,438.65,438.95,8661,ITC
2025-05-26 10:03:00+05:30,438.95,439.0,438.75,439.0,11028,ITC
2025-05-26 10:04:00+05:30,439.0,439.0,438.8,439.0,12639,ITC
2025-05-26 10:05:00+05:30,438.8,439.0,438.75,438.95,14806,ITC
2025-05-26 10:06:00+05:30,438.95,439.2,438.8,439.2,20701,ITC
2025-05-26 10:07:00+05:30,439.1,439.2,438.8,439.0,15996,ITC
2025-05-26 10:08:00+05:30,439.0,439.15,438.8,439.0,7960,ITC
2025-05-26 10:09:00+05:30,439.0,439.1,438.8,439.1,4055,ITC
2025-05-26 10:10:00+05:30,439.1,439.1,438.9,439.0,17267,ITC
2025-05-26 10:11:00+05:30,439.0,439.2,438.9,439.1,7989,ITC
2025-05-26 10:12:00+05:30,439.1,439.2,439.0,439.15,7719,ITC
2025-05-26 10:13:00+05:30,439.15,439.45,439.05,439.45,19366,ITC
2025-05-26 10:14:00+05:30,439.45,439.45,439.1,439.3,13353,ITC
2025-05-26 10:15:00+05:30,439.3,439.3,438.85,438.9,14132,ITC
2025-05-26 10:16:00+05:30,438.9,438.95,438.45,438.85,43657,ITC
2025-05-26 10:17:00+05:30,438.85,438.9,438.7,438.9,5495,ITC
2025-05-26 10:18:00+05:30,438.7,439.0,438.7,438.75,15766,ITC
2025-05-26 10:19:00+05:30,438.75,438.8,438.5,438.7,6460,ITC
2025-05-26 10:20:00+05:30,438.65,438.9,438.5,438.8,37458,ITC
2025-05-26 10:21:00+05:30,438.85,438.9,438.6,438.9,5538,ITC
2025-05-26 10:22:00+05:30,438.8,439.0,438.7,438.95,16272,ITC
2025-05-26 10:23:00+05:30,438.8,439.0,438.8,438.9,4973,ITC
2025-05-26 10:24:00+05:30,438.9,438.9,438.5,438.65,18564,ITC
2025-05-26 10:25:00+05:30,438.8,438.85,438.6,438.85,8069,ITC
2025-05-26 10:26:00+05:30,438.85,439.0,438.3,438.5,20230,ITC
2025-05-26 10:27:00+05:30,438.35,438.5,437.45,437.9,109605,ITC
2025-05-26 10:28:00+05:30,437.9,438.5,437.7,438.4,13561,ITC
2025-05-26 10:29:00+05:30,438.3,438.6,438.15,438.35,25852,ITC
2025-05-26 10:30:00+05:30,438.35,438.4,437.9,438.0,19267,ITC
2025-05-26 10:31:00+05:30,438.0,438.0,437.35,437.55,31040,ITC
2025-05-26 10:32:00+05:30,437.55,437.9,437.5,437.85,10746,ITC
2025-05-26 10:33:00+05:30,437.8,437.85,437.7,437.8,3104,ITC
2025-05-26 10:34:00+05:30,437.75,437.95,437.55,437.65,53840,ITC
2025-05-26 10:35:00+05:30,437.65,437.65,437.25,437.5,15795,ITC
2025-05-26 10:36:00+05:30,437.5,437.5,437.2,437.2,13192,ITC
2025-05-26 10:37:00+05:30,437.25,437.45,437.05,437.35,13696,ITC
2025-05-26 10:38:00+05:30,437.35,437.75,437.25,437.4,45764,ITC
2025-05-26 10:39:00+05:30,437.4,437.75,437.25,437.75,11171,ITC
2025-05-26 10:40:00+05:30,437.75,437.75,437.25,437.45,12858,ITC
2025-05-26 10:41:00+05:30,437.55,437.55,437.25,437.25,18191,ITC
2025-05-26 10:42:00+05:30,437.25,437.5,437.25,437.4,9668,ITC
2025-05-26 10:43:00+05:30,437.4,437.8,437.3,437.75,21216,ITC
2025-05-26 10:44:00+05:30,437.7,437.75,437.35,437.65,11810,ITC
2025-05-26 10:45:00+05:30,437.65,438.15,437.4,437.95,11011,ITC
2025-05-26 10:46:00+05:30,437.95,438.05,437.45,437.7,18572,ITC
2025-05-26 10:47:00+05:30,437.7,438.0,437.5,437.9,6410,ITC
2025-05-26 10:48:00+05:30,437.9,438.0,437.7,438.0,11839,ITC
2025-05-26 10:49:00+05:30,438.0,438.0,437.9,438.0,9039,ITC
2025-05-26 10:50:00+05:30,438.0,438.25,437.9,438.2,11158,ITC
2025-05-26 10:51:00+05:30,438.15,438.35,438.1,438.35,12451,ITC
2025-05-26 10:52:00+05:30,438.35,438.8,438.2,438.4,20927,ITC
2025-05-26 10:53:00+05:30,438.25,438.7,438.25,438.7,7707,ITC
2025-05-26 10:54:00+05:30,438.65,438.65,438.4,438.55,5828,ITC
2025-05-26 10:55:00+05:30,438.55,438.65,438.4,438.65,6335,ITC
2025-05-26 10:56:00+05:30,438.6,438.7,438.4,438.45,15180,ITC
2025-05-26 10:57:00+05:30,438.45,438.6,438.4,438.6,12682,ITC
2025-05-26 10:58:00+05:30,438.55,439.0,438.45,438.9,12801,ITC
2025-05-26 10:59:00+05:30,438.95,438.95,438.55,438.9,13244,ITC
2025-05-26 11:00:00+05:30,438.9,439.0,438.75,438.75,6619,ITC
2025-05-26 11:01:00+05:30,438.8,438.95,438.5,438.5,16384,ITC
2025-05-26 11:02:00+05:30,438.6,438.75,438.45,438.7,17826,ITC
2025-05-26 11:03:00+05:30,438.75,438.85,438.2,438.4,14146,ITC
2025-05-26 11:04:00+05:30,438.3,438.4,438.25,438.3,8117,ITC
2025-05-26 11:05:00+05:30,438.3,438.4,437.7,437.85,56250,ITC
2025-05-26 11:06:00+05:30,437.85,437.85,437.25,437.8,67620,ITC
2025-05-26 11:07:00+05:30,437.8,437.85,437.65,437.75,14260,ITC
2025-05-26 11:08:00+05:30,437.65,437.95,437.5,437.95,22801,ITC
2025-05-26 11:09:00+05:30,437.95,437.95,437.55,437.6,19667,ITC
2025-05-26 11:10:00+05:30,437.55,437.9,437.55,437.85,16038,ITC
2025-05-26 11:11:00+05:30,437.85,437.95,437.65,437.75,15408,ITC
2025-05-26 11:12:00+05:30,437.7,437.75,437.6,437.65,10143,ITC
2025-05-26 11:13:00+05:30,437.75,437.85,437.65,437.8,16483,ITC
2025-05-26 11:14:00+05:30,437.8,438.0,437.7,437.9,11013,ITC
2025-05-26 11:15:00+05:30,437.9,438.3,437.9,438.15,15632,ITC
2025-05-26 11:16:00+05:30,438.1,438.15,437.8,438.0,10335,ITC
2025-05-26 11:17:00+05:30,438.0,438.6,437.75,438.55,22126,ITC
2025-05-26 11:18:00+05:30,438.5,438.65,438.4,438.6,7192,ITC
2025-05-26 11:19:00+05:30,438.65,438.7,438.6,438.7,8398,ITC
2025-05-26 11:20:00+05:30,438.6,438.75,438.6,438.7,16514,ITC
2025-05-26 11:21:00+05:30,438.7,439.3,438.6,439.3,48128,ITC
2025-05-26 11:22:00+05:30,439.3,439.3,438.8,439.0,14669,ITC
2025-05-26 11:23:00+05:30,439.0,439.0,438.65,438.9,11053,ITC
2025-05-26 11:24:00+05:30,438.8,438.8,438.55,438.75,6169,ITC
2025-05-26 11:25:00+05:30,438.6,438.75,438.55,438.6,3059,ITC
2025-05-26 11:26:00+05:30,438.6,438.7,438.45,438.45,19433,ITC
2025-05-26 11:27:00+05:30,438.5,438.5,438.25,438.3,9682,ITC
2025-05-26 11:28:00+05:30,438.3,438.75,438.0,438.05,13232,ITC
2025-05-26 11:29:00+05:30,438.0,438.3,438.0,438.3,4902,ITC
2025-05-26 11:30:00+05:30,438.3,438.35,438.15,438.15,3194,ITC
2025-05-26 11:31:00+05:30,438.2,438.4,438.1,438.1,8024,ITC
2025-05-26 11:32:00+05:30,438.1,438.2,438.0,438.1,5848,ITC
2025-05-26 11:33:00+05:30,438.15,438.15,437.7,437.7,15442,ITC
2025-05-26 11:34:00+05:30,437.7,438.05,437.65,437.85,20786,ITC
2025-05-26 11:35:00+05:30,437.85,437.85,437.4,437.4,88827,ITC
2025-05-26 11:36:00+05:30,437.4,437.75,437.0,437.3,62016,ITC
2025-05-26 11:37:00+05:30,437.4,437.45,437.1,437.35,13225,ITC
2025-05-26 11:38:00+05:30,437.35,437.45,437.2,437.25,6912,ITC
2025-05-26 11:39:00+05:30,437.2,438.2,437.0,437.15,207860,ITC
2025-05-26 11:40:00+05:30,437.2,437.4,437.05,437.4,19626,ITC
2025-05-26 11:41:00+05:30,437.35,437.55,437.2,437.4,6813,ITC
2025-05-26 11:42:00+05:30,437.2,437.4,437.1,437.15,14793,ITC
2025-05-26 11:43:00+05:30,437.3,437.3,437.0,437.15,17741,ITC
2025-05-26 11:44:00+05:30,437.15,437.2,437.05,437.2,2087,ITC
2025-05-26 11:45:00+05:30,437.15,437.45,437.15,437.25,10184,ITC
2025-05-26 11:46:00+05:30,437.25,438.05,437.25,437.7,155354,ITC
2025-05-26 11:47:00+05:30,437.7,437.9,437.6,437.75,15258,ITC
2025-05-26 11:48:00+05:30,437.75,437.95,437.4,437.95,49187,ITC
2025-05-26 11:49:00+05:30,437.7,438.55,437.7,438.15,347271,ITC
2025-05-26 11:50:00+05:30,438.2,438.95,437.85,438.8,438761,ITC
2025-05-26 11:51:00+05:30,438.8,439.0,438.55,438.8,222799,ITC
2025-05-26 11:52:00+05:30,438.8,439.25,438.8,439.05,52694,ITC
2025-05-26 11:53:00+05:30,439.2,439.45,439.0,439.15,126141,ITC
2025-05-26 11:54:00+05:30,439.2,439.45,439.05,439.2,101150,ITC
2025-05-26 11:55:00+05:30,439.2,439.6,439.05,439.15,114629,ITC
2025-05-26 11:56:00+05:30,439.15,439.35,439.05,439.2,16245,ITC
2025-05-26 11:57:00+05:30,439.2,439.3,439.0,439.2,2446,ITC
2025-05-26 11:58:00+05:30,439.2,439.5,439.05,439.1,20194,ITC
2025-05-26 11:59:00+05:30,439.1,439.1,438.8,438.9,33562,ITC
2025-05-26 12:00:00+05:30,439.0,439.0,438.8,439.0,4869,ITC
2025-05-26 12:01:00+05:30,438.95,439.2,438.8,438.85,16274,ITC
2025-05-26 12:02:00+05:30,438.85,439.15,438.85,439.0,17485,ITC
2025-05-26 12:03:00+05:30,439.15,439.2,438.95,439.0,19294,ITC
2025-05-26 12:04:00+05:30,438.95,439.3,438.95,439.0,34887,ITC
2025-05-26 12:05:00+05:30,439.1,439.35,439.0,439.2,13030,ITC
2025-05-26 12:06:00+05:30,439.4,439.45,439.2,439.4,4666,ITC
2025-05-26 12:07:00+05:30,439.4,439.5,439.25,439.25,16250,ITC
2025-05-26 12:08:00+05:30,439.35,439.55,439.2,439.3,14541,ITC
2025-05-26 12:09:00+05:30,439.2,439.25,439.0,439.0,13928,ITC
2025-05-26 12:10:00+05:30,439.0,439.2,439.0,439.05,28938,ITC
2025-05-26 12:11:00+05:30,439.05,439.15,439.0,439.1,16670,ITC
2025-05-26 12:12:00+05:30,439.1,439.25,439.0,439.25,4275,ITC
2025-05-26 12:13:00+05:30,439.15,439.5,439.05,439.4,20138,ITC
2025-05-26 12:14:00+05:30,439.4,439.4,439.15,439.25,5443,ITC
2025-05-26 12:15:00+05:30,439.2,439.25,439.05,439.2,20736,ITC
2025-05-26 12:16:00+05:30,439.2,439.2,439.0,439.15,9337,ITC
2025-05-26 12:17:00+05:30,439.15,439.15,439.0,439.15,14469,ITC
2025-05-26 12:18:00+05:30,439.15,439.15,439.0,439.0,34393,ITC
2025-05-26 12:19:00+05:30,439.05,439.25,439.0,439.15,344674,ITC
2025-05-26 12:20:00+05:30,439.0,439.35,439.0,439.3,10920,ITC
2025-05-26 12:21:00+05:30,439.2,439.35,439.1,439.1,13757,ITC
2025-05-26 12:22:00+05:30,439.1,439.25,439.1,439.2,4212,ITC
2025-05-26 12:23:00+05:30,439.2,439.2,439.1,439.15,8474,ITC
2025-05-26 12:24:00+05:30,439.2,439.25,439.0,439.25,29198,ITC
2025-05-26 12:25:00+05:30,439.1,439.25,439.05,439.2,3988,ITC
2025-05-26 12:26:00+05:30,439.25,439.25,439.05,439.1,7869,ITC
2025-05-26 12:27:00+05:30,439.2,439.6,439.1,439.3,118710,ITC
2025-05-26 12:28:00+05:30,439.3,439.55,439.15,439.3,15661,ITC
2025-05-26 12:29:00+05:30,439.3,439.75,439.15,439.6,55672,ITC
2025-05-26 12:30:00+05:30,439.7,440.4,439.6,440.05,278566,ITC
2025-05-26 12:31:00+05:30,440.05,440.35,440.0,440.25,26282,ITC
2025-05-26 12:32:00+05:30,440.25,441.0,440.25,440.75,225836,ITC
2025-05-26 12:33:00+05:30,440.65,440.75,439.8,440.05,47024,ITC
2025-05-26 12:34:00+05:30,440.05,440.2,440.0,440.2,14187,ITC
2025-05-26 12:35:00+05:30,440.2,440.35,440.1,440.1,21643,ITC
2025-05-26 12:36:00+05:30,440.2,440.25,439.5,439.85,31468,ITC
2025-05-26 12:37:00+05:30,439.95,440.3,439.85,440.3,24277,ITC
2025-05-26 12:38:00+05:30,440.25,440.4,440.1,440.15,20929,ITC
2025-05-26 12:39:00+05:30,440.15,440.4,439.9,440.15,19117,ITC
2025-05-26 12:40:00+05:30,440.05,440.35,440.0,440.05,16632,ITC
2025-05-26 12:41:00+05:30,440.05,440.2,440.0,440.0,18169,ITC
2025-05-26 12:42:00+05:30,440.2,440.2,440.0,440.0,10207,ITC
2025-05-26 12:43:00+05:30,440.0,440.0,439.5,439.85,39882,ITC
2025-05-26 12:44:00+05:30,439.85,440.0,439.6,439.6,16967,ITC
2025-05-26 12:45:00+05:30,439.6,439.85,439.45,439.85,8657,ITC
2025-05-26 12:46:00+05:30,439.7,439.9,439.6,439.8,12011,ITC
2025-05-26 12:47:00+05:30,439.6,439.75,439.5,439.55,7932,ITC
2025-05-26 12:48:00+05:30,439.55,439.6,439.5,439.55,9055,ITC
2025-05-26 12:49:00+05:30,439.5,439.95,439.5,439.7,14734,ITC
2025-05-26 12:50:00+05:30,439.75,439.9,439.65,439.85,5075,ITC
2025-05-26 12:51:00+05:30,439.6,439.9,439.6,439.7,11181,ITC
2025-05-26 12:52:00+05:30,439.7,440.0,439.7,439.7,11290,ITC
2025-05-26 12:53:00+05:30,439.9,439.9,439.65,439.75,5466,ITC
2025-05-26 12:54:00+05:30,439.75,439.9,439.65,439.8,5623,ITC
2025-05-26 12:55:00+05:30,439.8,439.85,439.6,439.75,6919,ITC
2025-05-26 12:56:00+05:30,439.65,439.75,439.1,439.3,71193,ITC
2025-05-26 12:57:00+05:30,439.35,439.75,439.3,439.75,9551,ITC
2025-05-26 12:58:00+05:30,439.75,439.9,439.7,439.9,4462,ITC
2025-05-26 12:59:00+05:30,439.9,439.9,439.55,439.75,13132,ITC
2025-05-26 13:00:00+05:30,439.7,439.85,439.65,439.8,7750,ITC
2025-05-26 13:01:00+05:30,439.7,440.55,439.7,440.4,39856,ITC
2025-05-26 13:02:00+05:30,440.25,440.6,440.15,440.6,24919,ITC
2025-05-26 13:03:00+05:30,440.55,440.85,440.5,440.7,36142,ITC
2025-05-26 13:04:00+05:30,440.7,440.8,440.6,440.75,15228,ITC
2025-05-26 13:05:00+05:30,440.75,440.8,440.55,440.6,12054,ITC
2025-05-26 13:06:00+05:30,440.75,440.95,440.6,440.65,24208,ITC
2025-05-26 13:07:00+05:30,440.65,440.65,440.1,440.1,38165,ITC
2025-05-26 13:08:00+05:30,440.1,440.45,440.05,440.25,40378,ITC
2025-05-26 13:09:00+05:30,440.25,440.5,440.25,440.3,9037,ITC
2025-05-26 13:10:00+05:30,440.35,440.4,440.1,440.35,7174,ITC
2025-05-26 13:11:00+05:30,440.35,440.6,440.25,440.3,36278,ITC
2025-05-26 13:12:00+05:30,440.55,440.55,440.3,440.45,7681,ITC
2025-05-26 13:13:00+05:30,440.45,440.45,440.1,440.35,6652,ITC
2025-05-26 13:14:00+05:30,440.35,440.4,440.1,440.3,13180,ITC
2025-05-26 13:15:00+05:30,440.2,440.3,440.1,440.15,13436,ITC
2025-05-26 13:16:00+05:30,440.15,440.35,440.1,440.25,5343,ITC
2025-05-26 13:17:00+05:30,440.25,440.4,440.15,440.4,8668,ITC
2025-05-26 13:18:00+05:30,440.25,440.4,440.2,440.25,4587,ITC
2025-05-26 13:19:00+05:30,440.4,440.5,440.25,440.5,7212,ITC
2025-05-26 13:20:00+05:30,440.4,440.5,440.2,440.5,14827,ITC
2025-05-26 13:21:00+05:30,440.5,440.55,440.35,440.45,9258,ITC
2025-05-26 13:22:00+05:30,440.45,440.55,440.25,440.5,6364,ITC
2025-05-26 13:23:00+05:30,440.5,440.5,440.25,440.25,5512,ITC
2025-05-26 13:24:00+05:30,440.25,440.35,440.1,440.2,14523,ITC
2025-05-26 13:25:00+05:30,440.25,440.3,439.75,440.0,33787,ITC
2025-05-26 13:26:00+05:30,440.0,440.0,439.9,440.0,16172,ITC
2025-05-26 13:27:00+05:30,439.95,440.05,439.75,440.05,21945,ITC
2025-05-26 13:28:00+05:30,440.1,440.2,439.85,440.0,11859,ITC
2025-05-26 13:29:00+05:30,440.0,440.1,439.85,439.9,5853,ITC
2025-05-26 13:30:00+05:30,439.95,440.1,439.85,440.0,9299,ITC
2025-05-26 13:31:00+05:30,440.0,440.1,439.8,440.1,6171,ITC
2025-05-26 13:32:00+05:30,440.0,440.25,440.0,440.2,14420,ITC
2025-05-26 13:33:00+05:30,440.05,440.25,440.0,440.1,9181,ITC
2025-05-26 13:34:00+05:30,440.05,440.2,440.0,440.1,4738,ITC
2025-05-26 13:35:00+05:30,440.1,440.2,440.0,440.2,5452,ITC
2025-05-26 13:36:00+05:30,440.15,440.3,440.1,440.3,12040,ITC
2025-05-26 13:37:00+05:30,440.3,440.3,440.05,440.25,4728,ITC
2025-05-26 13:38:00+05:30,440.25,440.25,440.0,440.15,8644,ITC
2025-05-26 13:39:00+05:30,440.15,440.25,440.0,440.25,9690,ITC
2025-05-26 13:40:00+05:30,440.25,440.25,440.1,440.25,3793,ITC
2025-05-26 13:41:00+05:30,440.25,440.25,440.05,440.05,7010,ITC
2025-05-26 13:42:00+05:30,440.15,440.35,440.05,440.35,12016,ITC
2025-05-26 13:43:00+05:30,440.25,440.4,440.1,440.1,5630,ITC
2025-05-26 13:44:00+05:30,440.15,440.35,440.05,440.35,14710,ITC
2025-05-26 13:45:00+05:30,440.2,440.35,440.2,440.3,7255,ITC
2025-05-26 13:46:00+05:30,440.3,440.45,440.25,440.3,16452,ITC
2025-05-26 13:47:00+05:30,440.3,440.55,440.25,440.4,80001,ITC
2025-05-26 13:48:00+05:30,440.35,440.5,440.25,440.4,11914,ITC
2025-05-26 13:49:00+05:30,440.35,440.5,440.3,440.5,7446,ITC
2025-05-26 13:50:00+05:30,440.45,440.6,440.4,440.45,7493,ITC
2025-05-26 13:51:00+05:30,440.55,440.6,440.4,440.4,18354,ITC
2025-05-26 13:52:00+05:30,440.4,440.5,440.3,440.45,14114,ITC
2025-05-26 13:53:00+05:30,440.45,440.5,440.25,440.25,20925,ITC
2025-05-26 13:54:00+05:30,440.25,440.4,440.05,440.3,26851,ITC
2025-05-26 13:55:00+05:30,440.35,440.7,440.3,440.6,26512,ITC
2025-05-26 13:56:00+05:30,440.55,440.6,440.3,440.55,17509,ITC
2025-05-26 13:57:00+05:30,440.45,440.55,440.25,440.5,7518,ITC
2025-05-26 13:58:00+05:30,440.45,440.5,440.25,440.5,5531,ITC
2025-05-26 13:59:00+05:30,440.45,440.5,440.25,440.45,13010,ITC
2025-05-26 14:00:00+05:30,440.5,440.5,440.25,440.35,7921,ITC
2025-05-26 14:01:00+05:30,440.35,440.5,440.25,440.5,10531,ITC
2025-05-26 14:02:00+05:30,440.5,440.5,440.35,440.45,6837,ITC
2025-05-26 14:03:00+05:30,440.45,440.5,440.4,440.45,4705,ITC
2025-05-26 14:04:00+05:30,440.4,440.45,440.2,440.25,9784,ITC
2025-05-26 14:05:00+05:30,440.25,440.45,440.2,440.35,7963,ITC
2025-05-26 14:06:00+05:30,440.45,440.5,440.35,440.45,9974,ITC
2025-05-26 14:07:00+05:30,440.45,440.45,440.35,440.4,21658,ITC
2025-05-26 14:08:00+05:30,440.4,440.65,440.3,440.55,72991,ITC
2025-05-26 14:09:00+05:30,440.55,440.7,440.5,440.5,36991,ITC
2025-05-26 14:10:00+05:30,440.65,440.75,440.5,440.7,27815,ITC
2025-05-26 14:11:00+05:30,440.7,441.4,440.65,441.2,263977,ITC
2025-05-26 14:12:00+05:30,441.2,441.4,441.15,441.4,14806,ITC
2025-05-26 14:13:00+05:30,441.4,441.8,441.3,441.7,64720,ITC
2025-05-26 14:14:00+05:30,441.6,441.8,441.6,441.65,31890,ITC
2025-05-26 14:15:00+05:30,441.7,441.8,441.2,441.35,28414,ITC
2025-05-26 14:16:00+05:30,441.5,441.7,441.35,441.6,17961,ITC
2025-05-26 14:17:00+05:30,441.6,441.7,441.4,441.55,20167,ITC
2025-05-26 14:18:00+05:30,441.6,441.8,441.5,441.8,16537,ITC
2025-05-26 14:19:00+05:30,441.65,441.85,441.55,441.7,22046,ITC
2025-05-26 14:20:00+05:30,441.85,441.9,441.5,441.7,46135,ITC
2025-05-26 14:21:00+05:30,441.65,441.65,441.25,441.35,21397,ITC
2025-05-26 14:22:00+05:30,441.35,441.45,441.05,441.3,22659,ITC
2025-05-26 14:23:00+05:30,441.3,441.4,441.1,441.4,9902,ITC
2025-05-26 14:24:00+05:30,441.4,441.9,441.4,441.6,31476,ITC
2025-05-26 14:25:00+05:30,441.6,441.9,441.55,441.7,18540,ITC
2025-05-26 14:26:00+05:30,441.75,441.8,441.35,441.5,32493,ITC
2025-05-26 14:27:00+05:30,441.45,441.9,441.45,441.8,48167,ITC
2025-05-26 14:28:00+05:30,441.8,441.9,441.7,441.7,17870,ITC
2025-05-26 14:29:00+05:30,441.75,441.9,441.6,441.7,17781,ITC
2025-05-26 14:30:00+05:30,441.8,441.9,441.6,441.85,15797,ITC
2025-05-26 14:31:00+05:30,441.85,441.95,441.55,441.8,20521,ITC
2025-05-26 14:32:00+05:30,441.8,442.25,441.65,442.0,139753,ITC
2025-05-26 14:33:00+05:30,442.0,442.2,441.9,442.0,21529,ITC
2025-05-26 14:34:00+05:30,442.0,442.2,442.0,442.2,18728,ITC
2025-05-26 14:35:00+05:30,442.2,442.2,441.8,442.0,58804,ITC
2025-05-26 14:36:00+05:30,442.05,442.1,442.0,442.1,11735,ITC
2025-05-26 14:37:00+05:30,442.1,442.1,441.9,442.0,17561,ITC
2025-05-26 14:38:00+05:30,442.05,442.05,441.7,441.8,42454,ITC
2025-05-26 14:39:00+05:30,441.8,441.85,441.65,441.75,17129,ITC
2025-05-26 14:40:00+05:30,441.75,441.85,441.65,441.75,13864,ITC
2025-05-26 14:41:00+05:30,441.75,441.9,441.7,441.9,13495,ITC
2025-05-26 14:42:00+05:30,441.9,441.95,441.75,441.85,18306,ITC
2025-05-26 14:43:00+05:30,441.95,441.95,441.75,441.9,13786,ITC
2025-05-26 14:44:00+05:30,441.85,441.95,441.75,441.8,33301,ITC
2025-05-26 14:45:00+05:30,441.8,441.9,441.75,441.8,17022,ITC
2025-05-26 14:46:00+05:30,441.8,442.1,441.7,442.0,165086,ITC
2025-05-26 14:47:00+05:30,442.05,442.75,442.0,442.25,276389,ITC
2025-05-26 14:48:00+05:30,442.3,442.45,442.25,442.35,28261,ITC
2025-05-26 14:49:00+05:30,442.25,442.9,442.0,442.3,249121,ITC
2025-05-26 14:50:00+05:30,442.3,442.75,442.25,442.6,93045,ITC
2025-05-26 14:51:00+05:30,442.55,443.15,442.55,443.0,236472,ITC
2025-05-26 14:52:00+05:30,443.05,443.15,442.75,443.1,113500,ITC
2025-05-26 14:53:00+05:30,443.05,443.15,442.85,443.0,100111,ITC
2025-05-26 14:54:00+05:30,443.0,443.2,442.85,443.1,48049,ITC
2025-05-26 14:55:00+05:30,443.15,443.3,443.0,443.05,86449,ITC
2025-05-26 14:56:00+05:30,443.05,443.5,443.0,443.2,64611,ITC
2025-05-26 14:57:00+05:30,443.25,443.55,443.05,443.55,34664,ITC
2025-05-26 14:58:00+05:30,443.5,443.55,443.1,443.4,71360,ITC
2025-05-26 14:59:00+05:30,443.35,443.4,442.85,443.0,52928,ITC
2025-05-26 15:00:00+05:30,442.85,443.2,442.85,443.05,41339,ITC
2025-05-26 15:01:00+05:30,443.05,443.05,442.35,442.7,77040,ITC
2025-05-26 15:02:00+05:30,442.7,443.0,442.3,442.8,96892,ITC
2025-05-26 15:03:00+05:30,442.8,443.1,442.55,442.9,167061,ITC
2025-05-26 15:04:00+05:30,442.9,442.95,442.5,442.55,40436,ITC
2025-05-26 15:05:00+05:30,442.55,442.85,442.55,442.75,22692,ITC
2025-05-26 15:06:00+05:30,442.75,442.95,442.65,442.9,31980,ITC
2025-05-26 15:07:00+05:30,442.9,442.95,442.8,442.9,25298,ITC
2025-05-26 15:08:00+05:30,442.9,443.0,442.85,442.95,24165,ITC
2025-05-26 15:09:00+05:30,442.95,443.1,442.9,443.1,31617,ITC
2025-05-26 15:10:00+05:30,443.05,443.2,443.0,443.15,71262,ITC
2025-05-26 15:11:00+05:30,443.15,443.3,443.1,443.2,65459,ITC
2025-05-26 15:12:00+05:30,443.15,443.2,443.05,443.05,54545,ITC
2025-05-26 15:13:00+05:30,443.1,443.2,443.05,443.1,45649,ITC
2025-05-26 15:14:00+05:30,443.1,443.25,443.0,443.05,80085,ITC
2025-05-26 15:15:00+05:30,443.05,443.2,442.85,443.0,77861,ITC
2025-05-26 15:16:00+05:30,442.95,443.0,442.7,443.0,57034,ITC
2025-05-26 15:17:00+05:30,443.0,443.1,442.7,442.85,73584,ITC
2025-05-26 15:18:00+05:30,442.85,443.0,442.65,442.8,79202,ITC
2025-05-26 15:19:00+05:30,442.85,443.0,442.8,442.95,41074,ITC
2025-05-26 15:20:00+05:30,442.95,443.15,442.9,443.0,89833,ITC
2025-05-26 15:21:00+05:30,443.0,443.0,442.85,442.95,28713,ITC
2025-05-26 15:22:00+05:30,443.0,443.0,442.8,442.8,29136,ITC
2025-05-26 15:23:00+05:30,442.85,442.95,442.8,442.85,42687,ITC
2025-05-26 15:24:00+05:30,442.85,442.95,442.8,442.85,64973,ITC
2025-05-26 15:25:00+05:30,442.85,442.95,442.8,442.8,87563,ITC
2025-05-26 15:26:00+05:30,442.8,442.9,442.55,442.6,59359,ITC
2025-05-26 15:27:00+05:30,442.85,442.9,442.4,442.55,68502,ITC
2025-05-26 15:28:00+05:30,442.5,442.75,442.2,442.65,45200,ITC
2025-05-26 15:29:00+05:30,442.65,442.9,442.5,442.9,36556,ITC
2025-05-27 09:15:00+05:30,442.9,442.9,441.05,441.55,156207,ITC
2025-05-27 09:16:00+05:30,441.75,441.9,440.5,440.6,101924,ITC
2025-05-27 09:17:00+05:30,440.6,440.7,440.1,440.7,59955,ITC
2025-05-27 09:18:00+05:30,440.5,440.75,440.1,440.35,134898,ITC
2025-05-27 09:19:00+05:30,440.45,441.2,440.35,441.0,87890,ITC
2025-05-27 09:20:00+05:30,441.0,441.0,439.5,440.3,386540,ITC
2025-05-27 09:21:00+05:30,440.25,440.75,439.5,439.8,876615,ITC
2025-05-27 09:22:00+05:30,439.8,440.9,439.0,440.1,292777,ITC
2025-05-27 09:23:00+05:30,440.1,440.4,439.2,439.35,66738,ITC
2025-05-27 09:24:00+05:30,439.35,439.85,439.1,439.25,89744,ITC
2025-05-27 09:25:00+05:30,439.3,439.8,439.0,439.1,85114,ITC
2025-05-27 09:26:00+05:30,439.2,439.4,439.1,439.25,36878,ITC
2025-05-27 09:27:00+05:30,439.25,439.45,439.0,439.15,152511,ITC
2025-05-27 09:28:00+05:30,439.2,439.3,439.05,439.2,46372,ITC
2025-05-27 09:29:00+05:30,439.2,439.3,439.0,439.05,45513,ITC
2025-05-27 09:30:00+05:30,439.05,439.1,438.5,438.85,162501,ITC
2025-05-27 09:31:00+05:30,438.95,439.5,438.65,439.35,45310,ITC
2025-05-27 09:32:00+05:30,439.25,439.95,439.15,439.9,33715,ITC
2025-05-27 09:33:00+05:30,439.95,440.5,439.8,440.3,57863,ITC
2025-05-27 09:34:00+05:30,440.3,440.3,439.5,439.7,36713,ITC
2025-05-27 09:35:00+05:30,439.8,440.2,439.65,439.65,84264,ITC
2025-05-27 09:36:00+05:30,439.65,439.75,439.5,439.55,75940,ITC
2025-05-27 09:37:00+05:30,439.5,439.8,439.5,439.6,33483,ITC
2025-05-27 09:38:00+05:30,439.6,439.95,439.5,439.7,19050,ITC
2025-05-27 09:39:00+05:30,439.7,439.95,439.35,439.55,76296,ITC
2025-05-27 09:40:00+05:30,439.5,439.8,439.3,439.7,25033,ITC
2025-05-27 09:41:00+05:30,439.7,440.0,439.5,439.75,81181,ITC
2025-05-27 09:42:00+05:30,439.65,439.75,439.5,439.6,63079,ITC
2025-05-27 09:43:00+05:30,439.65,439.9,439.5,439.85,29906,ITC
2025-05-27 09:44:00+05:30,439.75,439.85,439.5,439.55,26474,ITC
2025-05-27 09:45:00+05:30,439.55,439.75,439.25,439.35,168266,ITC
2025-05-27 09:46:00+05:30,439.35,439.6,439.1,439.25,63025,ITC
2025-05-27 09:47:00+05:30,439.25,439.4,438.8,438.8,106195,ITC
2025-05-27 09:48:00+05:30,438.75,438.8,438.35,438.35,64589,ITC
2025-05-27 09:49:00+05:30,438.35,438.45,438.0,438.0,117014,ITC
2025-05-27 09:50:00+05:30,438.0,438.15,437.6,437.85,109626,ITC
2025-05-27 09:51:00+05:30,437.85,438.35,437.85,438.25,16525,ITC
2025-05-27 09:52:00+05:30,438.15,438.4,437.7,437.7,32242,ITC
2025-05-27 09:53:00+05:30,437.7,438.5,437.5,438.2,23985,ITC
2025-05-27 09:54:00+05:30,438.2,438.35,438.15,438.25,15615,ITC
2025-05-27 09:55:00+05:30,438.3,438.9,438.15,438.6,33228,ITC
2025-05-27 09:56:00+05:30,438.7,438.85,438.5,438.6,16841,ITC
2025-05-27 09:57:00+05:30,438.55,438.6,438.05,438.15,25314,ITC
2025-05-27 09:58:00+05:30,438.05,438.15,437.75,438.0,34823,ITC
2025-05-27 09:59:00+05:30,437.95,438.1,437.95,437.95,14628,ITC
2025-05-27 10:00:00+05:30,438.0,438.05,437.7,437.85,52632,ITC
2025-05-27 10:01:00+05:30,437.85,438.1,437.4,437.5,47716,ITC
2025-05-27 10:02:00+05:30,437.5,437.5,437.1,437.25,44432,ITC
2025-05-27 10:03:00+05:30,437.35,437.6,437.25,437.4,14623,ITC
2025-05-27 10:04:00+05:30,437.4,437.75,437.2,437.25,40294,ITC
2025-05-27 10:05:00+05:30,437.25,437.65,437.15,437.5,13669,ITC
2025-05-27 10:06:00+05:30,437.55,437.85,437.35,437.35,23120,ITC
2025-05-27 10:07:00+05:30,437.35,437.6,437.05,437.25,33898,ITC
2025-05-27 10:08:00+05:30,437.25,437.5,437.2,437.35,29289,ITC
2025-05-27 10:09:00+05:30,437.35,437.8,437.15,437.8,91139,ITC
2025-05-27 10:10:00+05:30,437.65,437.85,437.3,437.45,51278,ITC
2025-05-27 10:11:00+05:30,437.4,437.5,437.2,437.35,20453,ITC
2025-05-27 10:12:00+05:30,437.35,437.8,437.3,437.55,14979,ITC
2025-05-27 10:13:00+05:30,437.55,437.85,437.2,437.75,21580,ITC
2025-05-27 10:14:00+05:30,437.7,438.1,437.5,437.85,104825,ITC
2025-05-27 10:15:00+05:30,437.85,438.05,437.4,437.45,26956,ITC
2025-05-27 10:16:00+05:30,437.4,437.55,437.15,437.2,31423,ITC
2025-05-27 10:17:00+05:30,437.25,437.6,437.25,437.35,19362,ITC
2025-05-27 10:18:00+05:30,437.4,437.8,437.25,437.45,39784,ITC
2025-05-27 10:19:00+05:30,437.45,437.6,437.3,437.4,15230,ITC
2025-05-27 10:20:00+05:30,437.35,437.55,437.25,437.3,19184,ITC
2025-05-27 10:21:00+05:30,437.25,437.65,437.25,437.4,29747,ITC
2025-05-27 10:22:00+05:30,437.3,437.55,437.2,437.45,22829,ITC
2025-05-27 10:23:00+05:30,437.45,438.25,437.35,438.1,48079,ITC
2025-05-27 10:24:00+05:30,438.1,438.1,437.55,437.6,28414,ITC
2025-05-27 10:25:00+05:30,437.65,438.05,437.55,437.85,9131,ITC
2025-05-27 10:26:00+05:30,437.8,437.85,437.5,437.65,13098,ITC
2025-05-27 10:27:00+05:30,437.6,437.9,437.55,437.85,13406,ITC
2025-05-27 10:28:00+05:30,437.8,437.9,437.5,437.6,17661,ITC
2025-05-27 10:29:00+05:30,437.6,437.75,437.5,437.6,34092,ITC
2025-05-27 10:30:00+05:30,437.55,437.65,437.5,437.55,10334,ITC
2025-05-27 10:31:00+05:30,437.5,437.8,437.4,437.75,20388,ITC
2025-05-27 10:32:00+05:30,437.75,438.1,437.7,437.9,14867,ITC
2025-05-27 10:33:00+05:30,438.0,438.3,437.85,438.25,29599,ITC
2025-05-27 10:34:00+05:30,438.25,438.5,438.2,438.5,31456,ITC
2025-05-27 10:35:00+05:30,438.45,438.7,438.4,438.65,15178,ITC
2025-05-27 10:36:00+05:30,438.55,439.2,438.55,438.9,40334,ITC
2025-05-27 10:37:00+05:30,438.9,438.9,438.6,438.65,6727,ITC
2025-05-27 10:38:00+05:30,438.65,438.7,437.9,437.95,45259,ITC
2025-05-27 10:39:00+05:30,437.95,438.1,437.7,437.95,21116,ITC
2025-05-27 10:40:00+05:30,437.95,437.95,437.7,437.75,11580,ITC
2025-05-27 10:41:00+05:30,437.75,437.85,437.7,437.85,14226,ITC
2025-05-27 10:42:00+05:30,437.85,437.85,437.7,437.8,10866,ITC
2025-05-27 10:43:00+05:30,437.8,437.8,437.55,437.65,18932,ITC
2025-05-27 10:44:00+05:30,437.65,437.75,437.55,437.7,12678,ITC
2025-05-27 10:45:00+05:30,437.7,437.95,437.6,437.8,8611,ITC
2025-05-27 10:46:00+05:30,437.8,437.95,437.75,437.9,9190,ITC
2025-05-27 10:47:00+05:30,437.9,437.95,437.65,437.85,12941,ITC
2025-05-27 10:48:00+05:30,437.75,438.1,437.7,438.1,12623,ITC
2025-05-27 10:49:00+05:30,438.05,438.05,437.7,437.95,16942,ITC
2025-05-27 10:50:00+05:30,437.95,438.1,437.8,438.1,15050,ITC
2025-05-27 10:51:00+05:30,438.1,438.5,438.0,438.15,15194,ITC
2025-05-27 10:52:00+05:30,438.05,438.1,438.0,438.1,9297,ITC
2025-05-27 10:53:00+05:30,438.1,438.2,438.0,438.2,7599,ITC
2025-05-27 10:54:00+05:30,438.2,438.3,438.05,438.2,5189,ITC
2025-05-27 10:55:00+05:30,438.2,438.85,438.15,438.85,15300,ITC
2025-05-27 10:56:00+05:30,438.85,438.95,438.6,438.9,20799,ITC
2025-05-27 10:57:00+05:30,438.9,438.9,438.6,438.8,17613,ITC
2025-05-27 10:58:00+05:30,438.8,438.8,438.35,438.5,10707,ITC
2025-05-27 10:59:00+05:30,438.5,438.55,438.35,438.55,6456,ITC
2025-05-27 11:00:00+05:30,438.55,438.9,438.45,438.65,12610,ITC
2025-05-27 11:01:00+05:30,438.6,439.0,438.5,438.9,16891,ITC
2025-05-27 11:02:00+05:30,438.95,439.4,438.9,439.25,32771,ITC
2025-05-27 11:03:00+05:30,439.25,439.5,439.0,439.5,22812,ITC
2025-05-27 11:04:00+05:30,439.4,441.65,439.4,441.65,297594,ITC
2025-05-27 11:05:00+05:30,441.45,443.45,440.85,441.0,428995,ITC
2025-05-27 11:06:00+05:30,440.95,441.0,439.5,439.5,138001,ITC
2025-05-27 11:07:00+05:30,439.6,440.3,439.3,440.1,33820,ITC
2025-05-27 11:08:00+05:30,440.05,440.3,439.5,439.5,36759,ITC
2025-05-27 11:09:00+05:30,439.6,440.85,439.6,440.75,52695,ITC
2025-05-27 11:10:00+05:30,440.6,440.9,440.0,440.15,28958,ITC
2025-05-27 11:11:00+05:30,440.15,440.75,440.15,440.6,50934,ITC
2025-05-27 11:12:00+05:30,440.6,440.7,440.25,440.7,26444,ITC
2025-05-27 11:13:00+05:30,440.6,441.0,440.35,440.8,26660,ITC
2025-05-27 11:14:00+05:30,440.85,441.0,440.45,440.6,10763,ITC
2025-05-27 11:15:00+05:30,440.6,441.3,440.5,441.0,48261,ITC
2025-05-27 11:16:00+05:30,441.0,441.4,440.6,440.8,39125,ITC
2025-05-27 11:17:00+05:30,441.0,441.25,440.45,440.45,31275,ITC
2025-05-27 11:18:00+05:30,440.45,441.5,440.35,441.5,23000,ITC
2025-05-27 11:19:00+05:30,441.45,441.8,441.0,441.1,23018,ITC
2025-05-27 11:20:00+05:30,441.1,441.6,441.1,441.25,54886,ITC
2025-05-27 11:21:00+05:30,441.25,441.85,441.1,441.8,90291,ITC
2025-05-27 11:22:00+05:30,441.75,442.3,441.6,442.1,161119,ITC
2025-05-27 11:23:00+05:30,442.0,442.2,441.9,442.0,164054,ITC
2025-05-27 11:24:00+05:30,442.0,442.65,442.0,442.6,72136,ITC
2025-05-27 11:25:00+05:30,442.55,443.15,442.25,442.6,139808,ITC
2025-05-27 11:26:00+05:30,442.75,442.8,442.3,442.65,24956,ITC
2025-05-27 11:27:00+05:30,442.65,442.85,442.4,442.45,33398,ITC
2025-05-27 11:28:00+05:30,442.45,442.8,442.4,442.7,27371,ITC
2025-05-27 11:29:00+05:30,442.8,443.25,442.6,443.2,56396,ITC
2025-05-27 11:30:00+05:30,443.2,443.8,443.1,443.8,93414,ITC
2025-05-27 11:31:00+05:30,443.8,444.2,443.4,443.5,120707,ITC
2025-05-27 11:32:00+05:30,443.7,443.9,442.8,443.1,47307,ITC
2025-05-27 11:33:00+05:30,443.1,443.4,442.9,443.2,52797,ITC
2025-05-27 11:34:00+05:30,443.2,443.35,442.7,443.2,38859,ITC
2025-05-27 11:35:00+05:30,443.2,443.3,442.85,443.0,21509,ITC
2025-05-27 11:36:00+05:30,443.1,443.15,442.4,442.6,22632,ITC
2025-05-27 11:37:00+05:30,442.65,442.85,442.35,442.8,30975,ITC
2025-05-27 11:38:00+05:30,442.6,442.85,442.0,442.2,40761,ITC
2025-05-27 11:39:00+05:30,442.25,442.7,441.9,442.55,94328,ITC
2025-05-27 11:40:00+05:30,442.7,442.7,442.0,442.15,34825,ITC
2025-05-27 11:41:00+05:30,442.2,442.4,442.0,442.35,23274,ITC
2025-05-27 11:42:00+05:30,442.35,442.35,442.05,442.05,21966,ITC
2025-05-27 11:43:00+05:30,442.05,442.15,442.0,442.0,63309,ITC
2025-05-27 11:44:00+05:30,442.0,442.75,442.0,442.2,33565,ITC
2025-05-27 11:45:00+05:30,442.2,442.7,442.15,442.5,12370,ITC
2025-05-27 11:46:00+05:30,442.55,442.55,442.45,442.5,7322,ITC
2025-05-27 11:47:00+05:30,442.45,442.7,441.9,442.1,32574,ITC
2025-05-27 11:48:00+05:30,442.1,442.35,441.75,441.8,192377,ITC
2025-05-27 11:49:00+05:30,441.85,442.2,441.75,442.05,112454,ITC
2025-05-27 11:50:00+05:30,442.05,442.2,441.15,441.45,141651,ITC
2025-05-27 11:51:00+05:30,441.4,441.85,441.4,441.5,11178,ITC
2025-05-27 11:52:00+05:30,441.5,441.75,441.2,441.3,14609,ITC
2025-05-27 11:53:00+05:30,441.3,441.6,441.25,441.5,11655,ITC
2025-05-27 11:54:00+05:30,441.5,441.8,441.4,441.75,11703,ITC
2025-05-27 11:55:00+05:30,441.7,442.4,441.6,442.35,66482,ITC
2025-05-27 11:56:00+05:30,442.3,442.85,442.25,442.75,21864,ITC
2025-05-27 11:57:00+05:30,442.75,442.75,442.35,442.6,14410,ITC
2025-05-27 11:58:00+05:30,442.7,442.7,442.25,442.25,13180,ITC
2025-05-27 11:59:00+05:30,442.3,442.3,441.8,441.8,31394,ITC
2025-05-27 12:00:00+05:30,441.9,442.05,441.45,441.5,40333,ITC
2025-05-27 12:01:00+05:30,441.6,442.1,441.4,442.1,8736,ITC
2025-05-27 12:02:00+05:30,441.95,442.2,441.95,442.2,5332,ITC
2025-05-27 12:03:00+05:30,442.25,442.25,441.75,441.8,5191,ITC
2025-05-27 12:04:00+05:30,441.8,442.05,441.4,441.45,16927,ITC
2025-05-27 12:05:00+05:30,441.4,441.9,441.35,441.65,14359,ITC
2025-05-27 12:06:00+05:30,441.6,441.6,441.05,441.5,38814,ITC
2025-05-27 12:07:00+05:30,441.45,441.5,441.3,441.3,5921,ITC
2025-05-27 12:08:00+05:30,441.35,441.65,441.0,441.65,21748,ITC
2025-05-27 12:09:00+05:30,441.6,441.6,441.2,441.5,32912,ITC
2025-05-27 12:10:00+05:30,441.5,441.65,441.1,441.2,16788,ITC
2025-05-27 12:11:00+05:30,441.25,441.25,440.9,440.9,23556,ITC
2025-05-27 12:12:00+05:30,440.9,441.35,440.85,441.1,9626,ITC
2025-05-27 12:13:00+05:30,441.15,441.45,441.05,441.05,12399,ITC
2025-05-27 12:14:00+05:30,441.25,441.5,441.05,441.25,7687,ITC
2025-05-27 12:15:00+05:30,441.25,441.5,440.9,440.9,10645,ITC
2025-05-27 12:16:00+05:30,440.9,440.95,440.4,440.5,37806,ITC
2025-05-27 12:17:00+05:30,440.6,440.9,440.5,440.6,8896,ITC
2025-05-27 12:18:00+05:30,440.55,440.6,440.35,440.4,25596,ITC
2025-05-27 12:19:00+05:30,440.45,440.55,440.3,440.5,10221,ITC
2025-05-27 12:20:00+05:30,440.55,440.6,440.4,440.4,19616,ITC
2025-05-27 12:21:00+05:30,440.45,440.45,440.05,440.2,26896,ITC
2025-05-27 12:22:00+05:30,440.15,440.25,440.0,440.0,65795,ITC
2025-05-27 12:23:00+05:30,440.05,440.05,439.25,439.25,88452,ITC
2025-05-27 12:24:00+05:30,439.25,439.5,439.0,439.4,33333,ITC
2025-05-27 12:25:00+05:30,439.45,439.5,439.15,439.4,14579,ITC
2025-05-27 12:26:00+05:30,439.3,439.5,439.2,439.35,14197,ITC
2025-05-27 12:27:00+05:30,439.3,439.55,439.3,439.4,13391,ITC
2025-05-27 12:28:00+05:30,439.4,439.4,438.1,438.4,142617,ITC
2025-05-27 12:29:00+05:30,438.35,438.75,438.25,438.5,23713,ITC
2025-05-27 12:30:00+05:30,438.5,438.65,438.1,438.1,60227,ITC
2025-05-27 12:31:00+05:30,438.2,438.35,438.0,438.1,44921,ITC
2025-05-27 12:32:00+05:30,438.1,438.5,438.1,438.4,20015,ITC
2025-05-27 12:33:00+05:30,438.5,438.75,438.3,438.7,23503,ITC
2025-05-27 12:34:00+05:30,438.75,439.0,438.6,438.9,21253,ITC
2025-05-27 12:35:00+05:30,438.95,439.0,438.5,438.55,25332,ITC
2025-05-27 12:36:00+05:30,438.55,438.85,438.55,438.6,11382,ITC
2025-05-27 12:37:00+05:30,438.6,438.65,438.25,438.45,25174,ITC
2025-05-27 12:38:00+05:30,438.4,438.65,438.25,438.55,30732,ITC
2025-05-27 12:39:00+05:30,438.5,438.6,438.3,438.4,18756,ITC
2025-05-27 12:40:00+05:30,438.4,438.65,438.25,438.5,25806,ITC
2025-05-27 12:41:00+05:30,438.5,438.75,438.35,438.6,24252,ITC
2025-05-27 12:42:00+05:30,438.5,438.65,438.2,438.2,42189,ITC
2025-05-27 12:43:00+05:30,438.25,438.3,438.05,438.15,38452,ITC
2025-05-27 12:44:00+05:30,438.05,438.3,438.05,438.1,17172,ITC
2025-05-27 12:45:00+05:30,438.1,438.65,438.05,438.65,14763,ITC
2025-05-27 12:46:00+05:30,438.6,438.85,438.4,438.8,11778,ITC
2025-05-27 12:47:00+05:30,438.8,438.85,438.5,438.75,15533,ITC
2025-05-27 12:48:00+05:30,438.55,438.65,438.05,438.15,46284,ITC
2025-05-27 12:49:00+05:30,438.1,438.4,438.05,438.1,23318,ITC
2025-05-27 12:50:00+05:30,438.05,438.25,438.0,438.05,28326,ITC
2025-05-27 12:51:00+05:30,438.0,438.05,437.25,437.35,187337,ITC
2025-05-27 12:52:00+05:30,437.35,437.6,437.25,437.45,35670,ITC
2025-05-27 12:53:00+05:30,437.3,437.45,437.2,437.35,48768,ITC
2025-05-27 12:54:00+05:30,437.35,437.85,437.3,437.5,56643,ITC
2025-05-27 12:55:00+05:30,437.5,437.75,437.2,437.75,283019,ITC
2025-05-27 12:56:00+05:30,437.75,437.75,437.4,437.5,31752,ITC
2025-05-27 12:57:00+05:30,437.45,437.5,437.3,437.5,91822,ITC
2025-05-27 12:58:00+05:30,437.5,437.5,437.05,437.1,66277,ITC
2025-05-27 12:59:00+05:30,437.1,437.15,436.55,436.65,168405,ITC
2025-05-27 13:00:00+05:30,436.6,436.65,436.0,436.05,138769,ITC
2025-05-27 13:01:00+05:30,436.1,436.15,435.1,435.2,126310,ITC
2025-05-27 13:02:00+05:30,435.25,435.8,435.2,435.65,68461,ITC
2025-05-27 13:03:00+05:30,435.8,435.8,435.25,435.4,42419,ITC
2025-05-27 13:04:00+05:30,435.4,435.7,435.1,435.2,66336,ITC
2025-05-27 13:05:00+05:30,435.2,435.25,434.5,434.6,247359,ITC
2025-05-27 13:06:00+05:30,434.55,434.9,434.5,434.85,51486,ITC
2025-05-27 13:07:00+05:30,434.85,434.85,434.5,434.75,53216,ITC
2025-05-27 13:08:00+05:30,434.75,434.75,434.5,434.6,30068,ITC
2025-05-27 13:09:00+05:30,434.55,434.8,434.5,434.65,33852,ITC
2025-05-27 13:10:00+05:30,434.75,434.85,434.35,434.6,59268,ITC
2025-05-27 13:11:00+05:30,434.55,435.15,434.5,434.8,61106,ITC
2025-05-27 13:12:00+05:30,434.75,435.05,434.75,434.85,26525,ITC
2025-05-27 13:13:00+05:30,434.85,434.9,434.5,434.8,65674,ITC
2025-05-27 13:14:00+05:30,434.8,434.95,434.55,434.9,20205,ITC
2025-05-27 13:15:00+05:30,434.9,435.15,434.7,435.15,30726,ITC
2025-05-27 13:16:00+05:30,435.15,435.45,435.0,435.3,21875,ITC
2025-05-27 13:17:00+05:30,435.4,435.4,435.0,435.1,34628,ITC
2025-05-27 13:18:00+05:30,435.0,435.1,434.5,434.65,72030,ITC
2025-05-27 13:19:00+05:30,434.6,434.9,434.55,434.85,29229,ITC
2025-05-27 13:20:00+05:30,434.9,434.95,434.5,434.6,43633,ITC
2025-05-27 13:21:00+05:30,434.8,434.95,434.6,434.9,21431,ITC
2025-05-27 13:22:00+05:30,434.9,434.95,434.1,434.35,113334,ITC
2025-05-27 13:23:00+05:30,434.35,434.65,434.3,434.65,25424,ITC
2025-05-27 13:24:00+05:30,434.65,434.65,434.1,434.5,52401,ITC
2025-05-27 13:25:00+05:30,434.45,434.8,434.45,434.55,23680,ITC
2025-05-27 13:26:00+05:30,434.55,434.8,434.5,434.7,15184,ITC
2025-05-27 13:27:00+05:30,434.75,434.95,434.5,434.55,30560,ITC
2025-05-27 13:28:00+05:30,434.55,434.9,434.5,434.65,29278,ITC
2025-05-27 13:29:00+05:30,434.65,434.95,434.5,434.8,32462,ITC
2025-05-27 13:30:00+05:30,434.8,435.1,434.8,434.85,27741,ITC
2025-05-27 13:31:00+05:30,434.85,435.3,434.85,435.25,40629,ITC
2025-05-27 13:32:00+05:30,435.25,435.3,435.0,435.2,24068,ITC
2025-05-27 13:33:00+05:30,435.2,435.45,435.05,435.25,26890,ITC
2025-05-27 13:34:00+05:30,435.25,435.25,435.0,435.05,21840,ITC
2025-05-27 13:35:00+05:30,435.05,435.15,434.65,435.1,100362,ITC
2025-05-27 13:36:00+05:30,435.1,435.25,435.0,435.1,13979,ITC
2025-05-27 13:37:00+05:30,435.1,435.25,434.6,434.8,36488,ITC
2025-05-27 13:38:00+05:30,434.8,435.0,434.6,434.7,19179,ITC
2025-05-27 13:39:00+05:30,434.7,434.85,434.6,434.85,32870,ITC
2025-05-27 13:40:00+05:30,434.8,435.5,434.7,435.35,44920,ITC
2025-05-27 13:41:00+05:30,435.35,435.4,434.95,435.1,35090,ITC
2025-05-27 13:42:00+05:30,435.1,435.35,435.0,435.1,28078,ITC
2025-05-27 13:43:00+05:30,435.1,435.15,434.7,435.15,56534,ITC
2025-05-27 13:44:00+05:30,435.15,435.35,435.0,435.3,18157,ITC
2025-05-27 13:45:00+05:30,435.25,435.3,434.85,435.1,87465,ITC
2025-05-27 13:46:00+05:30,435.1,435.1,434.5,434.65,160861,ITC
2025-05-27 13:47:00+05:30,434.55,434.65,434.15,434.2,66748,ITC
2025-05-27 13:48:00+05:30,434.15,434.3,433.6,434.0,155376,ITC
2025-05-27 13:49:00+05:30,434.0,434.4,433.9,434.35,22658,ITC
2025-05-27 13:50:00+05:30,434.35,434.45,434.1,434.2,17119,ITC
2025-05-27 13:51:00+05:30,434.2,434.45,434.05,434.05,23354,ITC
2025-05-27 13:52:00+05:30,434.05,434.2,433.9,433.9,82366,ITC
2025-05-27 13:53:00+05:30,433.95,434.15,433.7,434.0,33326,ITC
2025-05-27 13:54:00+05:30,433.9,434.0,433.65,434.0,58916,ITC
2025-05-27 13:55:00+05:30,434.0,434.0,433.4,433.55,120248,ITC
2025-05-27 13:56:00+05:30,433.55,433.7,433.4,433.7,28728,ITC
2025-05-27 13:57:00+05:30,433.6,433.8,433.5,433.55,22893,ITC
2025-05-27 13:58:00+05:30,433.55,433.65,433.4,433.6,25140,ITC
2025-05-27 13:59:00+05:30,433.6,433.6,432.55,432.6,208236,ITC
2025-05-27 14:00:00+05:30,432.6,432.85,432.05,432.7,111122,ITC
2025-05-27 14:01:00+05:30,432.65,433.0,432.55,432.7,50016,ITC
2025-05-27 14:02:00+05:30,432.65,432.75,432.5,432.6,40480,ITC
2025-05-27 14:03:00+05:30,432.6,432.65,432.5,432.55,61478,ITC
2025-05-27 14:04:00+05:30,432.55,432.55,432.0,432.25,87638,ITC
2025-05-27 14:05:00+05:30,432.25,432.55,432.1,432.3,61569,ITC
2025-05-27 14:06:00+05:30,432.2,432.45,432.1,432.25,68495,ITC
2025-05-27 14:07:00+05:30,432.25,432.45,431.55,431.55,219090,ITC
2025-05-27 14:08:00+05:30,431.6,431.9,431.25,431.6,124896,ITC
2025-05-27 14:09:00+05:30,431.55,431.65,431.15,431.4,114517,ITC
2025-05-27 14:10:00+05:30,431.4,431.9,431.3,431.65,53702,ITC
2025-05-27 14:11:00+05:30,431.65,432.0,431.5,431.8,66569,ITC
2025-05-27 14:12:00+05:30,431.8,431.9,431.6,431.8,35513,ITC
2025-05-27 14:13:00+05:30,431.85,432.0,431.8,431.95,37123,ITC
2025-05-27 14:14:00+05:30,431.85,431.9,431.6,431.7,38569,ITC
2025-05-27 14:15:00+05:30,431.7,431.95,431.55,431.75,47750,ITC
2025-05-27 14:16:00+05:30,431.75,431.8,431.3,431.45,73649,ITC
2025-05-27 14:17:00+05:30,431.5,431.55,431.0,431.0,90808,ITC
2025-05-27 14:18:00+05:30,431.05,431.55,430.85,431.5,90591,ITC
2025-05-27 14:19:00+05:30,431.45,431.45,431.15,431.2,40726,ITC
2025-05-27 14:20:00+05:30,431.2,431.3,430.9,431.1,64697,ITC
2025-05-27 14:21:00+05:30,431.05,431.35,431.05,431.1,48866,ITC
2025-05-27 14:22:00+05:30,431.15,431.25,431.0,431.0,35087,ITC
2025-05-27 14:23:00+05:30,431.05,431.4,431.0,431.25,43715,ITC
2025-05-27 14:24:00+05:30,431.3,431.5,431.05,431.3,51981,ITC
2025-05-27 14:25:00+05:30,431.3,432.0,431.2,431.85,108808,ITC
2025-05-27 14:26:00+05:30,431.9,432.45,431.75,432.1,96416,ITC
2025-05-27 14:27:00+05:30,432.2,432.9,431.95,432.15,212536,ITC
2025-05-27 14:28:00+05:30,432.2,433.0,432.1,432.6,165462,ITC
2025-05-27 14:29:00+05:30,432.65,434.0,432.65,433.4,307044,ITC
2025-05-27 14:30:00+05:30,433.3,434.0,432.5,432.85,219507,ITC
2025-05-27 14:31:00+05:30,432.85,434.0,432.85,433.4,232914,ITC
2025-05-27 14:32:00+05:30,433.4,433.6,432.95,433.2,112738,ITC
2025-05-27 14:33:00+05:30,433.05,433.55,432.9,433.3,47314,ITC
2025-05-27 14:34:00+05:30,433.3,433.3,432.9,433.2,54214,ITC
2025-05-27 14:35:00+05:30,433.2,433.25,432.55,432.75,119384,ITC
2025-05-27 14:36:00+05:30,432.8,433.0,432.6,432.75,52697,ITC
2025-05-27 14:37:00+05:30,432.75,432.8,432.2,432.55,113421,ITC
2025-05-27 14:38:00+05:30,432.45,432.75,432.15,432.4,74998,ITC
2025-05-27 14:39:00+05:30,432.4,432.5,432.3,432.5,32595,ITC
2025-05-27 14:40:00+05:30,432.5,432.75,432.3,432.6,64758,ITC
2025-05-27 14:41:00+05:30,432.6,432.75,432.4,432.65,111069,ITC
2025-05-27 14:42:00+05:30,432.65,433.05,432.5,432.9,49470,ITC
2025-05-27 14:43:00+05:30,432.95,433.2,432.85,433.2,49458,ITC
2025-05-27 14:44:00+05:30,433.15,433.6,433.15,433.35,85736,ITC
2025-05-27 14:45:00+05:30,433.35,433.75,433.0,433.7,172749,ITC
2025-05-27 14:46:00+05:30,433.7,433.8,433.5,433.55,57864,ITC
2025-05-27 14:47:00+05:30,433.65,433.65,433.25,433.35,118485,ITC
2025-05-27 14:48:00+05:30,433.35,433.8,433.2,433.7,59764,ITC
2025-05-27 14:49:00+05:30,433.75,433.9,433.6,433.85,139353,ITC
2025-05-27 14:50:00+05:30,433.85,434.0,433.75,433.9,110497,ITC
2025-05-27 14:51:00+05:30,433.95,433.95,433.65,433.8,114505,ITC
2025-05-27 14:52:00+05:30,433.8,433.9,433.55,433.8,152927,ITC
2025-05-27 14:53:00+05:30,433.75,433.85,433.55,433.6,73901,ITC
2025-05-27 14:54:00+05:30,433.65,433.7,433.2,433.65,140313,ITC
2025-05-27 14:55:00+05:30,433.7,433.95,433.55,433.85,149082,ITC
2025-05-27 14:56:00+05:30,433.9,434.1,433.55,433.95,148534,ITC
2025-05-27 14:57:00+05:30,434.0,434.2,433.9,434.05,120280,ITC
2025-05-27 14:58:00+05:30,434.0,434.25,433.9,434.15,103677,ITC
2025-05-27 14:59:00+05:30,434.2,434.2,433.95,434.15,89943,ITC
2025-05-27 15:00:00+05:30,434.2,434.6,434.1,434.3,239756,ITC
2025-05-27 15:01:00+05:30,434.35,434.6,434.2,434.4,273916,ITC
2025-05-27 15:02:00+05:30,434.45,434.6,434.25,434.35,190954,ITC
2025-05-27 15:03:00+05:30,434.4,434.5,434.05,434.25,196552,ITC
2025-05-27 15:04:00+05:30,434.3,434.35,433.8,434.05,219968,ITC
2025-05-27 15:05:00+05:30,434.1,434.2,433.65,433.8,246334,ITC
2025-05-27 15:06:00+05:30,433.9,434.2,433.55,433.95,316545,ITC
2025-05-27 15:07:00+05:30,433.95,434.25,433.85,434.1,220446,ITC
2025-05-27 15:08:00+05:30,434.15,434.2,433.85,433.95,252846,ITC
2025-05-27 15:09:00+05:30,433.95,434.4,433.8,434.1,268351,ITC
2025-05-27 15:10:00+05:30,434.15,434.15,433.6,433.8,183538,ITC
2025-05-27 15:11:00+05:30,433.85,433.9,433.55,433.65,181923,ITC
2025-05-27 15:12:00+05:30,433.7,433.85,433.65,433.65,167467,ITC
2025-05-27 15:13:00+05:30,433.7,433.85,433.6,433.8,133787,ITC
2025-05-27 15:14:00+05:30,433.85,433.95,433.3,433.65,242379,ITC
2025-05-27 15:15:00+05:30,433.7,433.85,433.5,433.7,159335,ITC
2025-05-27 15:16:00+05:30,433.75,433.95,433.3,433.8,271209,ITC
2025-05-27 15:17:00+05:30,433.9,433.95,433.5,433.85,172473,ITC
2025-05-27 15:18:00+05:30,433.7,433.85,433.55,433.75,159697,ITC
2025-05-27 15:19:00+05:30,433.7,433.8,433.55,433.8,211569,ITC
2025-05-27 15:20:00+05:30,433.8,433.85,433.55,433.75,209295,ITC
2025-05-27 15:21:00+05:30,433.75,433.85,433.65,433.8,144637,ITC
2025-05-27 15:22:00+05:30,433.8,433.95,433.7,433.9,147243,ITC
2025-05-27 15:23:00+05:30,433.9,434.0,433.85,433.95,141312,ITC
2025-05-27 15:24:00+05:30,433.95,434.0,433.65,433.7,193787,ITC
2025-05-27 15:25:00+05:30,433.7,434.0,433.25,433.55,253370,ITC
2025-05-27 15:26:00+05:30,433.6,434.0,433.5,434.0,152334,ITC
2025-05-27 15:27:00+05:30,434.0,434.25,433.5,434.15,203024,ITC
2025-05-27 15:28:00+05:30,434.2,434.4,434.0,434.4,125725,ITC
2025-05-27 15:29:00+05:30,434.4,434.8,434.25,434.7,141427,ITC
2025-05-28 09:15:00+05:30,417.7,418.95,413.0,417.5,333214453,ITC
2025-05-28 09:16:00+05:30,417.5,419.4,417.15,419.3,8855281,ITC
2025-05-28 09:17:00+05:30,419.35,419.5,417.95,418.4,5695072,ITC
2025-05-28 09:18:00+05:30,418.4,420.2,417.2,418.8,7957385,ITC
2025-05-28 09:19:00+05:30,418.75,418.9,418.4,418.7,1854525,ITC
2025-05-28 09:20:00+05:30,418.7,420.35,418.5,420.05,2876214,ITC
2025-05-28 09:21:00+05:30,420.0,420.4,419.8,420.1,2427884,ITC
2025-05-28 09:22:00+05:30,420.15,420.4,419.0,419.2,1530628,ITC
2025-05-28 09:23:00+05:30,419.2,420.9,419.0,420.9,4319875,ITC
2025-05-28 09:24:00+05:30,420.9,421.25,420.0,420.1,2686134,ITC
2025-05-28 09:25:00+05:30,420.15,420.45,418.55,418.55,2226205,ITC
2025-05-28 09:26:00+05:30,418.7,419.7,418.55,419.65,1755448,ITC
2025-05-28 09:27:00+05:30,419.65,420.35,419.5,420.15,1561032,ITC
2025-05-28 09:28:00+05:30,420.35,420.35,419.45,419.7,787331,ITC
2025-05-28 09:29:00+05:30,419.7,420.2,419.5,420.15,963407,ITC
2025-05-28 09:30:00+05:30,420.15,420.65,420.0,420.6,903065,ITC
2025-05-28 09:31:00+05:30,420.6,420.6,419.8,420.0,1001157,ITC
2025-05-28 09:32:00+05:30,420.0,420.6,419.95,420.45,822554,ITC
2025-05-28 09:33:00+05:30,420.35,420.65,420.0,420.25,849627,ITC
2025-05-28 09:34:00+05:30,420.25,420.9,420.1,420.9,1086251,ITC
2025-05-28 09:35:00+05:30,420.9,420.9,420.65,420.9,371802,ITC
2025-05-28 09:36:00+05:30,420.9,421.0,420.75,421.0,905150,ITC
2025-05-28 09:37:00+05:30,421.0,421.0,420.0,420.2,241501,ITC
2025-05-28 09:38:00+05:30,420.2,420.35,419.7,419.9,499763,ITC
2025-05-28 09:39:00+05:30,419.9,419.95,419.2,419.75,616819,ITC
2025-05-28 09:40:00+05:30,419.9,420.45,419.7,420.0,354562,ITC
2025-05-28 09:41:00+05:30,420.0,420.0,419.7,420.0,301398,ITC
2025-05-28 09:42:00+05:30,419.95,420.45,419.85,420.0,358250,ITC
2025-05-28 09:43:00+05:30,420.2,420.5,420.0,420.35,273045,ITC
2025-05-28 09:44:00+05:30,420.35,420.5,420.15,420.4,279176,ITC
2025-05-28 09:45:00+05:30,420.4,420.6,420.05,420.35,180048,ITC
2025-05-28 09:46:00+05:30,420.35,420.35,419.5,420.0,469288,ITC
2025-05-28 09:47:00+05:30,419.85,420.25,419.55,420.25,526797,ITC
2025-05-28 09:48:00+05:30,420.25,420.3,419.85,419.95,616095,ITC
2025-05-28 09:49:00+05:30,419.95,420.0,419.75,420.0,313070,ITC
2025-05-28 09:50:00+05:30,420.0,420.35,419.95,420.1,123589,ITC
2025-05-28 09:51:00+05:30,420.1,420.1,419.55,419.6,254897,ITC
2025-05-28 09:52:00+05:30,419.6,419.8,419.45,419.7,247046,ITC
2025-05-28 09:53:00+05:30,419.7,419.7,419.35,419.4,170264,ITC
2025-05-28 09:54:00+05:30,419.45,420.0,419.3,419.95,564148,ITC
2025-05-28 09:55:00+05:30,419.95,420.5,419.55,420.25,1409095,ITC
2025-05-28 09:56:00+05:30,420.45,421.2,420.0,421.0,1492476,ITC
2025-05-28 09:57:00+05:30,421.0,421.2,421.0,421.1,289186,ITC
2025-05-28 09:58:00+05:30,421.1,421.6,421.0,421.35,584313,ITC
2025-05-28 09:59:00+05:30,421.35,421.75,421.0,421.65,871599,ITC
2025-05-28 10:00:00+05:30,421.65,422.3,421.65,422.05,1863483,ITC
2025-05-28 10:01:00+05:30,422.15,422.6,422.0,422.05,464591,ITC
2025-05-28 10:02:00+05:30,422.05,422.2,422.0,422.15,189587,ITC
2025-05-28 10:03:00+05:30,422.15,422.15,421.45,421.8,423710,ITC
2025-05-28 10:04:00+05:30,421.8,421.8,421.0,421.15,136163,ITC
2025-05-28 10:05:00+05:30,421.2,422.1,421.15,421.7,176200,ITC
2025-05-28 10:06:00+05:30,421.7,421.75,421.35,421.45,204548,ITC
2025-05-28 10:07:00+05:30,421.5,421.85,421.2,421.85,226060,ITC
2025-05-28 10:08:00+05:30,421.85,421.85,421.5,421.65,86621,ITC
2025-05-28 10:09:00+05:30,421.65,421.85,421.5,421.85,81868,ITC
2025-05-28 10:10:00+05:30,421.85,421.85,421.6,421.8,79873,ITC
2025-05-28 10:11:00+05:30,421.8,422.0,421.6,422.0,145782,ITC
2025-05-28 10:12:00+05:30,422.0,422.35,421.95,422.1,249084,ITC
2025-05-28 10:13:00+05:30,422.1,422.1,421.85,421.9,75950,ITC
2025-05-28 10:14:00+05:30,421.9,421.9,421.55,421.65,96863,ITC
2025-05-28 10:15:00+05:30,421.65,421.65,420.65,420.85,239984,ITC
2025-05-28 10:16:00+05:30,420.8,421.3,420.6,420.8,144248,ITC
2025-05-28 10:17:00+05:30,420.75,420.95,420.6,420.95,83876,ITC
2025-05-28 10:18:00+05:30,420.95,421.25,420.9,421.2,271247,ITC
2025-05-28 10:19:00+05:30,421.2,421.35,420.85,420.95,157452,ITC
2025-05-28 10:20:00+05:30,420.9,420.95,420.8,420.9,43200,ITC
2025-05-28 10:21:00+05:30,420.9,420.95,420.75,420.95,66836,ITC
2025-05-28 10:22:00+05:30,420.9,421.25,420.85,420.95,76169,ITC
2025-05-28 10:23:00+05:30,420.95,421.15,420.8,421.05,33959,ITC
2025-05-28 10:24:00+05:30,421.1,421.2,420.95,421.2,63190,ITC
2025-05-28 10:25:00+05:30,421.2,421.35,421.05,421.25,121790,ITC
2025-05-28 10:26:00+05:30,421.25,421.25,421.0,421.2,42232,ITC
2025-05-28 10:27:00+05:30,421.2,421.2,421.0,421.2,23825,ITC
2025-05-28 10:28:00+05:30,421.2,421.2,420.95,421.2,80002,ITC
2025-05-28 10:29:00+05:30,421.2,421.2,421.1,421.2,34237,ITC
2025-05-28 10:30:00+05:30,421.2,421.2,421.1,421.2,37611,ITC
2025-05-28 10:31:00+05:30,421.2,421.2,421.1,421.15,21146,ITC
2025-05-28 10:32:00+05:30,421.2,421.2,421.1,421.15,57397,ITC
2025-05-28 10:33:00+05:30,421.15,421.15,420.95,421.05,117798,ITC
2025-05-28 10:34:00+05:30,421.05,421.1,420.65,420.8,348215,ITC
2025-05-28 10:35:00+05:30,420.8,420.95,420.6,420.7,166264,ITC
2025-05-28 10:36:00+05:30,420.7,420.95,420.6,420.9,175194,ITC
2025-05-28 10:37:00+05:30,420.9,421.0,420.65,420.9,168729,ITC
2025-05-28 10:38:00+05:30,420.9,421.2,420.75,421.2,92541,ITC
2025-05-28 10:39:00+05:30,421.2,421.35,421.0,421.15,154211,ITC
2025-05-28 10:40:00+05:30,421.15,421.3,420.95,421.3,207033,ITC
2025-05-28 10:41:00+05:30,421.3,421.3,421.05,421.1,24337,ITC
2025-05-28 10:42:00+05:30,421.1,421.35,421.05,421.3,112539,ITC
2025-05-28 10:43:00+05:30,421.3,421.35,421.1,421.15,165282,ITC
2025-05-28 10:44:00+05:30,421.15,421.15,420.9,421.1,44974,ITC
2025-05-28 10:45:00+05:30,421.1,421.45,421.05,421.45,74145,ITC
2025-05-28 10:46:00+05:30,421.45,421.9,421.45,421.8,106114,ITC
2025-05-28 10:47:00+05:30,421.75,421.9,421.4,421.8,47442,ITC
2025-05-28 10:48:00+05:30,421.8,421.85,421.75,421.85,51643,ITC
2025-05-28 10:49:00+05:30,421.85,421.85,421.6,421.75,97539,ITC
2025-05-28 10:50:00+05:30,421.75,421.8,421.65,421.7,79460,ITC
2025-05-28 10:51:00+05:30,421.7,421.85,421.65,421.8,46081,ITC
2025-05-28 10:52:00+05:30,421.75,421.85,421.6,421.8,58177,ITC
2025-05-28 10:53:00+05:30,421.8,421.8,421.65,421.65,60942,ITC
2025-05-28 10:54:00+05:30,421.7,421.7,421.5,421.6,144807,ITC
2025-05-28 10:55:00+05:30,421.6,421.65,421.5,421.5,43251,ITC
2025-05-28 10:56:00+05:30,421.55,421.55,421.2,421.35,65580,ITC
2025-05-28 10:57:00+05:30,421.4,421.4,421.15,421.15,78770,ITC
2025-05-28 10:58:00+05:30,421.25,421.65,421.15,421.65,167095,ITC
2025-05-28 10:59:00+05:30,421.6,421.75,421.5,421.55,22345,ITC
2025-05-28 11:00:00+05:30,421.6,421.7,421.55,421.6,28644,ITC
2025-05-28 11:01:00+05:30,421.6,421.65,421.5,421.55,25914,ITC
2025-05-28 11:02:00+05:30,421.55,421.65,421.45,421.65,47259,ITC
2025-05-28 11:03:00+05:30,421.65,421.65,421.5,421.6,20900,ITC
2025-05-28 11:04:00+05:30,421.6,421.85,421.55,421.6,134604,ITC
2025-05-28 11:05:00+05:30,421.6,421.7,421.4,421.65,43869,ITC
2025-05-28 11:06:00+05:30,421.65,421.65,421.3,421.45,30264,ITC
2025-05-28 11:07:00+05:30,421.45,421.8,421.3,421.75,251607,ITC
2025-05-28 11:08:00+05:30,421.7,421.8,421.5,421.6,83310,ITC
2025-05-28 11:09:00+05:30,421.6,421.65,421.4,421.55,38978,ITC
2025-05-28 11:10:00+05:30,421.5,421.55,421.4,421.55,19323,ITC
2025-05-28 11:11:00+05:30,421.55,421.6,421.2,421.3,76032,ITC
2025-05-28 11:12:00+05:30,421.3,421.3,421.1,421.2,56130,ITC
2025-05-28 11:13:00+05:30,421.15,421.2,421.05,421.1,30627,ITC
2025-05-28 11:14:00+05:30,421.05,421.4,421.05,421.25,231506,ITC
2025-05-28 11:15:00+05:30,421.25,421.3,421.2,421.25,84983,ITC
2025-05-28 11:16:00+05:30,421.2,421.25,420.5,420.75,388689,ITC
2025-05-28 11:17:00+05:30,420.85,421.05,420.75,420.9,121610,ITC
2025-05-28 11:18:00+05:30,420.95,421.1,420.8,421.1,66960,ITC
2025-05-28 11:19:00+05:30,421.05,421.15,420.85,420.9,80975,ITC
2025-05-28 11:20:00+05:30,420.95,421.0,420.5,420.8,153498,ITC
2025-05-28 11:21:00+05:30,420.8,421.0,420.5,420.85,301423,ITC
2025-05-28 11:22:00+05:30,420.9,421.0,420.65,421.0,51419,ITC
2025-05-28 11:23:00+05:30,420.95,421.05,420.9,421.05,49756,ITC
2025-05-28 11:24:00+05:30,421.05,421.05,420.45,420.6,38090,ITC
2025-05-28 11:25:00+05:30,420.6,420.8,420.5,420.7,45732,ITC
2025-05-28 11:26:00+05:30,420.75,420.9,420.55,420.8,72642,ITC
2025-05-28 11:27:00+05:30,420.75,420.8,420.5,420.7,116051,ITC
2025-05-28 11:28:00+05:30,420.7,420.75,420.2,420.55,124725,ITC
2025-05-28 11:29:00+05:30,420.55,420.65,420.1,420.2,60837,ITC
2025-05-28 11:30:00+05:30,420.25,420.5,420.0,420.45,246462,ITC
2025-05-28 11:31:00+05:30,420.45,420.65,420.25,420.65,63235,ITC
2025-05-28 11:32:00+05:30,420.55,420.65,420.45,420.6,18279,ITC
2025-05-28 11:33:00+05:30,420.6,420.65,420.45,420.6,20274,ITC
2025-05-28 11:34:00+05:30,420.6,420.6,420.3,420.4,28964,ITC
2025-05-28 11:35:00+05:30,420.4,420.5,420.2,420.45,48220,ITC
2025-05-28 11:36:00+05:30,420.45,420.5,420.15,420.15,97075,ITC
2025-05-28 11:37:00+05:30,420.3,420.4,420.15,420.15,46899,ITC
2025-05-28 11:38:00+05:30,420.15,420.25,420.1,420.2,23435,ITC
2025-05-28 11:39:00+05:30,420.2,420.25,420.15,420.2,21092,ITC
2025-05-28 11:40:00+05:30,420.2,420.2,420.1,420.2,42961,ITC
2025-05-28 11:41:00+05:30,420.2,420.25,420.0,420.0,151933,ITC
2025-05-28 11:42:00+05:30,420.15,420.15,420.0,420.1,106011,ITC
2025-05-28 11:43:00+05:30,420.1,420.2,420.0,420.1,660094,ITC
2025-05-28 11:44:00+05:30,420.1,420.25,419.75,420.05,653114,ITC
2025-05-28 11:45:00+05:30,420.1,420.2,420.0,420.1,45767,ITC
2025-05-28 11:46:00+05:30,420.15,420.15,420.0,420.1,190236,ITC
2025-05-28 11:47:00+05:30,420.15,420.2,420.0,420.15,61587,ITC
2025-05-28 11:48:00+05:30,420.15,420.25,420.0,420.2,35878,ITC
2025-05-28 11:49:00+05:30,420.15,420.2,420.05,420.05,29944,ITC
2025-05-28 11:50:00+05:30,420.15,420.2,420.05,420.15,52372,ITC
2025-05-28 11:51:00+05:30,420.15,420.2,420.05,420.15,23146,ITC
2025-05-28 11:52:00+05:30,420.15,420.2,420.05,420.15,30153,ITC
2025-05-28 11:53:00+05:30,420.15,420.2,420.05,420.1,44775,ITC
2025-05-28 11:54:00+05:30,420.1,420.2,420.0,420.1,176135,ITC
2025-05-28 11:55:00+05:30,420.1,420.2,420.0,420.15,125247,ITC
2025-05-28 11:56:00+05:30,420.15,420.15,420.0,420.0,57679,ITC
2025-05-28 11:57:00+05:30,420.05,420.15,420.0,420.1,50945,ITC
2025-05-28 11:58:00+05:30,420.1,420.15,420.05,420.15,23661,ITC
2025-05-28 11:59:00+05:30,420.15,420.15,419.55,420.05,574752,ITC
2025-05-28 12:00:00+05:30,420.0,420.1,419.15,419.4,612004,ITC
2025-05-28 12:01:00+05:30,419.35,419.7,419.35,419.45,159881,ITC
2025-05-28 12:02:00+05:30,419.45,419.75,419.15,419.55,97721,ITC
2025-05-28 12:03:00+05:30,419.6,419.8,419.55,419.75,52450,ITC
2025-05-28 12:04:00+05:30,419.75,419.9,419.7,419.8,76929,ITC
2025-05-28 12:05:00+05:30,419.85,419.95,419.8,419.95,125616,ITC
2025-05-28 12:06:00+05:30,419.95,420.15,419.85,420.15,220581,ITC
2025-05-28 12:07:00+05:30,420.1,420.25,420.0,420.2,39224,ITC
2025-05-28 12:08:00+05:30,420.2,420.25,420.1,420.15,25623,ITC
2025-05-28 12:09:00+05:30,420.2,420.2,419.85,419.95,139056,ITC
2025-05-28 12:10:00+05:30,419.95,419.95,419.55,419.8,127125,ITC
2025-05-28 12:11:00+05:30,419.8,419.8,419.65,419.75,33344,ITC
2025-05-28 12:12:00+05:30,419.75,419.9,419.55,419.8,62556,ITC
2025-05-28 12:13:00+05:30,419.8,419.95,419.75,419.95,34239,ITC
2025-05-28 12:14:00+05:30,419.95,419.95,419.85,419.9,70801,ITC
2025-05-28 12:15:00+05:30,419.9,419.9,419.8,419.9,36344,ITC
2025-05-28 12:16:00+05:30,419.9,419.9,419.85,419.9,58659,ITC
2025-05-28 12:17:00+05:30,419.9,420.2,419.85,420.05,47281,ITC
2025-05-28 12:18:00+05:30,420.2,420.25,420.05,420.15,68238,ITC
2025-05-28 12:19:00+05:30,420.2,420.25,420.05,420.15,90337,ITC
2025-05-28 12:20:00+05:30,420.15,420.2,420.05,420.1,30731,ITC
2025-05-28 12:21:00+05:30,420.1,420.15,420.05,420.05,23139,ITC
2025-05-28 12:22:00+05:30,420.1,420.1,420.05,420.1,13847,ITC
2025-05-28 12:23:00+05:30,420.1,420.15,420.05,420.15,23769,ITC
2025-05-28 12:24:00+05:30,420.15,420.2,420.1,420.2,15727,ITC
2025-05-28 12:25:00+05:30,420.15,420.45,420.1,420.35,105793,ITC
2025-05-28 12:26:00+05:30,420.4,420.45,420.05,420.45,59192,ITC
2025-05-28 12:27:00+05:30,420.45,420.6,420.3,420.45,32725,ITC
2025-05-28 12:28:00+05:30,420.45,420.45,420.35,420.4,11392,ITC
2025-05-28 12:29:00+05:30,420.4,420.45,420.3,420.45,19598,ITC
2025-05-28 12:30:00+05:30,420.45,420.7,420.3,420.45,52756,ITC
2025-05-28 12:31:00+05:30,420.3,420.55,420.3,420.5,35873,ITC
2025-05-28 12:32:00+05:30,420.5,420.6,420.4,420.5,29245,ITC
2025-05-28 12:33:00+05:30,420.55,420.65,420.5,420.65,17135,ITC
2025-05-28 12:34:00+05:30,420.65,420.9,420.55,420.75,106468,ITC
2025-05-28 12:35:00+05:30,420.75,420.9,420.55,420.65,90984,ITC
2025-05-28 12:36:00+05:30,420.65,420.75,420.5,420.55,26121,ITC
2025-05-28 12:37:00+05:30,420.6,420.8,420.5,420.7,52297,ITC
2025-05-28 12:38:00+05:30,420.7,420.8,420.6,420.65,34704,ITC
2025-05-28 12:39:00+05:30,420.65,420.65,420.6,420.65,18106,ITC
2025-05-28 12:40:00+05:30,420.65,420.8,420.6,420.75,56759,ITC
2025-05-28 12:41:00+05:30,420.75,420.8,420.7,420.75,13642,ITC
2025-05-28 12:42:00+05:30,420.7,420.95,420.7,420.9,98577,ITC
2025-05-28 12:43:00+05:30,420.9,420.95,420.75,420.85,34332,ITC
2025-05-28 12:44:00+05:30,420.8,420.85,420.75,420.85,28476,ITC
2025-05-28 12:45:00+05:30,420.85,420.85,420.5,420.55,61232,ITC
2025-05-28 12:46:00+05:30,420.65,420.65,420.5,420.6,38298,ITC
2025-05-28 12:47:00+05:30,420.6,420.65,420.5,420.6,39840,ITC
2025-05-28 12:48:00+05:30,420.65,420.75,420.5,420.75,67735,ITC
2025-05-28 12:49:00+05:30,420.75,420.75,420.55,420.75,12390,ITC
2025-05-28 12:50:00+05:30,420.75,420.75,420.55,420.75,23377,ITC
2025-05-28 12:51:00+05:30,420.75,420.75,420.55,420.7,12667,ITC
2025-05-28 12:52:00+05:30,420.7,420.75,420.55,420.75,53364,ITC
2025-05-28 12:53:00+05:30,420.7,421.0,420.65,420.85,131724,ITC
2025-05-28 12:54:00+05:30,420.85,420.95,420.75,420.9,12073,ITC
2025-05-28 12:55:00+05:30,420.9,420.9,420.7,420.8,20417,ITC
2025-05-28 12:56:00+05:30,420.8,420.9,420.65,420.8,20928,ITC
2025-05-28 12:57:00+05:30,420.8,420.85,420.6,420.75,18412,ITC
2025-05-28 12:58:00+05:30,420.75,420.8,420.55,420.7,33866,ITC
2025-05-28 12:59:00+05:30,420.6,420.7,420.5,420.55,44394,ITC
2025-05-28 13:00:00+05:30,420.55,420.55,420.4,420.45,30153,ITC
2025-05-28 13:01:00+05:30,420.4,420.5,420.2,420.25,96617,ITC
2025-05-28 13:02:00+05:30,420.25,420.45,420.2,420.4,92229,ITC
2025-05-28 13:03:00+05:30,420.4,420.45,420.2,420.4,42015,ITC
2025-05-28 13:04:00+05:30,420.4,420.45,420.2,420.25,37215,ITC
2025-05-28 13:05:00+05:30,420.25,420.45,420.25,420.4,20543,ITC
2025-05-28 13:06:00+05:30,420.4,420.4,419.95,420.3,615915,ITC
2025-05-28 13:07:00+05:30,420.3,420.35,420.1,420.25,49103,ITC
2025-05-28 13:08:00+05:30,420.25,420.25,420.1,420.2,16933,ITC
2025-05-28 13:09:00+05:30,420.2,420.2,420.15,420.2,8219,ITC
2025-05-28 13:10:00+05:30,420.15,420.25,420.05,420.25,26465,ITC
2025-05-28 13:11:00+05:30,420.25,420.35,420.1,420.2,14944,ITC
2025-05-28 13:12:00+05:30,420.25,420.35,420.2,420.3,13734,ITC
2025-05-28 13:13:00+05:30,420.3,420.3,420.1,420.15,15392,ITC
2025-05-28 13:14:00+05:30,420.3,420.3,420.1,420.25,19067,ITC
2025-05-28 13:15:00+05:30,420.25,420.25,420.15,420.25,18226,ITC
2025-05-28 13:16:00+05:30,420.25,420.35,420.2,420.3,44991,ITC
2025-05-28 13:17:00+05:30,420.3,420.35,420.2,420.3,15666,ITC
2025-05-28 13:18:00+05:30,420.35,420.35,420.15,420.2,20811,ITC
2025-05-28 13:19:00+05:30,420.2,420.6,420.2,420.5,124574,ITC
2025-05-28 13:20:00+05:30,420.5,420.5,420.35,420.45,7666,ITC
2025-05-28 13:21:00+05:30,420.45,420.5,420.2,420.25,24124,ITC
2025-05-28 13:22:00+05:30,420.25,420.35,420.15,420.25,41566,ITC
2025-05-28 13:23:00+05:30,420.25,420.35,420.2,420.35,24803,ITC
2025-05-28 13:24:00+05:30,420.35,420.35,420.3,420.35,10664,ITC
2025-05-28 13:25:00+05:30,420.35,420.45,420.25,420.45,34642,ITC
2025-05-28 13:26:00+05:30,420.45,420.45,420.35,420.4,10838,ITC
2025-05-28 13:27:00+05:30,420.4,420.5,420.35,420.5,33505,ITC
2025-05-28 13:28:00+05:30,420.5,420.5,420.35,420.4,28187,ITC
2025-05-28 13:29:00+05:30,420.4,420.5,420.35,420.5,16658,ITC
2025-05-28 13:30:00+05:30,420.5,420.55,420.4,420.55,11215,ITC
2025-05-28 13:31:00+05:30,420.5,420.8,420.45,420.75,39652,ITC
2025-05-28 13:32:00+05:30,420.75,420.8,420.6,420.8,24081,ITC
2025-05-28 13:33:00+05:30,420.8,420.85,420.6,420.6,24598,ITC
2025-05-28 13:34:00+05:30,420.65,420.75,420.5,420.7,12772,ITC
2025-05-28 13:35:00+05:30,420.7,420.7,420.6,420.7,7498,ITC
2025-05-28 13:36:00+05:30,420.7,420.7,420.6,420.7,17378,ITC
2025-05-28 13:37:00+05:30,420.7,420.8,420.6,420.75,11504,ITC
2025-05-28 13:38:00+05:30,420.75,420.8,420.6,420.75,33403,ITC
2025-05-28 13:39:00+05:30,420.75,420.8,420.6,420.8,12805,ITC
2025-05-28 13:40:00+05:30,420.8,420.8,420.5,420.75,10841,ITC
2025-05-28 13:41:00+05:30,420.75,420.75,420.4,420.4,83717,ITC
2025-05-28 13:42:00+05:30,420.4,420.45,420.35,420.45,13493,ITC
2025-05-28 13:43:00+05:30,420.45,420.45,420.35,420.35,19120,ITC
2025-05-28 13:44:00+05:30,420.45,420.5,420.3,420.45,20268,ITC
2025-05-28 13:45:00+05:30,420.45,420.5,420.35,420.45,19088,ITC
2025-05-28 13:46:00+05:30,420.45,420.45,420.35,420.45,24027,ITC
2025-05-28 13:47:00+05:30,420.4,420.45,420.35,420.45,29395,ITC
2025-05-28 13:48:00+05:30,420.4,420.5,420.3,420.35,17688,ITC
2025-05-28 13:49:00+05:30,420.4,420.5,420.3,420.5,37019,ITC
2025-05-28 13:50:00+05:30,420.4,420.65,420.35,420.4,79809,ITC
2025-05-28 13:51:00+05:30,420.4,420.45,420.35,420.45,54514,ITC
2025-05-28 13:52:00+05:30,420.45,420.6,420.35,420.45,82361,ITC
2025-05-28 13:53:00+05:30,420.55,420.6,420.35,420.45,25158,ITC
2025-05-28 13:54:00+05:30,420.45,420.6,420.35,420.4,67419,ITC
2025-05-28 13:55:00+05:30,420.4,420.6,420.05,420.15,509391,ITC
2025-05-28 13:56:00+05:30,420.15,420.5,420.0,420.4,156853,ITC
2025-05-28 13:57:00+05:30,420.4,420.4,420.2,420.2,99149,ITC
2025-05-28 13:58:00+05:30,420.25,420.25,420.2,420.25,97588,ITC
2025-05-28 13:59:00+05:30,420.25,420.3,420.2,420.25,54454,ITC
2025-05-28 14:00:00+05:30,420.25,420.5,420.15,420.5,116711,ITC
2025-05-28 14:01:00+05:30,420.5,420.55,420.4,420.45,83448,ITC
2025-05-28 14:02:00+05:30,420.55,420.55,420.45,420.55,24427,ITC
2025-05-28 14:03:00+05:30,420.5,420.55,420.45,420.55,22892,ITC
2025-05-28 14:04:00+05:30,420.55,420.55,420.45,420.55,30166,ITC
2025-05-28 14:05:00+05:30,420.55,420.6,420.5,420.6,56832,ITC
2025-05-28 14:06:00+05:30,420.6,421.1,420.55,421.1,359949,ITC
2025-05-28 14:07:00+05:30,421.0,421.3,421.0,421.25,56613,ITC
2025-05-28 14:08:00+05:30,421.25,421.6,421.2,421.55,143920,ITC
2025-05-28 14:09:00+05:30,421.55,421.55,421.15,421.3,39003,ITC
2025-05-28 14:10:00+05:30,421.3,421.3,421.0,421.0,21096,ITC
2025-05-28 14:11:00+05:30,421.0,421.1,420.85,420.95,35051,ITC
2025-05-28 14:12:00+05:30,420.95,421.0,420.85,421.0,51808,ITC
2025-05-28 14:13:00+05:30,421.0,422.0,420.9,421.7,446728,ITC
2025-05-28 14:14:00+05:30,421.65,421.65,421.25,421.3,22826,ITC
2025-05-28 14:15:00+05:30,421.3,421.4,421.25,421.4,33219,ITC
2025-05-28 14:16:00+05:30,421.35,421.4,421.3,421.4,23309,ITC
2025-05-28 14:17:00+05:30,421.3,421.5,421.2,421.4,93249,ITC
2025-05-28 14:18:00+05:30,421.4,421.45,421.25,421.4,12126,ITC
2025-05-28 14:19:00+05:30,421.45,421.45,421.25,421.45,48673,ITC
2025-05-28 14:20:00+05:30,421.45,421.45,421.3,421.35,23764,ITC
2025-05-28 14:21:00+05:30,421.35,421.4,421.3,421.4,43555,ITC
2025-05-28 14:22:00+05:30,421.4,421.4,421.25,421.4,52328,ITC
2025-05-28 14:23:00+05:30,421.4,421.4,421.25,421.3,22105,ITC
2025-05-28 14:24:00+05:30,421.3,421.35,421.25,421.35,33756,ITC
2025-05-28 14:25:00+05:30,421.35,421.5,421.3,421.5,36853,ITC
2025-05-28 14:26:00+05:30,421.45,421.5,421.35,421.4,27276,ITC
2025-05-28 14:27:00+05:30,421.4,421.45,421.35,421.4,19966,ITC
2025-05-28 14:28:00+05:30,421.4,421.4,421.3,421.3,22301,ITC
2025-05-28 14:29:00+05:30,421.35,421.4,421.3,421.4,36395,ITC
2025-05-28 14:30:00+05:30,421.4,421.4,421.25,421.35,27673,ITC
2025-05-28 14:31:00+05:30,421.35,421.35,421.25,421.25,27755,ITC
2025-05-28 14:32:00+05:30,421.3,421.35,421.15,421.25,58988,ITC
2025-05-28 14:33:00+05:30,421.25,421.35,421.15,421.3,14681,ITC
2025-05-28 14:34:00+05:30,421.3,421.35,421.2,421.25,34774,ITC
2025-05-28 14:35:00+05:30,421.25,421.4,421.2,421.35,40809,ITC
2025-05-28 14:36:00+05:30,421.4,421.5,421.15,421.35,175409,ITC
2025-05-28 14:37:00+05:30,421.35,421.4,421.0,421.0,106913,ITC
2025-05-28 14:38:00+05:30,421.05,421.2,421.0,421.2,25360,ITC
2025-05-28 14:39:00+05:30,421.2,421.2,421.0,421.2,15952,ITC
2025-05-28 14:40:00+05:30,421.2,421.2,421.05,421.1,15168,ITC
2025-05-28 14:41:00+05:30,421.05,421.1,421.0,421.1,135716,ITC
2025-05-28 14:42:00+05:30,421.1,421.15,421.0,421.15,19600,ITC
2025-05-28 14:43:00+05:30,421.15,421.2,421.0,421.2,44464,ITC
2025-05-28 14:44:00+05:30,421.2,421.25,421.15,421.15,16263,ITC
2025-05-28 14:45:00+05:30,421.2,421.3,421.1,421.1,42713,ITC
2025-05-28 14:46:00+05:30,421.2,421.3,421.0,421.3,45162,ITC
2025-05-28 14:47:00+05:30,421.3,421.5,421.1,421.25,98731,ITC
2025-05-28 14:48:00+05:30,421.3,421.4,421.2,421.3,15634,ITC
2025-05-28 14:49:00+05:30,421.3,421.45,421.25,421.4,25674,ITC
2025-05-28 14:50:00+05:30,421.4,421.45,421.3,421.35,25441,ITC
2025-05-28 14:51:00+05:30,421.3,421.4,421.15,421.3,33376,ITC
2025-05-28 14:52:00+05:30,421.25,421.4,421.2,421.3,39422,ITC
2025-05-28 14:53:00+05:30,421.35,421.4,421.25,421.4,37890,ITC
2025-05-28 14:54:00+05:30,421.4,421.4,421.15,421.15,44464,ITC
2025-05-28 14:55:00+05:30,421.15,421.35,421.15,421.25,34631,ITC
2025-05-28 14:56:00+05:30,421.2,421.3,421.15,421.2,28023,ITC
2025-05-28 14:57:00+05:30,421.25,421.3,421.15,421.2,36570,ITC
2025-05-28 14:58:00+05:30,421.2,421.25,420.7,420.7,705079,ITC
2025-05-28 14:59:00+05:30,420.9,420.9,420.35,420.4,94619,ITC
2025-05-28 15:00:00+05:30,420.55,420.55,420.1,420.2,164881,ITC
2025-05-28 15:01:00+05:30,420.2,420.5,420.2,420.5,245364,ITC
2025-05-28 15:02:00+05:30,420.5,420.5,420.35,420.4,76328,ITC
2025-05-28 15:03:00+05:30,420.45,420.5,420.3,420.4,60225,ITC
2025-05-28 15:04:00+05:30,420.45,420.75,420.3,420.55,123051,ITC
2025-05-28 15:05:00+05:30,420.55,420.6,420.5,420.6,46528,ITC
2025-05-28 15:06:00+05:30,420.6,420.7,420.5,420.55,149752,ITC
2025-05-28 15:07:00+05:30,420.6,420.6,420.35,420.35,89988,ITC
2025-05-28 15:08:00+05:30,420.4,420.45,420.2,420.25,187324,ITC
2025-05-28 15:09:00+05:30,420.3,420.35,420.2,420.35,202335,ITC
2025-05-28 15:10:00+05:30,420.35,420.45,420.3,420.3,176461,ITC
2025-05-28 15:11:00+05:30,420.4,420.45,420.3,420.3,76263,ITC
2025-05-28 15:12:00+05:30,420.35,420.4,420.2,420.3,357422,ITC
2025-05-28 15:13:00+05:30,420.35,420.4,420.0,420.15,536097,ITC
2025-05-28 15:14:00+05:30,420.05,420.25,420.0,420.1,251231,ITC
2025-05-28 15:15:00+05:30,420.05,420.3,420.0,420.0,411493,ITC
2025-05-28 15:16:00+05:30,420.2,420.3,420.0,420.2,234976,ITC
2025-05-28 15:17:00+05:30,420.3,420.35,420.2,420.25,110174,ITC
2025-05-28 15:18:00+05:30,420.25,420.25,420.0,420.25,200153,ITC
2025-05-28 15:19:00+05:30,420.25,420.25,420.0,420.2,185815,ITC
2025-05-28 15:20:00+05:30,420.2,420.2,420.0,420.1,258214,ITC
2025-05-28 15:21:00+05:30,420.1,420.15,420.0,420.1,131990,ITC
2025-05-28 15:22:00+05:30,420.1,420.1,420.0,420.05,135254,ITC
2025-05-28 15:23:00+05:30,420.05,420.1,420.0,420.05,177713,ITC
2025-05-28 15:24:00+05:30,420.0,420.1,420.0,420.1,163466,ITC
2025-05-28 15:25:00+05:30,420.05,420.1,420.0,420.05,219031,ITC
2025-05-28 15:26:00+05:30,420.05,420.1,420.0,420.05,521613,ITC
2025-05-28 15:27:00+05:30,420.05,420.15,420.0,420.05,195669,ITC
2025-05-28 15:28:00+05:30,420.1,420.15,420.0,420.0,192918,ITC
2025-05-28 15:29:00+05:30,420.1,421.1,420.0,421.0,551704,ITC
2025-05-29 09:15:00+05:30,422.0,422.8,421.0,421.55,231891,ITC
2025-05-29 09:16:00+05:30,421.55,422.0,421.5,421.75,97678,ITC
2025-05-29 09:17:00+05:30,421.75,421.8,420.65,421.0,177785,ITC
2025-05-29 09:18:00+05:30,421.0,421.0,420.75,420.95,67983,ITC
2025-05-29 09:19:00+05:30,420.85,421.2,420.75,420.85,83877,ITC
2025-05-29 09:20:00+05:30,420.8,421.25,420.8,421.1,40027,ITC
2025-05-29 09:21:00+05:30,421.1,421.5,421.0,421.3,48915,ITC
2025-05-29 09:22:00+05:30,421.3,421.3,420.7,420.85,134166,ITC
2025-05-29 09:23:00+05:30,420.8,420.95,420.6,420.85,86778,ITC
2025-05-29 09:24:00+05:30,420.8,421.0,420.5,420.95,100579,ITC
2025-05-29 09:25:00+05:30,420.9,420.9,419.75,420.0,180390,ITC
2025-05-29 09:26:00+05:30,420.0,420.25,419.9,420.2,55477,ITC
2025-05-29 09:27:00+05:30,420.2,420.25,419.8,419.9,35759,ITC
2025-05-29 09:28:00+05:30,419.8,420.25,419.75,420.25,49817,ITC
2025-05-29 09:29:00+05:30,420.15,420.3,420.0,420.25,28494,ITC
2025-05-29 09:30:00+05:30,420.3,420.5,420.1,420.4,29338,ITC
2025-05-29 09:31:00+05:30,420.4,420.85,420.35,420.85,44255,ITC
2025-05-29 09:32:00+05:30,420.75,420.95,420.65,420.9,44606,ITC
2025-05-29 09:33:00+05:30,420.9,421.2,420.8,421.0,105147,ITC
2025-05-29 09:34:00+05:30,421.0,421.15,420.75,420.8,67577,ITC
2025-05-29 09:35:00+05:30,420.9,421.05,420.8,421.0,46307,ITC
2025-05-29 09:36:00+05:30,421.05,421.2,420.8,420.8,124420,ITC
2025-05-29 09:37:00+05:30,420.9,420.9,420.5,420.75,90642,ITC
2025-05-29 09:38:00+05:30,420.8,421.1,420.7,421.1,40742,ITC
2025-05-29 09:39:00+05:30,421.0,421.25,420.9,421.25,21849,ITC
2025-05-29 09:40:00+05:30,421.1,421.25,421.0,421.1,38109,ITC
2025-05-29 09:41:00+05:30,421.1,421.1,420.55,420.7,63392,ITC
2025-05-29 09:42:00+05:30,420.7,420.85,420.5,420.55,78024,ITC
2025-05-29 09:43:00+05:30,420.55,420.7,420.4,420.5,32708,ITC
2025-05-29 09:44:00+05:30,420.55,420.8,420.55,420.7,14598,ITC
2025-05-29 09:45:00+05:30,420.8,420.85,420.7,420.75,17356,ITC
2025-05-29 09:46:00+05:30,420.75,420.8,420.55,420.7,13910,ITC
2025-05-29 09:47:00+05:30,420.7,420.7,420.55,420.6,14218,ITC
2025-05-29 09:48:00+05:30,420.7,420.85,420.55,420.85,17104,ITC
2025-05-29 09:49:00+05:30,420.85,420.95,420.8,420.85,9091,ITC
2025-05-29 09:50:00+05:30,420.8,420.95,420.75,420.9,18266,ITC
2025-05-29 09:51:00+05:30,420.9,420.9,420.7,420.75,11135,ITC
2025-05-29 09:52:00+05:30,420.75,420.8,420.6,420.65,9390,ITC
2025-05-29 09:53:00+05:30,420.65,420.7,420.5,420.65,19704,ITC
2025-05-29 09:54:00+05:30,420.6,420.7,420.5,420.6,17960,ITC
2025-05-29 09:55:00+05:30,420.55,420.8,420.55,420.65,21104,ITC
2025-05-29 09:56:00+05:30,420.7,420.8,420.6,420.65,31306,ITC
2025-05-29 09:57:00+05:30,420.65,420.65,420.25,420.25,30849,ITC
2025-05-29 09:58:00+05:30,420.3,420.7,420.15,420.25,76039,ITC
2025-05-29 09:59:00+05:30,420.3,420.65,420.2,420.25,61335,ITC
2025-05-29 10:00:00+05:30,420.25,420.3,420.05,420.05,182844,ITC
2025-05-29 10:01:00+05:30,420.25,420.35,419.35,419.4,197242,ITC
2025-05-29 10:02:00+05:30,419.45,420.1,419.35,419.6,68009,ITC
2025-05-29 10:03:00+05:30,419.7,419.75,419.4,419.5,48441,ITC
2025-05-29 10:04:00+05:30,419.6,419.6,419.35,419.6,47255,ITC
2025-05-29 10:05:00+05:30,419.55,420.05,419.35,419.9,80914,ITC
2025-05-29 10:06:00+05:30,419.9,420.05,419.75,419.9,31534,ITC
2025-05-29 10:07:00+05:30,419.9,420.0,419.55,419.6,53167,ITC
2025-05-29 10:08:00+05:30,419.6,419.7,419.3,419.5,54091,ITC
2025-05-29 10:09:00+05:30,419.5,419.5,419.1,419.45,62232,ITC
2025-05-29 10:10:00+05:30,419.4,419.5,419.25,419.45,25495,ITC
2025-05-29 10:11:00+05:30,419.5,419.55,419.25,419.4,30769,ITC
2025-05-29 10:12:00+05:30,419.35,419.4,419.05,419.25,76056,ITC
2025-05-29 10:13:00+05:30,419.2,419.4,419.0,419.3,124334,ITC
2025-05-29 10:14:00+05:30,419.35,419.45,419.2,419.45,21352,ITC
2025-05-29 10:15:00+05:30,419.45,419.8,419.4,419.55,32047,ITC
2025-05-29 10:16:00+05:30,419.6,419.6,419.35,419.45,21568,ITC
2025-05-29 10:17:00+05:30,419.45,419.55,419.35,419.4,38400,ITC
2025-05-29 10:18:00+05:30,419.4,419.5,419.05,419.3,55920,ITC
2025-05-29 10:19:00+05:30,419.3,419.3,419.15,419.2,16640,ITC
2025-05-29 10:20:00+05:30,419.25,419.5,419.2,419.3,15459,ITC
2025-05-29 10:21:00+05:30,419.3,419.5,419.25,419.25,13995,ITC
2025-05-29 10:22:00+05:30,419.2,419.35,419.05,419.3,47600,ITC
2025-05-29 10:23:00+05:30,419.3,419.4,419.15,419.2,15809,ITC
2025-05-29 10:24:00+05:30,419.25,419.5,419.2,419.5,18864,ITC
2025-05-29 10:25:00+05:30,419.5,419.55,419.35,419.5,24131,ITC
2025-05-29 10:26:00+05:30,419.5,419.75,419.5,419.6,22772,ITC
2025-05-29 10:27:00+05:30,419.55,419.6,419.45,419.45,15565,ITC
2025-05-29 10:28:00+05:30,419.45,419.6,419.2,419.3,22799,ITC
2025-05-29 10:29:00+05:30,419.25,419.45,419.0,419.0,45917,ITC
2025-05-29 10:30:00+05:30,419.05,419.25,418.8,418.8,211765,ITC
2025-05-29 10:31:00+05:30,418.85,418.85,418.65,418.85,41756,ITC
2025-05-29 10:32:00+05:30,418.75,418.85,418.6,418.65,38939,ITC
2025-05-29 10:33:00+05:30,418.65,418.65,418.6,418.6,35350,ITC
2025-05-29 10:34:00+05:30,418.65,419.15,418.6,419.05,198795,ITC
2025-05-29 10:35:00+05:30,419.0,419.2,419.0,419.0,24516,ITC
2025-05-29 10:36:00+05:30,419.05,419.05,419.0,419.05,13474,ITC
2025-05-29 10:37:00+05:30,419.05,419.1,418.7,418.8,66609,ITC
2025-05-29 10:38:00+05:30,418.7,419.25,418.7,419.1,184057,ITC
2025-05-29 10:39:00+05:30,419.1,419.15,418.9,419.1,23462,ITC
2025-05-29 10:40:00+05:30,419.0,419.1,418.9,419.1,9104,ITC
2025-05-29 10:41:00+05:30,419.1,419.1,418.9,418.95,9104,ITC
2025-05-29 10:42:00+05:30,418.95,418.95,418.8,418.85,25452,ITC
2025-05-29 10:43:00+05:30,418.8,418.85,418.65,418.65,33208,ITC
2025-05-29 10:44:00+05:30,418.7,418.85,418.5,418.75,143680,ITC
2025-05-29 10:45:00+05:30,418.75,418.8,418.5,418.6,88102,ITC
2025-05-29 10:46:00+05:30,418.6,418.8,418.55,418.7,35708,ITC
2025-05-29 10:47:00+05:30,418.7,418.7,418.6,418.65,17867,ITC
2025-05-29 10:48:00+05:30,418.7,418.85,418.65,418.85,11287,ITC
2025-05-29 10:49:00+05:30,418.8,418.9,418.8,418.8,7589,ITC
2025-05-29 10:50:00+05:30,418.85,418.9,418.8,418.85,7301,ITC
2025-05-29 10:51:00+05:30,418.9,419.0,418.85,418.95,24302,ITC
2025-05-29 10:52:00+05:30,418.95,418.95,418.8,418.85,12833,ITC
2025-05-29 10:53:00+05:30,418.85,418.85,418.8,418.8,14167,ITC
2025-05-29 10:54:00+05:30,418.85,418.85,418.6,418.65,22888,ITC
2025-05-29 10:55:00+05:30,418.65,418.7,418.6,418.65,8583,ITC
2025-05-29 10:56:00+05:30,418.7,418.8,418.5,418.6,48224,ITC
2025-05-29 10:57:00+05:30,418.6,418.75,418.5,418.6,66391,ITC
2025-05-29 10:58:00+05:30,418.65,418.65,418.5,418.5,36424,ITC
2025-05-29 10:59:00+05:30,418.65,418.7,418.5,418.5,32259,ITC
2025-05-29 11:00:00+05:30,418.65,418.65,418.5,418.6,20092,ITC
2025-05-29 11:01:00+05:30,418.6,418.6,418.5,418.5,20356,ITC
2025-05-29 11:02:00+05:30,418.55,418.55,417.6,417.95,225556,ITC
2025-05-29 11:03:00+05:30,417.85,417.85,417.55,417.7,49079,ITC
2025-05-29 11:04:00+05:30,417.75,417.8,417.6,417.75,31064,ITC
2025-05-29 11:05:00+05:30,417.75,417.75,417.6,417.75,33791,ITC
2025-05-29 11:06:00+05:30,417.75,417.8,417.6,417.75,23319,ITC
2025-05-29 11:07:00+05:30,417.8,417.8,417.7,417.7,18753,ITC
2025-05-29 11:08:00+05:30,417.75,417.75,417.55,417.75,72600,ITC
2025-05-29 11:09:00+05:30,417.7,417.75,417.65,417.7,28274,ITC
2025-05-29 11:10:00+05:30,417.75,417.8,417.6,417.7,37332,ITC
2025-05-29 11:11:00+05:30,417.75,417.9,417.55,417.7,125085,ITC
2025-05-29 11:12:00+05:30,417.75,417.9,417.6,417.7,36404,ITC
2025-05-29 11:13:00+05:30,417.7,417.8,417.55,417.7,56924,ITC
2025-05-29 11:14:00+05:30,417.7,417.8,417.55,417.75,49006,ITC
2025-05-29 11:15:00+05:30,417.75,417.85,417.7,417.85,18354,ITC
2025-05-29 11:16:00+05:30,417.75,417.8,417.6,417.8,35772,ITC
2025-05-29 11:17:00+05:30,417.7,417.85,417.55,417.7,22215,ITC
2025-05-29 11:18:00+05:30,417.7,417.8,417.55,417.8,23112,ITC
2025-05-29 11:19:00+05:30,417.75,417.8,417.0,417.0,144687,ITC
2025-05-29 11:20:00+05:30,417.0,417.25,417.0,417.1,28602,ITC
2025-05-29 11:21:00+05:30,417.15,417.25,417.1,417.15,29117,ITC
2025-05-29 11:22:00+05:30,417.15,417.2,417.1,417.1,41614,ITC
2025-05-29 11:23:00+05:30,417.15,417.3,417.05,417.2,19313,ITC
2025-05-29 11:24:00+05:30,417.15,417.3,417.1,417.3,33584,ITC
2025-05-29 11:25:00+05:30,417.3,417.75,417.15,417.65,26947,ITC
2025-05-29 11:26:00+05:30,417.65,417.75,417.55,417.6,25266,ITC
2025-05-29 11:27:00+05:30,417.55,417.75,417.35,417.35,50134,ITC
2025-05-29 11:28:00+05:30,417.4,417.65,417.25,417.6,13745,ITC
2025-05-29 11:29:00+05:30,417.6,417.7,417.45,417.5,17067,ITC
2025-05-29 11:30:00+05:30,417.5,417.7,417.5,417.65,12101,ITC
2025-05-29 11:31:00+05:30,417.65,417.7,417.35,417.35,30369,ITC
2025-05-29 11:32:00+05:30,417.4,417.55,417.25,417.35,16372,ITC
2025-05-29 11:33:00+05:30,417.3,417.4,417.25,417.3,14003,ITC
2025-05-29 11:34:00+05:30,417.35,417.5,417.3,417.45,10050,ITC
2025-05-29 11:35:00+05:30,417.45,417.55,417.15,417.25,50222,ITC
2025-05-29 11:36:00+05:30,417.2,417.35,417.15,417.25,27938,ITC
2025-05-29 11:37:00+05:30,417.3,417.5,417.2,417.5,8125,ITC
2025-05-29 11:38:00+05:30,417.35,417.75,417.35,417.5,31619,ITC
2025-05-29 11:39:00+05:30,417.55,417.55,417.15,417.25,54452,ITC
2025-05-29 11:40:00+05:30,417.2,417.4,417.2,417.3,12901,ITC
2025-05-29 11:41:00+05:30,417.3,417.4,417.2,417.2,16673,ITC
2025-05-29 11:42:00+05:30,417.25,417.35,417.15,417.15,32036,ITC
2025-05-29 11:43:00+05:30,417.25,417.3,417.15,417.15,12486,ITC
2025-05-29 11:44:00+05:30,417.2,417.3,417.1,417.25,38383,ITC
2025-05-29 11:45:00+05:30,417.2,417.35,417.15,417.25,18012,ITC
2025-05-29 11:46:00+05:30,417.35,417.45,417.15,417.3,34614,ITC
2025-05-29 11:47:00+05:30,417.3,417.55,417.25,417.4,23330,ITC
2025-05-29 11:48:00+05:30,417.4,417.6,417.3,417.45,13979,ITC
2025-05-29 11:49:00+05:30,417.45,417.85,417.3,417.6,146557,ITC
2025-05-29 11:50:00+05:30,417.6,417.85,417.55,417.75,19477,ITC
2025-05-29 11:51:00+05:30,417.7,417.8,417.5,417.6,23232,ITC
2025-05-29 11:52:00+05:30,417.55,417.75,417.5,417.75,18549,ITC
2025-05-29 11:53:00+05:30,417.75,417.75,417.65,417.7,6934,ITC
2025-05-29 11:54:00+05:30,417.65,417.7,417.5,417.6,15380,ITC
2025-05-29 11:55:00+05:30,417.55,417.65,417.25,417.3,40533,ITC
2025-05-29 11:56:00+05:30,417.35,417.45,417.25,417.35,18032,ITC
2025-05-29 11:57:00+05:30,417.3,417.45,417.25,417.3,25258,ITC
2025-05-29 11:58:00+05:30,417.3,417.4,417.25,417.3,20765,ITC
2025-05-29 11:59:00+05:30,417.35,417.4,417.25,417.3,22564,ITC
2025-05-29 12:00:00+05:30,417.3,417.4,417.25,417.35,26878,ITC
2025-05-29 12:01:00+05:30,417.3,417.35,417.25,417.3,18673,ITC
2025-05-29 12:02:00+05:30,417.35,417.45,417.2,417.35,120598,ITC
2025-05-29 12:03:00+05:30,417.4,417.45,417.3,417.35,33718,ITC
2025-05-29 12:04:00+05:30,417.4,417.4,417.3,417.3,16041,ITC
2025-05-29 12:05:00+05:30,417.35,417.4,417.3,417.35,19821,ITC
2025-05-29 12:06:00+05:30,417.35,417.4,417.25,417.3,34244,ITC
2025-05-29 12:07:00+05:30,417.35,417.4,417.3,417.3,14646,ITC
2025-05-29 12:08:00+05:30,417.3,417.35,417.25,417.3,16712,ITC
2025-05-29 12:09:00+05:30,417.35,417.35,417.3,417.3,20920,ITC
2025-05-29 12:10:00+05:30,417.35,417.35,417.1,417.15,73762,ITC
2025-05-29 12:11:00+05:30,417.2,417.25,417.15,417.15,15284,ITC
2025-05-29 12:12:00+05:30,417.2,417.3,417.15,417.2,20856,ITC
2025-05-29 12:13:00+05:30,417.2,417.4,417.2,417.3,21202,ITC
2025-05-29 12:14:00+05:30,417.35,417.4,417.15,417.2,34102,ITC
2025-05-29 12:15:00+05:30,417.2,417.4,417.2,417.25,30429,ITC
2025-05-29 12:16:00+05:30,417.3,417.35,417.2,417.25,23135,ITC
2025-05-29 12:17:00+05:30,417.2,417.35,417.15,417.25,20025,ITC
2025-05-29 12:18:00+05:30,417.25,417.35,417.25,417.25,23014,ITC
2025-05-29 12:19:00+05:30,417.25,417.4,417.2,417.35,43763,ITC
2025-05-29 12:20:00+05:30,417.4,417.4,417.35,417.35,10870,ITC
2025-05-29 12:21:00+05:30,417.4,417.55,417.35,417.5,21579,ITC
2025-05-29 12:22:00+05:30,417.45,417.65,417.45,417.5,20483,ITC
2025-05-29 12:23:00+05:30,417.55,417.6,417.25,417.4,58931,ITC
2025-05-29 12:24:00+05:30,417.3,417.65,417.25,417.65,40151,ITC
2025-05-29 12:25:00+05:30,417.65,417.75,417.55,417.6,15308,ITC
2025-05-29 12:26:00+05:30,417.6,417.7,417.5,417.6,13491,ITC
2025-05-29 12:27:00+05:30,417.6,417.7,417.5,417.6,17629,ITC
2025-05-29 12:28:00+05:30,417.65,417.75,417.6,417.7,21808,ITC
2025-05-29 12:29:00+05:30,417.65,417.85,417.6,417.75,45970,ITC
2025-05-29 12:30:00+05:30,417.8,417.9,417.75,417.85,29296,ITC
2025-05-29 12:31:00+05:30,417.85,417.9,417.6,417.6,38666,ITC
2025-05-29 12:32:00+05:30,417.65,417.75,417.5,417.6,12579,ITC
2025-05-29 12:33:00+05:30,417.6,417.6,417.35,417.35,25569,ITC
2025-05-29 12:34:00+05:30,417.4,417.45,417.3,417.45,10867,ITC
2025-05-29 12:35:00+05:30,417.4,417.55,417.15,417.35,65924,ITC
2025-05-29 12:36:00+05:30,417.35,417.4,417.15,417.4,17616,ITC
2025-05-29 12:37:00+05:30,417.4,417.5,417.15,417.35,99218,ITC
2025-05-29 12:38:00+05:30,417.4,417.45,417.1,417.25,66264,ITC
2025-05-29 12:39:00+05:30,417.2,417.3,416.7,416.75,314369,ITC
2025-05-29 12:40:00+05:30,416.75,417.0,416.6,416.7,78320,ITC
2025-05-29 12:41:00+05:30,416.7,416.9,416.6,416.65,53010,ITC
2025-05-29 12:42:00+05:30,416.65,416.8,416.6,416.7,55449,ITC
2025-05-29 12:43:00+05:30,416.8,416.8,416.6,416.75,28508,ITC
2025-05-29 12:44:00+05:30,416.75,416.85,416.65,416.8,24177,ITC
2025-05-29 12:45:00+05:30,416.8,416.85,416.6,416.7,59228,ITC
2025-05-29 12:46:00+05:30,416.7,416.95,416.6,416.85,45402,ITC
2025-05-29 12:47:00+05:30,416.85,417.05,416.7,416.9,73841,ITC
2025-05-29 12:48:00+05:30,416.95,416.95,416.9,416.9,29536,ITC
2025-05-29 12:49:00+05:30,416.95,417.0,416.8,416.85,32760,ITC
2025-05-29 12:50:00+05:30,416.95,417.05,416.75,416.95,16943,ITC
2025-05-29 12:51:00+05:30,417.05,417.15,416.9,416.9,20415,ITC
2025-05-29 12:52:00+05:30,416.95,417.05,416.9,417.0,18340,ITC
2025-05-29 12:53:00+05:30,417.0,417.05,416.9,417.05,14874,ITC
2025-05-29 12:54:00+05:30,417.0,417.05,416.95,417.05,13152,ITC
2025-05-29 12:55:00+05:30,417.05,417.2,416.95,417.0,27667,ITC
2025-05-29 12:56:00+05:30,417.05,417.2,416.9,417.1,52358,ITC
2025-05-29 12:57:00+05:30,417.1,417.1,416.9,417.0,19937,ITC
2025-05-29 12:58:00+05:30,416.95,417.1,416.9,416.95,26371,ITC
2025-05-29 12:59:00+05:30,416.95,417.75,416.95,417.5,75935,ITC
2025-05-29 13:00:00+05:30,417.5,417.7,417.45,417.65,43362,ITC
2025-05-29 13:01:00+05:30,417.55,417.65,417.2,417.45,18673,ITC
2025-05-29 13:02:00+05:30,417.5,417.7,417.25,417.5,72970,ITC
2025-05-29 13:03:00+05:30,417.5,417.95,417.4,417.9,60989,ITC
2025-05-29 13:04:00+05:30,417.9,418.0,417.55,417.55,60258,ITC
2025-05-29 13:05:00+05:30,417.65,417.65,417.3,417.3,18575,ITC
2025-05-29 13:06:00+05:30,417.35,418.05,417.2,417.5,527177,ITC
2025-05-29 13:07:00+05:30,417.45,417.6,417.35,417.4,18375,ITC
2025-05-29 13:08:00+05:30,417.4,417.55,417.25,417.4,19193,ITC
2025-05-29 13:09:00+05:30,417.4,417.5,417.2,417.2,17315,ITC
2025-05-29 13:10:00+05:30,417.25,417.45,417.05,417.25,27456,ITC
2025-05-29 13:11:00+05:30,417.2,417.5,417.05,417.2,32418,ITC
2025-05-29 13:12:00+05:30,417.25,417.4,417.1,417.2,27185,ITC
2025-05-29 13:13:00+05:30,417.2,417.35,417.05,417.3,38397,ITC
2025-05-29 13:14:00+05:30,417.3,417.45,417.2,417.2,37054,ITC
2025-05-29 13:15:00+05:30,417.4,417.6,417.15,417.35,47978,ITC
2025-05-29 13:16:00+05:30,417.2,417.4,417.1,417.35,16454,ITC
2025-05-29 13:17:00+05:30,417.25,417.35,417.05,417.15,17806,ITC
2025-05-29 13:18:00+05:30,417.15,417.35,417.05,417.25,51566,ITC
2025-05-29 13:19:00+05:30,417.2,417.35,417.0,417.25,71996,ITC
2025-05-29 13:20:00+05:30,417.2,417.35,417.05,417.2,39416,ITC
2025-05-29 13:21:00+05:30,417.2,417.25,417.0,417.15,43849,ITC
2025-05-29 13:22:00+05:30,417.15,417.4,417.05,417.35,104961,ITC
2025-05-29 13:23:00+05:30,417.35,417.4,417.1,417.35,40662,ITC
2025-05-29 13:24:00+05:30,417.3,417.45,417.15,417.25,53567,ITC
2025-05-29 13:25:00+05:30,417.2,417.35,417.1,417.25,34701,ITC
2025-05-29 13:26:00+05:30,417.25,417.35,417.1,417.2,25743,ITC
2025-05-29 13:27:00+05:30,417.2,417.35,417.1,417.15,27102,ITC
2025-05-29 13:28:00+05:30,417.2,417.35,417.05,417.1,82274,ITC
2025-05-29 13:29:00+05:30,417.3,417.45,417.1,417.25,48493,ITC
2025-05-29 13:30:00+05:30,417.25,417.5,417.15,417.5,37876,ITC
2025-05-29 13:31:00+05:30,417.45,417.6,417.2,417.4,48081,ITC
2025-05-29 13:32:00+05:30,417.35,417.4,417.15,417.2,22394,ITC
2025-05-29 13:33:00+05:30,417.2,417.3,417.1,417.15,31895,ITC
2025-05-29 13:34:00+05:30,417.2,417.2,417.1,417.15,32393,ITC
2025-05-29 13:35:00+05:30,417.2,417.4,417.1,417.2,42225,ITC
2025-05-29 13:36:00+05:30,417.25,417.35,417.15,417.2,29115,ITC
2025-05-29 13:37:00+05:30,417.2,417.4,417.15,417.15,40139,ITC
2025-05-29 13:38:00+05:30,417.2,417.35,417.0,417.2,57362,ITC
2025-05-29 13:39:00+05:30,417.2,417.2,417.0,417.05,30563,ITC
2025-05-29 13:40:00+05:30,417.15,417.15,417.0,417.05,32082,ITC
2025-05-29 13:41:00+05:30,417.05,417.15,417.0,417.0,28946,ITC
2025-05-29 13:42:00+05:30,417.15,417.15,417.0,417.0,34715,ITC
2025-05-29 13:43:00+05:30,417.0,417.1,416.85,416.85,31523,ITC
2025-05-29 13:44:00+05:30,416.9,417.0,416.8,416.95,37220,ITC
2025-05-29 13:45:00+05:30,416.95,417.1,416.9,417.0,30747,ITC
2025-05-29 13:46:00+05:30,417.05,417.1,417.0,417.1,29334,ITC
2025-05-29 13:47:00+05:30,417.1,417.1,417.0,417.0,30290,ITC
2025-05-29 13:48:00+05:30,417.05,417.05,417.0,417.05,39338,ITC
2025-05-29 13:49:00+05:30,417.05,417.05,417.0,417.0,34421,ITC
2025-05-29 13:50:00+05:30,417.05,417.05,416.95,417.05,48193,ITC
2025-05-29 13:51:00+05:30,417.05,417.2,417.0,417.1,71783,ITC
2025-05-29 13:52:00+05:30,417.15,417.3,417.05,417.25,48265,ITC
2025-05-29 13:53:00+05:30,417.25,417.5,417.2,417.35,112580,ITC
2025-05-29 13:54:00+05:30,417.35,418.0,417.3,417.9,99047,ITC
2025-05-29 13:55:00+05:30,417.9,417.9,417.55,417.6,35101,ITC
2025-05-29 13:56:00+05:30,417.6,418.1,417.55,418.05,77768,ITC
2025-05-29 13:57:00+05:30,417.95,418.05,417.65,417.65,25870,ITC
2025-05-29 13:58:00+05:30,417.75,417.8,417.4,417.75,62759,ITC
2025-05-29 13:59:00+05:30,417.75,417.75,417.5,417.6,23202,ITC
2025-05-29 14:00:00+05:30,417.55,417.85,417.5,417.65,58691,ITC
2025-05-29 14:01:00+05:30,417.65,417.65,417.35,417.5,28934,ITC
2025-05-29 14:02:00+05:30,417.45,417.6,417.35,417.55,56441,ITC
2025-05-29 14:03:00+05:30,417.6,417.85,417.5,417.6,82195,ITC
2025-05-29 14:04:00+05:30,417.65,417.7,417.4,417.4,39993,ITC
2025-05-29 14:05:00+05:30,417.4,417.6,417.15,417.45,78057,ITC
2025-05-29 14:06:00+05:30,417.5,417.65,417.35,417.4,44323,ITC
2025-05-29 14:07:00+05:30,417.4,417.4,417.35,417.35,27630,ITC
2025-05-29 14:08:00+05:30,417.4,417.4,417.2,417.2,18911,ITC
2025-05-29 14:09:00+05:30,417.25,417.3,417.1,417.2,20122,ITC
2025-05-29 14:10:00+05:30,417.2,417.4,417.1,417.3,58869,ITC
2025-05-29 14:11:00+05:30,417.35,417.35,417.2,417.25,15707,ITC
2025-05-29 14:12:00+05:30,417.3,417.35,417.05,417.05,61278,ITC
2025-05-29 14:13:00+05:30,417.15,417.2,417.05,417.2,19641,ITC
2025-05-29 14:14:00+05:30,417.15,417.25,417.05,417.25,22570,ITC
2025-05-29 14:15:00+05:30,417.25,417.3,417.2,417.2,17804,ITC
2025-05-29 14:16:00+05:30,417.25,417.4,417.15,417.4,53703,ITC
2025-05-29 14:17:00+05:30,417.35,417.4,417.1,417.25,33095,ITC
2025-05-29 14:18:00+05:30,417.25,417.3,417.05,417.2,52201,ITC
2025-05-29 14:19:00+05:30,417.3,417.3,417.1,417.3,17619,ITC
2025-05-29 14:20:00+05:30,417.2,417.65,417.2,417.4,41236,ITC
2025-05-29 14:21:00+05:30,417.4,417.5,417.15,417.25,53877,ITC
2025-05-29 14:22:00+05:30,417.2,417.25,417.15,417.25,17086,ITC
2025-05-29 14:23:00+05:30,417.25,417.25,417.05,417.2,33472,ITC
2025-05-29 14:24:00+05:30,417.2,417.4,417.15,417.4,21379,ITC
2025-05-29 14:25:00+05:30,417.4,417.4,417.2,417.4,20934,ITC
2025-05-29 14:26:00+05:30,417.35,417.4,417.2,417.4,27806,ITC
2025-05-29 14:27:00+05:30,417.45,417.5,417.3,417.4,21856,ITC
2025-05-29 14:28:00+05:30,417.35,417.65,417.3,417.5,62303,ITC
2025-05-29 14:29:00+05:30,417.55,417.7,417.5,417.6,53550,ITC
2025-05-29 14:30:00+05:30,417.6,417.7,417.45,417.5,70288,ITC
2025-05-29 14:31:00+05:30,417.5,417.65,417.35,417.6,51635,ITC
2025-05-29 14:32:00+05:30,417.6,417.7,417.5,417.6,58923,ITC
2025-05-29 14:33:00+05:30,417.65,417.8,417.55,417.7,78964,ITC
2025-05-29 14:34:00+05:30,417.7,417.8,417.55,417.6,99453,ITC
2025-05-29 14:35:00+05:30,417.65,417.8,417.55,417.7,62376,ITC
2025-05-29 14:36:00+05:30,417.75,417.8,417.6,417.65,74247,ITC
2025-05-29 14:37:00+05:30,417.65,417.75,417.55,417.7,36007,ITC
2025-05-29 14:38:00+05:30,417.7,417.7,417.5,417.6,79095,ITC
2025-05-29 14:39:00+05:30,417.6,417.6,417.5,417.5,52310,ITC
2025-05-29 14:40:00+05:30,417.55,417.55,417.5,417.55,59392,ITC
2025-05-29 14:41:00+05:30,417.5,417.75,417.5,417.6,82549,ITC
2025-05-29 14:42:00+05:30,417.65,417.7,417.55,417.65,46135,ITC
2025-05-29 14:43:00+05:30,417.65,417.75,417.6,417.7,48099,ITC
2025-05-29 14:44:00+05:30,417.7,417.8,417.6,417.7,37778,ITC
2025-05-29 14:45:00+05:30,417.7,417.75,417.55,417.7,36942,ITC
2025-05-29 14:46:00+05:30,417.7,417.75,417.5,417.55,55479,ITC
2025-05-29 14:47:00+05:30,417.55,417.6,417.5,417.6,53933,ITC
2025-05-29 14:48:00+05:30,417.55,417.7,417.5,417.6,67064,ITC
2025-05-29 14:49:00+05:30,417.6,417.75,417.55,417.65,43079,ITC
2025-05-29 14:50:00+05:30,417.65,417.8,417.6,417.7,113387,ITC
2025-05-29 14:51:00+05:30,417.65,417.8,417.6,417.65,32167,ITC
2025-05-29 14:52:00+05:30,417.65,417.7,417.55,417.7,22942,ITC
2025-05-29 14:53:00+05:30,417.7,417.7,417.55,417.65,23796,ITC
2025-05-29 14:54:00+05:30,417.65,417.65,417.5,417.65,18595,ITC
2025-05-29 14:55:00+05:30,417.65,417.65,417.5,417.6,42138,ITC
2025-05-29 14:56:00+05:30,417.55,417.65,417.5,417.5,71618,ITC
2025-05-29 14:57:00+05:30,417.55,417.7,417.5,417.55,52482,ITC
2025-05-29 14:58:00+05:30,417.55,417.6,417.5,417.55,21516,ITC
2025-05-29 14:59:00+05:30,417.55,417.65,417.5,417.6,23950,ITC
2025-05-29 15:00:00+05:30,417.6,418.05,417.55,418.05,327956,ITC
2025-05-29 15:01:00+05:30,418.05,418.45,417.9,418.05,267388,ITC
2025-05-29 15:02:00+05:30,418.15,418.45,417.95,418.45,258731,ITC
2025-05-29 15:03:00+05:30,418.4,418.5,418.35,418.4,125672,ITC
2025-05-29 15:04:00+05:30,418.4,418.45,418.05,418.15,148636,ITC
2025-05-29 15:05:00+05:30,418.2,418.7,418.15,418.45,210236,ITC
2025-05-29 15:06:00+05:30,418.5,418.7,418.45,418.55,162852,ITC
2025-05-29 15:07:00+05:30,418.55,418.7,418.25,418.4,181605,ITC
2025-05-29 15:08:00+05:30,418.4,418.7,418.35,418.35,221093,ITC
2025-05-29 15:09:00+05:30,418.35,418.7,418.2,418.4,252775,ITC
2025-05-29 15:10:00+05:30,418.4,418.65,418.35,418.55,139956,ITC
2025-05-29 15:11:00+05:30,418.55,418.75,418.4,418.65,113153,ITC
2025-05-29 15:12:00+05:30,418.7,419.0,418.65,419.0,186391,ITC
2025-05-29 15:13:00+05:30,419.0,419.15,418.6,418.8,200921,ITC
2025-05-29 15:14:00+05:30,418.85,419.0,418.8,419.0,155935,ITC
2025-05-29 15:15:00+05:30,419.0,419.05,418.7,418.95,195302,ITC
2025-05-29 15:16:00+05:30,418.95,419.1,418.65,419.0,230835,ITC
2025-05-29 15:17:00+05:30,419.0,419.2,418.95,419.15,186733,ITC
2025-05-29 15:18:00+05:30,419.15,419.3,419.1,419.2,170076,ITC
2025-05-29 15:19:00+05:30,419.2,419.35,419.15,419.2,169461,ITC
2025-05-29 15:20:00+05:30,419.25,419.3,419.0,419.1,172430,ITC
2025-05-29 15:21:00+05:30,419.1,419.25,418.95,419.25,142833,ITC
2025-05-29 15:22:00+05:30,419.2,419.25,419.0,419.05,161784,ITC
2025-05-29 15:23:00+05:30,419.1,419.3,419.0,419.25,200937,ITC
2025-05-29 15:24:00+05:30,419.25,419.3,419.0,419.2,151667,ITC
2025-05-29 15:25:00+05:30,419.2,419.25,418.9,419.25,151113,ITC
2025-05-29 15:26:00+05:30,419.25,419.4,419.1,419.35,153511,ITC
2025-05-29 15:27:00+05:30,419.3,419.35,419.0,419.2,145649,ITC
2025-05-29 15:28:00+05:30,419.05,419.35,419.0,419.3,101207,ITC
2025-05-29 15:29:00+05:30,419.3,419.4,419.0,419.35,145327,ITC
2025-05-30 09:15:00+05:30,419.1,419.75,418.05,418.7,289093,ITC
2025-05-30 09:16:00+05:30,418.5,418.7,417.45,417.6,116030,ITC
2025-05-30 09:17:00+05:30,417.7,418.0,417.45,417.6,125927,ITC
2025-05-30 09:18:00+05:30,417.6,418.3,417.55,418.2,116032,ITC
2025-05-30 09:19:00+05:30,418.2,418.4,417.8,417.85,99987,ITC
2025-05-30 09:20:00+05:30,417.85,418.8,417.8,418.65,104942,ITC
2025-05-30 09:21:00+05:30,418.45,418.85,418.35,418.4,76136,ITC
2025-05-30 09:22:00+05:30,418.4,418.4,418.05,418.25,50449,ITC
2025-05-30 09:23:00+05:30,418.2,418.8,418.15,418.45,48103,ITC
2025-05-30 09:24:00+05:30,418.45,418.7,418.35,418.55,78111,ITC
2025-05-30 09:25:00+05:30,418.55,419.05,418.4,418.9,113213,ITC
2025-05-30 09:26:00+05:30,418.9,418.9,418.45,418.75,81658,ITC
2025-05-30 09:27:00+05:30,418.75,419.0,418.75,418.9,52648,ITC
2025-05-30 09:28:00+05:30,418.9,418.9,418.6,418.75,37187,ITC
2025-05-30 09:29:00+05:30,418.75,418.75,418.55,418.75,50716,ITC
2025-05-30 09:30:00+05:30,418.75,418.75,418.5,418.7,71432,ITC
2025-05-30 09:31:00+05:30,418.75,418.75,418.65,418.75,38497,ITC
2025-05-30 09:32:00+05:30,418.7,418.75,418.65,418.75,20396,ITC
2025-05-30 09:33:00+05:30,418.65,418.95,418.5,418.75,147122,ITC
2025-05-30 09:34:00+05:30,418.55,418.75,418.55,418.75,38645,ITC
2025-05-30 09:35:00+05:30,418.75,419.05,418.3,419.0,277555,ITC
2025-05-30 09:36:00+05:30,419.0,419.05,418.25,418.75,307015,ITC
2025-05-30 09:37:00+05:30,418.75,418.75,418.55,418.6,45914,ITC
2025-05-30 09:38:00+05:30,418.75,418.75,418.55,418.75,14873,ITC
2025-05-30 09:39:00+05:30,418.55,418.75,418.5,418.6,60571,ITC
2025-05-30 09:40:00+05:30,418.75,418.75,418.35,418.35,27874,ITC
2025-05-30 09:41:00+05:30,418.45,418.55,418.3,418.3,31619,ITC
2025-05-30 09:42:00+05:30,418.3,418.55,418.3,418.55,75664,ITC
2025-05-30 09:43:00+05:30,418.3,418.55,418.25,418.5,42237,ITC
2025-05-30 09:44:00+05:30,418.4,418.55,418.3,418.55,35168,ITC
2025-05-30 09:45:00+05:30,418.4,418.55,418.3,418.55,41921,ITC
2025-05-30 09:46:00+05:30,418.5,418.55,418.25,418.45,50840,ITC
2025-05-30 09:47:00+05:30,418.4,418.55,418.25,418.55,72410,ITC
2025-05-30 09:48:00+05:30,418.35,418.55,418.25,418.55,53602,ITC
2025-05-30 09:49:00+05:30,418.55,418.55,418.3,418.35,23705,ITC
2025-05-30 09:50:00+05:30,418.35,418.55,418.0,418.2,110378,ITC
2025-05-30 09:51:00+05:30,418.15,418.35,418.1,418.3,37336,ITC
2025-05-30 09:52:00+05:30,418.3,418.3,418.2,418.3,17441,ITC
2025-05-30 09:53:00+05:30,418.3,418.3,418.15,418.3,25826,ITC
2025-05-30 09:54:00+05:30,418.15,418.3,418.15,418.3,17443,ITC
2025-05-30 09:55:00+05:30,418.15,418.45,418.05,418.3,90278,ITC
2025-05-30 09:56:00+05:30,418.3,418.75,418.3,418.75,71876,ITC
2025-05-30 09:57:00+05:30,418.75,418.75,418.5,418.6,19105,ITC
2025-05-30 09:58:00+05:30,418.6,418.65,418.5,418.65,24534,ITC
2025-05-30 09:59:00+05:30,418.65,418.65,418.45,418.5,24134,ITC
2025-05-30 10:00:00+05:30,418.5,418.65,418.3,418.45,53814,ITC
2025-05-30 10:01:00+05:30,418.55,418.6,418.15,418.25,25747,ITC
2025-05-30 10:02:00+05:30,418.25,418.3,418.2,418.25,18023,ITC
2025-05-30 10:03:00+05:30,418.2,418.25,418.0,418.15,28904,ITC
2025-05-30 10:04:00+05:30,418.15,418.15,418.0,418.15,28975,ITC
2025-05-30 10:05:00+05:30,418.15,418.15,418.0,418.15,23253,ITC
2025-05-30 10:06:00+05:30,418.15,418.15,418.0,418.15,35012,ITC
2025-05-30 10:07:00+05:30,418.05,418.15,418.0,418.15,17730,ITC
2025-05-30 10:08:00+05:30,418.1,418.15,418.0,418.0,16932,ITC
2025-05-30 10:09:00+05:30,418.0,418.05,417.9,417.9,25306,ITC
2025-05-30 10:10:00+05:30,417.9,417.95,417.7,417.7,23114,ITC
2025-05-30 10:11:00+05:30,417.7,417.8,417.2,417.25,72139,ITC
2025-05-30 10:12:00+05:30,417.25,417.45,416.85,417.1,221526,ITC
2025-05-30 10:13:00+05:30,417.1,417.15,416.8,417.05,113843,ITC
2025-05-30 10:14:00+05:30,417.1,417.2,416.9,417.2,74060,ITC
2025-05-30 10:15:00+05:30,417.2,417.2,416.9,417.2,71791,ITC
2025-05-30 10:16:00+05:30,417.15,417.2,417.0,417.0,21833,ITC
2025-05-30 10:17:00+05:30,417.15,417.15,416.9,417.0,29091,ITC
2025-05-30 10:18:00+05:30,417.0,417.0,416.75,416.8,38904,ITC
2025-05-30 10:19:00+05:30,416.8,416.85,416.55,416.7,59207,ITC
2025-05-30 10:20:00+05:30,416.55,416.9,416.4,416.8,85557,ITC
2025-05-30 10:21:00+05:30,416.8,416.8,416.65,416.7,35633,ITC
2025-05-30 10:22:00+05:30,416.65,416.7,416.6,416.7,16652,ITC
2025-05-30 10:23:00+05:30,416.65,416.7,416.6,416.7,11160,ITC
2025-05-30 10:24:00+05:30,416.7,416.7,416.5,416.55,14743,ITC
2025-05-30 10:25:00+05:30,416.55,416.85,416.45,416.85,82980,ITC
2025-05-30 10:26:00+05:30,416.85,417.0,416.55,416.95,40634,ITC
2025-05-30 10:27:00+05:30,416.95,417.0,416.75,417.0,24895,ITC
2025-05-30 10:28:00+05:30,417.0,417.05,416.95,417.0,36115,ITC
2025-05-30 10:29:00+05:30,417.05,417.4,417.05,417.35,48636,ITC
2025-05-30 10:30:00+05:30,417.35,417.45,417.15,417.2,32399,ITC
2025-05-30 10:31:00+05:30,417.2,417.3,416.9,417.15,41362,ITC
2025-05-30 10:32:00+05:30,417.1,417.2,417.05,417.2,15040,ITC
2025-05-30 10:33:00+05:30,417.2,417.45,417.15,417.3,31027,ITC
2025-05-30 10:34:00+05:30,417.3,417.3,417.15,417.2,10588,ITC
2025-05-30 10:35:00+05:30,417.2,417.2,417.05,417.1,17729,ITC
2025-05-30 10:36:00+05:30,417.05,417.25,417.05,417.25,35319,ITC
2025-05-30 10:37:00+05:30,417.15,417.25,417.05,417.15,21845,ITC
2025-05-30 10:38:00+05:30,417.15,417.25,417.05,417.1,26832,ITC
2025-05-30 10:39:00+05:30,417.2,417.2,417.1,417.1,26073,ITC
2025-05-30 10:40:00+05:30,417.15,417.15,417.1,417.15,16639,ITC
2025-05-30 10:41:00+05:30,417.15,417.15,416.9,416.95,18648,ITC
2025-05-30 10:42:00+05:30,417.0,417.2,416.95,417.15,60111,ITC
2025-05-30 10:43:00+05:30,417.1,417.45,417.1,417.4,50090,ITC
2025-05-30 10:44:00+05:30,417.4,417.4,417.05,417.1,14915,ITC
2025-05-30 10:45:00+05:30,417.1,417.1,416.8,416.8,31456,ITC
2025-05-30 10:46:00+05:30,416.95,417.05,416.8,417.05,38762,ITC
2025-05-30 10:47:00+05:30,417.05,417.05,417.0,417.05,7641,ITC
2025-05-30 10:48:00+05:30,417.05,417.05,416.85,416.95,7870,ITC
2025-05-30 10:49:00+05:30,416.95,416.95,416.7,416.9,37384,ITC
2025-05-30 10:50:00+05:30,416.85,416.95,416.75,416.9,15214,ITC
2025-05-30 10:51:00+05:30,416.9,416.95,416.75,416.95,44240,ITC
2025-05-30 10:52:00+05:30,416.85,417.1,416.85,417.1,35261,ITC
2025-05-30 10:53:00+05:30,417.1,417.1,417.05,417.1,21991,ITC
2025-05-30 10:54:00+05:30,417.1,417.4,417.05,417.3,57158,ITC
2025-05-30 10:55:00+05:30,417.35,417.4,417.2,417.35,27302,ITC
2025-05-30 10:56:00+05:30,417.3,417.4,417.3,417.35,39311,ITC
2025-05-30 10:57:00+05:30,417.4,417.75,417.35,417.4,74968,ITC
2025-05-30 10:58:00+05:30,417.55,417.55,417.2,417.3,13369,ITC
2025-05-30 10:59:00+05:30,417.3,417.3,417.2,417.3,19689,ITC
2025-05-30 11:00:00+05:30,417.3,417.65,417.2,417.5,64959,ITC
2025-05-30 11:01:00+05:30,417.5,417.55,417.4,417.55,15288,ITC
2025-05-30 11:02:00+05:30,417.5,417.6,417.5,417.6,17207,ITC
2025-05-30 11:03:00+05:30,417.6,417.6,417.5,417.6,15137,ITC
2025-05-30 11:04:00+05:30,417.6,417.6,417.4,417.5,31617,ITC
2025-05-30 11:05:00+05:30,417.5,417.55,417.4,417.55,37743,ITC
2025-05-30 11:06:00+05:30,417.55,417.6,417.5,417.6,29801,ITC
2025-05-30 11:07:00+05:30,417.55,417.6,417.55,417.6,12485,ITC
2025-05-30 11:08:00+05:30,417.6,417.6,417.15,417.35,24329,ITC
2025-05-30 11:09:00+05:30,417.35,417.35,417.15,417.3,17984,ITC
2025-05-30 11:10:00+05:30,417.3,417.3,417.15,417.3,8317,ITC
2025-05-30 11:11:00+05:30,417.3,417.3,417.15,417.2,11263,ITC
2025-05-30 11:12:00+05:30,417.2,417.2,417.0,417.1,19442,ITC
2025-05-30 11:13:00+05:30,417.1,417.1,417.0,417.05,11449,ITC
2025-05-30 11:14:00+05:30,417.05,417.1,417.0,417.1,27328,ITC
2025-05-30 11:15:00+05:30,417.1,417.15,417.0,417.15,30860,ITC
2025-05-30 11:16:00+05:30,417.15,417.15,417.05,417.15,28368,ITC
2025-05-30 11:17:00+05:30,417.05,417.15,417.0,417.15,37284,ITC
2025-05-30 11:18:00+05:30,417.1,417.6,417.1,417.6,58589,ITC
2025-05-30 11:19:00+05:30,417.5,417.6,417.4,417.5,16582,ITC
2025-05-30 11:20:00+05:30,417.5,417.5,417.4,417.5,16713,ITC
2025-05-30 11:21:00+05:30,417.5,417.5,417.4,417.45,12994,ITC
2025-05-30 11:22:00+05:30,417.45,417.5,417.4,417.5,28442,ITC
2025-05-30 11:23:00+05:30,417.5,417.5,417.35,417.45,22066,ITC
2025-05-30 11:24:00+05:30,417.45,417.45,417.35,417.45,11941,ITC
2025-05-30 11:25:00+05:30,417.45,417.55,417.3,417.5,82360,ITC
2025-05-30 11:26:00+05:30,417.55,417.6,417.5,417.6,27291,ITC
2025-05-30 11:27:00+05:30,417.55,417.65,417.3,417.4,36042,ITC
2025-05-30 11:28:00+05:30,417.4,417.4,417.3,417.4,19902,ITC
2025-05-30 11:29:00+05:30,417.4,417.4,417.35,417.4,8249,ITC
2025-05-30 11:30:00+05:30,417.4,417.55,417.35,417.5,45982,ITC
2025-05-30 11:31:00+05:30,417.4,417.9,417.4,417.55,61922,ITC
2025-05-30 11:32:00+05:30,417.55,417.7,417.5,417.6,16851,ITC
2025-05-30 11:33:00+05:30,417.6,417.65,417.45,417.55,6978,ITC
2025-05-30 11:34:00+05:30,417.6,417.6,417.4,417.45,37175,ITC
2025-05-30 11:35:00+05:30,417.45,417.5,417.4,417.5,24822,ITC
2025-05-30 11:36:00+05:30,417.45,417.6,417.4,417.55,33772,ITC
2025-05-30 11:37:00+05:30,417.55,417.55,417.2,417.3,60769,ITC
2025-05-30 11:38:00+05:30,417.35,417.5,417.25,417.5,34767,ITC
2025-05-30 11:39:00+05:30,417.5,417.6,417.45,417.5,48669,ITC
2025-05-30 11:40:00+05:30,417.55,417.55,417.5,417.5,20640,ITC
2025-05-30 11:41:00+05:30,417.5,417.5,417.35,417.45,38161,ITC
2025-05-30 11:42:00+05:30,417.5,417.55,417.45,417.45,25155,ITC
2025-05-30 11:43:00+05:30,417.5,417.5,417.3,417.3,15627,ITC
2025-05-30 11:44:00+05:30,417.4,417.4,417.25,417.4,32038,ITC
2025-05-30 11:45:00+05:30,417.4,417.4,417.35,417.4,14134,ITC
2025-05-30 11:46:00+05:30,417.4,417.45,417.35,417.45,31131,ITC
2025-05-30 11:47:00+05:30,417.4,417.45,417.25,417.4,24803,ITC
2025-05-30 11:48:00+05:30,417.4,417.45,417.1,417.2,30843,ITC
2025-05-30 11:49:00+05:30,417.25,417.7,417.2,417.7,88371,ITC
2025-05-30 11:50:00+05:30,417.75,417.8,417.7,417.7,21084,ITC
2025-05-30 11:51:00+05:30,417.75,417.9,417.6,417.85,66432,ITC
2025-05-30 11:52:00+05:30,417.85,417.9,417.8,417.9,23430,ITC
2025-05-30 11:53:00+05:30,417.85,418.1,417.8,417.8,103007,ITC
2025-05-30 11:54:00+05:30,417.9,417.9,417.5,417.6,20506,ITC
2025-05-30 11:55:00+05:30,417.7,417.7,417.4,417.4,18106,ITC
2025-05-30 11:56:00+05:30,417.4,417.55,417.35,417.45,30724,ITC
2025-05-30 11:57:00+05:30,417.45,417.45,417.4,417.45,6780,ITC
2025-05-30 11:58:00+05:30,417.45,417.45,417.4,417.45,18132,ITC
2025-05-30 11:59:00+05:30,417.45,417.45,417.4,417.45,20308,ITC
2025-05-30 12:00:00+05:30,417.45,417.45,417.35,417.35,27027,ITC
2025-05-30 12:01:00+05:30,417.4,417.4,417.3,417.35,12134,ITC
2025-05-30 12:02:00+05:30,417.35,417.55,417.15,417.25,56173,ITC
2025-05-30 12:03:00+05:30,417.25,417.35,417.2,417.3,31174,ITC
2025-05-30 12:04:00+05:30,417.3,417.3,417.0,417.05,27013,ITC
2025-05-30 12:05:00+05:30,417.05,417.1,417.0,417.1,17145,ITC
2025-05-30 12:06:00+05:30,417.1,417.5,417.05,417.35,79066,ITC
2025-05-30 12:07:00+05:30,417.35,417.35,417.25,417.3,8300,ITC
2025-05-30 12:08:00+05:30,417.35,417.35,417.3,417.35,8696,ITC
2025-05-30 12:09:00+05:30,417.35,417.35,417.3,417.3,9784,ITC
2025-05-30 12:10:00+05:30,417.35,417.35,417.3,417.35,11611,ITC
2025-05-30 12:11:00+05:30,417.35,417.4,417.3,417.4,66254,ITC
2025-05-30 12:12:00+05:30,417.4,417.4,417.35,417.4,9539,ITC
2025-05-30 12:13:00+05:30,417.4,417.45,417.35,417.45,26015,ITC
2025-05-30 12:14:00+05:30,417.45,417.45,417.4,417.4,14451,ITC
2025-05-30 12:15:00+05:30,417.45,417.45,417.4,417.45,12497,ITC
2025-05-30 12:16:00+05:30,417.4,417.45,417.4,417.45,15860,ITC
2025-05-30 12:17:00+05:30,417.45,417.45,417.4,417.45,11426,ITC
2025-05-30 12:18:00+05:30,417.45,417.45,417.4,417.45,9094,ITC
2025-05-30 12:19:00+05:30,417.45,417.45,417.4,417.4,16972,ITC
2025-05-30 12:20:00+05:30,417.45,417.45,417.4,417.45,20108,ITC
2025-05-30 12:21:00+05:30,417.45,417.45,417.4,417.45,34293,ITC
2025-05-30 12:22:00+05:30,417.45,417.45,417.4,417.4,16022,ITC
2025-05-30 12:23:00+05:30,417.45,417.45,417.4,417.45,16640,ITC
2025-05-30 12:24:00+05:30,417.45,417.45,417.4,417.45,13202,ITC
2025-05-30 12:25:00+05:30,417.45,417.45,417.4,417.45,11681,ITC
2025-05-30 12:26:00+05:30,417.45,417.45,417.4,417.4,18650,ITC
2025-05-30 12:27:00+05:30,417.45,417.45,417.4,417.45,17740,ITC
2025-05-30 12:28:00+05:30,417.45,417.6,417.4,417.6,86528,ITC
2025-05-30 12:29:00+05:30,417.6,417.8,417.55,417.75,111240,ITC
2025-05-30 12:30:00+05:30,417.8,417.8,417.45,417.5,23468,ITC
2025-05-30 12:31:00+05:30,417.4,417.55,417.25,417.4,34952,ITC
2025-05-30 12:32:00+05:30,417.45,417.6,417.4,417.6,28721,ITC
2025-05-30 12:33:00+05:30,417.6,417.65,417.55,417.65,15708,ITC
2025-05-30 12:34:00+05:30,417.65,417.65,417.6,417.65,17420,ITC
2025-05-30 12:35:00+05:30,417.65,417.7,417.55,417.65,28053,ITC
2025-05-30 12:36:00+05:30,417.65,417.65,417.55,417.65,9796,ITC
2025-05-30 12:37:00+05:30,417.65,417.65,417.5,417.6,22548,ITC
2025-05-30 12:38:00+05:30,417.6,417.6,417.5,417.6,31664,ITC
2025-05-30 12:39:00+05:30,417.6,417.6,417.5,417.55,37827,ITC
2025-05-30 12:40:00+05:30,417.55,417.55,417.35,417.5,40162,ITC
2025-05-30 12:41:00+05:30,417.5,417.55,417.4,417.4,27978,ITC
2025-05-30 12:42:00+05:30,417.45,417.5,417.3,417.45,31510,ITC
2025-05-30 12:43:00+05:30,417.45,417.5,417.25,417.45,47265,ITC
2025-05-30 12:44:00+05:30,417.45,417.45,417.2,417.25,28374,ITC
2025-05-30 12:45:00+05:30,417.25,417.3,417.2,417.25,21746,ITC
2025-05-30 12:46:00+05:30,417.2,417.35,417.2,417.2,32241,ITC
2025-05-30 12:47:00+05:30,417.35,417.35,417.25,417.35,20426,ITC
2025-05-30 12:48:00+05:30,417.35,417.35,417.3,417.35,22341,ITC
2025-05-30 12:49:00+05:30,417.35,417.4,417.3,417.35,25640,ITC
2025-05-30 12:50:00+05:30,417.35,417.35,417.3,417.35,15569,ITC
2025-05-30 12:51:00+05:30,417.35,417.4,417.3,417.35,40097,ITC
2025-05-30 12:52:00+05:30,417.4,417.4,417.35,417.4,21817,ITC
2025-05-30 12:53:00+05:30,417.4,419.0,417.35,418.15,489986,ITC
2025-05-30 12:54:00+05:30,418.2,418.35,417.8,418.25,83878,ITC
2025-05-30 12:55:00+05:30,418.2,418.6,418.05,418.25,58697,ITC
2025-05-30 12:56:00+05:30,418.25,418.7,418.1,418.7,132178,ITC
2025-05-30 12:57:00+05:30,418.7,418.95,418.5,418.65,89230,ITC
2025-05-30 12:58:00+05:30,418.6,418.65,418.2,418.35,37776,ITC
2025-05-30 12:59:00+05:30,418.3,418.45,418.0,418.1,43405,ITC
2025-05-30 13:00:00+05:30,418.25,418.25,418.1,418.2,15969,ITC
2025-05-30 13:01:00+05:30,418.2,418.35,418.05,418.15,48535,ITC
2025-05-30 13:02:00+05:30,418.15,418.2,418.1,418.15,11490,ITC
2025-05-30 13:03:00+05:30,418.2,418.2,418.0,418.05,35826,ITC
2025-05-30 13:04:00+05:30,418.05,418.05,418.0,418.0,14266,ITC
2025-05-30 13:05:00+05:30,418.05,418.05,418.0,418.05,15898,ITC
2025-05-30 13:06:00+05:30,418.05,418.15,418.05,418.1,41306,ITC
2025-05-30 13:07:00+05:30,418.1,418.1,417.6,417.7,147250,ITC
2025-05-30 13:08:00+05:30,417.7,417.75,417.65,417.75,12665,ITC
2025-05-30 13:09:00+05:30,417.75,417.9,417.7,417.85,45129,ITC
2025-05-30 13:10:00+05:30,417.85,417.85,417.8,417.85,17304,ITC
2025-05-30 13:11:00+05:30,417.85,417.85,417.5,417.6,37153,ITC
2025-05-30 13:12:00+05:30,417.6,417.6,417.5,417.55,15055,ITC
2025-05-30 13:13:00+05:30,417.55,417.55,417.5,417.55,22583,ITC
2025-05-30 13:14:00+05:30,417.55,417.55,417.5,417.55,14073,ITC
2025-05-30 13:15:00+05:30,417.5,417.55,417.5,417.5,19154,ITC
2025-05-30 13:16:00+05:30,417.55,417.55,417.5,417.55,11973,ITC
2025-05-30 13:17:00+05:30,417.55,417.55,417.5,417.55,14412,ITC
2025-05-30 13:18:00+05:30,417.55,417.6,417.5,417.55,48966,ITC
2025-05-30 13:19:00+05:30,417.55,417.55,417.5,417.55,10620,ITC
2025-05-30 13:20:00+05:30,417.5,417.55,417.4,417.4,48749,ITC
2025-05-30 13:21:00+05:30,417.45,417.45,417.3,417.35,28013,ITC
2025-05-30 13:22:00+05:30,417.35,417.4,417.3,417.35,14705,ITC
2025-05-30 13:23:00+05:30,417.35,417.35,417.25,417.3,50647,ITC
2025-05-30 13:24:00+05:30,417.3,417.35,417.25,417.35,18710,ITC
2025-05-30 13:25:00+05:30,417.35,417.35,417.25,417.25,46966,ITC
2025-05-30 13:26:00+05:30,417.3,417.4,417.25,417.4,85881,ITC
2025-05-30 13:27:00+05:30,417.4,417.4,417.35,417.4,10429,ITC
2025-05-30 13:28:00+05:30,417.4,417.4,417.35,417.35,19290,ITC
2025-05-30 13:29:00+05:30,417.4,417.4,417.35,417.4,11605,ITC
2025-05-30 13:30:00+05:30,417.4,417.4,417.3,417.3,24123,ITC
2025-05-30 13:31:00+05:30,417.4,417.4,417.3,417.35,25392,ITC
2025-05-30 13:32:00+05:30,417.35,417.35,417.3,417.35,19990,ITC
2025-05-30 13:33:00+05:30,417.35,417.35,417.3,417.35,19546,ITC
2025-05-30 13:34:00+05:30,417.35,417.35,417.3,417.35,15914,ITC
2025-05-30 13:35:00+05:30,417.35,417.35,417.3,417.35,25358,ITC
2025-05-30 13:36:00+05:30,417.35,417.35,417.3,417.35,12534,ITC
2025-05-30 13:37:00+05:30,417.35,417.35,417.3,417.35,16306,ITC
2025-05-30 13:38:00+05:30,417.35,417.55,417.3,417.5,157947,ITC
2025-05-30 13:39:00+05:30,417.55,417.55,417.35,417.5,26949,ITC
2025-05-30 13:40:00+05:30,417.5,417.5,417.35,417.5,9387,ITC
2025-05-30 13:41:00+05:30,417.5,417.5,417.35,417.45,21372,ITC
2025-05-30 13:42:00+05:30,417.45,417.45,417.4,417.45,13478,ITC
2025-05-30 13:43:00+05:30,417.45,417.45,417.4,417.4,13335,ITC
2025-05-30 13:44:00+05:30,417.45,417.5,417.3,417.3,43792,ITC
2025-05-30 13:45:00+05:30,417.3,417.4,417.3,417.4,32609,ITC
2025-05-30 13:46:00+05:30,417.4,417.4,417.25,417.35,26656,ITC
2025-05-30 13:47:00+05:30,417.35,417.4,417.3,417.35,16211,ITC
2025-05-30 13:48:00+05:30,417.4,417.4,417.25,417.3,20626,ITC
2025-05-30 13:49:00+05:30,417.3,417.3,417.2,417.3,18109,ITC
2025-05-30 13:50:00+05:30,417.3,417.3,417.2,417.25,19620,ITC
2025-05-30 13:51:00+05:30,417.25,417.25,417.2,417.25,13779,ITC
2025-05-30 13:52:00+05:30,417.25,417.25,417.2,417.25,20859,ITC
2025-05-30 13:53:00+05:30,417.25,417.6,417.2,417.35,171336,ITC
2025-05-30 13:54:00+05:30,417.4,417.4,417.3,417.35,8292,ITC
2025-05-30 13:55:00+05:30,417.35,417.35,417.3,417.35,10811,ITC
2025-05-30 13:56:00+05:30,417.35,417.55,417.3,417.45,35269,ITC
2025-05-30 13:57:00+05:30,417.45,417.5,417.35,417.45,18752,ITC
2025-05-30 13:58:00+05:30,417.45,417.5,417.4,417.5,10545,ITC
2025-05-30 13:59:00+05:30,417.5,417.5,417.35,417.4,24789,ITC
2025-05-30 14:00:00+05:30,417.35,417.4,417.3,417.4,15753,ITC
2025-05-30 14:01:00+05:30,417.4,417.4,417.3,417.35,15928,ITC
2025-05-30 14:02:00+05:30,417.4,417.55,417.35,417.5,82161,ITC
2025-05-30 14:03:00+05:30,417.5,417.5,417.3,417.45,12923,ITC
2025-05-30 14:04:00+05:30,417.45,417.45,417.3,417.4,9196,ITC
2025-05-30 14:05:00+05:30,417.4,417.4,417.2,417.2,18585,ITC
2025-05-30 14:06:00+05:30,417.25,417.25,417.2,417.2,22519,ITC
2025-05-30 14:07:00+05:30,417.25,417.25,417.1,417.15,48489,ITC
2025-05-30 14:08:00+05:30,417.1,417.15,417.1,417.1,15136,ITC
2025-05-30 14:09:00+05:30,417.15,417.15,417.05,417.15,21436,ITC
2025-05-30 14:10:00+05:30,417.15,417.15,417.05,417.1,18146,ITC
2025-05-30 14:11:00+05:30,417.1,417.1,417.05,417.05,10792,ITC
2025-05-30 14:12:00+05:30,417.05,417.1,417.05,417.1,16065,ITC
2025-05-30 14:13:00+05:30,417.05,417.1,417.0,417.05,28889,ITC
2025-05-30 14:14:00+05:30,417.05,417.05,417.0,417.05,27663,ITC
2025-05-30 14:15:00+05:30,417.05,417.05,417.0,417.05,12991,ITC
2025-05-30 14:16:00+05:30,417.05,417.05,417.0,417.05,29383,ITC
2025-05-30 14:17:00+05:30,417.0,417.05,417.0,417.05,25491,ITC
2025-05-30 14:18:00+05:30,417.05,417.05,417.0,417.05,31422,ITC
2025-05-30 14:19:00+05:30,417.05,417.05,417.0,417.05,20175,ITC
2025-05-30 14:20:00+05:30,417.05,417.05,417.0,417.0,35389,ITC
2025-05-30 14:21:00+05:30,417.0,417.1,417.0,417.1,74442,ITC
2025-05-30 14:22:00+05:30,417.1,417.1,416.8,416.9,172704,ITC
2025-05-30 14:23:00+05:30,416.9,416.9,416.8,416.9,20563,ITC
2025-05-30 14:24:00+05:30,416.9,416.9,416.85,416.9,16047,ITC
2025-05-30 14:25:00+05:30,416.9,416.9,416.85,416.9,14430,ITC
2025-05-30 14:26:00+05:30,416.9,417.35,416.85,417.0,149250,ITC
2025-05-30 14:27:00+05:30,417.1,417.5,416.9,417.15,260659,ITC
2025-05-30 14:28:00+05:30,417.15,417.15,417.05,417.15,20494,ITC
2025-05-30 14:29:00+05:30,417.15,417.15,417.1,417.1,8873,ITC
2025-05-30 14:30:00+05:30,417.15,417.15,417.1,417.15,10327,ITC
2025-05-30 14:31:00+05:30,417.1,417.15,417.0,417.1,27417,ITC
2025-05-30 14:32:00+05:30,417.1,417.3,417.0,417.05,158865,ITC
2025-05-30 14:33:00+05:30,417.2,417.25,417.05,417.2,24963,ITC
2025-05-30 14:34:00+05:30,417.25,417.25,417.1,417.25,36868,ITC
2025-05-30 14:35:00+05:30,417.25,417.5,417.2,417.35,149904,ITC
2025-05-30 14:36:00+05:30,417.35,417.55,417.3,417.4,28806,ITC
2025-05-30 14:37:00+05:30,417.4,417.5,417.35,417.45,35053,ITC
2025-05-30 14:38:00+05:30,417.5,417.55,417.45,417.5,51388,ITC
2025-05-30 14:39:00+05:30,417.55,417.55,417.45,417.5,44100,ITC
2025-05-30 14:40:00+05:30,417.5,417.55,417.4,417.45,35019,ITC
2025-05-30 14:41:00+05:30,417.45,417.45,417.4,417.4,23764,ITC
2025-05-30 14:42:00+05:30,417.45,417.45,417.0,417.2,37238,ITC
2025-05-30 14:43:00+05:30,417.2,417.35,417.05,417.25,60392,ITC
2025-05-30 14:44:00+05:30,417.25,417.35,417.1,417.1,24033,ITC
2025-05-30 14:45:00+05:30,417.2,417.2,417.0,417.1,52479,ITC
2025-05-30 14:46:00+05:30,417.1,417.1,416.9,416.95,48177,ITC
2025-05-30 14:47:00+05:30,416.95,417.0,416.9,416.9,41688,ITC
2025-05-30 14:48:00+05:30,416.95,417.0,416.9,417.0,41185,ITC
2025-05-30 14:49:00+05:30,417.0,417.0,416.9,417.0,45863,ITC
2025-05-30 14:50:00+05:30,417.0,417.0,416.9,417.0,35313,ITC
2025-05-30 14:51:00+05:30,417.0,417.0,416.9,417.0,29303,ITC
2025-05-30 14:52:00+05:30,417.0,417.0,416.9,416.95,25422,ITC
2025-05-30 14:53:00+05:30,416.9,416.95,416.9,416.95,20819,ITC
2025-05-30 14:54:00+05:30,416.95,416.95,416.9,416.95,30520,ITC
2025-05-30 14:55:00+05:30,416.95,416.95,416.8,416.85,85078,ITC
2025-05-30 14:56:00+05:30,416.85,417.0,416.75,417.0,146069,ITC
2025-05-30 14:57:00+05:30,417.0,417.25,417.0,417.15,115774,ITC
2025-05-30 14:58:00+05:30,417.15,417.2,416.8,417.0,68111,ITC
2025-05-30 14:59:00+05:30,417.0,417.05,416.8,417.05,47064,ITC
2025-05-30 15:00:00+05:30,417.0,417.25,416.5,416.85,701281,ITC
2025-05-30 15:01:00+05:30,416.8,416.85,416.8,416.85,301082,ITC
2025-05-30 15:02:00+05:30,416.8,416.95,416.8,416.95,516344,ITC
2025-05-30 15:03:00+05:30,416.9,417.05,416.9,417.05,470367,ITC
2025-05-30 15:04:00+05:30,417.0,417.65,417.0,417.5,576940,ITC
2025-05-30 15:05:00+05:30,417.5,418.5,417.5,417.8,798701,ITC
2025-05-30 15:06:00+05:30,417.75,417.8,417.45,417.6,358689,ITC
2025-05-30 15:07:00+05:30,417.55,418.05,417.55,418.05,578322,ITC
2025-05-30 15:08:00+05:30,418.0,418.05,417.55,417.7,316264,ITC
2025-05-30 15:09:00+05:30,417.7,418.2,417.7,417.75,808910,ITC
2025-05-30 15:10:00+05:30,417.75,418.25,417.45,417.75,575599,ITC
2025-05-30 15:11:00+05:30,417.8,418.1,417.7,417.9,368324,ITC
2025-05-30 15:12:00+05:30,417.85,418.05,417.85,417.9,530888,ITC
2025-05-30 15:13:00+05:30,417.85,417.9,417.85,417.85,301348,ITC
2025-05-30 15:14:00+05:30,417.85,418.6,417.85,418.1,1201842,ITC
2025-05-30 15:15:00+05:30,418.0,418.35,417.95,418.2,367027,ITC
2025-05-30 15:16:00+05:30,418.15,418.7,418.15,418.6,501887,ITC
2025-05-30 15:17:00+05:30,418.6,418.7,418.6,418.7,373479,ITC
2025-05-30 15:18:00+05:30,418.65,418.75,418.65,418.7,405362,ITC
2025-05-30 15:19:00+05:30,418.7,419.4,418.65,418.8,806350,ITC
2025-05-30 15:20:00+05:30,418.75,418.95,418.3,418.45,417304,ITC
2025-05-30 15:21:00+05:30,418.45,418.6,418.45,418.5,577465,ITC
2025-05-30 15:22:00+05:30,418.5,418.55,418.5,418.55,263126,ITC
2025-05-30 15:23:00+05:30,418.5,418.55,418.0,418.05,587650,ITC
2025-05-30 15:24:00+05:30,418.0,418.05,418.0,418.05,323164,ITC
2025-05-30 15:25:00+05:30,418.05,418.05,417.6,417.65,476470,ITC
2025-05-30 15:26:00+05:30,417.7,418.75,417.65,418.4,1051655,ITC
2025-05-30 15:27:00+05:30,418.4,418.9,418.0,418.55,750570,ITC
2025-05-30 15:28:00+05:30,418.55,420.0,418.05,418.6,573022,ITC
2025-05-30 15:29:00+05:30,418.6,420.05,418.5,418.75,232562,ITC
2025-06-02 09:15:00+05:30,418.3,418.95,416.05,416.5,405548,ITC
2025-06-02 09:16:00+05:30,416.3,416.8,416.0,416.45,125581,ITC
2025-06-02 09:17:00+05:30,416.45,416.7,416.1,416.5,116140,ITC
2025-06-02 09:18:00+05:30,416.5,416.95,416.15,416.4,99815,ITC
2025-06-02 09:19:00+05:30,416.4,416.45,415.75,416.1,112564,ITC
2025-06-02 09:20:00+05:30,416.1,416.15,415.55,415.75,100232,ITC
2025-06-02 09:21:00+05:30,415.75,415.8,415.15,415.35,108018,ITC
2025-06-02 09:22:00+05:30,415.35,416.25,415.25,415.95,106081,ITC
2025-06-02 09:23:00+05:30,415.95,416.0,415.55,415.9,42804,ITC
2025-06-02 09:24:00+05:30,415.9,415.95,415.7,415.75,35876,ITC
2025-06-02 09:25:00+05:30,415.8,415.8,415.3,415.4,66207,ITC
2025-06-02 09:26:00+05:30,415.4,415.7,415.25,415.5,80714,ITC
2025-06-02 09:27:00+05:30,415.5,415.5,415.0,415.45,234630,ITC
2025-06-02 09:28:00+05:30,415.45,415.6,415.35,415.5,29025,ITC
2025-06-02 09:29:00+05:30,415.5,415.5,415.2,415.3,19544,ITC
2025-06-02 09:30:00+05:30,415.3,415.4,415.25,415.35,24172,ITC
2025-06-02 09:31:00+05:30,415.35,415.4,414.55,415.35,293408,ITC
2025-06-02 09:32:00+05:30,415.35,415.35,414.85,415.05,171831,ITC
2025-06-02 09:33:00+05:30,415.05,415.4,415.0,415.4,76623,ITC
2025-06-02 09:34:00+05:30,415.3,415.35,415.0,415.15,46205,ITC
2025-06-02 09:35:00+05:30,415.1,415.3,415.05,415.3,26219,ITC
2025-06-02 09:36:00+05:30,415.3,415.45,415.2,415.4,26812,ITC
2025-06-02 09:37:00+05:30,415.45,415.5,415.2,415.45,38687,ITC
2025-06-02 09:38:00+05:30,415.4,415.4,415.0,415.05,90811,ITC
2025-06-02 09:39:00+05:30,415.05,415.15,415.0,415.15,65388,ITC
2025-06-02 09:40:00+05:30,415.15,415.55,415.15,415.5,60831,ITC
2025-06-02 09:41:00+05:30,415.5,415.75,415.4,415.7,29268,ITC
2025-06-02 09:42:00+05:30,415.7,415.75,415.5,415.55,22086,ITC
2025-06-02 09:43:00+05:30,415.6,415.65,415.25,415.4,50893,ITC
2025-06-02 09:44:00+05:30,415.4,415.5,415.4,415.5,16147,ITC
2025-06-02 09:45:00+05:30,415.5,415.55,415.35,415.5,20162,ITC
2025-06-02 09:46:00+05:30,415.5,415.5,415.3,415.45,16323,ITC
2025-06-02 09:47:00+05:30,415.45,415.8,415.35,415.65,36226,ITC
2025-06-02 09:48:00+05:30,415.65,415.65,415.35,415.65,16030,ITC
2025-06-02 09:49:00+05:30,415.65,415.65,415.25,415.4,19228,ITC
2025-06-02 09:50:00+05:30,415.4,415.5,415.25,415.5,20458,ITC
2025-06-02 09:51:00+05:30,415.5,415.65,415.4,415.45,23728,ITC
2025-06-02 09:52:00+05:30,415.55,415.6,415.3,415.4,23654,ITC
2025-06-02 09:53:00+05:30,415.4,415.4,415.1,415.3,23478,ITC
2025-06-02 09:54:00+05:30,415.3,415.4,415.2,415.4,13203,ITC
2025-06-02 09:55:00+05:30,415.4,415.5,415.15,415.5,20863,ITC
2025-06-02 09:56:00+05:30,415.5,415.6,415.2,415.45,28019,ITC
2025-06-02 09:57:00+05:30,415.45,415.5,415.2,415.45,19092,ITC
2025-06-02 09:58:00+05:30,415.45,415.5,415.3,415.45,14829,ITC
2025-06-02 09:59:00+05:30,415.45,415.7,415.35,415.7,31704,ITC
2025-06-02 10:00:00+05:30,415.7,415.7,415.45,415.65,14169,ITC
2025-06-02 10:01:00+05:30,415.65,415.7,415.45,415.55,24049,ITC
2025-06-02 10:02:00+05:30,415.55,415.6,415.35,415.5,15027,ITC
2025-06-02 10:03:00+05:30,415.5,415.6,415.25,415.6,30588,ITC
2025-06-02 10:04:00+05:30,415.45,415.7,415.45,415.6,25606,ITC
2025-06-02 10:05:00+05:30,415.6,415.6,415.35,415.45,16154,ITC
2025-06-02 10:06:00+05:30,415.45,415.5,415.3,415.4,25548,ITC
2025-06-02 10:07:00+05:30,415.4,415.6,415.35,415.6,26173,ITC
2025-06-02 10:08:00+05:30,415.6,415.6,415.4,415.45,19798,ITC
2025-06-02 10:09:00+05:30,415.5,415.55,415.35,415.55,26568,ITC
2025-06-02 10:10:00+05:30,415.55,416.05,415.45,416.05,188203,ITC
2025-06-02 10:11:00+05:30,416.05,416.05,415.6,415.8,62779,ITC
2025-06-02 10:12:00+05:30,415.75,415.95,415.75,415.95,29161,ITC
2025-06-02 10:13:00+05:30,415.95,416.3,415.85,416.05,54369,ITC
2025-06-02 10:14:00+05:30,416.05,416.15,416.05,416.1,40466,ITC
2025-06-02 10:15:00+05:30,416.1,416.15,415.8,415.9,28517,ITC
2025-06-02 10:16:00+05:30,415.9,415.95,415.8,415.95,27204,ITC
2025-06-02 10:17:00+05:30,415.95,416.0,415.8,416.0,28521,ITC
2025-06-02 10:18:00+05:30,416.0,416.15,415.9,416.05,42907,ITC
2025-06-02 10:19:00+05:30,416.05,416.15,415.9,416.1,47002,ITC
2025-06-02 10:20:00+05:30,416.15,416.2,415.95,416.05,58726,ITC
2025-06-02 10:21:00+05:30,416.05,416.2,416.0,416.1,32433,ITC
2025-06-02 10:22:00+05:30,416.1,416.25,415.95,416.25,57182,ITC
2025-06-02 10:23:00+05:30,416.25,416.4,416.05,416.35,59750,ITC
2025-06-02 10:24:00+05:30,416.35,416.5,416.3,416.4,46566,ITC
2025-06-02 10:25:00+05:30,416.45,416.45,416.3,416.4,18363,ITC
2025-06-02 10:26:00+05:30,416.4,416.4,416.25,416.4,26163,ITC
2025-06-02 10:27:00+05:30,416.4,416.7,416.35,416.65,75793,ITC
2025-06-02 10:28:00+05:30,416.65,416.65,416.5,416.65,20138,ITC
2025-06-02 10:29:00+05:30,416.65,416.65,416.55,416.55,24902,ITC
2025-06-02 10:30:00+05:30,416.65,416.7,416.55,416.6,21780,ITC
2025-06-02 10:31:00+05:30,416.6,416.8,416.55,416.8,47351,ITC
2025-06-02 10:32:00+05:30,416.8,416.85,416.65,416.8,24826,ITC
2025-06-02 10:33:00+05:30,416.8,416.8,416.65,416.8,31659,ITC
2025-06-02 10:34:00+05:30,416.8,417.1,416.75,417.0,75641,ITC
2025-06-02 10:35:00+05:30,417.0,417.2,416.95,417.15,24946,ITC
2025-06-02 10:36:00+05:30,417.15,417.4,416.95,417.4,48844,ITC
2025-06-02 10:37:00+05:30,417.4,417.5,417.3,417.5,47453,ITC
2025-06-02 10:38:00+05:30,417.4,417.7,417.4,417.5,48901,ITC
2025-06-02 10:39:00+05:30,417.55,417.95,417.5,417.9,38820,ITC
2025-06-02 10:40:00+05:30,417.85,417.95,417.6,417.7,40044,ITC
2025-06-02 10:41:00+05:30,417.7,417.75,417.45,417.75,48897,ITC
2025-06-02 10:42:00+05:30,417.75,418.05,417.65,417.7,118469,ITC
2025-06-02 10:43:00+05:30,417.95,418.15,417.7,417.7,91488,ITC
2025-06-02 10:44:00+05:30,417.8,417.9,417.5,417.65,27935,ITC
2025-06-02 10:45:00+05:30,417.65,418.05,417.5,417.85,150147,ITC
2025-06-02 10:46:00+05:30,417.85,418.0,417.65,417.85,69488,ITC
2025-06-02 10:47:00+05:30,417.85,417.85,417.45,417.6,20810,ITC
2025-06-02 10:48:00+05:30,417.6,417.6,417.3,417.45,21107,ITC
2025-06-02 10:49:00+05:30,417.45,417.5,417.3,417.45,15945,ITC
2025-06-02 10:50:00+05:30,417.45,417.55,417.3,417.5,32159,ITC
2025-06-02 10:51:00+05:30,417.5,418.0,417.35,417.5,160493,ITC
2025-06-02 10:52:00+05:30,417.4,417.5,417.35,417.45,21993,ITC
2025-06-02 10:53:00+05:30,417.45,417.45,417.1,417.3,64227,ITC
2025-06-02 10:54:00+05:30,417.3,417.65,417.25,417.6,42415,ITC
2025-06-02 10:55:00+05:30,417.55,417.85,417.4,417.65,70627,ITC
2025-06-02 10:56:00+05:30,417.55,418.2,417.55,417.9,116866,ITC
2025-06-02 10:57:00+05:30,417.9,418.1,417.8,418.1,34046,ITC
2025-06-02 10:58:00+05:30,418.1,418.35,418.05,418.25,23941,ITC
2025-06-02 10:59:00+05:30,418.15,418.35,418.15,418.3,39600,ITC
2025-06-02 11:00:00+05:30,418.25,418.75,418.2,418.7,84545,ITC
2025-06-02 11:01:00+05:30,418.7,418.9,418.6,418.8,70075,ITC
2025-06-02 11:02:00+05:30,418.8,419.6,418.65,419.5,250121,ITC
2025-06-02 11:03:00+05:30,419.5,419.5,419.1,419.3,39345,ITC
2025-06-02 11:04:00+05:30,419.3,419.3,419.05,419.1,33562,ITC
2025-06-02 11:05:00+05:30,419.05,419.3,419.05,419.2,46914,ITC
2025-06-02 11:06:00+05:30,419.1,419.2,418.8,419.1,75623,ITC
2025-06-02 11:07:00+05:30,419.1,419.2,419.0,419.05,25899,ITC
2025-06-02 11:08:00+05:30,419.05,419.2,419.0,419.0,27818,ITC
2025-06-02 11:09:00+05:30,419.15,419.15,419.0,419.05,17481,ITC
2025-06-02 11:10:00+05:30,419.0,419.05,418.6,418.7,28619,ITC
2025-06-02 11:11:00+05:30,418.7,418.7,418.5,418.55,18260,ITC
2025-06-02 11:12:00+05:30,418.65,419.1,418.5,419.05,66452,ITC
2025-06-02 11:13:00+05:30,418.95,419.1,418.8,418.95,18589,ITC
2025-06-02 11:14:00+05:30,418.85,418.95,418.6,418.7,28809,ITC
2025-06-02 11:15:00+05:30,418.8,418.85,418.45,418.75,102598,ITC
2025-06-02 11:16:00+05:30,418.75,418.85,418.65,418.75,35459,ITC
2025-06-02 11:17:00+05:30,418.85,419.15,418.75,419.1,54689,ITC
2025-06-02 11:18:00+05:30,419.0,419.45,419.0,419.25,61717,ITC
2025-06-02 11:19:00+05:30,419.4,419.75,419.25,419.55,76505,ITC
2025-06-02 11:20:00+05:30,419.55,419.75,419.55,419.7,33217,ITC
2025-06-02 11:21:00+05:30,419.7,419.7,419.55,419.55,34077,ITC
2025-06-02 11:22:00+05:30,419.65,420.3,419.55,420.1,245343,ITC
2025-06-02 11:23:00+05:30,420.1,420.1,419.45,419.7,187550,ITC
2025-06-02 11:24:00+05:30,419.85,420.1,419.7,419.9,121008,ITC
2025-06-02 11:25:00+05:30,419.9,420.05,419.35,419.35,61092,ITC
2025-06-02 11:26:00+05:30,419.35,419.45,419.15,419.35,56173,ITC
2025-06-02 11:27:00+05:30,419.2,419.35,419.05,419.3,37349,ITC
2025-06-02 11:28:00+05:30,419.3,419.6,419.25,419.35,38489,ITC
2025-06-02 11:29:00+05:30,419.4,419.45,419.1,419.2,23102,ITC
2025-06-02 11:30:00+05:30,419.25,419.25,418.9,419.05,51531,ITC
2025-06-02 11:31:00+05:30,419.0,419.05,418.55,418.6,30089,ITC
2025-06-02 11:32:00+05:30,418.6,418.7,418.4,418.65,49523,ITC
2025-06-02 11:33:00+05:30,418.6,418.8,418.6,418.8,25227,ITC
2025-06-02 11:34:00+05:30,418.7,419.05,418.7,419.0,28042,ITC
2025-06-02 11:35:00+05:30,419.05,419.15,418.85,419.0,27317,ITC
2025-06-02 11:36:00+05:30,418.95,419.0,418.8,418.85,21758,ITC
2025-06-02 11:37:00+05:30,418.8,418.8,418.6,418.8,23117,ITC
2025-06-02 11:38:00+05:30,418.8,418.8,418.6,418.8,29774,ITC
2025-06-02 11:39:00+05:30,418.75,419.4,418.75,419.1,62324,ITC
2025-06-02 11:40:00+05:30,419.0,419.05,418.85,419.0,30175,ITC
2025-06-02 11:41:00+05:30,418.95,419.0,418.95,419.0,19324,ITC
2025-06-02 11:42:00+05:30,419.0,419.0,418.75,418.9,15596,ITC
2025-06-02 11:43:00+05:30,418.9,419.0,418.8,419.0,32830,ITC
2025-06-02 11:44:00+05:30,418.95,419.0,418.65,418.8,21993,ITC
2025-06-02 11:45:00+05:30,418.75,418.85,418.55,418.75,28903,ITC
2025-06-02 11:46:00+05:30,418.75,418.75,418.6,418.7,15328,ITC
2025-06-02 11:47:00+05:30,418.7,419.0,418.65,418.85,42021,ITC
2025-06-02 11:48:00+05:30,418.85,419.25,418.8,418.95,51811,ITC
2025-06-02 11:49:00+05:30,419.0,419.1,418.85,418.95,25628,ITC
2025-06-02 11:50:00+05:30,418.95,419.05,418.85,418.95,42085,ITC
2025-06-02 11:51:00+05:30,418.95,419.05,418.95,419.0,24461,ITC
2025-06-02 11:52:00+05:30,419.0,419.05,418.95,419.0,20544,ITC
2025-06-02 11:53:00+05:30,419.0,419.1,418.95,419.0,37700,ITC
2025-06-02 11:54:00+05:30,419.0,419.0,418.95,419.0,15980,ITC
2025-06-02 11:55:00+05:30,418.95,419.25,418.95,419.25,47116,ITC
2025-06-02 11:56:00+05:30,419.2,419.3,419.2,419.25,21020,ITC
2025-06-02 11:57:00+05:30,419.3,419.3,419.05,419.3,31515,ITC
2025-06-02 11:58:00+05:30,419.3,419.5,419.25,419.45,27667,ITC
2025-06-02 11:59:00+05:30,419.45,419.5,419.35,419.45,33748,ITC
2025-06-02 12:00:00+05:30,419.45,419.45,419.3,419.4,17718,ITC
2025-06-02 12:01:00+05:30,419.4,419.45,419.15,419.3,21482,ITC
2025-06-02 12:02:00+05:30,419.35,419.4,419.2,419.4,19324,ITC
2025-06-02 12:03:00+05:30,419.4,419.7,419.4,419.7,47202,ITC
2025-06-02 12:04:00+05:30,419.65,419.7,419.4,419.4,20196,ITC
2025-06-02 12:05:00+05:30,419.55,419.55,419.3,419.45,21819,ITC
2025-06-02 12:06:00+05:30,419.45,419.7,419.3,419.65,44422,ITC
2025-06-02 12:07:00+05:30,419.65,419.65,419.55,419.6,11876,ITC
2025-06-02 12:08:00+05:30,419.6,419.65,419.55,419.6,14575,ITC
2025-06-02 12:09:00+05:30,419.55,419.65,419.55,419.55,22034,ITC
2025-06-02 12:10:00+05:30,419.6,419.65,419.4,419.55,19461,ITC
2025-06-02 12:11:00+05:30,419.5,419.55,419.5,419.55,20079,ITC
2025-06-02 12:12:00+05:30,419.55,419.6,419.45,419.6,23932,ITC
2025-06-02 12:13:00+05:30,419.55,419.8,419.5,419.8,36094,ITC
2025-06-02 12:14:00+05:30,419.8,419.8,419.55,419.55,18355,ITC
2025-06-02 12:15:00+05:30,419.7,419.9,419.6,419.7,32904,ITC
2025-06-02 12:16:00+05:30,419.65,419.7,419.65,419.65,12177,ITC
2025-06-02 12:17:00+05:30,419.65,419.7,419.55,419.65,25944,ITC
2025-06-02 12:18:00+05:30,419.65,419.75,419.55,419.65,17654,ITC
2025-06-02 12:19:00+05:30,419.65,419.65,419.6,419.65,18766,ITC
2025-06-02 12:20:00+05:30,419.65,419.7,419.6,419.7,22257,ITC
2025-06-02 12:21:00+05:30,419.7,419.75,419.5,419.65,25155,ITC
2025-06-02 12:22:00+05:30,419.7,419.7,419.35,419.5,21428,ITC
2025-06-02 12:23:00+05:30,419.55,419.6,419.4,419.55,14178,ITC
2025-06-02 12:24:00+05:30,419.55,419.55,419.5,419.55,13224,ITC
2025-06-02 12:25:00+05:30,419.55,419.55,419.5,419.55,17654,ITC
2025-06-02 12:26:00+05:30,419.55,419.55,419.5,419.55,10426,ITC
2025-06-02 12:27:00+05:30,419.55,419.55,419.25,419.4,47057,ITC
2025-06-02 12:28:00+05:30,419.4,419.45,419.35,419.45,16181,ITC
2025-06-02 12:29:00+05:30,419.45,419.45,419.2,419.4,26531,ITC
2025-06-02 12:30:00+05:30,419.4,419.4,419.3,419.4,14546,ITC
2025-06-02 12:31:00+05:30,419.4,419.45,419.4,419.4,21323,ITC
2025-06-02 12:32:00+05:30,419.45,419.7,419.4,419.7,19822,ITC
2025-06-02 12:33:00+05:30,419.7,419.95,419.65,419.95,26900,ITC
2025-06-02 12:34:00+05:30,419.95,420.0,419.9,420.0,25646,ITC
2025-06-02 12:35:00+05:30,420.0,420.1,419.95,420.05,48755,ITC
2025-06-02 12:36:00+05:30,420.1,420.1,419.85,420.05,42449,ITC
2025-06-02 12:37:00+05:30,420.05,420.4,420.0,420.3,63453,ITC
2025-06-02 12:38:00+05:30,420.3,420.3,420.0,420.25,30962,ITC
2025-06-02 12:39:00+05:30,420.25,420.25,420.15,420.2,23467,ITC
2025-06-02 12:40:00+05:30,420.2,420.2,419.9,419.95,27614,ITC
2025-06-02 12:41:00+05:30,419.9,420.0,419.9,419.9,16895,ITC
2025-06-02 12:42:00+05:30,419.95,419.95,419.6,419.75,28186,ITC
2025-06-02 12:43:00+05:30,419.75,419.75,419.55,419.65,27310,ITC
2025-06-02 12:44:00+05:30,419.65,419.75,419.55,419.6,36055,ITC
2025-06-02 12:45:00+05:30,419.6,419.6,419.05,419.3,39130,ITC
2025-06-02 12:46:00+05:30,419.3,419.35,418.95,419.3,45043,ITC
2025-06-02 12:47:00+05:30,419.3,419.45,419.15,419.35,28404,ITC
2025-06-02 12:48:00+05:30,419.45,419.65,419.35,419.6,17785,ITC
2025-06-02 12:49:00+05:30,419.6,419.95,419.55,419.75,24362,ITC
2025-06-02 12:50:00+05:30,419.75,419.8,419.65,419.7,11444,ITC
2025-06-02 12:51:00+05:30,419.75,420.0,419.7,419.85,17870,ITC
2025-06-02 12:52:00+05:30,419.85,420.0,419.8,420.0,12718,ITC
2025-06-02 12:53:00+05:30,420.0,420.0,419.8,419.95,25717,ITC
2025-06-02 12:54:00+05:30,419.95,420.0,419.9,419.95,13257,ITC
2025-06-02 12:55:00+05:30,419.95,419.95,419.55,419.8,25489,ITC
2025-06-02 12:56:00+05:30,419.8,420.0,419.7,419.95,31420,ITC
2025-06-02 12:57:00+05:30,419.95,419.95,419.55,419.75,27971,ITC
2025-06-02 12:58:00+05:30,419.75,419.8,419.55,419.6,19330,ITC
2025-06-02 12:59:00+05:30,419.65,419.75,419.2,419.6,23743,ITC
2025-06-02 13:00:00+05:30,419.6,419.65,419.55,419.65,15157,ITC
2025-06-02 13:01:00+05:30,419.65,419.8,419.6,419.75,16996,ITC
2025-06-02 13:02:00+05:30,419.75,419.95,419.7,419.85,18282,ITC
2025-06-02 13:03:00+05:30,419.95,420.3,419.85,420.3,56083,ITC
2025-06-02 13:04:00+05:30,420.3,420.45,420.05,420.15,29060,ITC
2025-06-02 13:05:00+05:30,420.15,420.15,420.0,420.1,28066,ITC
2025-06-02 13:06:00+05:30,420.1,420.1,420.0,420.05,14368,ITC
2025-06-02 13:07:00+05:30,420.1,420.1,420.0,420.1,11394,ITC
2025-06-02 13:08:00+05:30,420.1,420.1,420.0,420.0,18448,ITC
2025-06-02 13:09:00+05:30,420.0,420.2,420.0,420.2,28610,ITC
2025-06-02 13:10:00+05:30,420.2,420.25,420.05,420.2,22898,ITC
2025-06-02 13:11:00+05:30,420.2,420.25,420.05,420.15,17591,ITC
2025-06-02 13:12:00+05:30,420.15,420.15,420.0,420.05,13846,ITC
2025-06-02 13:13:00+05:30,420.1,420.1,420.05,420.05,14922,ITC
2025-06-02 13:14:00+05:30,420.1,420.2,420.05,420.2,21188,ITC
2025-06-02 13:15:00+05:30,420.2,420.35,420.15,420.3,27260,ITC
2025-06-02 13:16:00+05:30,420.3,420.45,420.1,420.45,45518,ITC
2025-06-02 13:17:00+05:30,420.4,420.45,420.2,420.25,23784,ITC
2025-06-02 13:18:00+05:30,420.25,420.25,420.15,420.2,10494,ITC
2025-06-02 13:19:00+05:30,420.2,420.2,420.15,420.15,10298,ITC
2025-06-02 13:20:00+05:30,420.2,420.25,420.15,420.25,23726,ITC
2025-06-02 13:21:00+05:30,420.25,420.25,420.0,420.05,70529,ITC
2025-06-02 13:22:00+05:30,420.05,420.25,420.05,420.25,14467,ITC
2025-06-02 13:23:00+05:30,420.25,420.25,420.2,420.2,14622,ITC
2025-06-02 13:24:00+05:30,420.25,420.3,420.2,420.25,17278,ITC
2025-06-02 13:25:00+05:30,420.25,420.25,420.2,420.25,18334,ITC
2025-06-02 13:26:00+05:30,420.25,420.4,420.2,420.25,32317,ITC
2025-06-02 13:27:00+05:30,420.25,420.25,420.05,420.05,15886,ITC
2025-06-02 13:28:00+05:30,420.1,420.1,420.05,420.1,11174,ITC
2025-06-02 13:29:00+05:30,420.1,420.1,420.05,420.1,8218,ITC
2025-06-02 13:30:00+05:30,420.05,420.1,420.05,420.1,12924,ITC
2025-06-02 13:31:00+05:30,420.1,420.1,420.05,420.1,15410,ITC
2025-06-02 13:32:00+05:30,420.1,420.15,420.05,420.1,26990,ITC
2025-06-02 13:33:00+05:30,420.1,420.1,420.0,420.05,45303,ITC
2025-06-02 13:34:00+05:30,420.05,420.05,420.0,420.05,19169,ITC
2025-06-02 13:35:00+05:30,420.05,420.05,419.9,420.0,28874,ITC
2025-06-02 13:36:00+05:30,420.0,420.0,419.85,420.0,17955,ITC
2025-06-02 13:37:00+05:30,420.0,420.25,419.95,420.25,36717,ITC
2025-06-02 13:38:00+05:30,420.25,420.4,420.15,420.25,36550,ITC
2025-06-02 13:39:00+05:30,420.25,420.3,420.15,420.15,8821,ITC
2025-06-02 13:40:00+05:30,420.2,420.3,420.15,420.3,16206,ITC
2025-06-02 13:41:00+05:30,420.3,420.3,420.25,420.3,16419,ITC
2025-06-02 13:42:00+05:30,420.3,420.3,420.15,420.15,23147,ITC
2025-06-02 13:43:00+05:30,420.2,420.35,420.15,420.25,25073,ITC
2025-06-02 13:44:00+05:30,420.25,420.3,420.2,420.25,19264,ITC
2025-06-02 13:45:00+05:30,420.3,420.3,420.25,420.25,28651,ITC
2025-06-02 13:46:00+05:30,420.25,420.25,419.9,420.0,17918,ITC
2025-06-02 13:47:00+05:30,420.0,420.0,419.55,419.6,15114,ITC
2025-06-02 13:48:00+05:30,419.55,419.6,419.4,419.45,11500,ITC
2025-06-02 13:49:00+05:30,419.5,419.5,419.0,419.05,18257,ITC
2025-06-02 13:50:00+05:30,419.05,419.55,419.0,419.4,27142,ITC
2025-06-02 13:51:00+05:30,419.4,419.5,419.25,419.25,16006,ITC
2025-06-02 13:52:00+05:30,419.35,419.4,419.2,419.35,14404,ITC
2025-06-02 13:53:00+05:30,419.35,419.35,419.15,419.2,7801,ITC
2025-06-02 13:54:00+05:30,419.3,419.3,419.05,419.15,7574,ITC
2025-06-02 13:55:00+05:30,419.15,419.15,419.05,419.1,16796,ITC
2025-06-02 13:56:00+05:30,419.15,419.15,418.7,418.8,24913,ITC
2025-06-02 13:57:00+05:30,418.8,419.05,418.7,418.95,31862,ITC
2025-06-02 13:58:00+05:30,418.95,419.0,418.8,418.95,14648,ITC
2025-06-02 13:59:00+05:30,418.95,419.1,418.85,419.1,18165,ITC
2025-06-02 14:00:00+05:30,419.1,419.1,418.95,419.05,8411,ITC
2025-06-02 14:01:00+05:30,419.05,419.1,418.9,419.05,15332,ITC
2025-06-02 14:02:00+05:30,419.05,419.2,418.95,419.1,13626,ITC
2025-06-02 14:03:00+05:30,419.2,419.25,418.85,419.2,29854,ITC
2025-06-02 14:04:00+05:30,419.2,419.2,419.0,419.15,11088,ITC
2025-06-02 14:05:00+05:30,419.15,419.2,419.0,419.2,8534,ITC
2025-06-02 14:06:00+05:30,419.2,419.2,418.9,419.05,24583,ITC
2025-06-02 14:07:00+05:30,419.0,419.05,418.9,419.0,10595,ITC
2025-06-02 14:08:00+05:30,419.0,419.0,418.75,418.9,29649,ITC
2025-06-02 14:09:00+05:30,418.9,418.95,418.8,418.9,18772,ITC
2025-06-02 14:10:00+05:30,418.9,418.95,418.85,418.9,14794,ITC
2025-06-02 14:11:00+05:30,418.85,419.1,418.85,418.95,22005,ITC
2025-06-02 14:12:00+05:30,419.05,419.1,418.9,419.0,11522,ITC
2025-06-02 14:13:00+05:30,419.0,419.0,418.9,419.0,12059,ITC
2025-06-02 14:14:00+05:30,419.0,419.0,418.9,419.0,9483,ITC
2025-06-02 14:15:00+05:30,419.0,419.0,418.75,418.95,11592,ITC
2025-06-02 14:16:00+05:30,418.95,418.95,418.75,418.9,11698,ITC
2025-06-02 14:17:00+05:30,418.9,418.95,418.7,418.95,9110,ITC
2025-06-02 14:18:00+05:30,418.95,418.95,418.6,418.9,20878,ITC
2025-06-02 14:19:00+05:30,418.95,418.95,418.6,418.8,15593,ITC
2025-06-02 14:20:00+05:30,418.6,418.8,418.6,418.7,10879,ITC
2025-06-02 14:21:00+05:30,418.7,418.95,418.55,418.7,36006,ITC
2025-06-02 14:22:00+05:30,418.9,418.95,418.65,418.85,16740,ITC
2025-06-02 14:23:00+05:30,418.85,418.85,418.6,418.8,9910,ITC
2025-06-02 14:24:00+05:30,418.8,418.8,418.6,418.75,13361,ITC
2025-06-02 14:25:00+05:30,418.7,418.8,418.6,418.7,17774,ITC
2025-06-02 14:26:00+05:30,418.8,418.9,418.7,418.9,12819,ITC
2025-06-02 14:27:00+05:30,418.9,418.9,418.7,418.9,14569,ITC
2025-06-02 14:28:00+05:30,418.9,418.95,418.85,418.95,13341,ITC
2025-06-02 14:29:00+05:30,418.95,419.0,418.8,418.85,12761,ITC
2025-06-02 14:30:00+05:30,418.85,418.9,418.6,418.75,13385,ITC
2025-06-02 14:31:00+05:30,418.75,418.75,418.55,418.7,17503,ITC
2025-06-02 14:32:00+05:30,418.7,418.7,418.35,418.5,28710,ITC
2025-06-02 14:33:00+05:30,418.5,418.5,418.25,418.35,15115,ITC
2025-06-02 14:34:00+05:30,418.35,418.55,418.25,418.4,32408,ITC
2025-06-02 14:35:00+05:30,418.25,418.4,418.1,418.3,18787,ITC
2025-06-02 14:36:00+05:30,418.3,418.45,418.15,418.45,44106,ITC
2025-06-02 14:37:00+05:30,418.45,418.6,418.35,418.5,18686,ITC
2025-06-02 14:38:00+05:30,418.6,418.6,418.3,418.45,19369,ITC
2025-06-02 14:39:00+05:30,418.45,418.45,418.3,418.35,11168,ITC
2025-06-02 14:40:00+05:30,418.45,418.6,418.3,418.6,33474,ITC
2025-06-02 14:41:00+05:30,418.6,418.6,418.35,418.5,15131,ITC
2025-06-02 14:42:00+05:30,418.5,418.6,418.45,418.6,17776,ITC
2025-06-02 14:43:00+05:30,418.6,418.75,418.5,418.75,32870,ITC
2025-06-02 14:44:00+05:30,418.8,419.55,418.7,419.35,107430,ITC
2025-06-02 14:45:00+05:30,419.35,419.55,419.2,419.4,35378,ITC
2025-06-02 14:46:00+05:30,419.4,419.5,419.3,419.4,16396,ITC
2025-06-02 14:47:00+05:30,419.35,419.45,419.3,419.35,56447,ITC
2025-06-02 14:48:00+05:30,419.35,419.4,419.1,419.3,28632,ITC
2025-06-02 14:49:00+05:30,419.25,419.35,419.15,419.3,17096,ITC
2025-06-02 14:50:00+05:30,419.25,419.3,419.15,419.2,19509,ITC
2025-06-02 14:51:00+05:30,419.2,419.25,419.1,419.2,11318,ITC
2025-06-02 14:52:00+05:30,419.15,419.35,419.0,419.35,69167,ITC
2025-06-02 14:53:00+05:30,419.35,419.35,419.05,419.1,21363,ITC
2025-06-02 14:54:00+05:30,419.05,419.1,418.95,419.0,22953,ITC
2025-06-02 14:55:00+05:30,419.0,419.0,418.9,418.95,25423,ITC
2025-06-02 14:56:00+05:30,418.95,419.2,418.9,419.05,83165,ITC
2025-06-02 14:57:00+05:30,419.2,419.2,419.05,419.1,19061,ITC
2025-06-02 14:58:00+05:30,419.15,419.45,419.1,419.45,59248,ITC
2025-06-02 14:59:00+05:30,419.45,419.55,419.2,419.45,46965,ITC
2025-06-02 15:00:00+05:30,419.45,419.6,419.4,419.6,33166,ITC
2025-06-02 15:01:00+05:30,419.55,419.8,419.5,419.75,36660,ITC
2025-06-02 15:02:00+05:30,419.7,419.75,419.4,419.45,46530,ITC
2025-06-02 15:03:00+05:30,419.45,419.5,419.35,419.45,25779,ITC
2025-06-02 15:04:00+05:30,419.4,419.45,419.15,419.3,39893,ITC
2025-06-02 15:05:00+05:30,419.35,419.5,419.2,419.3,64046,ITC
2025-06-02 15:06:00+05:30,419.35,419.35,419.2,419.2,25433,ITC
2025-06-02 15:07:00+05:30,419.3,419.3,419.15,419.15,21162,ITC
2025-06-02 15:08:00+05:30,419.25,419.3,419.15,419.25,19817,ITC
2025-06-02 15:09:00+05:30,419.2,419.8,419.2,419.55,81697,ITC
2025-06-02 15:10:00+05:30,419.5,419.6,419.35,419.55,54883,ITC
2025-06-02 15:11:00+05:30,419.55,419.7,419.35,419.7,41258,ITC
2025-06-02 15:12:00+05:30,419.7,419.8,419.6,419.7,30600,ITC
2025-06-02 15:13:00+05:30,419.7,419.75,419.45,419.55,58326,ITC
2025-06-02 15:14:00+05:30,419.55,419.75,419.45,419.5,39325,ITC
2025-06-02 15:15:00+05:30,419.5,419.6,419.3,419.4,105504,ITC
2025-06-02 15:16:00+05:30,419.55,419.75,419.35,419.55,62324,ITC
2025-06-02 15:17:00+05:30,419.5,419.55,419.35,419.5,36042,ITC
2025-06-02 15:18:00+05:30,419.5,419.5,419.25,419.3,41510,ITC
2025-06-02 15:19:00+05:30,419.3,419.3,419.2,419.3,47142,ITC
2025-06-02 15:20:00+05:30,419.3,419.3,419.2,419.25,57028,ITC
2025-06-02 15:21:00+05:30,419.3,419.45,419.2,419.35,39421,ITC
2025-06-02 15:22:00+05:30,419.35,419.35,419.25,419.35,35124,ITC
2025-06-02 15:23:00+05:30,419.3,419.3,419.05,419.15,70376,ITC
2025-06-02 15:24:00+05:30,419.15,419.65,418.95,419.5,200288,ITC
2025-06-02 15:25:00+05:30,419.45,420.0,419.1,419.25,243463,ITC
2025-06-02 15:26:00+05:30,419.25,419.25,418.3,418.6,153330,ITC
2025-06-02 15:27:00+05:30,418.6,418.75,418.4,418.6,102823,ITC
2025-06-02 15:28:00+05:30,418.6,419.3,418.4,419.25,32702,ITC
2025-06-02 15:29:00+05:30,419.25,419.3,418.5,418.5,24742,ITC
2025-06-03 09:15:00+05:30,419.0,421.7,419.0,421.1,172686,ITC
2025-06-03 09:16:00+05:30,421.2,421.2,418.8,419.45,144546,ITC
2025-06-03 09:17:00+05:30,419.3,419.45,418.5,419.35,127422,ITC
2025-06-03 09:18:00+05:30,419.2,420.45,418.55,419.15,335317,ITC
2025-06-03 09:19:00+05:30,419.0,420.7,418.6,419.8,148733,ITC
2025-06-03 09:20:00+05:30,419.65,420.2,419.4,420.0,69847,ITC
2025-06-03 09:21:00+05:30,420.0,420.4,419.8,420.05,90381,ITC
2025-06-03 09:22:00+05:30,420.05,420.6,420.0,420.05,55824,ITC
2025-06-03 09:23:00+05:30,420.0,420.3,419.95,420.3,40594,ITC
2025-06-03 09:24:00+05:30,420.3,420.5,420.05,420.3,35652,ITC
2025-06-03 09:25:00+05:30,420.1,420.6,420.1,420.2,18390,ITC
2025-06-03 09:26:00+05:30,420.2,420.2,420.0,420.05,23512,ITC
2025-06-03 09:27:00+05:30,420.0,420.9,419.9,420.05,177266,ITC
2025-06-03 09:28:00+05:30,420.05,420.5,420.0,420.25,29879,ITC
2025-06-03 09:29:00+05:30,420.25,420.35,419.7,419.75,73714,ITC
2025-06-03 09:30:00+05:30,419.7,420.0,419.1,419.35,127482,ITC
2025-06-03 09:31:00+05:30,419.3,419.55,419.05,419.4,40193,ITC
2025-06-03 09:32:00+05:30,419.55,419.55,419.05,419.25,22481,ITC
2025-06-03 09:33:00+05:30,419.25,419.25,419.0,419.2,31789,ITC
2025-06-03 09:34:00+05:30,419.2,419.2,419.0,419.15,31392,ITC
2025-06-03 09:35:00+05:30,419.15,419.55,419.1,419.15,37251,ITC
2025-06-03 09:36:00+05:30,419.25,419.5,419.1,419.45,23699,ITC
2025-06-03 09:37:00+05:30,419.5,419.9,419.45,419.85,19434,ITC
2025-06-03 09:38:00+05:30,419.85,420.4,419.6,420.0,222400,ITC
2025-06-03 09:39:00+05:30,420.0,420.3,419.65,420.3,34419,ITC
2025-06-03 09:40:00+05:30,420.3,420.3,419.6,419.75,59726,ITC
2025-06-03 09:41:00+05:30,419.65,419.75,419.4,419.55,6292,ITC
2025-06-03 09:42:00+05:30,419.55,419.55,419.25,419.3,10574,ITC
2025-06-03 09:43:00+05:30,419.2,419.3,419.1,419.2,16181,ITC
2025-06-03 09:44:00+05:30,419.25,419.25,418.8,418.8,44374,ITC
2025-06-03 09:45:00+05:30,418.8,419.05,418.75,418.85,29400,ITC
2025-06-03 09:46:00+05:30,418.85,418.9,418.5,418.85,21412,ITC
2025-06-03 09:47:00+05:30,418.85,418.9,418.6,418.65,8853,ITC
2025-06-03 09:48:00+05:30,418.65,418.7,418.5,418.65,9410,ITC
2025-06-03 09:49:00+05:30,418.6,418.7,418.55,418.7,19963,ITC
2025-06-03 09:50:00+05:30,418.7,419.0,418.55,418.9,24419,ITC
2025-06-03 09:51:00+05:30,418.85,419.1,418.8,419.1,18335,ITC
2025-06-03 09:52:00+05:30,419.1,419.1,418.8,419.05,21136,ITC
2025-06-03 09:53:00+05:30,419.0,419.05,419.0,419.05,5870,ITC
2025-06-03 09:54:00+05:30,419.05,419.05,418.55,418.65,13668,ITC
2025-06-03 09:55:00+05:30,418.65,418.75,418.55,418.7,15555,ITC
2025-06-03 09:56:00+05:30,418.75,418.75,418.65,418.7,9451,ITC
2025-06-03 09:57:00+05:30,418.6,418.7,418.05,418.25,33871,ITC
2025-06-03 09:58:00+05:30,418.2,418.4,418.2,418.35,13425,ITC
2025-06-03 09:59:00+05:30,418.35,418.35,418.15,418.3,10877,ITC
2025-06-03 10:00:00+05:30,418.3,418.3,418.1,418.2,24447,ITC
2025-06-03 10:01:00+05:30,418.15,418.2,417.85,418.0,69709,ITC
2025-06-03 10:02:00+05:30,418.0,418.15,417.9,418.15,17138,ITC
2025-06-03 10:03:00+05:30,418.15,418.25,418.05,418.15,6410,ITC
2025-06-03 10:04:00+05:30,418.15,418.45,418.1,418.35,11616,ITC
2025-06-03 10:05:00+05:30,418.35,418.65,418.2,418.6,30487,ITC
2025-06-03 10:06:00+05:30,418.6,418.75,418.5,418.75,11533,ITC
2025-06-03 10:07:00+05:30,418.7,418.9,418.5,418.9,13668,ITC
2025-06-03 10:08:00+05:30,418.8,418.95,418.65,418.85,15781,ITC
2025-06-03 10:09:00+05:30,418.85,419.1,418.85,419.1,16946,ITC
2025-06-03 10:10:00+05:30,419.0,419.25,419.0,419.25,18175,ITC
2025-06-03 10:11:00+05:30,419.2,419.45,419.2,419.4,11521,ITC
2025-06-03 10:12:00+05:30,419.4,419.4,419.05,419.3,14211,ITC
2025-06-03 10:13:00+05:30,419.3,419.3,419.1,419.25,12992,ITC
2025-06-03 10:14:00+05:30,419.3,419.3,419.05,419.15,8003,ITC
2025-06-03 10:15:00+05:30,419.15,419.2,419.05,419.2,12376,ITC
2025-06-03 10:16:00+05:30,419.2,419.6,419.2,419.5,26193,ITC
2025-06-03 10:17:00+05:30,419.5,419.6,419.15,419.35,19564,ITC
2025-06-03 10:18:00+05:30,419.25,419.8,419.25,419.6,24334,ITC
2025-06-03 10:19:00+05:30,419.6,419.95,419.45,419.9,32642,ITC
2025-06-03 10:20:00+05:30,419.95,420.65,419.95,420.3,98524,ITC
2025-06-03 10:21:00+05:30,420.3,421.0,420.25,420.6,71982,ITC
2025-06-03 10:22:00+05:30,420.55,421.05,420.45,420.7,131138,ITC
2025-06-03 10:23:00+05:30,420.7,420.9,420.5,420.7,39641,ITC
2025-06-03 10:24:00+05:30,420.75,421.0,420.65,421.0,40539,ITC
2025-06-03 10:25:00+05:30,421.0,421.1,420.65,420.7,35469,ITC
2025-06-03 10:26:00+05:30,420.7,420.95,420.7,420.9,25667,ITC
2025-06-03 10:27:00+05:30,420.9,421.0,420.7,420.8,18924,ITC
2025-06-03 10:28:00+05:30,420.85,420.85,420.55,420.6,22760,ITC
2025-06-03 10:29:00+05:30,420.6,420.65,420.5,420.6,13713,ITC
2025-06-03 10:30:00+05:30,420.6,420.65,420.3,420.65,26782,ITC
2025-06-03 10:31:00+05:30,420.65,420.65,420.45,420.65,20498,ITC
2025-06-03 10:32:00+05:30,420.65,420.95,420.6,420.85,29998,ITC
2025-06-03 10:33:00+05:30,420.85,421.0,420.7,420.75,18136,ITC
2025-06-03 10:34:00+05:30,420.75,420.8,420.55,420.6,18984,ITC
2025-06-03 10:35:00+05:30,420.6,420.65,420.0,420.0,21398,ITC
2025-06-03 10:36:00+05:30,420.0,420.1,419.85,419.95,27392,ITC
2025-06-03 10:37:00+05:30,420.0,420.2,419.3,420.0,109491,ITC
2025-06-03 10:38:00+05:30,420.0,420.2,419.7,420.05,86958,ITC
2025-06-03 10:39:00+05:30,420.0,420.0,419.2,419.3,101921,ITC
2025-06-03 10:40:00+05:30,419.15,419.35,418.55,418.85,82290,ITC
2025-06-03 10:41:00+05:30,418.8,419.1,418.8,419.0,34797,ITC
2025-06-03 10:42:00+05:30,419.05,419.1,418.65,418.75,27443,ITC
2025-06-03 10:43:00+05:30,418.7,418.85,418.5,418.55,27870,ITC
2025-06-03 10:44:00+05:30,418.65,419.1,418.6,419.0,22532,ITC
2025-06-03 10:45:00+05:30,419.0,419.25,418.8,419.2,24734,ITC
2025-06-03 10:46:00+05:30,419.2,419.3,418.95,418.95,18983,ITC
2025-06-03 10:47:00+05:30,419.05,419.2,418.95,419.15,14106,ITC
2025-06-03 10:48:00+05:30,419.2,419.25,419.05,419.2,12491,ITC
2025-06-03 10:49:00+05:30,419.2,419.4,419.15,419.25,8677,ITC
2025-06-03 10:50:00+05:30,419.2,419.4,419.15,419.3,11187,ITC
2025-06-03 10:51:00+05:30,419.3,419.35,419.0,419.1,11805,ITC
2025-06-03 10:52:00+05:30,419.1,419.4,419.1,419.25,22220,ITC
2025-06-03 10:53:00+05:30,419.3,419.3,419.05,419.05,10914,ITC
2025-06-03 10:54:00+05:30,419.0,419.15,419.0,419.05,10060,ITC
2025-06-03 10:55:00+05:30,419.1,419.25,419.05,419.25,14004,ITC
2025-06-03 10:56:00+05:30,419.25,419.3,419.05,419.2,13523,ITC
2025-06-03 10:57:00+05:30,419.2,419.35,419.05,419.25,16033,ITC
2025-06-03 10:58:00+05:30,419.2,419.3,418.75,418.8,26953,ITC
2025-06-03 10:59:00+05:30,418.8,418.9,418.6,418.7,13330,ITC
2025-06-03 11:00:00+05:30,418.7,418.95,418.5,418.55,21276,ITC
2025-06-03 11:01:00+05:30,418.5,418.65,418.5,418.65,17362,ITC
2025-06-03 11:02:00+05:30,418.65,418.7,418.55,418.55,10873,ITC
2025-06-03 11:03:00+05:30,418.6,418.8,418.55,418.8,9983,ITC
2025-06-03 11:04:00+05:30,418.8,418.8,418.55,418.55,13465,ITC
2025-06-03 11:05:00+05:30,418.55,418.85,418.5,418.7,21700,ITC
2025-06-03 11:06:00+05:30,418.7,418.75,418.15,418.2,29206,ITC
2025-06-03 11:07:00+05:30,418.2,418.6,418.05,418.45,48390,ITC
2025-06-03 11:08:00+05:30,418.55,418.7,418.5,418.7,11427,ITC
2025-06-03 11:09:00+05:30,418.65,418.7,418.4,418.4,18648,ITC
2025-06-03 11:10:00+05:30,418.55,418.75,418.45,418.7,20398,ITC
2025-06-03 11:11:00+05:30,418.75,418.85,418.7,418.85,8553,ITC
2025-06-03 11:12:00+05:30,418.85,418.95,418.75,418.85,10293,ITC
2025-06-03 11:13:00+05:30,418.8,418.8,418.05,418.15,60264,ITC
2025-06-03 11:14:00+05:30,418.2,418.3,417.65,417.75,163368,ITC
2025-06-03 11:15:00+05:30,417.75,418.55,417.5,418.5,135575,ITC
2025-06-03 11:16:00+05:30,418.5,418.75,418.15,418.7,102492,ITC
2025-06-03 11:17:00+05:30,418.7,418.75,418.55,418.65,9890,ITC
2025-06-03 11:18:00+05:30,418.55,418.65,418.45,418.55,30122,ITC
2025-06-03 11:19:00+05:30,418.55,418.55,418.5,418.55,15263,ITC
2025-06-03 11:20:00+05:30,418.55,418.7,418.45,418.7,28781,ITC
2025-06-03 11:21:00+05:30,418.6,418.7,418.5,418.5,25386,ITC
2025-06-03 11:22:00+05:30,418.5,418.6,418.35,418.5,26808,ITC
2025-06-03 11:23:00+05:30,418.55,418.55,418.1,418.1,98790,ITC
2025-06-03 11:24:00+05:30,418.3,418.35,418.05,418.15,12238,ITC
2025-06-03 11:25:00+05:30,418.15,418.35,418.05,418.35,19401,ITC
2025-06-03 11:26:00+05:30,418.2,418.5,418.2,418.5,11377,ITC
2025-06-03 11:27:00+05:30,418.5,418.65,418.45,418.65,18079,ITC
2025-06-03 11:28:00+05:30,418.65,418.85,418.6,418.85,28899,ITC
2025-06-03 11:29:00+05:30,418.85,418.85,418.75,418.85,8493,ITC
2025-06-03 11:30:00+05:30,418.8,419.1,418.75,419.1,43131,ITC
2025-06-03 11:31:00+05:30,419.05,419.15,418.9,419.0,5462,ITC
2025-06-03 11:32:00+05:30,419.0,419.0,418.75,418.9,9495,ITC
2025-06-03 11:33:00+05:30,418.9,419.35,418.8,419.35,20942,ITC
2025-06-03 11:34:00+05:30,419.35,419.75,419.25,419.5,23584,ITC
2025-06-03 11:35:00+05:30,419.5,419.5,419.1,419.1,4845,ITC
2025-06-03 11:36:00+05:30,419.1,419.25,419.0,419.15,2896,ITC
2025-06-03 11:37:00+05:30,419.2,419.2,418.8,419.05,6736,ITC
2025-06-03 11:38:00+05:30,418.9,419.05,418.6,418.85,4829,ITC
2025-06-03 11:39:00+05:30,418.75,418.85,418.15,418.45,13870,ITC
2025-06-03 11:40:00+05:30,418.3,418.4,418.1,418.15,15235,ITC
2025-06-03 11:41:00+05:30,418.15,418.3,418.1,418.15,10096,ITC
2025-06-03 11:42:00+05:30,418.25,418.3,417.8,417.8,35075,ITC
2025-06-03 11:43:00+05:30,417.9,417.95,417.7,417.9,15555,ITC
2025-06-03 11:44:00+05:30,417.9,418.1,417.7,417.95,11701,ITC
2025-06-03 11:45:00+05:30,418.05,418.2,417.9,418.0,10335,ITC
2025-06-03 11:46:00+05:30,418.05,418.15,417.95,417.95,8554,ITC
2025-06-03 11:47:00+05:30,418.1,418.45,417.9,418.05,35235,ITC
2025-06-03 11:48:00+05:30,418.05,418.3,417.9,418.15,7193,ITC
2025-06-03 11:49:00+05:30,418.15,418.15,418.0,418.1,3548,ITC
2025-06-03 11:50:00+05:30,418.1,418.1,418.0,418.0,6044,ITC
2025-06-03 11:51:00+05:30,418.05,418.05,418.0,418.0,5971,ITC
2025-06-03 11:52:00+05:30,418.0,418.15,418.0,418.05,12862,ITC
2025-06-03 11:53:00+05:30,418.05,418.15,418.05,418.15,3280,ITC
2025-06-03 11:54:00+05:30,418.15,418.2,418.05,418.2,14958,ITC
2025-06-03 11:55:00+05:30,418.2,418.35,418.1,418.25,8069,ITC
2025-06-03 11:56:00+05:30,418.25,418.25,418.05,418.25,6421,ITC
2025-06-03 11:57:00+05:30,418.25,418.4,418.1,418.2,15419,ITC
2025-06-03 11:58:00+05:30,418.2,418.35,418.1,418.25,7274,ITC
2025-06-03 11:59:00+05:30,418.25,418.4,418.2,418.35,5347,ITC
2025-06-03 12:00:00+05:30,418.3,418.35,418.2,418.3,6408,ITC
2025-06-03 12:01:00+05:30,418.3,418.45,418.25,418.45,11422,ITC
2025-06-03 12:02:00+05:30,418.45,418.65,418.35,418.4,14031,ITC
2025-06-03 12:03:00+05:30,418.55,418.6,418.4,418.6,10293,ITC
2025-06-03 12:04:00+05:30,418.6,418.6,418.5,418.55,8500,ITC
2025-06-03 12:05:00+05:30,418.55,418.6,418.4,418.5,9281,ITC
2025-06-03 12:06:00+05:30,418.55,418.65,418.45,418.55,15629,ITC
2025-06-03 12:07:00+05:30,418.55,418.75,418.45,418.5,14105,ITC
2025-06-03 12:08:00+05:30,418.55,418.65,418.1,418.2,11970,ITC
2025-06-03 12:09:00+05:30,418.2,418.2,418.1,418.1,6405,ITC
2025-06-03 12:10:00+05:30,418.1,418.3,418.1,418.25,11061,ITC
2025-06-03 12:11:00+05:30,418.25,418.3,417.85,417.9,37916,ITC
2025-06-03 12:12:00+05:30,417.95,417.95,417.8,417.95,11263,ITC
2025-06-03 12:13:00+05:30,417.95,417.95,417.7,417.8,30411,ITC
2025-06-03 12:14:00+05:30,417.75,417.9,417.75,417.9,5996,ITC
2025-06-03 12:15:00+05:30,417.85,417.9,417.5,417.7,44650,ITC
2025-06-03 12:16:00+05:30,417.7,418.1,417.35,417.35,187439,ITC
2025-06-03 12:17:00+05:30,417.4,417.65,417.3,417.65,18343,ITC
2025-06-03 12:18:00+05:30,417.65,417.65,417.45,417.65,9783,ITC
2025-06-03 12:19:00+05:30,417.65,417.8,417.45,417.7,16889,ITC
2025-06-03 12:20:00+05:30,417.75,418.8,417.7,418.0,164707,ITC
2025-06-03 12:21:00+05:30,417.85,418.0,417.75,417.8,6653,ITC
2025-06-03 12:22:00+05:30,417.8,417.9,417.6,417.85,10874,ITC
2025-06-03 12:23:00+05:30,417.85,417.85,417.6,417.75,7074,ITC
2025-06-03 12:24:00+05:30,417.8,418.0,417.75,417.95,9499,ITC
2025-06-03 12:25:00+05:30,417.95,417.95,417.8,417.8,6849,ITC
2025-06-03 12:26:00+05:30,417.9,417.9,417.8,417.9,11390,ITC
2025-06-03 12:27:00+05:30,417.9,417.95,417.85,417.95,9149,ITC
2025-06-03 12:28:00+05:30,417.95,418.25,417.85,417.95,24733,ITC
2025-06-03 12:29:00+05:30,417.95,418.2,417.85,418.1,10323,ITC
2025-06-03 12:30:00+05:30,418.0,418.1,417.9,418.1,12700,ITC
2025-06-03 12:31:00+05:30,418.05,418.45,418.05,418.3,11236,ITC
2025-06-03 12:32:00+05:30,418.35,418.45,418.25,418.4,10478,ITC
2025-06-03 12:33:00+05:30,418.35,418.45,418.3,418.4,7222,ITC
2025-06-03 12:34:00+05:30,418.4,418.45,418.25,418.3,9029,ITC
2025-06-03 12:35:00+05:30,418.4,418.4,418.3,418.35,7077,ITC
2025-06-03 12:36:00+05:30,418.3,418.85,418.2,418.8,62744,ITC
2025-06-03 12:37:00+05:30,418.8,419.15,418.75,419.0,43762,ITC
2025-06-03 12:38:00+05:30,419.1,419.1,418.65,418.85,56218,ITC
2025-06-03 12:39:00+05:30,418.85,418.85,418.75,418.8,13130,ITC
2025-06-03 12:40:00+05:30,418.8,418.8,418.75,418.8,5405,ITC
2025-06-03 12:41:00+05:30,418.8,418.85,418.8,418.85,20130,ITC
2025-06-03 12:42:00+05:30,418.85,418.85,418.6,418.7,14569,ITC
2025-06-03 12:43:00+05:30,418.7,418.7,418.35,418.45,7051,ITC
2025-06-03 12:44:00+05:30,418.55,418.55,418.3,418.5,8490,ITC
2025-06-03 12:45:00+05:30,418.45,418.5,418.25,418.25,5970,ITC
2025-06-03 12:46:00+05:30,418.35,418.35,418.2,418.25,6429,ITC
2025-06-03 12:47:00+05:30,418.25,418.25,417.9,417.9,41728,ITC
2025-06-03 12:48:00+05:30,417.9,418.1,417.8,417.85,29051,ITC
2025-06-03 12:49:00+05:30,417.85,418.05,417.8,417.8,42146,ITC
2025-06-03 12:50:00+05:30,417.85,417.85,417.55,417.6,33242,ITC
2025-06-03 12:51:00+05:30,417.65,417.65,416.2,416.3,187931,ITC
2025-06-03 12:52:00+05:30,416.3,416.4,416.0,416.25,113800,ITC
2025-06-03 12:53:00+05:30,416.15,416.6,416.1,416.45,25650,ITC
2025-06-03 12:54:00+05:30,416.4,416.7,416.15,416.35,37111,ITC
2025-06-03 12:55:00+05:30,416.35,416.5,416.1,416.15,29121,ITC
2025-06-03 12:56:00+05:30,416.15,416.65,416.15,416.5,29791,ITC
2025-06-03 12:57:00+05:30,416.6,416.65,416.4,416.5,17357,ITC
2025-06-03 12:58:00+05:30,416.45,416.65,416.3,416.35,35667,ITC
2025-06-03 12:59:00+05:30,416.55,416.6,416.35,416.5,19281,ITC
2025-06-03 13:00:00+05:30,416.5,416.75,416.35,416.55,19374,ITC
2025-06-03 13:01:00+05:30,416.65,416.65,416.5,416.55,11608,ITC
2025-06-03 13:02:00+05:30,416.6,416.65,416.45,416.6,20163,ITC
2025-06-03 13:03:00+05:30,416.6,416.6,416.5,416.5,13386,ITC
2025-06-03 13:04:00+05:30,416.55,416.6,416.5,416.55,10946,ITC
2025-06-03 13:05:00+05:30,416.55,416.55,416.0,416.1,65388,ITC
2025-06-03 13:06:00+05:30,416.1,416.15,416.0,416.1,19373,ITC
2025-06-03 13:07:00+05:30,416.05,416.1,415.65,415.9,67254,ITC
2025-06-03 13:08:00+05:30,415.9,416.2,415.85,416.15,35579,ITC
2025-06-03 13:09:00+05:30,416.15,416.25,416.0,416.25,39309,ITC
2025-06-03 13:10:00+05:30,416.25,416.3,416.05,416.15,23070,ITC
2025-06-03 13:11:00+05:30,416.05,416.3,416.05,416.3,17447,ITC
2025-06-03 13:12:00+05:30,416.3,416.3,416.05,416.2,12094,ITC
2025-06-03 13:13:00+05:30,416.15,416.3,416.1,416.25,29307,ITC
2025-06-03 13:14:00+05:30,416.25,416.45,416.15,416.45,17149,ITC
2025-06-03 13:15:00+05:30,416.45,416.75,416.25,416.4,19568,ITC
2025-06-03 13:16:00+05:30,416.3,416.4,416.15,416.25,16734,ITC
2025-06-03 13:17:00+05:30,416.25,416.4,416.15,416.3,17942,ITC
2025-06-03 13:18:00+05:30,416.3,416.4,416.25,416.35,24412,ITC
2025-06-03 13:19:00+05:30,416.35,416.35,416.25,416.35,15299,ITC
2025-06-03 13:20:00+05:30,416.35,416.6,416.3,416.6,30723,ITC
2025-06-03 13:21:00+05:30,416.6,416.9,416.5,416.75,27154,ITC
2025-06-03 13:22:00+05:30,416.75,416.75,416.5,416.6,11921,ITC
2025-06-03 13:23:00+05:30,416.5,416.6,416.15,416.3,75633,ITC
2025-06-03 13:24:00+05:30,416.3,416.5,416.1,416.2,38409,ITC
2025-06-03 13:25:00+05:30,416.2,416.3,416.05,416.1,19168,ITC
2025-06-03 13:26:00+05:30,416.15,416.3,416.1,416.3,26263,ITC
2025-06-03 13:27:00+05:30,416.3,416.3,416.1,416.3,16217,ITC
2025-06-03 13:28:00+05:30,416.3,416.3,416.2,416.25,9740,ITC
2025-06-03 13:29:00+05:30,416.25,416.25,416.05,416.15,26152,ITC
2025-06-03 13:30:00+05:30,416.15,416.3,416.05,416.3,27806,ITC
2025-06-03 13:31:00+05:30,416.25,416.55,416.2,416.4,17584,ITC
2025-06-03 13:32:00+05:30,416.4,416.4,416.2,416.25,8542,ITC
2025-06-03 13:33:00+05:30,416.2,416.5,416.2,416.4,27998,ITC
2025-06-03 13:34:00+05:30,416.4,416.4,416.3,416.4,9683,ITC
2025-06-03 13:35:00+05:30,416.4,416.5,416.25,416.5,33920,ITC
2025-06-03 13:36:00+05:30,416.5,416.5,416.4,416.45,13224,ITC
2025-06-03 13:37:00+05:30,416.5,416.5,416.35,416.4,14686,ITC
2025-06-03 13:38:00+05:30,416.45,416.5,416.3,416.4,20718,ITC
2025-06-03 13:39:00+05:30,416.4,416.4,416.3,416.4,13884,ITC
2025-06-03 13:40:00+05:30,416.4,416.5,416.3,416.5,24657,ITC
2025-06-03 13:41:00+05:30,416.5,416.65,416.4,416.5,24488,ITC
2025-06-03 13:42:00+05:30,416.5,416.5,416.35,416.4,17007,ITC
2025-06-03 13:43:00+05:30,416.4,416.45,416.35,416.4,13055,ITC
2025-06-03 13:44:00+05:30,416.35,416.4,416.1,416.25,33787,ITC
2025-06-03 13:45:00+05:30,416.25,416.25,416.1,416.25,27342,ITC
2025-06-03 13:46:00+05:30,416.25,416.25,416.1,416.25,16751,ITC
2025-06-03 13:47:00+05:30,416.25,416.4,416.2,416.35,29384,ITC
2025-06-03 13:48:00+05:30,416.3,416.35,416.2,416.2,10252,ITC
2025-06-03 13:49:00+05:30,416.3,416.35,416.2,416.35,23201,ITC
2025-06-03 13:50:00+05:30,416.4,416.7,416.4,416.7,24903,ITC
2025-06-03 13:51:00+05:30,416.7,416.75,416.5,416.65,12810,ITC
2025-06-03 13:52:00+05:30,416.65,416.8,416.5,416.8,23561,ITC
2025-06-03 13:53:00+05:30,416.8,416.8,416.65,416.8,8335,ITC
2025-06-03 13:54:00+05:30,416.8,416.8,416.65,416.75,7985,ITC
2025-06-03 13:55:00+05:30,416.75,416.8,416.55,416.8,14501,ITC
2025-06-03 13:56:00+05:30,416.8,416.95,416.75,416.9,16293,ITC
2025-06-03 13:57:00+05:30,416.9,416.95,416.8,416.8,9690,ITC
2025-06-03 13:58:00+05:30,416.85,417.0,416.8,417.0,39583,ITC
2025-06-03 13:59:00+05:30,417.0,417.2,416.95,417.15,17953,ITC
2025-06-03 14:00:00+05:30,417.15,417.25,417.0,417.2,13663,ITC
2025-06-03 14:01:00+05:30,417.2,417.2,417.0,417.05,13738,ITC
2025-06-03 14:02:00+05:30,417.05,417.2,417.0,417.1,14114,ITC
2025-06-03 14:03:00+05:30,417.15,417.15,417.0,417.0,9935,ITC
2025-06-03 14:04:00+05:30,417.1,417.15,417.0,417.05,10751,ITC
2025-06-03 14:05:00+05:30,417.05,417.2,417.0,417.2,23046,ITC
2025-06-03 14:06:00+05:30,417.15,417.2,417.05,417.2,12771,ITC
2025-06-03 14:07:00+05:30,417.15,417.2,417.05,417.15,7085,ITC
2025-06-03 14:08:00+05:30,417.2,417.2,417.1,417.2,16801,ITC
2025-06-03 14:09:00+05:30,417.2,417.3,417.15,417.15,17650,ITC
2025-06-03 14:10:00+05:30,417.3,417.3,417.1,417.3,12270,ITC
2025-06-03 14:11:00+05:30,417.25,417.3,417.1,417.25,15976,ITC
2025-06-03 14:12:00+05:30,417.2,417.3,417.05,417.1,11564,ITC
2025-06-03 14:13:00+05:30,417.1,417.1,416.7,416.8,47916,ITC
2025-06-03 14:14:00+05:30,416.8,417.25,416.8,417.25,33054,ITC
2025-06-03 14:15:00+05:30,417.25,417.6,417.2,417.55,44012,ITC
2025-06-03 14:16:00+05:30,417.55,417.65,417.4,417.5,54914,ITC
2025-06-03 14:17:00+05:30,417.5,417.6,417.25,417.35,50247,ITC
2025-06-03 14:18:00+05:30,417.35,417.5,417.05,417.45,59704,ITC
2025-06-03 14:19:00+05:30,417.4,417.45,416.9,417.2,34076,ITC
2025-06-03 14:20:00+05:30,417.2,417.2,416.85,417.0,51684,ITC
2025-06-03 14:21:00+05:30,417.0,417.1,416.8,416.85,18992,ITC
2025-06-03 14:22:00+05:30,416.8,416.85,416.65,416.8,45400,ITC
2025-06-03 14:23:00+05:30,416.8,416.95,416.65,416.95,34172,ITC
2025-06-03 14:24:00+05:30,416.9,417.0,416.85,416.9,37716,ITC
2025-06-03 14:25:00+05:30,416.95,417.15,416.75,416.8,21596,ITC
2025-06-03 14:26:00+05:30,416.8,417.1,416.75,416.95,36498,ITC
2025-06-03 14:27:00+05:30,416.8,416.95,416.6,416.75,43014,ITC
2025-06-03 14:28:00+05:30,416.75,416.95,416.65,416.85,23472,ITC
2025-06-03 14:29:00+05:30,416.85,417.05,416.7,416.95,35015,ITC
2025-06-03 14:30:00+05:30,416.95,417.0,416.65,416.95,75422,ITC
2025-06-03 14:31:00+05:30,416.95,417.1,416.7,417.05,62382,ITC
2025-06-03 14:32:00+05:30,417.05,417.05,416.75,417.0,41311,ITC
2025-06-03 14:33:00+05:30,417.0,417.15,416.75,416.75,38944,ITC
2025-06-03 14:34:00+05:30,416.8,416.95,416.8,416.9,23058,ITC
2025-06-03 14:35:00+05:30,416.9,416.9,416.7,416.8,27490,ITC
2025-06-03 14:36:00+05:30,416.9,417.25,416.8,417.05,24539,ITC
2025-06-03 14:37:00+05:30,417.05,417.25,416.9,417.15,61266,ITC
2025-06-03 14:38:00+05:30,417.15,417.25,416.95,417.1,40648,ITC
2025-06-03 14:39:00+05:30,417.05,417.15,416.95,417.1,50250,ITC
2025-06-03 14:40:00+05:30,417.1,417.1,416.8,417.0,78324,ITC
2025-06-03 14:41:00+05:30,417.0,417.05,416.85,417.0,60614,ITC
2025-06-03 14:42:00+05:30,417.0,417.05,416.85,416.95,23642,ITC
2025-06-03 14:43:00+05:30,416.9,416.95,416.8,416.95,23820,ITC
2025-06-03 14:44:00+05:30,416.95,417.0,416.8,416.95,25181,ITC
2025-06-03 14:45:00+05:30,416.95,416.95,416.65,416.65,23179,ITC
2025-06-03 14:46:00+05:30,416.65,416.8,416.6,416.75,44031,ITC
2025-06-03 14:47:00+05:30,416.75,416.75,416.7,416.75,15369,ITC
2025-06-03 14:48:00+05:30,416.75,416.85,416.7,416.8,51501,ITC
2025-06-03 14:49:00+05:30,416.8,416.8,416.6,416.75,27480,ITC
2025-06-03 14:50:00+05:30,416.75,416.75,416.6,416.65,27834,ITC
2025-06-03 14:51:00+05:30,416.65,416.65,416.55,416.6,27717,ITC
2025-06-03 14:52:00+05:30,416.6,416.65,416.4,416.6,86543,ITC
2025-06-03 14:53:00+05:30,416.6,416.85,416.2,416.55,96291,ITC
2025-06-03 14:54:00+05:30,416.55,416.9,416.4,416.65,121241,ITC
2025-06-03 14:55:00+05:30,416.65,416.8,416.25,416.4,176664,ITC
2025-06-03 14:56:00+05:30,416.4,416.75,416.2,416.65,105468,ITC
2025-06-03 14:57:00+05:30,416.6,416.7,416.5,416.55,38762,ITC
2025-06-03 14:58:00+05:30,416.55,416.6,416.35,416.35,35061,ITC
2025-06-03 14:59:00+05:30,416.35,416.85,416.35,416.65,58475,ITC
2025-06-03 15:00:00+05:30,416.6,416.75,416.5,416.7,95119,ITC
2025-06-03 15:01:00+05:30,416.6,416.8,416.6,416.75,46100,ITC
2025-06-03 15:02:00+05:30,416.75,416.8,416.45,416.55,55647,ITC
2025-06-03 15:03:00+05:30,416.55,416.75,416.35,416.55,68008,ITC
2025-06-03 15:04:00+05:30,416.5,416.8,416.5,416.75,40344,ITC
2025-06-03 15:05:00+05:30,416.75,416.85,416.7,416.75,22949,ITC
2025-06-03 15:06:00+05:30,416.8,416.85,416.75,416.85,49264,ITC
2025-06-03 15:07:00+05:30,416.75,416.9,416.7,416.8,33323,ITC
2025-06-03 15:08:00+05:30,416.75,416.8,416.75,416.75,19919,ITC
2025-06-03 15:09:00+05:30,416.8,418.2,416.65,416.8,231443,ITC
2025-06-03 15:10:00+05:30,416.8,417.05,416.7,416.9,71506,ITC
2025-06-03 15:11:00+05:30,416.9,417.05,416.9,417.0,32725,ITC
2025-06-03 15:12:00+05:30,416.95,417.25,416.95,417.05,27964,ITC
2025-06-03 15:13:00+05:30,417.05,417.1,416.75,416.8,54008,ITC
2025-06-03 15:14:00+05:30,416.85,416.85,416.7,416.8,28295,ITC
2025-06-03 15:15:00+05:30,416.8,416.8,416.65,416.8,75404,ITC
2025-06-03 15:16:00+05:30,416.8,416.8,416.6,416.7,106670,ITC
2025-06-03 15:17:00+05:30,416.7,417.15,416.6,417.0,90167,ITC
2025-06-03 15:18:00+05:30,417.15,417.2,416.85,417.1,64457,ITC
2025-06-03 15:19:00+05:30,417.1,417.15,416.95,417.1,70229,ITC
2025-06-03 15:20:00+05:30,417.05,417.4,417.0,417.3,70609,ITC
2025-06-03 15:21:00+05:30,417.3,417.35,417.05,417.15,39863,ITC
2025-06-03 15:22:00+05:30,417.15,417.15,417.0,417.0,28197,ITC
2025-06-03 15:23:00+05:30,417.0,417.05,416.75,417.05,58461,ITC
2025-06-03 15:24:00+05:30,417.05,417.1,416.85,417.0,73687,ITC
2025-06-03 15:25:00+05:30,417.0,417.3,416.85,417.3,112030,ITC
2025-06-03 15:26:00+05:30,417.35,417.35,416.75,416.9,81335,ITC
2025-06-03 15:27:00+05:30,416.9,417.05,416.7,416.95,70505,ITC
2025-06-03 15:28:00+05:30,416.95,416.95,416.65,416.85,56519,ITC
2025-06-03 15:29:00+05:30,416.85,417.0,416.6,417.0,33191,ITC
2025-06-04 09:15:00+05:30,417.15,418.55,417.15,418.3,113653,ITC
2025-06-04 09:16:00+05:30,418.25,418.4,417.5,417.7,46123,ITC
2025-06-04 09:17:00+05:30,417.7,417.8,417.4,417.5,24108,ITC
2025-06-04 09:18:00+05:30,417.5,417.75,417.15,417.3,35560,ITC
2025-06-04 09:19:00+05:30,417.3,417.3,417.0,417.2,50881,ITC
2025-06-04 09:20:00+05:30,417.2,417.4,417.0,417.3,16567,ITC
2025-06-04 09:21:00+05:30,417.3,417.8,417.15,417.65,13849,ITC
2025-06-04 09:22:00+05:30,417.6,418.0,417.4,418.0,14293,ITC
2025-06-04 09:23:00+05:30,418.0,418.0,417.6,417.6,14659,ITC
2025-06-04 09:24:00+05:30,417.8,417.8,417.35,417.55,18250,ITC
2025-06-04 09:25:00+05:30,417.55,418.35,417.4,418.35,133649,ITC
2025-06-04 09:26:00+05:30,418.25,418.5,418.05,418.2,17196,ITC
2025-06-04 09:27:00+05:30,418.2,418.3,418.05,418.3,14742,ITC
2025-06-04 09:28:00+05:30,418.3,418.3,417.35,417.6,112457,ITC
2025-06-04 09:29:00+05:30,417.6,418.1,417.45,417.6,116777,ITC
2025-06-04 09:30:00+05:30,417.8,418.2,417.55,417.9,68565,ITC
2025-06-04 09:31:00+05:30,417.85,417.9,417.45,417.55,10230,ITC
2025-06-04 09:32:00+05:30,417.55,417.75,417.5,417.7,12455,ITC
2025-06-04 09:33:00+05:30,417.6,417.75,417.45,417.5,12432,ITC
2025-06-04 09:34:00+05:30,417.5,417.7,417.3,417.65,14554,ITC
2025-06-04 09:35:00+05:30,417.5,417.65,417.1,417.55,17844,ITC
2025-06-04 09:36:00+05:30,417.55,417.7,417.3,417.7,15740,ITC
2025-06-04 09:37:00+05:30,417.7,417.7,417.35,417.45,8735,ITC
2025-06-04 09:38:00+05:30,417.5,417.5,417.25,417.3,4359,ITC
2025-06-04 09:39:00+05:30,417.3,417.5,417.15,417.5,8205,ITC
2025-06-04 09:40:00+05:30,417.5,417.75,417.35,417.35,9042,ITC
2025-06-04 09:41:00+05:30,417.5,417.5,417.3,417.35,6040,ITC
2025-06-04 09:42:00+05:30,417.35,418.0,417.35,417.5,29270,ITC
2025-06-04 09:43:00+05:30,417.5,417.7,417.35,417.6,6777,ITC
2025-06-04 09:44:00+05:30,417.7,417.7,417.4,417.6,11776,ITC
2025-06-04 09:45:00+05:30,417.5,417.6,417.25,417.4,11263,ITC
2025-06-04 09:46:00+05:30,417.4,417.7,417.2,417.7,17628,ITC
2025-06-04 09:47:00+05:30,417.65,417.7,417.4,417.65,26041,ITC
2025-06-04 09:48:00+05:30,417.45,417.8,417.45,417.8,29577,ITC
2025-06-04 09:49:00+05:30,417.8,417.95,417.5,417.95,22244,ITC
2025-06-04 09:50:00+05:30,417.95,417.95,417.5,417.7,24993,ITC
2025-06-04 09:51:00+05:30,417.7,417.7,417.35,417.45,9216,ITC
2025-06-04 09:52:00+05:30,417.45,417.55,417.2,417.2,7540,ITC
2025-06-04 09:53:00+05:30,417.25,417.45,417.2,417.2,16791,ITC
2025-06-04 09:54:00+05:30,417.25,417.25,417.05,417.2,10299,ITC
2025-06-04 09:55:00+05:30,417.15,417.15,416.8,416.9,33200,ITC
2025-06-04 09:56:00+05:30,416.9,416.9,416.75,416.8,6008,ITC
2025-06-04 09:57:00+05:30,416.8,416.8,416.4,416.45,22723,ITC
2025-06-04 09:58:00+05:30,416.5,416.8,416.4,416.8,13756,ITC
2025-06-04 09:59:00+05:30,416.8,416.8,416.45,416.65,17388,ITC
2025-06-04 10:00:00+05:30,416.65,416.8,416.5,416.8,16284,ITC
2025-06-04 10:01:00+05:30,416.7,416.9,416.65,416.8,17457,ITC
2025-06-04 10:02:00+05:30,416.8,416.8,416.65,416.7,4055,ITC
2025-06-04 10:03:00+05:30,416.65,416.75,416.5,416.65,16903,ITC
2025-06-04 10:04:00+05:30,416.65,416.65,416.45,416.6,14388,ITC
2025-06-04 10:05:00+05:30,416.6,416.95,416.5,416.65,34511,ITC
2025-06-04 10:06:00+05:30,416.65,416.7,416.4,416.55,9996,ITC
2025-06-04 10:07:00+05:30,416.55,416.55,416.4,416.55,6004,ITC
2025-06-04 10:08:00+05:30,416.55,416.6,416.4,416.5,12309,ITC
2025-06-04 10:09:00+05:30,416.5,416.5,416.2,416.35,13349,ITC
2025-06-04 10:10:00+05:30,416.35,416.5,416.15,416.25,15296,ITC
2025-06-04 10:11:00+05:30,416.45,416.45,416.25,416.4,3531,ITC
2025-06-04 10:12:00+05:30,416.4,416.4,416.3,416.4,5681,ITC
2025-06-04 10:13:00+05:30,416.4,416.45,416.1,416.2,8824,ITC
2025-06-04 10:14:00+05:30,416.2,416.35,416.1,416.2,6180,ITC
2025-06-04 10:15:00+05:30,416.25,416.25,416.2,416.25,4511,ITC
2025-06-04 10:16:00+05:30,416.2,416.35,416.15,416.3,7970,ITC
2025-06-04 10:17:00+05:30,416.2,416.4,416.2,416.4,3816,ITC
2025-06-04 10:18:00+05:30,416.4,416.5,416.2,416.5,9884,ITC
2025-06-04 10:19:00+05:30,416.5,416.5,416.1,416.5,44198,ITC
2025-06-04 10:20:00+05:30,416.4,416.75,416.4,416.55,11838,ITC
2025-06-04 10:21:00+05:30,416.7,416.85,416.55,416.7,15879,ITC
2025-06-04 10:22:00+05:30,416.7,416.95,416.7,416.95,7808,ITC
2025-06-04 10:23:00+05:30,416.95,417.0,416.7,416.95,16098,ITC
2025-06-04 10:24:00+05:30,416.85,417.05,416.85,417.0,11262,ITC
2025-06-04 10:25:00+05:30,416.95,417.0,416.9,417.0,5643,ITC
2025-06-04 10:26:00+05:30,416.95,417.0,416.6,416.85,11616,ITC
2025-06-04 10:27:00+05:30,416.85,416.9,416.7,416.7,5164,ITC
2025-06-04 10:28:00+05:30,416.7,417.0,416.7,416.95,8504,ITC
2025-06-04 10:29:00+05:30,416.9,417.15,416.7,417.05,20308,ITC
2025-06-04 10:30:00+05:30,417.05,417.1,416.85,417.0,13213,ITC
2025-06-04 10:31:00+05:30,417.0,417.25,416.9,417.15,30094,ITC
2025-06-04 10:32:00+05:30,417.15,417.3,416.9,417.05,29281,ITC
2025-06-04 10:33:00+05:30,417.05,417.2,416.9,417.1,26807,ITC
2025-06-04 10:34:00+05:30,417.1,417.3,416.95,417.0,29083,ITC
2025-06-04 10:35:00+05:30,417.0,417.05,416.9,417.0,8881,ITC
2025-06-04 10:36:00+05:30,417.0,417.0,416.95,417.0,5518,ITC
2025-06-04 10:37:00+05:30,417.0,417.05,416.9,417.0,13176,ITC
2025-06-04 10:38:00+05:30,416.9,417.15,416.9,417.1,8012,ITC
2025-06-04 10:39:00+05:30,417.0,417.1,416.85,417.05,9832,ITC
2025-06-04 10:40:00+05:30,416.95,417.15,416.95,417.0,7004,ITC
2025-06-04 10:41:00+05:30,417.0,417.2,416.9,417.0,11517,ITC
2025-06-04 10:42:00+05:30,417.0,417.2,416.9,417.15,10551,ITC
2025-06-04 10:43:00+05:30,417.15,417.4,417.0,417.25,22486,ITC
2025-06-04 10:44:00+05:30,417.25,417.65,417.1,417.35,84754,ITC
2025-06-04 10:45:00+05:30,417.45,418.15,417.45,418.0,412646,ITC
2025-06-04 10:46:00+05:30,418.05,418.05,417.3,417.3,41827,ITC
2025-06-04 10:47:00+05:30,417.45,417.5,417.2,417.35,7870,ITC
2025-06-04 10:48:00+05:30,417.3,417.4,417.2,417.3,11050,ITC
2025-06-04 10:49:00+05:30,417.3,417.3,417.05,417.2,23676,ITC
2025-06-04 10:50:00+05:30,417.1,417.25,417.05,417.1,5604,ITC
2025-06-04 10:51:00+05:30,417.05,417.1,417.0,417.1,8818,ITC
2025-06-04 10:52:00+05:30,417.1,417.1,417.0,417.05,6399,ITC
2025-06-04 10:53:00+05:30,417.05,417.1,417.0,417.0,8686,ITC
2025-06-04 10:54:00+05:30,417.05,417.25,416.8,416.85,50239,ITC
2025-06-04 10:55:00+05:30,416.9,417.05,416.7,416.85,17329,ITC
2025-06-04 10:56:00+05:30,416.85,417.05,416.7,416.95,14380,ITC
2025-06-04 10:57:00+05:30,416.85,416.9,416.75,416.8,4810,ITC
2025-06-04 10:58:00+05:30,416.8,416.8,416.75,416.8,7926,ITC
2025-06-04 10:59:00+05:30,416.8,417.0,415.95,416.2,720573,ITC
2025-06-04 11:00:00+05:30,416.2,416.6,416.2,416.35,74390,ITC
2025-06-04 11:01:00+05:30,416.35,416.35,416.2,416.3,21171,ITC
2025-06-04 11:02:00+05:30,416.25,416.35,416.2,416.3,10950,ITC
2025-06-04 11:03:00+05:30,416.3,416.6,416.25,416.4,24881,ITC
2025-06-04 11:04:00+05:30,416.4,416.6,416.3,416.45,11672,ITC
2025-06-04 11:05:00+05:30,416.5,416.6,416.3,416.55,11105,ITC
2025-06-04 11:06:00+05:30,416.55,416.6,416.5,416.55,7520,ITC
2025-06-04 11:07:00+05:30,416.55,416.7,416.5,416.55,11559,ITC
2025-06-04 11:08:00+05:30,416.65,416.9,416.55,416.8,15537,ITC
2025-06-04 11:09:00+05:30,416.8,416.8,416.6,416.6,8313,ITC
2025-06-04 11:10:00+05:30,416.75,416.8,416.6,416.8,19550,ITC
2025-06-04 11:11:00+05:30,416.8,417.0,416.7,417.0,23674,ITC
2025-06-04 11:12:00+05:30,417.0,417.25,416.9,417.05,17272,ITC
2025-06-04 11:13:00+05:30,417.05,417.25,417.0,417.05,19662,ITC
2025-06-04 11:14:00+05:30,417.0,417.05,417.0,417.05,7237,ITC
2025-06-04 11:15:00+05:30,417.05,417.05,417.0,417.05,10935,ITC
2025-06-04 11:16:00+05:30,417.05,417.05,416.9,417.05,30446,ITC
2025-06-04 11:17:00+05:30,417.0,417.2,417.0,417.0,18000,ITC
2025-06-04 11:18:00+05:30,417.15,417.25,417.0,417.2,14888,ITC
2025-06-04 11:19:00+05:30,417.2,417.25,417.0,417.1,12600,ITC
2025-06-04 11:20:00+05:30,417.15,417.35,417.05,417.3,12854,ITC
2025-06-04 11:21:00+05:30,417.3,417.4,417.25,417.3,4626,ITC
2025-06-04 11:22:00+05:30,417.3,417.3,417.0,417.15,85570,ITC
2025-06-04 11:23:00+05:30,417.1,417.3,417.0,417.1,40355,ITC
2025-06-04 11:24:00+05:30,417.2,417.25,417.05,417.2,4855,ITC
2025-06-04 11:25:00+05:30,417.25,417.3,417.05,417.3,7989,ITC
2025-06-04 11:26:00+05:30,417.3,417.3,417.1,417.2,5894,ITC
2025-06-04 11:27:00+05:30,417.2,417.25,417.05,417.05,6721,ITC
2025-06-04 11:28:00+05:30,417.15,417.2,417.0,417.1,4052,ITC
2025-06-04 11:29:00+05:30,417.0,417.15,417.0,417.0,3094,ITC
2025-06-04 11:30:00+05:30,417.05,417.35,417.0,417.25,20772,ITC
2025-06-04 11:31:00+05:30,417.3,417.4,417.05,417.15,18041,ITC
2025-06-04 11:32:00+05:30,417.15,417.25,417.05,417.2,12685,ITC
2025-06-04 11:33:00+05:30,417.2,417.35,417.1,417.3,11486,ITC
2025-06-04 11:34:00+05:30,417.25,417.35,417.05,417.15,12046,ITC
2025-06-04 11:35:00+05:30,417.15,417.15,417.0,417.05,8533,ITC
2025-06-04 11:36:00+05:30,417.05,417.25,417.0,417.25,11639,ITC
2025-06-04 11:37:00+05:30,417.25,417.25,417.0,417.05,5456,ITC
2025-06-04 11:38:00+05:30,417.0,417.25,417.0,417.2,8527,ITC
2025-06-04 11:39:00+05:30,417.2,417.25,417.0,417.05,6975,ITC
2025-06-04 11:40:00+05:30,417.0,417.15,417.0,417.0,6742,ITC
2025-06-04 11:41:00+05:30,417.1,417.25,417.0,417.2,13569,ITC
2025-06-04 11:42:00+05:30,417.25,417.3,417.05,417.1,13214,ITC
2025-06-04 11:43:00+05:30,417.15,417.15,417.0,417.05,5252,ITC
2025-06-04 11:44:00+05:30,417.05,417.1,417.0,417.05,8012,ITC
2025-06-04 11:45:00+05:30,417.05,417.25,417.0,417.0,15836,ITC
2025-06-04 11:46:00+05:30,417.05,417.25,417.0,417.05,8145,ITC
2025-06-04 11:47:00+05:30,417.1,417.15,417.05,417.1,4424,ITC
2025-06-04 11:48:00+05:30,417.1,417.2,417.0,417.05,10581,ITC
2025-06-04 11:49:00+05:30,417.05,417.2,417.0,417.1,13713,ITC
2025-06-04 11:50:00+05:30,417.1,417.1,417.0,417.05,5160,ITC
2025-06-04 11:51:00+05:30,417.05,417.2,417.0,417.05,12258,ITC
2025-06-04 11:52:00+05:30,417.0,417.05,416.95,417.0,14487,ITC
2025-06-04 11:53:00+05:30,417.0,417.1,416.95,417.05,4902,ITC
2025-06-04 11:54:00+05:30,417.05,417.3,416.9,417.15,14584,ITC
2025-06-04 11:55:00+05:30,417.2,417.25,417.05,417.2,9087,ITC
2025-06-04 11:56:00+05:30,417.2,417.2,417.0,417.05,9852,ITC
2025-06-04 11:57:00+05:30,417.15,417.15,417.0,417.15,5001,ITC
2025-06-04 11:58:00+05:30,417.15,417.2,417.0,417.05,6297,ITC
2025-06-04 11:59:00+05:30,417.2,417.2,417.05,417.15,5499,ITC
2025-06-04 12:00:00+05:30,417.15,417.2,417.05,417.2,5482,ITC
2025-06-04 12:01:00+05:30,417.2,417.2,417.0,417.0,15168,ITC
2025-06-04 12:02:00+05:30,417.05,417.45,416.95,417.1,50922,ITC
2025-06-04 12:03:00+05:30,417.1,417.2,417.05,417.15,3065,ITC
2025-06-04 12:04:00+05:30,417.15,417.2,417.05,417.15,3532,ITC
2025-06-04 12:05:00+05:30,417.15,417.4,417.05,417.3,19284,ITC
2025-06-04 12:06:00+05:30,417.3,417.3,417.1,417.25,10308,ITC
2025-06-04 12:07:00+05:30,417.25,417.3,417.2,417.25,7930,ITC
2025-06-04 12:08:00+05:30,417.25,417.25,417.05,417.25,9488,ITC
2025-06-04 12:09:00+05:30,417.25,417.3,417.05,417.2,5143,ITC
2025-06-04 12:10:00+05:30,417.2,417.35,417.05,417.3,16630,ITC
2025-06-04 12:11:00+05:30,417.3,417.3,417.05,417.2,12750,ITC
2025-06-04 12:12:00+05:30,417.2,417.25,417.05,417.15,7682,ITC
2025-06-04 12:13:00+05:30,417.25,417.3,417.05,417.25,6345,ITC
2025-06-04 12:14:00+05:30,417.25,417.25,417.05,417.2,5550,ITC
2025-06-04 12:15:00+05:30,417.1,417.25,417.05,417.1,3374,ITC
2025-06-04 12:16:00+05:30,417.1,417.2,417.0,417.15,6176,ITC
2025-06-04 12:17:00+05:30,417.2,417.2,417.0,417.1,19857,ITC
2025-06-04 12:18:00+05:30,417.1,417.2,417.05,417.1,5337,ITC
2025-06-04 12:19:00+05:30,417.1,417.2,417.0,417.15,8428,ITC
2025-06-04 12:20:00+05:30,417.15,417.35,417.0,417.3,49366,ITC
2025-06-04 12:21:00+05:30,417.3,417.3,417.0,417.25,23052,ITC
2025-06-04 12:22:00+05:30,417.25,417.3,417.1,417.3,11703,ITC
2025-06-04 12:23:00+05:30,417.3,417.35,417.1,417.25,28512,ITC
2025-06-04 12:24:00+05:30,417.25,417.3,417.05,417.2,13069,ITC
2025-06-04 12:25:00+05:30,417.2,417.25,417.0,417.2,21344,ITC
2025-06-04 12:26:00+05:30,417.2,417.25,417.0,417.2,5664,ITC
2025-06-04 12:27:00+05:30,417.2,417.25,417.0,417.1,4420,ITC
2025-06-04 12:28:00+05:30,417.1,417.25,417.0,417.2,8959,ITC
2025-06-04 12:29:00+05:30,417.2,417.3,417.1,417.2,4256,ITC
2025-06-04 12:30:00+05:30,417.2,417.45,417.05,417.3,39198,ITC
2025-06-04 12:31:00+05:30,417.3,417.3,417.1,417.3,6744,ITC
2025-06-04 12:32:00+05:30,417.3,417.4,417.2,417.35,17177,ITC
2025-06-04 12:33:00+05:30,417.35,417.95,417.3,417.8,98065,ITC
2025-06-04 12:34:00+05:30,417.75,417.85,417.4,417.45,33656,ITC
2025-06-04 12:35:00+05:30,417.45,417.5,417.35,417.5,7328,ITC
2025-06-04 12:36:00+05:30,417.5,417.8,416.0,417.55,2204046,ITC
2025-06-04 12:37:00+05:30,417.55,417.6,417.4,417.5,9607,ITC
2025-06-04 12:38:00+05:30,417.45,417.85,417.3,417.8,49966,ITC
2025-06-04 12:39:00+05:30,417.8,418.45,417.65,418.2,211057,ITC
2025-06-04 12:40:00+05:30,418.2,418.35,417.85,418.25,37289,ITC
2025-06-04 12:41:00+05:30,418.25,418.25,417.8,417.95,23441,ITC
2025-06-04 12:42:00+05:30,417.95,418.9,417.75,418.9,139537,ITC
2025-06-04 12:43:00+05:30,418.9,419.0,418.65,418.8,66445,ITC
2025-06-04 12:44:00+05:30,418.8,418.85,418.45,418.55,16734,ITC
2025-06-04 12:45:00+05:30,418.55,418.85,418.5,418.65,30169,ITC
2025-06-04 12:46:00+05:30,418.65,418.85,418.5,418.8,16545,ITC
2025-06-04 12:47:00+05:30,418.65,418.85,418.5,418.55,5508,ITC
2025-06-04 12:48:00+05:30,418.55,418.85,418.25,418.7,38857,ITC
2025-06-04 12:49:00+05:30,418.7,418.7,418.05,418.2,9052,ITC
2025-06-04 12:50:00+05:30,418.2,418.25,418.05,418.15,15891,ITC
2025-06-04 12:51:00+05:30,418.15,418.2,418.05,418.15,12468,ITC
2025-06-04 12:52:00+05:30,418.15,418.4,418.05,418.2,13645,ITC
2025-06-04 12:53:00+05:30,418.2,418.3,418.1,418.15,5244,ITC
2025-06-04 12:54:00+05:30,418.15,418.25,418.05,418.1,11434,ITC
2025-06-04 12:55:00+05:30,418.05,418.25,417.9,418.1,21161,ITC
2025-06-04 12:56:00+05:30,418.05,418.05,417.75,417.9,10778,ITC
2025-06-04 12:57:00+05:30,417.9,418.15,417.7,417.95,15750,ITC
2025-06-04 12:58:00+05:30,417.95,418.0,417.75,417.95,5355,ITC
2025-06-04 12:59:00+05:30,417.95,418.5,417.95,418.2,120890,ITC
2025-06-04 13:00:00+05:30,418.15,418.45,417.95,418.2,35160,ITC
2025-06-04 13:01:00+05:30,418.2,418.25,418.05,418.2,2997,ITC
2025-06-04 13:02:00+05:30,418.2,418.2,418.0,418.15,6756,ITC
2025-06-04 13:03:00+05:30,418.15,418.15,418.0,418.15,3110,ITC
2025-06-04 13:04:00+05:30,418.15,418.5,418.0,418.3,18790,ITC
2025-06-04 13:05:00+05:30,418.3,418.45,418.15,418.4,11851,ITC
2025-06-04 13:06:00+05:30,418.4,418.45,418.25,418.35,5767,ITC
2025-06-04 13:07:00+05:30,418.35,418.55,418.25,418.35,9975,ITC
2025-06-04 13:08:00+05:30,418.35,418.4,418.2,418.35,5586,ITC
2025-06-04 13:09:00+05:30,418.35,418.35,418.2,418.35,7063,ITC
2025-06-04 13:10:00+05:30,418.3,418.35,418.2,418.3,7573,ITC
2025-06-04 13:11:00+05:30,418.3,418.35,418.2,418.3,4242,ITC
2025-06-04 13:12:00+05:30,418.25,418.4,418.2,418.4,13399,ITC
2025-06-04 13:13:00+05:30,418.4,418.4,418.2,418.3,4204,ITC
2025-06-04 13:14:00+05:30,418.3,418.35,418.2,418.35,6191,ITC
2025-06-04 13:15:00+05:30,418.35,418.45,418.2,418.4,17915,ITC
2025-06-04 13:16:00+05:30,418.4,418.4,418.0,418.15,46184,ITC
2025-06-04 13:17:00+05:30,418.15,418.3,418.0,418.3,14420,ITC
2025-06-04 13:18:00+05:30,418.25,418.35,418.1,418.25,11525,ITC
2025-06-04 13:19:00+05:30,418.25,418.35,418.1,418.3,40577,ITC
2025-06-04 13:20:00+05:30,418.3,418.3,418.1,418.2,22201,ITC
2025-06-04 13:21:00+05:30,418.2,418.25,418.0,418.15,20134,ITC
2025-06-04 13:22:00+05:30,418.05,418.15,417.85,417.95,8150,ITC
2025-06-04 13:23:00+05:30,417.85,417.95,417.75,417.95,11136,ITC
2025-06-04 13:24:00+05:30,417.85,418.2,417.75,417.95,19657,ITC
2025-06-04 13:25:00+05:30,417.95,418.15,417.8,418.0,11003,ITC
2025-06-04 13:26:00+05:30,418.0,418.15,417.8,418.0,12525,ITC
2025-06-04 13:27:00+05:30,418.0,418.0,417.85,418.0,7121,ITC
2025-06-04 13:28:00+05:30,418.0,418.2,417.85,418.1,9992,ITC
2025-06-04 13:29:00+05:30,418.1,418.1,417.95,418.1,5606,ITC
2025-06-04 13:30:00+05:30,418.1,418.3,418.0,418.1,13107,ITC
2025-06-04 13:31:00+05:30,418.1,418.15,418.0,418.15,5985,ITC
2025-06-04 13:32:00+05:30,418.15,418.3,418.05,418.2,9933,ITC
2025-06-04 13:33:00+05:30,418.2,418.2,418.05,418.1,2745,ITC
2025-06-04 13:34:00+05:30,418.15,418.15,418.0,418.1,14051,ITC
2025-06-04 13:35:00+05:30,418.1,418.15,418.0,418.15,8325,ITC
2025-06-04 13:36:00+05:30,418.15,418.15,417.85,417.9,22055,ITC
2025-06-04 13:37:00+05:30,417.9,417.95,417.8,417.9,10545,ITC
2025-06-04 13:38:00+05:30,417.85,417.95,417.75,417.9,9315,ITC
2025-06-04 13:39:00+05:30,417.9,418.05,417.75,417.95,19505,ITC
2025-06-04 13:40:00+05:30,417.9,418.05,417.75,417.9,8830,ITC
2025-06-04 13:41:00+05:30,417.9,417.9,417.55,417.75,9956,ITC
2025-06-04 13:42:00+05:30,417.75,417.8,417.6,417.8,4247,ITC
2025-06-04 13:43:00+05:30,417.75,418.0,417.75,417.95,4039,ITC
2025-06-04 13:44:00+05:30,417.85,418.25,417.7,418.05,18930,ITC
2025-06-04 13:45:00+05:30,418.05,418.05,417.85,418.0,4324,ITC
2025-06-04 13:46:00+05:30,418.0,418.1,417.85,418.05,10209,ITC
2025-06-04 13:47:00+05:30,417.95,418.15,417.85,418.0,6703,ITC
2025-06-04 13:48:00+05:30,418.0,418.25,417.9,418.1,12039,ITC
2025-06-04 13:49:00+05:30,418.1,418.2,417.9,418.2,7954,ITC
2025-06-04 13:50:00+05:30,418.0,418.2,417.95,418.15,2202,ITC
2025-06-04 13:51:00+05:30,418.15,418.15,417.9,418.0,11255,ITC
2025-06-04 13:52:00+05:30,418.0,418.2,417.9,418.15,15367,ITC
2025-06-04 13:53:00+05:30,418.1,418.2,417.9,418.15,8732,ITC
2025-06-04 13:54:00+05:30,418.1,418.15,417.9,418.0,9885,ITC
2025-06-04 13:55:00+05:30,418.05,418.1,417.85,418.1,8155,ITC
2025-06-04 13:56:00+05:30,418.1,418.3,418.0,418.3,27011,ITC
2025-06-04 13:57:00+05:30,418.3,418.3,418.2,418.25,5035,ITC
2025-06-04 13:58:00+05:30,418.25,418.3,418.2,418.25,4028,ITC
2025-06-04 13:59:00+05:30,418.25,418.3,418.2,418.3,10960,ITC
2025-06-04 14:00:00+05:30,418.2,418.6,418.2,418.35,32749,ITC
2025-06-04 14:01:00+05:30,418.35,418.5,418.2,418.4,10158,ITC
2025-06-04 14:02:00+05:30,418.3,418.4,418.2,418.25,12796,ITC
2025-06-04 14:03:00+05:30,418.25,418.4,418.2,418.4,5841,ITC
2025-06-04 14:04:00+05:30,418.4,418.5,418.25,418.4,10731,ITC
2025-06-04 14:05:00+05:30,418.4,418.5,418.3,418.5,4530,ITC
2025-06-04 14:06:00+05:30,418.5,418.5,418.3,418.4,6176,ITC
2025-06-04 14:07:00+05:30,418.35,418.7,418.25,418.6,20210,ITC
2025-06-04 14:08:00+05:30,418.5,418.6,418.25,418.5,39581,ITC
2025-06-04 14:09:00+05:30,418.5,418.55,418.3,418.5,6455,ITC
2025-06-04 14:10:00+05:30,418.45,418.5,418.1,418.35,22354,ITC
2025-06-04 14:11:00+05:30,418.35,418.35,418.0,418.2,11941,ITC
2025-06-04 14:12:00+05:30,418.0,418.25,417.9,418.15,9348,ITC
2025-06-04 14:13:00+05:30,418.15,418.35,418.05,418.3,12517,ITC
2025-06-04 14:14:00+05:30,418.1,418.3,418.05,418.15,2912,ITC
2025-06-04 14:15:00+05:30,418.15,418.35,418.05,418.15,7650,ITC
2025-06-04 14:16:00+05:30,418.15,418.4,418.05,418.3,17929,ITC
2025-06-04 14:17:00+05:30,418.3,418.35,418.1,418.3,9574,ITC
2025-06-04 14:18:00+05:30,418.2,418.3,418.05,418.2,8267,ITC
2025-06-04 14:19:00+05:30,418.2,418.35,418.1,418.3,6560,ITC
2025-06-04 14:20:00+05:30,418.3,418.45,418.15,418.35,9221,ITC
2025-06-04 14:21:00+05:30,418.35,418.4,418.1,418.35,22691,ITC
2025-06-04 14:22:00+05:30,418.35,418.35,418.05,418.25,6044,ITC
2025-06-04 14:23:00+05:30,418.2,418.3,418.05,418.1,7375,ITC
2025-06-04 14:24:00+05:30,418.2,418.3,418.05,418.2,17453,ITC
2025-06-04 14:25:00+05:30,418.2,418.2,417.75,417.9,29237,ITC
2025-06-04 14:26:00+05:30,417.9,418.0,417.7,417.95,16103,ITC
2025-06-04 14:27:00+05:30,417.9,417.95,417.8,417.9,5177,ITC
2025-06-04 14:28:00+05:30,417.8,417.95,417.8,417.95,10006,ITC
2025-06-04 14:29:00+05:30,417.95,417.95,417.65,417.8,17412,ITC
2025-06-04 14:30:00+05:30,417.8,417.95,417.7,417.8,23822,ITC
2025-06-04 14:31:00+05:30,417.8,417.9,417.7,417.9,7450,ITC
2025-06-04 14:32:00+05:30,417.9,417.9,417.75,417.8,9194,ITC
2025-06-04 14:33:00+05:30,417.9,418.1,417.8,418.05,21213,ITC
2025-06-04 14:34:00+05:30,418.0,418.1,418.0,418.1,17749,ITC
2025-06-04 14:35:00+05:30,418.1,418.1,418.0,418.05,7489,ITC
2025-06-04 14:36:00+05:30,418.05,418.05,417.9,417.95,6697,ITC
2025-06-04 14:37:00+05:30,417.9,418.1,417.9,418.05,34858,ITC
2025-06-04 14:38:00+05:30,418.05,418.1,418.0,418.1,5963,ITC
2025-06-04 14:39:00+05:30,418.1,418.15,418.0,418.1,8774,ITC
2025-06-04 14:40:00+05:30,418.0,418.2,418.0,418.05,33267,ITC
2025-06-04 14:41:00+05:30,418.05,418.05,417.7,417.8,20614,ITC
2025-06-04 14:42:00+05:30,417.8,417.8,417.7,417.75,5583,ITC
2025-06-04 14:43:00+05:30,417.7,417.9,417.65,417.9,15729,ITC
2025-06-04 14:44:00+05:30,417.9,417.95,417.7,417.9,3748,ITC
2025-06-04 14:45:00+05:30,417.9,418.0,417.7,417.95,16622,ITC
2025-06-04 14:46:00+05:30,417.95,417.95,417.75,417.8,10710,ITC
2025-06-04 14:47:00+05:30,417.75,417.9,417.65,417.8,20960,ITC
2025-06-04 14:48:00+05:30,417.75,417.9,417.65,417.9,31118,ITC
2025-06-04 14:49:00+05:30,417.9,418.0,417.75,417.9,20964,ITC
2025-06-04 14:50:00+05:30,417.9,418.0,417.75,417.9,18042,ITC
2025-06-04 14:51:00+05:30,417.9,418.0,417.85,417.95,24372,ITC
2025-06-04 14:52:00+05:30,417.95,417.95,417.75,417.9,15087,ITC
2025-06-04 14:53:00+05:30,417.9,417.9,417.75,417.85,10009,ITC
2025-06-04 14:54:00+05:30,417.8,417.85,417.75,417.85,8884,ITC
2025-06-04 14:55:00+05:30,417.75,417.85,417.75,417.8,22509,ITC
2025-06-04 14:56:00+05:30,417.8,417.85,417.75,417.8,54585,ITC
2025-06-04 14:57:00+05:30,417.8,417.8,417.75,417.8,58483,ITC
2025-06-04 14:58:00+05:30,417.8,417.8,417.75,417.8,20523,ITC
2025-06-04 14:59:00+05:30,417.8,417.8,417.75,417.8,14793,ITC
2025-06-04 15:00:00+05:30,417.8,417.85,417.25,417.3,241540,ITC
2025-06-04 15:01:00+05:30,417.45,417.5,417.35,417.5,59099,ITC
2025-06-04 15:02:00+05:30,417.5,417.5,417.35,417.4,54380,ITC
2025-06-04 15:03:00+05:30,417.4,417.4,417.1,417.25,76860,ITC
2025-06-04 15:04:00+05:30,417.25,417.3,417.05,417.3,152798,ITC
2025-06-04 15:05:00+05:30,417.25,417.55,417.15,417.5,246704,ITC
2025-06-04 15:06:00+05:30,417.5,417.55,417.4,417.55,34926,ITC
2025-06-04 15:07:00+05:30,417.55,417.6,417.5,417.6,75729,ITC
2025-06-04 15:08:00+05:30,417.55,417.6,417.35,417.45,76962,ITC
2025-06-04 15:09:00+05:30,417.45,418.05,417.35,417.8,196187,ITC
2025-06-04 15:10:00+05:30,417.7,417.7,417.5,417.55,56573,ITC
2025-06-04 15:11:00+05:30,417.6,417.6,417.45,417.55,40423,ITC
2025-06-04 15:12:00+05:30,417.55,417.6,417.45,417.55,79449,ITC
2025-06-04 15:13:00+05:30,417.5,417.55,417.35,417.45,65991,ITC
2025-06-04 15:14:00+05:30,417.45,417.5,417.35,417.4,85531,ITC
2025-06-04 15:15:00+05:30,417.4,417.4,417.05,417.15,119245,ITC
2025-06-04 15:16:00+05:30,417.1,417.2,416.9,417.05,100400,ITC
2025-06-04 15:17:00+05:30,417.05,417.05,416.45,416.75,155369,ITC
2025-06-04 15:18:00+05:30,416.8,416.8,416.25,416.5,114041,ITC
2025-06-04 15:19:00+05:30,416.5,416.55,416.3,416.4,98252,ITC
2025-06-04 15:20:00+05:30,416.4,416.45,416.15,416.45,152916,ITC
2025-06-04 15:21:00+05:30,416.45,416.5,416.35,416.45,105363,ITC
2025-06-04 15:22:00+05:30,416.5,416.5,416.35,416.45,45352,ITC
2025-06-04 15:23:00+05:30,416.45,416.45,416.1,416.15,88540,ITC
2025-06-04 15:24:00+05:30,416.2,416.3,416.05,416.2,109403,ITC
2025-06-04 15:25:00+05:30,416.2,416.55,416.05,416.5,160019,ITC
2025-06-04 15:26:00+05:30,416.5,416.5,416.2,416.4,107268,ITC
2025-06-04 15:27:00+05:30,416.4,416.65,416.2,416.65,87228,ITC
2025-06-04 15:28:00+05:30,416.65,417.0,416.45,416.9,54619,ITC
2025-06-04 15:29:00+05:30,416.95,416.95,416.8,416.8,28869,ITC
2025-06-05 09:15:00+05:30,418.5,418.5,417.1,417.25,94554,ITC
2025-06-05 09:16:00+05:30,417.25,417.3,416.1,416.35,88155,ITC
2025-06-05 09:17:00+05:30,416.15,416.95,416.15,416.8,50361,ITC
2025-06-05 09:18:00+05:30,416.7,416.75,416.45,416.7,38411,ITC
2025-06-05 09:19:00+05:30,416.7,417.0,416.05,416.15,108033,ITC
2025-06-05 09:20:00+05:30,416.1,416.3,415.75,416.2,104885,ITC
2025-06-05 09:21:00+05:30,416.2,416.5,416.15,416.5,36468,ITC
2025-06-05 09:22:00+05:30,416.5,416.5,416.15,416.45,26204,ITC
2025-06-05 09:23:00+05:30,416.45,416.45,416.3,416.35,36055,ITC
2025-06-05 09:24:00+05:30,416.35,416.85,416.3,416.75,61920,ITC
2025-06-05 09:25:00+05:30,416.85,417.2,416.75,417.2,53780,ITC
2025-06-05 09:26:00+05:30,417.2,417.25,416.85,416.95,33993,ITC
2025-06-05 09:27:00+05:30,416.95,417.4,416.8,417.3,36058,ITC
2025-06-05 09:28:00+05:30,417.3,417.5,417.05,417.3,60713,ITC
2025-06-05 09:29:00+05:30,417.4,417.65,417.25,417.55,44509,ITC
2025-06-05 09:30:00+05:30,417.55,417.6,417.15,417.35,41393,ITC
2025-06-05 09:31:00+05:30,417.35,417.8,417.25,417.75,91962,ITC
2025-06-05 09:32:00+05:30,417.55,417.8,417.4,417.5,22058,ITC
2025-06-05 09:33:00+05:30,417.5,417.8,417.5,417.75,57634,ITC
2025-06-05 09:34:00+05:30,417.75,417.95,417.7,417.8,27477,ITC
2025-06-05 09:35:00+05:30,417.75,417.8,417.7,417.75,10466,ITC
2025-06-05 09:36:00+05:30,417.75,417.75,417.55,417.6,17620,ITC
2025-06-05 09:37:00+05:30,417.55,417.6,417.25,417.55,13031,ITC
2025-06-05 09:38:00+05:30,417.55,417.65,417.45,417.6,26489,ITC
2025-06-05 09:39:00+05:30,417.5,417.65,417.4,417.65,31129,ITC
2025-06-05 09:40:00+05:30,417.65,417.85,417.55,417.85,26041,ITC
2025-06-05 09:41:00+05:30,417.85,417.85,417.55,417.75,36947,ITC
2025-06-05 09:42:00+05:30,417.75,417.85,417.55,417.7,33012,ITC
2025-06-05 09:43:00+05:30,417.8,417.85,417.6,417.7,11583,ITC
2025-06-05 09:44:00+05:30,417.7,417.95,417.65,417.85,23245,ITC
2025-06-05 09:45:00+05:30,417.9,418.0,417.85,417.95,12593,ITC
2025-06-05 09:46:00+05:30,417.95,417.95,417.65,417.75,15184,ITC
2025-06-05 09:47:00+05:30,417.75,417.75,417.6,417.65,6497,ITC
2025-06-05 09:48:00+05:30,417.7,417.75,417.55,417.65,13967,ITC
2025-06-05 09:49:00+05:30,417.6,417.7,417.55,417.7,8123,ITC
2025-06-05 09:50:00+05:30,417.65,417.65,417.55,417.65,8556,ITC
2025-06-05 09:51:00+05:30,417.65,417.65,417.5,417.5,9745,ITC
2025-06-05 09:52:00+05:30,417.5,417.6,417.45,417.6,12024,ITC
2025-06-05 09:53:00+05:30,417.6,417.75,417.5,417.55,23737,ITC
2025-06-05 09:54:00+05:30,417.65,417.75,417.55,417.55,16698,ITC
2025-06-05 09:55:00+05:30,417.7,417.7,417.2,417.2,35795,ITC
2025-06-05 09:56:00+05:30,417.4,417.4,417.25,417.35,17045,ITC
2025-06-05 09:57:00+05:30,417.4,417.6,417.35,417.6,29534,ITC
2025-06-05 09:58:00+05:30,417.6,417.7,417.55,417.55,14744,ITC
2025-06-05 09:59:00+05:30,417.6,417.8,417.5,417.75,35703,ITC
2025-06-05 10:00:00+05:30,417.8,417.9,417.75,417.75,22730,ITC
2025-06-05 10:01:00+05:30,417.8,417.8,417.5,417.6,20499,ITC
2025-06-05 10:02:00+05:30,417.6,417.6,417.5,417.55,6757,ITC
2025-06-05 10:03:00+05:30,417.5,417.55,417.5,417.55,6883,ITC
2025-06-05 10:04:00+05:30,417.5,417.55,417.3,417.4,74178,ITC
2025-06-05 10:05:00+05:30,417.4,417.55,417.4,417.4,17019,ITC
2025-06-05 10:06:00+05:30,417.5,417.5,417.4,417.45,4480,ITC
2025-06-05 10:07:00+05:30,417.45,417.55,417.4,417.5,30468,ITC
2025-06-05 10:08:00+05:30,417.5,417.5,417.4,417.4,5982,ITC
2025-06-05 10:09:00+05:30,417.5,417.5,417.3,417.3,9506,ITC
2025-06-05 10:10:00+05:30,417.4,417.4,417.25,417.35,10410,ITC
2025-06-05 10:11:00+05:30,417.25,417.35,417.25,417.25,6924,ITC
2025-06-05 10:12:00+05:30,417.3,417.35,417.25,417.3,5464,ITC
2025-06-05 10:13:00+05:30,417.3,417.3,417.0,417.1,30285,ITC
2025-06-05 10:14:00+05:30,417.1,417.1,417.0,417.0,9172,ITC
2025-06-05 10:15:00+05:30,417.0,417.4,417.0,417.3,23096,ITC
2025-06-05 10:16:00+05:30,417.3,417.35,417.15,417.25,6434,ITC
2025-06-05 10:17:00+05:30,417.25,417.3,417.2,417.3,7491,ITC
2025-06-05 10:18:00+05:30,417.3,417.45,417.1,417.15,24494,ITC
2025-06-05 10:19:00+05:30,417.15,417.15,417.05,417.05,7825,ITC
2025-06-05 10:20:00+05:30,417.1,417.1,417.0,417.05,7883,ITC
2025-06-05 10:21:00+05:30,417.05,417.15,417.0,417.0,6811,ITC
2025-06-05 10:22:00+05:30,417.1,417.15,417.05,417.15,4272,ITC
2025-06-05 10:23:00+05:30,417.1,417.15,416.8,417.0,36802,ITC
2025-06-05 10:24:00+05:30,417.05,417.15,416.85,416.95,37336,ITC
2025-06-05 10:25:00+05:30,416.95,417.15,416.9,417.0,53684,ITC
2025-06-05 10:26:00+05:30,417.1,417.1,416.9,417.0,20729,ITC
2025-06-05 10:27:00+05:30,417.0,417.05,416.85,416.95,16888,ITC
2025-06-05 10:28:00+05:30,416.95,417.05,416.85,416.95,18279,ITC
2025-06-05 10:29:00+05:30,417.0,417.0,416.85,416.85,12032,ITC
2025-06-05 10:30:00+05:30,416.85,417.05,416.85,416.9,15769,ITC
2025-06-05 10:31:00+05:30,416.95,417.15,416.75,417.15,48970,ITC
2025-06-05 10:32:00+05:30,417.1,417.55,417.1,417.35,37614,ITC
2025-06-05 10:33:00+05:30,417.4,417.55,417.35,417.45,11987,ITC
2025-06-05 10:34:00+05:30,417.45,417.5,417.35,417.5,12128,ITC
2025-06-05 10:35:00+05:30,417.5,417.55,417.45,417.55,12197,ITC
2025-06-05 10:36:00+05:30,417.5,417.55,417.1,417.35,17516,ITC
2025-06-05 10:37:00+05:30,417.3,417.45,417.25,417.45,10803,ITC
2025-06-05 10:38:00+05:30,417.45,417.5,417.15,417.3,30850,ITC
2025-06-05 10:39:00+05:30,417.3,417.45,417.2,417.35,25261,ITC
2025-06-05 10:40:00+05:30,417.35,417.4,417.25,417.4,10326,ITC
2025-06-05 10:41:00+05:30,417.4,417.4,417.3,417.4,11639,ITC
2025-06-05 10:42:00+05:30,417.35,417.5,417.35,417.5,11998,ITC
2025-06-05 10:43:00+05:30,417.45,417.6,417.25,417.45,60653,ITC
2025-06-05 10:44:00+05:30,417.45,417.65,417.35,417.6,9804,ITC
2025-06-05 10:45:00+05:30,417.6,417.85,417.45,417.8,24488,ITC
2025-06-05 10:46:00+05:30,417.75,417.85,417.65,417.7,16561,ITC
2025-06-05 10:47:00+05:30,417.7,417.75,417.55,417.55,12771,ITC
2025-06-05 10:48:00+05:30,417.75,417.8,417.55,417.8,13880,ITC
2025-06-05 10:49:00+05:30,417.8,417.8,417.55,417.75,10571,ITC
2025-06-05 10:50:00+05:30,417.75,417.8,417.6,417.7,11796,ITC
2025-06-05 10:51:00+05:30,417.75,417.75,417.55,417.55,12926,ITC
2025-06-05 10:52:00+05:30,417.65,417.7,417.35,417.5,19844,ITC
2025-06-05 10:53:00+05:30,417.4,417.5,417.3,417.5,15852,ITC
2025-06-05 10:54:00+05:30,417.45,417.5,417.3,417.5,15419,ITC
2025-06-05 10:55:00+05:30,417.5,417.6,417.4,417.55,13014,ITC
2025-06-05 10:56:00+05:30,417.55,417.75,417.5,417.75,20300,ITC
2025-06-05 10:57:00+05:30,417.7,417.75,417.4,417.55,19447,ITC
2025-06-05 10:58:00+05:30,417.7,417.75,417.3,417.5,15224,ITC
2025-06-05 10:59:00+05:30,417.5,417.65,417.35,417.5,18418,ITC
2025-06-05 11:00:00+05:30,417.6,417.6,417.4,417.6,14479,ITC
2025-06-05 11:01:00+05:30,417.6,417.6,417.3,417.4,12495,ITC
2025-06-05 11:02:00+05:30,417.35,417.4,417.2,417.35,19702,ITC
2025-06-05 11:03:00+05:30,417.35,417.35,417.2,417.35,16402,ITC
2025-06-05 11:04:00+05:30,417.3,417.5,417.3,417.45,9406,ITC
2025-06-05 11:05:00+05:30,417.45,417.45,417.15,417.4,25420,ITC
2025-06-05 11:06:00+05:30,417.35,417.4,417.25,417.35,29265,ITC
2025-06-05 11:07:00+05:30,417.4,417.5,417.3,417.5,9243,ITC
2025-06-05 11:08:00+05:30,417.5,417.5,417.3,417.5,16542,ITC
2025-06-05 11:09:00+05:30,417.5,417.5,417.25,417.35,22896,ITC
2025-06-05 11:10:00+05:30,417.35,417.35,417.2,417.3,14977,ITC
2025-06-05 11:11:00+05:30,417.3,417.35,417.2,417.2,10675,ITC
2025-06-05 11:12:00+05:30,417.2,417.25,417.05,417.15,12092,ITC
2025-06-05 11:13:00+05:30,417.1,417.15,416.65,417.0,62781,ITC
2025-06-05 11:14:00+05:30,416.95,417.0,416.85,417.0,10072,ITC
2025-06-05 11:15:00+05:30,417.0,417.0,416.9,416.95,35754,ITC
2025-06-05 11:16:00+05:30,417.0,417.0,416.95,417.0,8871,ITC
2025-06-05 11:17:00+05:30,416.95,417.0,416.95,417.0,15337,ITC
2025-06-05 11:18:00+05:30,417.0,417.0,416.95,417.0,24050,ITC
2025-06-05 11:19:00+05:30,417.0,417.0,416.95,417.0,13584,ITC
2025-06-05 11:20:00+05:30,416.95,417.0,416.95,417.0,21220,ITC
2025-06-05 11:21:00+05:30,417.0,417.0,416.95,416.95,25417,ITC
2025-06-05 11:22:00+05:30,417.0,417.05,416.95,417.0,54437,ITC
2025-06-05 11:23:00+05:30,417.0,417.05,416.95,417.0,29750,ITC
2025-06-05 11:24:00+05:30,417.0,417.0,416.95,416.95,22763,ITC
2025-06-05 11:25:00+05:30,417.0,417.35,416.95,417.0,150735,ITC
2025-06-05 11:26:00+05:30,417.05,417.05,416.9,416.9,26372,ITC
2025-06-05 11:27:00+05:30,416.9,417.0,416.9,416.95,13958,ITC
2025-06-05 11:28:00+05:30,417.0,417.0,416.9,416.95,9074,ITC
2025-06-05 11:29:00+05:30,417.0,417.95,416.9,417.05,187696,ITC
2025-06-05 11:30:00+05:30,417.2,417.55,417.05,417.45,25705,ITC
2025-06-05 11:31:00+05:30,417.55,417.8,417.4,417.8,16242,ITC
2025-06-05 11:32:00+05:30,417.75,417.85,417.4,417.6,21781,ITC
2025-06-05 11:33:00+05:30,417.6,417.75,417.5,417.7,14862,ITC
2025-06-05 11:34:00+05:30,417.75,418.0,417.65,418.0,46469,ITC
2025-06-05 11:35:00+05:30,417.95,418.0,417.65,417.8,116942,ITC
2025-06-05 11:36:00+05:30,418.0,418.0,417.8,417.9,22974,ITC
2025-06-05 11:37:00+05:30,417.85,418.0,417.75,417.95,15022,ITC
2025-06-05 11:38:00+05:30,418.0,418.0,417.6,417.85,58338,ITC
2025-06-05 11:39:00+05:30,417.85,418.6,417.65,418.5,166369,ITC
2025-06-05 11:40:00+05:30,418.5,418.65,418.5,418.65,30705,ITC
2025-06-05 11:41:00+05:30,418.65,419.0,418.6,418.95,74318,ITC
2025-06-05 11:42:00+05:30,418.95,419.0,418.6,418.6,38906,ITC
2025-06-05 11:43:00+05:30,418.8,418.8,418.6,418.75,13685,ITC
2025-06-05 11:44:00+05:30,418.75,418.75,418.55,418.75,16307,ITC
2025-06-05 11:45:00+05:30,418.75,419.0,418.65,418.9,26071,ITC
2025-06-05 11:46:00+05:30,418.95,419.15,418.9,419.15,59200,ITC
2025-06-05 11:47:00+05:30,419.1,419.15,418.8,418.9,23432,ITC
2025-06-05 11:48:00+05:30,418.8,418.95,418.8,418.95,15222,ITC
2025-06-05 11:49:00+05:30,418.95,418.95,418.8,418.8,29139,ITC
2025-06-05 11:50:00+05:30,418.85,418.95,418.8,418.9,17760,ITC
2025-06-05 11:51:00+05:30,418.9,418.95,418.55,418.6,16721,ITC
2025-06-05 11:52:00+05:30,418.65,418.75,418.5,418.6,26896,ITC
2025-06-05 11:53:00+05:30,418.6,418.65,418.5,418.65,13010,ITC
2025-06-05 11:54:00+05:30,418.65,418.75,418.5,418.7,18879,ITC
2025-06-05 11:55:00+05:30,418.75,418.75,418.4,418.4,15860,ITC
2025-06-05 11:56:00+05:30,418.4,418.7,418.4,418.5,17897,ITC
2025-06-05 11:57:00+05:30,418.5,418.7,418.45,418.6,12082,ITC
2025-06-05 11:58:00+05:30,418.7,418.7,418.5,418.7,12670,ITC
2025-06-05 11:59:00+05:30,418.7,418.95,418.55,418.95,20429,ITC
2025-06-05 12:00:00+05:30,418.95,418.95,418.6,418.65,16344,ITC
2025-06-05 12:01:00+05:30,418.8,418.85,418.65,418.85,11053,ITC
2025-06-05 12:02:00+05:30,418.85,418.9,418.6,418.9,25125,ITC
2025-06-05 12:03:00+05:30,418.9,419.7,418.85,419.4,135572,ITC
2025-06-05 12:04:00+05:30,419.45,419.8,419.45,419.55,60237,ITC
2025-06-05 12:05:00+05:30,419.6,419.8,419.6,419.7,21082,ITC
2025-06-05 12:06:00+05:30,419.7,420.2,419.65,420.0,124830,ITC
2025-06-05 12:07:00+05:30,420.0,420.2,419.8,419.95,32648,ITC
2025-06-05 12:08:00+05:30,419.95,420.2,419.75,419.95,42373,ITC
2025-06-05 12:09:00+05:30,419.95,419.95,419.75,419.8,12250,ITC
2025-06-05 12:10:00+05:30,419.9,419.9,419.75,419.8,10405,ITC
2025-06-05 12:11:00+05:30,419.85,420.2,419.75,420.2,82707,ITC
2025-06-05 12:12:00+05:30,420.15,420.55,420.15,420.5,59507,ITC
2025-06-05 12:13:00+05:30,420.5,420.8,420.3,420.5,82177,ITC
2025-06-05 12:14:00+05:30,420.5,420.6,420.2,420.5,26229,ITC
2025-06-05 12:15:00+05:30,420.5,420.6,420.35,420.55,27789,ITC
2025-06-05 12:16:00+05:30,420.6,420.95,420.4,420.85,68099,ITC
2025-06-05 12:17:00+05:30,420.85,420.85,420.25,420.5,58242,ITC
2025-06-05 12:18:00+05:30,420.5,420.6,419.95,420.0,46638,ITC
2025-06-05 12:19:00+05:30,420.0,420.35,420.0,420.05,21514,ITC
2025-06-05 12:20:00+05:30,420.05,420.4,420.0,420.1,55111,ITC
2025-06-05 12:21:00+05:30,420.25,420.25,420.05,420.05,11977,ITC
2025-06-05 12:22:00+05:30,420.15,420.2,420.05,420.1,23213,ITC
2025-06-05 12:23:00+05:30,420.15,420.35,420.1,420.15,27742,ITC
2025-06-05 12:24:00+05:30,420.3,420.3,420.0,420.2,19472,ITC
2025-06-05 12:25:00+05:30,420.2,420.2,420.0,420.05,13710,ITC
2025-06-05 12:26:00+05:30,420.15,420.15,419.7,419.7,88584,ITC
2025-06-05 12:27:00+05:30,419.7,419.85,419.35,419.5,61477,ITC
2025-06-05 12:28:00+05:30,419.6,419.8,419.45,419.55,15591,ITC
2025-06-05 12:29:00+05:30,419.55,419.85,419.45,419.85,14159,ITC
2025-06-05 12:30:00+05:30,419.85,420.1,419.75,420.0,56045,ITC
2025-06-05 12:31:00+05:30,420.0,420.05,419.7,419.75,61663,ITC
2025-06-05 12:32:00+05:30,419.7,419.95,419.55,419.95,21741,ITC
2025-06-05 12:33:00+05:30,419.9,420.05,419.8,420.0,40982,ITC
2025-06-05 12:34:00+05:30,420.05,420.1,419.6,420.0,77191,ITC
2025-06-05 12:35:00+05:30,420.05,420.05,420.0,420.0,19804,ITC
2025-06-05 12:36:00+05:30,420.0,420.05,419.8,419.8,27988,ITC
2025-06-05 12:37:00+05:30,419.9,420.0,419.8,419.95,10033,ITC
2025-06-05 12:38:00+05:30,419.9,420.05,419.8,419.8,18418,ITC
2025-06-05 12:39:00+05:30,419.8,420.0,419.65,419.85,17057,ITC
2025-06-05 12:40:00+05:30,419.75,420.0,419.65,420.0,17692,ITC
2025-06-05 12:41:00+05:30,419.95,420.2,419.85,420.05,35066,ITC
2025-06-05 12:42:00+05:30,420.1,420.15,420.0,420.05,19264,ITC
2025-06-05 12:43:00+05:30,420.0,420.1,419.9,420.05,17720,ITC
2025-06-05 12:44:00+05:30,420.0,420.05,419.9,420.0,11159,ITC
2025-06-05 12:45:00+05:30,419.9,420.05,419.75,420.0,22730,ITC
2025-06-05 12:46:00+05:30,420.05,420.05,420.0,420.0,37991,ITC
2025-06-05 12:47:00+05:30,420.0,420.15,420.0,420.1,22647,ITC
2025-06-05 12:48:00+05:30,420.15,420.15,420.0,420.0,10910,ITC
2025-06-05 12:49:00+05:30,420.05,420.05,420.0,420.0,18813,ITC
2025-06-05 12:50:00+05:30,420.0,420.05,419.85,419.85,47896,ITC
2025-06-05 12:51:00+05:30,419.9,420.0,419.75,419.8,9465,ITC
2025-06-05 12:52:00+05:30,419.9,420.0,419.75,419.95,13399,ITC
2025-06-05 12:53:00+05:30,419.9,420.0,419.8,420.0,9056,ITC
2025-06-05 12:54:00+05:30,420.0,420.05,419.8,420.0,16727,ITC
2025-06-05 12:55:00+05:30,420.0,420.1,419.7,419.7,22857,ITC
2025-06-05 12:56:00+05:30,419.7,420.0,419.7,420.0,18538,ITC
2025-06-05 12:57:00+05:30,419.95,420.0,419.55,419.55,29249,ITC
2025-06-05 12:58:00+05:30,419.55,419.8,419.55,419.65,22858,ITC
2025-06-05 12:59:00+05:30,419.65,419.8,419.5,419.7,27380,ITC
2025-06-05 13:00:00+05:30,419.6,419.95,419.55,419.7,15165,ITC
2025-06-05 13:01:00+05:30,419.8,419.85,419.6,419.7,14348,ITC
2025-06-05 13:02:00+05:30,419.65,419.95,419.6,419.85,12486,ITC
2025-06-05 13:03:00+05:30,419.85,419.95,419.8,419.85,13603,ITC
2025-06-05 13:04:00+05:30,419.95,420.0,419.8,420.0,20253,ITC
2025-06-05 13:05:00+05:30,420.0,420.15,419.95,420.0,86473,ITC
2025-06-05 13:06:00+05:30,420.0,420.1,419.95,420.0,13695,ITC
2025-06-05 13:07:00+05:30,420.0,420.05,419.95,420.0,25387,ITC
2025-06-05 13:08:00+05:30,419.95,420.0,419.8,419.95,28690,ITC
2025-06-05 13:09:00+05:30,419.95,419.95,419.7,419.8,110679,ITC
2025-06-05 13:10:00+05:30,419.8,419.85,419.7,419.75,42749,ITC
2025-06-05 13:11:00+05:30,419.7,419.9,419.7,419.8,12182,ITC
2025-06-05 13:12:00+05:30,419.75,419.95,419.7,419.85,26007,ITC
2025-06-05 13:13:00+05:30,419.9,419.9,419.15,419.3,95716,ITC
2025-06-05 13:14:00+05:30,419.25,419.35,419.0,419.05,21221,ITC
2025-06-05 13:15:00+05:30,419.0,419.5,419.0,419.25,32542,ITC
2025-06-05 13:16:00+05:30,419.2,419.45,419.2,419.25,20927,ITC
2025-06-05 13:17:00+05:30,419.2,419.35,419.1,419.35,13029,ITC
2025-06-05 13:18:00+05:30,419.35,419.4,419.2,419.35,19942,ITC
2025-06-05 13:19:00+05:30,419.4,419.45,419.2,419.2,13896,ITC
2025-06-05 13:20:00+05:30,419.2,419.35,418.85,418.9,48022,ITC
2025-06-05 13:21:00+05:30,418.9,419.05,418.6,418.9,23046,ITC
2025-06-05 13:22:00+05:30,418.9,419.15,418.7,418.9,14012,ITC
2025-06-05 13:23:00+05:30,418.9,419.2,418.8,419.2,10549,ITC
2025-06-05 13:24:00+05:30,419.15,419.3,419.05,419.1,12988,ITC
2025-06-05 13:25:00+05:30,419.1,419.5,419.1,419.2,21404,ITC
2025-06-05 13:26:00+05:30,419.25,419.4,419.2,419.35,8727,ITC
2025-06-05 13:27:00+05:30,419.3,419.5,419.15,419.5,12598,ITC
2025-06-05 13:28:00+05:30,419.5,419.5,419.1,419.15,14167,ITC
2025-06-05 13:29:00+05:30,419.2,419.3,419.05,419.15,13217,ITC
2025-06-05 13:30:00+05:30,419.15,419.3,418.4,418.6,116007,ITC
2025-06-05 13:31:00+05:30,418.65,418.7,418.0,418.35,51629,ITC
2025-06-05 13:32:00+05:30,418.3,418.35,418.0,418.35,45886,ITC
2025-06-05 13:33:00+05:30,418.35,418.65,418.15,418.5,19343,ITC
2025-06-05 13:34:00+05:30,418.55,418.75,418.5,418.5,41816,ITC
2025-06-05 13:35:00+05:30,418.5,418.55,418.0,418.2,55879,ITC
2025-06-05 13:36:00+05:30,418.15,418.2,418.0,418.0,20450,ITC
2025-06-05 13:37:00+05:30,418.0,418.35,418.0,418.35,12984,ITC
2025-06-05 13:38:00+05:30,418.35,418.5,418.2,418.5,14776,ITC
2025-06-05 13:39:00+05:30,418.45,418.7,418.3,418.55,17555,ITC
2025-06-05 13:40:00+05:30,418.55,418.95,418.45,418.85,14778,ITC
2025-06-05 13:41:00+05:30,418.8,418.8,418.55,418.8,13675,ITC
2025-06-05 13:42:00+05:30,418.8,418.85,418.55,418.75,12722,ITC
2025-06-05 13:43:00+05:30,418.75,418.75,418.1,418.3,22871,ITC
2025-06-05 13:44:00+05:30,418.3,418.45,418.15,418.45,10224,ITC
2025-06-05 13:45:00+05:30,418.45,418.5,418.2,418.2,11288,ITC
2025-06-05 13:46:00+05:30,418.25,418.4,418.2,418.4,9095,ITC
2025-06-05 13:47:00+05:30,418.35,418.55,418.3,418.5,10437,ITC
2025-06-05 13:48:00+05:30,418.5,418.6,418.35,418.5,11200,ITC
2025-06-05 13:49:00+05:30,418.55,418.95,418.4,418.6,24237,ITC
2025-06-05 13:50:00+05:30,418.5,418.75,418.3,418.5,12229,ITC
2025-06-05 13:51:00+05:30,418.4,418.5,418.25,418.35,13137,ITC
2025-06-05 13:52:00+05:30,418.35,418.5,418.25,418.5,10226,ITC
2025-06-05 13:53:00+05:30,418.5,418.55,418.35,418.5,10561,ITC
2025-06-05 13:54:00+05:30,418.45,418.55,418.25,418.35,11469,ITC
2025-06-05 13:55:00+05:30,418.4,418.4,418.2,418.2,11657,ITC
2025-06-05 13:56:00+05:30,418.25,418.4,418.1,418.2,13240,ITC
2025-06-05 13:57:00+05:30,418.2,418.25,418.05,418.1,12302,ITC
2025-06-05 13:58:00+05:30,418.1,418.25,418.0,418.1,20903,ITC
2025-06-05 13:59:00+05:30,418.05,418.25,418.0,418.25,15900,ITC
2025-06-05 14:00:00+05:30,418.25,418.4,418.15,418.35,26690,ITC
2025-06-05 14:01:00+05:30,418.3,418.4,418.05,418.3,14166,ITC
2025-06-05 14:02:00+05:30,418.25,418.3,417.85,418.05,39907,ITC
2025-06-05 14:03:00+05:30,418.0,418.1,417.75,417.9,13997,ITC
2025-06-05 14:04:00+05:30,417.9,418.25,417.8,418.05,17586,ITC
2025-06-05 14:05:00+05:30,418.0,418.15,417.9,418.15,12709,ITC
2025-06-05 14:06:00+05:30,418.15,418.25,418.0,418.2,14144,ITC
2025-06-05 14:07:00+05:30,418.2,418.35,418.1,418.25,15685,ITC
2025-06-05 14:08:00+05:30,418.25,418.3,417.95,418.0,15708,ITC
2025-06-05 14:09:00+05:30,418.0,418.0,417.7,417.95,12980,ITC
2025-06-05 14:10:00+05:30,417.95,418.0,417.8,417.85,11380,ITC
2025-06-05 14:11:00+05:30,417.85,417.85,417.5,417.75,25384,ITC
2025-06-05 14:12:00+05:30,417.75,418.0,417.6,417.85,23763,ITC
2025-06-05 14:13:00+05:30,417.8,417.8,417.65,417.75,19297,ITC
2025-06-05 14:14:00+05:30,417.75,418.0,417.75,417.95,17384,ITC
2025-06-05 14:15:00+05:30,417.85,418.0,417.6,417.8,24926,ITC
2025-06-05 14:16:00+05:30,417.85,417.95,417.65,417.85,12432,ITC
2025-06-05 14:17:00+05:30,417.85,417.95,417.7,417.95,11961,ITC
2025-06-05 14:18:00+05:30,417.9,418.0,417.8,417.95,17344,ITC
2025-06-05 14:19:00+05:30,417.95,418.15,417.9,418.1,29355,ITC
2025-06-05 14:20:00+05:30,418.1,418.1,417.6,417.8,31354,ITC
2025-06-05 14:21:00+05:30,417.8,418.05,417.8,417.95,36113,ITC
2025-06-05 14:22:00+05:30,418.0,418.15,417.65,417.8,40425,ITC
2025-06-05 14:23:00+05:30,417.8,417.95,417.65,417.95,24833,ITC
2025-06-05 14:24:00+05:30,417.95,418.1,417.85,418.0,20258,ITC
2025-06-05 14:25:00+05:30,417.95,418.0,417.7,417.85,12319,ITC
2025-06-05 14:26:00+05:30,417.85,418.45,417.8,418.2,31824,ITC
2025-06-05 14:27:00+05:30,418.15,418.4,418.05,418.4,47299,ITC
2025-06-05 14:28:00+05:30,418.3,418.45,418.05,418.4,37726,ITC
2025-06-05 14:29:00+05:30,418.5,418.65,418.25,418.3,54559,ITC
2025-06-05 14:30:00+05:30,418.3,418.45,418.05,418.1,23633,ITC
2025-06-05 14:31:00+05:30,418.1,418.1,417.6,417.95,62061,ITC
2025-06-05 14:32:00+05:30,417.9,418.0,417.6,417.95,39460,ITC
2025-06-05 14:33:00+05:30,417.95,418.25,417.95,418.25,33472,ITC
2025-06-05 14:34:00+05:30,418.3,418.45,418.2,418.45,50138,ITC
2025-06-05 14:35:00+05:30,418.4,418.45,418.1,418.1,26368,ITC
2025-06-05 14:36:00+05:30,418.2,418.3,418.05,418.3,15706,ITC
2025-06-05 14:37:00+05:30,418.3,418.5,418.05,418.5,14939,ITC
2025-06-05 14:38:00+05:30,418.5,418.5,418.35,418.45,24189,ITC
2025-06-05 14:39:00+05:30,418.45,418.5,418.35,418.5,18478,ITC
2025-06-05 14:40:00+05:30,418.5,418.65,418.2,418.55,22972,ITC
2025-06-05 14:41:00+05:30,418.5,418.85,418.45,418.8,28093,ITC
2025-06-05 14:42:00+05:30,418.75,419.0,418.65,418.8,43148,ITC
2025-06-05 14:43:00+05:30,418.8,418.95,418.5,418.75,44373,ITC
2025-06-05 14:44:00+05:30,418.75,418.85,418.5,418.85,14923,ITC
2025-06-05 14:45:00+05:30,418.85,419.0,418.7,418.8,48883,ITC
2025-06-05 14:46:00+05:30,418.95,419.0,418.75,418.9,22934,ITC
2025-06-05 14:47:00+05:30,418.85,418.9,418.55,418.8,21376,ITC
2025-06-05 14:48:00+05:30,418.8,418.95,418.75,418.95,27944,ITC
2025-06-05 14:49:00+05:30,418.9,419.0,418.65,418.9,19583,ITC
2025-06-05 14:50:00+05:30,418.9,419.2,418.75,419.0,63541,ITC
2025-06-05 14:51:00+05:30,419.0,419.1,418.95,419.05,27310,ITC
2025-06-05 14:52:00+05:30,419.1,419.15,418.9,419.0,29308,ITC
2025-06-05 14:53:00+05:30,419.0,419.05,418.8,418.8,14512,ITC
2025-06-05 14:54:00+05:30,418.85,418.9,418.5,418.6,18204,ITC
2025-06-05 14:55:00+05:30,418.65,418.8,418.5,418.55,16847,ITC
2025-06-05 14:56:00+05:30,418.55,418.7,418.4,418.6,18308,ITC
2025-06-05 14:57:00+05:30,418.55,418.55,418.3,418.4,25806,ITC
2025-06-05 14:58:00+05:30,418.4,418.7,418.35,418.45,57130,ITC
2025-06-05 14:59:00+05:30,418.45,418.55,418.3,418.45,26441,ITC
2025-06-05 15:00:00+05:30,418.45,418.45,418.3,418.35,47912,ITC
2025-06-05 15:01:00+05:30,418.35,418.5,418.1,418.1,94396,ITC
2025-06-05 15:02:00+05:30,418.05,418.75,418.05,418.55,116902,ITC
2025-06-05 15:03:00+05:30,418.6,418.6,418.3,418.4,53012,ITC
2025-06-05 15:04:00+05:30,418.4,418.75,418.2,418.55,106703,ITC
2025-06-05 15:05:00+05:30,418.6,418.75,418.3,418.45,163911,ITC
2025-06-05 15:06:00+05:30,418.45,419.0,418.35,418.9,128816,ITC
2025-06-05 15:07:00+05:30,418.9,419.0,418.8,418.8,96223,ITC
2025-06-05 15:08:00+05:30,418.85,419.0,418.8,418.9,80052,ITC
2025-06-05 15:09:00+05:30,418.9,419.65,418.85,418.9,234158,ITC
2025-06-05 15:10:00+05:30,418.85,419.0,418.65,418.85,157469,ITC
2025-06-05 15:11:00+05:30,418.9,419.05,418.7,418.9,100485,ITC
2025-06-05 15:12:00+05:30,418.9,419.35,418.85,419.05,155222,ITC
2025-06-05 15:13:00+05:30,419.05,419.25,418.8,418.85,118985,ITC
2025-06-05 15:14:00+05:30,418.85,419.25,418.8,419.15,126304,ITC
2025-06-05 15:15:00+05:30,419.15,419.25,418.75,418.8,161532,ITC
2025-06-05 15:16:00+05:30,418.8,419.25,418.75,419.25,145776,ITC
2025-06-05 15:17:00+05:30,419.25,419.5,419.15,419.35,207503,ITC
2025-06-05 15:18:00+05:30,419.4,419.5,419.35,419.45,70854,ITC
2025-06-05 15:19:00+05:30,419.45,419.5,419.35,419.4,106459,ITC
2025-06-05 15:20:00+05:30,419.4,419.5,419.35,419.4,90969,ITC
2025-06-05 15:21:00+05:30,419.45,419.45,419.25,419.45,96457,ITC
2025-06-05 15:22:00+05:30,419.25,419.5,419.05,419.5,117537,ITC
2025-06-05 15:23:00+05:30,419.5,419.85,419.4,419.8,149416,ITC
2025-06-05 15:24:00+05:30,419.8,419.9,419.65,419.8,79750,ITC
2025-06-05 15:25:00+05:30,419.8,420.0,419.55,419.7,97913,ITC
2025-06-05 15:26:00+05:30,419.85,420.0,419.55,419.85,74312,ITC
2025-06-05 15:27:00+05:30,419.85,419.95,419.55,419.8,103389,ITC
2025-06-05 15:28:00+05:30,419.8,419.9,419.55,419.7,21182,ITC
2025-06-05 15:29:00+05:30,419.7,419.7,419.4,419.45,41085,ITC
2025-06-06 09:15:00+05:30,420.3,420.6,419.85,420.2,81350,ITC
2025-06-06 09:16:00+05:30,420.15,420.6,419.8,420.3,78456,ITC
2025-06-06 09:17:00+05:30,420.4,420.55,420.1,420.45,32820,ITC
2025-06-06 09:18:00+05:30,420.4,420.6,420.05,420.45,62466,ITC
2025-06-06 09:19:00+05:30,420.45,421.2,420.25,420.9,84832,ITC
2025-06-06 09:20:00+05:30,420.8,420.8,420.15,420.6,40946,ITC
2025-06-06 09:21:00+05:30,420.6,420.95,420.0,420.25,39961,ITC
2025-06-06 09:22:00+05:30,420.25,420.25,420.0,420.1,20829,ITC
2025-06-06 09:23:00+05:30,420.2,420.2,419.8,419.95,35317,ITC
2025-06-06 09:24:00+05:30,419.95,420.3,419.8,420.25,18359,ITC
2025-06-06 09:25:00+05:30,420.25,420.5,420.0,420.4,18857,ITC
2025-06-06 09:26:00+05:30,420.45,420.55,420.2,420.35,44379,ITC
2025-06-06 09:27:00+05:30,420.4,420.4,419.95,420.15,15839,ITC
2025-06-06 09:28:00+05:30,420.1,420.3,420.0,420.3,15755,ITC
2025-06-06 09:29:00+05:30,420.3,420.3,419.9,419.95,23257,ITC
2025-06-06 09:30:00+05:30,419.95,420.05,419.85,420.05,7832,ITC
2025-06-06 09:31:00+05:30,420.05,420.25,420.0,420.15,23210,ITC
2025-06-06 09:32:00+05:30,420.1,420.5,420.1,420.15,21060,ITC
2025-06-06 09:33:00+05:30,420.25,420.3,420.05,420.2,13686,ITC
2025-06-06 09:34:00+05:30,420.15,420.2,420.05,420.15,8129,ITC
2025-06-06 09:35:00+05:30,420.15,420.15,419.95,420.0,24942,ITC
2025-06-06 09:36:00+05:30,419.95,419.95,419.65,419.8,30417,ITC
2025-06-06 09:37:00+05:30,419.9,420.0,419.8,419.95,6282,ITC
2025-06-06 09:38:00+05:30,419.95,420.2,419.85,420.2,26201,ITC
2025-06-06 09:39:00+05:30,420.2,420.2,419.8,419.95,8175,ITC
2025-06-06 09:40:00+05:30,419.95,419.95,419.65,419.95,7712,ITC
2025-06-06 09:41:00+05:30,419.95,420.0,419.7,419.9,8113,ITC
2025-06-06 09:42:00+05:30,419.9,419.95,419.65,419.85,10315,ITC
2025-06-06 09:43:00+05:30,419.85,419.9,419.65,419.9,9379,ITC
2025-06-06 09:44:00+05:30,419.9,419.9,419.6,419.6,8737,ITC
2025-06-06 09:45:00+05:30,419.8,419.8,419.65,419.75,3668,ITC
2025-06-06 09:46:00+05:30,419.75,419.8,419.65,419.75,9215,ITC
2025-06-06 09:47:00+05:30,419.75,419.75,419.65,419.7,5839,ITC
2025-06-06 09:48:00+05:30,419.7,419.7,419.5,419.65,4433,ITC
2025-06-06 09:49:00+05:30,419.65,419.65,419.5,419.6,8582,ITC
2025-06-06 09:50:00+05:30,419.6,419.7,419.5,419.65,7005,ITC
2025-06-06 09:51:00+05:30,419.65,419.65,419.5,419.65,5253,ITC
2025-06-06 09:52:00+05:30,419.65,419.65,419.5,419.65,8724,ITC
2025-06-06 09:53:00+05:30,419.65,419.75,419.65,419.75,7728,ITC
2025-06-06 09:54:00+05:30,419.75,419.85,419.7,419.85,6335,ITC
2025-06-06 09:55:00+05:30,419.85,419.85,419.55,419.85,18257,ITC
2025-06-06 09:56:00+05:30,419.85,419.9,419.65,419.85,5731,ITC
2025-06-06 09:57:00+05:30,419.9,419.9,419.6,419.7,8382,ITC
2025-06-06 09:58:00+05:30,419.7,419.7,419.5,419.6,10796,ITC
2025-06-06 09:59:00+05:30,419.6,419.65,419.55,419.6,7215,ITC
2025-06-06 10:00:00+05:30,419.6,419.6,419.5,419.55,7549,ITC
2025-06-06 10:01:00+05:30,419.55,419.55,419.15,419.3,16796,ITC
2025-06-06 10:02:00+05:30,419.3,419.4,419.1,419.3,21724,ITC
2025-06-06 10:03:00+05:30,419.4,419.4,419.2,419.25,8158,ITC
2025-06-06 10:04:00+05:30,419.2,419.4,419.0,419.25,21008,ITC
2025-06-06 10:05:00+05:30,419.25,419.55,419.05,419.55,16001,ITC
2025-06-06 10:06:00+05:30,419.55,420.4,419.55,420.1,129609,ITC
2025-06-06 10:07:00+05:30,420.3,420.3,419.95,420.2,43401,ITC
2025-06-06 10:08:00+05:30,420.2,420.25,419.85,420.0,19457,ITC
2025-06-06 10:09:00+05:30,420.0,420.25,419.8,420.15,15290,ITC
2025-06-06 10:10:00+05:30,420.25,420.25,420.05,420.2,8578,ITC
2025-06-06 10:11:00+05:30,420.2,420.25,419.75,419.75,23682,ITC
2025-06-06 10:12:00+05:30,419.75,420.0,419.6,419.65,10115,ITC
2025-06-06 10:13:00+05:30,419.8,419.8,419.55,419.8,10424,ITC
2025-06-06 10:14:00+05:30,419.8,420.0,419.75,420.0,21103,ITC
2025-06-06 10:15:00+05:30,419.95,420.05,419.85,419.9,17987,ITC
2025-06-06 10:16:00+05:30,419.95,420.0,419.8,420.0,6801,ITC
2025-06-06 10:17:00+05:30,420.0,420.0,419.65,419.9,23382,ITC
2025-06-06 10:18:00+05:30,419.9,419.95,419.85,419.9,7358,ITC
2025-06-06 10:19:00+05:30,419.9,419.95,419.85,419.95,10429,ITC
2025-06-06 10:20:00+05:30,419.95,420.0,419.85,420.0,13439,ITC
2025-06-06 10:21:00+05:30,419.95,420.2,419.9,420.15,40109,ITC
2025-06-06 10:22:00+05:30,420.15,420.15,420.05,420.1,31297,ITC
2025-06-06 10:23:00+05:30,420.1,420.1,419.8,420.1,24689,ITC
2025-06-06 10:24:00+05:30,420.1,420.1,419.95,420.0,9393,ITC
2025-06-06 10:25:00+05:30,420.0,420.0,419.7,419.95,19090,ITC
2025-06-06 10:26:00+05:30,419.95,420.0,419.75,419.95,10729,ITC
2025-06-06 10:27:00+05:30,419.95,420.0,419.85,420.0,17013,ITC
2025-06-06 10:28:00+05:30,420.0,420.0,419.6,419.75,17018,ITC
2025-06-06 10:29:00+05:30,419.75,419.8,419.55,419.8,9275,ITC
2025-06-06 10:30:00+05:30,419.8,419.8,419.65,419.8,24542,ITC
2025-06-06 10:31:00+05:30,419.8,419.8,419.7,419.8,12518,ITC
2025-06-06 10:32:00+05:30,419.8,419.8,419.7,419.8,26265,ITC
2025-06-06 10:33:00+05:30,419.8,419.8,419.7,419.8,12206,ITC
2025-06-06 10:34:00+05:30,419.8,419.9,419.7,419.85,21011,ITC
2025-06-06 10:35:00+05:30,419.9,420.0,419.8,419.95,11658,ITC
2025-06-06 10:36:00+05:30,419.95,420.0,419.85,419.85,15228,ITC
2025-06-06 10:37:00+05:30,419.95,420.0,419.8,419.95,19237,ITC
2025-06-06 10:38:00+05:30,420.0,420.0,419.8,420.0,11871,ITC
2025-06-06 10:39:00+05:30,419.95,420.0,419.7,419.8,12304,ITC
2025-06-06 10:40:00+05:30,419.8,419.9,419.7,419.9,10655,ITC
2025-06-06 10:41:00+05:30,419.9,419.95,419.75,419.95,33765,ITC
2025-06-06 10:42:00+05:30,419.95,420.15,419.85,420.15,60415,ITC
2025-06-06 10:43:00+05:30,420.15,420.15,419.85,420.05,34740,ITC
2025-06-06 10:44:00+05:30,420.05,420.2,419.9,420.2,15255,ITC
2025-06-06 10:45:00+05:30,420.15,420.3,420.1,420.3,24591,ITC
2025-06-06 10:46:00+05:30,420.3,420.3,419.9,420.15,60151,ITC
2025-06-06 10:47:00+05:30,420.0,420.3,419.9,420.3,62240,ITC
2025-06-06 10:48:00+05:30,420.3,420.35,419.95,420.25,45388,ITC
2025-06-06 10:49:00+05:30,420.25,420.45,420.05,420.2,55508,ITC
2025-06-06 10:50:00+05:30,420.2,420.4,420.05,420.35,20852,ITC
2025-06-06 10:51:00+05:30,420.4,420.4,420.2,420.4,15721,ITC
2025-06-06 10:52:00+05:30,420.4,420.4,420.25,420.3,15766,ITC
2025-06-06 10:53:00+05:30,420.3,420.35,420.1,420.35,13262,ITC
2025-06-06 10:54:00+05:30,420.35,420.4,420.05,420.3,25952,ITC
2025-06-06 10:55:00+05:30,420.3,420.4,420.1,420.3,20029,ITC
2025-06-06 10:56:00+05:30,420.3,420.3,420.1,420.2,11415,ITC
2025-06-06 10:57:00+05:30,420.25,420.3,420.0,420.25,21080,ITC
2025-06-06 10:58:00+05:30,420.25,420.25,420.05,420.15,13866,ITC
2025-06-06 10:59:00+05:30,420.15,420.25,420.0,420.25,23253,ITC
2025-06-06 11:00:00+05:30,420.25,420.3,420.05,420.25,22584,ITC
2025-06-06 11:01:00+05:30,420.3,420.35,420.1,420.35,19367,ITC
2025-06-06 11:02:00+05:30,420.3,420.4,420.05,420.2,15892,ITC
2025-06-06 11:03:00+05:30,420.35,420.6,420.2,420.6,42363,ITC
2025-06-06 11:04:00+05:30,420.6,420.8,420.55,420.8,16801,ITC
2025-06-06 11:05:00+05:30,420.8,420.85,420.7,420.75,22789,ITC
2025-06-06 11:06:00+05:30,420.8,421.0,420.7,420.8,99521,ITC
2025-06-06 11:07:00+05:30,420.8,420.9,420.7,420.7,11300,ITC
2025-06-06 11:08:00+05:30,420.85,420.9,420.45,420.6,34430,ITC
2025-06-06 11:09:00+05:30,420.75,420.8,420.45,420.5,11187,ITC
2025-06-06 11:10:00+05:30,420.65,420.75,420.35,420.45,18124,ITC
2025-06-06 11:11:00+05:30,420.45,420.6,420.25,420.55,12151,ITC
2025-06-06 11:12:00+05:30,420.55,420.55,420.25,420.45,18106,ITC
2025-06-06 11:13:00+05:30,420.5,420.5,420.05,420.3,22991,ITC
2025-06-06 11:14:00+05:30,420.3,421.0,420.15,420.65,133163,ITC
2025-06-06 11:15:00+05:30,420.65,420.8,420.55,420.6,47062,ITC
2025-06-06 11:16:00+05:30,420.6,420.6,420.25,420.5,29944,ITC
2025-06-06 11:17:00+05:30,420.55,420.6,420.4,420.55,12713,ITC
2025-06-06 11:18:00+05:30,420.6,420.75,420.55,420.75,9375,ITC
2025-06-06 11:19:00+05:30,420.7,420.8,420.6,420.8,22134,ITC
2025-06-06 11:20:00+05:30,420.8,420.8,420.55,420.75,16329,ITC
2025-06-06 11:21:00+05:30,420.6,420.75,420.45,420.55,11297,ITC
2025-06-06 11:22:00+05:30,420.6,420.6,420.2,420.45,20483,ITC
2025-06-06 11:23:00+05:30,420.25,420.45,420.1,420.15,15696,ITC
2025-06-06 11:24:00+05:30,420.25,420.4,420.15,420.3,18107,ITC
2025-06-06 11:25:00+05:30,420.35,420.45,420.2,420.45,12193,ITC
2025-06-06 11:26:00+05:30,420.4,420.6,420.35,420.45,14652,ITC
2025-06-06 11:27:00+05:30,420.35,420.5,420.1,420.25,18323,ITC
2025-06-06 11:28:00+05:30,420.15,420.35,420.15,420.3,11111,ITC
2025-06-06 11:29:00+05:30,420.25,420.3,420.05,420.2,17345,ITC
2025-06-06 11:30:00+05:30,420.15,420.3,420.15,420.25,9165,ITC
2025-06-06 11:31:00+05:30,420.2,420.35,420.15,420.3,9488,ITC
2025-06-06 11:32:00+05:30,420.25,420.3,419.85,419.95,35223,ITC
2025-06-06 11:33:00+05:30,419.9,420.0,419.75,419.9,13741,ITC
2025-06-06 11:34:00+05:30,419.85,419.95,419.75,419.9,20407,ITC
2025-06-06 11:35:00+05:30,419.8,419.9,419.55,419.75,13799,ITC
2025-06-06 11:36:00+05:30,419.65,419.75,419.15,419.25,31490,ITC
2025-06-06 11:37:00+05:30,419.25,419.45,419.2,419.35,30729,ITC
2025-06-06 11:38:00+05:30,419.3,420.05,419.15,419.2,229267,ITC
2025-06-06 11:39:00+05:30,419.5,419.5,419.2,419.2,27928,ITC
2025-06-06 11:40:00+05:30,419.2,419.45,419.2,419.45,21634,ITC
2025-06-06 11:41:00+05:30,419.4,419.9,419.4,419.75,20470,ITC
2025-06-06 11:42:00+05:30,419.7,420.0,419.65,419.9,14996,ITC
2025-06-06 11:43:00+05:30,419.9,420.2,419.75,420.2,12284,ITC
2025-06-06 11:44:00+05:30,420.15,420.25,420.0,420.15,9914,ITC
2025-06-06 11:45:00+05:30,420.1,420.15,419.9,420.1,11600,ITC
2025-06-06 11:46:00+05:30,420.0,420.15,419.9,420.0,14052,ITC
2025-06-06 11:47:00+05:30,419.9,420.1,419.9,420.1,9566,ITC
2025-06-06 11:48:00+05:30,420.05,420.15,419.9,420.0,18993,ITC
2025-06-06 11:49:00+05:30,419.95,420.1,419.8,419.9,50003,ITC
2025-06-06 11:50:00+05:30,419.9,420.1,419.85,420.1,35582,ITC
2025-06-06 11:51:00+05:30,420.05,420.1,419.8,420.0,13098,ITC
2025-06-06 11:52:00+05:30,420.0,420.1,420.0,420.05,11512,ITC
2025-06-06 11:53:00+05:30,420.0,420.15,420.0,420.15,13542,ITC
2025-06-06 11:54:00+05:30,420.1,420.3,420.05,420.3,16046,ITC
2025-06-06 11:55:00+05:30,420.3,420.55,420.2,420.5,47080,ITC
2025-06-06 11:56:00+05:30,420.45,420.5,420.35,420.5,10422,ITC
2025-06-06 11:57:00+05:30,420.4,420.5,420.25,420.5,9661,ITC
2025-06-06 11:58:00+05:30,420.5,420.5,420.3,420.45,8483,ITC
2025-06-06 11:59:00+05:30,420.4,420.5,420.25,420.4,12450,ITC
2025-06-06 12:00:00+05:30,420.35,420.5,420.1,420.2,58393,ITC
2025-06-06 12:01:00+05:30,420.25,420.3,420.05,420.25,10348,ITC
2025-06-06 12:02:00+05:30,420.2,420.35,420.05,420.25,9004,ITC
2025-06-06 12:03:00+05:30,420.2,420.45,420.1,420.3,18972,ITC
2025-06-06 12:04:00+05:30,420.25,420.4,420.15,420.35,13086,ITC
2025-06-06 12:05:00+05:30,420.3,420.4,420.25,420.4,8526,ITC
2025-06-06 12:06:00+05:30,420.35,420.4,420.15,420.2,10875,ITC
2025-06-06 12:07:00+05:30,420.15,420.2,419.95,420.0,24558,ITC
2025-06-06 12:08:00+05:30,419.95,420.2,419.95,420.2,20465,ITC
2025-06-06 12:09:00+05:30,420.15,420.2,420.05,420.15,11678,ITC
2025-06-06 12:10:00+05:30,420.1,420.15,419.9,420.05,12784,ITC
2025-06-06 12:11:00+05:30,420.05,420.2,420.0,420.2,8878,ITC
2025-06-06 12:12:00+05:30,420.15,420.25,420.05,420.2,9721,ITC
2025-06-06 12:13:00+05:30,420.15,420.2,419.9,420.05,19350,ITC
2025-06-06 12:14:00+05:30,420.2,420.5,419.6,419.6,119145,ITC
2025-06-06 12:15:00+05:30,419.6,419.95,419.55,419.95,10598,ITC
2025-06-06 12:16:00+05:30,419.9,419.95,419.5,419.65,22831,ITC
2025-06-06 12:17:00+05:30,419.6,419.95,419.6,419.9,9658,ITC
2025-06-06 12:18:00+05:30,419.85,419.95,419.7,419.95,7972,ITC
2025-06-06 12:19:00+05:30,419.9,419.95,419.5,419.65,16265,ITC
2025-06-06 12:20:00+05:30,419.65,419.85,419.65,419.85,11206,ITC
2025-06-06 12:21:00+05:30,419.8,419.9,419.65,419.85,13706,ITC
2025-06-06 12:22:00+05:30,419.7,419.9,419.7,419.9,8585,ITC
2025-06-06 12:23:00+05:30,419.85,419.95,419.7,419.95,23571,ITC
2025-06-06 12:24:00+05:30,419.9,420.0,419.8,419.85,30096,ITC
2025-06-06 12:25:00+05:30,419.8,419.9,419.8,419.85,11239,ITC
2025-06-06 12:26:00+05:30,419.85,419.9,419.7,419.75,16685,ITC
2025-06-06 12:27:00+05:30,419.85,419.9,419.7,419.85,26680,ITC
2025-06-06 12:28:00+05:30,419.9,419.95,419.8,419.85,28666,ITC
2025-06-06 12:29:00+05:30,419.8,419.95,419.8,419.8,20751,ITC
2025-06-06 12:30:00+05:30,419.8,420.0,419.8,419.9,33504,ITC
2025-06-06 12:31:00+05:30,419.9,420.05,419.9,420.0,33809,ITC
2025-06-06 12:32:00+05:30,419.95,420.0,419.9,420.0,11286,ITC
2025-06-06 12:33:00+05:30,419.95,420.05,419.95,420.0,18576,ITC
2025-06-06 12:34:00+05:30,420.05,420.1,420.0,420.1,12688,ITC
2025-06-06 12:35:00+05:30,420.05,420.1,419.95,420.1,13740,ITC
2025-06-06 12:36:00+05:30,420.05,420.1,420.0,420.0,10847,ITC
2025-06-06 12:37:00+05:30,419.95,420.1,419.95,420.1,11353,ITC
2025-06-06 12:38:00+05:30,420.05,420.1,419.85,419.85,94169,ITC
2025-06-06 12:39:00+05:30,419.85,419.95,419.85,419.95,9201,ITC
2025-06-06 12:40:00+05:30,419.95,420.0,419.85,419.95,12271,ITC
2025-06-06 12:41:00+05:30,419.9,420.0,419.8,419.8,23087,ITC
2025-06-06 12:42:00+05:30,420.0,420.0,419.8,419.95,7995,ITC
2025-06-06 12:43:00+05:30,419.9,420.0,419.85,419.95,9976,ITC
2025-06-06 12:44:00+05:30,419.95,420.05,419.9,420.0,38925,ITC
2025-06-06 12:45:00+05:30,419.95,420.05,419.85,419.9,22705,ITC
2025-06-06 12:46:00+05:30,419.85,420.0,419.85,419.9,9634,ITC
2025-06-06 12:47:00+05:30,419.9,419.95,419.85,419.9,9672,ITC
2025-06-06 12:48:00+05:30,419.85,420.0,419.8,419.9,11341,ITC
2025-06-06 12:49:00+05:30,419.9,419.95,419.8,419.95,13807,ITC
2025-06-06 12:50:00+05:30,419.9,419.95,419.8,419.9,26306,ITC
2025-06-06 12:51:00+05:30,419.85,419.9,419.8,419.85,12461,ITC
2025-06-06 12:52:00+05:30,419.8,419.85,419.8,419.85,11453,ITC
2025-06-06 12:53:00+05:30,419.8,419.9,419.65,419.8,19340,ITC
2025-06-06 12:54:00+05:30,419.75,419.85,419.65,419.8,10958,ITC
2025-06-06 12:55:00+05:30,419.75,419.85,419.75,419.85,10325,ITC
2025-06-06 12:56:00+05:30,419.85,419.85,419.65,419.8,9942,ITC
2025-06-06 12:57:00+05:30,419.8,419.95,419.8,419.95,10258,ITC
2025-06-06 12:58:00+05:30,419.9,419.95,419.75,419.95,10746,ITC
2025-06-06 12:59:00+05:30,419.9,419.95,419.8,419.9,9190,ITC
2025-06-06 13:00:00+05:30,419.85,419.95,419.85,419.9,7948,ITC
2025-06-06 13:01:00+05:30,419.85,419.95,419.85,419.95,10211,ITC
2025-06-06 13:02:00+05:30,419.9,420.0,419.9,420.0,8896,ITC
2025-06-06 13:03:00+05:30,419.95,420.0,419.9,420.0,8539,ITC
2025-06-06 13:04:00+05:30,419.95,420.0,419.9,420.0,8870,ITC
2025-06-06 13:05:00+05:30,419.95,420.0,419.85,419.85,8978,ITC
2025-06-06 13:06:00+05:30,419.85,420.0,419.85,419.9,14270,ITC
2025-06-06 13:07:00+05:30,419.9,419.95,419.85,419.95,12095,ITC
2025-06-06 13:08:00+05:30,419.95,419.95,419.85,419.95,11029,ITC
2025-06-06 13:09:00+05:30,419.9,419.95,419.85,419.95,9743,ITC
2025-06-06 13:10:00+05:30,419.9,419.95,419.85,419.95,8395,ITC
2025-06-06 13:11:00+05:30,419.9,420.0,419.85,419.95,11489,ITC
2025-06-06 13:12:00+05:30,419.9,420.0,419.9,420.0,9755,ITC
2025-06-06 13:13:00+05:30,420.0,420.0,419.9,420.0,8625,ITC
2025-06-06 13:14:00+05:30,419.95,420.0,419.85,419.95,15980,ITC
2025-06-06 13:15:00+05:30,419.9,420.0,419.85,419.9,10787,ITC
2025-06-06 13:16:00+05:30,419.9,420.0,419.9,419.95,10918,ITC
2025-06-06 13:17:00+05:30,419.95,420.0,419.9,419.95,9136,ITC
2025-06-06 13:18:00+05:30,419.95,420.0,419.8,419.9,16349,ITC
2025-06-06 13:19:00+05:30,419.9,420.0,419.8,419.95,10491,ITC
2025-06-06 13:20:00+05:30,419.95,420.0,419.85,419.95,15323,ITC
2025-06-06 13:21:00+05:30,419.95,420.0,419.85,419.95,9628,ITC
2025-06-06 13:22:00+05:30,419.95,420.0,419.85,419.95,9676,ITC
2025-06-06 13:23:00+05:30,420.0,420.05,419.75,419.75,35052,ITC
2025-06-06 13:24:00+05:30,419.75,420.0,419.75,420.0,10271,ITC
2025-06-06 13:25:00+05:30,420.0,420.0,419.8,419.9,8605,ITC
2025-06-06 13:26:00+05:30,419.85,420.0,419.7,419.75,21223,ITC
2025-06-06 13:27:00+05:30,419.75,419.95,419.7,419.75,9373,ITC
2025-06-06 13:28:00+05:30,419.9,419.9,419.75,419.85,7723,ITC
2025-06-06 13:29:00+05:30,419.85,419.95,419.7,419.9,10446,ITC
2025-06-06 13:30:00+05:30,419.75,419.9,419.65,419.85,18128,ITC
2025-06-06 13:31:00+05:30,419.85,419.9,419.6,419.7,13252,ITC
2025-06-06 13:32:00+05:30,419.7,419.8,419.6,419.7,9890,ITC
2025-06-06 13:33:00+05:30,419.7,419.8,419.6,419.8,8677,ITC
2025-06-06 13:34:00+05:30,419.7,419.8,419.6,419.7,17398,ITC
2025-06-06 13:35:00+05:30,419.7,419.8,419.7,419.75,23786,ITC
2025-06-06 13:36:00+05:30,419.7,419.75,419.7,419.7,9986,ITC
2025-06-06 13:37:00+05:30,419.7,419.9,419.7,419.9,13401,ITC
2025-06-06 13:38:00+05:30,419.85,419.95,419.85,419.9,8693,ITC
2025-06-06 13:39:00+05:30,419.9,419.95,419.8,419.9,10598,ITC
2025-06-06 13:40:00+05:30,419.85,419.9,419.8,419.85,10275,ITC
2025-06-06 13:41:00+05:30,419.85,419.95,419.8,419.9,8691,ITC
2025-06-06 13:42:00+05:30,419.9,420.0,419.8,419.95,10865,ITC
2025-06-06 13:43:00+05:30,419.85,420.0,419.85,419.95,11002,ITC
2025-06-06 13:44:00+05:30,419.95,420.0,419.85,419.9,12223,ITC
2025-06-06 13:45:00+05:30,419.95,419.95,419.85,419.95,10032,ITC
2025-06-06 13:46:00+05:30,419.9,420.05,419.8,420.0,68848,ITC
2025-06-06 13:47:00+05:30,420.0,420.05,419.9,420.0,19088,ITC
2025-06-06 13:48:00+05:30,419.95,420.05,419.85,420.0,18484,ITC
2025-06-06 13:49:00+05:30,419.95,420.05,419.85,420.0,52045,ITC
2025-06-06 13:50:00+05:30,420.05,420.05,419.85,420.0,31203,ITC
2025-06-06 13:51:00+05:30,420.0,420.05,420.0,420.05,29419,ITC
2025-06-06 13:52:00+05:30,420.0,420.05,419.9,420.05,13904,ITC
2025-06-06 13:53:00+05:30,420.0,420.05,419.85,420.05,9930,ITC
2025-06-06 13:54:00+05:30,420.0,420.05,419.9,420.05,8779,ITC
2025-06-06 13:55:00+05:30,420.0,420.2,420.0,420.15,65925,ITC
2025-06-06 13:56:00+05:30,420.15,420.35,420.05,420.25,18959,ITC
2025-06-06 13:57:00+05:30,420.3,420.5,420.25,420.45,21076,ITC
2025-06-06 13:58:00+05:30,420.35,420.8,420.35,420.8,46445,ITC
2025-06-06 13:59:00+05:30,420.75,420.95,420.7,420.8,27668,ITC
2025-06-06 14:00:00+05:30,420.75,420.85,420.6,420.85,27267,ITC
2025-06-06 14:01:00+05:30,420.8,420.9,420.75,420.8,14803,ITC
2025-06-06 14:02:00+05:30,420.85,420.85,420.75,420.8,30225,ITC
2025-06-06 14:03:00+05:30,420.75,421.2,420.7,421.2,121639,ITC
2025-06-06 14:04:00+05:30,421.15,421.15,421.0,421.05,17311,ITC
2025-06-06 14:05:00+05:30,421.05,421.1,420.9,420.95,31959,ITC
2025-06-06 14:06:00+05:30,420.9,421.05,420.9,420.9,23476,ITC
2025-06-06 14:07:00+05:30,420.85,420.9,420.65,420.8,39049,ITC
2025-06-06 14:08:00+05:30,420.8,420.9,420.65,420.9,15343,ITC
2025-06-06 14:09:00+05:30,420.85,420.9,420.6,420.7,20893,ITC
2025-06-06 14:10:00+05:30,420.7,420.85,420.7,420.75,15198,ITC
2025-06-06 14:11:00+05:30,420.8,420.85,420.75,420.85,9498,ITC
2025-06-06 14:12:00+05:30,420.8,420.9,420.75,420.9,12984,ITC
2025-06-06 14:13:00+05:30,420.85,420.9,420.75,420.75,18035,ITC
2025-06-06 14:14:00+05:30,420.75,420.85,420.75,420.85,12752,ITC
2025-06-06 14:15:00+05:30,420.8,420.85,420.7,420.7,22798,ITC
2025-06-06 14:16:00+05:30,420.7,420.85,420.7,420.8,26816,ITC
2025-06-06 14:17:00+05:30,420.8,420.85,420.75,420.8,15784,ITC
2025-06-06 14:18:00+05:30,420.8,420.85,420.75,420.8,9598,ITC
2025-06-06 14:19:00+05:30,420.8,420.85,420.75,420.85,10860,ITC
2025-06-06 14:20:00+05:30,420.75,420.85,420.75,420.85,11214,ITC
2025-06-06 14:21:00+05:30,420.8,420.85,420.75,420.75,16235,ITC
2025-06-06 14:22:00+05:30,420.75,420.95,420.75,420.95,23222,ITC
2025-06-06 14:23:00+05:30,420.9,421.0,420.9,420.95,20967,ITC
2025-06-06 14:24:00+05:30,420.95,421.0,420.95,421.0,22098,ITC
2025-06-06 14:25:00+05:30,420.95,421.05,420.95,420.95,20145,ITC
2025-06-06 14:26:00+05:30,420.95,421.0,420.9,421.0,13140,ITC
2025-06-06 14:27:00+05:30,420.95,421.05,420.95,421.05,27642,ITC
2025-06-06 14:28:00+05:30,421.0,421.05,420.95,421.05,12534,ITC
2025-06-06 14:29:00+05:30,421.0,421.05,420.95,420.95,16845,ITC
2025-06-06 14:30:00+05:30,420.95,421.0,420.85,420.9,25869,ITC
2025-06-06 14:31:00+05:30,420.85,420.9,420.85,420.9,9721,ITC
2025-06-06 14:32:00+05:30,420.85,420.95,420.85,420.9,19021,ITC
2025-06-06 14:33:00+05:30,420.9,421.05,420.85,421.05,43379,ITC
2025-06-06 14:34:00+05:30,421.0,421.05,420.9,421.0,11073,ITC
2025-06-06 14:35:00+05:30,420.9,421.0,420.9,421.0,13893,ITC
2025-06-06 14:36:00+05:30,421.0,421.0,420.95,421.0,23101,ITC
2025-06-06 14:37:00+05:30,420.95,421.0,420.75,420.85,39342,ITC
2025-06-06 14:38:00+05:30,420.85,420.95,420.8,420.9,32092,ITC
2025-06-06 14:39:00+05:30,420.85,420.9,420.8,420.8,16327,ITC
2025-06-06 14:40:00+05:30,420.8,420.95,420.8,420.9,25663,ITC
2025-06-06 14:41:00+05:30,420.9,420.95,420.85,420.9,13573,ITC
2025-06-06 14:42:00+05:30,420.85,420.9,420.85,420.85,16105,ITC
2025-06-06 14:43:00+05:30,420.85,420.9,420.75,420.8,17863,ITC
2025-06-06 14:44:00+05:30,420.75,420.85,420.75,420.8,17871,ITC
2025-06-06 14:45:00+05:30,420.8,420.85,420.75,420.85,25072,ITC
2025-06-06 14:46:00+05:30,420.75,420.85,420.75,420.8,19922,ITC
2025-06-06 14:47:00+05:30,420.8,421.05,420.75,421.05,78550,ITC
2025-06-06 14:48:00+05:30,421.0,421.05,420.85,421.0,57285,ITC
2025-06-06 14:49:00+05:30,420.9,421.0,420.8,421.0,17687,ITC
2025-06-06 14:50:00+05:30,420.95,421.05,420.9,421.05,10814,ITC
2025-06-06 14:51:00+05:30,421.0,421.05,420.95,421.0,14180,ITC
2025-06-06 14:52:00+05:30,421.0,421.05,420.95,421.05,15890,ITC
2025-06-06 14:53:00+05:30,421.05,421.05,420.95,421.0,26275,ITC
2025-06-06 14:54:00+05:30,420.95,421.0,420.95,421.0,11132,ITC
2025-06-06 14:55:00+05:30,420.95,421.0,420.95,421.0,18889,ITC
2025-06-06 14:56:00+05:30,420.95,421.0,420.95,420.95,19957,ITC
2025-06-06 14:57:00+05:30,420.95,421.1,420.95,421.0,33316,ITC
2025-06-06 14:58:00+05:30,421.0,421.1,420.95,421.05,24305,ITC
2025-06-06 14:59:00+05:30,421.0,421.05,420.95,421.0,20597,ITC
2025-06-06 15:00:00+05:30,421.05,421.15,421.0,421.15,84503,ITC
2025-06-06 15:01:00+05:30,421.15,421.2,421.1,421.2,21858,ITC
2025-06-06 15:02:00+05:30,421.2,421.2,421.0,421.1,61104,ITC
2025-06-06 15:03:00+05:30,421.1,421.1,421.0,421.0,21479,ITC
2025-06-06 15:04:00+05:30,421.05,421.1,420.95,421.05,72274,ITC
2025-06-06 15:05:00+05:30,421.05,421.1,420.95,421.1,18048,ITC
2025-06-06 15:06:00+05:30,421.1,421.1,421.0,421.1,51271,ITC
2025-06-06 15:07:00+05:30,421.1,421.1,421.0,421.05,28267,ITC
2025-06-06 15:08:00+05:30,421.05,421.05,420.95,421.0,33494,ITC
2025-06-06 15:09:00+05:30,421.0,421.0,420.95,421.0,52841,ITC
2025-06-06 15:10:00+05:30,421.0,421.0,420.95,421.0,15862,ITC
2025-06-06 15:11:00+05:30,421.0,421.1,420.95,421.05,55117,ITC
2025-06-06 15:12:00+05:30,421.1,421.1,421.05,421.1,30576,ITC
2025-06-06 15:13:00+05:30,421.1,421.1,421.05,421.1,21905,ITC
2025-06-06 15:14:00+05:30,421.1,421.2,421.05,421.2,56212,ITC
2025-06-06 15:15:00+05:30,421.2,421.3,421.15,421.3,65885,ITC
2025-06-06 15:16:00+05:30,421.3,421.3,421.15,421.2,29996,ITC
2025-06-06 15:17:00+05:30,421.25,421.3,421.2,421.25,49564,ITC
2025-06-06 15:18:00+05:30,421.3,421.3,421.0,421.1,77898,ITC
2025-06-06 15:19:00+05:30,421.15,421.15,421.0,421.1,79738,ITC
2025-06-06 15:20:00+05:30,421.1,421.1,420.9,420.9,67071,ITC
2025-06-06 15:21:00+05:30,421.05,421.1,420.85,420.95,48901,ITC
2025-06-06 15:22:00+05:30,421.0,421.0,420.75,420.75,27567,ITC
2025-06-06 15:23:00+05:30,420.8,420.9,420.75,420.85,42320,ITC
2025-06-06 15:24:00+05:30,420.9,420.95,420.85,420.95,30734,ITC
2025-06-06 15:25:00+05:30,420.95,421.0,420.9,421.0,34470,ITC
2025-06-06 15:26:00+05:30,421.0,421.2,420.95,421.15,67636,ITC
2025-06-06 15:27:00+05:30,421.15,421.2,421.0,421.1,25402,ITC
2025-06-06 15:28:00+05:30,421.1,421.2,421.0,421.05,32161,ITC
2025-06-06 15:29:00+05:30,421.15,421.2,421.0,421.05,30313,ITC
2025-06-09 09:15:00+05:30,422.0,422.0,421.3,421.75,68391,ITC
2025-06-09 09:16:00+05:30,421.8,421.9,421.1,421.1,29712,ITC
2025-06-09 09:17:00+05:30,421.2,421.3,420.5,420.85,55511,ITC
2025-06-09 09:18:00+05:30,420.85,421.25,420.7,421.0,27517,ITC
2025-06-09 09:19:00+05:30,421.0,421.5,421.0,421.45,34048,ITC
2025-06-09 09:20:00+05:30,421.45,421.95,421.3,421.85,49953,ITC
2025-06-09 09:21:00+05:30,421.7,421.85,421.45,421.65,23985,ITC
2025-06-09 09:22:00+05:30,421.65,421.95,421.3,421.65,78157,ITC
2025-06-09 09:23:00+05:30,421.85,421.95,421.65,421.9,33120,ITC
2025-06-09 09:24:00+05:30,421.75,422.0,421.6,421.85,37062,ITC
2025-06-09 09:25:00+05:30,422.0,422.35,421.75,422.2,99321,ITC
2025-06-09 09:26:00+05:30,422.15,422.25,421.8,422.0,19897,ITC
2025-06-09 09:27:00+05:30,422.0,422.0,421.6,421.85,29374,ITC
2025-06-09 09:28:00+05:30,421.85,421.9,421.5,421.65,27563,ITC
2025-06-09 09:29:00+05:30,421.65,421.85,421.5,421.85,14342,ITC
2025-06-09 09:30:00+05:30,421.7,422.0,421.7,421.9,13112,ITC
2025-06-09 09:31:00+05:30,421.9,422.0,421.7,421.9,15921,ITC
2025-06-09 09:32:00+05:30,421.9,421.95,421.65,421.8,14105,ITC
2025-06-09 09:33:00+05:30,421.65,421.85,421.25,421.45,30705,ITC
2025-06-09 09:34:00+05:30,421.45,421.7,421.2,421.55,19423,ITC
2025-06-09 09:35:00+05:30,421.5,421.55,421.3,421.4,11881,ITC
2025-06-09 09:36:00+05:30,421.4,421.5,421.3,421.5,12580,ITC
2025-06-09 09:37:00+05:30,421.3,421.5,421.0,421.05,20458,ITC
2025-06-09 09:38:00+05:30,421.05,421.25,421.0,421.0,13540,ITC
2025-06-09 09:39:00+05:30,421.15,421.4,421.0,421.3,12732,ITC
2025-06-09 09:40:00+05:30,421.3,421.3,420.8,421.0,44524,ITC
2025-06-09 09:41:00+05:30,420.9,421.6,420.8,421.6,42403,ITC
2025-06-09 09:42:00+05:30,421.6,421.6,421.25,421.45,17652,ITC
2025-06-09 09:43:00+05:30,421.45,421.9,421.25,421.8,67572,ITC
2025-06-09 09:44:00+05:30,421.8,421.8,421.4,421.65,15164,ITC
2025-06-09 09:45:00+05:30,421.65,421.75,421.2,421.4,13610,ITC
2025-06-09 09:46:00+05:30,421.4,421.5,421.0,421.2,22523,ITC
2025-06-09 09:47:00+05:30,421.2,421.6,421.05,421.6,45141,ITC
2025-06-09 09:48:00+05:30,421.6,421.9,421.35,421.9,18919,ITC
2025-06-09 09:49:00+05:30,421.9,422.35,421.75,422.1,107226,ITC
2025-06-09 09:50:00+05:30,422.1,422.15,421.75,422.0,22209,ITC
2025-06-09 09:51:00+05:30,422.05,422.1,421.75,421.9,15877,ITC
2025-06-09 09:52:00+05:30,421.9,421.9,421.45,421.65,16970,ITC
2025-06-09 09:53:00+05:30,421.65,421.65,421.35,421.4,11348,ITC
2025-06-09 09:54:00+05:30,421.4,421.55,421.2,421.2,12898,ITC
2025-06-09 09:55:00+05:30,421.4,421.55,421.25,421.4,8836,ITC
2025-06-09 09:56:00+05:30,421.5,421.6,421.3,421.4,23014,ITC
2025-06-09 09:57:00+05:30,421.4,421.4,421.15,421.3,17807,ITC
2025-06-09 09:58:00+05:30,421.3,421.5,421.1,421.4,30537,ITC
2025-06-09 09:59:00+05:30,421.3,421.55,421.25,421.5,21920,ITC
2025-06-09 10:00:00+05:30,421.5,421.5,421.3,421.35,13131,ITC
2025-06-09 10:01:00+05:30,421.3,421.45,421.2,421.35,13219,ITC
2025-06-09 10:02:00+05:30,421.35,421.45,421.15,421.2,13171,ITC
2025-06-09 10:03:00+05:30,421.2,421.45,421.15,421.25,32372,ITC
2025-06-09 10:04:00+05:30,421.25,421.35,421.1,421.25,12755,ITC
2025-06-09 10:05:00+05:30,421.25,421.4,421.15,421.15,14584,ITC
2025-06-09 10:06:00+05:30,421.2,421.4,421.1,421.4,15399,ITC
2025-06-09 10:07:00+05:30,421.4,421.4,421.2,421.35,11877,ITC
2025-06-09 10:08:00+05:30,421.35,421.4,421.05,421.2,23724,ITC
2025-06-09 10:09:00+05:30,421.15,421.25,421.0,421.15,17603,ITC
2025-06-09 10:10:00+05:30,421.15,421.35,421.1,421.25,10784,ITC
2025-06-09 10:11:00+05:30,421.25,421.35,421.2,421.25,9125,ITC
2025-06-09 10:12:00+05:30,421.25,421.45,421.2,421.4,9254,ITC
2025-06-09 10:13:00+05:30,421.3,421.5,421.25,421.45,14810,ITC
2025-06-09 10:14:00+05:30,421.45,421.55,421.4,421.45,7880,ITC
2025-06-09 10:15:00+05:30,421.45,421.5,421.3,421.4,13988,ITC
2025-06-09 10:16:00+05:30,421.5,421.5,421.35,421.4,4711,ITC
2025-06-09 10:17:00+05:30,421.5,421.65,421.35,421.6,11599,ITC
2025-06-09 10:18:00+05:30,421.6,421.65,421.25,421.45,39296,ITC
2025-06-09 10:19:00+05:30,421.45,421.5,421.3,421.45,8263,ITC
2025-06-09 10:20:00+05:30,421.4,421.8,421.3,421.8,19564,ITC
2025-06-09 10:21:00+05:30,421.8,421.95,421.6,421.85,14175,ITC
2025-06-09 10:22:00+05:30,421.85,421.9,421.65,421.85,9945,ITC
2025-06-09 10:23:00+05:30,421.9,422.35,421.7,422.0,124817,ITC
2025-06-09 10:24:00+05:30,422.0,422.15,421.8,422.1,22542,ITC
2025-06-09 10:25:00+05:30,422.1,422.1,421.8,422.0,14201,ITC
2025-06-09 10:26:00+05:30,421.8,422.1,421.75,422.0,16833,ITC
2025-06-09 10:27:00+05:30,422.0,422.35,421.85,422.15,36929,ITC
2025-06-09 10:28:00+05:30,422.15,422.25,421.9,422.15,14692,ITC
2025-06-09 10:29:00+05:30,422.05,422.2,421.95,422.15,22002,ITC
2025-06-09 10:30:00+05:30,422.05,422.15,421.9,422.0,14402,ITC
2025-06-09 10:31:00+05:30,421.9,422.15,421.85,422.1,18496,ITC
2025-06-09 10:32:00+05:30,422.1,422.2,421.95,422.15,12661,ITC
2025-06-09 10:33:00+05:30,422.15,422.2,421.9,422.1,12073,ITC
2025-06-09 10:34:00+05:30,422.15,422.2,422.0,422.1,12459,ITC
2025-06-09 10:35:00+05:30,422.1,422.2,421.95,422.2,13873,ITC
2025-06-09 10:36:00+05:30,422.2,422.25,421.95,422.15,38032,ITC
2025-06-09 10:37:00+05:30,422.15,422.2,421.8,422.15,16805,ITC
2025-06-09 10:38:00+05:30,422.15,422.2,421.85,422.15,16214,ITC
2025-06-09 10:39:00+05:30,422.2,422.25,422.0,422.2,24922,ITC
2025-06-09 10:40:00+05:30,422.2,422.2,422.0,422.2,17556,ITC
2025-06-09 10:41:00+05:30,422.0,422.2,421.95,422.2,11296,ITC
2025-06-09 10:42:00+05:30,422.2,422.25,422.0,422.15,15814,ITC
2025-06-09 10:43:00+05:30,422.25,422.7,422.05,422.45,175132,ITC
2025-06-09 10:44:00+05:30,422.45,422.45,422.2,422.35,16570,ITC
2025-06-09 10:45:00+05:30,422.35,422.5,422.25,422.45,21021,ITC
2025-06-09 10:46:00+05:30,422.4,422.65,422.3,422.6,55037,ITC
2025-06-09 10:47:00+05:30,422.55,422.6,422.4,422.55,13686,ITC
2025-06-09 10:48:00+05:30,422.55,422.75,422.4,422.75,16888,ITC
2025-06-09 10:49:00+05:30,422.75,422.75,422.55,422.75,23854,ITC
2025-06-09 10:50:00+05:30,422.65,422.75,422.5,422.6,38103,ITC
2025-06-09 10:51:00+05:30,422.6,422.75,422.4,422.75,13616,ITC
2025-06-09 10:52:00+05:30,422.75,422.95,422.65,422.9,44322,ITC
2025-06-09 10:53:00+05:30,422.9,422.9,422.75,422.9,20108,ITC
2025-06-09 10:54:00+05:30,422.9,422.9,422.7,422.8,27886,ITC
2025-06-09 10:55:00+05:30,422.8,422.85,422.3,422.3,23098,ITC
2025-06-09 10:56:00+05:30,422.4,422.5,422.1,422.25,22660,ITC
2025-06-09 10:57:00+05:30,422.25,422.55,422.0,422.4,40974,ITC
2025-06-09 10:58:00+05:30,422.3,422.75,422.2,422.4,41734,ITC
2025-06-09 10:59:00+05:30,422.35,422.7,422.25,422.4,50612,ITC
2025-06-09 11:00:00+05:30,422.4,422.6,422.25,422.4,14187,ITC
2025-06-09 11:01:00+05:30,422.4,422.65,422.2,422.25,1020104,ITC
2025-06-09 11:02:00+05:30,422.25,422.4,422.2,422.4,9450,ITC
2025-06-09 11:03:00+05:30,422.35,422.4,422.05,422.35,25194,ITC
2025-06-09 11:04:00+05:30,422.35,422.35,422.05,422.2,16430,ITC
2025-06-09 11:05:00+05:30,422.2,422.25,422.05,422.2,22842,ITC
2025-06-09 11:06:00+05:30,422.1,422.3,422.1,422.2,10214,ITC
2025-06-09 11:07:00+05:30,422.2,422.3,421.8,422.0,42658,ITC
2025-06-09 11:08:00+05:30,422.0,422.2,421.8,422.0,14114,ITC
2025-06-09 11:09:00+05:30,421.95,422.2,421.9,422.1,10782,ITC
2025-06-09 11:10:00+05:30,422.1,422.1,421.85,422.0,10167,ITC
2025-06-09 11:11:00+05:30,422.0,422.1,421.85,422.0,9198,ITC
2025-06-09 11:12:00+05:30,422.0,422.15,421.85,422.1,13993,ITC
2025-06-09 11:13:00+05:30,422.1,422.15,421.9,422.05,10618,ITC
2025-06-09 11:14:00+05:30,422.0,422.15,421.9,422.05,7702,ITC
2025-06-09 11:15:00+05:30,422.1,422.25,422.0,422.2,20648,ITC
2025-06-09 11:16:00+05:30,422.2,422.4,422.1,422.1,13544,ITC
2025-06-09 11:17:00+05:30,422.2,422.4,422.1,422.2,10415,ITC
2025-06-09 11:18:00+05:30,422.1,423.0,422.1,422.5,160399,ITC
2025-06-09 11:19:00+05:30,422.4,422.6,422.25,422.45,16804,ITC
2025-06-09 11:20:00+05:30,422.45,422.55,422.3,422.55,9611,ITC
2025-06-09 11:21:00+05:30,422.55,422.7,422.3,422.6,44615,ITC
2025-06-09 11:22:00+05:30,422.6,422.7,422.0,422.05,54938,ITC
2025-06-09 11:23:00+05:30,422.05,422.5,422.05,422.5,19555,ITC
2025-06-09 11:24:00+05:30,422.5,422.75,422.35,422.7,52346,ITC
2025-06-09 11:25:00+05:30,422.7,422.7,422.5,422.55,33851,ITC
2025-06-09 11:26:00+05:30,422.55,422.7,422.4,422.55,34595,ITC
2025-06-09 11:27:00+05:30,422.45,422.65,422.3,422.5,49197,ITC
2025-06-09 11:28:00+05:30,422.55,422.75,422.5,422.5,23176,ITC
2025-06-09 11:29:00+05:30,422.5,422.6,422.4,422.5,72701,ITC
2025-06-09 11:30:00+05:30,422.5,423.25,422.5,423.0,120579,ITC
2025-06-09 11:31:00+05:30,423.0,423.2,423.0,423.1,32115,ITC
2025-06-09 11:32:00+05:30,423.05,423.1,423.0,423.0,13257,ITC
2025-06-09 11:33:00+05:30,423.0,423.3,423.0,423.05,62387,ITC
2025-06-09 11:34:00+05:30,423.05,423.25,423.0,423.05,12921,ITC
2025-06-09 11:35:00+05:30,423.2,423.25,423.0,423.2,1513459,ITC
2025-06-09 11:36:00+05:30,423.05,423.3,423.0,423.25,17903,ITC
2025-06-09 11:37:00+05:30,423.05,423.25,423.0,423.15,7623,ITC
2025-06-09 11:38:00+05:30,423.0,423.3,423.0,423.2,17288,ITC
2025-06-09 11:39:00+05:30,423.05,423.25,423.0,423.25,23390,ITC
2025-06-09 11:40:00+05:30,423.25,423.25,423.05,423.05,12727,ITC
2025-06-09 11:41:00+05:30,423.05,423.25,423.0,423.2,19440,ITC
2025-06-09 11:42:00+05:30,423.0,423.2,423.0,423.15,9214,ITC
2025-06-09 11:43:00+05:30,423.15,423.15,423.0,423.0,5707,ITC
2025-06-09 11:44:00+05:30,423.15,423.2,423.0,423.15,13579,ITC
2025-06-09 11:45:00+05:30,423.2,423.25,423.0,423.0,8975,ITC
2025-06-09 11:46:00+05:30,423.15,423.2,423.0,423.15,11534,ITC
2025-06-09 11:47:00+05:30,423.15,423.2,423.0,423.0,7013,ITC
2025-06-09 11:48:00+05:30,423.0,423.15,423.0,423.0,5409,ITC
2025-06-09 11:49:00+05:30,423.1,423.25,423.0,423.15,18419,ITC
2025-06-09 11:50:00+05:30,423.15,423.25,423.0,423.0,9904,ITC
2025-06-09 11:51:00+05:30,423.0,423.25,423.0,423.0,7459,ITC
2025-06-09 11:52:00+05:30,423.0,423.15,423.0,423.0,12331,ITC
2025-06-09 11:53:00+05:30,423.1,423.25,423.0,423.0,91779,ITC
2025-06-09 11:54:00+05:30,423.05,423.15,423.0,423.0,22864,ITC
2025-06-09 11:55:00+05:30,423.15,423.2,423.0,423.05,23398,ITC
2025-06-09 11:56:00+05:30,423.25,423.25,423.0,423.0,13572,ITC
2025-06-09 11:57:00+05:30,423.0,423.2,423.0,423.05,10639,ITC
2025-06-09 11:58:00+05:30,423.0,423.1,423.0,423.1,23014,ITC
2025-06-09 11:59:00+05:30,423.1,423.1,423.0,423.0,6718,ITC
2025-06-09 12:00:00+05:30,423.0,423.25,423.0,423.15,9657,ITC
2025-06-09 12:01:00+05:30,423.0,423.25,423.0,423.0,11825,ITC
2025-06-09 12:02:00+05:30,423.05,423.1,423.0,423.05,9135,ITC
2025-06-09 12:03:00+05:30,423.0,423.1,423.0,423.0,10182,ITC
2025-06-09 12:04:00+05:30,423.0,423.2,423.0,423.2,12282,ITC
2025-06-09 12:05:00+05:30,423.2,423.25,423.0,423.2,8826,ITC
2025-06-09 12:06:00+05:30,423.2,423.2,423.0,423.2,11304,ITC
2025-06-09 12:07:00+05:30,423.2,423.25,423.0,423.25,10293,ITC
2025-06-09 12:08:00+05:30,423.25,423.25,423.0,423.15,6607,ITC
2025-06-09 12:09:00+05:30,423.15,423.15,423.0,423.0,6033,ITC
2025-06-09 12:10:00+05:30,423.15,423.6,423.0,423.4,90245,ITC
2025-06-09 12:11:00+05:30,423.4,423.4,423.15,423.25,5564,ITC
2025-06-09 12:12:00+05:30,423.2,423.3,423.1,423.2,9297,ITC
2025-06-09 12:13:00+05:30,423.15,423.5,423.1,423.25,34138,ITC
2025-06-09 12:14:00+05:30,423.25,423.35,423.1,423.2,5209,ITC
2025-06-09 12:15:00+05:30,423.2,423.3,423.1,423.2,8310,ITC
2025-06-09 12:16:00+05:30,423.2,423.4,423.1,423.15,12122,ITC
2025-06-09 12:17:00+05:30,423.1,423.2,423.1,423.1,5405,ITC
2025-06-09 12:18:00+05:30,423.1,423.2,423.1,423.15,10627,ITC
2025-06-09 12:19:00+05:30,423.2,423.4,423.15,423.25,8714,ITC
2025-06-09 12:20:00+05:30,423.25,423.45,423.2,423.25,7105,ITC
2025-06-09 12:21:00+05:30,423.25,423.4,423.2,423.25,10573,ITC
2025-06-09 12:22:00+05:30,423.2,423.4,423.15,423.35,12235,ITC
2025-06-09 12:23:00+05:30,423.35,423.4,423.15,423.2,13161,ITC
2025-06-09 12:24:00+05:30,423.2,423.3,423.15,423.15,11270,ITC
2025-06-09 12:25:00+05:30,423.2,423.4,423.15,423.25,11521,ITC
2025-06-09 12:26:00+05:30,423.25,423.4,423.2,423.3,10713,ITC
2025-06-09 12:27:00+05:30,423.3,423.45,423.2,423.35,10198,ITC
2025-06-09 12:28:00+05:30,423.3,423.45,423.25,423.4,8336,ITC
2025-06-09 12:29:00+05:30,423.35,423.45,423.25,423.35,9212,ITC
2025-06-09 12:30:00+05:30,423.3,423.4,423.25,423.3,6445,ITC
2025-06-09 12:31:00+05:30,423.35,423.4,423.2,423.2,24212,ITC
2025-06-09 12:32:00+05:30,423.25,423.25,422.85,422.95,96432,ITC
2025-06-09 12:33:00+05:30,423.0,423.0,422.95,423.0,33066,ITC
2025-06-09 12:34:00+05:30,422.95,423.05,422.85,422.95,21212,ITC
2025-06-09 12:35:00+05:30,422.9,423.0,422.9,422.9,11291,ITC
2025-06-09 12:36:00+05:30,422.95,423.05,422.9,422.95,14903,ITC
2025-06-09 12:37:00+05:30,423.0,423.0,422.75,422.75,16559,ITC
2025-06-09 12:38:00+05:30,422.9,422.95,422.55,422.65,35163,ITC
2025-06-09 12:39:00+05:30,422.65,422.8,422.65,422.8,12909,ITC
2025-06-09 12:40:00+05:30,422.75,422.85,422.65,422.75,15784,ITC
2025-06-09 12:41:00+05:30,422.65,422.95,422.65,422.85,12034,ITC
2025-06-09 12:42:00+05:30,422.9,422.95,422.75,422.85,13597,ITC
2025-06-09 12:43:00+05:30,422.9,422.95,422.75,422.8,12936,ITC
2025-06-09 12:44:00+05:30,422.85,423.05,422.8,422.95,12515,ITC
2025-06-09 12:45:00+05:30,423.0,423.05,422.9,423.0,13354,ITC
2025-06-09 12:46:00+05:30,422.95,423.15,422.95,423.05,9005,ITC
2025-06-09 12:47:00+05:30,423.05,423.1,422.95,423.0,14141,ITC
2025-06-09 12:48:00+05:30,422.95,423.1,422.95,423.05,10160,ITC
2025-06-09 12:49:00+05:30,423.0,423.15,422.9,423.0,13638,ITC
2025-06-09 12:50:00+05:30,423.05,423.1,422.9,423.0,12627,ITC
2025-06-09 12:51:00+05:30,423.05,423.2,422.9,422.9,11643,ITC
2025-06-09 12:52:00+05:30,423.0,423.15,422.9,423.0,7452,ITC
2025-06-09 12:53:00+05:30,423.05,423.1,422.8,422.85,15018,ITC
2025-06-09 12:54:00+05:30,422.85,423.1,422.8,422.9,13578,ITC
2025-06-09 12:55:00+05:30,422.95,423.1,422.8,422.9,11486,ITC
2025-06-09 12:56:00+05:30,422.95,423.1,422.9,423.0,12620,ITC
2025-06-09 12:57:00+05:30,423.05,423.1,423.0,423.0,11280,ITC
2025-06-09 12:58:00+05:30,423.0,423.2,423.0,423.15,10618,ITC
2025-06-09 12:59:00+05:30,423.15,423.2,422.9,422.9,11687,ITC
2025-06-09 13:00:00+05:30,422.95,423.1,422.9,423.0,16804,ITC
2025-06-09 13:01:00+05:30,423.05,423.2,422.9,423.0,20675,ITC
2025-06-09 13:02:00+05:30,423.05,423.15,423.0,423.0,12344,ITC
2025-06-09 13:03:00+05:30,423.05,423.15,423.0,423.0,8839,ITC
2025-06-09 13:04:00+05:30,423.05,423.1,422.9,422.95,14926,ITC
2025-06-09 13:05:00+05:30,422.9,423.05,422.8,422.9,32917,ITC
2025-06-09 13:06:00+05:30,422.9,423.1,422.8,423.0,11045,ITC
2025-06-09 13:07:00+05:30,423.05,423.2,423.0,423.0,24913,ITC
2025-06-09 13:08:00+05:30,423.05,423.1,423.0,423.0,10847,ITC
2025-06-09 13:09:00+05:30,423.05,423.1,422.9,423.0,22309,ITC
2025-06-09 13:10:00+05:30,423.0,423.2,423.0,423.0,11334,ITC
2025-06-09 13:11:00+05:30,423.0,423.15,423.0,423.0,13981,ITC
2025-06-09 13:12:00+05:30,423.05,423.15,423.0,423.05,12328,ITC
2025-06-09 13:13:00+05:30,423.1,423.15,423.0,423.05,18587,ITC
2025-06-09 13:14:00+05:30,423.05,423.15,423.0,423.05,7814,ITC
2025-06-09 13:15:00+05:30,423.05,423.15,423.0,423.05,10125,ITC
2025-06-09 13:16:00+05:30,423.1,423.2,423.0,423.0,7946,ITC
2025-06-09 13:17:00+05:30,423.0,423.15,423.0,423.0,11977,ITC
2025-06-09 13:18:00+05:30,423.0,423.25,423.0,423.2,15911,ITC
2025-06-09 13:19:00+05:30,423.15,423.25,423.0,423.05,13741,ITC
2025-06-09 13:20:00+05:30,423.05,423.15,423.0,423.0,44651,ITC
2025-06-09 13:21:00+05:30,423.0,423.05,423.0,423.0,9682,ITC
2025-06-09 13:22:00+05:30,423.05,423.1,422.75,422.75,15684,ITC
2025-06-09 13:23:00+05:30,422.75,423.0,422.75,422.9,11909,ITC
2025-06-09 13:24:00+05:30,422.8,423.0,422.8,422.95,17267,ITC
2025-06-09 13:25:00+05:30,422.95,423.1,422.8,422.95,13992,ITC
2025-06-09 13:26:00+05:30,422.9,423.1,422.9,422.95,13784,ITC
2025-06-09 13:27:00+05:30,422.95,423.1,422.95,423.1,13139,ITC
2025-06-09 13:28:00+05:30,423.05,423.15,423.0,423.0,11026,ITC
2025-06-09 13:29:00+05:30,423.0,423.2,423.0,423.05,10425,ITC
2025-06-09 13:30:00+05:30,423.05,423.15,423.0,423.0,14198,ITC
2025-06-09 13:31:00+05:30,423.05,423.15,423.0,423.05,12444,ITC
2025-06-09 13:32:00+05:30,423.0,423.15,423.0,423.0,11361,ITC
2025-06-09 13:33:00+05:30,423.0,423.1,422.9,423.05,12505,ITC
2025-06-09 13:34:00+05:30,423.0,423.05,422.9,422.9,14793,ITC
2025-06-09 13:35:00+05:30,422.95,423.05,422.8,422.8,11759,ITC
2025-06-09 13:36:00+05:30,422.8,423.0,422.75,422.8,13356,ITC
2025-06-09 13:37:00+05:30,422.8,423.0,422.8,423.0,13248,ITC
2025-06-09 13:38:00+05:30,423.0,423.05,422.8,422.8,18830,ITC
2025-06-09 13:39:00+05:30,422.8,423.1,422.75,423.0,13266,ITC
2025-06-09 13:40:00+05:30,423.05,423.1,422.8,422.8,22200,ITC
2025-06-09 13:41:00+05:30,422.9,423.0,422.75,422.85,13020,ITC
2025-06-09 13:42:00+05:30,422.75,423.0,422.75,422.75,11788,ITC
2025-06-09 13:43:00+05:30,422.8,423.0,422.75,422.85,14073,ITC
2025-06-09 13:44:00+05:30,422.9,423.0,422.85,422.9,16200,ITC
2025-06-09 13:45:00+05:30,422.95,423.0,422.9,422.9,18200,ITC
2025-06-09 13:46:00+05:30,422.9,423.0,422.75,422.75,15017,ITC
2025-06-09 13:47:00+05:30,422.75,423.0,422.75,422.8,13405,ITC
2025-06-09 13:48:00+05:30,422.75,423.0,422.75,422.8,13048,ITC
2025-06-09 13:49:00+05:30,422.9,423.0,422.8,422.8,15308,ITC
2025-06-09 13:50:00+05:30,422.85,423.0,422.8,422.9,15776,ITC
2025-06-09 13:51:00+05:30,422.9,423.0,422.9,422.9,16198,ITC
2025-06-09 13:52:00+05:30,422.9,423.0,422.9,422.9,13281,ITC
2025-06-09 13:53:00+05:30,422.95,423.2,422.9,423.0,19217,ITC
2025-06-09 13:54:00+05:30,423.0,423.2,423.0,423.05,11232,ITC
2025-06-09 13:55:00+05:30,423.0,423.1,423.0,423.05,9787,ITC
2025-06-09 13:56:00+05:30,423.05,423.2,423.0,423.1,10509,ITC
2025-06-09 13:57:00+05:30,423.05,423.2,423.0,423.05,8597,ITC
2025-06-09 13:58:00+05:30,423.05,423.2,423.0,423.0,10980,ITC
2025-06-09 13:59:00+05:30,423.0,423.2,423.0,423.05,8517,ITC
2025-06-09 14:00:00+05:30,423.0,423.15,422.95,423.0,10548,ITC
2025-06-09 14:01:00+05:30,423.0,423.2,423.0,423.0,9518,ITC
2025-06-09 14:02:00+05:30,423.05,423.2,423.0,423.05,8611,ITC
2025-06-09 14:03:00+05:30,423.05,423.15,423.0,423.0,10293,ITC
2025-06-09 14:04:00+05:30,423.0,423.05,423.0,423.0,10953,ITC
2025-06-09 14:05:00+05:30,423.0,423.2,423.0,423.15,19527,ITC
2025-06-09 14:06:00+05:30,423.0,423.2,423.0,423.05,12279,ITC
2025-06-09 14:07:00+05:30,423.05,423.2,423.0,423.0,13978,ITC
2025-06-09 14:08:00+05:30,423.05,423.1,423.0,423.05,10073,ITC
2025-06-09 14:09:00+05:30,423.1,423.2,423.0,423.15,18651,ITC
2025-06-09 14:10:00+05:30,423.15,423.25,423.0,423.0,29439,ITC
2025-06-09 14:11:00+05:30,423.05,423.1,423.0,423.0,14762,ITC
2025-06-09 14:12:00+05:30,423.0,423.25,423.0,423.1,10439,ITC
2025-06-09 14:13:00+05:30,423.0,423.25,423.0,423.1,8774,ITC
2025-06-09 14:14:00+05:30,423.0,423.25,423.0,423.0,16439,ITC
2025-06-09 14:15:00+05:30,423.0,423.15,422.95,423.0,14720,ITC
2025-06-09 14:16:00+05:30,423.0,423.2,422.95,423.0,13394,ITC
2025-06-09 14:17:00+05:30,423.0,423.2,423.0,423.0,7686,ITC
2025-06-09 14:18:00+05:30,423.0,423.2,423.0,423.05,7188,ITC
2025-06-09 14:19:00+05:30,423.05,423.2,423.0,423.0,12381,ITC
2025-06-09 14:20:00+05:30,423.0,423.15,422.95,423.0,13058,ITC
2025-06-09 14:21:00+05:30,423.0,423.15,422.85,423.0,15456,ITC
2025-06-09 14:22:00+05:30,423.05,423.15,423.0,423.0,7710,ITC
2025-06-09 14:23:00+05:30,423.05,423.15,423.0,423.0,13809,ITC
2025-06-09 14:24:00+05:30,423.05,423.05,422.7,422.75,38480,ITC
2025-06-09 14:25:00+05:30,422.8,423.0,422.7,423.0,14849,ITC
2025-06-09 14:26:00+05:30,422.95,423.0,422.8,422.8,15406,ITC
2025-06-09 14:27:00+05:30,422.8,423.0,422.8,422.9,17831,ITC
2025-06-09 14:28:00+05:30,422.9,423.1,422.8,422.85,23499,ITC
2025-06-09 14:29:00+05:30,422.85,423.0,422.8,422.85,20667,ITC
2025-06-09 14:30:00+05:30,422.85,423.0,422.8,422.9,16055,ITC
2025-06-09 14:31:00+05:30,422.9,423.05,422.8,423.0,14250,ITC
2025-06-09 14:32:00+05:30,423.0,423.15,423.0,423.15,10722,ITC
2025-06-09 14:33:00+05:30,423.15,423.2,423.0,423.2,11985,ITC
2025-06-09 14:34:00+05:30,423.0,423.2,422.9,423.0,16082,ITC
2025-06-09 14:35:00+05:30,423.05,423.1,422.8,422.95,25656,ITC
2025-06-09 14:36:00+05:30,422.95,423.2,422.9,423.0,20028,ITC
2025-06-09 14:37:00+05:30,423.0,423.15,422.9,423.1,12619,ITC
2025-06-09 14:38:00+05:30,423.0,423.15,422.8,422.8,34350,ITC
2025-06-09 14:39:00+05:30,422.85,423.0,422.75,422.85,21279,ITC
2025-06-09 14:40:00+05:30,422.8,423.0,422.7,422.85,18141,ITC
2025-06-09 14:41:00+05:30,422.95,423.0,422.75,422.85,20338,ITC
2025-06-09 14:42:00+05:30,422.8,423.1,422.8,423.0,18292,ITC
2025-06-09 14:43:00+05:30,423.05,423.1,422.85,423.0,17895,ITC
2025-06-09 14:44:00+05:30,422.85,423.1,422.85,423.05,19635,ITC
2025-06-09 14:45:00+05:30,423.05,423.1,422.8,422.8,24225,ITC
2025-06-09 14:46:00+05:30,423.0,423.0,422.7,422.85,20310,ITC
2025-06-09 14:47:00+05:30,422.8,422.95,422.65,422.9,15677,ITC
2025-06-09 14:48:00+05:30,422.8,422.95,422.75,422.8,19352,ITC
2025-06-09 14:49:00+05:30,422.8,423.0,422.75,422.85,15845,ITC
2025-06-09 14:50:00+05:30,422.85,423.0,422.8,422.95,15214,ITC
2025-06-09 14:51:00+05:30,422.95,423.0,422.8,423.0,19489,ITC
2025-06-09 14:52:00+05:30,422.9,423.0,422.8,422.95,20857,ITC
2025-06-09 14:53:00+05:30,422.9,423.05,422.85,423.0,27172,ITC
2025-06-09 14:54:00+05:30,423.0,423.05,422.85,423.0,14752,ITC
2025-06-09 14:55:00+05:30,423.05,423.05,422.85,423.0,15478,ITC
2025-06-09 14:56:00+05:30,423.0,423.1,422.85,423.05,14792,ITC
2025-06-09 14:57:00+05:30,423.0,423.15,422.85,423.0,16712,ITC
2025-06-09 14:58:00+05:30,422.85,423.0,422.85,423.0,25960,ITC
2025-06-09 14:59:00+05:30,423.0,423.05,422.85,423.0,14830,ITC
2025-06-09 15:00:00+05:30,423.05,423.05,422.85,422.95,22207,ITC
2025-06-09 15:01:00+05:30,422.95,423.0,422.8,423.0,21832,ITC
2025-06-09 15:02:00+05:30,423.0,423.0,422.8,422.8,17688,ITC
2025-06-09 15:03:00+05:30,422.8,423.05,422.8,423.0,27045,ITC
2025-06-09 15:04:00+05:30,423.0,423.05,422.85,422.85,18609,ITC
2025-06-09 15:05:00+05:30,422.85,423.0,422.8,422.85,18800,ITC
2025-06-09 15:06:00+05:30,422.85,423.0,422.8,422.95,28017,ITC
2025-06-09 15:07:00+05:30,422.9,423.05,422.8,423.0,38816,ITC
2025-06-09 15:08:00+05:30,422.85,423.05,422.8,422.95,16089,ITC
2025-06-09 15:09:00+05:30,422.9,423.0,422.75,423.0,19044,ITC
2025-06-09 15:10:00+05:30,422.85,423.05,422.8,423.0,23201,ITC
2025-06-09 15:11:00+05:30,423.0,423.05,422.9,422.95,24833,ITC
2025-06-09 15:12:00+05:30,422.95,423.0,422.8,422.9,23522,ITC
2025-06-09 15:13:00+05:30,422.85,423.0,422.8,423.0,24849,ITC
2025-06-09 15:14:00+05:30,422.85,423.0,422.8,422.95,30590,ITC
2025-06-09 15:15:00+05:30,422.95,423.0,422.8,423.0,27240,ITC
2025-06-09 15:16:00+05:30,422.9,423.0,422.8,422.95,17889,ITC
2025-06-09 15:17:00+05:30,422.9,423.05,422.8,423.0,41793,ITC
2025-06-09 15:18:00+05:30,423.0,423.15,422.8,422.9,62914,ITC
2025-06-09 15:19:00+05:30,422.9,423.15,422.85,423.0,25100,ITC
2025-06-09 15:20:00+05:30,423.0,423.2,423.0,423.05,17418,ITC
2025-06-09 15:21:00+05:30,423.0,423.2,423.0,423.05,17818,ITC
2025-06-09 15:22:00+05:30,423.15,423.2,423.05,423.2,53150,ITC
2025-06-09 15:23:00+05:30,423.2,423.5,423.15,423.4,54561,ITC
2025-06-09 15:24:00+05:30,423.4,423.4,423.05,423.2,14628,ITC
2025-06-09 15:25:00+05:30,423.15,423.2,423.05,423.2,17938,ITC
2025-06-09 15:26:00+05:30,423.2,423.2,423.1,423.2,11745,ITC
2025-06-09 15:27:00+05:30,423.15,423.2,423.15,423.2,20896,ITC
2025-06-09 15:28:00+05:30,423.15,423.45,423.0,423.25,48294,ITC
2025-06-09 15:29:00+05:30,423.15,423.4,423.0,423.0,19244,ITC
2025-06-10 09:15:00+05:30,424.5,425.4,423.6,424.0,283509,ITC
2025-06-10 09:16:00+05:30,423.95,424.45,423.5,423.6,41350,ITC
2025-06-10 09:17:00+05:30,423.7,423.9,423.05,423.85,89881,ITC
2025-06-10 09:18:00+05:30,423.8,424.0,423.65,423.8,20346,ITC
2025-06-10 09:19:00+05:30,423.75,424.15,423.6,424.15,33060,ITC
2025-06-10 09:20:00+05:30,424.05,424.2,423.75,423.9,20114,ITC
2025-06-10 09:21:00+05:30,423.8,424.0,423.65,423.95,15157,ITC
2025-06-10 09:22:00+05:30,423.95,424.1,423.65,423.65,19593,ITC
2025-06-10 09:23:00+05:30,423.75,423.95,423.4,423.65,23823,ITC
2025-06-10 09:24:00+05:30,423.65,423.85,423.45,423.7,13793,ITC
2025-06-10 09:25:00+05:30,423.7,424.0,423.5,423.9,10151,ITC
2025-06-10 09:26:00+05:30,424.0,424.15,423.75,424.05,50692,ITC
2025-06-10 09:27:00+05:30,424.0,424.3,423.95,424.2,15952,ITC
2025-06-10 09:28:00+05:30,424.2,424.2,423.65,423.8,15936,ITC
2025-06-10 09:29:00+05:30,423.9,423.95,423.1,423.5,82834,ITC
2025-06-10 09:30:00+05:30,423.45,423.45,423.05,423.05,25725,ITC
2025-06-10 09:31:00+05:30,423.15,423.5,423.15,423.4,13371,ITC
2025-06-10 09:32:00+05:30,423.35,423.5,423.25,423.4,11347,ITC
2025-06-10 09:33:00+05:30,423.45,423.75,423.4,423.55,10051,ITC
2025-06-10 09:34:00+05:30,423.7,423.85,423.55,423.8,8999,ITC
2025-06-10 09:35:00+05:30,423.75,423.8,423.45,423.6,10788,ITC
2025-06-10 09:36:00+05:30,423.55,423.7,423.5,423.5,8724,ITC
2025-06-10 09:37:00+05:30,423.6,423.7,423.5,423.55,13323,ITC
2025-06-10 09:38:00+05:30,423.55,424.2,423.55,424.2,14660,ITC
2025-06-10 09:39:00+05:30,424.05,424.3,424.0,424.15,19113,ITC
2025-06-10 09:40:00+05:30,424.15,424.2,424.0,424.15,11535,ITC
2025-06-10 09:41:00+05:30,424.15,424.35,424.0,424.25,19368,ITC
2025-06-10 09:42:00+05:30,424.25,424.25,424.0,424.2,15516,ITC
2025-06-10 09:43:00+05:30,424.2,424.4,424.0,424.3,26300,ITC
2025-06-10 09:44:00+05:30,424.3,424.35,423.7,424.25,40378,ITC
2025-06-10 09:45:00+05:30,424.25,424.3,424.05,424.15,11220,ITC
2025-06-10 09:46:00+05:30,424.1,424.3,423.75,423.9,9735,ITC
2025-06-10 09:47:00+05:30,423.85,424.2,423.75,424.05,14944,ITC
2025-06-10 09:48:00+05:30,424.1,424.15,424.05,424.05,4682,ITC
2025-06-10 09:49:00+05:30,424.1,424.1,423.9,424.0,15808,ITC
2025-06-10 09:50:00+05:30,424.0,424.3,423.9,424.3,14780,ITC
2025-06-10 09:51:00+05:30,424.3,424.4,424.1,424.35,26438,ITC
2025-06-10 09:52:00+05:30,424.35,424.65,424.15,424.5,38719,ITC
2025-06-10 09:53:00+05:30,424.45,424.65,424.4,424.6,16193,ITC
2025-06-10 09:54:00+05:30,424.45,424.6,424.4,424.5,13922,ITC
2025-06-10 09:55:00+05:30,424.6,424.6,424.4,424.55,5674,ITC
2025-06-10 09:56:00+05:30,424.5,424.7,424.45,424.7,12576,ITC
2025-06-10 09:57:00+05:30,424.7,424.75,424.55,424.7,28741,ITC
2025-06-10 09:58:00+05:30,424.7,424.75,424.5,424.7,10462,ITC
2025-06-10 09:59:00+05:30,424.7,424.75,424.55,424.55,15091,ITC
2025-06-10 10:00:00+05:30,424.75,424.75,424.55,424.7,10324,ITC
2025-06-10 10:01:00+05:30,424.7,424.7,424.55,424.6,8846,ITC
2025-06-10 10:02:00+05:30,424.7,424.75,424.55,424.65,12248,ITC
2025-06-10 10:03:00+05:30,424.75,424.8,424.6,424.8,5403,ITC
2025-06-10 10:04:00+05:30,424.8,424.85,424.7,424.8,9302,ITC
2025-06-10 10:05:00+05:30,424.85,424.85,424.5,424.75,10467,ITC
2025-06-10 10:06:00+05:30,424.7,424.85,424.6,424.8,8536,ITC
2025-06-10 10:07:00+05:30,424.8,424.85,424.7,424.85,10693,ITC
2025-06-10 10:08:00+05:30,424.85,425.15,424.75,425.05,134204,ITC
2025-06-10 10:09:00+05:30,425.05,425.05,424.85,425.0,10148,ITC
2025-06-10 10:10:00+05:30,425.0,425.0,424.85,425.0,15453,ITC
2025-06-10 10:11:00+05:30,425.0,425.0,424.85,425.0,8815,ITC
2025-06-10 10:12:00+05:30,425.0,425.05,424.85,425.05,14939,ITC
2025-06-10 10:13:00+05:30,425.05,425.2,425.0,425.2,14311,ITC
2025-06-10 10:14:00+05:30,425.2,425.3,425.15,425.25,26794,ITC
2025-06-10 10:15:00+05:30,425.25,425.3,425.25,425.3,10173,ITC
2025-06-10 10:16:00+05:30,425.3,425.3,425.25,425.3,7372,ITC
2025-06-10 10:17:00+05:30,425.25,425.3,425.05,425.05,12673,ITC
2025-06-10 10:18:00+05:30,425.1,425.15,425.0,425.1,10219,ITC
2025-06-10 10:19:00+05:30,425.1,425.15,425.0,425.15,10795,ITC
2025-06-10 10:20:00+05:30,425.1,425.3,425.05,425.25,16907,ITC
2025-06-10 10:21:00+05:30,425.25,425.25,425.05,425.25,7105,ITC
2025-06-10 10:22:00+05:30,425.25,425.25,425.0,425.25,10503,ITC
2025-06-10 10:23:00+05:30,425.25,425.25,425.0,425.1,6924,ITC
2025-06-10 10:24:00+05:30,425.15,425.2,425.0,425.0,10672,ITC
2025-06-10 10:25:00+05:30,425.05,425.15,425.0,425.0,13869,ITC
2025-06-10 10:26:00+05:30,425.0,425.1,424.8,424.9,32021,ITC
2025-06-10 10:27:00+05:30,424.95,424.95,424.6,424.75,4754,ITC
2025-06-10 10:28:00+05:30,424.7,425.0,424.6,425.0,19223,ITC
2025-06-10 10:29:00+05:30,425.0,425.0,424.8,424.95,5212,ITC
2025-06-10 10:30:00+05:30,424.95,425.0,424.85,424.95,3495,ITC
2025-06-10 10:31:00+05:30,424.95,425.15,424.85,425.15,24416,ITC
2025-06-10 10:32:00+05:30,425.15,425.15,425.0,425.05,6209,ITC
2025-06-10 10:33:00+05:30,425.1,425.2,425.0,425.15,12504,ITC
2025-06-10 10:34:00+05:30,425.2,425.2,425.0,425.2,6175,ITC
2025-06-10 10:35:00+05:30,425.2,425.2,424.95,424.95,15174,ITC
2025-06-10 10:36:00+05:30,425.0,425.1,424.5,425.05,80571,ITC
2025-06-10 10:37:00+05:30,425.05,425.1,424.95,425.05,5140,ITC
2025-06-10 10:38:00+05:30,425.0,425.1,424.9,425.05,3617,ITC
2025-06-10 10:39:00+05:30,425.05,425.1,424.85,425.05,35390,ITC
2025-06-10 10:40:00+05:30,425.0,425.1,424.8,425.0,18184,ITC
2025-06-10 10:41:00+05:30,425.05,425.1,424.75,424.85,23228,ITC
2025-06-10 10:42:00+05:30,425.0,425.05,424.8,425.05,10215,ITC
2025-06-10 10:43:00+05:30,425.05,425.05,424.85,424.95,9525,ITC
2025-06-10 10:44:00+05:30,425.05,425.05,424.85,425.05,8825,ITC
2025-06-10 10:45:00+05:30,424.95,425.05,424.8,424.9,38062,ITC
2025-06-10 10:46:00+05:30,424.8,425.05,424.8,425.05,22150,ITC
2025-06-10 10:47:00+05:30,425.05,425.05,425.0,425.05,8381,ITC
2025-06-10 10:48:00+05:30,425.0,425.05,425.0,425.0,12223,ITC
2025-06-10 10:49:00+05:30,425.05,425.1,425.0,425.05,6491,ITC
2025-06-10 10:50:00+05:30,425.05,425.05,425.0,425.05,6006,ITC
2025-06-10 10:51:00+05:30,425.0,425.25,425.0,425.05,21692,ITC
2025-06-10 10:52:00+05:30,425.05,425.05,424.8,424.85,11612,ITC
2025-06-10 10:53:00+05:30,424.85,424.9,424.75,424.85,7348,ITC
2025-06-10 10:54:00+05:30,424.9,425.25,424.75,425.1,69672,ITC
2025-06-10 10:55:00+05:30,425.1,425.25,425.0,425.05,11571,ITC
2025-06-10 10:56:00+05:30,425.1,425.1,424.8,424.95,21237,ITC
2025-06-10 10:57:00+05:30,424.9,425.0,424.8,425.0,7348,ITC
2025-06-10 10:58:00+05:30,425.0,425.05,424.95,425.05,17976,ITC
2025-06-10 10:59:00+05:30,425.0,425.05,425.0,425.05,6214,ITC
2025-06-10 11:00:00+05:30,425.0,425.05,424.9,425.0,10148,ITC
2025-06-10 11:01:00+05:30,425.0,425.05,424.85,425.0,7228,ITC
2025-06-10 11:02:00+05:30,425.0,425.1,424.85,424.95,27551,ITC
2025-06-10 11:03:00+05:30,424.95,425.0,424.85,425.0,3433,ITC
2025-06-10 11:04:00+05:30,425.0,425.0,424.85,424.95,3101,ITC
2025-06-10 11:05:00+05:30,424.9,425.05,424.9,425.05,9462,ITC
2025-06-10 11:06:00+05:30,425.05,425.05,424.9,425.0,5389,ITC
2025-06-10 11:07:00+05:30,425.0,425.05,424.9,425.05,4271,ITC
2025-06-10 11:08:00+05:30,425.05,425.05,424.9,425.0,6818,ITC
2025-06-10 11:09:00+05:30,425.0,425.15,424.95,425.15,11412,ITC
2025-06-10 11:10:00+05:30,425.15,425.2,425.0,425.15,5180,ITC
2025-06-10 11:11:00+05:30,425.15,425.2,425.0,425.15,5506,ITC
2025-06-10 11:12:00+05:30,425.15,425.6,425.0,425.5,195320,ITC
2025-06-10 11:13:00+05:30,425.5,425.55,425.5,425.55,26361,ITC
2025-06-10 11:14:00+05:30,425.5,425.55,425.5,425.55,13486,ITC
2025-06-10 11:15:00+05:30,425.55,425.55,425.5,425.55,11624,ITC
2025-06-10 11:16:00+05:30,425.5,425.55,425.5,425.55,11777,ITC
2025-06-10 11:17:00+05:30,425.5,425.6,425.5,425.6,22243,ITC
2025-06-10 11:18:00+05:30,425.6,425.65,425.5,425.65,15096,ITC
2025-06-10 11:19:00+05:30,425.6,425.85,425.55,425.8,45931,ITC
2025-06-10 11:20:00+05:30,425.8,425.9,425.6,425.85,18223,ITC
2025-06-10 11:21:00+05:30,425.85,425.9,425.6,425.85,52413,ITC
2025-06-10 11:22:00+05:30,425.9,425.95,425.8,425.9,33036,ITC
2025-06-10 11:23:00+05:30,425.95,426.3,425.85,426.2,167026,ITC
2025-06-10 11:24:00+05:30,426.2,426.4,426.1,426.2,18804,ITC
2025-06-10 11:25:00+05:30,426.2,426.25,426.05,426.15,27195,ITC
2025-06-10 11:26:00+05:30,426.15,426.2,426.05,426.2,11763,ITC
2025-06-10 11:27:00+05:30,426.2,426.6,426.05,426.55,154492,ITC
2025-06-10 11:28:00+05:30,426.55,426.55,426.05,426.2,94526,ITC
2025-06-10 11:29:00+05:30,426.2,426.25,425.95,426.15,28340,ITC
2025-06-10 11:30:00+05:30,426.15,426.25,426.0,426.2,7898,ITC
2025-06-10 11:31:00+05:30,426.2,426.3,426.0,426.3,34754,ITC
2025-06-10 11:32:00+05:30,426.3,426.4,426.1,426.4,8836,ITC
2025-06-10 11:33:00+05:30,426.4,426.4,426.15,426.4,9434,ITC
2025-06-10 11:34:00+05:30,426.4,426.4,426.05,426.3,8979,ITC
2025-06-10 11:35:00+05:30,426.3,426.35,426.05,426.25,12728,ITC
2025-06-10 11:36:00+05:30,426.25,426.5,426.1,426.4,34540,ITC
2025-06-10 11:37:00+05:30,426.45,426.5,426.2,426.4,8491,ITC
2025-06-10 11:38:00+05:30,426.4,426.45,426.2,426.35,11012,ITC
2025-06-10 11:39:00+05:30,426.35,426.45,426.2,426.4,12414,ITC
2025-06-10 11:40:00+05:30,426.45,426.45,426.2,426.25,10199,ITC
2025-06-10 11:41:00+05:30,426.4,426.45,426.2,426.4,7483,ITC
2025-06-10 11:42:00+05:30,426.35,426.45,426.2,426.35,17369,ITC
2025-06-10 11:43:00+05:30,426.3,426.45,426.2,426.2,12375,ITC
2025-06-10 11:44:00+05:30,426.4,426.4,426.0,426.25,65713,ITC
2025-06-10 11:45:00+05:30,426.25,426.4,426.1,426.25,8522,ITC
2025-06-10 11:46:00+05:30,426.25,426.4,426.2,426.4,6941,ITC
2025-06-10 11:47:00+05:30,426.35,426.4,426.15,426.35,5045,ITC
2025-06-10 11:48:00+05:30,426.35,426.35,426.15,426.3,9723,ITC
2025-06-10 11:49:00+05:30,426.3,426.35,426.05,426.3,19169,ITC
2025-06-10 11:50:00+05:30,426.25,426.3,426.05,426.15,6155,ITC
2025-06-10 11:51:00+05:30,426.25,426.3,426.0,426.05,23690,ITC
2025-06-10 11:52:00+05:30,426.1,426.1,426.0,426.05,11330,ITC
2025-06-10 11:53:00+05:30,426.0,426.1,426.0,426.1,15289,ITC
2025-06-10 11:54:00+05:30,426.1,426.1,426.0,426.1,14096,ITC
2025-06-10 11:55:00+05:30,426.05,426.1,426.0,426.05,11269,ITC
2025-06-10 11:56:00+05:30,426.05,426.1,426.0,426.05,33495,ITC
2025-06-10 11:57:00+05:30,426.05,426.05,425.7,426.05,69610,ITC
2025-06-10 11:58:00+05:30,426.05,426.05,425.85,426.0,14525,ITC
2025-06-10 11:59:00+05:30,426.0,426.1,425.85,426.1,7862,ITC
2025-06-10 12:00:00+05:30,426.1,426.1,426.0,426.05,6084,ITC
2025-06-10 12:01:00+05:30,426.1,426.2,425.95,426.15,12087,ITC
2025-06-10 12:02:00+05:30,426.15,426.15,426.0,426.15,11562,ITC
2025-06-10 12:03:00+05:30,426.15,426.2,425.9,426.2,12252,ITC
2025-06-10 12:04:00+05:30,426.2,426.25,426.0,426.1,6561,ITC
2025-06-10 12:05:00+05:30,426.0,426.2,426.0,426.1,5366,ITC
2025-06-10 12:06:00+05:30,426.1,426.15,426.0,426.05,10016,ITC
2025-06-10 12:07:00+05:30,426.05,426.2,426.0,426.15,36182,ITC
2025-06-10 12:08:00+05:30,426.15,426.2,426.0,426.15,7778,ITC
2025-06-10 12:09:00+05:30,426.15,426.2,426.0,426.15,7263,ITC
2025-06-10 12:10:00+05:30,426.15,426.15,426.0,426.0,15551,ITC
2025-06-10 12:11:00+05:30,426.1,426.1,426.0,426.1,9507,ITC
2025-06-10 12:12:00+05:30,426.05,426.1,426.0,426.0,18187,ITC
2025-06-10 12:13:00+05:30,426.05,426.05,426.0,426.05,34305,ITC
2025-06-10 12:14:00+05:30,426.0,426.05,425.95,426.05,53074,ITC
2025-06-10 12:15:00+05:30,426.05,426.05,425.95,426.05,78142,ITC
2025-06-10 12:16:00+05:30,426.05,426.05,426.0,426.05,17985,ITC
2025-06-10 12:17:00+05:30,426.05,426.1,426.0,426.05,18770,ITC
2025-06-10 12:18:00+05:30,426.0,426.1,425.95,426.05,80648,ITC
2025-06-10 12:19:00+05:30,426.05,426.05,426.0,426.05,31832,ITC
2025-06-10 12:20:00+05:30,426.05,426.05,425.55,425.75,54450,ITC
2025-06-10 12:21:00+05:30,425.75,425.8,425.55,425.7,12839,ITC
2025-06-10 12:22:00+05:30,425.7,425.75,425.55,425.7,11500,ITC
2025-06-10 12:23:00+05:30,425.65,425.75,425.6,425.7,8371,ITC
2025-06-10 12:24:00+05:30,425.7,425.7,425.5,425.7,16832,ITC
2025-06-10 12:25:00+05:30,425.7,425.7,425.55,425.7,12579,ITC
2025-06-10 12:26:00+05:30,425.65,425.7,425.55,425.65,6170,ITC
2025-06-10 12:27:00+05:30,425.7,425.8,425.5,425.7,16284,ITC
2025-06-10 12:28:00+05:30,425.7,425.75,425.6,425.7,9048,ITC
2025-06-10 12:29:00+05:30,425.7,425.75,425.6,425.75,10445,ITC
2025-06-10 12:30:00+05:30,425.75,425.8,425.6,425.75,8143,ITC
2025-06-10 12:31:00+05:30,425.75,425.8,425.6,425.8,14623,ITC
2025-06-10 12:32:00+05:30,425.8,425.85,425.6,425.85,18758,ITC
2025-06-10 12:33:00+05:30,425.85,426.65,425.7,426.1,205872,ITC
2025-06-10 12:34:00+05:30,426.05,426.25,426.0,426.25,31221,ITC
2025-06-10 12:35:00+05:30,426.2,426.3,426.05,426.1,14635,ITC
2025-06-10 12:36:00+05:30,426.25,426.25,426.05,426.25,23436,ITC
2025-06-10 12:37:00+05:30,426.25,426.3,426.05,426.25,20433,ITC
2025-06-10 12:38:00+05:30,426.25,426.45,426.1,426.25,27136,ITC
2025-06-10 12:39:00+05:30,426.4,426.7,426.25,426.55,99360,ITC
2025-06-10 12:40:00+05:30,426.55,426.8,426.3,426.55,125520,ITC
2025-06-10 12:41:00+05:30,426.55,426.6,426.3,426.5,22125,ITC
2025-06-10 12:42:00+05:30,426.5,426.9,426.4,426.8,118246,ITC
2025-06-10 12:43:00+05:30,426.75,426.95,426.55,426.7,70131,ITC
2025-06-10 12:44:00+05:30,426.7,426.85,426.6,426.7,17654,ITC
2025-06-10 12:45:00+05:30,426.8,427.05,426.6,426.95,185194,ITC
2025-06-10 12:46:00+05:30,426.95,427.05,426.7,426.9,23379,ITC
2025-06-10 12:47:00+05:30,426.9,427.0,426.8,426.85,16529,ITC
2025-06-10 12:48:00+05:30,426.85,426.85,426.6,426.7,26619,ITC
2025-06-10 12:49:00+05:30,426.75,426.85,426.6,426.85,14012,ITC
2025-06-10 12:50:00+05:30,426.85,426.85,426.65,426.75,18459,ITC
2025-06-10 12:51:00+05:30,426.75,426.9,426.7,426.85,21699,ITC
2025-06-10 12:52:00+05:30,426.85,426.95,426.6,426.95,37371,ITC
2025-06-10 12:53:00+05:30,426.9,427.0,426.75,426.85,29926,ITC
2025-06-10 12:54:00+05:30,426.9,427.0,426.75,426.95,23256,ITC
2025-06-10 12:55:00+05:30,426.95,426.95,426.75,426.85,14076,ITC
2025-06-10 12:56:00+05:30,426.85,426.95,426.75,426.9,21284,ITC
2025-06-10 12:57:00+05:30,426.9,426.9,426.65,426.65,18370,ITC
2025-06-10 12:58:00+05:30,426.85,426.9,426.65,426.85,12902,ITC
2025-06-10 12:59:00+05:30,426.9,426.9,426.65,426.85,13112,ITC
2025-06-10 13:00:00+05:30,426.85,426.9,426.65,426.9,16997,ITC
2025-06-10 13:01:00+05:30,426.9,426.9,426.6,426.85,31818,ITC
2025-06-10 13:02:00+05:30,426.85,426.9,426.65,426.8,13418,ITC
2025-06-10 13:03:00+05:30,426.75,426.85,426.65,426.85,8530,ITC
2025-06-10 13:04:00+05:30,426.85,426.85,426.65,426.85,16242,ITC
2025-06-10 13:05:00+05:30,426.8,426.85,426.65,426.8,14024,ITC
2025-06-10 13:06:00+05:30,426.8,426.8,426.55,426.75,19912,ITC
2025-06-10 13:07:00+05:30,426.75,426.85,426.6,426.85,19011,ITC
2025-06-10 13:08:00+05:30,426.85,426.85,426.6,426.75,15528,ITC
2025-06-10 13:09:00+05:30,426.8,426.8,426.6,426.8,13614,ITC
2025-06-10 13:10:00+05:30,426.8,426.8,426.6,426.7,11426,ITC
2025-06-10 13:11:00+05:30,426.7,426.75,426.5,426.7,13099,ITC
2025-06-10 13:12:00+05:30,426.7,426.85,426.55,426.85,55920,ITC
2025-06-10 13:13:00+05:30,426.85,426.85,426.65,426.85,15005,ITC
2025-06-10 13:14:00+05:30,426.85,426.9,426.7,426.9,46275,ITC
2025-06-10 13:15:00+05:30,426.9,427.1,426.75,427.05,79559,ITC
2025-06-10 13:16:00+05:30,427.1,427.3,427.05,427.15,101658,ITC
2025-06-10 13:17:00+05:30,427.3,427.35,427.05,427.35,37681,ITC
2025-06-10 13:18:00+05:30,427.3,427.4,427.15,427.3,15147,ITC
2025-06-10 13:19:00+05:30,427.3,427.3,427.0,427.2,15447,ITC
2025-06-10 13:20:00+05:30,427.2,427.25,427.0,427.1,41889,ITC
2025-06-10 13:21:00+05:30,427.1,427.4,426.7,427.4,130918,ITC
2025-06-10 13:22:00+05:30,427.35,427.4,427.05,427.3,40142,ITC
2025-06-10 13:23:00+05:30,427.25,427.3,427.05,427.3,27814,ITC
2025-06-10 13:24:00+05:30,427.3,427.3,427.05,427.3,25057,ITC
2025-06-10 13:25:00+05:30,427.3,427.6,427.15,427.5,63467,ITC
2025-06-10 13:26:00+05:30,427.5,427.7,427.35,427.6,29609,ITC
2025-06-10 13:27:00+05:30,427.6,427.6,427.3,427.35,35269,ITC
2025-06-10 13:28:00+05:30,427.45,427.6,427.3,427.6,37249,ITC
2025-06-10 13:29:00+05:30,427.4,427.6,427.3,427.6,25317,ITC
2025-06-10 13:30:00+05:30,427.6,428.0,427.4,427.95,111598,ITC
2025-06-10 13:31:00+05:30,427.95,428.0,427.8,427.8,29443,ITC
2025-06-10 13:32:00+05:30,428.0,428.0,427.8,427.9,24171,ITC
2025-06-10 13:33:00+05:30,427.9,427.9,427.8,427.8,29962,ITC
2025-06-10 13:34:00+05:30,427.9,427.9,427.6,427.85,19776,ITC
2025-06-10 13:35:00+05:30,427.75,427.85,427.6,427.7,34527,ITC
2025-06-10 13:36:00+05:30,427.75,428.55,427.7,428.3,261214,ITC
2025-06-10 13:37:00+05:30,428.25,428.25,428.0,428.1,34848,ITC
2025-06-10 13:38:00+05:30,428.1,428.3,428.0,428.1,10355,ITC
2025-06-10 13:39:00+05:30,428.0,428.2,428.0,428.15,9698,ITC
2025-06-10 13:40:00+05:30,428.15,428.5,428.05,428.45,39206,ITC
2025-06-10 13:41:00+05:30,428.45,428.45,428.1,428.3,12181,ITC
2025-06-10 13:42:00+05:30,428.3,428.4,428.05,428.35,11057,ITC
2025-06-10 13:43:00+05:30,428.4,428.5,428.2,428.45,23673,ITC
2025-06-10 13:44:00+05:30,428.25,428.5,428.2,428.45,7978,ITC
2025-06-10 13:45:00+05:30,428.45,428.45,428.25,428.4,15558,ITC
2025-06-10 13:46:00+05:30,428.4,428.4,428.2,428.35,14757,ITC
2025-06-10 13:47:00+05:30,428.35,428.35,428.1,428.1,16292,ITC
2025-06-10 13:48:00+05:30,428.1,428.25,428.05,428.15,10335,ITC
2025-06-10 13:49:00+05:30,428.05,428.2,428.05,428.2,26734,ITC
2025-06-10 13:50:00+05:30,428.2,428.3,428.1,428.2,16278,ITC
2025-06-10 13:51:00+05:30,428.2,428.25,428.1,428.25,20822,ITC
2025-06-10 13:52:00+05:30,428.25,428.3,428.15,428.3,16428,ITC
2025-06-10 13:53:00+05:30,428.3,428.3,428.15,428.15,9006,ITC
2025-06-10 13:54:00+05:30,428.2,428.25,428.15,428.25,10654,ITC
2025-06-10 13:55:00+05:30,428.15,428.25,428.0,428.2,35396,ITC
2025-06-10 13:56:00+05:30,428.2,428.2,428.05,428.15,12186,ITC
2025-06-10 13:57:00+05:30,428.15,428.15,428.0,428.0,19734,ITC
2025-06-10 13:58:00+05:30,428.0,428.1,428.0,428.05,24923,ITC
2025-06-10 13:59:00+05:30,428.0,428.1,428.0,428.05,31544,ITC
2025-06-10 14:00:00+05:30,428.05,428.2,428.0,428.15,28728,ITC
2025-06-10 14:01:00+05:30,428.15,428.2,428.0,428.1,13231,ITC
2025-06-10 14:02:00+05:30,428.05,428.15,428.0,428.05,27162,ITC
2025-06-10 14:03:00+05:30,428.05,428.25,428.0,428.2,23679,ITC
2025-06-10 14:04:00+05:30,428.25,428.3,428.15,428.2,22869,ITC
2025-06-10 14:05:00+05:30,428.3,428.3,428.1,428.15,13541,ITC
2025-06-10 14:06:00+05:30,428.25,428.3,428.1,428.25,15145,ITC
2025-06-10 14:07:00+05:30,428.25,428.3,428.1,428.2,11827,ITC
2025-06-10 14:08:00+05:30,428.2,428.25,428.0,428.15,13705,ITC
2025-06-10 14:09:00+05:30,428.1,428.25,428.0,428.2,22276,ITC
2025-06-10 14:10:00+05:30,428.2,428.3,428.05,428.25,16041,ITC
2025-06-10 14:11:00+05:30,428.2,428.25,428.05,428.2,14908,ITC
2025-06-10 14:12:00+05:30,428.2,428.25,428.05,428.1,23694,ITC
2025-06-10 14:13:00+05:30,428.05,428.25,428.05,428.2,18822,ITC
2025-06-10 14:14:00+05:30,428.15,428.2,428.05,428.1,23879,ITC
2025-06-10 14:15:00+05:30,428.2,428.2,428.05,428.15,20621,ITC
2025-06-10 14:16:00+05:30,428.15,428.2,428.0,428.05,26995,ITC
2025-06-10 14:17:00+05:30,428.05,428.15,428.0,428.05,16292,ITC
2025-06-10 14:18:00+05:30,428.05,428.15,428.0,428.15,27820,ITC
2025-06-10 14:19:00+05:30,428.15,428.2,428.0,428.1,19600,ITC
2025-06-10 14:20:00+05:30,428.1,428.2,428.0,428.1,21259,ITC
2025-06-10 14:21:00+05:30,428.1,428.2,428.0,428.1,50941,ITC
2025-06-10 14:22:00+05:30,428.0,428.15,428.0,428.05,25572,ITC
2025-06-10 14:23:00+05:30,428.05,428.3,428.0,428.15,67682,ITC
2025-06-10 14:24:00+05:30,428.1,428.25,428.0,428.15,12732,ITC
2025-06-10 14:25:00+05:30,428.15,428.35,428.0,428.25,109130,ITC
2025-06-10 14:26:00+05:30,428.2,428.25,428.05,428.1,21270,ITC
2025-06-10 14:27:00+05:30,428.05,428.25,428.05,428.2,12074,ITC
2025-06-10 14:28:00+05:30,428.05,428.2,428.0,428.1,14009,ITC
2025-06-10 14:29:00+05:30,428.1,428.25,428.0,428.2,20747,ITC
2025-06-10 14:30:00+05:30,428.2,428.25,428.05,428.1,13744,ITC
2025-06-10 14:31:00+05:30,428.15,428.2,428.0,428.15,106411,ITC
2025-06-10 14:32:00+05:30,428.15,428.15,428.0,428.1,22628,ITC
2025-06-10 14:33:00+05:30,428.1,428.15,428.0,428.1,13395,ITC
2025-06-10 14:34:00+05:30,428.05,428.2,428.0,428.05,19185,ITC
2025-06-10 14:35:00+05:30,428.05,428.1,428.0,428.05,55961,ITC
2025-06-10 14:36:00+05:30,428.0,428.05,427.45,427.6,134798,ITC
2025-06-10 14:37:00+05:30,427.55,427.7,427.5,427.7,15700,ITC
2025-06-10 14:38:00+05:30,427.7,427.7,427.4,427.45,28020,ITC
2025-06-10 14:39:00+05:30,427.4,427.5,427.3,427.5,35724,ITC
2025-06-10 14:40:00+05:30,427.4,427.5,427.3,427.5,15943,ITC
2025-06-10 14:41:00+05:30,427.5,427.85,427.3,427.35,58636,ITC
2025-06-10 14:42:00+05:30,427.35,428.0,427.3,427.7,153988,ITC
2025-06-10 14:43:00+05:30,427.85,427.85,427.4,427.65,77393,ITC
2025-06-10 14:44:00+05:30,427.65,427.65,427.4,427.6,25256,ITC
2025-06-10 14:45:00+05:30,427.6,428.0,427.3,427.6,104985,ITC
2025-06-10 14:46:00+05:30,427.55,427.6,427.3,427.4,48233,ITC
2025-06-10 14:47:00+05:30,427.4,427.4,427.2,427.4,119240,ITC
2025-06-10 14:48:00+05:30,427.4,427.55,427.15,427.55,101284,ITC
2025-06-10 14:49:00+05:30,427.55,427.9,427.45,427.7,46128,ITC
2025-06-10 14:50:00+05:30,427.75,427.85,427.35,427.8,234130,ITC
2025-06-10 14:51:00+05:30,427.8,427.85,427.35,427.5,41665,ITC
2025-06-10 14:52:00+05:30,427.5,427.65,427.3,427.6,39615,ITC
2025-06-10 14:53:00+05:30,427.6,427.7,427.3,427.45,33416,ITC
2025-06-10 14:54:00+05:30,427.45,427.5,427.25,427.5,91215,ITC
2025-06-10 14:55:00+05:30,427.5,427.5,427.05,427.2,145833,ITC
2025-06-10 14:56:00+05:30,427.15,427.4,427.05,427.25,32720,ITC
2025-06-10 14:57:00+05:30,427.25,427.3,427.1,427.3,44386,ITC
2025-06-10 14:58:00+05:30,427.35,427.35,427.1,427.2,36502,ITC
2025-06-10 14:59:00+05:30,427.2,427.25,427.0,427.05,56985,ITC
2025-06-10 15:00:00+05:30,427.05,427.15,426.6,427.0,156365,ITC
2025-06-10 15:01:00+05:30,427.1,427.2,427.0,427.05,50520,ITC
2025-06-10 15:02:00+05:30,427.05,427.2,426.8,426.95,68051,ITC
2025-06-10 15:03:00+05:30,427.05,427.1,426.95,427.05,50689,ITC
2025-06-10 15:04:00+05:30,427.1,427.15,426.9,426.9,53440,ITC
2025-06-10 15:05:00+05:30,427.0,427.15,426.9,427.05,105804,ITC
2025-06-10 15:06:00+05:30,427.1,427.2,426.95,427.0,83264,ITC
2025-06-10 15:07:00+05:30,427.05,427.2,426.95,427.1,43539,ITC
2025-06-10 15:08:00+05:30,427.15,427.2,426.95,427.0,50508,ITC
2025-06-10 15:09:00+05:30,427.05,427.2,426.95,427.15,82850,ITC
2025-06-10 15:10:00+05:30,427.15,427.2,426.8,426.8,35080,ITC
2025-06-10 15:11:00+05:30,426.8,427.0,426.75,426.8,54987,ITC
2025-06-10 15:12:00+05:30,426.8,426.85,426.5,426.65,45156,ITC
2025-06-10 15:13:00+05:30,426.7,426.7,426.5,426.65,44913,ITC
2025-06-10 15:14:00+05:30,426.65,426.7,426.5,426.6,48480,ITC
2025-06-10 15:15:00+05:30,426.6,426.65,426.4,426.45,61792,ITC
2025-06-10 15:16:00+05:30,426.5,426.65,426.3,426.6,93371,ITC
2025-06-10 15:17:00+05:30,426.6,426.65,426.4,426.5,59513,ITC
2025-06-10 15:18:00+05:30,426.55,426.75,426.4,426.75,90468,ITC
2025-06-10 15:19:00+05:30,426.75,426.8,426.6,426.75,67259,ITC
2025-06-10 15:20:00+05:30,426.75,426.85,426.6,426.8,104761,ITC
2025-06-10 15:21:00+05:30,426.85,426.9,426.65,426.75,82910,ITC
2025-06-10 15:22:00+05:30,426.8,426.85,426.6,426.65,78254,ITC
2025-06-10 15:23:00+05:30,426.75,426.8,426.6,426.7,72017,ITC
2025-06-10 15:24:00+05:30,426.8,426.8,426.4,426.5,90012,ITC
2025-06-10 15:25:00+05:30,426.55,427.2,426.45,427.1,177624,ITC
2025-06-10 15:26:00+05:30,427.05,427.6,427.0,427.45,274862,ITC
2025-06-10 15:27:00+05:30,427.55,427.95,427.35,427.65,161739,ITC
2025-06-10 15:28:00+05:30,427.65,427.7,427.3,427.6,127722,ITC
2025-06-10 15:29:00+05:30,427.6,427.7,427.0,427.65,103794,ITC
2025-06-11 09:15:00+05:30,428.0,428.1,426.4,426.4,93846,ITC
2025-06-11 09:16:00+05:30,426.45,426.6,426.15,426.3,13964,ITC
2025-06-11 09:17:00+05:30,426.2,426.35,425.75,426.35,73879,ITC
2025-06-11 09:18:00+05:30,426.25,426.35,426.0,426.1,15653,ITC
2025-06-11 09:19:00+05:30,426.05,426.55,425.8,426.55,42141,ITC
2025-06-11 09:20:00+05:30,426.6,426.75,426.3,426.6,17305,ITC
2025-06-11 09:21:00+05:30,426.6,426.7,426.3,426.6,36781,ITC
2025-06-11 09:22:00+05:30,426.6,426.85,426.55,426.65,9907,ITC
2025-06-11 09:23:00+05:30,426.7,426.95,426.35,426.4,31543,ITC
2025-06-11 09:24:00+05:30,426.4,426.7,426.2,426.35,137177,ITC
2025-06-11 09:25:00+05:30,426.35,426.95,426.3,426.5,48318,ITC
2025-06-11 09:26:00+05:30,426.5,426.7,426.4,426.7,14584,ITC
2025-06-11 09:27:00+05:30,426.65,427.0,426.4,426.85,85914,ITC
2025-06-11 09:28:00+05:30,426.85,426.95,426.6,426.8,7126,ITC
2025-06-11 09:29:00+05:30,426.75,427.25,426.65,427.0,325568,ITC
2025-06-11 09:30:00+05:30,427.0,427.3,426.7,427.0,18835,ITC
2025-06-11 09:31:00+05:30,427.1,427.2,426.9,427.1,7241,ITC
2025-06-11 09:32:00+05:30,427.1,427.1,426.85,426.85,722774,ITC
2025-06-11 09:33:00+05:30,426.85,426.85,426.5,426.75,56122,ITC
2025-06-11 09:34:00+05:30,426.75,427.1,426.7,426.95,168076,ITC
2025-06-11 09:35:00+05:30,426.95,426.95,426.55,426.6,14043,ITC
2025-06-11 09:36:00+05:30,426.65,427.0,426.5,426.6,40562,ITC
2025-06-11 09:37:00+05:30,426.55,427.05,426.5,427.05,53361,ITC
2025-06-11 09:38:00+05:30,427.0,427.05,426.95,427.0,11736,ITC
2025-06-11 09:39:00+05:30,427.0,427.0,426.6,426.7,8759,ITC
2025-06-11 09:40:00+05:30,426.7,426.9,426.6,426.85,19025,ITC
2025-06-11 09:41:00+05:30,426.9,426.95,426.75,426.9,7239,ITC
2025-06-11 09:42:00+05:30,426.9,426.95,426.6,426.75,15442,ITC
2025-06-11 09:43:00+05:30,426.7,426.85,426.65,426.75,17849,ITC
2025-06-11 09:44:00+05:30,426.75,427.05,426.7,427.0,38978,ITC
2025-06-11 09:45:00+05:30,427.0,427.1,426.8,427.1,11655,ITC
2025-06-11 09:46:00+05:30,427.1,427.1,426.75,426.85,23615,ITC
2025-06-11 09:47:00+05:30,426.95,426.95,426.7,426.8,12964,ITC
2025-06-11 09:48:00+05:30,426.75,426.85,426.6,426.7,18772,ITC
2025-06-11 09:49:00+05:30,426.65,426.85,426.65,426.75,6549,ITC
2025-06-11 09:50:00+05:30,426.7,426.85,426.6,426.6,13807,ITC
2025-06-11 09:51:00+05:30,426.75,426.85,426.6,426.85,18752,ITC
2025-06-11 09:52:00+05:30,426.8,426.85,426.6,426.7,6256,ITC
2025-06-11 09:53:00+05:30,426.7,426.9,426.6,426.8,24915,ITC
2025-06-11 09:54:00+05:30,426.8,426.9,426.75,426.9,2726,ITC
2025-06-11 09:55:00+05:30,426.9,426.9,426.65,426.7,16713,ITC
2025-06-11 09:56:00+05:30,426.7,426.9,426.6,426.85,17259,ITC
2025-06-11 09:57:00+05:30,426.85,427.05,426.85,427.0,22225,ITC
2025-06-11 09:58:00+05:30,427.05,427.1,427.0,427.1,6532,ITC
2025-06-11 09:59:00+05:30,427.05,427.1,426.8,426.8,10158,ITC
2025-06-11 10:00:00+05:30,426.9,427.0,426.7,427.0,9734,ITC
2025-06-11 10:01:00+05:30,426.85,427.05,426.8,427.05,3529,ITC
2025-06-11 10:02:00+05:30,427.05,427.05,426.7,426.9,5948,ITC
2025-06-11 10:03:00+05:30,426.85,427.0,426.7,426.7,742367,ITC
2025-06-11 10:04:00+05:30,426.75,426.95,426.65,426.85,10329,ITC
2025-06-11 10:05:00+05:30,426.9,427.0,426.75,426.8,9291,ITC
2025-06-11 10:06:00+05:30,426.75,426.95,426.6,426.6,12296,ITC
2025-06-11 10:07:00+05:30,426.7,426.75,426.6,426.7,4767,ITC
2025-06-11 10:08:00+05:30,426.75,426.75,426.55,426.55,20062,ITC
2025-06-11 10:09:00+05:30,426.6,426.6,426.35,426.45,21070,ITC
2025-06-11 10:10:00+05:30,426.45,426.55,426.3,426.4,9480,ITC
2025-06-11 10:11:00+05:30,426.4,426.5,426.3,426.4,35439,ITC
2025-06-11 10:12:00+05:30,426.3,426.65,426.2,426.6,79652,ITC
2025-06-11 10:13:00+05:30,426.65,427.2,426.6,427.0,1385964,ITC
2025-06-11 10:14:00+05:30,427.0,427.05,427.0,427.0,14469,ITC
2025-06-11 10:15:00+05:30,427.05,427.05,426.8,427.0,19191,ITC
2025-06-11 10:16:00+05:30,427.0,427.05,426.95,427.05,13111,ITC
2025-06-11 10:17:00+05:30,427.05,427.1,426.8,427.1,14619,ITC
2025-06-11 10:18:00+05:30,427.05,427.5,427.05,427.4,32438,ITC
2025-06-11 10:19:00+05:30,427.45,427.45,427.1,427.1,10764,ITC
2025-06-11 10:20:00+05:30,427.2,427.3,427.05,427.2,4792,ITC
2025-06-11 10:21:00+05:30,427.2,427.25,427.0,427.05,8549,ITC
2025-06-11 10:22:00+05:30,427.25,427.3,427.0,427.15,10664,ITC
2025-06-11 10:23:00+05:30,427.15,427.3,427.0,427.05,6710,ITC
2025-06-11 10:24:00+05:30,427.05,427.25,427.0,427.05,2413,ITC
2025-06-11 10:25:00+05:30,427.15,427.2,427.0,427.1,5305,ITC
2025-06-11 10:26:00+05:30,427.0,427.15,426.9,427.0,4690,ITC
2025-06-11 10:27:00+05:30,427.0,427.0,426.7,427.0,5300,ITC
2025-06-11 10:28:00+05:30,426.9,427.0,426.8,427.0,3371,ITC
2025-06-11 10:29:00+05:30,426.8,427.0,426.8,426.9,3085,ITC
2025-06-11 10:30:00+05:30,426.8,427.05,426.8,426.8,14397,ITC
2025-06-11 10:31:00+05:30,426.8,427.05,426.8,426.9,9026,ITC
2025-06-11 10:32:00+05:30,426.9,427.0,426.8,427.0,6808,ITC
2025-06-11 10:33:00+05:30,427.0,427.0,426.8,427.0,3870,ITC
2025-06-11 10:34:00+05:30,426.95,427.25,426.8,427.1,23707,ITC
2025-06-11 10:35:00+05:30,427.0,427.3,427.0,427.25,5835,ITC
2025-06-11 10:36:00+05:30,427.25,427.25,427.0,427.05,1999,ITC
2025-06-11 10:37:00+05:30,427.05,427.2,427.0,427.0,4259,ITC
2025-06-11 10:38:00+05:30,427.05,427.2,427.0,427.05,2442,ITC
2025-06-11 10:39:00+05:30,427.2,427.2,426.85,426.95,20254,ITC
2025-06-11 10:40:00+05:30,426.95,427.0,426.85,426.95,3545,ITC
2025-06-11 10:41:00+05:30,426.85,427.0,426.85,426.9,3076,ITC
2025-06-11 10:42:00+05:30,426.8,426.95,426.75,426.9,1935,ITC
2025-06-11 10:43:00+05:30,426.95,427.05,426.8,426.85,29077,ITC
2025-06-11 10:44:00+05:30,426.9,427.4,426.85,427.3,27029,ITC
2025-06-11 10:45:00+05:30,427.25,427.6,427.2,427.35,30147,ITC
2025-06-11 10:46:00+05:30,427.45,427.5,427.1,427.15,14943,ITC
2025-06-11 10:47:00+05:30,427.15,427.35,427.1,427.2,12501,ITC
2025-06-11 10:48:00+05:30,427.2,427.35,427.05,427.1,3898,ITC
2025-06-11 10:49:00+05:30,427.05,427.15,427.0,427.0,6484,ITC
2025-06-11 10:50:00+05:30,427.0,427.1,426.95,427.0,3795,ITC
2025-06-11 10:51:00+05:30,426.95,427.0,426.8,426.8,3376,ITC
2025-06-11 10:52:00+05:30,426.8,427.0,426.7,427.0,14581,ITC
2025-06-11 10:53:00+05:30,427.0,427.0,426.85,427.0,5120,ITC
2025-06-11 10:54:00+05:30,426.9,427.0,426.8,427.0,6173,ITC
2025-06-11 10:55:00+05:30,427.0,427.05,426.95,427.0,11212,ITC
2025-06-11 10:56:00+05:30,427.05,427.05,426.95,426.95,6526,ITC
2025-06-11 10:57:00+05:30,427.0,427.1,426.95,427.1,3108,ITC
2025-06-11 10:58:00+05:30,427.05,427.1,427.0,427.0,1175,ITC
2025-06-11 10:59:00+05:30,427.1,427.15,427.0,427.15,8886,ITC
2025-06-11 11:00:00+05:30,427.15,427.15,427.0,427.1,4054,ITC
2025-06-11 11:01:00+05:30,427.1,427.1,426.8,426.9,32335,ITC
2025-06-11 11:02:00+05:30,426.9,426.95,426.8,426.95,5627,ITC
2025-06-11 11:03:00+05:30,426.95,427.0,426.8,426.9,6562,ITC
2025-06-11 11:04:00+05:30,426.9,427.0,426.8,426.9,5149,ITC
2025-06-11 11:05:00+05:30,426.9,427.0,426.8,426.9,3073,ITC
2025-06-11 11:06:00+05:30,426.9,427.0,426.8,426.95,10113,ITC
2025-06-11 11:07:00+05:30,427.0,427.0,426.85,426.9,5192,ITC
2025-06-11 11:08:00+05:30,426.9,427.95,426.85,426.95,174204,ITC
2025-06-11 11:09:00+05:30,427.0,427.0,426.95,427.0,2189,ITC
2025-06-11 11:10:00+05:30,427.0,428.05,426.95,427.0,218700,ITC
2025-06-11 11:11:00+05:30,427.0,427.15,427.0,427.15,3624,ITC
2025-06-11 11:12:00+05:30,427.15,427.15,427.0,427.0,9250,ITC
2025-06-11 11:13:00+05:30,427.15,427.15,427.0,427.05,6519,ITC
2025-06-11 11:14:00+05:30,427.05,427.1,427.0,427.05,6125,ITC
2025-06-11 11:15:00+05:30,427.0,427.15,427.0,427.0,4724,ITC
2025-06-11 11:16:00+05:30,427.0,427.95,427.0,427.45,63870,ITC
2025-06-11 11:17:00+05:30,427.35,427.55,427.3,427.35,5155,ITC
2025-06-11 11:18:00+05:30,427.35,427.5,427.0,427.15,1021551,ITC
2025-06-11 11:19:00+05:30,427.05,428.0,427.05,427.1,140415,ITC
2025-06-11 11:20:00+05:30,427.2,427.4,427.1,427.4,8808,ITC
2025-06-11 11:21:00+05:30,427.35,427.4,427.1,427.15,9744,ITC
2025-06-11 11:22:00+05:30,427.25,427.3,427.05,427.15,13167,ITC
2025-06-11 11:23:00+05:30,427.15,427.35,427.1,427.2,5567,ITC
2025-06-11 11:24:00+05:30,427.2,427.4,427.2,427.25,3850,ITC
2025-06-11 11:25:00+05:30,427.4,427.5,427.15,427.35,11241,ITC
2025-06-11 11:26:00+05:30,427.35,427.35,427.05,427.05,6255,ITC
2025-06-11 11:27:00+05:30,427.1,427.2,427.05,427.05,7056,ITC
2025-06-11 11:28:00+05:30,427.05,427.1,426.7,427.0,40830,ITC
2025-06-11 11:29:00+05:30,427.0,427.1,426.85,426.95,5229,ITC
2025-06-11 11:30:00+05:30,426.85,427.1,426.8,427.05,6656,ITC
2025-06-11 11:31:00+05:30,427.05,427.15,426.8,427.0,12011,ITC
2025-06-11 11:32:00+05:30,427.0,427.15,426.85,427.05,11540,ITC
2025-06-11 11:33:00+05:30,427.05,427.05,426.6,426.85,30468,ITC
2025-06-11 11:34:00+05:30,426.85,426.95,426.6,426.9,25132,ITC
2025-06-11 11:35:00+05:30,426.8,426.9,426.8,426.85,15050,ITC
2025-06-11 11:36:00+05:30,426.8,426.85,426.8,426.85,6937,ITC
2025-06-11 11:37:00+05:30,426.85,426.85,426.8,426.85,3144,ITC
2025-06-11 11:38:00+05:30,426.8,426.95,426.8,426.95,8966,ITC
2025-06-11 11:39:00+05:30,426.9,426.95,426.8,426.8,2824,ITC
2025-06-11 11:40:00+05:30,426.85,426.95,426.8,426.85,3916,ITC
2025-06-11 11:41:00+05:30,426.85,426.95,426.8,426.85,4885,ITC
2025-06-11 11:42:00+05:30,426.85,426.85,426.8,426.8,2049,ITC
2025-06-11 11:43:00+05:30,426.8,426.85,426.65,426.8,7549,ITC
2025-06-11 11:44:00+05:30,426.8,426.8,426.6,426.65,9381,ITC
2025-06-11 11:45:00+05:30,426.65,426.75,426.6,426.7,2543,ITC
2025-06-11 11:46:00+05:30,426.7,426.8,426.6,426.65,10698,ITC
2025-06-11 11:47:00+05:30,426.65,426.8,426.6,426.65,7533,ITC
2025-06-11 11:48:00+05:30,426.75,426.8,426.6,426.7,3347,ITC
2025-06-11 11:49:00+05:30,426.7,426.95,426.6,426.7,31188,ITC
2025-06-11 11:50:00+05:30,426.65,426.8,426.6,426.75,18502,ITC
2025-06-11 11:51:00+05:30,426.6,426.75,426.6,426.75,6851,ITC
2025-06-11 11:52:00+05:30,426.75,426.75,426.6,426.65,9863,ITC
2025-06-11 11:53:00+05:30,426.65,426.75,426.6,426.75,12925,ITC
2025-06-11 11:54:00+05:30,426.65,427.0,426.65,427.0,17242,ITC
2025-06-11 11:55:00+05:30,427.0,427.0,426.8,426.95,5063,ITC
2025-06-11 11:56:00+05:30,426.85,427.0,426.8,427.0,6271,ITC
2025-06-11 11:57:00+05:30,427.0,427.0,426.8,426.85,4559,ITC
2025-06-11 11:58:00+05:30,426.85,426.95,426.75,426.75,11633,ITC
2025-06-11 11:59:00+05:30,426.95,427.0,426.75,426.95,9073,ITC
2025-06-11 12:00:00+05:30,426.8,427.0,426.8,426.95,7085,ITC
2025-06-11 12:01:00+05:30,426.95,427.0,426.8,426.8,11567,ITC
2025-06-11 12:02:00+05:30,426.9,427.0,426.75,427.0,9177,ITC
2025-06-11 12:03:00+05:30,427.0,427.0,426.8,426.95,8270,ITC
2025-06-11 12:04:00+05:30,427.0,427.1,426.8,426.9,10673,ITC
2025-06-11 12:05:00+05:30,426.9,427.0,426.75,426.95,6236,ITC
2025-06-11 12:06:00+05:30,426.95,427.0,426.75,426.9,7234,ITC
2025-06-11 12:07:00+05:30,426.95,426.95,426.75,426.9,7326,ITC
2025-06-11 12:08:00+05:30,426.9,426.95,426.75,426.75,7897,ITC
2025-06-11 12:09:00+05:30,426.9,426.95,426.7,426.85,6473,ITC
2025-06-11 12:10:00+05:30,426.85,426.95,426.7,426.95,8628,ITC
2025-06-11 12:11:00+05:30,426.9,427.0,426.8,426.95,4952,ITC
2025-06-11 12:12:00+05:30,427.0,427.05,426.9,427.0,8260,ITC
2025-06-11 12:13:00+05:30,427.0,427.2,426.9,427.1,7114,ITC
2025-06-11 12:14:00+05:30,427.2,427.2,426.95,427.05,5869,ITC
2025-06-11 12:15:00+05:30,427.1,427.15,426.95,427.0,9506,ITC
2025-06-11 12:16:00+05:30,427.05,427.1,426.95,427.0,7283,ITC
2025-06-11 12:17:00+05:30,427.0,427.05,426.85,426.9,16841,ITC
2025-06-11 12:18:00+05:30,426.9,427.1,426.85,427.0,9650,ITC
2025-06-11 12:19:00+05:30,426.95,427.1,426.9,427.0,8036,ITC
2025-06-11 12:20:00+05:30,427.0,427.1,426.95,427.0,6749,ITC
2025-06-11 12:21:00+05:30,427.05,427.1,426.95,427.05,8726,ITC
2025-06-11 12:22:00+05:30,427.1,427.15,427.0,427.15,8974,ITC
2025-06-11 12:23:00+05:30,427.1,427.25,427.05,427.2,29811,ITC
2025-06-11 12:24:00+05:30,427.2,427.5,427.1,427.3,75534,ITC
2025-06-11 12:25:00+05:30,427.35,427.35,427.2,427.25,7431,ITC
2025-06-11 12:26:00+05:30,427.25,427.35,427.2,427.3,8250,ITC
2025-06-11 12:27:00+05:30,427.3,427.4,427.15,427.2,14720,ITC
2025-06-11 12:28:00+05:30,427.35,427.35,427.15,427.35,7371,ITC
2025-06-11 12:29:00+05:30,427.35,427.5,427.3,427.35,11738,ITC
2025-06-11 12:30:00+05:30,427.35,427.55,427.35,427.5,13697,ITC
2025-06-11 12:31:00+05:30,427.5,427.7,427.45,427.65,11843,ITC
2025-06-11 12:32:00+05:30,427.7,427.8,427.6,427.65,16412,ITC
2025-06-11 12:33:00+05:30,427.65,427.65,427.25,427.4,13497,ITC
2025-06-11 12:34:00+05:30,427.45,427.45,427.2,427.25,11024,ITC
2025-06-11 12:35:00+05:30,427.2,427.6,427.05,427.15,89229,ITC
2025-06-11 12:36:00+05:30,427.15,427.25,427.1,427.1,13186,ITC
2025-06-11 12:37:00+05:30,427.15,427.2,426.85,426.9,534004,ITC
2025-06-11 12:38:00+05:30,426.95,427.1,426.8,426.85,22214,ITC
2025-06-11 12:39:00+05:30,426.9,427.0,426.7,426.9,1047523,ITC
2025-06-11 12:40:00+05:30,426.8,427.0,426.8,426.8,24523,ITC
2025-06-11 12:41:00+05:30,426.85,426.9,426.8,426.8,15424,ITC
2025-06-11 12:42:00+05:30,426.85,426.85,426.8,426.8,23462,ITC
2025-06-11 12:43:00+05:30,426.8,426.85,426.5,426.5,29410,ITC
2025-06-11 12:44:00+05:30,426.55,426.6,426.5,426.55,15913,ITC
2025-06-11 12:45:00+05:30,426.55,426.55,426.4,426.55,35752,ITC
2025-06-11 12:46:00+05:30,426.55,426.75,426.5,426.7,18856,ITC
2025-06-11 12:47:00+05:30,426.65,426.9,426.6,426.85,34935,ITC
2025-06-11 12:48:00+05:30,426.85,426.85,426.8,426.85,17977,ITC
2025-06-11 12:49:00+05:30,426.8,426.85,426.6,426.65,25924,ITC
2025-06-11 12:50:00+05:30,426.65,426.7,426.6,426.6,16331,ITC
2025-06-11 12:51:00+05:30,426.6,426.75,426.6,426.6,323963,ITC
2025-06-11 12:52:00+05:30,426.65,426.65,426.6,426.65,14124,ITC
2025-06-11 12:53:00+05:30,426.65,426.7,426.6,426.65,17509,ITC
2025-06-11 12:54:00+05:30,426.65,426.85,426.65,426.85,30048,ITC
2025-06-11 12:55:00+05:30,426.85,426.85,426.7,426.75,14024,ITC
2025-06-11 12:56:00+05:30,426.7,426.75,426.6,426.6,52869,ITC
2025-06-11 12:57:00+05:30,426.65,426.85,426.6,426.85,34330,ITC
2025-06-11 12:58:00+05:30,426.8,426.85,426.8,426.85,55865,ITC
2025-06-11 12:59:00+05:30,426.85,426.85,426.8,426.85,17839,ITC
2025-06-11 13:00:00+05:30,426.8,426.85,426.8,426.8,13457,ITC
2025-06-11 13:01:00+05:30,426.8,426.85,426.65,426.7,32303,ITC
2025-06-11 13:02:00+05:30,426.7,426.7,426.65,426.65,15592,ITC
2025-06-11 13:03:00+05:30,426.7,426.7,426.6,426.65,28021,ITC
2025-06-11 13:04:00+05:30,426.65,426.65,426.1,426.4,80239,ITC
2025-06-11 13:05:00+05:30,426.4,426.45,426.2,426.2,31731,ITC
2025-06-11 13:06:00+05:30,426.2,426.35,426.2,426.3,15288,ITC
2025-06-11 13:07:00+05:30,426.3,426.3,426.2,426.3,11694,ITC
2025-06-11 13:08:00+05:30,426.2,426.3,426.2,426.25,15811,ITC
2025-06-11 13:09:00+05:30,426.25,426.3,426.2,426.2,15738,ITC
2025-06-11 13:10:00+05:30,426.25,426.25,426.15,426.2,17138,ITC
2025-06-11 13:11:00+05:30,426.2,426.25,426.1,426.1,16248,ITC
2025-06-11 13:12:00+05:30,426.1,426.15,426.1,426.1,17376,ITC
2025-06-11 13:13:00+05:30,426.1,426.15,426.05,426.15,13555,ITC
2025-06-11 13:14:00+05:30,426.1,426.15,426.0,426.0,21042,ITC
2025-06-11 13:15:00+05:30,426.0,426.05,426.0,426.05,22951,ITC
2025-06-11 13:16:00+05:30,426.05,426.1,426.0,426.1,16534,ITC
2025-06-11 13:17:00+05:30,426.1,426.1,426.05,426.05,21322,ITC
2025-06-11 13:18:00+05:30,426.1,426.2,426.05,426.2,10494,ITC
2025-06-11 13:19:00+05:30,426.2,426.2,426.15,426.2,11390,ITC
2025-06-11 13:20:00+05:30,426.2,426.2,426.15,426.2,12799,ITC
2025-06-11 13:21:00+05:30,426.2,426.2,426.1,426.15,29083,ITC
2025-06-11 13:22:00+05:30,426.15,426.15,425.7,425.9,208263,ITC
2025-06-11 13:23:00+05:30,425.95,426.0,425.75,425.85,10437,ITC
2025-06-11 13:24:00+05:30,425.75,425.85,425.7,425.8,13067,ITC
2025-06-11 13:25:00+05:30,425.8,425.8,425.7,425.75,12681,ITC
2025-06-11 13:26:00+05:30,425.75,425.75,425.6,425.6,14868,ITC
2025-06-11 13:27:00+05:30,425.6,425.65,425.1,425.35,120552,ITC
2025-06-11 13:28:00+05:30,425.3,425.6,425.3,425.5,27800,ITC
2025-06-11 13:29:00+05:30,425.55,425.6,425.5,425.5,22476,ITC
2025-06-11 13:30:00+05:30,425.5,425.55,425.15,425.3,60633,ITC
2025-06-11 13:31:00+05:30,425.35,425.4,425.25,425.35,31982,ITC
2025-06-11 13:32:00+05:30,425.4,425.6,425.25,425.25,23380,ITC
2025-06-11 13:33:00+05:30,425.25,425.35,425.1,425.1,22913,ITC
2025-06-11 13:34:00+05:30,425.25,425.25,425.0,425.1,36386,ITC
2025-06-11 13:35:00+05:30,425.1,425.25,425.0,425.05,15735,ITC
2025-06-11 13:36:00+05:30,425.05,425.2,424.9,425.05,112650,ITC
2025-06-11 13:37:00+05:30,425.15,425.2,425.0,425.15,8618,ITC
2025-06-11 13:38:00+05:30,425.1,425.15,424.95,425.05,15179,ITC
2025-06-11 13:39:00+05:30,425.0,425.05,424.9,425.0,21872,ITC
2025-06-11 13:40:00+05:30,425.0,425.05,424.85,425.0,21798,ITC
2025-06-11 13:41:00+05:30,424.9,425.2,424.85,425.2,15090,ITC
2025-06-11 13:42:00+05:30,425.2,425.2,425.05,425.1,8508,ITC
2025-06-11 13:43:00+05:30,425.1,425.15,424.9,425.1,37592,ITC
2025-06-11 13:44:00+05:30,425.1,425.3,425.0,425.05,26403,ITC
2025-06-11 13:45:00+05:30,425.05,425.1,425.0,425.0,15396,ITC
2025-06-11 13:46:00+05:30,425.0,425.15,425.0,425.1,19662,ITC
2025-06-11 13:47:00+05:30,425.15,425.15,425.0,425.0,13279,ITC
2025-06-11 13:48:00+05:30,425.0,425.1,425.0,425.0,28305,ITC
2025-06-11 13:49:00+05:30,425.0,425.6,425.0,425.5,393524,ITC
2025-06-11 13:50:00+05:30,425.5,425.9,425.5,425.9,101967,ITC
2025-06-11 13:51:00+05:30,425.9,425.95,425.7,425.95,23362,ITC
2025-06-11 13:52:00+05:30,425.9,425.95,425.8,425.8,15371,ITC
2025-06-11 13:53:00+05:30,425.8,425.85,425.75,425.8,22769,ITC
2025-06-11 13:54:00+05:30,425.8,425.85,425.7,425.7,22756,ITC
2025-06-11 13:55:00+05:30,425.7,426.1,425.7,426.05,144393,ITC
2025-06-11 13:56:00+05:30,426.05,426.05,426.0,426.05,49630,ITC
2025-06-11 13:57:00+05:30,426.05,426.15,426.0,426.0,19724,ITC
2025-06-11 13:58:00+05:30,426.0,426.1,426.0,426.0,20256,ITC
2025-06-11 13:59:00+05:30,426.0,426.05,426.0,426.0,12382,ITC
2025-06-11 14:00:00+05:30,426.05,426.05,426.0,426.0,11098,ITC
2025-06-11 14:01:00+05:30,426.0,426.05,426.0,426.05,32993,ITC
2025-06-11 14:02:00+05:30,426.1,426.1,426.0,426.0,13151,ITC
2025-06-11 14:03:00+05:30,426.0,426.05,426.0,426.05,17677,ITC
2025-06-11 14:04:00+05:30,426.05,426.05,426.0,426.0,32001,ITC
2025-06-11 14:05:00+05:30,426.0,426.05,426.0,426.0,14673,ITC
2025-06-11 14:06:00+05:30,426.0,426.05,426.0,426.0,21446,ITC
2025-06-11 14:07:00+05:30,426.05,426.1,426.0,426.1,22638,ITC
2025-06-11 14:08:00+05:30,426.05,426.1,426.0,426.0,15624,ITC
2025-06-11 14:09:00+05:30,426.0,426.05,426.0,426.0,12675,ITC
2025-06-11 14:10:00+05:30,426.0,426.15,426.0,426.0,24995,ITC
2025-06-11 14:11:00+05:30,426.05,426.05,425.5,425.5,62521,ITC
2025-06-11 14:12:00+05:30,425.5,425.75,425.4,425.65,47351,ITC
2025-06-11 14:13:00+05:30,425.6,425.85,425.6,425.65,31290,ITC
2025-06-11 14:14:00+05:30,425.6,425.8,425.55,425.65,30090,ITC
2025-06-11 14:15:00+05:30,425.65,425.75,425.5,425.7,30217,ITC
2025-06-11 14:16:00+05:30,425.65,425.8,425.5,425.5,27257,ITC
2025-06-11 14:17:00+05:30,425.55,425.8,425.5,425.5,43847,ITC
2025-06-11 14:18:00+05:30,425.55,425.75,425.4,425.5,29413,ITC
2025-06-11 14:19:00+05:30,425.5,425.85,425.35,425.65,29567,ITC
2025-06-11 14:20:00+05:30,425.65,425.75,425.5,425.6,27481,ITC
2025-06-11 14:21:00+05:30,425.6,426.05,425.6,425.75,54840,ITC
2025-06-11 14:22:00+05:30,425.75,426.05,425.75,426.0,48501,ITC
2025-06-11 14:23:00+05:30,426.05,426.1,426.0,426.0,33779,ITC
2025-06-11 14:24:00+05:30,426.0,426.1,426.0,426.0,34085,ITC
2025-06-11 14:25:00+05:30,426.05,426.1,426.0,426.05,25740,ITC
2025-06-11 14:26:00+05:30,426.05,426.1,426.0,426.05,22968,ITC
2025-06-11 14:27:00+05:30,426.0,426.05,426.0,426.0,24240,ITC
2025-06-11 14:28:00+05:30,426.05,426.05,426.0,426.0,24252,ITC
2025-06-11 14:29:00+05:30,426.05,426.2,426.0,426.2,33846,ITC
2025-06-11 14:30:00+05:30,426.15,426.35,426.05,426.3,26662,ITC
2025-06-11 14:31:00+05:30,426.25,426.3,426.2,426.3,21445,ITC
2025-06-11 14:32:00+05:30,426.3,426.45,426.2,426.45,37787,ITC
2025-06-11 14:33:00+05:30,426.45,426.6,426.3,426.55,40528,ITC
2025-06-11 14:34:00+05:30,426.55,426.55,426.15,426.2,40732,ITC
2025-06-11 14:35:00+05:30,426.15,426.2,425.9,426.05,29384,ITC
2025-06-11 14:36:00+05:30,426.05,426.1,425.85,426.05,29576,ITC
2025-06-11 14:37:00+05:30,425.9,426.3,425.85,426.05,35774,ITC
2025-06-11 14:38:00+05:30,426.15,426.25,425.55,425.85,1172649,ITC
2025-06-11 14:39:00+05:30,425.7,426.05,425.7,425.9,62655,ITC
2025-06-11 14:40:00+05:30,425.9,426.0,425.75,425.9,34750,ITC
2025-06-11 14:41:00+05:30,425.85,426.0,425.75,425.95,28072,ITC
2025-06-11 14:42:00+05:30,425.95,425.95,425.75,425.95,27410,ITC
2025-06-11 14:43:00+05:30,425.8,425.95,425.65,425.75,29157,ITC
2025-06-11 14:44:00+05:30,425.75,426.0,425.65,425.75,69108,ITC
2025-06-11 14:45:00+05:30,425.8,425.95,425.6,425.85,31637,ITC
2025-06-11 14:46:00+05:30,425.85,425.85,425.55,425.75,46883,ITC
2025-06-11 14:47:00+05:30,425.7,426.0,425.55,425.95,42805,ITC
2025-06-11 14:48:00+05:30,425.85,425.95,425.7,425.7,30585,ITC
2025-06-11 14:49:00+05:30,425.7,425.85,425.6,425.8,33745,ITC
2025-06-11 14:50:00+05:30,425.8,425.95,425.65,425.95,35069,ITC
2025-06-11 14:51:00+05:30,425.95,426.0,425.8,425.8,101050,ITC
2025-06-11 14:52:00+05:30,425.85,426.0,425.8,426.0,34557,ITC
2025-06-11 14:53:00+05:30,425.9,426.0,425.8,425.9,93960,ITC
2025-06-11 14:54:00+05:30,425.9,426.0,425.9,425.95,80791,ITC
2025-06-11 14:55:00+05:30,426.0,426.0,425.9,426.0,69669,ITC
2025-06-11 14:56:00+05:30,426.0,426.0,425.8,425.85,85756,ITC
2025-06-11 14:57:00+05:30,425.9,426.0,425.85,425.95,71601,ITC
2025-06-11 14:58:00+05:30,425.95,426.0,425.9,425.9,60220,ITC
2025-06-11 14:59:00+05:30,425.85,426.0,425.85,425.85,53785,ITC
2025-06-11 15:00:00+05:30,425.9,426.0,425.9,426.0,96780,ITC
2025-06-11 15:01:00+05:30,426.0,426.1,425.95,425.95,135472,ITC
2025-06-11 15:02:00+05:30,426.0,426.05,425.95,426.0,123808,ITC
2025-06-11 15:03:00+05:30,426.0,426.1,425.95,425.95,142795,ITC
2025-06-11 15:04:00+05:30,425.95,426.1,425.85,425.85,170823,ITC
2025-06-11 15:05:00+05:30,425.9,425.9,425.6,425.6,47315,ITC
2025-06-11 15:06:00+05:30,425.6,425.8,425.5,425.65,46750,ITC
2025-06-11 15:07:00+05:30,425.55,425.65,425.5,425.55,40997,ITC
2025-06-11 15:08:00+05:30,425.6,425.65,425.5,425.55,49801,ITC
2025-06-11 15:09:00+05:30,425.55,426.85,425.5,426.05,370706,ITC
2025-06-11 15:10:00+05:30,426.05,426.15,425.9,426.1,191862,ITC
2025-06-11 15:11:00+05:30,426.05,426.1,425.9,425.95,823146,ITC
2025-06-11 15:12:00+05:30,425.95,426.15,425.85,426.1,80227,ITC
2025-06-11 15:13:00+05:30,426.15,426.55,426.1,426.5,144755,ITC
2025-06-11 15:14:00+05:30,426.55,426.75,426.5,426.55,225173,ITC
2025-06-11 15:15:00+05:30,426.6,426.6,426.35,426.35,170396,ITC
2025-06-11 15:16:00+05:30,426.35,426.5,426.25,426.35,150366,ITC
2025-06-11 15:17:00+05:30,426.35,426.5,426.25,426.4,119885,ITC
2025-06-11 15:18:00+05:30,426.4,426.6,426.4,426.5,164048,ITC
2025-06-11 15:19:00+05:30,426.55,426.55,426.2,426.4,205122,ITC
2025-06-11 15:20:00+05:30,426.4,426.6,426.4,426.55,169261,ITC
2025-06-11 15:21:00+05:30,426.5,426.55,426.05,426.15,167961,ITC
2025-06-11 15:22:00+05:30,426.2,426.5,426.05,426.35,121510,ITC
2025-06-11 15:23:00+05:30,426.4,426.5,426.3,426.35,149764,ITC
2025-06-11 15:24:00+05:30,426.4,426.4,426.0,426.2,137069,ITC
2025-06-11 15:25:00+05:30,426.25,426.5,426.2,426.35,172401,ITC
2025-06-11 15:26:00+05:30,426.35,426.35,425.75,425.95,137291,ITC
2025-06-11 15:27:00+05:30,425.95,426.2,425.95,426.05,110206,ITC
2025-06-11 15:28:00+05:30,426.1,426.1,425.95,426.05,110186,ITC
2025-06-11 15:29:00+05:30,426.0,426.15,425.55,425.55,30452,ITC
2025-06-12 09:15:00+05:30,427.0,427.2,424.6,425.65,185385,ITC
2025-06-12 09:16:00+05:30,425.75,426.45,425.65,425.85,73234,ITC
2025-06-12 09:17:00+05:30,425.85,426.05,425.4,425.6,36649,ITC
2025-06-12 09:18:00+05:30,425.5,425.75,425.15,425.3,30158,ITC
2025-06-12 09:19:00+05:30,425.3,425.6,425.15,425.4,13264,ITC
2025-06-12 09:20:00+05:30,425.4,425.7,425.4,425.5,13159,ITC
2025-06-12 09:21:00+05:30,425.4,425.5,425.1,425.1,47758,ITC
2025-06-12 09:22:00+05:30,425.2,425.35,425.1,425.35,17085,ITC
2025-06-12 09:23:00+05:30,425.2,425.4,425.05,425.1,17378,ITC
2025-06-12 09:24:00+05:30,425.05,425.5,425.05,425.4,15413,ITC
2025-06-12 09:25:00+05:30,425.45,425.85,425.35,425.5,14603,ITC
2025-06-12 09:26:00+05:30,425.5,425.5,425.15,425.15,26191,ITC
2025-06-12 09:27:00+05:30,425.15,425.35,425.05,425.2,27979,ITC
2025-06-12 09:28:00+05:30,425.2,425.4,425.2,425.4,14952,ITC
2025-06-12 09:29:00+05:30,425.3,425.5,425.25,425.4,9335,ITC
2025-06-12 09:30:00+05:30,425.4,425.5,425.25,425.25,20745,ITC
2025-06-12 09:31:00+05:30,425.25,425.35,425.0,425.05,8809,ITC
2025-06-12 09:32:00+05:30,425.15,425.2,425.05,425.1,7577,ITC
2025-06-12 09:33:00+05:30,425.2,425.45,425.1,425.3,10535,ITC
2025-06-12 09:34:00+05:30,425.3,425.35,425.2,425.2,12799,ITC
2025-06-12 09:35:00+05:30,425.3,425.6,424.6,424.9,95346,ITC
2025-06-12 09:36:00+05:30,424.9,424.9,424.75,424.9,8944,ITC
2025-06-12 09:37:00+05:30,424.9,425.2,424.8,424.85,23399,ITC
2025-06-12 09:38:00+05:30,424.85,424.85,424.2,424.2,45288,ITC
2025-06-12 09:39:00+05:30,424.3,424.5,424.1,424.1,32384,ITC
2025-06-12 09:40:00+05:30,424.2,424.2,423.7,423.85,59501,ITC
2025-06-12 09:41:00+05:30,423.85,423.85,423.7,423.8,11886,ITC
2025-06-12 09:42:00+05:30,423.8,423.85,423.6,423.6,19584,ITC
2025-06-12 09:43:00+05:30,423.6,423.6,423.1,423.35,45821,ITC
2025-06-12 09:44:00+05:30,423.45,423.45,423.2,423.45,14246,ITC
2025-06-12 09:45:00+05:30,423.4,423.5,423.25,423.4,13088,ITC
2025-06-12 09:46:00+05:30,423.35,423.4,423.1,423.15,19260,ITC
2025-06-12 09:47:00+05:30,423.05,423.2,423.0,423.2,23202,ITC
2025-06-12 09:48:00+05:30,423.2,423.45,423.2,423.4,11908,ITC
2025-06-12 09:49:00+05:30,423.45,423.8,423.4,423.7,13699,ITC
2025-06-12 09:50:00+05:30,423.65,423.75,423.3,423.65,28666,ITC
2025-06-12 09:51:00+05:30,423.65,423.9,423.55,423.9,15940,ITC
2025-06-12 09:52:00+05:30,423.9,423.9,423.75,423.9,6392,ITC
2025-06-12 09:53:00+05:30,423.9,423.9,423.75,423.85,8139,ITC
2025-06-12 09:54:00+05:30,423.85,423.9,423.6,423.9,15725,ITC
2025-06-12 09:55:00+05:30,423.8,423.9,423.6,423.65,10458,ITC
2025-06-12 09:56:00+05:30,423.7,423.85,423.5,423.6,9418,ITC
2025-06-12 09:57:00+05:30,423.6,423.65,423.5,423.5,7051,ITC
2025-06-12 09:58:00+05:30,423.55,423.55,423.5,423.5,4615,ITC
2025-06-12 09:59:00+05:30,423.55,423.65,423.5,423.55,10700,ITC
2025-06-12 10:00:00+05:30,423.55,423.6,423.05,423.05,44277,ITC
2025-06-12 10:01:00+05:30,423.1,423.1,422.7,422.75,80517,ITC
2025-06-12 10:02:00+05:30,422.75,423.05,422.7,422.8,40482,ITC
2025-06-12 10:03:00+05:30,422.8,422.95,422.7,422.9,20635,ITC
2025-06-12 10:04:00+05:30,422.8,423.1,422.75,423.0,21489,ITC
2025-06-12 10:05:00+05:30,423.0,423.05,422.8,423.05,19738,ITC
2025-06-12 10:06:00+05:30,423.0,423.05,422.9,423.0,12180,ITC
2025-06-12 10:07:00+05:30,422.9,423.5,422.9,423.45,27396,ITC
2025-06-12 10:08:00+05:30,423.45,423.65,423.3,423.5,5968,ITC
2025-06-12 10:09:00+05:30,423.55,423.65,423.45,423.45,16844,ITC
2025-06-12 10:10:00+05:30,423.45,423.7,423.35,423.55,6820,ITC
2025-06-12 10:11:00+05:30,423.6,423.6,423.4,423.55,22278,ITC
2025-06-12 10:12:00+05:30,423.5,423.7,423.5,423.6,13660,ITC
2025-06-12 10:13:00+05:30,423.6,423.8,423.55,423.8,5701,ITC
2025-06-12 10:14:00+05:30,423.75,423.85,423.7,423.85,13154,ITC
2025-06-12 10:15:00+05:30,423.85,423.85,423.7,423.8,25816,ITC
2025-06-12 10:16:00+05:30,423.8,423.9,423.7,423.7,12248,ITC
2025-06-12 10:17:00+05:30,423.75,423.75,423.6,423.7,10243,ITC
2025-06-12 10:18:00+05:30,423.65,423.9,423.65,423.8,4974,ITC
2025-06-12 10:19:00+05:30,423.8,423.85,423.6,423.75,9509,ITC
2025-06-12 10:20:00+05:30,423.8,423.85,423.65,423.75,6542,ITC
2025-06-12 10:21:00+05:30,423.75,423.75,423.2,423.25,47807,ITC
2025-06-12 10:22:00+05:30,423.3,423.3,423.0,423.25,44685,ITC
2025-06-12 10:23:00+05:30,423.25,423.25,423.2,423.25,3261,ITC
2025-06-12 10:24:00+05:30,423.2,423.4,423.2,423.3,7511,ITC
2025-06-12 10:25:00+05:30,423.3,423.6,423.25,423.55,13884,ITC
2025-06-12 10:26:00+05:30,423.55,423.55,423.35,423.45,4295,ITC
2025-06-12 10:27:00+05:30,423.45,423.55,423.35,423.45,7286,ITC
2025-06-12 10:28:00+05:30,423.4,423.5,422.95,423.25,214800,ITC
2025-06-12 10:29:00+05:30,423.25,423.25,423.0,423.05,19502,ITC
2025-06-12 10:30:00+05:30,423.1,423.5,423.05,423.25,17704,ITC
2025-06-12 10:31:00+05:30,423.35,423.35,423.1,423.15,10075,ITC
2025-06-12 10:32:00+05:30,423.15,423.25,423.1,423.25,2601,ITC
2025-06-12 10:33:00+05:30,423.25,423.35,423.2,423.25,16509,ITC
2025-06-12 10:34:00+05:30,423.25,423.25,422.85,422.9,30040,ITC
2025-06-12 10:35:00+05:30,422.95,423.1,422.9,422.9,34639,ITC
2025-06-12 10:36:00+05:30,422.95,423.0,422.85,422.85,24841,ITC
2025-06-12 10:37:00+05:30,422.9,423.0,422.85,422.9,14632,ITC
2025-06-12 10:38:00+05:30,422.9,422.95,422.8,422.95,16646,ITC
2025-06-12 10:39:00+05:30,422.95,423.0,422.7,422.95,70792,ITC
2025-06-12 10:40:00+05:30,422.95,422.95,422.85,422.9,11344,ITC
2025-06-12 10:41:00+05:30,422.95,423.2,422.9,423.1,68858,ITC
2025-06-12 10:42:00+05:30,423.15,423.15,422.95,423.0,14758,ITC
2025-06-12 10:43:00+05:30,423.0,423.05,422.55,422.55,130295,ITC
2025-06-12 10:44:00+05:30,422.55,422.55,422.0,422.05,205044,ITC
2025-06-12 10:45:00+05:30,422.1,422.3,422.0,422.1,154065,ITC
2025-06-12 10:46:00+05:30,422.1,422.5,422.0,422.1,88486,ITC
2025-06-12 10:47:00+05:30,422.05,422.55,421.9,422.25,244557,ITC
2025-06-12 10:48:00+05:30,422.3,422.5,422.1,422.15,81470,ITC
2025-06-12 10:49:00+05:30,422.15,422.3,422.1,422.2,11295,ITC
2025-06-12 10:50:00+05:30,422.2,422.55,422.1,422.25,276427,ITC
2025-06-12 10:51:00+05:30,422.2,422.4,421.8,422.35,141327,ITC
2025-06-12 10:52:00+05:30,422.35,422.35,422.0,422.25,43825,ITC
2025-06-12 10:53:00+05:30,422.25,422.3,422.2,422.25,17279,ITC
2025-06-12 10:54:00+05:30,422.2,422.25,422.1,422.2,33740,ITC
2025-06-12 10:55:00+05:30,422.2,422.25,421.75,421.75,151176,ITC
2025-06-12 10:56:00+05:30,421.85,421.85,421.65,421.7,21971,ITC
2025-06-12 10:57:00+05:30,421.7,421.95,421.7,421.8,19347,ITC
2025-06-12 10:58:00+05:30,421.85,422.0,421.7,421.75,21548,ITC
2025-06-12 10:59:00+05:30,421.75,421.75,421.35,421.6,191744,ITC
2025-06-12 11:00:00+05:30,421.6,422.0,421.45,421.45,78861,ITC
2025-06-12 11:01:00+05:30,421.45,421.7,421.4,421.6,12031,ITC
2025-06-12 11:02:00+05:30,421.55,421.9,421.5,421.65,52222,ITC
2025-06-12 11:03:00+05:30,421.65,421.75,421.55,421.55,7840,ITC
2025-06-12 11:04:00+05:30,421.6,421.75,421.55,421.7,7251,ITC
2025-06-12 11:05:00+05:30,421.7,421.85,421.6,421.65,11480,ITC
2025-06-12 11:06:00+05:30,421.7,421.85,421.6,421.8,13729,ITC
2025-06-12 11:07:00+05:30,421.8,421.85,421.45,421.65,49719,ITC
2025-06-12 11:08:00+05:30,421.65,421.75,421.5,421.75,11546,ITC
2025-06-12 11:09:00+05:30,421.75,421.85,421.6,421.7,4796,ITC
2025-06-12 11:10:00+05:30,421.7,421.9,421.65,421.75,9501,ITC
2025-06-12 11:11:00+05:30,421.75,422.3,421.45,421.65,146394,ITC
2025-06-12 11:12:00+05:30,421.6,421.7,421.4,421.5,21525,ITC
2025-06-12 11:13:00+05:30,421.45,421.55,421.45,421.45,8371,ITC
2025-06-12 11:14:00+05:30,421.5,421.55,421.1,421.1,60177,ITC
2025-06-12 11:15:00+05:30,421.15,421.45,421.05,421.4,50538,ITC
2025-06-12 11:16:00+05:30,421.4,421.5,421.15,421.25,12976,ITC
2025-06-12 11:17:00+05:30,421.25,421.35,421.15,421.3,8126,ITC
2025-06-12 11:18:00+05:30,421.3,421.45,421.3,421.45,6517,ITC
2025-06-12 11:19:00+05:30,421.4,421.65,421.4,421.65,5111,ITC
2025-06-12 11:20:00+05:30,421.6,421.65,421.25,421.3,28884,ITC
2025-06-12 11:21:00+05:30,421.3,421.3,421.1,421.3,18445,ITC
2025-06-12 11:22:00+05:30,421.25,421.5,421.15,421.3,23776,ITC
2025-06-12 11:23:00+05:30,421.35,421.55,421.3,421.4,10107,ITC
2025-06-12 11:24:00+05:30,421.4,421.45,421.1,421.25,34562,ITC
2025-06-12 11:25:00+05:30,421.2,421.5,421.2,421.35,15702,ITC
2025-06-12 11:26:00+05:30,421.35,421.4,421.25,421.3,12522,ITC
2025-06-12 11:27:00+05:30,421.3,421.3,421.1,421.1,17118,ITC
2025-06-12 11:28:00+05:30,421.1,421.3,421.05,421.3,21492,ITC
2025-06-12 11:29:00+05:30,421.2,421.25,421.05,421.15,16035,ITC
2025-06-12 11:30:00+05:30,421.15,421.2,421.05,421.15,11597,ITC
2025-06-12 11:31:00+05:30,421.1,421.15,420.6,420.65,99286,ITC
2025-06-12 11:32:00+05:30,420.65,420.95,420.55,420.65,131401,ITC
2025-06-12 11:33:00+05:30,420.6,420.7,420.5,420.55,30763,ITC
2025-06-12 11:34:00+05:30,420.5,420.75,420.4,420.45,76087,ITC
2025-06-12 11:35:00+05:30,420.45,420.5,420.3,420.35,32911,ITC
2025-06-12 11:36:00+05:30,420.35,420.55,420.25,420.3,30891,ITC
2025-06-12 11:37:00+05:30,420.3,421.05,420.3,420.5,450902,ITC
2025-06-12 11:38:00+05:30,420.5,420.55,420.05,420.1,67547,ITC
2025-06-12 11:39:00+05:30,420.1,420.1,419.65,419.95,205505,ITC
2025-06-12 11:40:00+05:30,420.0,420.0,419.85,419.95,27557,ITC
2025-06-12 11:41:00+05:30,419.95,420.3,419.85,420.05,62720,ITC
2025-06-12 11:42:00+05:30,420.05,420.15,419.85,420.1,22200,ITC
2025-06-12 11:43:00+05:30,420.05,420.15,419.9,420.0,20268,ITC
2025-06-12 11:44:00+05:30,420.0,420.15,420.0,420.05,15197,ITC
2025-06-12 11:45:00+05:30,420.05,420.15,420.0,420.1,25578,ITC
2025-06-12 11:46:00+05:30,420.15,420.15,420.0,420.05,18125,ITC
2025-06-12 11:47:00+05:30,420.05,420.1,419.8,419.95,51678,ITC
2025-06-12 11:48:00+05:30,419.95,420.0,419.55,420.0,108306,ITC
2025-06-12 11:49:00+05:30,420.0,420.0,419.95,420.0,6564,ITC
2025-06-12 11:50:00+05:30,420.0,420.15,419.95,419.95,22127,ITC
2025-06-12 11:51:00+05:30,420.0,420.0,419.85,419.95,25947,ITC
2025-06-12 11:52:00+05:30,419.95,420.25,419.95,420.25,25128,ITC
2025-06-12 11:53:00+05:30,420.2,420.25,420.0,420.05,40495,ITC
2025-06-12 11:54:00+05:30,420.0,420.3,419.95,420.25,101000,ITC
2025-06-12 11:55:00+05:30,420.3,420.55,420.05,420.2,24979,ITC
2025-06-12 11:56:00+05:30,420.15,420.4,420.15,420.25,8525,ITC
2025-06-12 11:57:00+05:30,420.25,420.35,420.15,420.25,8751,ITC
2025-06-12 11:58:00+05:30,420.25,420.4,420.15,420.4,12074,ITC
2025-06-12 11:59:00+05:30,420.4,420.55,420.3,420.45,11739,ITC
2025-06-12 12:00:00+05:30,420.4,420.5,420.25,420.35,14143,ITC
2025-06-12 12:01:00+05:30,420.3,420.8,420.3,420.7,18575,ITC
2025-06-12 12:02:00+05:30,420.7,420.7,420.5,420.6,15668,ITC
2025-06-12 12:03:00+05:30,420.6,420.75,420.5,420.6,14486,ITC
2025-06-12 12:04:00+05:30,420.6,420.6,420.05,420.35,27314,ITC
2025-06-12 12:05:00+05:30,420.35,420.65,420.25,420.65,10862,ITC
2025-06-12 12:06:00+05:30,420.6,420.65,420.35,420.65,4061,ITC
2025-06-12 12:07:00+05:30,420.6,420.8,420.5,420.7,213454,ITC
2025-06-12 12:08:00+05:30,420.75,420.8,420.7,420.75,29003,ITC
2025-06-12 12:09:00+05:30,420.7,420.85,420.7,420.7,36594,ITC
2025-06-12 12:10:00+05:30,420.85,420.95,420.7,420.75,16505,ITC
2025-06-12 12:11:00+05:30,420.9,420.95,420.75,420.85,11613,ITC
2025-06-12 12:12:00+05:30,420.95,421.0,420.8,421.0,13555,ITC
2025-06-12 12:13:00+05:30,421.0,421.0,420.75,420.9,34682,ITC
2025-06-12 12:14:00+05:30,420.85,420.95,420.8,420.95,15660,ITC
2025-06-12 12:15:00+05:30,420.9,420.95,420.75,420.95,13902,ITC
2025-06-12 12:16:00+05:30,420.9,421.0,420.75,420.9,25770,ITC
2025-06-12 12:17:00+05:30,420.9,420.9,420.7,420.8,15532,ITC
2025-06-12 12:18:00+05:30,420.85,420.95,420.7,420.9,31746,ITC
2025-06-12 12:19:00+05:30,420.9,421.05,420.75,420.9,50466,ITC
2025-06-12 12:20:00+05:30,421.05,421.1,420.9,421.0,15838,ITC
2025-06-12 12:21:00+05:30,421.0,421.15,421.0,421.1,39689,ITC
2025-06-12 12:22:00+05:30,421.1,421.2,421.05,421.2,25245,ITC
2025-06-12 12:23:00+05:30,421.1,421.35,421.1,421.3,24771,ITC
2025-06-12 12:24:00+05:30,421.25,421.4,421.1,421.1,35356,ITC
2025-06-12 12:25:00+05:30,421.3,421.3,421.0,421.15,22832,ITC
2025-06-12 12:26:00+05:30,421.1,421.15,421.0,421.0,12631,ITC
2025-06-12 12:27:00+05:30,421.1,421.2,421.0,421.15,14848,ITC
2025-06-12 12:28:00+05:30,421.2,421.25,421.1,421.2,24856,ITC
2025-06-12 12:29:00+05:30,421.2,421.25,421.05,421.2,21318,ITC
2025-06-12 12:30:00+05:30,421.2,421.25,421.05,421.15,12324,ITC
2025-06-12 12:31:00+05:30,421.1,421.6,421.05,421.5,138461,ITC
2025-06-12 12:32:00+05:30,421.55,421.65,421.4,421.55,19914,ITC
2025-06-12 12:33:00+05:30,421.55,421.6,421.5,421.5,10961,ITC
2025-06-12 12:34:00+05:30,421.55,423.05,421.45,422.35,767138,ITC
2025-06-12 12:35:00+05:30,422.45,422.8,422.3,422.45,37682,ITC
2025-06-12 12:36:00+05:30,422.5,422.6,422.3,422.3,17248,ITC
2025-06-12 12:37:00+05:30,422.4,422.45,422.2,422.2,22885,ITC
2025-06-12 12:38:00+05:30,422.2,422.35,422.0,422.2,31519,ITC
2025-06-12 12:39:00+05:30,422.35,422.4,422.15,422.15,11765,ITC
2025-06-12 12:40:00+05:30,422.25,422.4,422.15,422.35,12584,ITC
2025-06-12 12:41:00+05:30,422.35,422.5,422.3,422.35,19450,ITC
2025-06-12 12:42:00+05:30,422.4,422.65,422.35,422.5,21204,ITC
2025-06-12 12:43:00+05:30,422.5,422.8,422.45,422.5,24876,ITC
2025-06-12 12:44:00+05:30,422.45,422.5,421.8,421.95,71237,ITC
2025-06-12 12:45:00+05:30,421.8,422.0,421.7,421.7,10710,ITC
2025-06-12 12:46:00+05:30,421.75,421.75,421.45,421.7,182367,ITC
2025-06-12 12:47:00+05:30,421.75,421.85,421.7,421.75,32205,ITC
2025-06-12 12:48:00+05:30,421.75,421.95,421.75,421.95,34040,ITC
2025-06-12 12:49:00+05:30,421.9,421.95,421.9,421.9,9508,ITC
2025-06-12 12:50:00+05:30,421.9,423.05,421.9,422.45,482004,ITC
2025-06-12 12:51:00+05:30,422.45,423.2,422.45,423.0,142358,ITC
2025-06-12 12:52:00+05:30,423.1,423.1,423.0,423.0,23950,ITC
2025-06-12 12:53:00+05:30,423.0,423.05,423.0,423.0,39678,ITC
2025-06-12 12:54:00+05:30,423.0,423.15,423.0,423.0,22313,ITC
2025-06-12 12:55:00+05:30,423.0,423.05,423.0,423.0,64978,ITC
2025-06-12 12:56:00+05:30,423.05,423.1,423.0,423.1,86534,ITC
2025-06-12 12:57:00+05:30,423.1,423.1,422.5,422.7,105137,ITC
2025-06-12 12:58:00+05:30,422.85,422.85,422.65,422.75,13907,ITC
2025-06-12 12:59:00+05:30,422.65,422.8,422.3,422.6,29219,ITC
2025-06-12 13:00:00+05:30,422.7,422.7,422.4,422.4,10084,ITC
2025-06-12 13:01:00+05:30,422.45,422.6,422.2,422.4,14195,ITC
2025-06-12 13:02:00+05:30,422.4,422.5,422.05,422.2,18746,ITC
2025-06-12 13:03:00+05:30,422.2,422.5,422.1,422.3,13344,ITC
2025-06-12 13:04:00+05:30,422.45,423.15,422.2,422.8,342818,ITC
2025-06-12 13:05:00+05:30,422.7,422.85,422.5,422.55,13601,ITC
2025-06-12 13:06:00+05:30,422.65,423.2,422.55,423.15,41780,ITC
2025-06-12 13:07:00+05:30,423.0,423.15,423.0,423.0,7952,ITC
2025-06-12 13:08:00+05:30,423.1,423.15,423.0,423.0,16195,ITC
2025-06-12 13:09:00+05:30,423.15,423.15,423.0,423.0,8773,ITC
2025-06-12 13:10:00+05:30,423.0,423.1,423.0,423.0,17828,ITC
2025-06-12 13:11:00+05:30,423.05,423.1,423.0,423.1,19732,ITC
2025-06-12 13:12:00+05:30,423.1,423.2,423.0,423.15,10839,ITC
2025-06-12 13:13:00+05:30,423.2,423.25,423.05,423.05,12467,ITC
2025-06-12 13:14:00+05:30,423.1,423.4,423.1,423.25,11823,ITC
2025-06-12 13:15:00+05:30,423.25,423.4,423.15,423.15,11637,ITC
2025-06-12 13:16:00+05:30,423.2,423.25,423.1,423.2,7984,ITC
2025-06-12 13:17:00+05:30,423.25,423.4,423.15,423.25,7085,ITC
2025-06-12 13:18:00+05:30,423.25,423.4,423.15,423.15,9266,ITC
2025-06-12 13:19:00+05:30,423.35,423.35,423.15,423.15,7778,ITC
2025-06-12 13:20:00+05:30,423.15,423.35,423.05,423.15,9848,ITC
2025-06-12 13:21:00+05:30,423.15,423.35,423.05,423.15,10900,ITC
2025-06-12 13:22:00+05:30,423.25,423.3,423.1,423.1,10638,ITC
2025-06-12 13:23:00+05:30,423.2,423.3,423.1,423.1,9252,ITC
2025-06-12 13:24:00+05:30,423.25,423.3,423.05,423.25,10235,ITC
2025-06-12 13:25:00+05:30,423.25,423.35,423.15,423.15,7274,ITC
2025-06-12 13:26:00+05:30,423.3,423.35,423.0,423.0,11435,ITC
2025-06-12 13:27:00+05:30,423.0,423.0,422.15,422.6,139108,ITC
2025-06-12 13:28:00+05:30,422.6,422.6,422.1,422.3,75355,ITC
2025-06-12 13:29:00+05:30,422.3,422.35,422.1,422.3,20670,ITC
2025-06-12 13:30:00+05:30,422.3,422.55,421.75,422.4,92851,ITC
2025-06-12 13:31:00+05:30,422.4,422.6,422.2,422.25,16651,ITC
2025-06-12 13:32:00+05:30,422.2,422.75,422.2,422.7,34599,ITC
2025-06-12 13:33:00+05:30,422.6,422.7,422.1,422.1,32333,ITC
2025-06-12 13:34:00+05:30,422.1,422.2,421.7,421.95,304744,ITC
2025-06-12 13:35:00+05:30,421.95,422.1,421.7,422.05,18816,ITC
2025-06-12 13:36:00+05:30,422.05,422.2,421.9,421.95,38169,ITC
2025-06-12 13:37:00+05:30,422.05,422.1,421.65,421.95,114881,ITC
2025-06-12 13:38:00+05:30,421.95,422.4,421.75,421.9,274094,ITC
2025-06-12 13:39:00+05:30,421.9,422.25,421.75,421.8,42368,ITC
2025-06-12 13:40:00+05:30,421.8,422.1,421.7,422.0,34206,ITC
2025-06-12 13:41:00+05:30,422.05,422.15,421.7,421.95,73262,ITC
2025-06-12 13:42:00+05:30,422.0,422.1,421.75,421.95,18718,ITC
2025-06-12 13:43:00+05:30,422.0,422.0,421.75,421.9,33838,ITC
2025-06-12 13:44:00+05:30,421.8,421.95,421.7,421.8,29819,ITC
2025-06-12 13:45:00+05:30,421.75,422.0,421.2,421.3,91457,ITC
2025-06-12 13:46:00+05:30,421.25,421.35,421.0,421.0,27499,ITC
2025-06-12 13:47:00+05:30,421.1,421.2,420.9,420.95,79076,ITC
2025-06-12 13:48:00+05:30,420.95,421.25,420.95,421.2,18246,ITC
2025-06-12 13:49:00+05:30,421.2,421.35,421.05,421.2,55790,ITC
2025-06-12 13:50:00+05:30,421.25,421.3,420.95,421.2,92837,ITC
2025-06-12 13:51:00+05:30,421.25,421.3,420.95,421.1,79371,ITC
2025-06-12 13:52:00+05:30,421.0,421.3,420.95,421.15,26529,ITC
2025-06-12 13:53:00+05:30,421.15,421.2,420.9,420.9,19732,ITC
2025-06-12 13:54:00+05:30,420.95,421.3,420.95,421.1,19172,ITC
2025-06-12 13:55:00+05:30,421.2,421.3,421.0,421.1,46655,ITC
2025-06-12 13:56:00+05:30,421.1,421.3,420.95,421.15,34292,ITC
2025-06-12 13:57:00+05:30,421.25,421.35,421.05,421.1,20968,ITC
2025-06-12 13:58:00+05:30,421.1,421.25,421.05,421.15,93308,ITC
2025-06-12 13:59:00+05:30,421.2,421.25,421.05,421.1,31814,ITC
2025-06-12 14:00:00+05:30,421.2,421.3,421.1,421.15,20412,ITC
2025-06-12 14:01:00+05:30,421.15,421.3,421.0,421.15,235897,ITC
2025-06-12 14:02:00+05:30,421.1,421.2,421.0,421.1,25931,ITC
2025-06-12 14:03:00+05:30,421.2,421.4,421.1,421.3,13312,ITC
2025-06-12 14:04:00+05:30,421.35,421.35,421.0,421.0,73973,ITC
2025-06-12 14:05:00+05:30,421.05,421.2,420.8,420.8,169712,ITC
2025-06-12 14:06:00+05:30,420.8,421.0,420.1,420.45,104641,ITC
2025-06-12 14:07:00+05:30,420.45,420.65,420.15,420.3,34196,ITC
2025-06-12 14:08:00+05:30,420.3,420.4,420.1,420.15,25733,ITC
2025-06-12 14:09:00+05:30,420.3,420.45,420.1,420.3,20673,ITC
2025-06-12 14:10:00+05:30,420.3,420.4,420.1,420.3,15775,ITC
2025-06-12 14:11:00+05:30,420.3,420.65,420.1,420.4,27236,ITC
2025-06-12 14:12:00+05:30,420.4,420.6,420.3,420.5,22267,ITC
2025-06-12 14:13:00+05:30,420.55,420.85,420.45,420.75,18813,ITC
2025-06-12 14:14:00+05:30,420.75,420.85,420.45,420.8,41535,ITC
2025-06-12 14:15:00+05:30,420.85,420.9,420.5,420.85,15983,ITC
2025-06-12 14:16:00+05:30,420.8,420.95,420.55,420.7,39109,ITC
2025-06-12 14:17:00+05:30,420.7,421.0,420.7,420.7,19197,ITC
2025-06-12 14:18:00+05:30,420.85,420.9,420.7,420.7,14670,ITC
2025-06-12 14:19:00+05:30,420.8,420.95,420.5,420.9,25076,ITC
2025-06-12 14:20:00+05:30,420.8,421.0,420.7,420.75,18336,ITC
2025-06-12 14:21:00+05:30,420.9,421.0,420.7,420.75,19567,ITC
2025-06-12 14:22:00+05:30,420.8,421.3,420.7,420.9,49562,ITC
2025-06-12 14:23:00+05:30,420.9,421.35,420.9,421.1,22211,ITC
2025-06-12 14:24:00+05:30,421.05,421.2,420.75,420.75,19774,ITC
2025-06-12 14:25:00+05:30,420.85,421.1,420.65,420.65,11034,ITC
2025-06-12 14:26:00+05:30,420.7,420.85,420.5,420.75,17330,ITC
2025-06-12 14:27:00+05:30,420.75,420.9,420.55,420.8,19811,ITC
2025-06-12 14:28:00+05:30,420.8,420.85,420.6,420.7,13448,ITC
2025-06-12 14:29:00+05:30,420.8,420.95,420.6,420.8,17165,ITC
2025-06-12 14:30:00+05:30,420.85,421.15,420.85,421.15,53887,ITC
2025-06-12 14:31:00+05:30,421.15,421.15,420.85,421.1,81853,ITC
2025-06-12 14:32:00+05:30,421.15,421.2,420.9,421.15,85239,ITC
2025-06-12 14:33:00+05:30,421.15,421.35,421.0,421.25,68523,ITC
2025-06-12 14:34:00+05:30,421.25,421.25,420.85,420.9,54879,ITC
2025-06-12 14:35:00+05:30,421.05,421.25,420.9,421.05,51156,ITC
2025-06-12 14:36:00+05:30,421.05,421.1,420.8,420.85,33163,ITC
2025-06-12 14:37:00+05:30,421.0,421.05,420.6,420.65,40608,ITC
2025-06-12 14:38:00+05:30,420.65,420.8,420.55,420.8,24609,ITC
2025-06-12 14:39:00+05:30,420.8,420.8,420.5,420.5,17378,ITC
2025-06-12 14:40:00+05:30,420.55,420.85,420.35,420.85,33744,ITC
2025-06-12 14:41:00+05:30,420.8,420.85,420.65,420.8,13320,ITC
2025-06-12 14:42:00+05:30,420.85,420.95,420.65,420.75,69941,ITC
2025-06-12 14:43:00+05:30,420.9,420.95,420.75,420.75,14214,ITC
2025-06-12 14:44:00+05:30,420.85,421.0,420.8,420.8,15726,ITC
2025-06-12 14:45:00+05:30,420.8,420.95,420.7,420.8,25095,ITC
2025-06-12 14:46:00+05:30,420.85,420.95,420.75,420.9,12540,ITC
2025-06-12 14:47:00+05:30,420.9,420.9,420.65,420.65,21104,ITC
2025-06-12 14:48:00+05:30,420.7,421.3,420.7,421.0,24047,ITC
2025-06-12 14:49:00+05:30,421.0,421.2,421.0,421.0,13886,ITC
2025-06-12 14:50:00+05:30,421.0,421.15,420.85,420.85,37289,ITC
2025-06-12 14:51:00+05:30,420.85,421.15,420.85,420.9,22209,ITC
2025-06-12 14:52:00+05:30,421.05,421.2,420.95,421.0,18712,ITC
2025-06-12 14:53:00+05:30,421.1,421.25,421.0,421.15,15264,ITC
2025-06-12 14:54:00+05:30,421.2,421.25,420.95,420.95,38034,ITC
2025-06-12 14:55:00+05:30,421.1,421.15,420.8,420.8,30025,ITC
2025-06-12 14:56:00+05:30,420.8,421.1,420.75,421.0,23048,ITC
2025-06-12 14:57:00+05:30,421.05,421.2,421.0,421.1,31766,ITC
2025-06-12 14:58:00+05:30,421.15,421.2,420.95,421.05,47794,ITC
2025-06-12 14:59:00+05:30,421.0,421.1,420.95,421.05,25434,ITC
2025-06-12 15:00:00+05:30,421.1,421.25,420.9,421.05,173688,ITC
2025-06-12 15:01:00+05:30,421.1,421.1,420.85,421.0,142989,ITC
2025-06-12 15:02:00+05:30,421.0,421.05,420.8,420.95,148102,ITC
2025-06-12 15:03:00+05:30,420.95,421.2,420.9,421.15,170547,ITC
2025-06-12 15:04:00+05:30,421.15,421.25,421.05,421.15,112427,ITC
2025-06-12 15:05:00+05:30,421.2,421.4,421.15,421.25,124497,ITC
2025-06-12 15:06:00+05:30,421.25,421.25,421.1,421.2,119332,ITC
2025-06-12 15:07:00+05:30,421.15,421.25,420.95,421.0,123760,ITC
2025-06-12 15:08:00+05:30,420.95,421.0,420.6,420.65,159631,ITC
2025-06-12 15:09:00+05:30,420.6,422.1,420.6,420.8,479085,ITC
2025-06-12 15:10:00+05:30,420.75,420.8,420.5,420.55,181430,ITC
2025-06-12 15:11:00+05:30,420.55,421.1,420.55,421.0,117900,ITC
2025-06-12 15:12:00+05:30,420.95,421.1,420.85,420.85,90629,ITC
2025-06-12 15:13:00+05:30,420.85,421.1,420.85,420.95,77142,ITC
2025-06-12 15:14:00+05:30,420.9,421.0,420.9,421.0,29977,ITC
2025-06-12 15:15:00+05:30,420.95,421.0,420.85,420.85,47026,ITC
2025-06-12 15:16:00+05:30,420.85,420.95,420.8,420.85,98282,ITC
2025-06-12 15:17:00+05:30,420.8,420.95,420.8,420.9,59909,ITC
2025-06-12 15:18:00+05:30,420.9,420.95,420.8,420.95,85452,ITC
2025-06-12 15:19:00+05:30,420.9,421.0,420.9,420.95,52012,ITC
2025-06-12 15:20:00+05:30,420.95,421.0,420.85,420.9,101646,ITC
2025-06-12 15:21:00+05:30,420.85,420.95,420.85,420.95,47059,ITC
2025-06-12 15:22:00+05:30,420.95,420.95,420.85,420.9,136360,ITC
2025-06-12 15:23:00+05:30,420.9,420.95,420.85,420.95,52301,ITC
2025-06-12 15:24:00+05:30,420.95,421.0,420.9,420.95,111176,ITC
2025-06-12 15:25:00+05:30,420.95,421.45,420.9,421.3,143653,ITC
2025-06-12 15:26:00+05:30,421.3,421.3,421.0,421.05,102876,ITC
2025-06-12 15:27:00+05:30,421.05,421.35,420.85,421.3,71207,ITC
2025-06-12 15:28:00+05:30,421.25,421.5,420.85,420.85,73834,ITC
2025-06-12 15:29:00+05:30,420.85,421.05,420.5,420.95,31870,ITC
2025-06-13 09:15:00+05:30,415.0,418.85,414.8,417.8,1368014,ITC
2025-06-13 09:16:00+05:30,417.9,418.4,417.1,417.7,166618,ITC
2025-06-13 09:17:00+05:30,417.9,419.2,417.7,418.0,70540,ITC
2025-06-13 09:18:00+05:30,418.0,418.5,417.8,418.3,22944,ITC
2025-06-13 09:19:00+05:30,418.45,418.7,418.0,418.2,37585,ITC
2025-06-13 09:20:00+05:30,418.0,418.6,418.0,418.2,40982,ITC
2025-06-13 09:21:00+05:30,418.2,418.5,418.0,418.3,36661,ITC
2025-06-13 09:22:00+05:30,418.05,418.75,417.55,417.6,173609,ITC
2025-06-13 09:23:00+05:30,417.7,418.1,417.6,417.7,32431,ITC
2025-06-13 09:24:00+05:30,417.6,418.5,417.55,418.45,40218,ITC
2025-06-13 09:25:00+05:30,418.4,419.3,418.35,418.9,38905,ITC
2025-06-13 09:26:00+05:30,418.9,418.9,418.5,418.85,49781,ITC
2025-06-13 09:27:00+05:30,418.8,419.35,418.55,418.75,58809,ITC
2025-06-13 09:28:00+05:30,418.7,418.85,418.2,418.7,85759,ITC
2025-06-13 09:29:00+05:30,418.7,418.7,417.8,418.05,70400,ITC
2025-06-13 09:30:00+05:30,418.0,418.05,417.25,417.35,20192,ITC
2025-06-13 09:31:00+05:30,417.45,417.75,417.35,417.75,24781,ITC
2025-06-13 09:32:00+05:30,417.75,417.75,417.25,417.45,34028,ITC
2025-06-13 09:33:00+05:30,417.45,417.7,417.15,417.45,25952,ITC
2025-06-13 09:34:00+05:30,417.6,417.75,417.35,417.7,26572,ITC
2025-06-13 09:35:00+05:30,417.7,417.7,417.4,417.5,17084,ITC
2025-06-13 09:36:00+05:30,417.55,418.0,417.45,417.95,27467,ITC
2025-06-13 09:37:00+05:30,417.85,418.1,417.75,418.0,29346,ITC
2025-06-13 09:38:00+05:30,418.0,418.1,417.8,418.0,17045,ITC
2025-06-13 09:39:00+05:30,418.0,418.15,417.9,418.15,12368,ITC
2025-06-13 09:40:00+05:30,418.1,418.1,417.8,417.9,8540,ITC
2025-06-13 09:41:00+05:30,417.9,418.25,417.65,417.95,17340,ITC
2025-06-13 09:42:00+05:30,417.9,418.2,417.75,418.2,9602,ITC
2025-06-13 09:43:00+05:30,418.15,418.25,418.0,418.15,8171,ITC
2025-06-13 09:44:00+05:30,418.05,418.1,417.8,418.0,18076,ITC
2025-06-13 09:45:00+05:30,417.9,417.95,417.55,417.7,12320,ITC
2025-06-13 09:46:00+05:30,417.6,417.8,417.55,417.7,7067,ITC
2025-06-13 09:47:00+05:30,417.7,417.7,417.5,417.7,14835,ITC
2025-06-13 09:48:00+05:30,417.55,417.7,417.35,417.6,182346,ITC
2025-06-13 09:49:00+05:30,417.6,418.0,417.55,417.95,23445,ITC
2025-06-13 09:50:00+05:30,417.9,418.25,417.9,418.0,41558,ITC
2025-06-13 09:51:00+05:30,417.95,418.0,417.55,417.8,26330,ITC
2025-06-13 09:52:00+05:30,417.75,418.05,417.75,418.0,7396,ITC
2025-06-13 09:53:00+05:30,418.0,418.3,417.95,418.3,47288,ITC
2025-06-13 09:54:00+05:30,418.3,418.35,418.05,418.2,26593,ITC
2025-06-13 09:55:00+05:30,418.05,418.45,418.05,418.25,114543,ITC
2025-06-13 09:56:00+05:30,418.05,418.2,417.65,417.7,18113,ITC
2025-06-13 09:57:00+05:30,417.7,418.05,417.65,418.05,20879,ITC
2025-06-13 09:58:00+05:30,418.0,418.05,417.85,417.95,24852,ITC
2025-06-13 09:59:00+05:30,417.95,417.95,417.6,417.75,13269,ITC
2025-06-13 10:00:00+05:30,417.75,417.75,417.65,417.7,8402,ITC
2025-06-13 10:01:00+05:30,417.7,417.75,417.45,417.6,38331,ITC
2025-06-13 10:02:00+05:30,417.55,417.7,417.2,417.3,47507,ITC
2025-06-13 10:03:00+05:30,417.3,417.65,417.1,417.2,48657,ITC
2025-06-13 10:04:00+05:30,417.1,417.4,417.1,417.3,12001,ITC
2025-06-13 10:05:00+05:30,417.3,417.4,417.0,417.1,27317,ITC
2025-06-13 10:06:00+05:30,417.0,417.35,416.65,417.05,2099537,ITC
2025-06-13 10:07:00+05:30,417.05,417.05,416.8,416.9,9337,ITC
2025-06-13 10:08:00+05:30,416.9,417.2,416.85,417.2,13251,ITC
2025-06-13 10:09:00+05:30,417.0,417.35,417.0,417.2,12279,ITC
2025-06-13 10:10:00+05:30,417.2,417.3,417.0,417.2,16862,ITC
2025-06-13 10:11:00+05:30,417.2,417.3,417.05,417.15,10811,ITC
2025-06-13 10:12:00+05:30,417.15,417.5,417.1,417.35,13245,ITC
2025-06-13 10:13:00+05:30,417.35,417.45,417.15,417.15,7662,ITC
2025-06-13 10:14:00+05:30,417.2,417.35,417.15,417.35,4902,ITC
2025-06-13 10:15:00+05:30,417.35,417.35,417.05,417.15,20083,ITC
2025-06-13 10:16:00+05:30,417.1,417.2,416.9,416.95,21870,ITC
2025-06-13 10:17:00+05:30,416.9,417.1,416.65,417.0,24844,ITC
2025-06-13 10:18:00+05:30,416.9,417.0,416.6,416.8,12905,ITC
2025-06-13 10:19:00+05:30,416.75,416.8,416.55,416.8,11532,ITC
2025-06-13 10:20:00+05:30,416.8,416.8,416.65,416.8,10031,ITC
2025-06-13 10:21:00+05:30,416.75,416.85,416.65,416.65,10652,ITC
2025-06-13 10:22:00+05:30,416.7,416.8,416.6,416.8,6339,ITC
2025-06-13 10:23:00+05:30,416.8,417.0,416.65,416.95,7278,ITC
2025-06-13 10:24:00+05:30,416.95,417.0,416.85,416.9,8220,ITC
2025-06-13 10:25:00+05:30,416.9,416.95,416.7,416.8,13228,ITC
2025-06-13 10:26:00+05:30,416.9,416.9,416.55,416.85,26043,ITC
2025-06-13 10:27:00+05:30,416.8,417.1,416.7,417.1,17112,ITC
2025-06-13 10:28:00+05:30,417.05,417.15,416.8,416.9,29808,ITC
2025-06-13 10:29:00+05:30,416.9,417.1,416.85,417.1,4995,ITC
2025-06-13 10:30:00+05:30,417.05,417.1,416.8,416.9,15650,ITC
2025-06-13 10:31:00+05:30,416.85,417.1,416.85,417.0,18799,ITC
2025-06-13 10:32:00+05:30,416.95,417.2,416.9,417.05,10574,ITC
2025-06-13 10:33:00+05:30,417.1,417.3,417.0,417.25,10912,ITC
2025-06-13 10:34:00+05:30,417.2,417.55,417.0,417.25,131377,ITC
2025-06-13 10:35:00+05:30,417.2,417.35,417.1,417.3,9576,ITC
2025-06-13 10:36:00+05:30,417.25,417.3,417.05,417.1,15164,ITC
2025-06-13 10:37:00+05:30,417.1,417.15,417.0,417.05,6163,ITC
2025-06-13 10:38:00+05:30,417.0,417.05,416.95,417.0,26599,ITC
2025-06-13 10:39:00+05:30,416.95,417.0,416.85,416.95,9928,ITC
2025-06-13 10:40:00+05:30,416.95,417.1,416.9,417.05,38340,ITC
2025-06-13 10:41:00+05:30,417.0,417.5,417.0,417.3,22705,ITC
2025-06-13 10:42:00+05:30,417.2,417.3,417.0,417.05,9570,ITC
2025-06-13 10:43:00+05:30,417.0,417.2,417.0,417.05,24875,ITC
2025-06-13 10:44:00+05:30,417.0,417.05,416.7,416.7,66224,ITC
2025-06-13 10:45:00+05:30,416.7,417.4,416.7,417.1,172053,ITC
2025-06-13 10:46:00+05:30,416.95,417.1,416.95,417.1,7943,ITC
2025-06-13 10:47:00+05:30,417.05,417.1,416.75,416.75,20717,ITC
2025-06-13 10:48:00+05:30,416.8,417.6,416.7,417.0,187001,ITC
2025-06-13 10:49:00+05:30,416.95,417.05,416.7,417.0,22577,ITC
2025-06-13 10:50:00+05:30,416.9,417.25,416.8,417.1,10153,ITC
2025-06-13 10:51:00+05:30,417.1,417.35,416.95,417.3,13612,ITC
2025-06-13 10:52:00+05:30,417.35,417.45,417.15,417.35,12730,ITC
2025-06-13 10:53:00+05:30,417.3,417.4,417.2,417.35,6782,ITC
2025-06-13 10:54:00+05:30,417.3,417.4,417.1,417.25,15287,ITC
2025-06-13 10:55:00+05:30,417.3,417.35,416.9,417.1,80103,ITC
2025-06-13 10:56:00+05:30,417.1,417.1,416.8,416.95,25457,ITC
2025-06-13 10:57:00+05:30,416.9,417.0,416.75,416.95,37544,ITC
2025-06-13 10:58:00+05:30,416.95,417.0,416.8,417.0,13692,ITC
2025-06-13 10:59:00+05:30,416.95,417.0,416.8,416.85,18748,ITC
2025-06-13 11:00:00+05:30,416.8,416.95,416.8,416.9,20388,ITC
2025-06-13 11:01:00+05:30,416.85,416.9,416.75,416.85,10871,ITC
2025-06-13 11:02:00+05:30,416.8,416.9,416.7,416.8,18208,ITC
2025-06-13 11:03:00+05:30,416.75,416.9,416.65,416.8,30542,ITC
2025-06-13 11:04:00+05:30,416.8,416.8,416.65,416.7,8198,ITC
2025-06-13 11:05:00+05:30,416.65,416.95,416.65,416.9,6660,ITC
2025-06-13 11:06:00+05:30,416.85,417.1,416.7,416.95,76929,ITC
2025-06-13 11:07:00+05:30,416.95,417.2,416.75,416.95,85346,ITC
2025-06-13 11:08:00+05:30,416.85,417.0,416.8,417.0,5022,ITC
2025-06-13 11:09:00+05:30,416.95,417.0,416.75,416.9,5386,ITC
2025-06-13 11:10:00+05:30,416.8,417.55,416.8,417.0,173585,ITC
2025-06-13 11:11:00+05:30,416.95,417.0,416.75,416.85,7205,ITC
2025-06-13 11:12:00+05:30,416.85,417.1,416.75,417.05,41146,ITC
2025-06-13 11:13:00+05:30,417.0,417.35,416.7,417.3,83527,ITC
2025-06-13 11:14:00+05:30,417.15,417.3,417.1,417.3,13010,ITC
2025-06-13 11:15:00+05:30,417.25,417.35,417.25,417.25,7401,ITC
2025-06-13 11:16:00+05:30,417.25,417.3,417.0,417.1,49431,ITC
2025-06-13 11:17:00+05:30,417.1,417.25,416.85,417.0,36128,ITC
2025-06-13 11:18:00+05:30,416.9,417.4,416.85,417.0,97141,ITC
2025-06-13 11:19:00+05:30,417.0,417.35,416.85,416.95,82657,ITC
2025-06-13 11:20:00+05:30,416.9,416.95,416.85,416.95,10669,ITC
2025-06-13 11:21:00+05:30,416.9,417.0,416.85,416.95,5577,ITC
2025-06-13 11:22:00+05:30,416.95,417.0,416.8,416.85,33877,ITC
2025-06-13 11:23:00+05:30,416.85,417.0,416.8,416.85,9534,ITC
2025-06-13 11:24:00+05:30,416.8,417.0,416.75,417.0,8378,ITC
2025-06-13 11:25:00+05:30,416.85,417.0,416.7,416.75,24318,ITC
2025-06-13 11:26:00+05:30,416.75,416.75,416.5,416.6,39627,ITC
2025-06-13 11:27:00+05:30,416.5,416.75,416.5,416.65,16704,ITC
2025-06-13 11:28:00+05:30,416.6,416.65,416.5,416.6,9807,ITC
2025-06-13 11:29:00+05:30,416.55,416.8,416.55,416.65,17598,ITC
2025-06-13 11:30:00+05:30,416.75,416.8,416.6,416.7,15431,ITC
2025-06-13 11:31:00+05:30,416.65,416.95,416.65,416.9,8823,ITC
2025-06-13 11:32:00+05:30,416.85,417.0,416.8,416.8,7828,ITC
2025-06-13 11:33:00+05:30,416.8,417.0,416.8,416.95,12141,ITC
2025-06-13 11:34:00+05:30,416.95,417.0,416.75,416.8,9880,ITC
2025-06-13 11:35:00+05:30,416.8,417.0,416.8,416.8,6098,ITC
2025-06-13 11:36:00+05:30,416.85,417.0,416.8,417.0,5287,ITC
2025-06-13 11:37:00+05:30,416.95,417.0,416.95,417.0,9389,ITC
2025-06-13 11:38:00+05:30,417.0,417.0,416.95,417.0,9369,ITC
2025-06-13 11:39:00+05:30,417.0,417.15,416.95,417.15,34217,ITC
2025-06-13 11:40:00+05:30,417.15,417.15,417.0,417.0,6004,ITC
2025-06-13 11:41:00+05:30,417.15,417.15,417.0,417.05,6611,ITC
2025-06-13 11:42:00+05:30,417.05,417.1,416.75,416.95,13882,ITC
2025-06-13 11:43:00+05:30,416.8,417.0,416.8,417.0,3563,ITC
2025-06-13 11:44:00+05:30,416.85,417.0,416.85,416.85,4771,ITC
2025-06-13 11:45:00+05:30,416.85,417.2,416.85,417.05,4153,ITC
2025-06-13 11:46:00+05:30,417.2,417.2,417.0,417.0,8113,ITC
2025-06-13 11:47:00+05:30,417.0,417.15,417.0,417.0,7356,ITC
2025-06-13 11:48:00+05:30,417.0,417.15,417.0,417.15,11847,ITC
2025-06-13 11:49:00+05:30,417.0,417.15,417.0,417.0,11152,ITC
2025-06-13 11:50:00+05:30,417.1,417.25,417.0,417.2,31069,ITC
2025-06-13 11:51:00+05:30,417.2,417.25,417.1,417.2,30686,ITC
2025-06-13 11:52:00+05:30,417.2,417.25,417.1,417.25,9928,ITC
2025-06-13 11:53:00+05:30,417.2,417.3,417.2,417.3,17812,ITC
2025-06-13 11:54:00+05:30,417.3,417.3,417.2,417.2,12758,ITC
2025-06-13 11:55:00+05:30,417.2,417.25,417.05,417.2,12626,ITC
2025-06-13 11:56:00+05:30,417.15,417.2,417.1,417.1,16787,ITC
2025-06-13 11:57:00+05:30,417.1,417.2,417.1,417.15,13355,ITC
2025-06-13 11:58:00+05:30,417.15,417.15,417.05,417.15,13134,ITC
2025-06-13 11:59:00+05:30,417.15,417.15,417.05,417.15,29065,ITC
2025-06-13 12:00:00+05:30,417.1,417.15,417.05,417.1,21599,ITC
2025-06-13 12:01:00+05:30,417.1,417.15,417.0,417.15,26156,ITC
2025-06-13 12:02:00+05:30,417.1,417.15,417.0,417.1,9247,ITC
2025-06-13 12:03:00+05:30,417.1,417.15,417.0,417.1,11277,ITC
2025-06-13 12:04:00+05:30,417.1,417.2,417.0,417.15,16913,ITC
2025-06-13 12:05:00+05:30,417.15,417.2,417.1,417.2,12342,ITC
2025-06-13 12:06:00+05:30,417.15,417.2,417.0,417.15,14699,ITC
2025-06-13 12:07:00+05:30,417.15,417.2,417.1,417.15,10242,ITC
2025-06-13 12:08:00+05:30,417.1,417.2,417.1,417.2,13481,ITC
2025-06-13 12:09:00+05:30,417.25,417.25,417.1,417.15,14372,ITC
2025-06-13 12:10:00+05:30,417.1,417.3,416.25,417.3,171404,ITC
2025-06-13 12:11:00+05:30,417.25,417.3,417.05,417.1,5715,ITC
2025-06-13 12:12:00+05:30,417.05,417.25,417.0,417.0,8961,ITC
2025-06-13 12:13:00+05:30,417.0,417.2,417.0,417.1,11744,ITC
2025-06-13 12:14:00+05:30,417.1,417.2,417.05,417.1,3325,ITC
2025-06-13 12:15:00+05:30,417.05,417.2,417.05,417.15,7562,ITC
2025-06-13 12:16:00+05:30,417.15,417.35,417.1,417.25,11747,ITC
2025-06-13 12:17:00+05:30,417.35,417.75,417.25,417.6,34424,ITC
2025-06-13 12:18:00+05:30,417.6,417.75,417.5,417.65,5777,ITC
2025-06-13 12:19:00+05:30,417.5,417.7,417.5,417.6,5034,ITC
2025-06-13 12:20:00+05:30,417.7,417.7,417.35,417.4,8660,ITC
2025-06-13 12:21:00+05:30,417.35,417.5,417.35,417.35,6500,ITC
2025-06-13 12:22:00+05:30,417.35,417.6,417.35,417.55,3522,ITC
2025-06-13 12:23:00+05:30,417.5,417.6,417.45,417.5,9175,ITC
2025-06-13 12:24:00+05:30,417.5,417.6,417.35,417.55,7205,ITC
2025-06-13 12:25:00+05:30,417.4,417.6,417.4,417.5,4630,ITC
2025-06-13 12:26:00+05:30,417.4,417.55,417.35,417.5,14156,ITC
2025-06-13 12:27:00+05:30,417.5,417.55,417.35,417.5,7393,ITC
2025-06-13 12:28:00+05:30,417.4,417.5,417.35,417.5,4388,ITC
2025-06-13 12:29:00+05:30,417.4,417.5,417.25,417.35,7528,ITC
2025-06-13 12:30:00+05:30,417.25,417.5,417.15,417.15,12981,ITC
2025-06-13 12:31:00+05:30,417.3,417.35,417.1,417.25,5474,ITC
2025-06-13 12:32:00+05:30,417.15,417.4,417.15,417.4,6665,ITC
2025-06-13 12:33:00+05:30,417.3,417.4,417.15,417.2,9914,ITC
2025-06-13 12:34:00+05:30,417.2,417.25,417.1,417.15,6732,ITC
2025-06-13 12:35:00+05:30,417.1,417.25,417.1,417.25,7882,ITC
2025-06-13 12:36:00+05:30,417.1,417.25,417.1,417.15,5340,ITC
2025-06-13 12:37:00+05:30,417.15,417.25,417.1,417.1,6402,ITC
2025-06-13 12:38:00+05:30,417.1,417.2,417.1,417.2,5383,ITC
2025-06-13 12:39:00+05:30,417.1,417.2,417.1,417.15,7805,ITC
2025-06-13 12:40:00+05:30,417.1,417.2,417.1,417.15,45372,ITC
2025-06-13 12:41:00+05:30,417.1,417.15,417.1,417.15,8653,ITC
2025-06-13 12:42:00+05:30,417.15,417.2,417.1,417.15,8420,ITC
2025-06-13 12:43:00+05:30,417.1,417.15,417.1,417.15,6978,ITC
2025-06-13 12:44:00+05:30,417.1,417.15,417.1,417.1,10476,ITC
2025-06-13 12:45:00+05:30,417.1,417.15,417.1,417.15,20083,ITC
2025-06-13 12:46:00+05:30,417.1,417.15,417.1,417.1,38726,ITC
2025-06-13 12:47:00+05:30,417.1,417.15,417.1,417.1,19150,ITC
2025-06-13 12:48:00+05:30,417.15,417.15,417.1,417.15,19284,ITC
2025-06-13 12:49:00+05:30,417.1,417.15,417.05,417.1,23619,ITC
2025-06-13 12:50:00+05:30,417.1,417.2,417.05,417.2,17820,ITC
2025-06-13 12:51:00+05:30,417.1,417.2,417.1,417.2,14669,ITC
2025-06-13 12:52:00+05:30,417.2,417.2,417.1,417.2,9660,ITC
2025-06-13 12:53:00+05:30,417.1,417.3,417.1,417.15,14585,ITC
2025-06-13 12:54:00+05:30,417.15,417.55,417.1,417.45,34773,ITC
2025-06-13 12:55:00+05:30,417.25,417.55,417.25,417.45,13851,ITC
2025-06-13 12:56:00+05:30,417.25,417.45,417.25,417.3,5389,ITC
2025-06-13 12:57:00+05:30,417.3,417.45,417.25,417.3,10548,ITC
2025-06-13 12:58:00+05:30,417.25,417.55,417.2,417.5,16273,ITC
2025-06-13 12:59:00+05:30,417.5,417.6,417.0,417.3,1074086,ITC
2025-06-13 13:00:00+05:30,417.1,417.35,417.1,417.3,6595,ITC
2025-06-13 13:01:00+05:30,417.15,417.4,417.1,417.2,5776,ITC
2025-06-13 13:02:00+05:30,417.4,417.45,417.15,417.45,35193,ITC
2025-06-13 13:03:00+05:30,417.4,417.6,417.4,417.4,8074,ITC
2025-06-13 13:04:00+05:30,417.4,417.6,417.4,417.5,6740,ITC
2025-06-13 13:05:00+05:30,417.5,417.6,417.3,417.3,39245,ITC
2025-06-13 13:06:00+05:30,417.3,417.5,417.1,417.3,25763,ITC
2025-06-13 13:07:00+05:30,417.2,417.3,417.15,417.3,8296,ITC
2025-06-13 13:08:00+05:30,417.15,417.3,417.1,417.25,7581,ITC
2025-06-13 13:09:00+05:30,417.1,417.25,417.1,417.25,6792,ITC
2025-06-13 13:10:00+05:30,417.25,417.35,417.1,417.25,73162,ITC
2025-06-13 13:11:00+05:30,417.15,417.25,416.95,416.95,209743,ITC
2025-06-13 13:12:00+05:30,416.95,417.0,416.6,416.9,29316,ITC
2025-06-13 13:13:00+05:30,416.75,417.0,416.7,416.75,9395,ITC
2025-06-13 13:14:00+05:30,416.7,416.95,416.7,416.95,10090,ITC
2025-06-13 13:15:00+05:30,416.8,417.0,416.75,417.0,7286,ITC
2025-06-13 13:16:00+05:30,416.9,417.0,416.85,416.95,17916,ITC
2025-06-13 13:17:00+05:30,416.95,417.05,416.8,416.95,98335,ITC
2025-06-13 13:18:00+05:30,416.8,416.95,416.8,416.95,8816,ITC
2025-06-13 13:19:00+05:30,416.9,417.0,416.8,416.95,37100,ITC
2025-06-13 13:20:00+05:30,416.85,416.95,416.85,416.85,8160,ITC
2025-06-13 13:21:00+05:30,416.85,416.95,416.8,416.8,16162,ITC
2025-06-13 13:22:00+05:30,416.8,417.0,416.8,417.0,13173,ITC
2025-06-13 13:23:00+05:30,416.9,417.0,416.85,417.0,10754,ITC
2025-06-13 13:24:00+05:30,416.9,417.0,416.85,416.9,7119,ITC
2025-06-13 13:25:00+05:30,416.85,416.95,416.6,416.65,31716,ITC
2025-06-13 13:26:00+05:30,416.6,416.85,416.6,416.85,9511,ITC
2025-06-13 13:27:00+05:30,416.8,416.9,416.7,416.9,5984,ITC
2025-06-13 13:28:00+05:30,416.8,416.95,416.75,416.95,6657,ITC
2025-06-13 13:29:00+05:30,416.85,416.95,416.8,416.85,6037,ITC
2025-06-13 13:30:00+05:30,416.8,416.95,416.8,416.95,5099,ITC
2025-06-13 13:31:00+05:30,416.9,417.0,416.85,416.95,16660,ITC
2025-06-13 13:32:00+05:30,416.85,417.0,416.85,416.95,10100,ITC
2025-06-13 13:33:00+05:30,416.9,417.0,416.85,417.0,36916,ITC
2025-06-13 13:34:00+05:30,416.85,417.0,416.85,416.95,16235,ITC
2025-06-13 13:35:00+05:30,416.95,417.0,416.8,416.8,11770,ITC
2025-06-13 13:36:00+05:30,416.8,416.85,416.8,416.8,9140,ITC
2025-06-13 13:37:00+05:30,416.8,416.85,416.8,416.85,7091,ITC
2025-06-13 13:38:00+05:30,416.8,416.85,416.8,416.85,9419,ITC
2025-06-13 13:39:00+05:30,416.8,416.85,416.8,416.85,15512,ITC
2025-06-13 13:40:00+05:30,416.8,416.85,416.8,416.85,13825,ITC
2025-06-13 13:41:00+05:30,416.8,416.85,416.8,416.8,10698,ITC
2025-06-13 13:42:00+05:30,416.8,416.85,416.7,416.7,12770,ITC
2025-06-13 13:43:00+05:30,416.7,416.8,416.7,416.8,10150,ITC
2025-06-13 13:44:00+05:30,416.7,416.8,416.35,416.5,407638,ITC
2025-06-13 13:45:00+05:30,416.45,416.65,416.4,416.5,113727,ITC
2025-06-13 13:46:00+05:30,416.45,416.7,416.4,416.6,122598,ITC
2025-06-13 13:47:00+05:30,416.65,416.7,416.25,416.45,353329,ITC
2025-06-13 13:48:00+05:30,416.45,416.5,416.3,416.5,11825,ITC
2025-06-13 13:49:00+05:30,416.45,416.5,416.4,416.5,14759,ITC
2025-06-13 13:50:00+05:30,416.5,416.5,416.4,416.5,79353,ITC
2025-06-13 13:51:00+05:30,416.45,416.5,416.4,416.45,20765,ITC
2025-06-13 13:52:00+05:30,416.5,416.5,416.4,416.45,13579,ITC
2025-06-13 13:53:00+05:30,416.5,416.5,416.4,416.45,9230,ITC
2025-06-13 13:54:00+05:30,416.45,416.5,416.35,416.4,17665,ITC
2025-06-13 13:55:00+05:30,416.4,416.45,415.7,415.8,170498,ITC
2025-06-13 13:56:00+05:30,415.75,416.0,415.7,415.95,11562,ITC
2025-06-13 13:57:00+05:30,415.9,415.95,415.8,415.95,11417,ITC
2025-06-13 13:58:00+05:30,415.9,415.95,415.8,415.85,14312,ITC
2025-06-13 13:59:00+05:30,415.85,416.0,415.8,415.8,11043,ITC
2025-06-13 14:00:00+05:30,415.85,416.0,415.8,415.85,11865,ITC
2025-06-13 14:01:00+05:30,415.85,415.95,415.75,415.85,29592,ITC
2025-06-13 14:02:00+05:30,415.85,415.95,415.75,415.75,12708,ITC
2025-06-13 14:03:00+05:30,415.75,416.0,415.75,415.9,26192,ITC
2025-06-13 14:04:00+05:30,415.75,415.9,415.65,415.85,23935,ITC
2025-06-13 14:05:00+05:30,415.85,415.9,415.65,415.7,34803,ITC
2025-06-13 14:06:00+05:30,415.65,415.9,415.35,415.5,244515,ITC
2025-06-13 14:07:00+05:30,415.4,415.5,415.25,415.4,29237,ITC
2025-06-13 14:08:00+05:30,415.25,415.65,415.25,415.65,26555,ITC
2025-06-13 14:09:00+05:30,415.65,415.65,415.35,415.5,18874,ITC
2025-06-13 14:10:00+05:30,415.4,415.5,415.35,415.5,22218,ITC
2025-06-13 14:11:00+05:30,415.45,415.5,415.4,415.45,18845,ITC
2025-06-13 14:12:00+05:30,415.4,415.5,415.3,415.45,18184,ITC
2025-06-13 14:13:00+05:30,415.35,415.45,415.25,415.4,33179,ITC
2025-06-13 14:14:00+05:30,415.35,415.4,414.6,414.85,316660,ITC
2025-06-13 14:15:00+05:30,414.7,414.85,414.65,414.8,26553,ITC
2025-06-13 14:16:00+05:30,414.85,414.9,414.65,414.9,18090,ITC
2025-06-13 14:17:00+05:30,414.8,415.0,414.75,414.85,25867,ITC
2025-06-13 14:18:00+05:30,414.85,415.0,414.8,414.8,33045,ITC
2025-06-13 14:19:00+05:30,414.9,415.0,414.8,415.0,24629,ITC
2025-06-13 14:20:00+05:30,414.8,415.0,414.75,414.8,23649,ITC
2025-06-13 14:21:00+05:30,414.8,415.0,414.8,414.95,31760,ITC
2025-06-13 14:22:00+05:30,414.95,415.0,414.85,415.0,38501,ITC
2025-06-13 14:23:00+05:30,415.0,415.3,414.95,415.0,62113,ITC
2025-06-13 14:24:00+05:30,415.0,415.0,414.85,414.85,25889,ITC
2025-06-13 14:25:00+05:30,414.85,415.0,414.85,414.85,19566,ITC
2025-06-13 14:26:00+05:30,414.9,415.0,414.8,415.0,19247,ITC
2025-06-13 14:27:00+05:30,415.0,415.0,414.8,415.0,29278,ITC
2025-06-13 14:28:00+05:30,415.0,415.0,414.8,415.0,18476,ITC
2025-06-13 14:29:00+05:30,414.95,415.0,414.8,414.95,23192,ITC
2025-06-13 14:30:00+05:30,415.0,415.0,414.8,415.0,21607,ITC
2025-06-13 14:31:00+05:30,415.0,415.0,414.8,415.0,27517,ITC
2025-06-13 14:32:00+05:30,415.0,415.15,414.8,414.8,56845,ITC
2025-06-13 14:33:00+05:30,414.95,415.0,414.5,414.8,97064,ITC
2025-06-13 14:34:00+05:30,414.8,414.9,414.35,414.45,172540,ITC
2025-06-13 14:35:00+05:30,414.45,414.5,414.2,414.4,65009,ITC
2025-06-13 14:36:00+05:30,414.3,414.5,414.25,414.4,21713,ITC
2025-06-13 14:37:00+05:30,414.45,414.5,414.2,414.35,30282,ITC
2025-06-13 14:38:00+05:30,414.3,414.45,414.25,414.45,25900,ITC
2025-06-13 14:39:00+05:30,414.35,414.45,414.0,414.35,111840,ITC
2025-06-13 14:40:00+05:30,414.4,414.45,414.3,414.3,22727,ITC
2025-06-13 14:41:00+05:30,414.35,414.6,414.3,414.55,16857,ITC
2025-06-13 14:42:00+05:30,414.5,414.55,414.35,414.35,25276,ITC
2025-06-13 14:43:00+05:30,414.35,414.5,414.3,414.45,17837,ITC
2025-06-13 14:44:00+05:30,414.45,414.55,414.3,414.4,27371,ITC
2025-06-13 14:45:00+05:30,414.4,414.55,414.25,414.5,20044,ITC
2025-06-13 14:46:00+05:30,414.5,414.6,414.35,414.6,24509,ITC
2025-06-13 14:47:00+05:30,414.6,414.65,414.45,414.6,13455,ITC
2025-06-13 14:48:00+05:30,414.6,414.7,414.5,414.65,16163,ITC
2025-06-13 14:49:00+05:30,414.6,414.7,414.5,414.5,13575,ITC
2025-06-13 14:50:00+05:30,414.6,414.7,414.5,414.5,25607,ITC
2025-06-13 14:51:00+05:30,414.5,414.75,414.5,414.75,15712,ITC
2025-06-13 14:52:00+05:30,414.75,414.75,414.55,414.7,23057,ITC
2025-06-13 14:53:00+05:30,414.6,414.75,414.5,414.6,19912,ITC
2025-06-13 14:54:00+05:30,414.6,414.7,414.5,414.5,16905,ITC
2025-06-13 14:55:00+05:30,414.6,414.65,414.45,414.55,18936,ITC
2025-06-13 14:56:00+05:30,414.6,414.65,414.45,414.55,16008,ITC
2025-06-13 14:57:00+05:30,414.55,414.55,414.1,414.2,50314,ITC
2025-06-13 14:58:00+05:30,414.2,414.25,413.75,413.8,121235,ITC
2025-06-13 14:59:00+05:30,413.8,414.05,413.7,414.05,33777,ITC
2025-06-13 15:00:00+05:30,414.05,414.1,413.85,414.1,56811,ITC
2025-06-13 15:01:00+05:30,414.1,414.25,413.75,414.2,74152,ITC
2025-06-13 15:02:00+05:30,414.2,414.2,414.0,414.05,72022,ITC
2025-06-13 15:03:00+05:30,414.0,414.15,413.85,414.1,74009,ITC
2025-06-13 15:04:00+05:30,414.15,414.25,414.0,414.25,57810,ITC
2025-06-13 15:05:00+05:30,414.25,414.35,414.15,414.2,64593,ITC
2025-06-13 15:06:00+05:30,414.2,414.3,414.0,414.05,73592,ITC
2025-06-13 15:07:00+05:30,414.05,414.05,413.95,414.0,57217,ITC
2025-06-13 15:08:00+05:30,414.0,414.05,413.9,414.0,57479,ITC
2025-06-13 15:09:00+05:30,414.0,414.45,413.9,413.95,254547,ITC
2025-06-13 15:10:00+05:30,413.95,414.0,413.9,413.95,71503,ITC
2025-06-13 15:11:00+05:30,413.95,413.95,413.75,413.8,85031,ITC
2025-06-13 15:12:00+05:30,413.75,413.95,413.75,413.9,93502,ITC
2025-06-13 15:13:00+05:30,413.95,414.0,413.8,414.0,68465,ITC
2025-06-13 15:14:00+05:30,413.95,414.0,413.8,414.0,55100,ITC
2025-06-13 15:15:00+05:30,414.0,414.0,413.85,414.0,76145,ITC
2025-06-13 15:16:00+05:30,414.0,414.05,413.9,414.0,118197,ITC
2025-06-13 15:17:00+05:30,414.0,414.0,413.9,414.0,63656,ITC
2025-06-13 15:18:00+05:30,413.95,414.0,413.85,414.0,83526,ITC
2025-06-13 15:19:00+05:30,414.0,414.0,413.8,413.95,73859,ITC
2025-06-13 15:20:00+05:30,413.95,414.0,413.55,413.9,147966,ITC
2025-06-13 15:21:00+05:30,413.9,413.9,413.75,413.85,46413,ITC
2025-06-13 15:22:00+05:30,413.9,413.95,413.75,413.9,66887,ITC
2025-06-13 15:23:00+05:30,413.9,413.95,413.8,413.85,77233,ITC
2025-06-13 15:24:00+05:30,413.85,413.95,413.75,413.8,110269,ITC
2025-06-13 15:25:00+05:30,413.8,413.95,413.7,413.85,171316,ITC
2025-06-13 15:26:00+05:30,413.8,413.85,413.5,413.8,167018,ITC
2025-06-13 15:27:00+05:30,413.8,413.95,413.6,413.75,107772,ITC
2025-06-13 15:28:00+05:30,413.8,414.05,413.75,413.95,109576,ITC
2025-06-13 15:29:00+05:30,414.0,414.0,413.7,413.95,56496,ITC
